review_id,hotel_id,hotel_name,area,review_rating,rating_group,review_date_raw,review_date,review_year,review_month,review_year_month,review_date_is_approximate,review_is_edited,review_text,review_text_clean,review_char_count,review_word_count,review_text_is_metadata_artifact,review_source,google_travel_entity_id,collected_at,quality_flags
gm_958d95b2117abe03,BOD103,Green Bay Resort & Spa Bodrum,Güvercinlik,1,LOW,Google üzerinde 4 hafta önce,2026-07-28,2026,7,2026-07,True,False,"17 Temmuz tarihinde ailemle birlikte bu otelde konakladık. Maalesef daha ilk dakikalardan itibaren yaşadığımız deneyimler nedeniyle tatilimiz beklentimizin oldukça altında kaldı.
Otele giriş yaptıktan sonra odamızın 15-20 dakika içinde hazır olacağı söylenerek restorana yönlendirildik. Ancak restoranda karşılaştığımız manzara hiç hoş değildi. Birçok masada kirli tabak ve bardaklar duruyordu. İçeceklerimiz geldiğinde bardaklardan biri yıkanmamıştı, çorba kaselerinde kalıntılar vardı ve salatanın içinde toprak ile yabancı maddeler gördük. Durumu mutfak şefine ilettim, ilk kez yaşandığını söyledi ancak ilk günden hijyen konusunda güvenimiz sarsıldı.
Yaşananlardan sonra tatili iptal etmeyi düşündük. Ancak o dönem bölgede otel bulmak çok zordu ve bulabildiklerimiz yaklaşık 80-100 bin TL daha pahalıydı. Bu nedenle konaklamaya devam etmek zorunda kaldık.
Odamız temizdi ve bu konuda bir sorun yaşamadık. Fakat bize “sessiz oda” denilmesine rağmen çocuk aquaparkının hemen yanında konakladık. Her akşam yaklaşık 21.00’de başlayan müzik 23.00-23.30’a kadar sürdü ve odanın içinde hissedilecek kadar yüksekti.
Yemek çeşitliliği ve kalitesi de beklentimizin altındaydı. Dört akşam boyunca ızgara bölümünde neredeyse aynı menü vardı. Saat 20.30 civarında tatlılar bitiyor, neden yenilenmediğini sorduğumuzda ise “Bu saatten sonra gelen olmaz.” cevabını alıyorduk. Açık büfe bölümünde sinekler dolaşıyordu. Ayrıca bazı personelin servis sırasında kaşık veya maşa yerine eliyle yiyeceklere temas ettiğini gördüm. Uyardığımda bunun doğru olmadığını kabul etmelerine rağmen uygulama devam etti. Bu durum beni en çok rahatsız eden konulardan biri oldu.
Barda şişe soda istediğinizde “yok” deniliyor ancak bazı misafirlere veya görevlilere verildiğini görüyorsunuz. Bu da hizmet standardı açısından hoş bir izlenim bırakmadı.
Olumlu yönleri de söylemek isterim. Otelin koy içinde, ormanla iç içe konumu gerçekten çok güzel. Odamız her gün düzenli şekilde temizlendi. En büyük teşekkürü ise otelde canla başla çalışan genç personele etmek isterim. Sabah akşam aynı arkadaşları gördük; yoğun tempoya rağmen güler yüzlerini korumaya çalışıyorlardı. Yaşanan aksaklıkların sorumluluğunu onlara yüklemek doğru olmaz.
Açıkçası ETS Tur’daki 8,6 puanı görünce şaşırdım. Bu tamamen benim kişisel deneyimimdir ancak yaşadıklarımız doğrultusunda otelin 7,0-7,2 seviyesinde bir puanı daha gerçekçi yansıtacağını düşünüyorum. ETS Tur’un da bu tür tesislerde düzenli ve bağımsız kalite denetimleri yapmasının faydalı olacağı kanaatindeyim.
Sonuç olarak bu tesisi tekrar tercih etmem. Benzer bir tatilde imkânım varsa biraz daha fazla ödeyip farklı bir oteli seçerim. Çünkü tatilde en önemli beklentim hijyen, hizmet kalitesi ve misafire verilen değerdir. Maalesef bu konularda beklentilerimizi karşılayamadı.","17 Temmuz tarihinde ailemle birlikte bu otelde konakladık. Maalesef daha ilk dakikalardan itibaren yaşadığımız deneyimler nedeniyle tatilimiz beklentimizin oldukça altında kaldı. Otele giriş yaptıktan sonra odamızın 15-20 dakika içinde hazır olacağı söylenerek restorana yönlendirildik. Ancak restoranda karşılaştığımız manzara hiç hoş değildi. Birçok masada kirli tabak ve bardaklar duruyordu. İçeceklerimiz geldiğinde bardaklardan biri yıkanmamıştı, çorba kaselerinde kalıntılar vardı ve salatanın içinde toprak ile yabancı maddeler gördük. Durumu mutfak şefine ilettim, ilk kez yaşandığını söyledi ancak ilk günden hijyen konusunda güvenimiz sarsıldı. Yaşananlardan sonra tatili iptal etmeyi düşündük. Ancak o dönem bölgede otel bulmak çok zordu ve bulabildiklerimiz yaklaşık 80-100 bin TL daha pahalıydı. Bu nedenle konaklamaya devam etmek zorunda kaldık. Odamız temizdi ve bu konuda bir sorun yaşamadık. Fakat bize “sessiz oda” denilmesine rağmen çocuk aquaparkının hemen yanında konakladık. Her akşam yaklaşık 21.00’de başlayan müzik 23.00-23.30’a kadar sürdü ve odanın içinde hissedilecek kadar yüksekti. Yemek çeşitliliği ve kalitesi de beklentimizin altındaydı. Dört akşam boyunca ızgara bölümünde neredeyse aynı menü vardı. Saat 20.30 civarında tatlılar bitiyor, neden yenilenmediğini sorduğumuzda ise “Bu saatten sonra gelen olmaz.” cevabını alıyorduk. Açık büfe bölümünde sinekler dolaşıyordu. Ayrıca bazı personelin servis sırasında kaşık veya maşa yerine eliyle yiyeceklere temas ettiğini gördüm. Uyardığımda bunun doğru olmadığını kabul etmelerine rağmen uygulama devam etti. Bu durum beni en çok rahatsız eden konulardan biri oldu. Barda şişe soda istediğinizde “yok” deniliyor ancak bazı misafirlere veya görevlilere verildiğini görüyorsunuz. Bu da hizmet standardı açısından hoş bir izlenim bırakmadı. Olumlu yönleri de söylemek isterim. Otelin koy içinde, ormanla iç içe konumu gerçekten çok güzel. Odamız her gün düzenli şekilde temizlendi. En büyük teşekkürü ise otelde canla başla çalışan genç personele etmek isterim. Sabah akşam aynı arkadaşları gördük; yoğun tempoya rağmen güler yüzlerini korumaya çalışıyorlardı. Yaşanan aksaklıkların sorumluluğunu onlara yüklemek doğru olmaz. Açıkçası ETS Tur’daki 8,6 puanı görünce şaşırdım. Bu tamamen benim kişisel deneyimimdir ancak yaşadıklarımız doğrultusunda otelin 7,0-7,2 seviyesinde bir puanı daha gerçekçi yansıtacağını düşünüyorum. ETS Tur’un da bu tür tesislerde düzenli ve bağımsız kalite denetimleri yapmasının faydalı olacağı kanaatindeyim. Sonuç olarak bu tesisi tekrar tercih etmem. Benzer bir tatilde imkânım varsa biraz daha fazla ödeyip farklı bir oteli seçerim. Çünkü tatilde en önemli beklentim hijyen, hizmet kalitesi ve misafire verilen değerdir. Maalesef bu konularda beklentilerimizi karşılayamadı.",2787,364,False,Google,CgsIxKPyr6zq4ZTeARAB,2026-08-25T12:30:47+00:00,OK
gm_32a4dcf8e7459184,BOD103,Green Bay Resort & Spa Bodrum,Güvercinlik,1,LOW,Tripadvisor üzerinde bir ay önce,2026-07-26,2026,7,2026-07,True,False,"BU OTELDE CİDDİ HİJYEN PROBLEMLERİ VAR VE LÜTFEN BURAYA GİDECEKLER DİKKAT ETSİN. ASLA TAVSİYE ETMİYORUM.|Öncelikle otelde çok ciddi problemler var. Hijyen en başta geliyor her taraf ama her taraf kara sinek, sivrisinek. …","BU OTELDE CİDDİ HİJYEN PROBLEMLERİ VAR VE LÜTFEN BURAYA GİDECEKLER DİKKAT ETSİN. ASLA TAVSİYE ETMİYORUM.|Öncelikle otelde çok ciddi problemler var. Hijyen en başta geliyor her taraf ama her taraf kara sinek, sivrisinek. ...",223,33,False,Tripadvisor,CgsIxKPyr6zq4ZTeARAB,2026-08-25T12:30:47+00:00,OK
gm_29629a35544743c1,BOD103,Green Bay Resort & Spa Bodrum,Güvercinlik,5,HIGH,Google üzerinde bir ay önce,2026-07-26,2026,7,2026-07,True,False,"Haziran ayı sonunda bir konaklama gerçekleştirdik, odamıza giriş saatinden daha erken giriş yaptık bu güzel bir durumdu hotelden genel anlamda epey memnun kaldım fiyat performans diyebilirim.
1- Hotelin denizi muazzam dalgasız ve su durgun ayrıca epey berraktı, plajda şezlong ve şemsiyeleri rahatça yer bulabilirsiniz.
2- Hotelin özel bir koy içerisinde yer alması sessiz sakin ve huzurlu bir ortam oluşturuyor. Peyzajı göze hoş geliyor etraf temizdi.
3- Alkol konusunda cin ve votka için Gilbey’s markasını kullandıklarını gördüm viski için J&B ve Johnnie Walker Red Label mevcuttu bira olarak fıçı bira servis ediliyordu gayet yeterliydi. Kokteyl menüsü yapmalarını gayet olumlu buldum seçenekleri mevcuttu.
4- Yemek konusunda ızgara bölümünde genellikle öğle ve akşam yemeklerinde dana köfte ve balık sabitti ayrıca yanına tavuk veya hindi çıkarılıyordu bir gün ise dana ciğer sunumu yapılmıştı. Mezeleri çeşitli ve lezzetliydi. Meyve seçenekleri farklı farklıydı. Tatlı bölümüne epey özeniliyordu baklava çeşitleri ve diğer farklı tatlılar bolca sunuluyordu. Dondurmaları gayet iyiydi. Snack restoranı A’La Carte hizmet veriyordu biz pizza, fettucini alfredo ve tavuk wrap söylemiştik gayet lezzetli geldi.
5- Odaları gayet yeterliydi mini buz dolabı güzel soğutuyordu yatak rahattı genel oda ambiyansı yeni bir tasarım olmadığı belliydi fakat oda temizliği her gün kapıya hizmete geldi biz memnun kaldık.
6- Hotelin öğlen animasyonları vardı ayrıca plajın bir bölümünde müzik çalıyordu akşam vakti de çeşitli animasyonlar mevcuttu.
7- Genel çalışan tavırları gayet iyiydi kibar konuşuyorlar. Yiyecek ve içecek alırken sıra beklemiyorsunuz. Ayrıca hotelde plaja yakın iki adet büyük bar olması epey iyiydi. Oturma alanları gayet yeterliydi her zaman boş masa bulunuyordu.
Son değerlendirme olarak kesinlikle tekrar gelebileceğim bir işletme özenli ve titiz bir yer, verdiğim ücretin karşılığını aldığım için ayrıca Green Bay Resort Hotel’e teşekkür ederim.","Haziran ayı sonunda bir konaklama gerçekleştirdik, odamıza giriş saatinden daha erken giriş yaptık bu güzel bir durumdu hotelden genel anlamda epey memnun kaldım fiyat performans diyebilirim. 1- Hotelin denizi muazzam dalgasız ve su durgun ayrıca epey berraktı, plajda şezlong ve şemsiyeleri rahatça yer bulabilirsiniz. 2- Hotelin özel bir koy içerisinde yer alması sessiz sakin ve huzurlu bir ortam oluşturuyor. Peyzajı göze hoş geliyor etraf temizdi. 3- Alkol konusunda cin ve votka için Gilbey’s markasını kullandıklarını gördüm viski için J&B ve Johnnie Walker Red Label mevcuttu bira olarak fıçı bira servis ediliyordu gayet yeterliydi. Kokteyl menüsü yapmalarını gayet olumlu buldum seçenekleri mevcuttu. 4- Yemek konusunda ızgara bölümünde genellikle öğle ve akşam yemeklerinde dana köfte ve balık sabitti ayrıca yanına tavuk veya hindi çıkarılıyordu bir gün ise dana ciğer sunumu yapılmıştı. Mezeleri çeşitli ve lezzetliydi. Meyve seçenekleri farklı farklıydı. Tatlı bölümüne epey özeniliyordu baklava çeşitleri ve diğer farklı tatlılar bolca sunuluyordu. Dondurmaları gayet iyiydi. Snack restoranı A’La Carte hizmet veriyordu biz pizza, fettucini alfredo ve tavuk wrap söylemiştik gayet lezzetli geldi. 5- Odaları gayet yeterliydi mini buz dolabı güzel soğutuyordu yatak rahattı genel oda ambiyansı yeni bir tasarım olmadığı belliydi fakat oda temizliği her gün kapıya hizmete geldi biz memnun kaldık. 6- Hotelin öğlen animasyonları vardı ayrıca plajın bir bölümünde müzik çalıyordu akşam vakti de çeşitli animasyonlar mevcuttu. 7- Genel çalışan tavırları gayet iyiydi kibar konuşuyorlar. Yiyecek ve içecek alırken sıra beklemiyorsunuz. Ayrıca hotelde plaja yakın iki adet büyük bar olması epey iyiydi. Oturma alanları gayet yeterliydi her zaman boş masa bulunuyordu. Son değerlendirme olarak kesinlikle tekrar gelebileceğim bir işletme özenli ve titiz bir yer, verdiğim ücretin karşılığını aldığım için ayrıca Green Bay Resort Hotel’e teşekkür ederim.",1961,275,False,Google,CgsIxKPyr6zq4ZTeARAB,2026-08-25T12:30:47+00:00,OK
gm_250a237220c3eedb,BOD103,Green Bay Resort & Spa Bodrum,Güvercinlik,5,HIGH,Trip.com üzerinde bir yıl önce,2025-08-25,2025,8,2025-08,True,False,"Her shey chok guzeldi,bir tek odada karincalarin olmasi rahatsiz etdi,bir de alakart restoranlari kullanamdik,onunla ilgilenen bayan hich yerinde tutamadik,sicak havada cocukla da bizim binadan ana binaya gunde 3-4 kes gidemezdjm yerinde …","Her shey chok guzeldi,bir tek odada karincalarin olmasi rahatsiz etdi,bir de alakart restoranlari kullanamdik,onunla ilgilenen bayan hich yerinde tutamadik,sicak havada cocukla da bizim binadan ana binaya gunde 3-4 kes gidemezdjm yerinde ...",241,32,False,Trip.com,CgsIxKPyr6zq4ZTeARAB,2026-08-25T12:30:47+00:00,OK
gm_2ebe1b7471aff577,BOD103,Green Bay Resort & Spa Bodrum,Güvercinlik,2,LOW,Google üzerinde 3 hafta önce,2026-08-04,2026,8,2026-08,True,False,"Otelde geçirdiğimiz tatil maalesef beklentilerimizi tam olarak karşılamadı.
En büyük sorunlardan biri restoran bölümündeydi. Sabah, öğle ve akşam yemeklerinde neredeyse her gün aynı menüler sunuluyordu. Birçok otelde farklı günlerde İtalyan, Meksika veya yöresel mutfaklar gibi tematik akşamlar düzenlenirken burada hiçbir çeşitlilik yoktu. Farklı lezzetler denemek isteyenler için hayal kırıklığı yaratabilir.
Restorandaki hijyen de yeterli değildi. Tabaklar sık sık kirli şekilde servis ediliyordu. Muhtemelen bulaşık makinesinden çıktıktan sonra kontrol edilmeden kullanıma sunuluyor. Bu durum hijyen açısından oldukça rahatsız ediciydi.
Deniz, koy olarak güzel bir konumda olsa da tabanı kumlu olduğu için en ufak harekette kum kalkıyor ve su bulanıklaşıyor. Ayrıca deniz kısa mesafede hızla derinleşiyor. Bu nedenle berrak deniz sevenler ve küçük çocuklu aileler için çok uygun olmayabilir.
Mini Club ve çocuk animasyonları oldukça yetersizdi. Görevlilerin çocuklara karşı yaklaşımını sıcak ve ilgili bulmadık. Programda belirtilen etkinlikler çoğu zaman saatinde başlamıyordu. Örneğin 11.30’da başlaması gereken bir etkinlik için alana gittiğimizde görevli bulunmuyordu; daha sonra geliyordu. Bu nedenle çocuklar için planlanan aktiviteler düzenli şekilde gerçekleştirilmiyordu.
Genel olarak otelde aktivite seçenekleri de oldukça sınırlıydı. Spor etkinlikleri ve animasyon programları hem azdı hem de beş yıldızlı bir otelden beklenen kalite ve organizasyon düzeyinde değildi.
Aquaparkın da gün boyunca sürekli açık olmaması bizim için dezavantajdı. Sadece 10.00–12.00 ile 14.00–16.00 saatleri arasında hizmet veriyor, diğer saatlerde kapalı oluyor. Ayrıca boy sınırı nedeniyle çocuğumuz ilk etapta aquaparkı kullanamıyordu. Ancak bu konuda Misafir İlişkileri’nden Pırıl Hanım bizimle yakından ilgilendi, çözüm odaklı davrandı ve kullanım konusunda yardımcı oldu. Kendisine özellikle teşekkür etmek isteriz. Tatilimiz boyunca memnun kaldığımız olumlu noktalardan biri buydu.
Odalardaki yataklar oldukça rahatsızdı ve konfor açısından beklentimizi karşılamadı.
Personel konusunda da,. Cankurtaranlar ve bazı servis personelleri yeterince profesyonel değildi. Özellikle bazı garsonların misafirlere hitap şekli kaba ve özensizdi. Örneğin “Bardağı uzatın, doldurayım.” gibi ifadeler kullanmaları beş yıldızlı bir otelde beklediğimiz hizmet anlayışıyla örtüşmüyordu.
Genel olarak otel, beş yıldızlı bir tesisten beklediğimiz hizmet kalitesini sunamadı. Yemek çeşitliliği, hijyen, çocuk aktiviteleri, animasyon ekibi, personel yaklaşımı ve organizasyon açısından ciddi iyileştirmelere ihtiyaç olduğunu düşünüyorum. Buna karşın, Misafir İlişkileri’nden Pırıl Hanım’ın çözüm odaklı yaklaşımı ve ilgisi olumlu bir izlenim bıraktı.","Otelde geçirdiğimiz tatil maalesef beklentilerimizi tam olarak karşılamadı. En büyük sorunlardan biri restoran bölümündeydi. Sabah, öğle ve akşam yemeklerinde neredeyse her gün aynı menüler sunuluyordu. Birçok otelde farklı günlerde İtalyan, Meksika veya yöresel mutfaklar gibi tematik akşamlar düzenlenirken burada hiçbir çeşitlilik yoktu. Farklı lezzetler denemek isteyenler için hayal kırıklığı yaratabilir. Restorandaki hijyen de yeterli değildi. Tabaklar sık sık kirli şekilde servis ediliyordu. Muhtemelen bulaşık makinesinden çıktıktan sonra kontrol edilmeden kullanıma sunuluyor. Bu durum hijyen açısından oldukça rahatsız ediciydi. Deniz, koy olarak güzel bir konumda olsa da tabanı kumlu olduğu için en ufak harekette kum kalkıyor ve su bulanıklaşıyor. Ayrıca deniz kısa mesafede hızla derinleşiyor. Bu nedenle berrak deniz sevenler ve küçük çocuklu aileler için çok uygun olmayabilir. Mini Club ve çocuk animasyonları oldukça yetersizdi. Görevlilerin çocuklara karşı yaklaşımını sıcak ve ilgili bulmadık. Programda belirtilen etkinlikler çoğu zaman saatinde başlamıyordu. Örneğin 11.30’da başlaması gereken bir etkinlik için alana gittiğimizde görevli bulunmuyordu; daha sonra geliyordu. Bu nedenle çocuklar için planlanan aktiviteler düzenli şekilde gerçekleştirilmiyordu. Genel olarak otelde aktivite seçenekleri de oldukça sınırlıydı. Spor etkinlikleri ve animasyon programları hem azdı hem de beş yıldızlı bir otelden beklenen kalite ve organizasyon düzeyinde değildi. Aquaparkın da gün boyunca sürekli açık olmaması bizim için dezavantajdı. Sadece 10.00–12.00 ile 14.00–16.00 saatleri arasında hizmet veriyor, diğer saatlerde kapalı oluyor. Ayrıca boy sınırı nedeniyle çocuğumuz ilk etapta aquaparkı kullanamıyordu. Ancak bu konuda Misafir İlişkileri’nden Pırıl Hanım bizimle yakından ilgilendi, çözüm odaklı davrandı ve kullanım konusunda yardımcı oldu. Kendisine özellikle teşekkür etmek isteriz. Tatilimiz boyunca memnun kaldığımız olumlu noktalardan biri buydu. Odalardaki yataklar oldukça rahatsızdı ve konfor açısından beklentimizi karşılamadı. Personel konusunda da,. Cankurtaranlar ve bazı servis personelleri yeterince profesyonel değildi. Özellikle bazı garsonların misafirlere hitap şekli kaba ve özensizdi. Örneğin “Bardağı uzatın, doldurayım.” gibi ifadeler kullanmaları beş yıldızlı bir otelde beklediğimiz hizmet anlayışıyla örtüşmüyordu. Genel olarak otel, beş yıldızlı bir tesisten beklediğimiz hizmet kalitesini sunamadı. Yemek çeşitliliği, hijyen, çocuk aktiviteleri, animasyon ekibi, personel yaklaşımı ve organizasyon açısından ciddi iyileştirmelere ihtiyaç olduğunu düşünüyorum. Buna karşın, Misafir İlişkileri’nden Pırıl Hanım’ın çözüm odaklı yaklaşımı ve ilgisi olumlu bir izlenim bıraktı.",2729,338,False,Google,CgsIxKPyr6zq4ZTeARAB,2026-08-25T12:30:47+00:00,OK
gm_325e852f14f564d0,BOD103,Green Bay Resort & Spa Bodrum,Güvercinlik,1,LOW,Google üzerinde bir ay önce,2026-07-26,2026,7,2026-07,True,False,"Merhaba, otelin tek iyi yani denizi ve plajı diger her sey vasat hatta sinir bozucu sekilde kötü. Odada mobilyaların üstü yapış yapış, 4 kisi 7 gece konakladıgımız odada sadece 1 kanat dolap vardı esyalarımızı yerlestiremedik, bavuldan cıkarıp giyinmek zorunda kaldık. Odadaki tv de sadece 1 cocuk kanalı var. Otel koridoru halı kaplı üstü envai cesit leke dolu ve berbat pis gözüküyor. Bir aksam sular kesildi bir kac kez elektrikler gitti geldi. Yemekler fena degil bir sekilde doyuluyor, fakat otel kapasitesine göre masa sayısı az yemek zamanında masa bulmak icim elinizde tabak dolasıyorsunuz. Çalısanlar gözle görülür sekilde suratsız ve mutsuz. Bir tek Buse hanım yüzünde güllerle karsıladı bizi, kendisine tesekkür ediyorum. 2 havuz var birine cocukları sokmuyorlar bebekler icin ayrı bir havuzlari da yok 1 haftada 2 kez cocuk havuzu kapandı. Kaydıraga 120 cm altı izin verilmiyormus. Sırf kaydıragı var diye tercih ettigimiz otelde cocukları kaydırak kısmına sokamıyorduk. Bu kadar güvenlik önlemi almaya kalkan isletme, kaydıragın tepesinde calısan tutmuyor, herkes kafasına göre kayıyor. Özetle otelin kafası karısık cocuk dostu olsam mı olmasam mı karar verememis.İlk defa bir tatilimde az gün kaldı diye üzülmek yerine daha kac gün kaldı diye saydım. Çok memnuniyetsiz ve mutsuz ayrılıyoruz.","Merhaba, otelin tek iyi yani denizi ve plajı diger her sey vasat hatta sinir bozucu sekilde kötü. Odada mobilyaların üstü yapış yapış, 4 kisi 7 gece konakladıgımız odada sadece 1 kanat dolap vardı esyalarımızı yerlestiremedik, bavuldan cıkarıp giyinmek zorunda kaldık. Odadaki tv de sadece 1 cocuk kanalı var. Otel koridoru halı kaplı üstü envai cesit leke dolu ve berbat pis gözüküyor. Bir aksam sular kesildi bir kac kez elektrikler gitti geldi. Yemekler fena degil bir sekilde doyuluyor, fakat otel kapasitesine göre masa sayısı az yemek zamanında masa bulmak icim elinizde tabak dolasıyorsunuz. Çalısanlar gözle görülür sekilde suratsız ve mutsuz. Bir tek Buse hanım yüzünde güllerle karsıladı bizi, kendisine tesekkür ediyorum. 2 havuz var birine cocukları sokmuyorlar bebekler icin ayrı bir havuzlari da yok 1 haftada 2 kez cocuk havuzu kapandı. Kaydıraga 120 cm altı izin verilmiyormus. Sırf kaydıragı var diye tercih ettigimiz otelde cocukları kaydırak kısmına sokamıyorduk. Bu kadar güvenlik önlemi almaya kalkan isletme, kaydıragın tepesinde calısan tutmuyor, herkes kafasına göre kayıyor. Özetle otelin kafası karısık cocuk dostu olsam mı olmasam mı karar verememis.İlk defa bir tatilimde az gün kaldı diye üzülmek yerine daha kac gün kaldı diye saydım. Çok memnuniyetsiz ve mutsuz ayrılıyoruz.",1305,194,False,Google,CgsIxKPyr6zq4ZTeARAB,2026-08-25T12:30:48+00:00,OK
gm_8b2ef0042157feb6,BOD103,Green Bay Resort & Spa Bodrum,Güvercinlik,4,HIGH,Google üzerinde 2 ay önce,2026-06-26,2026,6,2026-06,True,False,"14-17 Haziran olmak üzere toplam 3 gece 4 gün bu otelde konakladık. Çıkacağımız gün uçak biletimiz akşam 19.30 olduğu için check out işleminden sonra saat 17.00 a kadar tesisin tüm imkanlarından sorunsuz bi şekilde faydalandık. Odalar çok yepyeni değil ama gayet yeterli ve ferah. Personel ilgili ve güleryüzlü. Snack bar kusursuz değil ama yeterli. Plaj temiz ve yer şezlong bulma sıkıntısı yok. Deniz temiz ama hafif bulanık fakat biraz çabuk derinleşiyor. Plaj, adult havuz, aqua havuz restoran, 4-8 bar, Lobi gibi yerlerde sürekli alkol, tatlı ve yemek servisi var. Genel olarak çok güzel ve yeterli bi tesis. Kahvaltı çok çeşitli ve güzel. Ancak her şeyi bu kadar güzel olan otelin akşam yemeği nasıl bu kadar kötü olabilir hayret içindeyim. Yani bi akşam bile güzel bir yemek yiyemedik. Çeşit konusunda yetersiz diyemem bence çeşitli seçenekler var ancak her şey inanılmaz lezzetsiz. Dümdüz pilav makarna bile tatsız. Otelden ayrılmadan bi akşam önce sadece risksiz karnımızı doyuracak şeyler aldık aç kalmamak için ama çorba mantı köri soslu tavuk gibi mahalle arası esnaf lokantalarında bile iyisini bulduğunuz yemekler dahi yenmeyecek kadar tatsız. Bunun dışında her şeyiyle çok memnun kaldığımız ve iyi hissettiğimiz bi tatil oldu. Umarım restoran kısmına çare bulunup tesise yakışan bi seviyeye geldiği günlerde tekrar buluşuruz 🙏🏻","14-17 Haziran olmak üzere toplam 3 gece 4 gün bu otelde konakladık. Çıkacağımız gün uçak biletimiz akşam 19.30 olduğu için check out işleminden sonra saat 17.00 a kadar tesisin tüm imkanlarından sorunsuz bi şekilde faydalandık. Odalar çok yepyeni değil ama gayet yeterli ve ferah. Personel ilgili ve güleryüzlü. Snack bar kusursuz değil ama yeterli. Plaj temiz ve yer şezlong bulma sıkıntısı yok. Deniz temiz ama hafif bulanık fakat biraz çabuk derinleşiyor. Plaj, adult havuz, aqua havuz restoran, 4-8 bar, Lobi gibi yerlerde sürekli alkol, tatlı ve yemek servisi var. Genel olarak çok güzel ve yeterli bi tesis. Kahvaltı çok çeşitli ve güzel. Ancak her şeyi bu kadar güzel olan otelin akşam yemeği nasıl bu kadar kötü olabilir hayret içindeyim. Yani bi akşam bile güzel bir yemek yiyemedik. Çeşit konusunda yetersiz diyemem bence çeşitli seçenekler var ancak her şey inanılmaz lezzetsiz. Dümdüz pilav makarna bile tatsız. Otelden ayrılmadan bi akşam önce sadece risksiz karnımızı doyuracak şeyler aldık aç kalmamak için ama çorba mantı köri soslu tavuk gibi mahalle arası esnaf lokantalarında bile iyisini bulduğunuz yemekler dahi yenmeyecek kadar tatsız. Bunun dışında her şeyiyle çok memnun kaldığımız ve iyi hissettiğimiz bi tatil oldu. Umarım restoran kısmına çare bulunup tesise yakışan bi seviyeye geldiği günlerde tekrar buluşuruz 🙏🏻",1342,205,False,Google,CgsIxKPyr6zq4ZTeARAB,2026-08-25T12:30:48+00:00,OK
gm_aa40876070668f6d,BOD103,Green Bay Resort & Spa Bodrum,Güvercinlik,2,LOW,Google üzerinde 2 hafta önce,2026-08-11,2026,8,2026-08,True,False,Uhd veya tam pansiyon konsept gittiğim oteller içinde en kötüsü diyebilirim. Konumu bulunduğu koy ve çevresinde başka tesis bulunmaması sebebiyle çok iyi. Ancak otel yapısı ve hizmeti çok kötü. Odalar 90'lardan kalmış gibi. Mobilyalar o kadar eski ki boyamışlar ama onda da yanlış boya seçmişler. Üzerine koyduğunuz şeyler yapışıyor. Yataklar eski. Binanın asansörü tabut gibi. Koridorlarda zemin halısında birçok yerde lekeler gördüm. Yemek çeşitliliği yapmaya çalışmışlar ama kullanılan malzemeler ve pişirme o kadar kötü ki hiç tat almıyorsunuz. Uhd konsept bir otelde ilk kez bir yemek bitince yenisinin koyulmadığını gördüm. Yetişemezseniz kalmıyor. Alkollü İçecekler en ucuz markalardan seçilmiş. Sipariş vermek için sıra bekliyorsunuz . Alınca da bunun için mi bekledim dersiniz. Sosyal aktivitelerden haberiniz olmuyor. Bir pano var. Oradan takip etmeniz lazım. Çalışan sayısı az olduğu için personel telef olmuş. Yorgunlukları yüzlerinden belli okuyor. Patlamış mısır ve pamuk şeker var ama parayla:) otelde kim yanında parayla gezer. 2 havuz var çok küçükler. Denize yakın olanı adult pool yapmışlar. Uzak olan herkese açık. Aquapark var ama havuz derinliği çok az. Kaydığınızda ayağınız yere çarpıyor. Otelin sağlam bir yenilenmeye ihtiyacı var. Bu haliyle mdeyeceğiniz paraya değmeyecek bir hixmet alıyorsunuz.,Uhd veya tam pansiyon konsept gittiğim oteller içinde en kötüsü diyebilirim. Konumu bulunduğu koy ve çevresinde başka tesis bulunmaması sebebiyle çok iyi. Ancak otel yapısı ve hizmeti çok kötü. Odalar 90'lardan kalmış gibi. Mobilyalar o kadar eski ki boyamışlar ama onda da yanlış boya seçmişler. Üzerine koyduğunuz şeyler yapışıyor. Yataklar eski. Binanın asansörü tabut gibi. Koridorlarda zemin halısında birçok yerde lekeler gördüm. Yemek çeşitliliği yapmaya çalışmışlar ama kullanılan malzemeler ve pişirme o kadar kötü ki hiç tat almıyorsunuz. Uhd konsept bir otelde ilk kez bir yemek bitince yenisinin koyulmadığını gördüm. Yetişemezseniz kalmıyor. Alkollü İçecekler en ucuz markalardan seçilmiş. Sipariş vermek için sıra bekliyorsunuz . Alınca da bunun için mi bekledim dersiniz. Sosyal aktivitelerden haberiniz olmuyor. Bir pano var. Oradan takip etmeniz lazım. Çalışan sayısı az olduğu için personel telef olmuş. Yorgunlukları yüzlerinden belli okuyor. Patlamış mısır ve pamuk şeker var ama parayla:) otelde kim yanında parayla gezer. 2 havuz var çok küçükler. Denize yakın olanı adult pool yapmışlar. Uzak olan herkese açık. Aquapark var ama havuz derinliği çok az. Kaydığınızda ayağınız yere çarpıyor. Otelin sağlam bir yenilenmeye ihtiyacı var. Bu haliyle mdeyeceğiniz paraya değmeyecek bir hixmet alıyorsunuz.,1322,187,False,Google,CgsIxKPyr6zq4ZTeARAB,2026-08-25T12:30:48+00:00,OK
gm_e27757f78d56cf34,BOD103,Green Bay Resort & Spa Bodrum,Güvercinlik,5,HIGH,Google üzerinde 3 hafta önce,2026-08-04,2026,8,2026-08,True,False,"Etrafı yemyeşil dağlarla çevirili bir koyda, muhteşem bir konumda olan otelde, toplamda 3 çocuklu 2 aile olarak konaklıyoruz. Sabahları kuş sesleri ile uyanıp, gün boyu Ağustos böceği sesleriyle yüzüyoruz.
Kumsal şahane, restoranın denize yakın olması muhteşem, sahil ve havuz kenarındaki tuvaletler her daim temiz. Ortalıkta bir kişiyi sürekli elinde paspasla yerlerdeki kumları, döküntüleri temizlerken görüyoruz.
Küçük ve büyük çocuklar için iki ayrı kaydıraklı havuz var. Oyun parkı eğlenceli. Çocuklar hiç sıkılmadan zaman geçiriyorlar.
Yeşil alanlar insana ferah hissettiriyor. Bir çok gölgelikli çardak mevcut. Hamakların olduğu bölüm çok huzurlu.
Yemek çeşitliliği ve lezzetinden biz çok memnun kaldık. Yaprak sarması, lahana sarması, çeşit çeşit et ve sebze yemekleri çok güzel. Tatlı reyonu özellikle çok başarılı.
Tek eksiği spor salonundaki aletlerin çok eski ve bakımsız olması. Bir de animasyon ekibinin gün içinde Yetişkin havuzunda konumlandıklarını düşünüyoruz, biz çocuklu aileler olarak göremedik gündüz etkinliklerini. Akşam animasyon gösterileri 10/10 puan alır! Çok kaliteli gösterilerdi! Herkese bu oteli tavsiye ederim.","Etrafı yemyeşil dağlarla çevirili bir koyda, muhteşem bir konumda olan otelde, toplamda 3 çocuklu 2 aile olarak konaklıyoruz. Sabahları kuş sesleri ile uyanıp, gün boyu Ağustos böceği sesleriyle yüzüyoruz. Kumsal şahane, restoranın denize yakın olması muhteşem, sahil ve havuz kenarındaki tuvaletler her daim temiz. Ortalıkta bir kişiyi sürekli elinde paspasla yerlerdeki kumları, döküntüleri temizlerken görüyoruz. Küçük ve büyük çocuklar için iki ayrı kaydıraklı havuz var. Oyun parkı eğlenceli. Çocuklar hiç sıkılmadan zaman geçiriyorlar. Yeşil alanlar insana ferah hissettiriyor. Bir çok gölgelikli çardak mevcut. Hamakların olduğu bölüm çok huzurlu. Yemek çeşitliliği ve lezzetinden biz çok memnun kaldık. Yaprak sarması, lahana sarması, çeşit çeşit et ve sebze yemekleri çok güzel. Tatlı reyonu özellikle çok başarılı. Tek eksiği spor salonundaki aletlerin çok eski ve bakımsız olması. Bir de animasyon ekibinin gün içinde Yetişkin havuzunda konumlandıklarını düşünüyoruz, biz çocuklu aileler olarak göremedik gündüz etkinliklerini. Akşam animasyon gösterileri 10/10 puan alır! Çok kaliteli gösterilerdi! Herkese bu oteli tavsiye ederim.",1143,154,False,Google,CgsIxKPyr6zq4ZTeARAB,2026-08-25T12:30:48+00:00,OK
gm_8af88ebd5a950a65,BOD103,Green Bay Resort & Spa Bodrum,Güvercinlik,3,MIXED,Google üzerinde 2 hafta önce,2026-08-11,2026,8,2026-08,True,False,"4 gece 5 günlük konaklamamız boyunca personelin güler yüzü gerçekten içimizi ısıttı. Özellikle İbrahim Bey ve Deniz Hanım’ın ilgisi takdir edilesiydi. Plaj alanında yer bulma sorunu yaşamadık, bu da tatilimizi rahat geçirmemizi sağladı. Ancak denizin bulanık olması beklentimizin biraz altında kaldı. Yemekler genel olarak ortalamaydı; aç kalmadık ama menüde sık tekrar olması çeşitlilik açısından zayıf kaldı. Temizlik konusunda ise havlular ve çarşaflar düzenli değiştirildi fakat genel temizlik daha özenli olabilirdi. Genel olarak sıcak bir personel yaklaşımı sayesinde güzel anılarla ayrıldık; ancak yemek çeşitliliği ve genel temizlik konularında iyileştirme yapılırsa çok daha güçlü bir deneyim sunulabilir.","4 gece 5 günlük konaklamamız boyunca personelin güler yüzü gerçekten içimizi ısıttı. Özellikle İbrahim Bey ve Deniz Hanım’ın ilgisi takdir edilesiydi. Plaj alanında yer bulma sorunu yaşamadık, bu da tatilimizi rahat geçirmemizi sağladı. Ancak denizin bulanık olması beklentimizin biraz altında kaldı. Yemekler genel olarak ortalamaydı; aç kalmadık ama menüde sık tekrar olması çeşitlilik açısından zayıf kaldı. Temizlik konusunda ise havlular ve çarşaflar düzenli değiştirildi fakat genel temizlik daha özenli olabilirdi. Genel olarak sıcak bir personel yaklaşımı sayesinde güzel anılarla ayrıldık; ancak yemek çeşitliliği ve genel temizlik konularında iyileştirme yapılırsa çok daha güçlü bir deneyim sunulabilir.",714,95,False,Google,CgsIxKPyr6zq4ZTeARAB,2026-08-25T12:30:48+00:00,OK
gm_031e855b79036b73,BOD103,Green Bay Resort & Spa Bodrum,Güvercinlik,1,LOW,Google üzerinde bir ay önce,2026-07-26,2026,7,2026-07,True,False,"öncelikle şunu belirtiyim bu otel sözde 5 yıldızlı özde ise 3 yıldızı bile zor alacak bir otel.
herkes ona göre planını yapsın beklentisini ayarlasın, bir çok kez 5 yıldızlı …","öncelikle şunu belirtiyim bu otel sözde 5 yıldızlı özde ise 3 yıldızı bile zor alacak bir otel. herkes ona göre planını yapsın beklentisini ayarlasın, bir çok kez 5 yıldızlı ...",177,30,False,Google,CgsIxKPyr6zq4ZTeARAB,2026-08-25T12:33:21+00:00,OK
gm_7898877311c6cfbb,BOD103,Green Bay Resort & Spa Bodrum,Güvercinlik,4,HIGH,Google üzerinde 3 hafta önce,2026-08-04,2026,8,2026-08,True,False,"Deniz: muhteşem, sıfır dalga ve kum plaj, duşu ve soyunma kabini yeterli, çöpler sık toplanıyor. Havuz: yetişkinlerin de çocukların da aquaparkları yeterli, cankurtaranlar görevini titiz yapıyor. bir genel havuz dışında bir de aktivite …","Deniz: muhteşem, sıfır dalga ve kum plaj, duşu ve soyunma kabini yeterli, çöpler sık toplanıyor. Havuz: yetişkinlerin de çocukların da aquaparkları yeterli, cankurtaranlar görevini titiz yapıyor. bir genel havuz dışında bir de aktivite ...",239,34,False,Google,CgsIxKPyr6zq4ZTeARAB,2026-08-25T12:33:21+00:00,OK
gm_c8115f1ced8f359f,BOD103,Green Bay Resort & Spa Bodrum,Güvercinlik,5,HIGH,Google üzerinde bir ay önce,2026-07-26,2026,7,2026-07,True,False,"15-20 temmuz aralığında konakladim. Daha önce 15-20 otelde kalmis biri olarak;
1) odaların hijyeni,temizliği gerçekten süperdi. Bu temizlik için ""Ümmühan"" hanıma tesekkur ederim.. …","15-20 temmuz aralığında konakladim. Daha önce 15-20 otelde kalmis biri olarak; 1) odaların hijyeni,temizliği gerçekten süperdi. Bu temizlik için ""Ümmühan"" hanıma tesekkur ederim.. ...",183,24,False,Google,CgsIxKPyr6zq4ZTeARAB,2026-08-25T12:33:21+00:00,OK
gm_e06fa6beedbf65f4,BOD103,Green Bay Resort & Spa Bodrum,Güvercinlik,1,LOW,Google üzerinde bir ay önce,2026-07-26,2026,7,2026-07,True,False,"REZERVASYONU OLANLAR OKUSUN;
Otelde ilk günümüz maalesef kalite yok. Balkon kapısı kapalı Odaların içi sivrisinek dolu, koridorlar da aynı. Hatta perde ve duvarlar öldürülmüş …","REZERVASYONU OLANLAR OKUSUN; Otelde ilk günümüz maalesef kalite yok. Balkon kapısı kapalı Odaların içi sivrisinek dolu, koridorlar da aynı. Hatta perde ve duvarlar öldürülmüş ...",178,25,False,Google,CgsIxKPyr6zq4ZTeARAB,2026-08-25T12:33:21+00:00,OK
gm_223ded7d1ba4af68,BOD103,Green Bay Resort & Spa Bodrum,Güvercinlik,5,HIGH,Google üzerinde 3 hafta önce,2026-08-04,2026,8,2026-08,True,False,Harika bir konaklama deneyimi yaşadık. Özellikle otel müdürü Mehmet Bey'e ilgisi ve misafirperverliği için çok teşekkür ederiz. Oğlumun tuttuğu balığı mutfakta pişirtip bize servis ettirmesi bizim için unutulmaz ve çok ince bir jest oldu. …,Harika bir konaklama deneyimi yaşadık. Özellikle otel müdürü Mehmet Bey'e ilgisi ve misafirperverliği için çok teşekkür ederiz. Oğlumun tuttuğu balığı mutfakta pişirtip bize servis ettirmesi bizim için unutulmaz ve çok ince bir jest oldu. ...,242,35,False,Google,CgsIxKPyr6zq4ZTeARAB,2026-08-25T12:33:21+00:00,OK
gm_2f3746746c3cab2c,BOD103,Green Bay Resort & Spa Bodrum,Güvercinlik,1,LOW,Google üzerinde bir ay önce,2026-07-26,2026,7,2026-07,True,False,7-11 Haziran tarihlerinde bebeğimizle konakladığımız otelde güzel olan tek şey denizi ve personelin güleryüzlü oluşuydu. Temizlik konusunda korkunçlar odalar asla temizlenmiyor sadece yatağı toplayıp çıkıyorlar masanın üstü bile …,7-11 Haziran tarihlerinde bebeğimizle konakladığımız otelde güzel olan tek şey denizi ve personelin güleryüzlü oluşuydu. Temizlik konusunda korkunçlar odalar asla temizlenmiyor sadece yatağı toplayıp çıkıyorlar masanın üstü bile ...,232,29,False,Google,CgsIxKPyr6zq4ZTeARAB,2026-08-25T12:33:22+00:00,OK
gm_1118b48f516df07a,BOD103,Green Bay Resort & Spa Bodrum,Güvercinlik,2,LOW,Google üzerinde bir ay önce,2026-07-26,2026,7,2026-07,True,False,"Balayı çifti olarak bu oteli büyük beklentilerle tercih ettik. Girişte, balayı çifti olduğumuz için yalnızca daha büyük ve geniş bir oda tahsis edildi. Bunun dışında ilk gün odaya bir şişe şarap ve kesilmemiş meyve tabağı bırakıldı. …","Balayı çifti olarak bu oteli büyük beklentilerle tercih ettik. Girişte, balayı çifti olduğumuz için yalnızca daha büyük ve geniş bir oda tahsis edildi. Bunun dışında ilk gün odaya bir şişe şarap ve kesilmemiş meyve tabağı bırakıldı. ...",236,37,False,Google,CgsIxKPyr6zq4ZTeARAB,2026-08-25T12:33:22+00:00,OK
gm_afcf0a9a5c9cfead,BOD103,Green Bay Resort & Spa Bodrum,Güvercinlik,5,HIGH,Google üzerinde bir ay önce,2026-07-26,2026,7,2026-07,True,False,Otelin en beğendiğim özelliği iki tane iskelesinin olmasıydı. Ana iskelede müzik çalıyor ve etkinlikler yapıldığı için biraz daha canlı. Ben kafa dinlemek istediğim için diğer iskeleyi tercih ettim sessiz sakindi ilk defa çift iskelesi olan …,Otelin en beğendiğim özelliği iki tane iskelesinin olmasıydı. Ana iskelede müzik çalıyor ve etkinlikler yapıldığı için biraz daha canlı. Ben kafa dinlemek istediğim için diğer iskeleyi tercih ettim sessiz sakindi ilk defa çift iskelesi olan ...,244,36,False,Google,CgsIxKPyr6zq4ZTeARAB,2026-08-25T12:33:22+00:00,OK
gm_a07d00d4a944a152,BOD103,Green Bay Resort & Spa Bodrum,Güvercinlik,5,HIGH,Google üzerinde 3 hafta önce,2026-08-04,2026,8,2026-08,True,False,"25 - 31Temmuz arası konakladık. Otelin yeri çok güzel ve sakin, yeşil alan bol. Özellikle denizi çok güzeldi durgun ve temizdi, havuzlarda temizdi bakımlıydı. Ayrıca 16 yaş üstü havuzunun olması çok güzel biz orayı kullandık hep. Animasyon …","25 - 31Temmuz arası konakladık. Otelin yeri çok güzel ve sakin, yeşil alan bol. Özellikle denizi çok güzeldi durgun ve temizdi, havuzlarda temizdi bakımlıydı. Ayrıca 16 yaş üstü havuzunun olması çok güzel biz orayı kullandık hep. Animasyon ...",243,38,False,Google,CgsIxKPyr6zq4ZTeARAB,2026-08-25T12:33:22+00:00,OK
gm_b927ac74a6b10935,BOD103,Green Bay Resort & Spa Bodrum,Güvercinlik,1,LOW,Google üzerinde 4 hafta önce,2026-07-28,2026,7,2026-07,True,False,Çok sıkıcı bir otel. Ta Ankara dan 3 aile geldik özellikle odalarımız yan yana olsun dedik ve geldiğimiz de hepimiz farklı yerler de odalar verdiler. Verdikleri odanın içerisinde yan odaya açılan bir kapı var ve bunu resepsiyona …,Çok sıkıcı bir otel. Ta Ankara dan 3 aile geldik özellikle odalarımız yan yana olsun dedik ve geldiğimiz de hepimiz farklı yerler de odalar verdiler. Verdikleri odanın içerisinde yan odaya açılan bir kapı var ve bunu resepsiyona ...,232,38,False,Google,CgsIxKPyr6zq4ZTeARAB,2026-08-25T12:33:22+00:00,OK
gm_0f4aead99b77be1e,BOD103,Green Bay Resort & Spa Bodrum,Güvercinlik,1,LOW,Google üzerinde bir ay önce,2026-07-26,2026,7,2026-07,True,False,"öncelikle şunu belirtiyim bu otel sözde 5 yıldızlı özde ise 3 yıldızı bile zor alacak bir otel.
herkes ona göre planını yapsın beklentisini ayarlasın, bir çok kez 5 yıldızlı hatta 4 yıldızlı otel deneyimim oldu hatta 3 yıldızlı ve apart otellerde de kaldım, fakat burası kadar hijyensiz, temizlik anlamında sınıfta kalan, yıldızına göre vasat lezzetsiz ve çeşit olmayan yemekleri olan bir hotel görmedim, odalara giden yerler halıflex ve üzerinde yürürken bile toz toprak kalkıyor, odalar eski küçük ve yapış yapış, buraya verilen puanlar sizi aldatmasın, bu puanları veren kişiler muhtemelen ya ilk defa ""5"" yıldızlı bir otelde kalıyor, ya da çoğu puan fake. çünkü burası 5i bırakın 3 yıldızı bile zor alacak bir otel, yemek konusu 4 gece konakladık, 4 gün boyunca boğaz yakan bi köfte yedim başka yiyecek bir şey yoktu desem yeridir, yani bi tane spagetti,bir tane çorba, 2-3 çeşitte diğer yemeklerden sulu et vs. bu kadar. ızgara bölümünde ise bayat somon, tavuk eti ve köfte çıkıyordu her gün.
tatlı ve mezeler bol gözüküyordu ama bir tane sütlü tatlı yapıp 3-5 farklı kombine ettikleri için göze çok geliyordu, ama asıl sıkıntı şuydu bütün tatlı mezelerin üstü sinek dolu onlarca sinek, yiyebilene afiyet olsun.
sinek demişken küçücük odalar, klima açıyosunuz camları kapatıyorsunuz klima üzerinize vurduğu için ve kilma odalara ekstra büyük kaldığı için sizi uyutmuyor kapatıyorsunuz 5 dk sonra sıcak basıyor,
cam açıyım derseniz ""sineklik"" hiçbir odada bulunmuyor ve 5 dk içinde 10larca sivrisinek odanızda sabah deli gibi sinek ısırıklarıyla uyanıyorsunuz.
hadi camları kapattın klimaya dayandın, bu seferde otelin içindeki holler full sivrisinek kaynıyor her kapıda en az 3-4 tane sivri sinek.
yani dışarıyı engelleyemiyorsun anlarım da koridorundakini de engellersin veya camlara sineklik takıp içeri girişini engellersin.
Bir diğer sorunda karınca, evet karınca, mobilyaların üstü sürekli karınca, gidip yetkiliye bildiriyorum çözüm önerisi şu;
ilaçlayalım ama yine çıkıyor, oda değiştirsek zemin kat odaları daha küçük.
odadaki tuvaletlerde havalandırma yok, gerisini siz düşünün :)
öte yandan snack ikramlar rezaletti anlatmaya bile gerek yok zaten çok dar bi snack ikram servisi var 2-3 çeşit bir şey. yani ben en son geçen sene kaldığım 4 yıldızlı otelde,
ki fiyatı buradan daha ucuzdu kalamar, karides, kokoreç gibi snackleri vardı, bunun dışında olanları saymıyorum bile.
bu otelin bir diğer vasat kalemi de malesefki alkoller, ülkenin en ucuz markası olan vodka ve cinini kullanıyorlar zaten başka bir şey var mıydı bilmiyorum bi ara tequila gördüm ama nasıldı bilmiyorum.
rakı filan hak getire.
denizi de öyle aman aman iyi değil altı toprak olduğu için bulanık, gün içi bazı saatler tekne atıklarından mı bilmiyorum 5-10 dk kirleniyor.
ama manzarası çok güzel, otel eğer güzel işletilse kalite ve temizliği artırsa gerçekten konum olarak türkiyenin en güzel 10 otelinden biri olabilir öyle bi potansiyeli var, ama şuanki durumunda
kaderine terk edilmiş gibi bir izlenim veriyor.
bir diğer olayda ets tur yetkilisi, biz ailecek zaten dayanamadık artık son gün erken çıktık sabahı beklemeden, içlerine mi doğdu ne oldu bilmiyorum, birden aramaya başladılar nasıl geçiyor tatil diye,
yahu tatil bitti ne tatili, zaten 4 gece kalmışım 4. gece arıyosun beni bu kadar ilgi fazla değil mi çok teşekkürler. Nerede eski ets tur otele girmeden daha ilgilenirlerdi ararlardı sorarlardı, her gün en az bir kere sorarlardı bi sıkıntı var mı sorun var mı,
eğer varsa da gerçekten otele yaptırım güçleri olurdu ve o sorunu net şekilde çözerlerdi.
uzun lafın kısası kendi adıma şöyle söyliyim zamanında çok kamp yaptım, bu oteli ancak kamp alanlarıyla vs kıyaslayabilirim ki gerçekten buradan daha iyi kamp alanları bile var.","öncelikle şunu belirtiyim bu otel sözde 5 yıldızlı özde ise 3 yıldızı bile zor alacak bir otel. herkes ona göre planını yapsın beklentisini ayarlasın, bir çok kez 5 yıldızlı hatta 4 yıldızlı otel deneyimim oldu hatta 3 yıldızlı ve apart otellerde de kaldım, fakat burası kadar hijyensiz, temizlik anlamında sınıfta kalan, yıldızına göre vasat lezzetsiz ve çeşit olmayan yemekleri olan bir hotel görmedim, odalara giden yerler halıflex ve üzerinde yürürken bile toz toprak kalkıyor, odalar eski küçük ve yapış yapış, buraya verilen puanlar sizi aldatmasın, bu puanları veren kişiler muhtemelen ya ilk defa ""5"" yıldızlı bir otelde kalıyor, ya da çoğu puan fake. çünkü burası 5i bırakın 3 yıldızı bile zor alacak bir otel, yemek konusu 4 gece konakladık, 4 gün boyunca boğaz yakan bi köfte yedim başka yiyecek bir şey yoktu desem yeridir, yani bi tane spagetti,bir tane çorba, 2-3 çeşitte diğer yemeklerden sulu et vs. bu kadar. ızgara bölümünde ise bayat somon, tavuk eti ve köfte çıkıyordu her gün. tatlı ve mezeler bol gözüküyordu ama bir tane sütlü tatlı yapıp 3-5 farklı kombine ettikleri için göze çok geliyordu, ama asıl sıkıntı şuydu bütün tatlı mezelerin üstü sinek dolu onlarca sinek, yiyebilene afiyet olsun. sinek demişken küçücük odalar, klima açıyosunuz camları kapatıyorsunuz klima üzerinize vurduğu için ve kilma odalara ekstra büyük kaldığı için sizi uyutmuyor kapatıyorsunuz 5 dk sonra sıcak basıyor, cam açıyım derseniz ""sineklik"" hiçbir odada bulunmuyor ve 5 dk içinde 10larca sivrisinek odanızda sabah deli gibi sinek ısırıklarıyla uyanıyorsunuz. hadi camları kapattın klimaya dayandın, bu seferde otelin içindeki holler full sivrisinek kaynıyor her kapıda en az 3-4 tane sivri sinek. yani dışarıyı engelleyemiyorsun anlarım da koridorundakini de engellersin veya camlara sineklik takıp içeri girişini engellersin. Bir diğer sorunda karınca, evet karınca, mobilyaların üstü sürekli karınca, gidip yetkiliye bildiriyorum çözüm önerisi şu; ilaçlayalım ama yine çıkıyor, oda değiştirsek zemin kat odaları daha küçük. odadaki tuvaletlerde havalandırma yok, gerisini siz düşünün :) öte yandan snack ikramlar rezaletti anlatmaya bile gerek yok zaten çok dar bi snack ikram servisi var 2-3 çeşit bir şey. yani ben en son geçen sene kaldığım 4 yıldızlı otelde, ki fiyatı buradan daha ucuzdu kalamar, karides, kokoreç gibi snackleri vardı, bunun dışında olanları saymıyorum bile. bu otelin bir diğer vasat kalemi de malesefki alkoller, ülkenin en ucuz markası olan vodka ve cinini kullanıyorlar zaten başka bir şey var mıydı bilmiyorum bi ara tequila gördüm ama nasıldı bilmiyorum. rakı filan hak getire. denizi de öyle aman aman iyi değil altı toprak olduğu için bulanık, gün içi bazı saatler tekne atıklarından mı bilmiyorum 5-10 dk kirleniyor. ama manzarası çok güzel, otel eğer güzel işletilse kalite ve temizliği artırsa gerçekten konum olarak türkiyenin en güzel 10 otelinden biri olabilir öyle bi potansiyeli var, ama şuanki durumunda kaderine terk edilmiş gibi bir izlenim veriyor. bir diğer olayda ets tur yetkilisi, biz ailecek zaten dayanamadık artık son gün erken çıktık sabahı beklemeden, içlerine mi doğdu ne oldu bilmiyorum, birden aramaya başladılar nasıl geçiyor tatil diye, yahu tatil bitti ne tatili, zaten 4 gece kalmışım 4. gece arıyosun beni bu kadar ilgi fazla değil mi çok teşekkürler. Nerede eski ets tur otele girmeden daha ilgilenirlerdi ararlardı sorarlardı, her gün en az bir kere sorarlardı bi sıkıntı var mı sorun var mı, eğer varsa da gerçekten otele yaptırım güçleri olurdu ve o sorunu net şekilde çözerlerdi. uzun lafın kısası kendi adıma şöyle söyliyim zamanında çok kamp yaptım, bu oteli ancak kamp alanlarıyla vs kıyaslayabilirim ki gerçekten buradan daha iyi kamp alanları bile var.",3729,571,False,Google,CgsIxKPyr6zq4ZTeARAB,2026-08-25T12:33:37+00:00,OK
gm_a368490647f12eeb,BOD103,Green Bay Resort & Spa Bodrum,Güvercinlik,4,HIGH,Google üzerinde 3 hafta önce,2026-08-04,2026,8,2026-08,True,False,"Deniz: muhteşem, sıfır dalga ve kum plaj, duşu ve soyunma kabini yeterli, çöpler sık toplanıyor. Havuz: yetişkinlerin de çocukların da aquaparkları yeterli, cankurtaranlar görevini titiz yapıyor. bir genel havuz dışında bir de aktivite yapılan yetişkin havuzu var. Odalar: sabah çıkıp akşam gelenler için gayet yeterli, temizlik de gayet iyi, balkon kapısına sineklik takılabilir ama çok ciddi sıkıntı yaşamadık, balkon havlu ve mayo asmak için yeterli. Hizmet: her şey self servis, kokteyllerin çoğu kötü, gündüz aktiviteleri fena değil ama akşam eğlenceleri oldukça zayıf. Yemek: çok lezzetli olarak tanımlayabileceğim hiçbir şey yok ama aç da kalmadık, servis saatleri de yeterliydi, sadece tatilde en çok talep gören gözleme & dondurma & waffle üçlüsünün bir arada olup tek bir personele verilmesi uygun olmamış çünkü oraya hangi personel geçse yetişmekte zorlanması çok normal ve bunun da müşterilerde gerginlik yaratması doğal. Genel olarak tam bir f/p oteli, tekrar gelinir.","Deniz: muhteşem, sıfır dalga ve kum plaj, duşu ve soyunma kabini yeterli, çöpler sık toplanıyor. Havuz: yetişkinlerin de çocukların da aquaparkları yeterli, cankurtaranlar görevini titiz yapıyor. bir genel havuz dışında bir de aktivite yapılan yetişkin havuzu var. Odalar: sabah çıkıp akşam gelenler için gayet yeterli, temizlik de gayet iyi, balkon kapısına sineklik takılabilir ama çok ciddi sıkıntı yaşamadık, balkon havlu ve mayo asmak için yeterli. Hizmet: her şey self servis, kokteyllerin çoğu kötü, gündüz aktiviteleri fena değil ama akşam eğlenceleri oldukça zayıf. Yemek: çok lezzetli olarak tanımlayabileceğim hiçbir şey yok ama aç da kalmadık, servis saatleri de yeterliydi, sadece tatilde en çok talep gören gözleme & dondurma & waffle üçlüsünün bir arada olup tek bir personele verilmesi uygun olmamış çünkü oraya hangi personel geçse yetişmekte zorlanması çok normal ve bunun da müşterilerde gerginlik yaratması doğal. Genel olarak tam bir f/p oteli, tekrar gelinir.",981,143,False,Google,CgsIxKPyr6zq4ZTeARAB,2026-08-25T12:33:37+00:00,OK
gm_17807dc26ad512e8,BOD103,Green Bay Resort & Spa Bodrum,Güvercinlik,5,HIGH,Google üzerinde bir ay önce,2026-07-26,2026,7,2026-07,True,False,"15-20 temmuz aralığında konakladim. Daha önce 15-20 otelde kalmis biri olarak;
1) odaların hijyeni,temizliği gerçekten süperdi. Bu temizlik için ""Ümmühan"" hanıma tesekkur ederim..
2) yemekler yeterince iyiydi kesinlikle ac kalmazsınız ve lezzetleri de gayet iyiydi.. daha önceki yorumlarda ac kaldık, midemiz kötü oldu vs vs yazanlara hiç inanamadım. midye dolma, deniz mahsulleri salatası, ıstakoz, akya gibi yiyecekler bile çıkmıştı. Ama tek noksan diyebilecegim oglen yemekleri biraz zayifti. Yemekhanede canla başla calisan, masaların arasında pire gibi gezen tum çalışanlara ve ""Rana hanima"" çok teşekkürler..
3) bar kismi bence çok iyiydi. Barda calisan tum çalışanlara ayri ayri verdikleri hizmetten dolayı teşekkür ederim.
4) ust kısımdaki havuzun oradaki cevre düzenlemesi ve temizliğinden sorumlu ""velittin bey""e çok tesekkurler.
*) Denizi temiz ama aksam aktintiyla kıyıda pislik birikmesi olabiliyor. Çocuklu aileler icin kumsal olması ve biranda derinlesmemesi artı olarak söylenebilir.
*) snack bar da bir menü var ve sipariş vererek yemek söylüyorsunuz. İlk başta çok tuhaf gelmisti ama şunu anladım ki sipariş usulü calisilinca yemeklerin lezzeti ve kalitesi mukemmel oluyor. Fettucini alfredo makarnayı yemenizi kesinlikle tavsiye ederim..
*) animasyon ekibi gençlerden oluşuyor ve bence en zayıf halkası buydu.
Herseyden sorumlu genel müdürü (galiba mehmet beydi) hiç boş dururken görmedim. Sürekli kısımlar arasinda geziyor, kontrol ediyor, konuşuyor... gerçekten tebrik ederim... helal olsun..
Genel olarak tekrardan gitmeyi dusunebilecegim bir otel.","15-20 temmuz aralığında konakladim. Daha önce 15-20 otelde kalmis biri olarak; 1) odaların hijyeni,temizliği gerçekten süperdi. Bu temizlik için ""Ümmühan"" hanıma tesekkur ederim.. 2) yemekler yeterince iyiydi kesinlikle ac kalmazsınız ve lezzetleri de gayet iyiydi.. daha önceki yorumlarda ac kaldık, midemiz kötü oldu vs vs yazanlara hiç inanamadım. midye dolma, deniz mahsulleri salatası, ıstakoz, akya gibi yiyecekler bile çıkmıştı. Ama tek noksan diyebilecegim oglen yemekleri biraz zayifti. Yemekhanede canla başla calisan, masaların arasında pire gibi gezen tum çalışanlara ve ""Rana hanima"" çok teşekkürler.. 3) bar kismi bence çok iyiydi. Barda calisan tum çalışanlara ayri ayri verdikleri hizmetten dolayı teşekkür ederim. 4) ust kısımdaki havuzun oradaki cevre düzenlemesi ve temizliğinden sorumlu ""velittin bey""e çok tesekkurler. *) Denizi temiz ama aksam aktintiyla kıyıda pislik birikmesi olabiliyor. Çocuklu aileler icin kumsal olması ve biranda derinlesmemesi artı olarak söylenebilir. *) snack bar da bir menü var ve sipariş vererek yemek söylüyorsunuz. İlk başta çok tuhaf gelmisti ama şunu anladım ki sipariş usulü calisilinca yemeklerin lezzeti ve kalitesi mukemmel oluyor. Fettucini alfredo makarnayı yemenizi kesinlikle tavsiye ederim.. *) animasyon ekibi gençlerden oluşuyor ve bence en zayıf halkası buydu. Herseyden sorumlu genel müdürü (galiba mehmet beydi) hiç boş dururken görmedim. Sürekli kısımlar arasinda geziyor, kontrol ediyor, konuşuyor... gerçekten tebrik ederim... helal olsun.. Genel olarak tekrardan gitmeyi dusunebilecegim bir otel.",1570,213,False,Google,CgsIxKPyr6zq4ZTeARAB,2026-08-25T12:33:37+00:00,OK
gm_487442117124ebc7,BOD103,Green Bay Resort & Spa Bodrum,Güvercinlik,1,LOW,Google üzerinde bir ay önce,2026-07-26,2026,7,2026-07,True,False,"REZERVASYONU OLANLAR OKUSUN;
Otelde ilk günümüz maalesef kalite yok. Balkon kapısı kapalı Odaların içi sivrisinek dolu, koridorlar da aynı. Hatta perde ve duvarlar öldürülmüş sivrisineklerle dolu. Banyo çok dar, çocukla girmek çok zor. Yemekler görüntü ve lezzet olarak çok kötü. Salata ve meyve ile karın doyurduk. Akşam 19:00da başlayan yemek için 19:20de gittik masa yok. Aldığımız cevap ise beklemeniz gerekiyor, sonra gelin oldu. Alkolsüz İçecekler berbat. Cam bardaklar çok kirli. Çaylar çok kötü. Herşey dahil otelde patlamış mısır ve pmuk şeker parayla satılıyor hem de çocuk kulübünün önünde. Çocuk etkinliği vasat. Denizi hemen derinleşiyor, berrak değil. Şezlong bulmak imkansız. Asansörler loş ışıkla çalışıyor. Buradaki yorumları son 3 gün kala okusaydım kesinlikle rezervasyonu iptal ederdim. Olumsuz yorumlar çok doğruymuş. Özetle evet paramızla rezil olacağımız 5 gün daha burdayız.","REZERVASYONU OLANLAR OKUSUN; Otelde ilk günümüz maalesef kalite yok. Balkon kapısı kapalı Odaların içi sivrisinek dolu, koridorlar da aynı. Hatta perde ve duvarlar öldürülmüş sivrisineklerle dolu. Banyo çok dar, çocukla girmek çok zor. Yemekler görüntü ve lezzet olarak çok kötü. Salata ve meyve ile karın doyurduk. Akşam 19:00da başlayan yemek için 19:20de gittik masa yok. Aldığımız cevap ise beklemeniz gerekiyor, sonra gelin oldu. Alkolsüz İçecekler berbat. Cam bardaklar çok kirli. Çaylar çok kötü. Herşey dahil otelde patlamış mısır ve pmuk şeker parayla satılıyor hem de çocuk kulübünün önünde. Çocuk etkinliği vasat. Denizi hemen derinleşiyor, berrak değil. Şezlong bulmak imkansız. Asansörler loş ışıkla çalışıyor. Buradaki yorumları son 3 gün kala okusaydım kesinlikle rezervasyonu iptal ederdim. Olumsuz yorumlar çok doğruymuş. Özetle evet paramızla rezil olacağımız 5 gün daha burdayız.",898,127,False,Google,CgsIxKPyr6zq4ZTeARAB,2026-08-25T12:33:37+00:00,OK
gm_d260471a90ffe8aa,BOD103,Green Bay Resort & Spa Bodrum,Güvercinlik,5,HIGH,Google üzerinde 3 hafta önce,2026-08-04,2026,8,2026-08,True,False,"Harika bir konaklama deneyimi yaşadık. Özellikle otel müdürü Mehmet Bey'e ilgisi ve misafirperverliği için çok teşekkür ederiz. Oğlumun tuttuğu balığı mutfakta pişirtip bize servis ettirmesi bizim için unutulmaz ve çok ince bir jest oldu. Ayrıca çıkış işlemlerimizi tamamlamış olmamıza rağmen otelde vakit geçirmemize ve yemeğimizi rahatça yememize izin vermeleri bizi çok mutlu etti.
Bunun dışında otelin konumu oldukça güzel, yemekler çok lezzetli ve tüm personel güler yüzlü ve yardımseverdi. Kendimizi gerçekten değerli hissettik. Gönül rahatlığıyla tavsiye eder, emeği geçen herkese teşekkür ederiz.","Harika bir konaklama deneyimi yaşadık. Özellikle otel müdürü Mehmet Bey'e ilgisi ve misafirperverliği için çok teşekkür ederiz. Oğlumun tuttuğu balığı mutfakta pişirtip bize servis ettirmesi bizim için unutulmaz ve çok ince bir jest oldu. Ayrıca çıkış işlemlerimizi tamamlamış olmamıza rağmen otelde vakit geçirmemize ve yemeğimizi rahatça yememize izin vermeleri bizi çok mutlu etti. Bunun dışında otelin konumu oldukça güzel, yemekler çok lezzetli ve tüm personel güler yüzlü ve yardımseverdi. Kendimizi gerçekten değerli hissettik. Gönül rahatlığıyla tavsiye eder, emeği geçen herkese teşekkür ederiz.",604,82,False,Google,CgsIxKPyr6zq4ZTeARAB,2026-08-25T12:33:37+00:00,OK
gm_9cd4e441e2d4894b,BOD103,Green Bay Resort & Spa Bodrum,Güvercinlik,1,LOW,Google üzerinde bir ay önce,2026-07-26,2026,7,2026-07,True,False,"7-11 Haziran tarihlerinde bebeğimizle konakladığımız otelde güzel olan tek şey denizi ve personelin güleryüzlü oluşuydu. Temizlik konusunda korkunçlar odalar asla temizlenmiyor sadece yatağı toplayıp çıkıyorlar masanın üstü bile silinmiyordu banyolarda gider yok her taraf su doluyor leş gibi oluyor üstün körü bi vileda atıyorlar geldiklerinde de. Mini bar kaldığımız süre boyunca sadece bir defa yenilendi onda da boş olmasına rağmen birer tane içecek bırakmışlardı su bile koymuyorlar odaya. Bu rahatsızlığımız dönmeden bir gün önce Görkem Bey tarafından giderildi. Kendisine ilgisi için teşekkür ederiz. Denizi güzel, temiz koy zaten şezlonglar yeterli görünüyor bu bölgenin düzeni temizliği iyiydi sadece odalar konusunda temizlik korkunç. Restoran inanılmaz yetersiz, çeşit az lezzet yok. Basit bir peynir bile aşırı lezzetsizdi. Izgara korkunç. Kaldığımız süre boyunca resmen aç kaldık sadece snack barda bir şeyler yiyebildik. Kokteyller sınırlı her an yapan kişi değiştiği için bir kere beğenip içtiğiniz bir şeyi tekrar içme ihtimaliniz sıfır. Aşırı sinek ve böcek var herkes bu konuda çok rahatsızdı restoran sinek dolu her yerinizi bir şey ısırıyor sürekli. Otel oldukça büyük fakat her şeyin birbirine oldukça yakın olması bizim için çok iyiydi. Restoran ve temizliğe el atılırsa oldukça keyifli bir nokta olabilir çocuklu aileler için","7-11 Haziran tarihlerinde bebeğimizle konakladığımız otelde güzel olan tek şey denizi ve personelin güleryüzlü oluşuydu. Temizlik konusunda korkunçlar odalar asla temizlenmiyor sadece yatağı toplayıp çıkıyorlar masanın üstü bile silinmiyordu banyolarda gider yok her taraf su doluyor leş gibi oluyor üstün körü bi vileda atıyorlar geldiklerinde de. Mini bar kaldığımız süre boyunca sadece bir defa yenilendi onda da boş olmasına rağmen birer tane içecek bırakmışlardı su bile koymuyorlar odaya. Bu rahatsızlığımız dönmeden bir gün önce Görkem Bey tarafından giderildi. Kendisine ilgisi için teşekkür ederiz. Denizi güzel, temiz koy zaten şezlonglar yeterli görünüyor bu bölgenin düzeni temizliği iyiydi sadece odalar konusunda temizlik korkunç. Restoran inanılmaz yetersiz, çeşit az lezzet yok. Basit bir peynir bile aşırı lezzetsizdi. Izgara korkunç. Kaldığımız süre boyunca resmen aç kaldık sadece snack barda bir şeyler yiyebildik. Kokteyller sınırlı her an yapan kişi değiştiği için bir kere beğenip içtiğiniz bir şeyi tekrar içme ihtimaliniz sıfır. Aşırı sinek ve böcek var herkes bu konuda çok rahatsızdı restoran sinek dolu her yerinizi bir şey ısırıyor sürekli. Otel oldukça büyük fakat her şeyin birbirine oldukça yakın olması bizim için çok iyiydi. Restoran ve temizliğe el atılırsa oldukça keyifli bir nokta olabilir çocuklu aileler için",1348,192,False,Google,CgsIxKPyr6zq4ZTeARAB,2026-08-25T12:33:37+00:00,OK
gm_d860ffb2a98bfbf2,BOD103,Green Bay Resort & Spa Bodrum,Güvercinlik,2,LOW,Google üzerinde bir ay önce,2026-07-26,2026,7,2026-07,True,False,"Balayı çifti olarak bu oteli büyük beklentilerle tercih ettik. Girişte, balayı çifti olduğumuz için yalnızca daha büyük ve geniş bir oda tahsis edildi. Bunun dışında ilk gün odaya bir şişe şarap ve kesilmemiş meyve tabağı bırakıldı.
Ancak 5 gecelik konaklamamız boyunca balayı çiftlerine özel olduğu belirtilen veya beklenen hiçbir ekstra jestle karşılaşmadık. Özel bir akşam yemeği, ücretsiz masaj, su sporları veya buna benzer herhangi bir ayrıcalık sunulmadı. Balayı konsepti maalesef sadece oda değişikliği ve ilk gün getirilen ikramlarla sınırlı kaldı. Bu durum bizim için hayal kırıklığı oldu.
Bununla birlikte, ETS Tur temsilcisi arkadaşlar son derece ilgili ve güler yüzlüydü. Ellerinden geldiğince yardımcı olmaya çalıştılar ve kendilerine teşekkür ederiz. Eleştirimiz kesinlikle onlara değil, otelin balayı misafirlerine sunduğu yetersiz hizmet anlayışınadır.
Balayı çiftlerinin bu oteli tercih etmeden önce beklentilerini buna göre değerlendirmelerini tavsiye ederim.","Balayı çifti olarak bu oteli büyük beklentilerle tercih ettik. Girişte, balayı çifti olduğumuz için yalnızca daha büyük ve geniş bir oda tahsis edildi. Bunun dışında ilk gün odaya bir şişe şarap ve kesilmemiş meyve tabağı bırakıldı. Ancak 5 gecelik konaklamamız boyunca balayı çiftlerine özel olduğu belirtilen veya beklenen hiçbir ekstra jestle karşılaşmadık. Özel bir akşam yemeği, ücretsiz masaj, su sporları veya buna benzer herhangi bir ayrıcalık sunulmadı. Balayı konsepti maalesef sadece oda değişikliği ve ilk gün getirilen ikramlarla sınırlı kaldı. Bu durum bizim için hayal kırıklığı oldu. Bununla birlikte, ETS Tur temsilcisi arkadaşlar son derece ilgili ve güler yüzlüydü. Ellerinden geldiğince yardımcı olmaya çalıştılar ve kendilerine teşekkür ederiz. Eleştirimiz kesinlikle onlara değil, otelin balayı misafirlerine sunduğu yetersiz hizmet anlayışınadır. Balayı çiftlerinin bu oteli tercih etmeden önce beklentilerini buna göre değerlendirmelerini tavsiye ederim.",978,132,False,Google,CgsIxKPyr6zq4ZTeARAB,2026-08-25T12:33:38+00:00,OK
gm_4ef09cb15322e979,BOD103,Green Bay Resort & Spa Bodrum,Güvercinlik,5,HIGH,Google üzerinde bir ay önce,2026-07-26,2026,7,2026-07,True,False,"Otelin en beğendiğim özelliği iki tane iskelesinin olmasıydı. Ana iskelede müzik çalıyor ve etkinlikler yapıldığı için biraz daha canlı. Ben kafa dinlemek istediğim için diğer iskeleyi tercih ettim sessiz sakindi ilk defa çift iskelesi olan bir otelde konakladım bu önemli bir artı.
Otelde kahvaltıda omlet sırası çok uzun oluyor buna bir çözüm bulunması lazım sırada uzun süre beklemek istemediğim için normalde tavada yumurta yediğim halde almadım.
Sivrisinek konusu evet var sürekli ilaçlama yapılıyor otel ormanın arasında olduğundan sanırım bu kadar çözüm bulunabiliyor. Aşırı bir sivrisinek yok bu arada sadece geceleri sahilde oluyor evet. Ama bu yüzden otelden vazgeçilecek kadar değil.
Odalar temizdi, havlular temizdi. Plaj yakınındaki tuvaletler temizdi. Emeği geçen çalışanlara teşekkür ediyorum.
Daha önce daha premium otellerde kaldım hizmet açısından çok bir fark göremiyorum. Çalışanlar çok çok iyi.
Resepsiyondan a la carte hakkımız olduğu söylenmedi bu önemli bence haberimiz olmayabilirdi. Valizleri taşımaya yardımcı olan personelden öğrendik kendisine teşekkür ediyorum.
A la carte restoranda yediğimiz antrikot efsaneydi aşçının ellerine sağlık.
Otel tam bir aile oteli zaten herkes ailesiyle gelmişti ve çocuk sayısı oldukça fazlaydı :)
Tek başına ya da kızkıza gelecek hemcinslerime tavsiye ederim rahatsızlık yaşayacaklarını düşünmüyorum.
Plajda şezlong şemsiye sayısı çok baya yeterli başka otellerde yaşadığımız yer bulamama sorununu yaşamadık. Diğer iskelede ve sahilde boş şezlong rahatlıkla bulabilirsiniz. Sadece ana iskele dolu oluyor.Bence otelin en büyük artısı bu benim için deniz ve kafa dinlemek önemliydi ben memnun kaldım.","Otelin en beğendiğim özelliği iki tane iskelesinin olmasıydı. Ana iskelede müzik çalıyor ve etkinlikler yapıldığı için biraz daha canlı. Ben kafa dinlemek istediğim için diğer iskeleyi tercih ettim sessiz sakindi ilk defa çift iskelesi olan bir otelde konakladım bu önemli bir artı. Otelde kahvaltıda omlet sırası çok uzun oluyor buna bir çözüm bulunması lazım sırada uzun süre beklemek istemediğim için normalde tavada yumurta yediğim halde almadım. Sivrisinek konusu evet var sürekli ilaçlama yapılıyor otel ormanın arasında olduğundan sanırım bu kadar çözüm bulunabiliyor. Aşırı bir sivrisinek yok bu arada sadece geceleri sahilde oluyor evet. Ama bu yüzden otelden vazgeçilecek kadar değil. Odalar temizdi, havlular temizdi. Plaj yakınındaki tuvaletler temizdi. Emeği geçen çalışanlara teşekkür ediyorum. Daha önce daha premium otellerde kaldım hizmet açısından çok bir fark göremiyorum. Çalışanlar çok çok iyi. Resepsiyondan a la carte hakkımız olduğu söylenmedi bu önemli bence haberimiz olmayabilirdi. Valizleri taşımaya yardımcı olan personelden öğrendik kendisine teşekkür ediyorum. A la carte restoranda yediğimiz antrikot efsaneydi aşçının ellerine sağlık. Otel tam bir aile oteli zaten herkes ailesiyle gelmişti ve çocuk sayısı oldukça fazlaydı :) Tek başına ya da kızkıza gelecek hemcinslerime tavsiye ederim rahatsızlık yaşayacaklarını düşünmüyorum. Plajda şezlong şemsiye sayısı çok baya yeterli başka otellerde yaşadığımız yer bulamama sorununu yaşamadık. Diğer iskelede ve sahilde boş şezlong rahatlıkla bulabilirsiniz. Sadece ana iskele dolu oluyor.Bence otelin en büyük artısı bu benim için deniz ve kafa dinlemek önemliydi ben memnun kaldım.",1661,229,False,Google,CgsIxKPyr6zq4ZTeARAB,2026-08-25T12:33:38+00:00,OK
gm_8e4b09555ebc2a32,BOD103,Green Bay Resort & Spa Bodrum,Güvercinlik,5,HIGH,Google üzerinde 3 hafta önce,2026-08-04,2026,8,2026-08,True,False,"25 - 31Temmuz arası konakladık. Otelin yeri çok güzel ve sakin, yeşil alan bol. Özellikle denizi çok güzeldi durgun ve temizdi, havuzlarda temizdi bakımlıydı. Ayrıca 16 yaş üstü havuzunun olması çok güzel biz orayı kullandık hep. Animasyon ekibi ve tüm çalışanlar çok eğlenceliydi, harika bir tatil geçirdik. Özellikle animasyon ekibinden Mehmet ve Irmakla çok eğlendik, ekipteki herkes samimiydi istediğimiz gibi sohbet ettik. Yemeklerin geneli lezzetliydi, çeşitler yeterliydi. Odamız küçüktü beklentime göre ama temizlik gayet iyiydi hergün yapıldı. Bir öneri olarak camlara sineklik takmaları lazım ve odalardaki masalar biraz eski nemden dolayı bazı yüzeyler yapış yapış gibiydi.","25 - 31Temmuz arası konakladık. Otelin yeri çok güzel ve sakin, yeşil alan bol. Özellikle denizi çok güzeldi durgun ve temizdi, havuzlarda temizdi bakımlıydı. Ayrıca 16 yaş üstü havuzunun olması çok güzel biz orayı kullandık hep. Animasyon ekibi ve tüm çalışanlar çok eğlenceliydi, harika bir tatil geçirdik. Özellikle animasyon ekibinden Mehmet ve Irmakla çok eğlendik, ekipteki herkes samimiydi istediğimiz gibi sohbet ettik. Yemeklerin geneli lezzetliydi, çeşitler yeterliydi. Odamız küçüktü beklentime göre ama temizlik gayet iyiydi hergün yapıldı. Bir öneri olarak camlara sineklik takmaları lazım ve odalardaki masalar biraz eski nemden dolayı bazı yüzeyler yapış yapış gibiydi.",684,96,False,Google,CgsIxKPyr6zq4ZTeARAB,2026-08-25T12:33:38+00:00,OK
gm_8eb6b714373f3d7e,BOD103,Green Bay Resort & Spa Bodrum,Güvercinlik,1,LOW,Google üzerinde 4 hafta önce,2026-07-28,2026,7,2026-07,True,False,Çok sıkıcı bir otel. Ta Ankara dan 3 aile geldik özellikle odalarımız yan yana olsun dedik ve geldiğimiz de hepimiz farklı yerler de odalar verdiler. Verdikleri odanın içerisinde yan odaya açılan bir kapı var ve bunu resepsiyona bildirdiğimizde orası açılmaz cevabını verdiler sonra bu durumdan rahatsız olduğumuz için başka odaya geçtik. Yemekler ve eğlence konusunda otel küçük bir tatil köyü konseptinde içecekler iyi değil yemekler idare eder. Personeller yetersiz derece de bir şey sorduğumuz da başkalarına yönlendiriyolar. Denizi güzel kumdan dolayı denizin temizliği gözükmüyor. Etkinlik çok fazla yok. Oda temizliklikleri normal aşırı bir temizlik yok. Mini bara içki koymuyolar sadece cola fanta. Çok memnun kalınacak bir otel olduğunu düşünmüyorum. Bir daha gelmem,Çok sıkıcı bir otel. Ta Ankara dan 3 aile geldik özellikle odalarımız yan yana olsun dedik ve geldiğimiz de hepimiz farklı yerler de odalar verdiler. Verdikleri odanın içerisinde yan odaya açılan bir kapı var ve bunu resepsiyona bildirdiğimizde orası açılmaz cevabını verdiler sonra bu durumdan rahatsız olduğumuz için başka odaya geçtik. Yemekler ve eğlence konusunda otel küçük bir tatil köyü konseptinde içecekler iyi değil yemekler idare eder. Personeller yetersiz derece de bir şey sorduğumuz da başkalarına yönlendiriyolar. Denizi güzel kumdan dolayı denizin temizliği gözükmüyor. Etkinlik çok fazla yok. Oda temizliklikleri normal aşırı bir temizlik yok. Mini bara içki koymuyolar sadece cola fanta. Çok memnun kalınacak bir otel olduğunu düşünmüyorum. Bir daha gelmem,775,112,False,Google,CgsIxKPyr6zq4ZTeARAB,2026-08-25T12:33:38+00:00,OK
gm_de6fa174a9b20354,BOD103,Green Bay Resort & Spa Bodrum,Güvercinlik,3,MIXED,Google üzerinde 2 ay önce,2026-06-26,2026,6,2026-06,True,False,"Green Bay Resort’ta konakladığımız süre boyunca genel olarak memnun kalmadık diyemem. Öncelikle denizinden bahsetmek isterim; bugüne kadar gördüğüm en güzel denizlerden biri diyebilirim. Deniz oldukça temiz, sakin ve neredeyse tamamen …","Green Bay Resort’ta konakladığımız süre boyunca genel olarak memnun kalmadık diyemem. Öncelikle denizinden bahsetmek isterim; bugüne kadar gördüğüm en güzel denizlerden biri diyebilirim. Deniz oldukça temiz, sakin ve neredeyse tamamen ...",238,31,False,Google,CgsIxKPyr6zq4ZTeARAB,2026-08-25T12:33:38+00:00,OK
gm_fa35467b5b65e6e8,BOD103,Green Bay Resort & Spa Bodrum,Güvercinlik,5,HIGH,Google üzerinde 2 ay önce,2026-06-26,2026,6,2026-06,True,False,6-10 Haziran tarihleri arasında eşim ve çocuğumla birlikte 4 gece 5 gün konakladık. Otele sabah 11:00 civarında ulaştık. Odaların saat 14:00'te hazır olacağı söylendi ancak bu süre boyunca otelin tüm imkanlarından faydalanabileceğimiz …,6-10 Haziran tarihleri arasında eşim ve çocuğumla birlikte 4 gece 5 gün konakladık. Otele sabah 11:00 civarında ulaştık. Odaların saat 14:00'te hazır olacağı söylendi ancak bu süre boyunca otelin tüm imkanlarından faydalanabileceğimiz ...,238,33,False,Google,CgsIxKPyr6zq4ZTeARAB,2026-08-25T12:33:38+00:00,OK
gm_318bd33fcfd95fc1,BOD103,Green Bay Resort & Spa Bodrum,Güvercinlik,2,LOW,Google üzerinde bir ay önce düzenlendi,2026-07-26,2026,7,2026-07,True,True,"Otele dört geceliğine geldik ama verdiğimiz paraya üzülmesek geldiğimiz gün dönecektik. Manzara deniz olağanüstü. Bu manzaraya çok yazık edilmiş. Odalar çok küçük, çok eski ve pis. İçerisi sivrisinek dolu. Şikayetimizi ilettik spreyle …","Otele dört geceliğine geldik ama verdiğimiz paraya üzülmesek geldiğimiz gün dönecektik. Manzara deniz olağanüstü. Bu manzaraya çok yazık edilmiş. Odalar çok küçük, çok eski ve pis. İçerisi sivrisinek dolu. Şikayetimizi ilettik spreyle ...",238,33,False,Google,CgsIxKPyr6zq4ZTeARAB,2026-08-25T12:33:39+00:00,OK
gm_0199b073cfbb942b,BOD103,Green Bay Resort & Spa Bodrum,Güvercinlik,5,HIGH,Google üzerinde 3 ay önce,2026-05-27,2026,5,2026-05,True,False,"Keşke daha önce gelseydim dediğim bir otel oldu benim için. İlk olarak ulaşım çok kolay havalimanından 20 dakika, otel çok büyük bir koyda ve yeşillikler içerisinde. Otel çalışanların hepsi çok güler yüzlü ve her an size yardımcı olabilmek …","Keşke daha önce gelseydim dediğim bir otel oldu benim için. İlk olarak ulaşım çok kolay havalimanından 20 dakika, otel çok büyük bir koyda ve yeşillikler içerisinde. Otel çalışanların hepsi çok güler yüzlü ve her an size yardımcı olabilmek ...",243,39,False,Google,CgsIxKPyr6zq4ZTeARAB,2026-08-25T12:33:39+00:00,OK
gm_d2a7987cac52bdf3,BOD103,Green Bay Resort & Spa Bodrum,Güvercinlik,4,HIGH,Google üzerinde 2 ay önce,2026-06-26,2026,6,2026-06,True,False,Haziran 2026’da 5 gece konaklama yaptık. Balayı odası olmasına rağmen oda seçimini upgrade etmediler. Odaların temizliği iyiydi. Balayı odası olduğu için meyve ve şarap ikramı vardı. Otelin konumu ve denizi muhteşem. Yemekler genelde aynı …,Haziran 2026’da 5 gece konaklama yaptık. Balayı odası olmasına rağmen oda seçimini upgrade etmediler. Odaların temizliği iyiydi. Balayı odası olduğu için meyve ve şarap ikramı vardı. Otelin konumu ve denizi muhteşem. Yemekler genelde aynı ...,242,35,False,Google,CgsIxKPyr6zq4ZTeARAB,2026-08-25T12:33:39+00:00,OK
gm_1e85cd15114c31ef,BOD103,Green Bay Resort & Spa Bodrum,Güvercinlik,3,MIXED,Google üzerinde 2 ay önce,2026-06-26,2026,6,2026-06,True,False,Yorumları okuyarak büyük bir tereddütle gelecek iken mayıs başı son okuduğumuz yorumlar gelene kadar motivasyonumuzu arttırmıştı. Ta ki gelip her şeyi görüp yazılan o sezon başı müthiş yorumları personellere ve çevrelerindeki insanlara …,Yorumları okuyarak büyük bir tereddütle gelecek iken mayıs başı son okuduğumuz yorumlar gelene kadar motivasyonumuzu arttırmıştı. Ta ki gelip her şeyi görüp yazılan o sezon başı müthiş yorumları personellere ve çevrelerindeki insanlara ...,239,33,False,Google,CgsIxKPyr6zq4ZTeARAB,2026-08-25T12:33:39+00:00,OK
gm_d5c9379573b0217a,BOD103,Green Bay Resort & Spa Bodrum,Güvercinlik,3,MIXED,Google üzerinde 2 ay önce düzenlendi,2026-06-26,2026,6,2026-06,True,True,Kurban bayramı için geldik yorumlara baktığımızda herşey çok güzel görünüyordu ama sırasıyla belirtmek isterim 4 günde yaşadıklarımı. Odalar fena değil giriş katta kaldığımız için sineklik bozuktu butun gün içeriden salyangoz ve sivri sinek …,Kurban bayramı için geldik yorumlara baktığımızda herşey çok güzel görünüyordu ama sırasıyla belirtmek isterim 4 günde yaşadıklarımı. Odalar fena değil giriş katta kaldığımız için sineklik bozuktu butun gün içeriden salyangoz ve sivri sinek ...,244,34,False,Google,CgsIxKPyr6zq4ZTeARAB,2026-08-25T12:33:39+00:00,OK
gm_82835a381bc71d1d,BOD103,Green Bay Resort & Spa Bodrum,Güvercinlik,1,LOW,Google üzerinde 2 ay önce,2026-06-26,2026,6,2026-06,True,False,"Öncelikle denizi ve plajı çok güzel konumu da çok güzel denizi çarşaf gibi daha önce bir çok koy ve plaja sahile gitmiş biri olarak bu yorumu yapıyorum.
Odada ciddi anlamda hijyen sorunu var çarşaflarda kıl vardı değiştirmiyorlar …",Öncelikle denizi ve plajı çok güzel konumu da çok güzel denizi çarşaf gibi daha önce bir çok koy ve plaja sahile gitmiş biri olarak bu yorumu yapıyorum. Odada ciddi anlamda hijyen sorunu var çarşaflarda kıl vardı değiştirmiyorlar ...,233,38,False,Google,CgsIxKPyr6zq4ZTeARAB,2026-08-25T12:33:39+00:00,OK
gm_0d05a170d20ed563,BOD103,Green Bay Resort & Spa Bodrum,Güvercinlik,5,HIGH,Google üzerinde 2 ay önce,2026-06-26,2026,6,2026-06,True,False,Uzun süre sonra yaptığımız 5* ve her şey dahil konsept konaklamalarından biriydi. Otel çocuklu aileler için muazzam. Her şey ulaşılabilir ve otelin büyüklüğü içinde kaybolacak ölçüde olmaması açısından oldukça güzel. Çalışan sayısı oldukça …,Uzun süre sonra yaptığımız 5* ve her şey dahil konsept konaklamalarından biriydi. Otel çocuklu aileler için muazzam. Her şey ulaşılabilir ve otelin büyüklüğü içinde kaybolacak ölçüde olmaması açısından oldukça güzel. Çalışan sayısı oldukça ...,243,34,False,Google,CgsIxKPyr6zq4ZTeARAB,2026-08-25T12:33:40+00:00,OK
gm_369197c415c1ccfc,BOD103,Green Bay Resort & Spa Bodrum,Güvercinlik,5,HIGH,Google üzerinde bir ay önce,2026-07-26,2026,7,2026-07,True,False,"Green Bay Resort'ta güzel bir tatil geçirdik. Otelin en büyük avantajı koydaki tek otel olması. Muhteşem bir doğanın içinde, sakin ve berrak deniziyle gerçekten dinlendirici bir ortam sunuyor. Otel tam dolu olmasına rağmen koyun genişliği …","Green Bay Resort'ta güzel bir tatil geçirdik. Otelin en büyük avantajı koydaki tek otel olması. Muhteşem bir doğanın içinde, sakin ve berrak deniziyle gerçekten dinlendirici bir ortam sunuyor. Otel tam dolu olmasına rağmen koyun genişliği ...",242,36,False,Google,CgsIxKPyr6zq4ZTeARAB,2026-08-25T12:33:40+00:00,OK
gm_a6de3a986d57e9ee,BOD103,Green Bay Resort & Spa Bodrum,Güvercinlik,3,MIXED,Google üzerinde 2 ay önce,2026-06-26,2026,6,2026-06,True,False,"Green Bay Resort’ta konakladığımız süre boyunca genel olarak memnun kalmadık diyemem. Öncelikle denizinden bahsetmek isterim; bugüne kadar gördüğüm en güzel denizlerden biri diyebilirim. Deniz oldukça temiz, sakin ve neredeyse tamamen dalgasız. Deniz sevenler için gerçekten büyük bir avantaj.
Odalar temiz ve düzenliydi. Odanın renkleri ve dekorasyonu da ferah ve iç açıcı bir atmosfer oluşturuyor. Wi-Fi sorunsuz çalışıyor.
Yemek çeşitliliği oldukça fazla. Lezzetler çok üst düzey olmasa da kesinlikle kötü değil; herkesin kendine uygun bir şey bulabileceği kadar seçenek bulunuyor.
Ancak otelin bazı eksikleri de var. En dikkat çeken konu personel yetersizliği. Çalışanlar ellerinden geleni yapmaya çalışıyor ancak misafir yoğunluğu nedeniyle yetişmekte zorlanıyorlar. Personelin oldukça yorgun olduğu hissediliyor ve otelin kapasitesinin üzerinde misafir ağırladığını düşündüren bir kalabalık mevcut.
Bu yoğunluğun hizmet kalitesine de yansıdığını düşünüyorum. Özellikle restoran ve bar bölümlerinde hizmet oldukça zayıf. Çoğu zaman içeceklerinizi kendiniz gidip almak durumunda kalıyorsunuz ve misafirlerle yeterince ilgilenilemiyor. Buna karşılık bazı yabancı misafirlere daha fazla ilgi gösterildiğini, hatta içeceklerin masalarına kadar servis edildiğini gözlemledik. Bu durum yerli misafirler açısından hoş bir izlenim bırakmıyor. Lobide görev yapan ekip ise oldukça ilgili ve yardımcıydı.
Sessiz ve huzurlu bir tatil arayanlara çok uygun olmayabilir. Otelde çok sayıda çocuklu aile bulunuyor ve gün boyu çocuk sesleri yoğun şekilde hissediliyor. Buna karşılık çocuklu aileler için bazı aktiviteler mevcut.
Aktivite konusunda da beklentiyi çok yüksek tutmamak gerekiyor. Hem çocuklar hem de yetişkinler için etkinlikler olsa da gün boyu dolu dolu bir program sunulduğunu söyleyemem. Animasyon ve aktiviteler belirli saatlerle sınırlı kalıyor, bu nedenle daha hareketli ve eğlence odaklı bir tatil arayanlar beklentilerini buna göre ayarlamalı.
Bir diğer önemli eksik ise sivrisinek ve böcek problemi. Otel ormanlık bir koyun içinde yer aldığı için bu durum bir noktaya kadar anlaşılabilir olsa da yapılan ilaçlamaların yeterli olmadığını düşünüyorum. Özellikle akşam saatlerinde sivrisinekler oldukça rahatsız ediyor. Isırıklar sonrasında ciddi kaşıntı ve şişlik yaşadık.
Sonuç olarak Green Bay Resort’un en güçlü yanı kesinlikle denizi. Muhteşem denizi, temiz odaları ve geniş yemek seçenekleriyle güzel bir tatil geçirilebilir. Ancak yoğunluk, personel yetersizliği, hizmet kalitesi, sınırlı aktiviteler ve sivrisinek sorunu nedeniyle geliştirilmesi gereken noktalar olduğunu düşünüyorum.","Green Bay Resort’ta konakladığımız süre boyunca genel olarak memnun kalmadık diyemem. Öncelikle denizinden bahsetmek isterim; bugüne kadar gördüğüm en güzel denizlerden biri diyebilirim. Deniz oldukça temiz, sakin ve neredeyse tamamen dalgasız. Deniz sevenler için gerçekten büyük bir avantaj. Odalar temiz ve düzenliydi. Odanın renkleri ve dekorasyonu da ferah ve iç açıcı bir atmosfer oluşturuyor. Wi-Fi sorunsuz çalışıyor. Yemek çeşitliliği oldukça fazla. Lezzetler çok üst düzey olmasa da kesinlikle kötü değil; herkesin kendine uygun bir şey bulabileceği kadar seçenek bulunuyor. Ancak otelin bazı eksikleri de var. En dikkat çeken konu personel yetersizliği. Çalışanlar ellerinden geleni yapmaya çalışıyor ancak misafir yoğunluğu nedeniyle yetişmekte zorlanıyorlar. Personelin oldukça yorgun olduğu hissediliyor ve otelin kapasitesinin üzerinde misafir ağırladığını düşündüren bir kalabalık mevcut. Bu yoğunluğun hizmet kalitesine de yansıdığını düşünüyorum. Özellikle restoran ve bar bölümlerinde hizmet oldukça zayıf. Çoğu zaman içeceklerinizi kendiniz gidip almak durumunda kalıyorsunuz ve misafirlerle yeterince ilgilenilemiyor. Buna karşılık bazı yabancı misafirlere daha fazla ilgi gösterildiğini, hatta içeceklerin masalarına kadar servis edildiğini gözlemledik. Bu durum yerli misafirler açısından hoş bir izlenim bırakmıyor. Lobide görev yapan ekip ise oldukça ilgili ve yardımcıydı. Sessiz ve huzurlu bir tatil arayanlara çok uygun olmayabilir. Otelde çok sayıda çocuklu aile bulunuyor ve gün boyu çocuk sesleri yoğun şekilde hissediliyor. Buna karşılık çocuklu aileler için bazı aktiviteler mevcut. Aktivite konusunda da beklentiyi çok yüksek tutmamak gerekiyor. Hem çocuklar hem de yetişkinler için etkinlikler olsa da gün boyu dolu dolu bir program sunulduğunu söyleyemem. Animasyon ve aktiviteler belirli saatlerle sınırlı kalıyor, bu nedenle daha hareketli ve eğlence odaklı bir tatil arayanlar beklentilerini buna göre ayarlamalı. Bir diğer önemli eksik ise sivrisinek ve böcek problemi. Otel ormanlık bir koyun içinde yer aldığı için bu durum bir noktaya kadar anlaşılabilir olsa da yapılan ilaçlamaların yeterli olmadığını düşünüyorum. Özellikle akşam saatlerinde sivrisinekler oldukça rahatsız ediyor. Isırıklar sonrasında ciddi kaşıntı ve şişlik yaşadık. Sonuç olarak Green Bay Resort’un en güçlü yanı kesinlikle denizi. Muhteşem denizi, temiz odaları ve geniş yemek seçenekleriyle güzel bir tatil geçirilebilir. Ancak yoğunluk, personel yetersizliği, hizmet kalitesi, sınırlı aktiviteler ve sivrisinek sorunu nedeniyle geliştirilmesi gereken noktalar olduğunu düşünüyorum.",2599,338,False,Google,CgsIxKPyr6zq4ZTeARAB,2026-08-25T12:33:56+00:00,OK
gm_a61dd02a56662fcd,BOD103,Green Bay Resort & Spa Bodrum,Güvercinlik,5,HIGH,Google üzerinde 2 ay önce,2026-06-26,2026,6,2026-06,True,False,"6-10 Haziran tarihleri arasında eşim ve çocuğumla birlikte 4 gece 5 gün konakladık. Otele sabah 11:00 civarında ulaştık. Odaların saat 14:00'te hazır olacağı söylendi ancak bu süre boyunca otelin tüm imkanlarından faydalanabileceğimiz belirtildi.
Genel olarak otelden oldukça memnun ayrıldık. Antalya veya Bodrum’daki ultra lüks tesislerle kıyaslamadığınız sürece, fiyat-performans açısından kesinlikle başarılı ve 5 yıldızı hak eden bir otel olduğunu düşünüyorum.
Beğendiğimiz noktalar:
Snack barın sipariş usulü çalışması ve ürünlerin oldukça lezzetli olması. Özellikle pizza ve makarnaları çok başarılıydı.
Deniz harika; dalgasız, temiz ve korunaklı bir koyda yer alıyor.
Şezlong bulma konusunda hiçbir sıkıntı yaşamadık, günün her saatinde boş yer vardı.
Restoran ve snack barların sahile yakın olması büyük rahatlık sağlıyor.
Personel son derece ilgili, yardımsever ve güler yüzlü.
Odalar her gün düzenli temizleniyor, minibar da günlük olarak yenileniyor.
Waffle ve gözleme alanı çok keyifli; hem dinlenmek hem de lezzetli atıştırmalıklar için ideal.
Ortak kullanım alanlarındaki tuvaletler oldukça temizdi.
Havuzların temizliği başarılıydı.
Orman içinde yer alması ve gün batımı manzarası gerçekten etkileyici.
Izgara çeşitleri ve mezeler çok lezzetliydi.
Akşamları düzenlenen canlı müzik ve animasyon gösterileri kaliteli ve eğlenceliydi.
Kids Club başarılıydı, çocuğumuz keyifli vakit geçirdi.
Çocuk havuzu temiz ve bakımlıydı.
Gün boyu soğuk kahve bulabilmek güzel bir detaydı.
Türk kahvesinin ücretsiz olması da hoşumuza gitti.
Geliştirilebilecek noktalar:
Odalardaki ahşap mobilyaların yüzeyleri yapışkan hissi veriyordu. Görüştüğümüz kadarıyla birçok odada benzer durum vardı ancak bizim için çok büyük bir sorun olmadı.
Yemek çeşitliliği biraz daha artırılabilir. Bununla birlikte aç kalmanız mümkün değil; snack bar, ızgaralar ve mezeler yeterli oluyor.
Ormanlık bölgede bulunduğu için özellikle akşam saatlerinde sivrisinek yoğunluğu oldukça fazla. Yanınızda sinek kovucu bulundurmanız faydalı olacaktır.
Kahvaltıda taze sıkılmış portakal suyu olmasını beklerdim.
Bazı yemekler kısa sürede tükenebiliyor ve zaman zaman yenilenmediğini gördük.
Genel olarak huzurlu bir tatil geçirdik. Özellikle çocuklu ailelere ve fiyat-performans odaklı tatil arayanlara gönül rahatlığıyla tavsiye ederim. 🌟","6-10 Haziran tarihleri arasında eşim ve çocuğumla birlikte 4 gece 5 gün konakladık. Otele sabah 11:00 civarında ulaştık. Odaların saat 14:00'te hazır olacağı söylendi ancak bu süre boyunca otelin tüm imkanlarından faydalanabileceğimiz belirtildi. Genel olarak otelden oldukça memnun ayrıldık. Antalya veya Bodrum’daki ultra lüks tesislerle kıyaslamadığınız sürece, fiyat-performans açısından kesinlikle başarılı ve 5 yıldızı hak eden bir otel olduğunu düşünüyorum. Beğendiğimiz noktalar: Snack barın sipariş usulü çalışması ve ürünlerin oldukça lezzetli olması. Özellikle pizza ve makarnaları çok başarılıydı. Deniz harika; dalgasız, temiz ve korunaklı bir koyda yer alıyor. Şezlong bulma konusunda hiçbir sıkıntı yaşamadık, günün her saatinde boş yer vardı. Restoran ve snack barların sahile yakın olması büyük rahatlık sağlıyor. Personel son derece ilgili, yardımsever ve güler yüzlü. Odalar her gün düzenli temizleniyor, minibar da günlük olarak yenileniyor. Waffle ve gözleme alanı çok keyifli; hem dinlenmek hem de lezzetli atıştırmalıklar için ideal. Ortak kullanım alanlarındaki tuvaletler oldukça temizdi. Havuzların temizliği başarılıydı. Orman içinde yer alması ve gün batımı manzarası gerçekten etkileyici. Izgara çeşitleri ve mezeler çok lezzetliydi. Akşamları düzenlenen canlı müzik ve animasyon gösterileri kaliteli ve eğlenceliydi. Kids Club başarılıydı, çocuğumuz keyifli vakit geçirdi. Çocuk havuzu temiz ve bakımlıydı. Gün boyu soğuk kahve bulabilmek güzel bir detaydı. Türk kahvesinin ücretsiz olması da hoşumuza gitti. Geliştirilebilecek noktalar: Odalardaki ahşap mobilyaların yüzeyleri yapışkan hissi veriyordu. Görüştüğümüz kadarıyla birçok odada benzer durum vardı ancak bizim için çok büyük bir sorun olmadı. Yemek çeşitliliği biraz daha artırılabilir. Bununla birlikte aç kalmanız mümkün değil; snack bar, ızgaralar ve mezeler yeterli oluyor. Ormanlık bölgede bulunduğu için özellikle akşam saatlerinde sivrisinek yoğunluğu oldukça fazla. Yanınızda sinek kovucu bulundurmanız faydalı olacaktır. Kahvaltıda taze sıkılmış portakal suyu olmasını beklerdim. Bazı yemekler kısa sürede tükenebiliyor ve zaman zaman yenilenmediğini gördük. Genel olarak huzurlu bir tatil geçirdik. Özellikle çocuklu ailelere ve fiyat-performans odaklı tatil arayanlara gönül rahatlığıyla tavsiye ederim. 🌟",2307,299,False,Google,CgsIxKPyr6zq4ZTeARAB,2026-08-25T12:33:56+00:00,OK
gm_331d8bd0f6f02b65,BOD103,Green Bay Resort & Spa Bodrum,Güvercinlik,2,LOW,Google üzerinde bir ay önce düzenlendi,2026-07-26,2026,7,2026-07,True,True,"Otele dört geceliğine geldik ama verdiğimiz paraya üzülmesek geldiğimiz gün dönecektik. Manzara deniz olağanüstü. Bu manzaraya çok yazık edilmiş. Odalar çok küçük, çok eski ve pis. İçerisi sivrisinek dolu. Şikayetimizi ilettik spreyle ilaçladılar. Yerler ölü sivrisinek dolu öylece gittiler. Banyoda havalandırma yok ilettik ancak hiçbir şey yapılmadı. Yemekler çeşitli ancak iştah kapatıcı. Kahvaltıda yarım bardak çay içebildim sadece. Yemeklerin üzerinde sinekler uçuşuyor kimse oralı değil. Bütün bir yıl tatil hayali kurup geliyorsun geldiğin otel pislik içinde. Çok can sıkıcı gerçekten.
Yorumuma güncelleme yapmak istedim. Tatilimizin ikinci günü şikayetlerimi misafir ilişkilerinden Pırıl Hanım’a ilettim. Beni çok güzel bir şekilde dinledi ve durumumu çok iyi anladı. Tatilimizi daha iyi bir hale getirmek için elinden geleni yaptı. Buradan kendisine çok teşekkür ediyoruz. Otelin iki güzel tarafı var. Birincisi olağanüstü manzarası ve Pırıl Hanım gibi bir değeri.","Otele dört geceliğine geldik ama verdiğimiz paraya üzülmesek geldiğimiz gün dönecektik. Manzara deniz olağanüstü. Bu manzaraya çok yazık edilmiş. Odalar çok küçük, çok eski ve pis. İçerisi sivrisinek dolu. Şikayetimizi ilettik spreyle ilaçladılar. Yerler ölü sivrisinek dolu öylece gittiler. Banyoda havalandırma yok ilettik ancak hiçbir şey yapılmadı. Yemekler çeşitli ancak iştah kapatıcı. Kahvaltıda yarım bardak çay içebildim sadece. Yemeklerin üzerinde sinekler uçuşuyor kimse oralı değil. Bütün bir yıl tatil hayali kurup geliyorsun geldiğin otel pislik içinde. Çok can sıkıcı gerçekten. Yorumuma güncelleme yapmak istedim. Tatilimizin ikinci günü şikayetlerimi misafir ilişkilerinden Pırıl Hanım’a ilettim. Beni çok güzel bir şekilde dinledi ve durumumu çok iyi anladı. Tatilimizi daha iyi bir hale getirmek için elinden geleni yaptı. Buradan kendisine çok teşekkür ediyoruz. Otelin iki güzel tarafı var. Birincisi olağanüstü manzarası ve Pırıl Hanım gibi bir değeri.",974,133,False,Google,CgsIxKPyr6zq4ZTeARAB,2026-08-25T12:33:56+00:00,OK
gm_32679563cdd7ff34,BOD103,Green Bay Resort & Spa Bodrum,Güvercinlik,5,HIGH,Google üzerinde 3 ay önce,2026-05-27,2026,5,2026-05,True,False,"Keşke daha önce gelseydim dediğim bir otel oldu benim için. İlk olarak ulaşım çok kolay havalimanından 20 dakika, otel çok büyük bir koyda ve yeşillikler içerisinde. Otel çalışanların hepsi çok güler yüzlü ve her an size yardımcı olabilmek için yanınızdalar. Girişte karşılama çok güzel ve hızlıydı, hiç beklemeden erken gitmemize rağmen odalarımıza giriş yaptık. Odalar temiz düzenli ve amacına fazlasıyla hizmet ediyor. Biz Deniz manzaralı oda da kaldık çok beğendik. Otel düz ayak olmakla birlikte tüm alanlar, restoran, snack, barlar kısacası ulaşmak isteyeceğiniz her yer birkaç adım mesafede. Hemen hemen her şey birkaç adım ötemizde. Plaj, Deniz ve iskele gerçekten çok güzel ve tüm üniteler yeni. Tüm alanlarında sunulan yemekler, fast food yiyecekler tatlılar, içecekler markalı ve çok başarılı. Zeytinyağlılara ayrıca değinmek isterim. Spa merkezi ise bugüne kadar gördüklerimin en iyilerinden, sunulan hizmetler gerçekten çok kaliteli ve başarılı. Spa Merkezi yöneticileri ve ekip mükemmel. Daha anlatacak birçok şey var ama buraya sığmaz gibi geliyor, kesinlikle gelinmesi gereken tam bir fiyat performans oteli. Fazlası var azı yok emin olabilirsiniz. Tüm çalışan ve ekip üyelerine ilgi ve alakaları için teşekkür ederken Pırıl hanıma ayrıca değinmek isterim. Otele giriş yaptığımız ilk günden itibaren her gün bizimle iletişim kurarak oluşabilecek ihtiyaçlarımızla ilgili olarak yardımcı olmaya çalışması ve yardımcı olması burada bizi özel hissettirdi. İlk fırsatta tekrar gelmek dileğiyle. Her şey için teşekkürler...","Keşke daha önce gelseydim dediğim bir otel oldu benim için. İlk olarak ulaşım çok kolay havalimanından 20 dakika, otel çok büyük bir koyda ve yeşillikler içerisinde. Otel çalışanların hepsi çok güler yüzlü ve her an size yardımcı olabilmek için yanınızdalar. Girişte karşılama çok güzel ve hızlıydı, hiç beklemeden erken gitmemize rağmen odalarımıza giriş yaptık. Odalar temiz düzenli ve amacına fazlasıyla hizmet ediyor. Biz Deniz manzaralı oda da kaldık çok beğendik. Otel düz ayak olmakla birlikte tüm alanlar, restoran, snack, barlar kısacası ulaşmak isteyeceğiniz her yer birkaç adım mesafede. Hemen hemen her şey birkaç adım ötemizde. Plaj, Deniz ve iskele gerçekten çok güzel ve tüm üniteler yeni. Tüm alanlarında sunulan yemekler, fast food yiyecekler tatlılar, içecekler markalı ve çok başarılı. Zeytinyağlılara ayrıca değinmek isterim. Spa merkezi ise bugüne kadar gördüklerimin en iyilerinden, sunulan hizmetler gerçekten çok kaliteli ve başarılı. Spa Merkezi yöneticileri ve ekip mükemmel. Daha anlatacak birçok şey var ama buraya sığmaz gibi geliyor, kesinlikle gelinmesi gereken tam bir fiyat performans oteli. Fazlası var azı yok emin olabilirsiniz. Tüm çalışan ve ekip üyelerine ilgi ve alakaları için teşekkür ederken Pırıl hanıma ayrıca değinmek isterim. Otele giriş yaptığımız ilk günden itibaren her gün bizimle iletişim kurarak oluşabilecek ihtiyaçlarımızla ilgili olarak yardımcı olmaya çalışması ve yardımcı olması burada bizi özel hissettirdi. İlk fırsatta tekrar gelmek dileğiyle. Her şey için teşekkürler...",1533,218,False,Google,CgsIxKPyr6zq4ZTeARAB,2026-08-25T12:33:56+00:00,OK
gm_82de1148f053f3f8,BOD103,Green Bay Resort & Spa Bodrum,Güvercinlik,4,HIGH,Google üzerinde 2 ay önce,2026-06-26,2026,6,2026-06,True,False,"Haziran 2026’da 5 gece konaklama yaptık. Balayı odası olmasına rağmen oda seçimini upgrade etmediler. Odaların temizliği iyiydi. Balayı odası olduğu için meyve ve şarap ikramı vardı. Otelin konumu ve denizi muhteşem. Yemekler genelde aynı ve değişmiyor. Lezzet çok iyi değil. Animasyon olarak içeride alanlar sınırlı maalesef, yine de animatör arkadaşlar ellerinden geldiği kadar ilgilenmeye çalışıyorlar.","Haziran 2026’da 5 gece konaklama yaptık. Balayı odası olmasına rağmen oda seçimini upgrade etmediler. Odaların temizliği iyiydi. Balayı odası olduğu için meyve ve şarap ikramı vardı. Otelin konumu ve denizi muhteşem. Yemekler genelde aynı ve değişmiyor. Lezzet çok iyi değil. Animasyon olarak içeride alanlar sınırlı maalesef, yine de animatör arkadaşlar ellerinden geldiği kadar ilgilenmeye çalışıyorlar.",405,55,False,Google,CgsIxKPyr6zq4ZTeARAB,2026-08-25T12:33:57+00:00,OK
gm_f549d94bd0c7493d,BOD103,Green Bay Resort & Spa Bodrum,Güvercinlik,3,MIXED,Google üzerinde 2 ay önce,2026-06-26,2026,6,2026-06,True,False,"Yorumları okuyarak büyük bir tereddütle gelecek iken mayıs başı son okuduğumuz yorumlar gelene kadar motivasyonumuzu arttırmıştı. Ta ki gelip her şeyi görüp yazılan o sezon başı müthiş yorumları personellere ve çevrelerindeki insanlara yaptırdıklarını anlayana kadar.
Otelin lokasyonu denizin güzelliği manzarası oda temizliği içkileri ve baklavaları harika.
Özellikle etkinlikleri kesinlikle çok başarılı.
Ancak ne yazık ki yemek konusunda iyi diyebileceğim tek bir malzeme mevcut değil. Çok fazla sinek böcek var bunun sebebi ilaçlamanın yapılmamış olmasıdır. Daha önce torosların dibinde tatil yapmış biri olarak söylüyorum ki tek bir sineğe rastlamamıştım. Restoranda dünyanın en kötü yemeği seçilerek tescillenmiş kapuska çıkmasından her sabah sabit İngiliz fasülyesi menemen ve omlet sürekli aynı sıcaklar ile kendilerini tekrarlamaktalar. Hamur işi mevcut ancak mayalanamamış ve tadı tuzu olmayan iç malzemesi ufak dokundurulmuş hamur benzeri bir iş... Çeşit fazla ancak lezzet yok ve yiyeceklerin üzerine de ne olduğunu yazma zahmetinde bulunmamaları işletme olarak ne kadar acemi olduklarının göstergesi maalesef.. Her gün çıkardıkları köfte çamur gibi, tavukları iyi pişmemiş, ana yemek beklentiniz olmamalı, makarnasının tadı bile düzgün olmayan bir işeletmeymiş ve bu tatilin 6 ay taksidini ödeyecek olmanın da derin üzüntüsü içerisindeyim... Geleceklere tavsiyem daha önceden çok iyi tatiller yapmamışsanız belki tatmin eder ancak yine de beklentiniz asla olmamalı. Mayıs haziran fiyatı çevreye göre uygun ancak temmuz fiyatı bu özensizliğe göre fazla şişirilmiş aynı fiyata özellikle antalya göynükte çok üst seviye tatil yapacağınız oteller mevcut.
Bir kış çalışıp tatil bekleyip üzerine taksit ödeyip yemek lezzet konusunda hayal kırıklığı yaşamak istemiyorsanız bu oteli seçeneklerinizden direkt elemenizi öneririm.
Deniz, etkinlik ve konum önceliğiniz ise memnun kalırsınız.","Yorumları okuyarak büyük bir tereddütle gelecek iken mayıs başı son okuduğumuz yorumlar gelene kadar motivasyonumuzu arttırmıştı. Ta ki gelip her şeyi görüp yazılan o sezon başı müthiş yorumları personellere ve çevrelerindeki insanlara yaptırdıklarını anlayana kadar. Otelin lokasyonu denizin güzelliği manzarası oda temizliği içkileri ve baklavaları harika. Özellikle etkinlikleri kesinlikle çok başarılı. Ancak ne yazık ki yemek konusunda iyi diyebileceğim tek bir malzeme mevcut değil. Çok fazla sinek böcek var bunun sebebi ilaçlamanın yapılmamış olmasıdır. Daha önce torosların dibinde tatil yapmış biri olarak söylüyorum ki tek bir sineğe rastlamamıştım. Restoranda dünyanın en kötü yemeği seçilerek tescillenmiş kapuska çıkmasından her sabah sabit İngiliz fasülyesi menemen ve omlet sürekli aynı sıcaklar ile kendilerini tekrarlamaktalar. Hamur işi mevcut ancak mayalanamamış ve tadı tuzu olmayan iç malzemesi ufak dokundurulmuş hamur benzeri bir iş... Çeşit fazla ancak lezzet yok ve yiyeceklerin üzerine de ne olduğunu yazma zahmetinde bulunmamaları işletme olarak ne kadar acemi olduklarının göstergesi maalesef.. Her gün çıkardıkları köfte çamur gibi, tavukları iyi pişmemiş, ana yemek beklentiniz olmamalı, makarnasının tadı bile düzgün olmayan bir işeletmeymiş ve bu tatilin 6 ay taksidini ödeyecek olmanın da derin üzüntüsü içerisindeyim... Geleceklere tavsiyem daha önceden çok iyi tatiller yapmamışsanız belki tatmin eder ancak yine de beklentiniz asla olmamalı. Mayıs haziran fiyatı çevreye göre uygun ancak temmuz fiyatı bu özensizliğe göre fazla şişirilmiş aynı fiyata özellikle antalya göynükte çok üst seviye tatil yapacağınız oteller mevcut. Bir kış çalışıp tatil bekleyip üzerine taksit ödeyip yemek lezzet konusunda hayal kırıklığı yaşamak istemiyorsanız bu oteli seçeneklerinizden direkt elemenizi öneririm. Deniz, etkinlik ve konum önceliğiniz ise memnun kalırsınız.",1892,254,False,Google,CgsIxKPyr6zq4ZTeARAB,2026-08-25T12:33:57+00:00,OK
gm_08a9e9f949a1f6b8,BOD103,Green Bay Resort & Spa Bodrum,Güvercinlik,3,MIXED,Google üzerinde 2 ay önce düzenlendi,2026-06-26,2026,6,2026-06,True,True,"Kurban bayramı için geldik yorumlara baktığımızda herşey çok güzel görünüyordu ama sırasıyla belirtmek isterim 4 günde yaşadıklarımı. Odalar fena değil giriş katta kaldığımız için sineklik bozuktu butun gün içeriden salyangoz ve sivri sinek avladık, iyi yönünden bakalım avcılığımız gelişti. Hizmet olarak mutfak berbattı tek güzel olan hamur işleriydi ama ona hep aynı çeşitti her güne farklı çeşitler çıkmasını veya biraz daha lezzetli olmasını beklerdim, alevli şatafatlı pekin ördeği beklemedik ama pilavın pişmesini köftenin bitık lezzetli olmasını dilerdim. 3. Akşam yemeği menüsü ve aynı yemekler sunuldu hep. Bir sıkıntıda tabak bardak ve çatallar pisti, onada iyi tarafından bakalım bağışıklık kazandık. Onun dışında özellikle çocuk havuzundan yağmur çok ilgili ve sevimliydi sanki oteldeki bütün açığı kapatmaya çalışıyormuş gibi, ama diğer öğrenci çocuklarda iyiydi haklarını yemek doğru olmaz. Snack bar daki efe ye animasyondaki mehmet e hayran kaldık. Ne beklediğinizle doğru orantılı. Çok kalabalık olmasına rağmen huzurlu bir tatıl geçirdik.","Kurban bayramı için geldik yorumlara baktığımızda herşey çok güzel görünüyordu ama sırasıyla belirtmek isterim 4 günde yaşadıklarımı. Odalar fena değil giriş katta kaldığımız için sineklik bozuktu butun gün içeriden salyangoz ve sivri sinek avladık, iyi yönünden bakalım avcılığımız gelişti. Hizmet olarak mutfak berbattı tek güzel olan hamur işleriydi ama ona hep aynı çeşitti her güne farklı çeşitler çıkmasını veya biraz daha lezzetli olmasını beklerdim, alevli şatafatlı pekin ördeği beklemedik ama pilavın pişmesini köftenin bitık lezzetli olmasını dilerdim. 3. Akşam yemeği menüsü ve aynı yemekler sunuldu hep. Bir sıkıntıda tabak bardak ve çatallar pisti, onada iyi tarafından bakalım bağışıklık kazandık. Onun dışında özellikle çocuk havuzundan yağmur çok ilgili ve sevimliydi sanki oteldeki bütün açığı kapatmaya çalışıyormuş gibi, ama diğer öğrenci çocuklarda iyiydi haklarını yemek doğru olmaz. Snack bar daki efe ye animasyondaki mehmet e hayran kaldık. Ne beklediğinizle doğru orantılı. Çok kalabalık olmasına rağmen huzurlu bir tatıl geçirdik.",1057,147,False,Google,CgsIxKPyr6zq4ZTeARAB,2026-08-25T12:33:57+00:00,OK
gm_63a98ba5e82d0dba,BOD103,Green Bay Resort & Spa Bodrum,Güvercinlik,1,LOW,Google üzerinde 2 ay önce,2026-06-26,2026,6,2026-06,True,False,"Öncelikle denizi ve plajı çok güzel konumu da çok güzel denizi çarşaf gibi daha önce bir çok koy ve plaja sahile gitmiş biri olarak bu yorumu yapıyorum.
Odada ciddi anlamda hijyen sorunu var çarşaflarda kıl vardı değiştirmiyorlar sinek ve uçan böcekten uyuyamadık her yerimizi ısırdılar ilaçlama yönünden zayıf,yemek konusunda ise yine aynı beğenenleri anlamıyorum 5 yıldızlı bodrumda başka otellere gitmemişler sanırım ben daha önce 2 kere bodrumda 5 yıldızlı otele gittim ilk defa böyle yemekleri lezzetsiz hep aynı yemekleri çıkaran tabakları kirli bardakları lekeli bir otelde kalmadım. Bardakları bile plastik boyası çıkmış ya da bildiğiniz karton bardakta içecek veriyorlar sahilde kırılır diyeymiş ilk defa böyle uygulama duydum sanki normalde kırılmayacak.soğuk kahvesi bile şekerli süt gibiydi. 3 günlük kısırı raftan indirmediler bi daha birçok mezeyi her gün koydular.baklavaları çok güzeldi sürekli tatlı yedim.
Birde acayip bir gider kokusu var açık alanda bile .ben bu yorumu daha önce birçok otele gitmiş biri olarak yapıyorum ve beğenmedim bir dhaa asla . Ayrıca yarın 2 ye kadar olan 4 günlük rezervasyonumu 1 gün erken bitirdim çünkü dayanamadım bugün sabah ayrıldım ha birde ilk girdiğimiz günden beri sıcak su akmıyor dedik personel geldi baktı fakat 3 gündür su düzelmedi kaç kere baktılar soğuk akıyor hep soğuk suyla duş aldık hep bir daha asla gitmem. Salataları da beklemekten solmuş bozulmuştu ana restoran yanındaki genel kadınlar tuvaleti pislik içindeydi mikrop kapmaktan korktum onunda fotoğrafını çekecektim ama midem bulandı.","Öncelikle denizi ve plajı çok güzel konumu da çok güzel denizi çarşaf gibi daha önce bir çok koy ve plaja sahile gitmiş biri olarak bu yorumu yapıyorum. Odada ciddi anlamda hijyen sorunu var çarşaflarda kıl vardı değiştirmiyorlar sinek ve uçan böcekten uyuyamadık her yerimizi ısırdılar ilaçlama yönünden zayıf,yemek konusunda ise yine aynı beğenenleri anlamıyorum 5 yıldızlı bodrumda başka otellere gitmemişler sanırım ben daha önce 2 kere bodrumda 5 yıldızlı otele gittim ilk defa böyle yemekleri lezzetsiz hep aynı yemekleri çıkaran tabakları kirli bardakları lekeli bir otelde kalmadım. Bardakları bile plastik boyası çıkmış ya da bildiğiniz karton bardakta içecek veriyorlar sahilde kırılır diyeymiş ilk defa böyle uygulama duydum sanki normalde kırılmayacak.soğuk kahvesi bile şekerli süt gibiydi. 3 günlük kısırı raftan indirmediler bi daha birçok mezeyi her gün koydular.baklavaları çok güzeldi sürekli tatlı yedim. Birde acayip bir gider kokusu var açık alanda bile .ben bu yorumu daha önce birçok otele gitmiş biri olarak yapıyorum ve beğenmedim bir dhaa asla . Ayrıca yarın 2 ye kadar olan 4 günlük rezervasyonumu 1 gün erken bitirdim çünkü dayanamadım bugün sabah ayrıldım ha birde ilk girdiğimiz günden beri sıcak su akmıyor dedik personel geldi baktı fakat 3 gündür su düzelmedi kaç kere baktılar soğuk akıyor hep soğuk suyla duş aldık hep bir daha asla gitmem. Salataları da beklemekten solmuş bozulmuştu ana restoran yanındaki genel kadınlar tuvaleti pislik içindeydi mikrop kapmaktan korktum onunda fotoğrafını çekecektim ama midem bulandı.",1557,231,False,Google,CgsIxKPyr6zq4ZTeARAB,2026-08-25T12:33:57+00:00,OK
gm_47d540fda6dbd9b8,BOD103,Green Bay Resort & Spa Bodrum,Güvercinlik,5,HIGH,Google üzerinde 2 ay önce,2026-06-26,2026,6,2026-06,True,False,"Uzun süre sonra yaptığımız 5* ve her şey dahil konsept konaklamalarından biriydi. Otel çocuklu aileler için muazzam. Her şey ulaşılabilir ve otelin büyüklüğü içinde kaybolacak ölçüde olmaması açısından oldukça güzel. Çalışan sayısı oldukça fazla ve yardım severler.
Gün boyunca animasyon gösterileri, sizi hayatta tutmaya çalışan ekip iyi hissettiriyor. Yemekler fena değil. 7/10 diyebiliriz. Otelin ağzına kadar dolu olduğu bir dönemde olmamıza rağmen kuyruklar bekledik, aç kaldık falan diyemem. Gayet makul ve iyiydi.
Odalarda televizyon iki çalışıyor bir çalışmıyor. Yayın gidip geliyor. Keza wifi sistemi de benzer. Bence mutlaka elden geçmesi lazım.
Bu büyüklükte bir otelin masa tenisi masasındaki file içler acısıydı. Belli ki ya kimse bakmıyor ya da kimsenin umurunda değil. Halbuki beş paralık bir şey ve tüm gün ilgi görüyor. Sayısının iki olması ve filenin elden geçmesi bence yerinde karar olur.
Otelin tenis kortları da Tekirdağ Maris Tenis Kulübünün konaklama istemesiyle boyatılmış. İyi ki gelmişler. Çünkü bu tesise hiç yakışmayan ikinci bir gelişim alanı.
Deniz muazzam. İskeleler çok güzel. Akşamı ayrı, gündüzü ayrı tesis için teşekkürler Kilit Ailesi ve otel yöneticileri 🙏🏻
Biz seneye de gelebiliriz diye otelinizden ayrılıyoruz ve en güzel reklamı yaptınız. Müşterimizin tavsiye etmesine neden oldunuz. Tebrikler 🎊","Uzun süre sonra yaptığımız 5* ve her şey dahil konsept konaklamalarından biriydi. Otel çocuklu aileler için muazzam. Her şey ulaşılabilir ve otelin büyüklüğü içinde kaybolacak ölçüde olmaması açısından oldukça güzel. Çalışan sayısı oldukça fazla ve yardım severler. Gün boyunca animasyon gösterileri, sizi hayatta tutmaya çalışan ekip iyi hissettiriyor. Yemekler fena değil. 7/10 diyebiliriz. Otelin ağzına kadar dolu olduğu bir dönemde olmamıza rağmen kuyruklar bekledik, aç kaldık falan diyemem. Gayet makul ve iyiydi. Odalarda televizyon iki çalışıyor bir çalışmıyor. Yayın gidip geliyor. Keza wifi sistemi de benzer. Bence mutlaka elden geçmesi lazım. Bu büyüklükte bir otelin masa tenisi masasındaki file içler acısıydı. Belli ki ya kimse bakmıyor ya da kimsenin umurunda değil. Halbuki beş paralık bir şey ve tüm gün ilgi görüyor. Sayısının iki olması ve filenin elden geçmesi bence yerinde karar olur. Otelin tenis kortları da Tekirdağ Maris Tenis Kulübünün konaklama istemesiyle boyatılmış. İyi ki gelmişler. Çünkü bu tesise hiç yakışmayan ikinci bir gelişim alanı. Deniz muazzam. İskeleler çok güzel. Akşamı ayrı, gündüzü ayrı tesis için teşekkürler Kilit Ailesi ve otel yöneticileri 🙏🏻 Biz seneye de gelebiliriz diye otelinizden ayrılıyoruz ve en güzel reklamı yaptınız. Müşterimizin tavsiye etmesine neden oldunuz. Tebrikler 🎊",1337,192,False,Google,CgsIxKPyr6zq4ZTeARAB,2026-08-25T12:33:57+00:00,OK
gm_6a5e6e1ab352ddb6,BOD103,Green Bay Resort & Spa Bodrum,Güvercinlik,5,HIGH,Google üzerinde bir ay önce,2026-07-26,2026,7,2026-07,True,False,"Green Bay Resort'ta güzel bir tatil geçirdik. Otelin en büyük avantajı koydaki tek otel olması. Muhteşem bir doğanın içinde, sakin ve berrak deniziyle gerçekten dinlendirici bir ortam sunuyor. Otel tam dolu olmasına rağmen koyun genişliği sayesinde kalabalık hissedilmiyor.
Çocuğumuz tenis kampına katıldı. Kortlar yeni boyanmıştı ve kamp organizasyonu oldukça başarılıydı. Personel genel olarak güler yüzlü, yardımsever ve çözüm odaklıydı.
Yemekler konusunda ise kalite her gün aynı seviyede değildi. Bazı öğünler idare ederken bazıları gerçekten çok lezzetliydi. Biraz daha istikrarlı bir kalite yakalanabilirse çok daha iyi olur. Deniz son derece sakin olduğu için özellikle çocuklu aileler ve su sporlarıyla ilgilenenler için çok uygun.
Olumsuz taraflara gelecek olursak; barlarda deneyimli bir barmen bulunmaması en büyük eksiklikti. Bar personelinin çoğu garsondu ve içecek hazırlama konusunda yeterli bilgiye sahip değildi. Bu durum hem alkollü hem de alkolsüz içecek alan misafirlerin bekleme süresini uzatıyordu. Her barda en az bir tecrübeli barmen olması hizmet kalitesini ciddi şekilde artıracaktır. Ayrıca barlarda çoğu zaman çerez bulunmaması da küçük ama hissedilen bir eksikti.
Odaların temizliği ise standart değildi. Bazı odalar yeterince temiz değildi ve housekeeping hizmetinin güçlendirilmesi gerektiğini düşünüyorum. Ayrıca otelde daha önce tadilat yapıldığı belli oluyor ancak işçilik kalitesi bazı noktalarda beklentinin altında kalmış.
Genel olarak doğası, denizi ve personeli sayesinde keyif aldığımız bir tatil oldu. Özellikle hizmet kalitesindeki birkaç eksik giderilirse çok daha başarılı bir tesis olacağına inanıyorum.","Green Bay Resort'ta güzel bir tatil geçirdik. Otelin en büyük avantajı koydaki tek otel olması. Muhteşem bir doğanın içinde, sakin ve berrak deniziyle gerçekten dinlendirici bir ortam sunuyor. Otel tam dolu olmasına rağmen koyun genişliği sayesinde kalabalık hissedilmiyor. Çocuğumuz tenis kampına katıldı. Kortlar yeni boyanmıştı ve kamp organizasyonu oldukça başarılıydı. Personel genel olarak güler yüzlü, yardımsever ve çözüm odaklıydı. Yemekler konusunda ise kalite her gün aynı seviyede değildi. Bazı öğünler idare ederken bazıları gerçekten çok lezzetliydi. Biraz daha istikrarlı bir kalite yakalanabilirse çok daha iyi olur. Deniz son derece sakin olduğu için özellikle çocuklu aileler ve su sporlarıyla ilgilenenler için çok uygun. Olumsuz taraflara gelecek olursak; barlarda deneyimli bir barmen bulunmaması en büyük eksiklikti. Bar personelinin çoğu garsondu ve içecek hazırlama konusunda yeterli bilgiye sahip değildi. Bu durum hem alkollü hem de alkolsüz içecek alan misafirlerin bekleme süresini uzatıyordu. Her barda en az bir tecrübeli barmen olması hizmet kalitesini ciddi şekilde artıracaktır. Ayrıca barlarda çoğu zaman çerez bulunmaması da küçük ama hissedilen bir eksikti. Odaların temizliği ise standart değildi. Bazı odalar yeterince temiz değildi ve housekeeping hizmetinin güçlendirilmesi gerektiğini düşünüyorum. Ayrıca otelde daha önce tadilat yapıldığı belli oluyor ancak işçilik kalitesi bazı noktalarda beklentinin altında kalmış. Genel olarak doğası, denizi ve personeli sayesinde keyif aldığımız bir tatil oldu. Özellikle hizmet kalitesindeki birkaç eksik giderilirse çok daha başarılı bir tesis olacağına inanıyorum.",1649,221,False,Google,CgsIxKPyr6zq4ZTeARAB,2026-08-25T12:33:57+00:00,OK
gm_5506c064c7e91c53,BOD103,Green Bay Resort & Spa Bodrum,Güvercinlik,1,LOW,Google üzerinde 2 ay önce,2026-06-26,2026,6,2026-06,True,False,"Otele ilk vardığımızda araç park edecek yer olmadığı için otelin en uzak noktasındaki personel otoparkına yönlendirildik. Otele giriş esnasında resepsiyon tarafından gerekli bilgilendirmeler yapılmadı (yemek ve organizasyon saatleri vb), odalar görüntülerdekinden daha küçüktü ve çok eskiydi, temizlik çok kötüydü, odadaki tüm mobilyalarda anlam veremediğimiz bir yapışkanlık vardı, silsek de geçmedi. Yorgan, çarşaf ve yastıklarda sinek ölüsü lekeleri vardı. Ayrıca her gün oda temizliği talep etmemize rağmen çarşaf ve havlular değiştirilmemişti. Bizim talebimiz üzerine sadece yeni yorgan getirildi. Bölge ormanlık bir arazi olduğundan çok fazla sinek ve böcek mevcut fakat odanın balkon kapısında sineklik mevcut değildi ve sökülmüştü. Hiçbir şekilde ilaçlama vs yapıldığını görmedik. Otel personelleri birden fazla alanda görevlendirildikleri için yorgunlukları ve bitkinlikleri yüzlerinden okunuyor ve hizmetlerine yansıyordu. Sadece fast food servisi olan snack barda bile bir yemeğin gelmesi 50 dk sürdü o da eksik bir şekilde 4. hatırlatma sonunda geldi. Odalar çok ses geçiriyor, bütün çocuk ağlamaları sabah odanın içerisindeydi. Plajda şezlong bulmak mümkün değil, insanlar sabah erkenden havlu bırakıp akşama kadar uğramıyorlar. Birkaç personel dışında kokteyl yapmayı bilen kimse yok. Basit bir içecek almak için bile yarım saatlik kuyruk beklemeniz gerekiyor. Yemekler hep soğuk servis ediliyor, tam saatinde bile restoranta gitseniz yine de soğuk yemeklerle karşılaşıyorsunuz. Çatal bıçaklar ve tabaklar lekeli. Yemek çeşitliliği çok az her gün aynı yemekler çıkıyor. Izgara bölümünde servis yapan kişiler yemek bekleyen misafirlere ramazan çadırındaymış gibi davranıyorlar. Tatilimizin son gününe kadar bekleyemeden otelden çıkış yaptık. Bir daha kesinlikle tercih etmeyeceğimiz bir yer oldu.","Otele ilk vardığımızda araç park edecek yer olmadığı için otelin en uzak noktasındaki personel otoparkına yönlendirildik. Otele giriş esnasında resepsiyon tarafından gerekli bilgilendirmeler yapılmadı (yemek ve organizasyon saatleri vb), odalar görüntülerdekinden daha küçüktü ve çok eskiydi, temizlik çok kötüydü, odadaki tüm mobilyalarda anlam veremediğimiz bir yapışkanlık vardı, silsek de geçmedi. Yorgan, çarşaf ve yastıklarda sinek ölüsü lekeleri vardı. Ayrıca her gün oda temizliği talep etmemize rağmen çarşaf ve havlular değiştirilmemişti. Bizim talebimiz üzerine sadece yeni yorgan getirildi. Bölge ormanlık bir arazi olduğundan çok fazla sinek ve böcek mevcut fakat odanın balkon kapısında sineklik mevcut değildi ve sökülmüştü. Hiçbir şekilde ilaçlama vs yapıldığını görmedik. Otel personelleri birden fazla alanda görevlendirildikleri için yorgunlukları ve bitkinlikleri yüzlerinden okunuyor ve hizmetlerine yansıyordu. Sadece fast food servisi olan snack barda bile bir yemeğin gelmesi 50 dk sürdü o da eksik bir şekilde 4. hatırlatma sonunda geldi. Odalar çok ses geçiriyor, bütün çocuk ağlamaları sabah odanın içerisindeydi. Plajda şezlong bulmak mümkün değil, insanlar sabah erkenden havlu bırakıp akşama kadar uğramıyorlar. Birkaç personel dışında kokteyl yapmayı bilen kimse yok. Basit bir içecek almak için bile yarım saatlik kuyruk beklemeniz gerekiyor. Yemekler hep soğuk servis ediliyor, tam saatinde bile restoranta gitseniz yine de soğuk yemeklerle karşılaşıyorsunuz. Çatal bıçaklar ve tabaklar lekeli. Yemek çeşitliliği çok az her gün aynı yemekler çıkıyor. Izgara bölümünde servis yapan kişiler yemek bekleyen misafirlere ramazan çadırındaymış gibi davranıyorlar. Tatilimizin son gününe kadar bekleyemeden otelden çıkış yaptık. Bir daha kesinlikle tercih etmeyeceğimiz bir yer oldu.",1809,240,False,Google,CgsIxKPyr6zq4ZTeARAB,2026-08-25T12:34:14+00:00,OK
gm_b2e0af4219822ae4,BOD103,Green Bay Resort & Spa Bodrum,Güvercinlik,4,HIGH,Google üzerinde 2 ay önce,2026-06-26,2026,6,2026-06,True,False,"Otel genel olarak beklentimizi karşıladı ve keyifli bir tatil geçirdik. Konum olarak gerçekten çok güzel bir koyda yer alıyor; etrafının yeşillik ve ağaçlarla çevrili olması çok hoştu. Otelin çok büyük olmaması da bizim için avantajdı. Kompakt bir yapısı var, her yere rahat ulaşabiliyorsunuz ve insanı yormuyor.
Yemekler genel olarak lezzetliydi ancak çeşitlilik açısından biraz daha geliştirilebilir. Özellikle her gün benzer seçeneklerin olması ve yoğunlukta bazı ürünlerin hızlı tükenip yenilenmemesi dikkat çekti. Erken saatte yemeğe gelenlerle daha geç gelenler aynı seçenekleri bulamayabiliyor. Izgara bölümünde de yoğun saatlerde ciddi sıra oluşuyordu ve bazen sırada beklemek yorucu olabiliyordu.
Temizlik genel olarak iyiydi. Sadece bazı yoğun saatlerde bar bölümündeki bardaklarda lekeler gördük; hijyen konusunda biraz daha dikkat edilebilir.
Animasyon ve eğlence tarafını özellikle çok beğendik. Ekip oldukça ilgili ve enerjikti. Çocuklar için de keyifliydi; oğlum da tatilden çok keyif aldı. Yetişkinler için de güzel bir ortam vardı.
Snack bar ve à la carte restoranda bizimle ilgilenen Seyfi Bey’e ayrıca teşekkür etmek isterim. İlgili, nazik ve profesyonel yaklaşımı gerçekten çok kıymetliydi. Hizmet sektöründeki deneyimi ve misafirle kurduğu iletişim bunu net şekilde hissettiriyor.
Olumsuz olarak akşam saatlerinde sinekler gerçekten rahatsız edici olabiliyor. Bir de snack/bar bölümünde servis sadece masaya yapıldığı için yoğunlukta bekleme süreleri uzuyordu ve siparişler karışabiliyordu. Bazı alanlara servis olmaması da biraz zorlayıcıydı; bazen bir şey alıp sahile geçmek daha pratik olabilirdi.
Genel olarak güzel bir tatil geçirdik. Tekrar gelir miyiz derseniz evet gelebiliriz. Özellikle doğası, koyu ve kompakt yapısını sevdik. Yeme-içme çeşitliliği, ürünlerin daha sık yenilenmesi ve servis/hijyen tarafında yapılacak birkaç iyileştirmeyle çok daha keyifli bir deneyim olabilir.","Otel genel olarak beklentimizi karşıladı ve keyifli bir tatil geçirdik. Konum olarak gerçekten çok güzel bir koyda yer alıyor; etrafının yeşillik ve ağaçlarla çevrili olması çok hoştu. Otelin çok büyük olmaması da bizim için avantajdı. Kompakt bir yapısı var, her yere rahat ulaşabiliyorsunuz ve insanı yormuyor. Yemekler genel olarak lezzetliydi ancak çeşitlilik açısından biraz daha geliştirilebilir. Özellikle her gün benzer seçeneklerin olması ve yoğunlukta bazı ürünlerin hızlı tükenip yenilenmemesi dikkat çekti. Erken saatte yemeğe gelenlerle daha geç gelenler aynı seçenekleri bulamayabiliyor. Izgara bölümünde de yoğun saatlerde ciddi sıra oluşuyordu ve bazen sırada beklemek yorucu olabiliyordu. Temizlik genel olarak iyiydi. Sadece bazı yoğun saatlerde bar bölümündeki bardaklarda lekeler gördük; hijyen konusunda biraz daha dikkat edilebilir. Animasyon ve eğlence tarafını özellikle çok beğendik. Ekip oldukça ilgili ve enerjikti. Çocuklar için de keyifliydi; oğlum da tatilden çok keyif aldı. Yetişkinler için de güzel bir ortam vardı. Snack bar ve à la carte restoranda bizimle ilgilenen Seyfi Bey’e ayrıca teşekkür etmek isterim. İlgili, nazik ve profesyonel yaklaşımı gerçekten çok kıymetliydi. Hizmet sektöründeki deneyimi ve misafirle kurduğu iletişim bunu net şekilde hissettiriyor. Olumsuz olarak akşam saatlerinde sinekler gerçekten rahatsız edici olabiliyor. Bir de snack/bar bölümünde servis sadece masaya yapıldığı için yoğunlukta bekleme süreleri uzuyordu ve siparişler karışabiliyordu. Bazı alanlara servis olmaması da biraz zorlayıcıydı; bazen bir şey alıp sahile geçmek daha pratik olabilirdi. Genel olarak güzel bir tatil geçirdik. Tekrar gelir miyiz derseniz evet gelebiliriz. Özellikle doğası, koyu ve kompakt yapısını sevdik. Yeme-içme çeşitliliği, ürünlerin daha sık yenilenmesi ve servis/hijyen tarafında yapılacak birkaç iyileştirmeyle çok daha keyifli bir deneyim olabilir.",1909,255,False,Google,CgsIxKPyr6zq4ZTeARAB,2026-08-25T12:34:14+00:00,OK
gm_f25af579a101940b,BOD103,Green Bay Resort & Spa Bodrum,Güvercinlik,1,LOW,Google üzerinde 2 ay önce,2026-06-26,2026,6,2026-06,True,False,5 senedir bu otele geliyoruz bu sene tamamen rezalet rezil olduk paramızla nereden başlayacağımı bilemiyorum hizmet kalitesi sıfır. Gelirken şampuanınızı ve kremlerinizi getirmeniz gerekiyor artık odalarda şampuan krem ve duş jeli olmuyor öte yandan gözlemeci teyzeler olurdu nostaljik kendi elleriyle açarlardı artık gözlemenin başında 14 yaşında bir küçük çocuk dondurulmuş hazır yufka ile bize servis yapmaya çalışıyor öte yandan waffle üzerine sadece bozuk bir muz koyuluyor otelde ıce tea şeftali ve limon istiyoruz bu sene gelmedi deniliyor. Garsonlardan içecek istiyoruz self servis gidip kendiniz alınız demiyor müdürlerini çağırdığım zaman kusura bakmayın o arkadaş işe yeni başladı bilmiyor cevabını aldık. Hemen hemen sıcak olan bütün yemekleri tamamen soğuk şekilde yemek zorunda kaldık. Daha önceki senelerde sinek vardı da bir gün etkenler bir gün tavuk döner çıkıyordu 6 gündür üst üste sadece tavuk döner çıktı ve onu yemek zorunda kaldık. Barmen yok denecek kadar az. neyi neyle karıştıracağını bilmeyip Google'dan karışım yapmaya çalışıyor. Dogasi için gelmek isterseniz buyurun gelin Bizim paramız çöp oldu,5 senedir bu otele geliyoruz bu sene tamamen rezalet rezil olduk paramızla nereden başlayacağımı bilemiyorum hizmet kalitesi sıfır. Gelirken şampuanınızı ve kremlerinizi getirmeniz gerekiyor artık odalarda şampuan krem ve duş jeli olmuyor öte yandan gözlemeci teyzeler olurdu nostaljik kendi elleriyle açarlardı artık gözlemenin başında 14 yaşında bir küçük çocuk dondurulmuş hazır yufka ile bize servis yapmaya çalışıyor öte yandan waffle üzerine sadece bozuk bir muz koyuluyor otelde ıce tea şeftali ve limon istiyoruz bu sene gelmedi deniliyor. Garsonlardan içecek istiyoruz self servis gidip kendiniz alınız demiyor müdürlerini çağırdığım zaman kusura bakmayın o arkadaş işe yeni başladı bilmiyor cevabını aldık. Hemen hemen sıcak olan bütün yemekleri tamamen soğuk şekilde yemek zorunda kaldık. Daha önceki senelerde sinek vardı da bir gün etkenler bir gün tavuk döner çıkıyordu 6 gündür üst üste sadece tavuk döner çıktı ve onu yemek zorunda kaldık. Barmen yok denecek kadar az. neyi neyle karıştıracağını bilmeyip Google'dan karışım yapmaya çalışıyor. Dogasi için gelmek isterseniz buyurun gelin Bizim paramız çöp oldu,1125,161,False,Google,CgsIxKPyr6zq4ZTeARAB,2026-08-25T12:34:15+00:00,OK
gm_77394e496bb74c5c,BOD103,Green Bay Resort & Spa Bodrum,Güvercinlik,3,MIXED,Google üzerinde bir ay önce,2026-07-26,2026,7,2026-07,True,False,"⭐ Konum ve Deniz – 10/10
Otelin en büyük artısı kesinlikle konumu. Kendine ait özel koyu bulunuyor ve denizi sadece otel misafirleri kullanabiliyor. Deniz inanılmaz temiz, berrak ve cam gibi. İki adet iskelesi var ve biz tatilin büyük kısmını iskelede geçirdik. İskelelerden denize girmek çok keyifliydi. Plaj tarafı çocuklu ailelerin yoğunluğu nedeniyle daha kalabalık olabiliyor.
🛏️ Oda Büyüklüğü – 5/10
Odalar maalesef oldukça küçük. İki kişinin rahat hareket etmesi bile zor oluyor. Bu konuda beklentimizi karşılamadı.
🛌 Yatak ve Yastık Konforu – 4/10
Yatakların artık eskidiğini düşünüyorum. Yayları oldukça gevşemiş ve konforlu değildi. Yastıklar da çok eski ve incelmişti. Rahat uyuyabilmek için ekstra yastık istemek zorunda kaldık.
🧹 Oda Temizliği – 5/10
İlk girişte banyoda lavabo altlarında toz, saç ve tüyler vardı. Duş alanı da yeterince temiz değildi. Çarşaflar temizdi ancak genel banyo temizliği daha özenli yapılabilirdi. Ayrıca günlük oda temizliği sonrası kulak pamuğu- bone gibi kullanılan malzemeler yenilenmiyordu. Mini bar da bazı günler eksik bırakıldı.
🍳 Kahvaltı – 6/10
Çeşit olarak oldukça zengindi. Peynir ve şarküteri ürünleri fazlaydı. Ancak sıcak ürünler beklentimizin altındaydı. Pişiler yağ çekmiş ve içi hamurdu. Pankek sırası sürekli uzundu, 10-15 dakika bekleniyordu . Yumurtalarda kullanılan yağın tadını da çok beğenmedik.
🍽️ Akşam Yemekleri – 8/10
Meze, ara sıcak ve zeytinyağlı çeşitliliği gerçekten çok başarılıydı. İçli köfte, dolmalar ve mezeler çok lezzetliydi. Ancak ana yemeklerde çeşitlilik azdı. Her gün neredeyse aynı ızgara ürünleri (çupra, köfte, tavuk, Adana kebap) servis ediliyordu.
🍔 Snack Bar – 4/10
Makarna, hamburger, pizza gibi ürünler bulunuyor. Ancak bizim tabağımızdan kıl çıktı ve değiştirmek zorunda kaldık. Hijyen konusunda dikkat edilmesi gerektiğini düşünüyorum. Servis de oldukça yavaştı.
🍸 Bar ve Kokteyller – 8/10
Kokteyllerin lezzeti ve alkol oranı başarılıydı. Ancak özellikle akşam saatlerinde iki barmen yoğunluğa yetişemiyordu. Önünüzde birkaç kişi olsa bile içeceğinizi almak 20-25 dakikayı bulabiliyordu. Gün icerisinde de İskelede boş bardaklar uzun süre toplanmıyordu.
👨‍🍳 Servis – 5/10
Bayram yoğunluğu nedeniyle personel sayısı yetersiz kalmıştı. Restoran, snack bar ve barlarda servis oldukça yavaştı. Garsonların sizi fark etmesini beklemek zorunda kalıyordunuz.
🏖️ Plaj ve İskele – 10/10
İskeleler oldukça keyifliydi ve denize girmek çok rahattı.
👮 Cankurtaran Ekibi – 10/10
Otelde en beğendiğimiz ekip kesinlikle cankurtaranlardı. Gün boyu görevlerinin başındaydılar, yüzme sınırını aşan misafirleri sürekli uyardılar ve oldukça güler yüzlüydüler. İhtiyacımız olduğunda da hemen yardımcı oldular.
🎭 Eğlence ve Aktiviteler – 7/10
Türk Gecesi ve İskender Paydaş’ın sahne aldığı akşam oldukça keyifliydi. Ancak genel olarak otel daha sakin bir profile sahip. Gün icinde animasyon ekibinden alınan tavla ve iskambil gibi ekipmanlar yetersizdi, çoğu zaman sıra gelmedi.
🛒 Market – 1/10
Otel içerisindeki marketin fiyatları kabul edilebilir seviyenin çok üzerindeydi. Bir paket cips ve bir çikolata için 500 TL istendi. iki ürünün güncel market fiyati 100-120 TL. Bu fiyatlandırmanın denetlenmesi gerektiğini düşünüyorum.
👨‍👩‍👧 Kimler İçin Uygun?
Çocuklu aileler için oldukça uygun bir otel. Gün içinde çocuklara yönelik aktiviteler yeterli. Ancak çocuksuz çiftler için aynı şeyi söyleyemem. Restoran ve ortak alanlarda çok fazla çocuk olduğu için gürültü ve yoğunluk hissediliyor. Daha sakin ve dinlenme odaklı tatil isteyenlere yetişkin konseptli otelleri tavsiye ederim.
⭐ Genel Değerlendirme
Denizi, özel koyu ve doğal güzelliği sayesinde keyif aldığımız bir tatil oldu. Ancak oda konforu, temizlik, servis hızı ve personel sayısı konusunda ciddi geliştirmeler yapılması gerektiğini düşünüyorum. Deniz odaklı tatil yapmak isteyen aileler memnun kalabilir, ancak sakinlik arayan çiftlerin beklentisini tam karşılamayabilir.","⭐ Konum ve Deniz – 10/10 Otelin en büyük artısı kesinlikle konumu. Kendine ait özel koyu bulunuyor ve denizi sadece otel misafirleri kullanabiliyor. Deniz inanılmaz temiz, berrak ve cam gibi. İki adet iskelesi var ve biz tatilin büyük kısmını iskelede geçirdik. İskelelerden denize girmek çok keyifliydi. Plaj tarafı çocuklu ailelerin yoğunluğu nedeniyle daha kalabalık olabiliyor. 🛏️ Oda Büyüklüğü – 5/10 Odalar maalesef oldukça küçük. İki kişinin rahat hareket etmesi bile zor oluyor. Bu konuda beklentimizi karşılamadı. 🛌 Yatak ve Yastık Konforu – 4/10 Yatakların artık eskidiğini düşünüyorum. Yayları oldukça gevşemiş ve konforlu değildi. Yastıklar da çok eski ve incelmişti. Rahat uyuyabilmek için ekstra yastık istemek zorunda kaldık. 🧹 Oda Temizliği – 5/10 İlk girişte banyoda lavabo altlarında toz, saç ve tüyler vardı. Duş alanı da yeterince temiz değildi. Çarşaflar temizdi ancak genel banyo temizliği daha özenli yapılabilirdi. Ayrıca günlük oda temizliği sonrası kulak pamuğu- bone gibi kullanılan malzemeler yenilenmiyordu. Mini bar da bazı günler eksik bırakıldı. 🍳 Kahvaltı – 6/10 Çeşit olarak oldukça zengindi. Peynir ve şarküteri ürünleri fazlaydı. Ancak sıcak ürünler beklentimizin altındaydı. Pişiler yağ çekmiş ve içi hamurdu. Pankek sırası sürekli uzundu, 10-15 dakika bekleniyordu . Yumurtalarda kullanılan yağın tadını da çok beğenmedik. 🍽️ Akşam Yemekleri – 8/10 Meze, ara sıcak ve zeytinyağlı çeşitliliği gerçekten çok başarılıydı. İçli köfte, dolmalar ve mezeler çok lezzetliydi. Ancak ana yemeklerde çeşitlilik azdı. Her gün neredeyse aynı ızgara ürünleri (çupra, köfte, tavuk, Adana kebap) servis ediliyordu. 🍔 Snack Bar – 4/10 Makarna, hamburger, pizza gibi ürünler bulunuyor. Ancak bizim tabağımızdan kıl çıktı ve değiştirmek zorunda kaldık. Hijyen konusunda dikkat edilmesi gerektiğini düşünüyorum. Servis de oldukça yavaştı. 🍸 Bar ve Kokteyller – 8/10 Kokteyllerin lezzeti ve alkol oranı başarılıydı. Ancak özellikle akşam saatlerinde iki barmen yoğunluğa yetişemiyordu. Önünüzde birkaç kişi olsa bile içeceğinizi almak 20-25 dakikayı bulabiliyordu. Gün icerisinde de İskelede boş bardaklar uzun süre toplanmıyordu. 👨🍳 Servis – 5/10 Bayram yoğunluğu nedeniyle personel sayısı yetersiz kalmıştı. Restoran, snack bar ve barlarda servis oldukça yavaştı. Garsonların sizi fark etmesini beklemek zorunda kalıyordunuz. 🏖️ Plaj ve İskele – 10/10 İskeleler oldukça keyifliydi ve denize girmek çok rahattı. 👮 Cankurtaran Ekibi – 10/10 Otelde en beğendiğimiz ekip kesinlikle cankurtaranlardı. Gün boyu görevlerinin başındaydılar, yüzme sınırını aşan misafirleri sürekli uyardılar ve oldukça güler yüzlüydüler. İhtiyacımız olduğunda da hemen yardımcı oldular. 🎭 Eğlence ve Aktiviteler – 7/10 Türk Gecesi ve İskender Paydaş’ın sahne aldığı akşam oldukça keyifliydi. Ancak genel olarak otel daha sakin bir profile sahip. Gün icinde animasyon ekibinden alınan tavla ve iskambil gibi ekipmanlar yetersizdi, çoğu zaman sıra gelmedi. 🛒 Market – 1/10 Otel içerisindeki marketin fiyatları kabul edilebilir seviyenin çok üzerindeydi. Bir paket cips ve bir çikolata için 500 TL istendi. iki ürünün güncel market fiyati 100-120 TL. Bu fiyatlandırmanın denetlenmesi gerektiğini düşünüyorum. 👨👩👧 Kimler İçin Uygun? Çocuklu aileler için oldukça uygun bir otel. Gün içinde çocuklara yönelik aktiviteler yeterli. Ancak çocuksuz çiftler için aynı şeyi söyleyemem. Restoran ve ortak alanlarda çok fazla çocuk olduğu için gürültü ve yoğunluk hissediliyor. Daha sakin ve dinlenme odaklı tatil isteyenlere yetişkin konseptli otelleri tavsiye ederim. ⭐ Genel Değerlendirme Denizi, özel koyu ve doğal güzelliği sayesinde keyif aldığımız bir tatil oldu. Ancak oda konforu, temizlik, servis hızı ve personel sayısı konusunda ciddi geliştirmeler yapılması gerektiğini düşünüyorum. Deniz odaklı tatil yapmak isteyen aileler memnun kalabilir, ancak sakinlik arayan çiftlerin beklentisini tam karşılamayabilir.",3902,543,False,Google,CgsIxKPyr6zq4ZTeARAB,2026-08-25T12:34:15+00:00,OK
gm_baabcc015bdbd9cb,BOD103,Green Bay Resort & Spa Bodrum,Güvercinlik,2,LOW,Google üzerinde 2 ay önce,2026-06-26,2026,6,2026-06,True,False,"27-31 Mayıs tarihleri arasında 5 grup olarak bu otelde konakladık. Öncelikle olumlu yönlerden bahsetmek isterim. Otelin bir koya kurulmuş olması sayesinde doğası ve denizi gerçekten çok güzeldi. Ancak uzak iskelede duş imkânı bulunmaması önemli bir eksiklikti. Denizden çıkan misafirlerin kullanabileceği duş alanlarının eklenmesi faydalı olacaktır.
Otel çalışanları genel olarak yardımseverdi ve yoğunluğa rağmen ellerinden gelenin en iyisini yapmaya çalışıyorlardı. Özellikle resepsiyonda görev yapan Can Bey'e teşekkür etmek isterim; kendisine ilettiğimiz geri bildirimler hızlı şekilde çözüme kavuştu.
Ne yazık ki olumsuz deneyimlerimiz de oldu. Oda kartımızı ancak saat 14.35'te teslim alabildik ve geç giriş nedeniyle herhangi bir telafi sunulmadı. Odaya çıktığımızda ise temizlik konusunda ciddi eksiklikler olduğunu gördük. Banyoda ve dekoratif yastıkların üzerinde saçlar vardı, ayrıca bazı mobilyaların yüzeyleri yapışkan durumdaydı. Tesiste yeterli ilaçlama yapılmadığını düşünüyorum çünkü konaklamamız boyunca sinekler tarafından oldukça fazla ısırıldık ve bu durum ciddi rahatsızlık yarattı.
Yemekler konusunda da beklentilerimizin altında kaldık. Menü neredeyse her gün aynıydı ve midye dolma dışında lezzetli ya da kaliteli bulduğumuz çok az seçenek vardı. Özellikle kahvaltı saatlerinde uzun kuyruklar oluşuyordu. Snack bar ise maalesef tam bir hayal kırıklığıydı; hem ürünlerin lezzeti yetersizdi hem de üçüncü günümüzde oturacak masa bulabilmek için yaklaşık 15 dakika ayakta beklememize rağmen yer bulamayınca ayrılmak zorunda kaldık.
Bu tesiste yaklaşık 3 yıl önce, otel Crystal bünyesindeyken de konaklamıştık. O döneme kıyasla özellikle mutfak hizmetleri ile diğer departmanlar arasında belirgin bir kalite farkı olduğunu rahatlıkla söyleyebilirim.
Sonuç olarak, otelin en büyük artısı denizi ve doğal güzelliği oldu. Bu nedenle puanımın büyük kısmını bu özellikleri için veriyorum. Yüksek potansiyele sahip olan bu tesisin, misafir geri bildirimlerini dikkate alarak hizmet kalitesini geliştirmesini umuyorum. Ancak mevcut hizmet standardıyla yeniden tercih edeceğimi düşünmüyorum.","27-31 Mayıs tarihleri arasında 5 grup olarak bu otelde konakladık. Öncelikle olumlu yönlerden bahsetmek isterim. Otelin bir koya kurulmuş olması sayesinde doğası ve denizi gerçekten çok güzeldi. Ancak uzak iskelede duş imkânı bulunmaması önemli bir eksiklikti. Denizden çıkan misafirlerin kullanabileceği duş alanlarının eklenmesi faydalı olacaktır. Otel çalışanları genel olarak yardımseverdi ve yoğunluğa rağmen ellerinden gelenin en iyisini yapmaya çalışıyorlardı. Özellikle resepsiyonda görev yapan Can Bey'e teşekkür etmek isterim; kendisine ilettiğimiz geri bildirimler hızlı şekilde çözüme kavuştu. Ne yazık ki olumsuz deneyimlerimiz de oldu. Oda kartımızı ancak saat 14.35'te teslim alabildik ve geç giriş nedeniyle herhangi bir telafi sunulmadı. Odaya çıktığımızda ise temizlik konusunda ciddi eksiklikler olduğunu gördük. Banyoda ve dekoratif yastıkların üzerinde saçlar vardı, ayrıca bazı mobilyaların yüzeyleri yapışkan durumdaydı. Tesiste yeterli ilaçlama yapılmadığını düşünüyorum çünkü konaklamamız boyunca sinekler tarafından oldukça fazla ısırıldık ve bu durum ciddi rahatsızlık yarattı. Yemekler konusunda da beklentilerimizin altında kaldık. Menü neredeyse her gün aynıydı ve midye dolma dışında lezzetli ya da kaliteli bulduğumuz çok az seçenek vardı. Özellikle kahvaltı saatlerinde uzun kuyruklar oluşuyordu. Snack bar ise maalesef tam bir hayal kırıklığıydı; hem ürünlerin lezzeti yetersizdi hem de üçüncü günümüzde oturacak masa bulabilmek için yaklaşık 15 dakika ayakta beklememize rağmen yer bulamayınca ayrılmak zorunda kaldık. Bu tesiste yaklaşık 3 yıl önce, otel Crystal bünyesindeyken de konaklamıştık. O döneme kıyasla özellikle mutfak hizmetleri ile diğer departmanlar arasında belirgin bir kalite farkı olduğunu rahatlıkla söyleyebilirim. Sonuç olarak, otelin en büyük artısı denizi ve doğal güzelliği oldu. Bu nedenle puanımın büyük kısmını bu özellikleri için veriyorum. Yüksek potansiyele sahip olan bu tesisin, misafir geri bildirimlerini dikkate alarak hizmet kalitesini geliştirmesini umuyorum. Ancak mevcut hizmet standardıyla yeniden tercih edeceğimi düşünmüyorum.",2104,271,False,Google,CgsIxKPyr6zq4ZTeARAB,2026-08-25T12:34:15+00:00,OK
gm_1e818a1b12c9792a,BOD103,Green Bay Resort & Spa Bodrum,Güvercinlik,5,HIGH,Google üzerinde 2 ay önce,2026-06-26,2026,6,2026-06,True,False,"Haziran ayinda 2 yetiskin 2 cocuk 3 gece olarak konakladik.
Olumlu yönleri:
-konum cok iyi.koy tamamen otele ait.etraf ormanlik,deniz koy nedeniyle dalgasiz,ilik,temiz.iskelelerinde hem gunduz hem aksam vakit gecirmek cok keyifli.sezlonglar otel kapasitesini kaldircak kadar fazla.her havuzda ve denizin birkac bolgesinde cankurtaranlar mevcut(buradan yukari havuzda gorevli cankurtaran kizimin efe abisine tesekkur ederiz😊 minik bir havuz sakalasmasinda arkadasi yuzunden kizim korkup su yutunca efe bey hemen suya atladi.kizimi sakinlestirdi ve milkshake ikram etti.cok ilgiliydi)
-Yemek cesidi bol,mezesi,tatlisi,salata bari,meyvesi derken herkesin kendine gore birseyler bulabilecegini dusunuyorum.izgara hem oglen hem aksam surekli faal.masalar ic ve dis mekan olarak misafire yetiyor.garson arkadaslar icecek servisi yapiyor.
-oda olarak blokaji tesise ait oda sectik.musaitlige gore uygun oda verildi ve icinde cok vakit gecirilmedigini dusundugumuzde buyukluk acisinda bizce yeterliydi.odamizin temizlenmesini istedik temizlendi.ekstra battaniye talep ettik getirildi.hicbir uyari yapmadigimizdada oda toparlanmisti.odamizda sineklik mevcuttu.
-her aksam tiyatroda yetiskinlere ve cocuklara etkinlikler duzenlendi.guzeldi.gec saatlere kadar bar kismindada etkinlikler oluyor.
Olumsuz:
-cocuk oyuncakli havuz ve yetiskin aquasi gunluk 4 saat acik kaliyor.bu durum ne kadar dogru emin degilim.
-butun gun sinek bocek yok.ama tam yemek sonrasi amfi tiyatrodaki etkinlik sirasinda garip bir böcek ve beraberinde sivrisinek basiyor anlatamam.o sirada onlarla mucadele etmekten sahneyi izleyemedik.garip ki sadece o bolgede ve sadece ortalama 1 saat maruz kaliyorsunuz.o anlar disinda bocek skntisi yasamadik.
Genel olarak uygun fiyattan faydalanarak konakladigimiz o 3 gunde fiyat performans olarak memnun ayrildik.","Haziran ayinda 2 yetiskin 2 cocuk 3 gece olarak konakladik. Olumlu yönleri: -konum cok iyi.koy tamamen otele ait.etraf ormanlik,deniz koy nedeniyle dalgasiz,ilik,temiz.iskelelerinde hem gunduz hem aksam vakit gecirmek cok keyifli.sezlonglar otel kapasitesini kaldircak kadar fazla.her havuzda ve denizin birkac bolgesinde cankurtaranlar mevcut(buradan yukari havuzda gorevli cankurtaran kizimin efe abisine tesekkur ederiz😊 minik bir havuz sakalasmasinda arkadasi yuzunden kizim korkup su yutunca efe bey hemen suya atladi.kizimi sakinlestirdi ve milkshake ikram etti.cok ilgiliydi) -Yemek cesidi bol,mezesi,tatlisi,salata bari,meyvesi derken herkesin kendine gore birseyler bulabilecegini dusunuyorum.izgara hem oglen hem aksam surekli faal.masalar ic ve dis mekan olarak misafire yetiyor.garson arkadaslar icecek servisi yapiyor. -oda olarak blokaji tesise ait oda sectik.musaitlige gore uygun oda verildi ve icinde cok vakit gecirilmedigini dusundugumuzde buyukluk acisinda bizce yeterliydi.odamizin temizlenmesini istedik temizlendi.ekstra battaniye talep ettik getirildi.hicbir uyari yapmadigimizdada oda toparlanmisti.odamizda sineklik mevcuttu. -her aksam tiyatroda yetiskinlere ve cocuklara etkinlikler duzenlendi.guzeldi.gec saatlere kadar bar kismindada etkinlikler oluyor. Olumsuz: -cocuk oyuncakli havuz ve yetiskin aquasi gunluk 4 saat acik kaliyor.bu durum ne kadar dogru emin degilim. -butun gun sinek bocek yok.ama tam yemek sonrasi amfi tiyatrodaki etkinlik sirasinda garip bir böcek ve beraberinde sivrisinek basiyor anlatamam.o sirada onlarla mucadele etmekten sahneyi izleyemedik.garip ki sadece o bolgede ve sadece ortalama 1 saat maruz kaliyorsunuz.o anlar disinda bocek skntisi yasamadik. Genel olarak uygun fiyattan faydalanarak konakladigimiz o 3 gunde fiyat performans olarak memnun ayrildik.",1818,222,False,Google,CgsIxKPyr6zq4ZTeARAB,2026-08-25T12:34:15+00:00,OK
gm_2b9961c603136004,BOD103,Green Bay Resort & Spa Bodrum,Güvercinlik,2,LOW,Google üzerinde bir ay önce düzenlendi,2026-07-26,2026,7,2026-07,True,True,"Fiyat Performansın Altında
30 Haziran’da giriş yaptığımız 6 gecelik tatilimizde otelin doğası ve denizi tek kelimeyle harikaydı. Ormanlık alanda, dalgasız ve havuz durgunluğunda bir koyda yer alıyor. Ancak deniz 4-5 metreden sonra hızla derinleştiği için yüzme bilmeyenler ve çocuklu aileler için pek uygun olmayabilir. Ayrıca ilaçlama yapılmasına rağmen karasinek ve sivrisinek problemi vardı.
Otelin genel olarak temizliği iyiydi, odaların yenilenmesi gerekiyor yatak ve yastıklar çok rahatsız ediciydi.
Yemekler konusunda alakart restoran ne kadar lezzetliyse, ana restoran o kadar yetersizdi, büfedeki meyve çeşitliliği sadece kavun ve karpuzla sınırlı kalmıştı.
Hizmet tarafında ise çalışanlar genç ve saygılı olmalarına rağmen deneyimsizlerdi. Özellikle bar personeli çok kötüydü; menüdeki standart reçetelere uymayan, oldukça lezzetsiz kokteyller hazırlandı, bu bölüme önem verilmemesinin sebebi de otelde çok fazla turistin olmamasına bağlıyorum. Bu hazırladıkları kokteyli bir ingilize veremezler.
Tesisin acilen hizmet içi eğitimlere ve restoran/bar yönetimine ağırlık vermesi gerekiyor.","Fiyat Performansın Altında 30 Haziran’da giriş yaptığımız 6 gecelik tatilimizde otelin doğası ve denizi tek kelimeyle harikaydı. Ormanlık alanda, dalgasız ve havuz durgunluğunda bir koyda yer alıyor. Ancak deniz 4-5 metreden sonra hızla derinleştiği için yüzme bilmeyenler ve çocuklu aileler için pek uygun olmayabilir. Ayrıca ilaçlama yapılmasına rağmen karasinek ve sivrisinek problemi vardı. Otelin genel olarak temizliği iyiydi, odaların yenilenmesi gerekiyor yatak ve yastıklar çok rahatsız ediciydi. Yemekler konusunda alakart restoran ne kadar lezzetliyse, ana restoran o kadar yetersizdi, büfedeki meyve çeşitliliği sadece kavun ve karpuzla sınırlı kalmıştı. Hizmet tarafında ise çalışanlar genç ve saygılı olmalarına rağmen deneyimsizlerdi. Özellikle bar personeli çok kötüydü; menüdeki standart reçetelere uymayan, oldukça lezzetsiz kokteyller hazırlandı, bu bölüme önem verilmemesinin sebebi de otelde çok fazla turistin olmamasına bağlıyorum. Bu hazırladıkları kokteyli bir ingilize veremezler. Tesisin acilen hizmet içi eğitimlere ve restoran/bar yönetimine ağırlık vermesi gerekiyor.",1097,140,False,Google,CgsIxKPyr6zq4ZTeARAB,2026-08-25T12:34:15+00:00,OK
gm_b84c94a4092b1e47,BOD103,Green Bay Resort & Spa Bodrum,Güvercinlik,4,HIGH,Google üzerinde bir ay önce,2026-07-26,2026,7,2026-07,True,False,"çok güzel bir otel çok menun kaldık kendine ait bir koyu olması şahaneydi. ancak akşamları afyonkarahisar termal tesisleri eğlenme alanına benzer ortamları dışında. ilk gün karaokeyi duymamak icin camlarımızı kapatıp uyuduk, ikinci gün oyun havaları eşliğinde adeta bir düğün yaşadık. neyseki ailemle gelmiştim. olurda siz eskaza balayına gelirseniz akşamları dışarda plan yapın. ayrıca çalışanlara cok üzüldük tatil boyunca, çok az kişiler ve yetiştiremiyorlar özellikle mutfakta ocakbaşındaki personellere kahrolduk.","çok güzel bir otel çok menun kaldık kendine ait bir koyu olması şahaneydi. ancak akşamları afyonkarahisar termal tesisleri eğlenme alanına benzer ortamları dışında. ilk gün karaokeyi duymamak icin camlarımızı kapatıp uyuduk, ikinci gün oyun havaları eşliğinde adeta bir düğün yaşadık. neyseki ailemle gelmiştim. olurda siz eskaza balayına gelirseniz akşamları dışarda plan yapın. ayrıca çalışanlara cok üzüldük tatil boyunca, çok az kişiler ve yetiştiremiyorlar özellikle mutfakta ocakbaşındaki personellere kahrolduk.",518,68,False,Google,CgsIxKPyr6zq4ZTeARAB,2026-08-25T12:34:15+00:00,OK
gm_0904518b90c8705e,BOD103,Green Bay Resort & Spa Bodrum,Güvercinlik,5,HIGH,Google üzerinde bir ay önce,2026-07-26,2026,7,2026-07,True,False,İlk kez deneyimlendiğimiz bir otel ve fazlasıyla memnun kaldık. Çalışanların hepsi çok güler yüzlü ilgili . Yemekler odalar deniz havuz kısmı otelin bir çok alanı mevcut görsel olarak fotoğraf çekimi olarak gayet güzel çok begendik . Çocuklu aileler içinde gayet uygun sonsuz tavsiyemdir. Kokteyler harika Kerim beye selamlar :),İlk kez deneyimlendiğimiz bir otel ve fazlasıyla memnun kaldık. Çalışanların hepsi çok güler yüzlü ilgili . Yemekler odalar deniz havuz kısmı otelin bir çok alanı mevcut görsel olarak fotoğraf çekimi olarak gayet güzel çok begendik . Çocuklu aileler içinde gayet uygun sonsuz tavsiyemdir. Kokteyler harika Kerim beye selamlar :),328,49,False,Google,CgsIxKPyr6zq4ZTeARAB,2026-08-25T12:34:16+00:00,OK
gm_4ca7376086cf8595,BOD103,Green Bay Resort & Spa Bodrum,Güvercinlik,5,HIGH,Google üzerinde 2 ay önce,2026-06-26,2026,6,2026-06,True,False,Eşimle 6-10 Haziran arası konakladık. Biz genel olarak memnun kaldık otel içinde bir bölgede yoğunluk olmadığı için rahat hareket ediliyordu ve kalabalık görünmüyordu. Konum olarak bir koy içinde tek otel olarak bulunması çok güzel avantaj.Yemekleri gayet yeterliydi çeşit vardı her akşam ızgara tavuk hindi et balık çıkıyordu kahvaltı aynı şekilde her şey vardı rahatlıkla erişebiliyorsunuz. Snack kısmı hamburger pizza spagetti gibi aparatif şeyler vardı. Çoçuk havuzu aquparklı kısım olduğu için eğer çocuğunuz yoksa o bölgelere hiç uğramadan sessiz sakin kafa dinleyeceğiniz +16 havuz kısmında zaman geçirebilirsiniz. Freedom Bar daki Enver bey çok ilgiliydi işinin ehli biriydi ve cankurtaran arkadaş Berk bey de aynı şekildeydi her şey için çok teşekkür ederiz odaların temizliği olsun havluların temizliği olsun gayet düzgündü daha ne olacak. Sahil kısmında çok fazla şezlong vardı rahatlıkla denize girebilirsiniz.Biz sevdik rahat sakin huzurlu bir tatil geçirebilirsiniz. Bizim fikrimiz bu otele şans verin pişman olmazsınız :)))),Eşimle 6-10 Haziran arası konakladık. Biz genel olarak memnun kaldık otel içinde bir bölgede yoğunluk olmadığı için rahat hareket ediliyordu ve kalabalık görünmüyordu. Konum olarak bir koy içinde tek otel olarak bulunması çok güzel avantaj.Yemekleri gayet yeterliydi çeşit vardı her akşam ızgara tavuk hindi et balık çıkıyordu kahvaltı aynı şekilde her şey vardı rahatlıkla erişebiliyorsunuz. Snack kısmı hamburger pizza spagetti gibi aparatif şeyler vardı. Çoçuk havuzu aquparklı kısım olduğu için eğer çocuğunuz yoksa o bölgelere hiç uğramadan sessiz sakin kafa dinleyeceğiniz +16 havuz kısmında zaman geçirebilirsiniz. Freedom Bar daki Enver bey çok ilgiliydi işinin ehli biriydi ve cankurtaran arkadaş Berk bey de aynı şekildeydi her şey için çok teşekkür ederiz odaların temizliği olsun havluların temizliği olsun gayet düzgündü daha ne olacak. Sahil kısmında çok fazla şezlong vardı rahatlıkla denize girebilirsiniz.Biz sevdik rahat sakin huzurlu bir tatil geçirebilirsiniz. Bizim fikrimiz bu otele şans verin pişman olmazsınız :)))),1039,146,False,Google,CgsIxKPyr6zq4ZTeARAB,2026-08-25T12:34:16+00:00,OK
gm_c85eeaedcd0f3e3e,BOD103,Green Bay Resort & Spa Bodrum,Güvercinlik,5,HIGH,Google üzerinde 3 saat önce,2026-08-25,2026,8,2026-08,True,False,3 yaşında çocuğum ve eşimle konaklama yaptık tüm beklentimizi karşıladı tavsiye ediyorum oğlum hiç sıkılmadı çocuk havuzundan tut kids clup birsürü aktiviteleri vardı oyun ablaları çok ilgiliydi.,3 yaşında çocuğum ve eşimle konaklama yaptık tüm beklentimizi karşıladı tavsiye ediyorum oğlum hiç sıkılmadı çocuk havuzundan tut kids clup birsürü aktiviteleri vardı oyun ablaları çok ilgiliydi.,195,27,False,Google,CgsIxKPyr6zq4ZTeARAB,2026-08-25T12:53:11+00:00,OK
gm_506049847044e416,BOD103,Green Bay Resort & Spa Bodrum,Güvercinlik,1,LOW,Google üzerinde 3 saat önce,2026-08-25,2026,8,2026-08,True,False,"(Google tarafından çevrildi) Şimdiye kadar gördüğüm en kötü güvenlik görevlileri.
Burayı okumadıklarını sanıyordum ama bana cevap verdiler. Görünüşe göre cevaplanmamış diğer 1 yıldızlı yorumların hepsi doğruymuş :)
(Orijinal)
worst security staff ever.
i thought they were not reading here but they replied me. looks like all other unreplied 1 star reviews are true then :)",(Google tarafından çevrildi) Şimdiye kadar gördüğüm en kötü güvenlik görevlileri. Burayı okumadıklarını sanıyordum ama bana cevap verdiler. Görünüşe göre cevaplanmamış diğer 1 yıldızlı yorumların hepsi doğruymuş :) (Orijinal) worst security staff ever. i thought they were not reading here but they replied me. looks like all other unreplied 1 star reviews are true then :),373,55,False,Google,CgsIxKPyr6zq4ZTeARAB,2026-08-25T12:53:11+00:00,OK
gm_64b3fa3103935763,BOD103,Green Bay Resort & Spa Bodrum,Güvercinlik,3,MIXED,Google üzerinde 10 saat önce,2026-08-25,2026,8,2026-08,True,False,"hasan oğuzhan çakal
Google üzerinde 10 saat önce",,,,True,Google,CgsIxKPyr6zq4ZTeARAB,2026-08-25T12:53:12+00:00,TEXT_WAS_REVIEWER_NAME_ARTIFACT
gm_1edc5d09a3e9ced6,BOD103,Green Bay Resort & Spa Bodrum,Güvercinlik,5,HIGH,Google üzerinde 20 saat önce,2026-08-24,2026,8,2026-08,True,False,"Harika Bir Konaklama ⭐⭐⭐⭐⭐
Her şey gerçekten çok güzeldi! Otelin temizliği, odaların konforu, yemeklerin kalitesi ve personelin güler yüzlü ilgisi beklentilerimizin çok üzerindeydi. Her detay özenle düşünülmüş. Keyifli, huzurlu ve unutulmaz bir tatil geçirdik. Emeği geçen herkese teşekkür ederiz. Kesinlikle tekrar tercih edeceğimiz bir otel. 👏✨","Harika Bir Konaklama ⭐⭐⭐⭐⭐ Her şey gerçekten çok güzeldi! Otelin temizliği, odaların konforu, yemeklerin kalitesi ve personelin güler yüzlü ilgisi beklentilerimizin çok üzerindeydi. Her detay özenle düşünülmüş. Keyifli, huzurlu ve unutulmaz bir tatil geçirdik. Emeği geçen herkese teşekkür ederiz. Kesinlikle tekrar tercih edeceğimiz bir otel. 👏✨",346,46,False,Google,CgsIxKPyr6zq4ZTeARAB,2026-08-25T12:53:12+00:00,OK
gm_9f3d85ae5238bca7,BOD103,Green Bay Resort & Spa Bodrum,Güvercinlik,5,HIGH,Google üzerinde bir gün önce,2026-08-24,2026,8,2026-08,True,False,Her şey çok iyiydi temizlik servis ve yemekler harikaydı denizi çok güzeldi ve çalışanlar çok cana yakındı özellikle ana yemek salonundan rana çok yardımcı oldu kesinlikle tavsiye ederiz,Her şey çok iyiydi temizlik servis ve yemekler harikaydı denizi çok güzeldi ve çalışanlar çok cana yakındı özellikle ana yemek salonundan rana çok yardımcı oldu kesinlikle tavsiye ederiz,186,28,False,Google,CgsIxKPyr6zq4ZTeARAB,2026-08-25T12:53:12+00:00,OK
gm_996baf0e2996b257,BOD103,Green Bay Resort & Spa Bodrum,Güvercinlik,5,HIGH,Google üzerinde bir gün önce,2026-08-24,2026,8,2026-08,True,False,"(Google tarafından çevrildi) İyi şeyler
(Orijinal)
Good stuff",(Google tarafından çevrildi) İyi şeyler (Orijinal) Good stuff,61,8,False,Google,CgsIxKPyr6zq4ZTeARAB,2026-08-25T12:53:12+00:00,VERY_SHORT_TEXT
gm_c4e3aa598a0e0914,BOD103,Green Bay Resort & Spa Bodrum,Güvercinlik,2,LOW,Google üzerinde 2 gün önce,2026-08-23,2026,8,2026-08,True,False,"Öncelikle personel ilgisini oldukça yetersiz buldum. Resepsiyonda ve genel olarak otel içerisinde misafire karşı yeterli ilgi ve özenin gösterildiğini hissetmedik. Hatta otelden ayrılırken, nezaketen bile olsa “Tatiliniz nasıldı?” veya “Memnun kaldınız mı?” gibi basit bir soru dahi sorulmadan uğurlandık.
Yeme-içme tarafında da ciddi eksiklikler vardı. Deniz ve havuz kenarında kullanılan bardakların karton olması, sert plastik bardak dahi tercih edilmemesi otelin konseptine ve fiyat seviyesine yakışmıyor. Kokteyllerde taze limon suyu yerine marketlerde satılan limon sosunun kullanılması ve bar hizmetinin genel olarak zayıf olması da hayal kırıklığı yarattı. Denediğimiz kokteyllerin neredeyse tamamını başarısız bulduk.
Restoranda kirli tabaklarla karşılaşılması ve yemek çeşitlerinin oldukça kısıtlı olması da olumsuz deneyimlerimiz arasındaydı. “A la carte restoran” olarak sunulan bölümde ise sabit menü uygulanması beklentimizi karşılamadı.
Otopark konusunda da beklentimiz karşılanmadı. “Otopark” olarak belirtilen alanın aslında ağaçların altında, toprak bir zemin olması ve otelden aşağıya inen taş yolun kenarlarının da araç park etmek için kullanılması bana otelin fiyat ve hizmet standardıyla pek örtüşür gelmedi.
Bunlara ek olarak, tatilimizin son gecesi saat 23.00-00.00 civarında odaların bulunduğu bölümde tadilat çalışması yapılmaya başlandı. Matkap ve çekiç sesleri gibi son derece rahatsız edici gürültüler oldu. Resepsiyonu arayıp durumu bildirmemize rağmen sesler bir süre daha devam etti. Bir otelde özellikle gece saatlerinde misafirlerin dinlenmesini bu kadar ciddi şekilde etkileyebilecek bir çalışmanın yapılmasını ve uyarımıza rağmen devam etmesini kabul edilebilir bulmuyorum.
Tüm bunların toplamında, ödediğimiz ücret karşılığında aldığımız hizmetin yeterli olduğunu düşünmüyorum. Otelin en beğendiğim tarafı ise denizinin gerçekten güzel olmasıydı.
Genel değerlendirmem: 4/10. Deniz güzel ve konumu keyifli olsa da personel ilgisi, yeme-içme kalitesi, otopark şartları ve özellikle son gece yaşanan gürültü nedeniyle fiyat-performans açısından beklentimin oldukça altında kaldı.","Öncelikle personel ilgisini oldukça yetersiz buldum. Resepsiyonda ve genel olarak otel içerisinde misafire karşı yeterli ilgi ve özenin gösterildiğini hissetmedik. Hatta otelden ayrılırken, nezaketen bile olsa “Tatiliniz nasıldı?” veya “Memnun kaldınız mı?” gibi basit bir soru dahi sorulmadan uğurlandık. Yeme-içme tarafında da ciddi eksiklikler vardı. Deniz ve havuz kenarında kullanılan bardakların karton olması, sert plastik bardak dahi tercih edilmemesi otelin konseptine ve fiyat seviyesine yakışmıyor. Kokteyllerde taze limon suyu yerine marketlerde satılan limon sosunun kullanılması ve bar hizmetinin genel olarak zayıf olması da hayal kırıklığı yarattı. Denediğimiz kokteyllerin neredeyse tamamını başarısız bulduk. Restoranda kirli tabaklarla karşılaşılması ve yemek çeşitlerinin oldukça kısıtlı olması da olumsuz deneyimlerimiz arasındaydı. “A la carte restoran” olarak sunulan bölümde ise sabit menü uygulanması beklentimizi karşılamadı. Otopark konusunda da beklentimiz karşılanmadı. “Otopark” olarak belirtilen alanın aslında ağaçların altında, toprak bir zemin olması ve otelden aşağıya inen taş yolun kenarlarının da araç park etmek için kullanılması bana otelin fiyat ve hizmet standardıyla pek örtüşür gelmedi. Bunlara ek olarak, tatilimizin son gecesi saat 23.00-00.00 civarında odaların bulunduğu bölümde tadilat çalışması yapılmaya başlandı. Matkap ve çekiç sesleri gibi son derece rahatsız edici gürültüler oldu. Resepsiyonu arayıp durumu bildirmemize rağmen sesler bir süre daha devam etti. Bir otelde özellikle gece saatlerinde misafirlerin dinlenmesini bu kadar ciddi şekilde etkileyebilecek bir çalışmanın yapılmasını ve uyarımıza rağmen devam etmesini kabul edilebilir bulmuyorum. Tüm bunların toplamında, ödediğimiz ücret karşılığında aldığımız hizmetin yeterli olduğunu düşünmüyorum. Otelin en beğendiğim tarafı ise denizinin gerçekten güzel olmasıydı. Genel değerlendirmem: 4/10. Deniz güzel ve konumu keyifli olsa da personel ilgisi, yeme-içme kalitesi, otopark şartları ve özellikle son gece yaşanan gürültü nedeniyle fiyat-performans açısından beklentimin oldukça altında kaldı.",2113,267,False,Google,CgsIxKPyr6zq4ZTeARAB,2026-08-25T12:53:12+00:00,OK
gm_a0d7527ed27a5c42,BOD103,Green Bay Resort & Spa Bodrum,Güvercinlik,3,MIXED,Google üzerinde 2 gün önce,2026-08-23,2026,8,2026-08,True,False,Otele ben eşim ve 7 yaşında oğlum ile gittik 1333 nolu hem deniz hem de havuz manzaralı family odada konakladık beklentimin altında bir deneyim yaşadık öncelikle otelin konumu körfezin en sonunda olduğu için su bulanık ama bu kirli anlamına gelmiyor bu Deniz'in yapısıyla alakalı benim gibi su altını seven için keyifli değil ikinci olarak oğlum ile adult havuza girmek istedik izin verilmedi bunu çok saçma buldum evebeyin ile neden izin verilmez bu arada çocuğum eğitimli benle beraber dalış bile yapar animasyon ekibi çocuklar için çok vasat yeme içme konusuna gelince çeşit bol ama ben lezzetli bulmadım tatbiki bu göreceli içecek olarak da beklentinizi yüksek tutmayın en baz markalar sunuluyor çalışan personel yorgun olduğu için yüzleri hiç gülmüyor bir şey istemek bile içinizden gelmiyor bardaki Halil kardeşim hariç o çok nazik ve güler yüzlü idi bunları bilerek gidin 22.08.2026,Otele ben eşim ve 7 yaşında oğlum ile gittik 1333 nolu hem deniz hem de havuz manzaralı family odada konakladık beklentimin altında bir deneyim yaşadık öncelikle otelin konumu körfezin en sonunda olduğu için su bulanık ama bu kirli anlamına gelmiyor bu Deniz'in yapısıyla alakalı benim gibi su altını seven için keyifli değil ikinci olarak oğlum ile adult havuza girmek istedik izin verilmedi bunu çok saçma buldum evebeyin ile neden izin verilmez bu arada çocuğum eğitimli benle beraber dalış bile yapar animasyon ekibi çocuklar için çok vasat yeme içme konusuna gelince çeşit bol ama ben lezzetli bulmadım tatbiki bu göreceli içecek olarak da beklentinizi yüksek tutmayın en baz markalar sunuluyor çalışan personel yorgun olduğu için yüzleri hiç gülmüyor bir şey istemek bile içinizden gelmiyor bardaki Halil kardeşim hariç o çok nazik ve güler yüzlü idi bunları bilerek gidin 22.08.2026,889,138,False,Google,CgsIxKPyr6zq4ZTeARAB,2026-08-25T12:53:12+00:00,OK
gm_2baa21b979b7aafd,BOD103,Green Bay Resort & Spa Bodrum,Güvercinlik,3,MIXED,Google üzerinde 2 gün önce,2026-08-23,2026,8,2026-08,True,False,"Temizlik açısından çok iyi bir otel, tertemiz. Doğası en iyi gördüğüm doğa idi. Fakat çalışanlar müşteri memnuniyeti odaklı değildi. 2 dk önce kapanmış bardan çay istediğimizde çay olmasına rağmen bar kapandı diyerek servis verilmedi. Müşteri portföyü orta segment. Odamız geç teslim edildi ama odaları güzel ve temizdi. Yemekleri çok lezzetliydi fakat kırmızı et azdı. Kids club çok fazla etkinlikli değildi, ücretli tshirt boyama odaklıydı. Ultra herşey dahil bir konseptli otelde patlamış mısır para ile satılıyordu, aşırı saçma bir durumdu. Lüks tatil beklentisi ile gidilmemeli. (Premium içecek+servis eleman azlığı)","Temizlik açısından çok iyi bir otel, tertemiz. Doğası en iyi gördüğüm doğa idi. Fakat çalışanlar müşteri memnuniyeti odaklı değildi. 2 dk önce kapanmış bardan çay istediğimizde çay olmasına rağmen bar kapandı diyerek servis verilmedi. Müşteri portföyü orta segment. Odamız geç teslim edildi ama odaları güzel ve temizdi. Yemekleri çok lezzetliydi fakat kırmızı et azdı. Kids club çok fazla etkinlikli değildi, ücretli tshirt boyama odaklıydı. Ultra herşey dahil bir konseptli otelde patlamış mısır para ile satılıyordu, aşırı saçma bir durumdu. Lüks tatil beklentisi ile gidilmemeli. (Premium içecek+servis eleman azlığı)",621,88,False,Google,CgsIxKPyr6zq4ZTeARAB,2026-08-25T12:53:12+00:00,OK
gm_d4ead23944f69d15,BOD103,Green Bay Resort & Spa Bodrum,Güvercinlik,4,HIGH,Google üzerinde 4 gün önce,2026-08-21,2026,8,2026-08,True,False,"Otel için fiyat performans denmişti. Eğer sakin ve dalgasız denizi seviyorsanız , çocuklarınız var ise tercih edilebilir bir otel olabilir. Havuzu hiç kullanmadık. O sebeple yorum yapamam ancak yeterli görünüyordu. Yemekler aynı ve bittiğinde yenilenmiyor. Yemek bölümü kalabalığı çoğu zaman kaldırmıyor. Hijyen olarak yemekte kullanılan malzemeler pek temiz değil. Masaların tek kullanımlık ıslak mendil ile silinmesi başka yerlerdeki sarı bezle silinmesinden iyiydi. Odalarda pek vakit geçirilmediği için girip yatıp uyuyacağım derseniz olumsuzluklar çok gözünüze batmayacaktır. Ancak genel anlamda temizdiler. Günlük aktiviteler için animatörler davet edip çabalıyorlar ancak otel sakinleri sanırım daha çok kafa dinleme eğiliminde olduğu için aktif bir hareketlilik yok. Bas bas çalınan şarkılar yok sizi rahatsız etmiyor anca yine insan sahilde hafif bir müzik arıyor. Konumu rahat bulunabilir ve havaalanına çok yakın. Otel güzel bir konumda. Manzara bence güzel. Sabah 6-6,5 gibi kalkıp kimse yokken denizinde yüzmenizi ve denizde güneşi karşılamanızı kesinlikle tavsiye ediyorum. Bir çok otel deneyimi olan biri olarak ortalama bir otel diyebilirim. Beklentinizi düşük tutar kafa dinleyeceğim , yemekle de uğraşmayayım derseniz tercih edebileceğiniz bir otel.👍","Otel için fiyat performans denmişti. Eğer sakin ve dalgasız denizi seviyorsanız , çocuklarınız var ise tercih edilebilir bir otel olabilir. Havuzu hiç kullanmadık. O sebeple yorum yapamam ancak yeterli görünüyordu. Yemekler aynı ve bittiğinde yenilenmiyor. Yemek bölümü kalabalığı çoğu zaman kaldırmıyor. Hijyen olarak yemekte kullanılan malzemeler pek temiz değil. Masaların tek kullanımlık ıslak mendil ile silinmesi başka yerlerdeki sarı bezle silinmesinden iyiydi. Odalarda pek vakit geçirilmediği için girip yatıp uyuyacağım derseniz olumsuzluklar çok gözünüze batmayacaktır. Ancak genel anlamda temizdiler. Günlük aktiviteler için animatörler davet edip çabalıyorlar ancak otel sakinleri sanırım daha çok kafa dinleme eğiliminde olduğu için aktif bir hareketlilik yok. Bas bas çalınan şarkılar yok sizi rahatsız etmiyor anca yine insan sahilde hafif bir müzik arıyor. Konumu rahat bulunabilir ve havaalanına çok yakın. Otel güzel bir konumda. Manzara bence güzel. Sabah 6-6,5 gibi kalkıp kimse yokken denizinde yüzmenizi ve denizde güneşi karşılamanızı kesinlikle tavsiye ediyorum. Bir çok otel deneyimi olan biri olarak ortalama bir otel diyebilirim. Beklentinizi düşük tutar kafa dinleyeceğim , yemekle de uğraşmayayım derseniz tercih edebileceğiniz bir otel.👍",1268,171,False,Google,CgsIxKPyr6zq4ZTeARAB,2026-08-25T12:53:13+00:00,OK
gm_aa1b1eb7852930f8,BOD103,Green Bay Resort & Spa Bodrum,Güvercinlik,3,MIXED,Google üzerinde 4 gün önce,2026-08-21,2026,8,2026-08,True,False,İlk olarak 19.00da giriş yaptık ve anında yanımıza gelinip bavullarımız alındı sonra bizi Şükran hanım karşıladı bizi bekletmeden odaya aldılar oda ilk görünüşüyle iyi de ancak çok küçüktü mini bar iyidi odada temel ihtiyaçlar yoktu mesala …,İlk olarak 19.00da giriş yaptık ve anında yanımıza gelinip bavullarımız alındı sonra bizi Şükran hanım karşıladı bizi bekletmeden odaya aldılar oda ilk görünüşüyle iyi de ancak çok küçüktü mini bar iyidi odada temel ihtiyaçlar yoktu mesala ...,243,37,False,Google,CgsIxKPyr6zq4ZTeARAB,2026-08-25T12:53:13+00:00,OK
gm_59f5c2861bd08413,BOD103,Green Bay Resort & Spa Bodrum,Güvercinlik,4,HIGH,Google üzerinde 4 gün önce,2026-08-21,2026,8,2026-08,True,False,Sakın ve huzurlu bir tatil için ideal nokta. İçeceklerin kalitesi artarsa en iyiler arasında yerini alır.,Sakın ve huzurlu bir tatil için ideal nokta. İçeceklerin kalitesi artarsa en iyiler arasında yerini alır.,105,16,False,Google,CgsIxKPyr6zq4ZTeARAB,2026-08-25T12:53:13+00:00,OK
gm_e47a85a190a2cb33,BOD103,Green Bay Resort & Spa Bodrum,Güvercinlik,5,HIGH,Google üzerinde 5 gün önce,2026-08-20,2026,8,2026-08,True,False,Dün itibari ile eşim ve 2 çocuğumuzla birlikte Tatilimize başladık. Çok keyifli ve güzel geçmekte. Temizlik bakımdan iyi havuzların temizliği şezlong sayıları yeterli yemekler lezzetli. Personel güler yüzlü. Tekrardan tercih edeceğiz. …,Dün itibari ile eşim ve 2 çocuğumuzla birlikte Tatilimize başladık. Çok keyifli ve güzel geçmekte. Temizlik bakımdan iyi havuzların temizliği şezlong sayıları yeterli yemekler lezzetli. Personel güler yüzlü. Tekrardan tercih edeceğiz. ...,238,32,False,Google,CgsIxKPyr6zq4ZTeARAB,2026-08-25T12:53:13+00:00,OK
gm_69c474719e904c37,BOD103,Green Bay Resort & Spa Bodrum,Güvercinlik,5,HIGH,Google üzerinde 5 gün önce düzenlendi,2026-08-20,2026,8,2026-08,True,True,"Merhaba, herkese yardımcı olmak için detaylı yazmak istedim
Otele Nisan’da Jolly aracılığıyla erken rezervasyon yaptırdık. Öncelikle resepsiyondaki arkadaşlar güzel bir şekilde karşılayıp ilgilendiler, odamıza kadar …","Merhaba, herkese yardımcı olmak için detaylı yazmak istedim Otele Nisan’da Jolly aracılığıyla erken rezervasyon yaptırdık. Öncelikle resepsiyondaki arkadaşlar güzel bir şekilde karşılayıp ilgilendiler, odamıza kadar ...",219,26,False,Google,CgsIxKPyr6zq4ZTeARAB,2026-08-25T12:53:13+00:00,OK
gm_9b3fac1907851125,BOD103,Green Bay Resort & Spa Bodrum,Güvercinlik,3,MIXED,Google üzerinde 5 gün önce düzenlendi,2026-08-20,2026,8,2026-08,True,True,Yemek konusunda bence daha iyi olabilir ama lezzetli ceşitli yemekler mevcut. Personel gayet özverili çalisiyor. Otelin bulunduğu konum itibariyle havası bence çok güzel. Fakat otelin asıl en ciddi problemi deniz. Bu bölge eski balık …,Yemek konusunda bence daha iyi olabilir ama lezzetli ceşitli yemekler mevcut. Personel gayet özverili çalisiyor. Otelin bulunduğu konum itibariyle havası bence çok güzel. Fakat otelin asıl en ciddi problemi deniz. Bu bölge eski balık ...,237,35,False,Google,CgsIxKPyr6zq4ZTeARAB,2026-08-25T12:53:13+00:00,OK
gm_7718378333f4e63f,BOD103,Green Bay Resort & Spa Bodrum,Güvercinlik,1,LOW,Google üzerinde 6 gün önce,2026-08-19,2026,8,2026-08,True,False,"Mustafa Aydın
Google üzerinde 6 gün önce",,,,True,Google,CgsIxKPyr6zq4ZTeARAB,2026-08-25T12:53:14+00:00,TEXT_WAS_REVIEWER_NAME_ARTIFACT
gm_0e3f3b1f0cc5456e,BOD103,Green Bay Resort & Spa Bodrum,Güvercinlik,4,HIGH,Google üzerinde 6 gün önce,2026-08-19,2026,8,2026-08,True,False,Denizi çabuk derinleşiyor çocuklar için fazla uygun değil ama çevrede otel olmadığı için sakın,Denizi çabuk derinleşiyor çocuklar için fazla uygun değil ama çevrede otel olmadığı için sakın,94,14,False,Google,CgsIxKPyr6zq4ZTeARAB,2026-08-25T12:53:14+00:00,OK
gm_db18e326bc8ea275,BOD103,Green Bay Resort & Spa Bodrum,Güvercinlik,5,HIGH,Google üzerinde 6 gün önce,2026-08-19,2026,8,2026-08,True,False,"Buradaki yorumlardan etkilenerek çok kararsız kaldık green bay otelde tatil yapmak için, ama yorumların ne kadar yersiz olduğunu gidince anladık. Bodrum'da bilindik 5 yıldızlı ultra her şey dahil otellerden hiçbir farkı yok, üstelik fiyatı …","Buradaki yorumlardan etkilenerek çok kararsız kaldık green bay otelde tatil yapmak için, ama yorumların ne kadar yersiz olduğunu gidince anladık. Bodrum'da bilindik 5 yıldızlı ultra her şey dahil otellerden hiçbir farkı yok, üstelik fiyatı ...",243,35,False,Google,CgsIxKPyr6zq4ZTeARAB,2026-08-25T12:53:14+00:00,OK
gm_5683b94847a3a33a,BOD103,Green Bay Resort & Spa Bodrum,Güvercinlik,5,HIGH,Google üzerinde 6 gün önce,2026-08-19,2026,8,2026-08,True,False,Harika herşey çok güzel süper hizmet yemek çok güzel tavsiye ederim,Harika herşey çok güzel süper hizmet yemek çok güzel tavsiye ederim,67,11,False,Google,CgsIxKPyr6zq4ZTeARAB,2026-08-25T12:53:14+00:00,VERY_SHORT_TEXT
gm_8641e593cb3a2120,BOD103,Green Bay Resort & Spa Bodrum,Güvercinlik,1,LOW,Google üzerinde 6 gün önce,2026-08-19,2026,8,2026-08,True,False,Otel konum olarak iyi denizi güzel ama otel yönetim çok kötü başımıza hırsızlık olayı geçti odamdaki çantamın içinden yüzüklerim kayboldu ve yönetime bilrdşrdim kaybolmuştur diyip çantamı heryeri oda falan hep arandı çalındıgına eminim ve …,Otel konum olarak iyi denizi güzel ama otel yönetim çok kötü başımıza hırsızlık olayı geçti odamdaki çantamın içinden yüzüklerim kayboldu ve yönetime bilrdşrdim kaybolmuştur diyip çantamı heryeri oda falan hep arandı çalındıgına eminim ve ...,242,35,False,Google,CgsIxKPyr6zq4ZTeARAB,2026-08-25T12:53:14+00:00,OK
gm_bae342e435dbd7c0,BOD103,Green Bay Resort & Spa Bodrum,Güvercinlik,3,MIXED,Google üzerinde 4 gün önce,2026-08-21,2026,8,2026-08,True,False,İlk olarak 19.00da giriş yaptık ve anında yanımıza gelinip bavullarımız alındı sonra bizi Şükran hanım karşıladı bizi bekletmeden odaya aldılar oda ilk görünüşüyle iyi de ancak çok küçüktü mini bar iyidi odada temel ihtiyaçlar yoktu mesala sineklik ve raid yoktu banyoda havalandırma yoktu ve banyoda duş alırken vücudumuz çok acıdı büyük ihtimalle bedende kalan kumlar için yapıldı çok can acıtıyor lütfen değiştirin yemekler ve minibarlar ortalamaydı yemeklerin çoğu lezzetsizdi ve hergün aynı yemekler sunuldu minibarlarda özellikle sneak barda oturma yeri yoktu ve sadece gazlı içecekler vardı ve çocuk havuzunun oradaki barda iyidi ama barmenler iyi eğitilmemişti ancak otel odamız çok temizdi etkinlikler ortalamaydı hepsi iyidi ancak bir süre sonra sıkıyo çocuk kulübü hakkında bişey söyleyemem denemedim birde çocuk havuzu temiz değildi fakat 16 yaş üstü havuz temizde lütfen buna bir çare bulun Denizde çok taş vardı deniz birden derinleşiyor ondan yüzme bilmeyen ailelere önermem su çok bulanıktı cankurtaranlar çok iyi çalışıyordu her zaman deniz havuz ve aquaparkın başındaydı Aquaparka gelirsek havuz biraz daha derin olmalı ortalama bir aquaparktı bence daha fazla kaydırak olmalı Kısaca parasına göre ortalamaydı yani tam değmedi,İlk olarak 19.00da giriş yaptık ve anında yanımıza gelinip bavullarımız alındı sonra bizi Şükran hanım karşıladı bizi bekletmeden odaya aldılar oda ilk görünüşüyle iyi de ancak çok küçüktü mini bar iyidi odada temel ihtiyaçlar yoktu mesala sineklik ve raid yoktu banyoda havalandırma yoktu ve banyoda duş alırken vücudumuz çok acıdı büyük ihtimalle bedende kalan kumlar için yapıldı çok can acıtıyor lütfen değiştirin yemekler ve minibarlar ortalamaydı yemeklerin çoğu lezzetsizdi ve hergün aynı yemekler sunuldu minibarlarda özellikle sneak barda oturma yeri yoktu ve sadece gazlı içecekler vardı ve çocuk havuzunun oradaki barda iyidi ama barmenler iyi eğitilmemişti ancak otel odamız çok temizdi etkinlikler ortalamaydı hepsi iyidi ancak bir süre sonra sıkıyo çocuk kulübü hakkında bişey söyleyemem denemedim birde çocuk havuzu temiz değildi fakat 16 yaş üstü havuz temizde lütfen buna bir çare bulun Denizde çok taş vardı deniz birden derinleşiyor ondan yüzme bilmeyen ailelere önermem su çok bulanıktı cankurtaranlar çok iyi çalışıyordu her zaman deniz havuz ve aquaparkın başındaydı Aquaparka gelirsek havuz biraz daha derin olmalı ortalama bir aquaparktı bence daha fazla kaydırak olmalı Kısaca parasına göre ortalamaydı yani tam değmedi,1244,180,False,Google,CgsIxKPyr6zq4ZTeARAB,2026-08-25T12:53:26+00:00,OK
gm_fc3e9a7b8f5e7fc0,BOD103,Green Bay Resort & Spa Bodrum,Güvercinlik,5,HIGH,Google üzerinde 5 gün önce,2026-08-20,2026,8,2026-08,True,False,"Dün itibari ile eşim ve 2 çocuğumuzla birlikte Tatilimize başladık. Çok keyifli ve güzel geçmekte. Temizlik bakımdan iyi havuzların temizliği şezlong sayıları yeterli yemekler lezzetli. Personel güler yüzlü. Tekrardan tercih edeceğiz. Gelmek isteyenlere de öneririm. Özellikle Operasyon Şefi Mehmet bey takdire şayan özverili ilgisine hayran kaldım. Gece geç saatlerdede görevinin başında, güneşin doğumunda bile görevinin başındaydı. Sanki klonlanmış gibi nereye gitsem onu görüyorum. Kafamı nereye çevirsem Mehmet bey. Çalışma azmine hayran kaldım. Herşey için teşekkür ediyorum.","Dün itibari ile eşim ve 2 çocuğumuzla birlikte Tatilimize başladık. Çok keyifli ve güzel geçmekte. Temizlik bakımdan iyi havuzların temizliği şezlong sayıları yeterli yemekler lezzetli. Personel güler yüzlü. Tekrardan tercih edeceğiz. Gelmek isteyenlere de öneririm. Özellikle Operasyon Şefi Mehmet bey takdire şayan özverili ilgisine hayran kaldım. Gece geç saatlerdede görevinin başında, güneşin doğumunda bile görevinin başındaydı. Sanki klonlanmış gibi nereye gitsem onu görüyorum. Kafamı nereye çevirsem Mehmet bey. Çalışma azmine hayran kaldım. Herşey için teşekkür ediyorum.",581,76,False,Google,CgsIxKPyr6zq4ZTeARAB,2026-08-25T12:53:26+00:00,OK
gm_6631713eb0acbafc,BOD103,Green Bay Resort & Spa Bodrum,Güvercinlik,5,HIGH,Google üzerinde 5 gün önce düzenlendi,2026-08-20,2026,8,2026-08,True,True,"Merhaba, herkese yardımcı olmak için detaylı yazmak istedim
Otele Nisan’da Jolly aracılığıyla erken rezervasyon yaptırdık. Öncelikle resepsiyondaki arkadaşlar güzel bir şekilde karşılayıp ilgilendiler, odamıza kadar personel eşlik etti otel hakkında bilgileri kısaca paylaşıp yardımcı oldu
Eylül 17-23 tarihlerinde eşimle
konakladık, aile odaları ana binanın biraz dışında kalıyor. Odada klima mevcuttu, balkonu da vardı. Pencereleri ve balkon kapısını açmadığımız için sivrisineklere pek maruz kalmadık (camlarda sineklik yok)
Odamızı isteğimize göre her gün temizleyip mini buzdolabındaki kullanılan içecekleri yenilediler, banyo ve oda gayet temizdi.
(Minibar ücretsiz, Odaya içecek-yemek servis isterseniz ücretli)
-Deniz ve Havuz
Yüzme bilmeyenler için birkaç adımdan sonra su derinleşiyor. Deniz temizdi, dalga yoktu ama suyun dibini göremezsiniz su berrak değil, bulanıktı.
Otelin orta kısmındaki iskele ücretli günlük 40€ karşılığında yiyecek-içecek servisini personeller getiriyor
Şezlong sayısı yeterliydi, ücretsiz havlu alabilirsiniz.
Denize yakın 3-4 duş alanı vardı
Otelde çocuklar için havuz var çeşitli kaydıraklar ve salıncak mevcut
Yetişkinler için 3 ayrı havuz var
1 havuz aqualı, diğer ikisi normal (bar kısmı havuz yanında mevcut)
-Yemek
Otelde yemek konusunda sıkıntı yaşamadık, ana restoranda çeşit çeşit yemek-meyve vs oluyor,
İçecek çeşidi de gayet iyiydi
Gözleme-Waffle-Dondurma almak isterseniz havuza yakın bi kısımda yapıyorlar
Otelin içinde birden fazla bar bölümü var isteğinize göre kokteyl hazırlatabilirsiniz personeller gayet ilgili
Lobby bardaki Zübeyde hanım çok samimi ve lezzetli kokteyler hazırladı :)
4.8 Feet Bardaki İsmail bey kokteyl ve içecek seçimlerinde güzel tavsiyeler veriyor, çok başarılı :)
-Eğlence
Otelin günlük programı dahilinde belli saatlerde aktiviteler oluyor,
Voleybol-Basketbol-Havalı tabanca atışı-Zumba-Morning gym-Canlı Müzik-Amfi Tiyatroda Akşam şovları ve Mini Disko(çocuklar için)
Sezon sonunda köpük partisi çok eğlenceliydi
Bol bol aktiviteye katıldık
Animasyon ekibinden Riyad ve Dada’ya ayrıca teşekkür ederim çok samimi ve eğlenceliler :)
Otel müdürü Ahmet bey’i de ayrıca tebrik ederim personelleri her gün denetledi ve konaklayan kişilere gayet yardımcı oldu çok anlayışlı bir insan tanıdığımıza çok memnun olduk :)
Tatil planınıza bu oteli dahil etmelisiniz 🙏🏻","Merhaba, herkese yardımcı olmak için detaylı yazmak istedim Otele Nisan’da Jolly aracılığıyla erken rezervasyon yaptırdık. Öncelikle resepsiyondaki arkadaşlar güzel bir şekilde karşılayıp ilgilendiler, odamıza kadar personel eşlik etti otel hakkında bilgileri kısaca paylaşıp yardımcı oldu Eylül 17-23 tarihlerinde eşimle konakladık, aile odaları ana binanın biraz dışında kalıyor. Odada klima mevcuttu, balkonu da vardı. Pencereleri ve balkon kapısını açmadığımız için sivrisineklere pek maruz kalmadık (camlarda sineklik yok) Odamızı isteğimize göre her gün temizleyip mini buzdolabındaki kullanılan içecekleri yenilediler, banyo ve oda gayet temizdi. (Minibar ücretsiz, Odaya içecek-yemek servis isterseniz ücretli) -Deniz ve Havuz Yüzme bilmeyenler için birkaç adımdan sonra su derinleşiyor. Deniz temizdi, dalga yoktu ama suyun dibini göremezsiniz su berrak değil, bulanıktı. Otelin orta kısmındaki iskele ücretli günlük 40€ karşılığında yiyecek-içecek servisini personeller getiriyor Şezlong sayısı yeterliydi, ücretsiz havlu alabilirsiniz. Denize yakın 3-4 duş alanı vardı Otelde çocuklar için havuz var çeşitli kaydıraklar ve salıncak mevcut Yetişkinler için 3 ayrı havuz var 1 havuz aqualı, diğer ikisi normal (bar kısmı havuz yanında mevcut) -Yemek Otelde yemek konusunda sıkıntı yaşamadık, ana restoranda çeşit çeşit yemek-meyve vs oluyor, İçecek çeşidi de gayet iyiydi Gözleme-Waffle-Dondurma almak isterseniz havuza yakın bi kısımda yapıyorlar Otelin içinde birden fazla bar bölümü var isteğinize göre kokteyl hazırlatabilirsiniz personeller gayet ilgili Lobby bardaki Zübeyde hanım çok samimi ve lezzetli kokteyler hazırladı :) 4.8 Feet Bardaki İsmail bey kokteyl ve içecek seçimlerinde güzel tavsiyeler veriyor, çok başarılı :) -Eğlence Otelin günlük programı dahilinde belli saatlerde aktiviteler oluyor, Voleybol-Basketbol-Havalı tabanca atışı-Zumba-Morning gym-Canlı Müzik-Amfi Tiyatroda Akşam şovları ve Mini Disko(çocuklar için) Sezon sonunda köpük partisi çok eğlenceliydi Bol bol aktiviteye katıldık Animasyon ekibinden Riyad ve Dada’ya ayrıca teşekkür ederim çok samimi ve eğlenceliler :) Otel müdürü Ahmet bey’i de ayrıca tebrik ederim personelleri her gün denetledi ve konaklayan kişilere gayet yardımcı oldu çok anlayışlı bir insan tanıdığımıza çok memnun olduk :) Tatil planınıza bu oteli dahil etmelisiniz 🙏🏻",2336,307,False,Google,CgsIxKPyr6zq4ZTeARAB,2026-08-25T12:53:26+00:00,OK
gm_1f42b1d2647a2872,BOD103,Green Bay Resort & Spa Bodrum,Güvercinlik,3,MIXED,Google üzerinde 5 gün önce düzenlendi,2026-08-20,2026,8,2026-08,True,True,Yemek konusunda bence daha iyi olabilir ama lezzetli ceşitli yemekler mevcut. Personel gayet özverili çalisiyor. Otelin bulunduğu konum itibariyle havası bence çok güzel. Fakat otelin asıl en ciddi problemi deniz. Bu bölge eski balık çiftlikleri bölgesi olması nedeniyle tabanda ciddi bir tabaka var ve bu denizin kendini temizlemesini engellemiş ve deniz salyasi kaynaklı bir bulaniklik mevcut. Denizden kesinlikle keyif alamayacaksınız.,Yemek konusunda bence daha iyi olabilir ama lezzetli ceşitli yemekler mevcut. Personel gayet özverili çalisiyor. Otelin bulunduğu konum itibariyle havası bence çok güzel. Fakat otelin asıl en ciddi problemi deniz. Bu bölge eski balık çiftlikleri bölgesi olması nedeniyle tabanda ciddi bir tabaka var ve bu denizin kendini temizlemesini engellemiş ve deniz salyasi kaynaklı bir bulaniklik mevcut. Denizden kesinlikle keyif alamayacaksınız.,438,60,False,Google,CgsIxKPyr6zq4ZTeARAB,2026-08-25T12:53:26+00:00,OK
gm_3ddb633625d86b80,BOD103,Green Bay Resort & Spa Bodrum,Güvercinlik,5,HIGH,Google üzerinde 6 gün önce,2026-08-19,2026,8,2026-08,True,False,"Buradaki yorumlardan etkilenerek çok kararsız kaldık green bay otelde tatil yapmak için, ama yorumların ne kadar yersiz olduğunu gidince anladık. Bodrum'da bilindik 5 yıldızlı ultra her şey dahil otellerden hiçbir farkı yok, üstelik fiyatı o otellere kıyasla çok daha ekonomik. Çok keyifli 4 gün geçirdik yemekler çok başarılıydı tesis çok temizdi , bütün alanlar birbirine çok yakındı, öneri olarak sadece restoranlardaki garsonların sayısını yetersizdi, ayrıca tam çıkış yapacağımız gün oğlum için doğum günü kutlaması rica ettim. 4.8 feet bar in müdürü Emin bey sağolsun bizimle çok ilgilendi çok da güzel şekilde kutladık buradan kendisine tekrar teşekkür ediyorum","Buradaki yorumlardan etkilenerek çok kararsız kaldık green bay otelde tatil yapmak için, ama yorumların ne kadar yersiz olduğunu gidince anladık. Bodrum'da bilindik 5 yıldızlı ultra her şey dahil otellerden hiçbir farkı yok, üstelik fiyatı o otellere kıyasla çok daha ekonomik. Çok keyifli 4 gün geçirdik yemekler çok başarılıydı tesis çok temizdi , bütün alanlar birbirine çok yakındı, öneri olarak sadece restoranlardaki garsonların sayısını yetersizdi, ayrıca tam çıkış yapacağımız gün oğlum için doğum günü kutlaması rica ettim. 4.8 feet bar in müdürü Emin bey sağolsun bizimle çok ilgilendi çok da güzel şekilde kutladık buradan kendisine tekrar teşekkür ediyorum",668,97,False,Google,CgsIxKPyr6zq4ZTeARAB,2026-08-25T12:53:27+00:00,OK
gm_1293c64805d6ea42,BOD103,Green Bay Resort & Spa Bodrum,Güvercinlik,1,LOW,Google üzerinde 6 gün önce,2026-08-19,2026,8,2026-08,True,False,Otel konum olarak iyi denizi güzel ama otel yönetim çok kötü başımıza hırsızlık olayı geçti odamdaki çantamın içinden yüzüklerim kayboldu ve yönetime bilrdşrdim kaybolmuştur diyip çantamı heryeri oda falan hep arandı çalındıgına eminim ve jandarmaya gidip şikayette bulundum bu durumda otel yönetimi hiç bir şekilde ne özür ne kusur ne mahcubiyet hiç bir şekilde destek yoktu bildiginiz sahip çıksaydınızda kaybolmasaydı tavırları vardı asla memnun ayrılmadım,Otel konum olarak iyi denizi güzel ama otel yönetim çok kötü başımıza hırsızlık olayı geçti odamdaki çantamın içinden yüzüklerim kayboldu ve yönetime bilrdşrdim kaybolmuştur diyip çantamı heryeri oda falan hep arandı çalındıgına eminim ve jandarmaya gidip şikayette bulundum bu durumda otel yönetimi hiç bir şekilde ne özür ne kusur ne mahcubiyet hiç bir şekilde destek yoktu bildiginiz sahip çıksaydınızda kaybolmasaydı tavırları vardı asla memnun ayrılmadım,459,65,False,Google,CgsIxKPyr6zq4ZTeARAB,2026-08-25T12:53:27+00:00,OK
gm_a6b0b0449953703b,BOD103,Green Bay Resort & Spa Bodrum,Güvercinlik,1,LOW,Google üzerinde bir hafta önce,2026-08-18,2026,8,2026-08,True,False,"Ilkkez geldim yemek çeşidi cok az , hangi tabağa elimi attıysam pis cikti, hijyen sifir ve odalarıhiç konforlu degil, birdaha asla gelmem","Ilkkez geldim yemek çeşidi cok az , hangi tabağa elimi attıysam pis cikti, hijyen sifir ve odalarıhiç konforlu degil, birdaha asla gelmem",137,22,False,Google,CgsIxKPyr6zq4ZTeARAB,2026-08-25T12:53:28+00:00,OK
gm_272c379bd9d1617f,BOD103,Green Bay Resort & Spa Bodrum,Güvercinlik,1,LOW,Google üzerinde bir hafta önce,2026-08-18,2026,8,2026-08,True,False,"(Google tarafından çevrildi) Şu anda tatildeyiz ve otelin gece yarısına kadar süren günlük ""diskoları"" kesinlikle kabul edilemez. Zemin katta bir odamız var, bu da hem çocuğumuzun hem de bizim her gün uyuyakalmamızı engelliyor. Herkes parti …","(Google tarafından çevrildi) Şu anda tatildeyiz ve otelin gece yarısına kadar süren günlük ""diskoları"" kesinlikle kabul edilemez. Zemin katta bir odamız var, bu da hem çocuğumuzun hem de bizim her gün uyuyakalmamızı engelliyor. Herkes parti ...",244,36,False,Google,CgsIxKPyr6zq4ZTeARAB,2026-08-25T12:53:28+00:00,OK
gm_62207d6755288218,BOD103,Green Bay Resort & Spa Bodrum,Güvercinlik,5,HIGH,Google üzerinde bir hafta önce,2026-08-18,2026,8,2026-08,True,False,"Ağustos ortası 2 yetişkin 2 çocuk olarak konakladık. Denizi aquaparkını gördüğümüz anda bayıldık! Fakat yemeklerdeyken bişey fark ettik, koskoca yemekhanede 15-20 tane çalışan olması gerekirken sadece 7-8 tane vardı. Çalışanlar çok yorulmuş …","Ağustos ortası 2 yetişkin 2 çocuk olarak konakladık. Denizi aquaparkını gördüğümüz anda bayıldık! Fakat yemeklerdeyken bişey fark ettik, koskoca yemekhanede 15-20 tane çalışan olması gerekirken sadece 7-8 tane vardı. Çalışanlar çok yorulmuş ...",244,33,False,Google,CgsIxKPyr6zq4ZTeARAB,2026-08-25T12:53:28+00:00,OK
gm_a1f05aeeb011f9cf,BOD103,Green Bay Resort & Spa Bodrum,Güvercinlik,2,LOW,Google üzerinde bir hafta önce,2026-08-18,2026,8,2026-08,True,False,"Hijyen açısından çok sağlıklı bir durumda değildi. Odalar temiz gibi gözükse de yatakta küçük kıllar, saçlar vardı. Aramamıza rağmen net bir aksiyon alınmadı.
Odada 2 kez elektrikler gitti, teknik geldi ve yaptı. …","Hijyen açısından çok sağlıklı bir durumda değildi. Odalar temiz gibi gözükse de yatakta küçük kıllar, saçlar vardı. Aramamıza rağmen net bir aksiyon alınmadı. Odada 2 kez elektrikler gitti, teknik geldi ve yaptı. ...",216,33,False,Google,CgsIxKPyr6zq4ZTeARAB,2026-08-25T12:53:28+00:00,OK
gm_1240c7e2ca406ca2,BOD103,Green Bay Resort & Spa Bodrum,Güvercinlik,3,MIXED,Google üzerinde bir hafta önce,2026-08-18,2026,8,2026-08,True,False,"Beklentinize bağlı olarak değişir, antalya kıbrıs herşey dahil lükslüğünde bir şey arıyorsanız burası değil kesinlikle. Kids club çok vasat, yetersiz. Odalar temiz ama eski. Karşılama resepsiyon ehhh işte, bellboy hariç,en güzel bilgiyi ve …","Beklentinize bağlı olarak değişir, antalya kıbrıs herşey dahil lükslüğünde bir şey arıyorsanız burası değil kesinlikle. Kids club çok vasat, yetersiz. Odalar temiz ama eski. Karşılama resepsiyon ehhh işte, bellboy hariç,en güzel bilgiyi ve ...",243,34,False,Google,CgsIxKPyr6zq4ZTeARAB,2026-08-25T12:53:28+00:00,OK
gm_3ee49c3583c74787,BOD103,Green Bay Resort & Spa Bodrum,Güvercinlik,5,HIGH,Google üzerinde bir hafta önce,2026-08-18,2026,8,2026-08,True,False,"Alper Kılıç
Google üzerinde bir hafta önce",,,,True,Google,CgsIxKPyr6zq4ZTeARAB,2026-08-25T12:53:28+00:00,TEXT_WAS_REVIEWER_NAME_ARTIFACT
gm_80fb2b6fbd903553,BOD103,Green Bay Resort & Spa Bodrum,Güvercinlik,1,LOW,Google üzerinde bir hafta önce,2026-08-18,2026,8,2026-08,True,False,"Otel tam anlamiyla hayal kirikligiydi; Calisanlar oldukca mutsuz ve ilgisizdi otelden bihaberlerdi. Mutlak bir dogru yok , her calisan bir soru sordugunda farkli bir sey soyluyor. Inanilmaz tersler,her temizlik sonrasi illa bir sey eksik …","Otel tam anlamiyla hayal kirikligiydi; Calisanlar oldukca mutsuz ve ilgisizdi otelden bihaberlerdi. Mutlak bir dogru yok , her calisan bir soru sordugunda farkli bir sey soyluyor. Inanilmaz tersler,her temizlik sonrasi illa bir sey eksik ...",241,35,False,Google,CgsIxKPyr6zq4ZTeARAB,2026-08-25T12:53:28+00:00,OK
gm_11d37de0fbc22edc,BOD103,Green Bay Resort & Spa Bodrum,Güvercinlik,5,HIGH,Google üzerinde bir hafta önce,2026-08-18,2026,8,2026-08,True,False,"HAMZA ÖZDEMİR
Google üzerinde bir hafta önce",,,,True,Google,CgsIxKPyr6zq4ZTeARAB,2026-08-25T12:53:29+00:00,TEXT_WAS_REVIEWER_NAME_ARTIFACT
gm_974ac04dc49d5a15,BOD103,Green Bay Resort & Spa Bodrum,Güvercinlik,5,HIGH,Google üzerinde bir hafta önce,2026-08-18,2026,8,2026-08,True,False,"(Google tarafından çevrildi) Muhteşem. Amerikalı gezginler için gizli bir hazine, ama Türkler işin uzmanı. Her şey dahil, hatta alkol bile! …","(Google tarafından çevrildi) Muhteşem. Amerikalı gezginler için gizli bir hazine, ama Türkler işin uzmanı. Her şey dahil, hatta alkol bile! ...",143,21,False,Google,CgsIxKPyr6zq4ZTeARAB,2026-08-25T12:53:29+00:00,OK
gm_f36be9a8c66ae017,BOD103,Green Bay Resort & Spa Bodrum,Güvercinlik,4,HIGH,Google üzerinde bir hafta önce,2026-08-18,2026,8,2026-08,True,False,Biz 4 gece 5 gündüz konakladık deniz çok güzeldi koy direk otele ait denizden çok keyif aldık havuz çok keyifliydi diyemem yemeklere gelecek olursak çok et çeşidi yok ama karnınız doyar kullanılan ürünler kötü değildi en azından kaliteliydi …,Biz 4 gece 5 gündüz konakladık deniz çok güzeldi koy direk otele ait denizden çok keyif aldık havuz çok keyifliydi diyemem yemeklere gelecek olursak çok et çeşidi yok ama karnınız doyar kullanılan ürünler kötü değildi en azından kaliteliydi ...,244,39,False,Google,CgsIxKPyr6zq4ZTeARAB,2026-08-25T12:53:29+00:00,OK
gm_48ab9f55c7ed5802,BOD103,Green Bay Resort & Spa Bodrum,Güvercinlik,1,LOW,Google üzerinde bir hafta önce,2026-08-18,2026,8,2026-08,True,False,"(Google tarafından çevrildi) Şu anda tatildeyiz ve otelin gece yarısına kadar süren günlük ""diskoları"" kesinlikle kabul edilemez. Zemin katta bir odamız var, bu da hem çocuğumuzun hem de bizim her gün uyuyakalmamızı engelliyor. Herkes parti yapmak istemez.
(Orijinal)
Jesteśmy właśnie na urlopie, ogromny minus dla hotelu za codzienne "" dyskoteki"" do północy. Mamy pokój w podłożu tego miejsca gdzie codziennie uniemożliwia to zaśnięcie dziecku i nam. Nie każdy ma ochotę na imprezy","(Google tarafından çevrildi) Şu anda tatildeyiz ve otelin gece yarısına kadar süren günlük ""diskoları"" kesinlikle kabul edilemez. Zemin katta bir odamız var, bu da hem çocuğumuzun hem de bizim her gün uyuyakalmamızı engelliyor. Herkes parti yapmak istemez. (Orijinal) Jesteśmy właśnie na urlopie, ogromny minus dla hotelu za codzienne "" dyskoteki"" do północy. Mamy pokój w podłożu tego miejsca gdzie codziennie uniemożliwia to zaśnięcie dziecku i nam. Nie każdy ma ochotę na imprezy",482,72,False,Google,CgsIxKPyr6zq4ZTeARAB,2026-08-25T12:53:44+00:00,OK
gm_508934631f3560d0,BOD103,Green Bay Resort & Spa Bodrum,Güvercinlik,5,HIGH,Google üzerinde bir hafta önce,2026-08-18,2026,8,2026-08,True,False,"Ağustos ortası 2 yetişkin 2 çocuk olarak konakladık. Denizi aquaparkını gördüğümüz anda bayıldık! Fakat yemeklerdeyken bişey fark ettik, koskoca yemekhanede 15-20 tane çalışan olması gerekirken sadece 7-8 tane vardı. Çalışanlar çok yorulmuş görünüyordu ve hiç gülmüyordular. Ne zmaan baksak koşuyorlardı. Çalışanın az olması bizi çok yordu fakat yemeklerin çeşiti çok güzeldi. Yemekler lezzetliydi. Özellikle yemekhanedeki aşçılar o kadar iyi kalpliydiki bizi çok mutlu ettiler. Otelde olan bazı köpük partisi,DJ günü çok güzeldi deniz. Berraktı. Odadaki saç kurutma makinası kötüydü fakat temizliği güzeldi. İçecek barları kaliteliydi. İçecekler lezzetliydi. Akşamları animasyon ekibini tebrik ediyorum. Özellikle mini claptan sonra akşama eğelenceli başlıyor. Harika bir eğelence ile gününüz bitiyor. Tavsiye ederim (dönerken çok üzüldük..)💕","Ağustos ortası 2 yetişkin 2 çocuk olarak konakladık. Denizi aquaparkını gördüğümüz anda bayıldık! Fakat yemeklerdeyken bişey fark ettik, koskoca yemekhanede 15-20 tane çalışan olması gerekirken sadece 7-8 tane vardı. Çalışanlar çok yorulmuş görünüyordu ve hiç gülmüyordular. Ne zmaan baksak koşuyorlardı. Çalışanın az olması bizi çok yordu fakat yemeklerin çeşiti çok güzeldi. Yemekler lezzetliydi. Özellikle yemekhanedeki aşçılar o kadar iyi kalpliydiki bizi çok mutlu ettiler. Otelde olan bazı köpük partisi,DJ günü çok güzeldi deniz. Berraktı. Odadaki saç kurutma makinası kötüydü fakat temizliği güzeldi. İçecek barları kaliteliydi. İçecekler lezzetliydi. Akşamları animasyon ekibini tebrik ediyorum. Özellikle mini claptan sonra akşama eğelenceli başlıyor. Harika bir eğelence ile gününüz bitiyor. Tavsiye ederim (dönerken çok üzüldük..)💕",843,110,False,Google,CgsIxKPyr6zq4ZTeARAB,2026-08-25T12:53:44+00:00,OK
gm_a9b9f64108008dcf,BOD103,Green Bay Resort & Spa Bodrum,Güvercinlik,2,LOW,Google üzerinde bir hafta önce,2026-08-18,2026,8,2026-08,True,False,"Hijyen açısından çok sağlıklı bir durumda değildi. Odalar temiz gibi gözükse de yatakta küçük kıllar, saçlar vardı. Aramamıza rağmen net bir aksiyon alınmadı.
Odada 2 kez elektrikler gitti, teknik geldi ve yaptı.
Odada kırık eşyalar vardı, banyoda paslı ve zarar görmüş bataryaları kullandık.
Odanın bazı yerlerinde rutubet yapmış alanlar vardı, bu da koku yapıyordu.
Deniz çok bulanıktı ve zaman zaman pislikler geliyordu. Yüzülebilir fakat Bodrum'un belki de en kötü denizi.
Yemekleri kötü değildi, güzeldi. Özellikle snackbar'daki pizza ve akşam menüsü.
Ve son olarak o kadar büyük plaja tek bir havlu alabileceğimiz yer vardı, birden fazla yerde konumlanmalı.","Hijyen açısından çok sağlıklı bir durumda değildi. Odalar temiz gibi gözükse de yatakta küçük kıllar, saçlar vardı. Aramamıza rağmen net bir aksiyon alınmadı. Odada 2 kez elektrikler gitti, teknik geldi ve yaptı. Odada kırık eşyalar vardı, banyoda paslı ve zarar görmüş bataryaları kullandık. Odanın bazı yerlerinde rutubet yapmış alanlar vardı, bu da koku yapıyordu. Deniz çok bulanıktı ve zaman zaman pislikler geliyordu. Yüzülebilir fakat Bodrum'un belki de en kötü denizi. Yemekleri kötü değildi, güzeldi. Özellikle snackbar'daki pizza ve akşam menüsü. Ve son olarak o kadar büyük plaja tek bir havlu alabileceğimiz yer vardı, birden fazla yerde konumlanmalı.",663,97,False,Google,CgsIxKPyr6zq4ZTeARAB,2026-08-25T12:53:44+00:00,OK
gm_3e37f9827f95dba9,BOD103,Green Bay Resort & Spa Bodrum,Güvercinlik,3,MIXED,Google üzerinde bir hafta önce,2026-08-18,2026,8,2026-08,True,False,"Beklentinize bağlı olarak değişir, antalya kıbrıs herşey dahil lükslüğünde bir şey arıyorsanız burası değil kesinlikle. Kids club çok vasat, yetersiz. Odalar temiz ama eski. Karşılama resepsiyon ehhh işte, bellboy hariç,en güzel bilgiyi ve ilgiyi sağolsun ondan aldık:) Denizi çok güzel,kumlu, dalgasız. Yemekler güzeldi bence gayet yeterli lezzetli denilebilir. Bir daha tercih eder miyim sanmam.","Beklentinize bağlı olarak değişir, antalya kıbrıs herşey dahil lükslüğünde bir şey arıyorsanız burası değil kesinlikle. Kids club çok vasat, yetersiz. Odalar temiz ama eski. Karşılama resepsiyon ehhh işte, bellboy hariç,en güzel bilgiyi ve ilgiyi sağolsun ondan aldık:) Denizi çok güzel,kumlu, dalgasız. Yemekler güzeldi bence gayet yeterli lezzetli denilebilir. Bir daha tercih eder miyim sanmam.",397,54,False,Google,CgsIxKPyr6zq4ZTeARAB,2026-08-25T12:53:44+00:00,OK
gm_8b7851f43012432e,BOD103,Green Bay Resort & Spa Bodrum,Güvercinlik,1,LOW,Google üzerinde bir hafta önce,2026-08-18,2026,8,2026-08,True,False,"Otel tam anlamiyla hayal kirikligiydi; Calisanlar oldukca mutsuz ve ilgisizdi otelden bihaberlerdi. Mutlak bir dogru yok , her calisan bir soru sordugunda farkli bir sey soyluyor. Inanilmaz tersler,her temizlik sonrasi illa bir sey eksik tuvalet kagidi, banyo terligi vs istenmedigi surece verilmiyor. Yemek deseniz; yemekler sikayet etmeden once tum yemekler soguk servis ediliyordu. Koydaki pisligi de fotografini ekledim. Biz kampanya var ailem onceden memnun kaldi diye tercih etmistik, bir daha da tercih etmeyiz.Otel cok guzel bir konumda ama kesinlikle harcaniyor. Yetkili herhangi bir kisi dahi goremedim. Calisanlarin hepsi bir ay once ise baslamis ve servis desen… Daha hickimsenin guleryuzlu oldugunu gormedim hayretler icerisindeyim. Herhalde tek guleryuzlu olan animasyon ekibiydi onlar da surekli bir sey satmak istediginden. Ozet olarak servis kotu, yemek rezalet, hijyen belki bir 4/10, insan kalitesi 0/10. Tek iyi olan yani +16 havuzunda alkol servisi yapan iki çalışandı Yunus ve İbrahim’ e buradan ayrı teşekkür etmek istiyoruz. Onun dışında hiçbir şeyi beğenmedik.Bodrumda 3/4 yıldızlı bir pansiyonda kalıp beach clublara gitmek daha avantajlı ve keyifli olurdu","Otel tam anlamiyla hayal kirikligiydi; Calisanlar oldukca mutsuz ve ilgisizdi otelden bihaberlerdi. Mutlak bir dogru yok , her calisan bir soru sordugunda farkli bir sey soyluyor. Inanilmaz tersler,her temizlik sonrasi illa bir sey eksik tuvalet kagidi, banyo terligi vs istenmedigi surece verilmiyor. Yemek deseniz; yemekler sikayet etmeden once tum yemekler soguk servis ediliyordu. Koydaki pisligi de fotografini ekledim. Biz kampanya var ailem onceden memnun kaldi diye tercih etmistik, bir daha da tercih etmeyiz.Otel cok guzel bir konumda ama kesinlikle harcaniyor. Yetkili herhangi bir kisi dahi goremedim. Calisanlarin hepsi bir ay once ise baslamis ve servis desen... Daha hickimsenin guleryuzlu oldugunu gormedim hayretler icerisindeyim. Herhalde tek guleryuzlu olan animasyon ekibiydi onlar da surekli bir sey satmak istediginden. Ozet olarak servis kotu, yemek rezalet, hijyen belki bir 4/10, insan kalitesi 0/10. Tek iyi olan yani +16 havuzunda alkol servisi yapan iki çalışandı Yunus ve İbrahim’ e buradan ayrı teşekkür etmek istiyoruz. Onun dışında hiçbir şeyi beğenmedik.Bodrumda 3/4 yıldızlı bir pansiyonda kalıp beach clublara gitmek daha avantajlı ve keyifli olurdu",1184,167,False,Google,CgsIxKPyr6zq4ZTeARAB,2026-08-25T12:53:44+00:00,OK
gm_08bde3b0afd3ece1,BOD103,Green Bay Resort & Spa Bodrum,Güvercinlik,5,HIGH,Google üzerinde bir hafta önce,2026-08-18,2026,8,2026-08,True,False,"(Google tarafından çevrildi) Muhteşem. Amerikalı gezginler için gizli bir hazine, ama Türkler işin uzmanı. Her şey dahil, hatta alkol bile!
(Orijinal)
Amazing. Hidden gem for American travelers, but the Turkish know what's up. All inclusive, even alcohol!!","(Google tarafından çevrildi) Muhteşem. Amerikalı gezginler için gizli bir hazine, ama Türkler işin uzmanı. Her şey dahil, hatta alkol bile! (Orijinal) Amazing. Hidden gem for American travelers, but the Turkish know what's up. All inclusive, even alcohol!!",256,37,False,Google,CgsIxKPyr6zq4ZTeARAB,2026-08-25T12:53:45+00:00,OK
gm_1528b510450c84e1,BOD103,Green Bay Resort & Spa Bodrum,Güvercinlik,4,HIGH,Google üzerinde bir hafta önce,2026-08-18,2026,8,2026-08,True,False,Biz 4 gece 5 gündüz konakladık deniz çok güzeldi koy direk otele ait denizden çok keyif aldık havuz çok keyifliydi diyemem yemeklere gelecek olursak çok et çeşidi yok ama karnınız doyar kullanılan ürünler kötü değildi en azından kaliteliydi ama mutfaktaki tatlı pasta şefini tebrik ederim tatlılar pastalar gerçekten muhteşemdi odalardaki yatakları artık gerçekten değişin fena halde eskiler 2 aile kaldık hepimizin boynu sırtı ağrıdı,Biz 4 gece 5 gündüz konakladık deniz çok güzeldi koy direk otele ait denizden çok keyif aldık havuz çok keyifliydi diyemem yemeklere gelecek olursak çok et çeşidi yok ama karnınız doyar kullanılan ürünler kötü değildi en azından kaliteliydi ama mutfaktaki tatlı pasta şefini tebrik ederim tatlılar pastalar gerçekten muhteşemdi odalardaki yatakları artık gerçekten değişin fena halde eskiler 2 aile kaldık hepimizin boynu sırtı ağrıdı,434,64,False,Google,CgsIxKPyr6zq4ZTeARAB,2026-08-25T12:53:45+00:00,OK
gm_5a179c103a2bd7ae,BOD103,Green Bay Resort & Spa Bodrum,Güvercinlik,3,MIXED,Google üzerinde bir hafta önce,2026-08-18,2026,8,2026-08,True,False,"Hala içeride konaklarken yazmak istedim. Bu muhteşem koyda çok güzel bir tatil olacak tabii ki ama disiplin sağlanabilirse...restoranın sigara içilmeyen bölümünde sigara içenlere kayıtsız kalınıyor, hijyen ve sessizlik için tercih ettiğim …","Hala içeride konaklarken yazmak istedim. Bu muhteşem koyda çok güzel bir tatil olacak tabii ki ama disiplin sağlanabilirse...restoranın sigara içilmeyen bölümünde sigara içenlere kayıtsız kalınıyor, hijyen ve sessizlik için tercih ettiğim ...",242,32,False,Google,CgsIxKPyr6zq4ZTeARAB,2026-08-25T12:53:45+00:00,OK
gm_c23c62d5cb78323c,BOD103,Green Bay Resort & Spa Bodrum,Güvercinlik,5,HIGH,Google üzerinde bir hafta önce,2026-08-18,2026,8,2026-08,True,False,Bodrum Gümüşlük'te şahane saklı bir köy içinde yeşil ve mavinin en güzel tonlarıyla rüya gibi bir konumda,Bodrum Gümüşlük'te şahane saklı bir köy içinde yeşil ve mavinin en güzel tonlarıyla rüya gibi bir konumda,105,17,False,Google,CgsIxKPyr6zq4ZTeARAB,2026-08-25T12:53:45+00:00,OK
gm_16f80c95ddb34c18,BOD103,Green Bay Resort & Spa Bodrum,Güvercinlik,4,HIGH,Google üzerinde bir hafta önce,2026-08-18,2026,8,2026-08,True,False,"18.07.26-25.07.26 tarihlerinde konakladigim otel hakkında
Olumlu yanlar; …",18.07.26-25.07.26 tarihlerinde konakladigim otel hakkında Olumlu yanlar; ...,76,8,False,Google,CgsIxKPyr6zq4ZTeARAB,2026-08-25T12:53:45+00:00,VERY_SHORT_TEXT
gm_520764b8b2fd9265,BOD103,Green Bay Resort & Spa Bodrum,Güvercinlik,5,HIGH,Google üzerinde bir hafta önce,2026-08-18,2026,8,2026-08,True,False,Merhaba biz Ağustos ayında geldik. Geçen yılda bu otelde konaklamış ve memnun kalmıştık bu yüzden bu yılda burayı tercih ettik. Öncelikle Can bey otel müdürü son derece herşeyle ilgili ve çok iyi bir yönetici. Çocuklarım Çölyak olduğu için …,Merhaba biz Ağustos ayında geldik. Geçen yılda bu otelde konaklamış ve memnun kalmıştık bu yüzden bu yılda burayı tercih ettik. Öncelikle Can bey otel müdürü son derece herşeyle ilgili ve çok iyi bir yönetici. Çocuklarım Çölyak olduğu için ...,243,39,False,Google,CgsIxKPyr6zq4ZTeARAB,2026-08-25T12:53:46+00:00,OK
gm_304b4f22431d623a,BOD103,Green Bay Resort & Spa Bodrum,Güvercinlik,3,MIXED,Google üzerinde bir hafta önce,2026-08-18,2026,8,2026-08,True,False,"Konum süper,müşteri kalitesi orta,yabancılara müthiş ilgi,Türklere ise resmen gelmeyin der gibi hava var..Snack restaurantta çalışan garsonlar sanki silah zoruyla çalışıyorlar,surat beş karış ama sadece Türklere beş karış..Odaya sabah içmek …","Konum süper,müşteri kalitesi orta,yabancılara müthiş ilgi,Türklere ise resmen gelmeyin der gibi hava var..Snack restaurantta çalışan garsonlar sanki silah zoruyla çalışıyorlar,surat beş karış ama sadece Türklere beş karış..Odaya sabah içmek ...",244,30,False,Google,CgsIxKPyr6zq4ZTeARAB,2026-08-25T12:53:46+00:00,OK
gm_7f85f6850f4d8e46,BOD103,Green Bay Resort & Spa Bodrum,Güvercinlik,5,HIGH,Google üzerinde bir hafta önce,2026-08-18,2026,8,2026-08,True,False,Harika bir otel denizi yemekleri çok güzeldi ayrıca animayson grubu vardı ve çok başarılıydı.,Harika bir otel denizi yemekleri çok güzeldi ayrıca animayson grubu vardı ve çok başarılıydı.,93,14,False,Google,CgsIxKPyr6zq4ZTeARAB,2026-08-25T12:53:46+00:00,OK
gm_665ab190c5e390b6,BOD103,Green Bay Resort & Spa Bodrum,Güvercinlik,1,LOW,Google üzerinde bir hafta önce,2026-08-18,2026,8,2026-08,True,False,Bir otelin karaborsa zihniyeti ile anlık hatta dakikalık zam yapması inanılmaz derecede fırsatçılık yapması gerçekten rahatsız edici,Bir otelin karaborsa zihniyeti ile anlık hatta dakikalık zam yapması inanılmaz derecede fırsatçılık yapması gerçekten rahatsız edici,132,17,False,Google,CgsIxKPyr6zq4ZTeARAB,2026-08-25T12:53:48+00:00,OK
gm_e8aaed00d80f6634,BOD103,Green Bay Resort & Spa Bodrum,Güvercinlik,1,LOW,Google üzerinde bir hafta önce düzenlendi,2026-08-18,2026,8,2026-08,True,True,"Öğrenen Öğretmen
Google üzerinde bir hafta önce düzenlendi",,,,True,Google,CgsIxKPyr6zq4ZTeARAB,2026-08-25T12:53:48+00:00,TEXT_WAS_REVIEWER_NAME_ARTIFACT
gm_5b9d869fb3bac333,BOD103,Green Bay Resort & Spa Bodrum,Güvercinlik,1,LOW,Google üzerinde bir hafta önce düzenlendi,2026-08-18,2026,8,2026-08,True,True,"1-5 Ağustosta oradaydık…
KEŞKE OLMASAYDIK !
Madde madde yazacağım. Gitmeyi düşünen okusun. …",1-5 Ağustosta oradaydık... KEŞKE OLMASAYDIK ! Madde madde yazacağım. Gitmeyi düşünen okusun. ...,96,13,False,Google,CgsIxKPyr6zq4ZTeARAB,2026-08-25T12:53:48+00:00,VERY_SHORT_TEXT
gm_a0dcf24538b55c91,BOD103,Green Bay Resort & Spa Bodrum,Güvercinlik,1,LOW,Google üzerinde bir hafta önce,2026-08-18,2026,8,2026-08,True,False,"Otelde 9 -14 agustos arası konakladık.
Önce odadan başlamak istiyorum. 2 yetişkin 2 cocuk olarak kaldık. Kücücük bir odaya hem çift kişilik yatak hemde ranza sıkıştırmşlar. Ranza ve yatak arasında 1 …",Otelde 9 -14 agustos arası konakladık. Önce odadan başlamak istiyorum. 2 yetişkin 2 cocuk olarak kaldık. Kücücük bir odaya hem çift kişilik yatak hemde ranza sıkıştırmşlar. Ranza ve yatak arasında 1 ...,202,32,False,Google,CgsIxKPyr6zq4ZTeARAB,2026-08-25T12:53:48+00:00,OK
gm_fcba1a6aabffec46,BOD103,Green Bay Resort & Spa Bodrum,Güvercinlik,3,MIXED,Google üzerinde bir hafta önce,2026-08-18,2026,8,2026-08,True,False,"Hala içeride konaklarken yazmak istedim. Bu muhteşem koyda çok güzel bir tatil olacak tabii ki ama disiplin sağlanabilirse...restoranın sigara içilmeyen bölümünde sigara içenlere kayıtsız kalınıyor, hijyen ve sessizlik için tercih ettiğim +16 havuzda çocuklar havuza atlıyor (18.00dan sonra güvenliğin gelip yardımcı olacaklarını söylediler ancak çevrede güvenliği bulamadım ve uyardığım bir ebeveyn tarafından ters tepki gördüm.)
Ayrıca otele 2. gelişim. İskele üstündeki barın ve ana havuz tarafındaki gündüz snack kaldırılması kötü olmuş. 4.8 feet bar ve diğer bar üstü kapalı olduğu için rezil sigara kokuyor nefes alınacak hava yok. Akşamları eğlence diye sunduğunuz şey ise kardeşler düğün salonundan hallice.","Hala içeride konaklarken yazmak istedim. Bu muhteşem koyda çok güzel bir tatil olacak tabii ki ama disiplin sağlanabilirse...restoranın sigara içilmeyen bölümünde sigara içenlere kayıtsız kalınıyor, hijyen ve sessizlik için tercih ettiğim +16 havuzda çocuklar havuza atlıyor (18.00dan sonra güvenliğin gelip yardımcı olacaklarını söylediler ancak çevrede güvenliği bulamadım ve uyardığım bir ebeveyn tarafından ters tepki gördüm.) Ayrıca otele 2. gelişim. İskele üstündeki barın ve ana havuz tarafındaki gündüz snack kaldırılması kötü olmuş. 4.8 feet bar ve diğer bar üstü kapalı olduğu için rezil sigara kokuyor nefes alınacak hava yok. Akşamları eğlence diye sunduğunuz şey ise kardeşler düğün salonundan hallice.",715,98,False,Google,CgsIxKPyr6zq4ZTeARAB,2026-08-25T12:54:03+00:00,OK
gm_e973e47b0e27afa6,BOD103,Green Bay Resort & Spa Bodrum,Güvercinlik,4,HIGH,Google üzerinde bir hafta önce,2026-08-18,2026,8,2026-08,True,False,"18.07.26-25.07.26 tarihlerinde konakladigim otel hakkında
Olumlu yanlar;
Deniz çok güzel, iskele olması büyük avantaj, cocuk kulübü ebeveynler için büyük rahatlık ve kurulu olduğu lokasyon ferah ve geniş.
Şezlonglarda en önde olcam diye çabanız yoksa her zaman yer bulabilirsiniz.
Alakart restaurant iyiydi fakat dünya mutfağı beklemeyin. Menü gayet yeterli ve seçme olanağı var.
Alternatif havuz sayısı yeterli. Biraz daha derin bölgeler olmasını isterdik.
Otopark alanı yeterli.
Amfi tiyatro güzel ve ferah. Animasyon daha fazla olsa iyi olurdu.
Olumsuz yanlar;
Yatak ve yastık kalitesi çok kötü. Ekstra yastık istediğimiz halde yine aynı kötü yastıklardı.
Eğlence olan bar kısmı misafir sayısına göre çok küçük kalıyor. 8 günde 1 kere oturabildim.
Yemekhane ortalama kalitede. Evet aç kalmıyorsunuz ama özellikle kahvaltıda sıcaklar için ayrılan bölüm yanlış planlandığı için sürekli sıra bekliyorsunuz.
Ayrı bir pastane bölümü beklerdik. Kahve kalitesi makinaya bağlı düşük ve yetersizdi.","18.07.26-25.07.26 tarihlerinde konakladigim otel hakkında Olumlu yanlar; Deniz çok güzel, iskele olması büyük avantaj, cocuk kulübü ebeveynler için büyük rahatlık ve kurulu olduğu lokasyon ferah ve geniş. Şezlonglarda en önde olcam diye çabanız yoksa her zaman yer bulabilirsiniz. Alakart restaurant iyiydi fakat dünya mutfağı beklemeyin. Menü gayet yeterli ve seçme olanağı var. Alternatif havuz sayısı yeterli. Biraz daha derin bölgeler olmasını isterdik. Otopark alanı yeterli. Amfi tiyatro güzel ve ferah. Animasyon daha fazla olsa iyi olurdu. Olumsuz yanlar; Yatak ve yastık kalitesi çok kötü. Ekstra yastık istediğimiz halde yine aynı kötü yastıklardı. Eğlence olan bar kısmı misafir sayısına göre çok küçük kalıyor. 8 günde 1 kere oturabildim. Yemekhane ortalama kalitede. Evet aç kalmıyorsunuz ama özellikle kahvaltıda sıcaklar için ayrılan bölüm yanlış planlandığı için sürekli sıra bekliyorsunuz. Ayrı bir pastane bölümü beklerdik. Kahve kalitesi makinaya bağlı düşük ve yetersizdi.",992,138,False,Google,CgsIxKPyr6zq4ZTeARAB,2026-08-25T12:54:03+00:00,OK
gm_ffd55ff693fabc6b,BOD103,Green Bay Resort & Spa Bodrum,Güvercinlik,5,HIGH,Google üzerinde bir hafta önce,2026-08-18,2026,8,2026-08,True,False,"Merhaba biz Ağustos ayında geldik. Geçen yılda bu otelde konaklamış ve memnun kalmıştık bu yüzden bu yılda burayı tercih ettik. Öncelikle Can bey otel müdürü son derece herşeyle ilgili ve çok iyi bir yönetici. Çocuklarım Çölyak olduğu için gelmeden kendisiyle konuşmuştum ve hemen organizasyonu yaptı. Bizimle Mutfak şefi Ahmet usta ilgilendi ve hiç bir sıkıntı yaşamadık. Glutensiz her istediğimizi yaptılar. Ahmet ustanve mutfak personeli gerçekten çok başarılılar. Yemekleri çok güzel ve lezzetliydi. Geçen yıl burada çocuklarım şu sporu yapmışlardı ve Şehmus ve Hayati beyleri çok sevmişlerdi. Bu yılda geldiğinizde onları tekrar görmeyi ümit ediyorduk. Ne kadar şanslıyızki bu yılda burdaydılar ve çok mutlu olduk. Her zamanki gibi çok ilgiliydiler.
Otel genel olarak temiz. İçecekler güzel. Fakat. Garsonlarda biraz organizasyon bozukluğu var. Bir şey istediğinizde hepsi birbirine buyuruyor. Otel tam bir aile oteli denizi çok güzel ben öneririm.",Merhaba biz Ağustos ayında geldik. Geçen yılda bu otelde konaklamış ve memnun kalmıştık bu yüzden bu yılda burayı tercih ettik. Öncelikle Can bey otel müdürü son derece herşeyle ilgili ve çok iyi bir yönetici. Çocuklarım Çölyak olduğu için gelmeden kendisiyle konuşmuştum ve hemen organizasyonu yaptı. Bizimle Mutfak şefi Ahmet usta ilgilendi ve hiç bir sıkıntı yaşamadık. Glutensiz her istediğimizi yaptılar. Ahmet ustanve mutfak personeli gerçekten çok başarılılar. Yemekleri çok güzel ve lezzetliydi. Geçen yıl burada çocuklarım şu sporu yapmışlardı ve Şehmus ve Hayati beyleri çok sevmişlerdi. Bu yılda geldiğinizde onları tekrar görmeyi ümit ediyorduk. Ne kadar şanslıyızki bu yılda burdaydılar ve çok mutlu olduk. Her zamanki gibi çok ilgiliydiler. Otel genel olarak temiz. İçecekler güzel. Fakat. Garsonlarda biraz organizasyon bozukluğu var. Bir şey istediğinizde hepsi birbirine buyuruyor. Otel tam bir aile oteli denizi çok güzel ben öneririm.,953,137,False,Google,CgsIxKPyr6zq4ZTeARAB,2026-08-25T12:54:04+00:00,OK
gm_f9bd5f6209c610a3,BOD103,Green Bay Resort & Spa Bodrum,Güvercinlik,3,MIXED,Google üzerinde bir hafta önce,2026-08-18,2026,8,2026-08,True,False,"Konum süper,müşteri kalitesi orta,yabancılara müthiş ilgi,Türklere ise resmen gelmeyin der gibi hava var..Snack restaurantta çalışan garsonlar sanki silah zoruyla çalışıyorlar,surat beş karış ama sadece Türklere beş karış..Odaya sabah içmek için tek kullanımlık hazır kahve söyledik,3 gündür gelecek kısmetse..Kapalı şişe veya kutu içecek yok(bira,kola,ice tea falan gibi).Viski sadece J&B ve Red Label var...Her şey sadece bardağa doldurularak veriyolar ve hep sıra bekliyorsunuz..Izgara olarak sadece,tavuk,köfte ve çakma adana kebabı var..Yemek alanına kediler fink atıyor..Sahilde sokak köpeği var..Odalar yeterince temiz değil,idare eder..
Ben önermiyorum,nir daha da gelmem","Konum süper,müşteri kalitesi orta,yabancılara müthiş ilgi,Türklere ise resmen gelmeyin der gibi hava var..Snack restaurantta çalışan garsonlar sanki silah zoruyla çalışıyorlar,surat beş karış ama sadece Türklere beş karış..Odaya sabah içmek için tek kullanımlık hazır kahve söyledik,3 gündür gelecek kısmetse..Kapalı şişe veya kutu içecek yok(bira,kola,ice tea falan gibi).Viski sadece J&B ve Red Label var...Her şey sadece bardağa doldurularak veriyolar ve hep sıra bekliyorsunuz..Izgara olarak sadece,tavuk,köfte ve çakma adana kebabı var..Yemek alanına kediler fink atıyor..Sahilde sokak köpeği var..Odalar yeterince temiz değil,idare eder.. Ben önermiyorum,nir daha da gelmem",679,84,False,Google,CgsIxKPyr6zq4ZTeARAB,2026-08-25T12:54:04+00:00,OK
gm_71e0a801a2552a56,BOD103,Green Bay Resort & Spa Bodrum,Güvercinlik,3,MIXED,Google üzerinde bir hafta önce,2026-08-18,2026,8,2026-08,True,False,"1-5 Ağustosta oradaydık…
KEŞKE OLMASAYDIK !
Madde madde yazacağım. Gitmeyi düşünen okusun.
-Çocuğun yoksa veya bebekse ASLA SANA UYGUN DEĞİL !
Çünkü sabahtan akşama kadar her yerde çocuk cıvıltısı, ağlaması ve koşuşturması var.
Akşam yemeğinden sonra Bar var oraya geçiyoruz dj yada arabesk söyleyen canlı müzik oluyor sahnede kim var sizce? ÇOCUKLAR. Düğün salonuna dönüyor. Gece 12 de bile öyle. Zaten sonrası yok bitiyor hayat.
+16 Yaş Adult Havuzda köpük partisi var dediler gittik. Ne görelim havuz içi hep çocuk ve onların çığlıkları anne babaları ile adım atacak yer yok havuzda. Geri döndük.
Ekstra para vereyim masaj yaptırayım dedim hiçbi teknik yok bişey yok sanırsın annem masaj yapıyor hiç rahatlamadım.
Oda temizliği her gün yapılıyor. Bi gün yere bişey düştü koltuk ve yatak altlarına baktım avuç avuç toz. Pr*z*rv*t*f kabı. Meyve çekirdeği vs.
Duşakabinde eğim yok göl oluyor pis suyun içinde duş alıyorsun.
Yemekler çeşit olarak iyiydi. Birinin tadı hoşuma gitmese diğeri illa gider. Yemek konusunda yazılanlara takılmayın. Balayı için asla tercih edilmez. Yaşlı iseniz asla tercih edilmez.
Çocuklarınızı oynatmak istiyorsanız tam size göre.
Ala Carte restorana değinmeden duramayacağım. REZALET!
Ana yemek 2 çeşit :) Çupra veya Antrikot.
Biz antrikot aldık. Belki 40 dakika sonra geldi ve o kadar az kişi vardı ki neden gelmiyor diye kaç kere sorduk.. Sonunda geldi hemde fazlasıyla İçinde saç ile geldi. Geri gönderdik bi 20 dk da diğerini bekledik şaka gibiydi. Her hafta antrikot yiyen biri olarak adım gibi eminim. O et antrikot değildi. Zaten ipince açmışlar eti. Bi de 40 dk bekletiyorlar. Ayrıca ala carte restorandada çocuk doluydu önünde havuz var siz yemek yerken orada yüzen çocuklar falan var çok romantik:))) Paramla rezil oldum.
He bide geçmek bilmeyen lağım kokusu. Cam açamadık teşekkürler dışkı koklamamak için.
10 üzerinden 1 bile vermiyorum. Yazıklar olsun bide 5 yıldızlı otel olacak.
Yazdıklarım benim deneyimlerim. Kimseye tavsiye niteliğinde değildir.
Tamamen şeffaf yorumladım. Beğenin üste çıksın.
İyi tatiller herkese.","1-5 Ağustosta oradaydık... KEŞKE OLMASAYDIK ! Madde madde yazacağım. Gitmeyi düşünen okusun. -Çocuğun yoksa veya bebekse ASLA SANA UYGUN DEĞİL ! Çünkü sabahtan akşama kadar her yerde çocuk cıvıltısı, ağlaması ve koşuşturması var. Akşam yemeğinden sonra Bar var oraya geçiyoruz dj yada arabesk söyleyen canlı müzik oluyor sahnede kim var sizce? ÇOCUKLAR. Düğün salonuna dönüyor. Gece 12 de bile öyle. Zaten sonrası yok bitiyor hayat. +16 Yaş Adult Havuzda köpük partisi var dediler gittik. Ne görelim havuz içi hep çocuk ve onların çığlıkları anne babaları ile adım atacak yer yok havuzda. Geri döndük. Ekstra para vereyim masaj yaptırayım dedim hiçbi teknik yok bişey yok sanırsın annem masaj yapıyor hiç rahatlamadım. Oda temizliği her gün yapılıyor. Bi gün yere bişey düştü koltuk ve yatak altlarına baktım avuç avuç toz. Pr*z*rv*t*f kabı. Meyve çekirdeği vs. Duşakabinde eğim yok göl oluyor pis suyun içinde duş alıyorsun. Yemekler çeşit olarak iyiydi. Birinin tadı hoşuma gitmese diğeri illa gider. Yemek konusunda yazılanlara takılmayın. Balayı için asla tercih edilmez. Yaşlı iseniz asla tercih edilmez. Çocuklarınızı oynatmak istiyorsanız tam size göre. Ala Carte restorana değinmeden duramayacağım. REZALET! Ana yemek 2 çeşit :) Çupra veya Antrikot. Biz antrikot aldık. Belki 40 dakika sonra geldi ve o kadar az kişi vardı ki neden gelmiyor diye kaç kere sorduk.. Sonunda geldi hemde fazlasıyla İçinde saç ile geldi. Geri gönderdik bi 20 dk da diğerini bekledik şaka gibiydi. Her hafta antrikot yiyen biri olarak adım gibi eminim. O et antrikot değildi. Zaten ipince açmışlar eti. Bi de 40 dk bekletiyorlar. Ayrıca ala carte restorandada çocuk doluydu önünde havuz var siz yemek yerken orada yüzen çocuklar falan var çok romantik:))) Paramla rezil oldum. He bide geçmek bilmeyen lağım kokusu. Cam açamadık teşekkürler dışkı koklamamak için. 10 üzerinden 1 bile vermiyorum. Yazıklar olsun bide 5 yıldızlı otel olacak. Yazdıklarım benim deneyimlerim. Kimseye tavsiye niteliğinde değildir. Tamamen şeffaf yorumladım. Beğenin üste çıksın. İyi tatiller herkese.",2064,311,False,Google,CgsIxKPyr6zq4ZTeARAB,2026-08-25T12:54:05+00:00,OK
gm_17612f01cda27081,BOD103,Green Bay Resort & Spa Bodrum,Güvercinlik,1,LOW,Google üzerinde bir hafta önce,2026-08-18,2026,8,2026-08,True,False,"Otelde 9 -14 agustos arası konakladık.
Önce odadan başlamak istiyorum. 2 yetişkin 2 cocuk olarak kaldık. Kücücük bir odaya hem çift kişilik yatak hemde ranza sıkıştırmşlar. Ranza ve yatak arasında 1 metre mesafe var. 4 kişi mümkün değil ayakta duramazsınız. Esyalar çok eski kapılar sudan kabarmış, tuvalette hiç HAVALANDIRMA yok. Eşyalarımızı astıgımız dolabın içinde nem kokusu var. Kaldığımız odanın içinde bir tane daha kapı vardı. Başka bir odaya açılıyordu. Yan odadan konuşan bütün herşeyi biz kendi odamızdan duyuyorduk. Akşam oldugunda asla odaya girmek istemedik.
Otelde 2 havuz var. Bir tanesi +16 birtanesi karışık. +16 olan havuzda toplamda 5 kişi var yada yok bom boş yani hep. Çünkü gelenlerin hepsi aile ve cocuklu. Karısık havuz nekadar kalabalıksa +16 havuz bi oladar boş. +16 olan havuzda günümüz müzikler çalarken karısık havuzda 80 lerden müzik çalıyorlar. Oda cok nadir yani sanki emekli oteli gibi. Plajda zaten müzik yok.
İçecekler rezalet işi bilen 1 yada 2 barista mevcut. Hergün aynı yemek cıkıyor. Hıc birinin tadı tuzu yok. Henuz mangalla karşılaşmadık. Çalışanlar cok calısmaktan perişan olmuslar. Tabaklar lekeli. Kahvaltıda sıcakların olduğu bölümün sonunda omlet yapıyorlar. Omlet sırasını bekleyen kişiler sıcaklardan alamıyorlr cunku sıra uzayıp gidiyor. Hiçbir şekilde memnun kalmadık .verilen parayı kesinlikle haketmiyor.","Otelde 9 -14 agustos arası konakladık. Önce odadan başlamak istiyorum. 2 yetişkin 2 cocuk olarak kaldık. Kücücük bir odaya hem çift kişilik yatak hemde ranza sıkıştırmşlar. Ranza ve yatak arasında 1 metre mesafe var. 4 kişi mümkün değil ayakta duramazsınız. Esyalar çok eski kapılar sudan kabarmış, tuvalette hiç HAVALANDIRMA yok. Eşyalarımızı astıgımız dolabın içinde nem kokusu var. Kaldığımız odanın içinde bir tane daha kapı vardı. Başka bir odaya açılıyordu. Yan odadan konuşan bütün herşeyi biz kendi odamızdan duyuyorduk. Akşam oldugunda asla odaya girmek istemedik. Otelde 2 havuz var. Bir tanesi +16 birtanesi karışık. +16 olan havuzda toplamda 5 kişi var yada yok bom boş yani hep. Çünkü gelenlerin hepsi aile ve cocuklu. Karısık havuz nekadar kalabalıksa +16 havuz bi oladar boş. +16 olan havuzda günümüz müzikler çalarken karısık havuzda 80 lerden müzik çalıyorlar. Oda cok nadir yani sanki emekli oteli gibi. Plajda zaten müzik yok. İçecekler rezalet işi bilen 1 yada 2 barista mevcut. Hergün aynı yemek cıkıyor. Hıc birinin tadı tuzu yok. Henuz mangalla karşılaşmadık. Çalışanlar cok calısmaktan perişan olmuslar. Tabaklar lekeli. Kahvaltıda sıcakların olduğu bölümün sonunda omlet yapıyorlar. Omlet sırasını bekleyen kişiler sıcaklardan alamıyorlr cunku sıra uzayıp gidiyor. Hiçbir şekilde memnun kalmadık .verilen parayı kesinlikle haketmiyor.",1359,198,False,Google,CgsIxKPyr6zq4ZTeARAB,2026-08-25T12:54:06+00:00,OK
gm_af3f152ca68d0637,BOD103,Green Bay Resort & Spa Bodrum,Güvercinlik,5,HIGH,Google üzerinde bir hafta önce,2026-08-18,2026,8,2026-08,True,False,"Jelena Grujovic
Google üzerinde bir hafta önce",,,,True,Google,CgsIxKPyr6zq4ZTeARAB,2026-08-25T12:54:06+00:00,TEXT_WAS_REVIEWER_NAME_ARTIFACT
gm_67199d50c69942a4,BOD103,Green Bay Resort & Spa Bodrum,Güvercinlik,5,HIGH,Google üzerinde bir hafta önce,2026-08-18,2026,8,2026-08,True,False,"(Google tarafından çevrildi) Son derece güler yüzlü ve çalışkan personel. Bazı küçük dezavantajlar vardı, ancak bunlar personelin misafirperverliğiyle telafi edildi. Özellikle alakart restorandaki hizmetten, özellikle de baş müdür Ercan'ın …","(Google tarafından çevrildi) Son derece güler yüzlü ve çalışkan personel. Bazı küçük dezavantajlar vardı, ancak bunlar personelin misafirperverliğiyle telafi edildi. Özellikle alakart restorandaki hizmetten, özellikle de baş müdür Ercan'ın ...",243,30,False,Google,CgsIxKPyr6zq4ZTeARAB,2026-08-25T12:54:06+00:00,OK
gm_8d7e10c7e1211edd,BOD103,Green Bay Resort & Spa Bodrum,Güvercinlik,5,HIGH,Google üzerinde bir hafta önce,2026-08-18,2026,8,2026-08,True,False,"6 ağustos- 10 ağustos tarihleri arasında burada bulundum ve hayatımda yaşadığım en sakin, en huzurlu tatili yaşadım. manzarası mükemmel insan izlemeye doyamıyor. deniz pırıl pırıl ve dingin sadece çok çabuk derinleşiyor. 2 yaşındaki kızım …","6 ağustos- 10 ağustos tarihleri arasında burada bulundum ve hayatımda yaşadığım en sakin, en huzurlu tatili yaşadım. manzarası mükemmel insan izlemeye doyamıyor. deniz pırıl pırıl ve dingin sadece çok çabuk derinleşiyor. 2 yaşındaki kızım ...",242,35,False,Google,CgsIxKPyr6zq4ZTeARAB,2026-08-25T12:54:07+00:00,OK
gm_dba24e7a84307097,BOD103,Green Bay Resort & Spa Bodrum,Güvercinlik,5,HIGH,Google üzerinde bir hafta önce,2026-08-18,2026,8,2026-08,True,False,5 gece bi konaklamamız oldu tesiste ilk gün geldiğimizde odamızın konumunu beğenmedik. Hemen misafir ilişkilerinden Pırıl Hanım ile görüşmeye gidip durumu izah ettik ve Pırıl Hanım ilgileneceğini söyledi ve sonrasında Ali Osman Bey ile …,5 gece bi konaklamamız oldu tesiste ilk gün geldiğimizde odamızın konumunu beğenmedik. Hemen misafir ilişkilerinden Pırıl Hanım ile görüşmeye gidip durumu izah ettik ve Pırıl Hanım ilgileneceğini söyledi ve sonrasında Ali Osman Bey ile ...,239,35,False,Google,CgsIxKPyr6zq4ZTeARAB,2026-08-25T12:54:07+00:00,OK
gm_bfc37820a2baef3a,BOD103,Green Bay Resort & Spa Bodrum,Güvercinlik,5,HIGH,Google üzerinde bir hafta önce,2026-08-18,2026,8,2026-08,True,False,"İldem sefer
Google üzerinde bir hafta önce",,,,True,Google,CgsIxKPyr6zq4ZTeARAB,2026-08-25T12:54:07+00:00,TEXT_WAS_REVIEWER_NAME_ARTIFACT
gm_cb626981986197b9,BOD103,Green Bay Resort & Spa Bodrum,Güvercinlik,5,HIGH,Google üzerinde bir hafta önce,2026-08-18,2026,8,2026-08,True,False,"(Google tarafından çevrildi) Her şey yolunda, iyi bir otel.
(Orijinal)
Все хорошо, хороший отель","(Google tarafından çevrildi) Her şey yolunda, iyi bir otel. (Orijinal) Все хорошо, хороший отель",96,14,False,Google,CgsIxKPyr6zq4ZTeARAB,2026-08-25T12:54:07+00:00,OK
gm_fa0d42fce5cca4e5,BOD103,Green Bay Resort & Spa Bodrum,Güvercinlik,5,HIGH,Google üzerinde bir hafta önce,2026-08-18,2026,8,2026-08,True,False,"Can kurtaranlar işini çok ciddiye alıyor inanılmaz bir insan koruması var ❤️ akşam showları çok güzel
Yeşillikler yeterli iç açıcı",Can kurtaranlar işini çok ciddiye alıyor inanılmaz bir insan koruması var ❤️ akşam showları çok güzel Yeşillikler yeterli iç açıcı,130,20,False,Google,CgsIxKPyr6zq4ZTeARAB,2026-08-25T12:54:07+00:00,OK
gm_6897bacd884111d7,BOD103,Green Bay Resort & Spa Bodrum,Güvercinlik,4,HIGH,Google üzerinde 2 hafta önce,2026-08-11,2026,8,2026-08,True,False,"Otel genel olarak fiyat performans oteli.
Denizi mükemmel
Yemekler eh işte …",Otel genel olarak fiyat performans oteli. Denizi mükemmel Yemekler eh işte ...,78,12,False,Google,CgsIxKPyr6zq4ZTeARAB,2026-08-25T12:54:07+00:00,VERY_SHORT_TEXT
gm_06b6550370ac89a8,BOD103,Green Bay Resort & Spa Bodrum,Güvercinlik,5,HIGH,Google üzerinde 2 hafta önce,2026-08-11,2026,8,2026-08,True,False,"Animasyon eklbi harikaydı, özellikle Büşra,Şeyma,Tuba ve Eylüle çok teşekkürler","Animasyon eklbi harikaydı, özellikle Büşra,Şeyma,Tuba ve Eylüle çok teşekkürler",79,9,False,Google,CgsIxKPyr6zq4ZTeARAB,2026-08-25T12:54:08+00:00,VERY_SHORT_TEXT
gm_534fb5c3d85572a3,BOD103,Green Bay Resort & Spa Bodrum,Güvercinlik,1,LOW,Google üzerinde 2 hafta önce,2026-08-11,2026,8,2026-08,True,False,"Kendine ait koy var ancak deniz kirli gibi, bulanıktı,oldukça kalabalıktı, boş şezlong bulamadık sahilde. +16 havuzu deneyimlemedik, çocuklar küçük oldugu icin genel havuza gittik, orası da oldukça ufak, bar fena değil, soğuk içecekler …","Kendine ait koy var ancak deniz kirli gibi, bulanıktı,oldukça kalabalıktı, boş şezlong bulamadık sahilde. +16 havuzu deneyimlemedik, çocuklar küçük oldugu icin genel havuza gittik, orası da oldukça ufak, bar fena değil, soğuk içecekler ...",239,34,False,Google,CgsIxKPyr6zq4ZTeARAB,2026-08-25T12:54:08+00:00,OK
gm_b70ec87681fe5625,BOD103,Green Bay Resort & Spa Bodrum,Güvercinlik,5,HIGH,Google üzerinde bir hafta önce,2026-08-18,2026,8,2026-08,True,False,"(Google tarafından çevrildi) Son derece güler yüzlü ve çalışkan personel. Bazı küçük dezavantajlar vardı, ancak bunlar personelin misafirperverliğiyle telafi edildi. Özellikle alakart restorandaki hizmetten, özellikle de baş müdür Ercan'ın çalışmasından çok etkilendik. Harika iş!
(Orijinal)
Extremely friendly staff, hard-working. There were some small disadvantages, but they were made up for by the crew's hospitality. We were particularly impressed by the service in the à la carte restaurant, especially by the work of the head manager, Ercan. Good job!","(Google tarafından çevrildi) Son derece güler yüzlü ve çalışkan personel. Bazı küçük dezavantajlar vardı, ancak bunlar personelin misafirperverliğiyle telafi edildi. Özellikle alakart restorandaki hizmetten, özellikle de baş müdür Ercan'ın çalışmasından çok etkilendik. Harika iş! (Orijinal) Extremely friendly staff, hard-working. There were some small disadvantages, but they were made up for by the crew's hospitality. We were particularly impressed by the service in the à la carte restaurant, especially by the work of the head manager, Ercan. Good job!",558,78,False,Google,CgsIxKPyr6zq4ZTeARAB,2026-08-25T12:54:26+00:00,OK
gm_4ada513d02fb0af6,BOD103,Green Bay Resort & Spa Bodrum,Güvercinlik,5,HIGH,Google üzerinde bir hafta önce,2026-08-18,2026,8,2026-08,True,False,"6 ağustos- 10 ağustos tarihleri arasında burada bulundum ve hayatımda yaşadığım en sakin, en huzurlu tatili yaşadım. manzarası mükemmel insan izlemeye doyamıyor. deniz pırıl pırıl ve dingin sadece çok çabuk derinleşiyor. 2 yaşındaki kızım kolluklar ile çok keyifli zaman geçirdi. otelde asla aç kalma ihtimaliniz yok her şey o kadar ince düşünülmüş ki tamamen tatilinizi en keyifli şekilde nasıl geçirecekseniz onlar sizin için ayarlamışlar. sadece snack restoran kısmındaki yiyecekler daha özenli ve lezzetli olabilirdi. özellikle açık büfedeki soğuk mezeler çok lezzetliydi. alacart deneyimimizde oldu ve 10 çeşitten fazla meze ve salata standart olarak geliyor siz tercihinize göre ana yemek seçebiliyorsunuz. içeceklerin zaten sınırı yok. odaları konforlu sizin için dikiş setine kadar düşünülüp bırakılmış. bir tek ütü talebim oldu onda da kuru temizleme olduğunu ve bu seçeneğin ücretli olduğu söylendi. gündüz deniz ve havuz keyfinden sonra akşamları çok güzel canlı müzik ve showlar yapıyorlar. her akşam çocuklar için mini diskoları bile var. özellikle de 4.8 bardaki canlı müzik mükemmeldi. her havuzun başında kendi barı var. çalışanları aşırı güler yüzlü ve işlerini içtenlikle yapıyorlar. atmosferi çalışanları, konumu, mükemmel bir koy içinde oluşu keşke tatilim hiç bitmese dedirtiyor size. biz ets tur ile bulup gitmiştik bu otele ve iyi ki gelmişisiz. ayrıca ets turun kendi çalışanı Şükran hanım daha otele gelmeden bizimle ilgilenmeye başladı. kendisine de çok teşekkür ederim. hem kızım hem de bizim için unutulmaz bir tatil oldu. iyi ki varsınız.","6 ağustos- 10 ağustos tarihleri arasında burada bulundum ve hayatımda yaşadığım en sakin, en huzurlu tatili yaşadım. manzarası mükemmel insan izlemeye doyamıyor. deniz pırıl pırıl ve dingin sadece çok çabuk derinleşiyor. 2 yaşındaki kızım kolluklar ile çok keyifli zaman geçirdi. otelde asla aç kalma ihtimaliniz yok her şey o kadar ince düşünülmüş ki tamamen tatilinizi en keyifli şekilde nasıl geçirecekseniz onlar sizin için ayarlamışlar. sadece snack restoran kısmındaki yiyecekler daha özenli ve lezzetli olabilirdi. özellikle açık büfedeki soğuk mezeler çok lezzetliydi. alacart deneyimimizde oldu ve 10 çeşitten fazla meze ve salata standart olarak geliyor siz tercihinize göre ana yemek seçebiliyorsunuz. içeceklerin zaten sınırı yok. odaları konforlu sizin için dikiş setine kadar düşünülüp bırakılmış. bir tek ütü talebim oldu onda da kuru temizleme olduğunu ve bu seçeneğin ücretli olduğu söylendi. gündüz deniz ve havuz keyfinden sonra akşamları çok güzel canlı müzik ve showlar yapıyorlar. her akşam çocuklar için mini diskoları bile var. özellikle de 4.8 bardaki canlı müzik mükemmeldi. her havuzun başında kendi barı var. çalışanları aşırı güler yüzlü ve işlerini içtenlikle yapıyorlar. atmosferi çalışanları, konumu, mükemmel bir koy içinde oluşu keşke tatilim hiç bitmese dedirtiyor size. biz ets tur ile bulup gitmiştik bu otele ve iyi ki gelmişisiz. ayrıca ets turun kendi çalışanı Şükran hanım daha otele gelmeden bizimle ilgilenmeye başladı. kendisine de çok teşekkür ederim. hem kızım hem de bizim için unutulmaz bir tatil oldu. iyi ki varsınız.",1567,229,False,Google,CgsIxKPyr6zq4ZTeARAB,2026-08-25T12:54:26+00:00,OK
gm_4329b51e99226d4f,BOD103,Green Bay Resort & Spa Bodrum,Güvercinlik,5,HIGH,Google üzerinde bir hafta önce,2026-08-18,2026,8,2026-08,True,False,5 gece bi konaklamamız oldu tesiste ilk gün geldiğimizde odamızın konumunu beğenmedik. Hemen misafir ilişkilerinden Pırıl Hanım ile görüşmeye gidip durumu izah ettik ve Pırıl Hanım ilgileneceğini söyledi ve sonrasında Ali Osman Bey ile görüşüp bizi deniz manzaralı odaya geçiş yaptırdılar. Hepsine ayrı ayrı teşekkür ederim. Tesiste çalışan personeller de çok ilgili güleryüzlü personellerdi hepsiyle tatil boyunca arkadaş olduk her fırsatta oturup sohbet ettik hepsi pırlanta gibi çocuklar. İlk defa bodruma geldik ve adanadan geldik artık her sene tatil durağımız bu otel olacak orası kesin.,5 gece bi konaklamamız oldu tesiste ilk gün geldiğimizde odamızın konumunu beğenmedik. Hemen misafir ilişkilerinden Pırıl Hanım ile görüşmeye gidip durumu izah ettik ve Pırıl Hanım ilgileneceğini söyledi ve sonrasında Ali Osman Bey ile görüşüp bizi deniz manzaralı odaya geçiş yaptırdılar. Hepsine ayrı ayrı teşekkür ederim. Tesiste çalışan personeller de çok ilgili güleryüzlü personellerdi hepsiyle tatil boyunca arkadaş olduk her fırsatta oturup sohbet ettik hepsi pırlanta gibi çocuklar. İlk defa bodruma geldik ve adanadan geldik artık her sene tatil durağımız bu otel olacak orası kesin.,593,85,False,Google,CgsIxKPyr6zq4ZTeARAB,2026-08-25T12:54:26+00:00,OK
gm_ce15a7776d924472,BOD103,Green Bay Resort & Spa Bodrum,Güvercinlik,4,HIGH,Google üzerinde 2 hafta önce,2026-08-11,2026,8,2026-08,True,False,"Otel genel olarak fiyat performans oteli.
Denizi mükemmel
Yemekler eh işte
Odalar ideal
Temizlik iyidir
Barlar yeterli
Çalışanlar güler yüzlü ve yeterli
Animasyon kısa sürüyor geliştirilebilir
Sıkılmıyorsunuz ama yeterince de eğlenmiyorsunuz
Yemek dışında iyiydi konumu da harika
Erken giriş ve geç çıkışta oda teslimi sonrası yardımcı oluyorlar
Çocuklar için aşırı uygun",Otel genel olarak fiyat performans oteli. Denizi mükemmel Yemekler eh işte Odalar ideal Temizlik iyidir Barlar yeterli Çalışanlar güler yüzlü ve yeterli Animasyon kısa sürüyor geliştirilebilir Sıkılmıyorsunuz ama yeterince de eğlenmiyorsunuz Yemek dışında iyiydi konumu da harika Erken giriş ve geç çıkışta oda teslimi sonrası yardımcı oluyorlar Çocuklar için aşırı uygun,371,51,False,Google,CgsIxKPyr6zq4ZTeARAB,2026-08-25T12:54:27+00:00,OK
gm_277e3e319644ee17,BOD103,Green Bay Resort & Spa Bodrum,Güvercinlik,1,LOW,Google üzerinde 2 hafta önce,2026-08-11,2026,8,2026-08,True,False,"Kendine ait koy var ancak deniz kirli gibi, bulanıktı,oldukça kalabalıktı, boş şezlong bulamadık sahilde. +16 havuzu deneyimlemedik, çocuklar küçük oldugu icin genel havuza gittik, orası da oldukça ufak, bar fena değil, soğuk içecekler güzel. Alkol hakkında bir şey diyemem, tüketmiyoruz. Odalar pek temiz değildi, diplerde örümcek ağları vardı,komodinler tozluydu,üstünkörü bir temizlik yapılmış, çay setinde karton bardak görmek üzücü oldu. En büyük hayal kırıklığı ala carte restoranda yaşandı. Bir gün once rezervasyon yaptırıp ön sipariş vermiş olmamıza ve çok da kalabalık olmamasına rağmen çocuklardan birinin yemeğini yanlış getirdiler, ikisi yedi, biri artı bir saat bekledi, biz de yaklaşık iki saat sonra yemege kavuşabildik. Çocuklar olmasa kalkardık. En ilginci de domates salatası diye sipariş verdiğimiz salatada sadece yarım çeri domates olmasıydı, garsona sorunca, böyle yapıyorlar, degisti dediler.Anlam veremedik. Tatlı getirmediler, menüde olmasina rağmen. Zaten tadımız da kaçmıştı. Mini clup, eh işte, iki gunde bir Show ekibi bir şeyler yapmaya çalıştılar. Ortalama bir gösteri idi. Yemekler de bazısı vasat bazısı vasatın altında bazısı da biraz daha iyiydi. Salata bölümünde yesillikler çok guzeldi, Tatlılar iyi denebilirdi. Yemekler boldu. Daha çok şey yazardım ama bunlar da fikir verebilir, hepsi gerçek deneyimler, gitmek isteyenlere fikir olması bakımından yazıyorum. Sanırım her şey dahil otel konseptli son tatilimiz oldu, butik otellerden devam.","Kendine ait koy var ancak deniz kirli gibi, bulanıktı,oldukça kalabalıktı, boş şezlong bulamadık sahilde. +16 havuzu deneyimlemedik, çocuklar küçük oldugu icin genel havuza gittik, orası da oldukça ufak, bar fena değil, soğuk içecekler güzel. Alkol hakkında bir şey diyemem, tüketmiyoruz. Odalar pek temiz değildi, diplerde örümcek ağları vardı,komodinler tozluydu,üstünkörü bir temizlik yapılmış, çay setinde karton bardak görmek üzücü oldu. En büyük hayal kırıklığı ala carte restoranda yaşandı. Bir gün once rezervasyon yaptırıp ön sipariş vermiş olmamıza ve çok da kalabalık olmamasına rağmen çocuklardan birinin yemeğini yanlış getirdiler, ikisi yedi, biri artı bir saat bekledi, biz de yaklaşık iki saat sonra yemege kavuşabildik. Çocuklar olmasa kalkardık. En ilginci de domates salatası diye sipariş verdiğimiz salatada sadece yarım çeri domates olmasıydı, garsona sorunca, böyle yapıyorlar, degisti dediler.Anlam veremedik. Tatlı getirmediler, menüde olmasina rağmen. Zaten tadımız da kaçmıştı. Mini clup, eh işte, iki gunde bir Show ekibi bir şeyler yapmaya çalıştılar. Ortalama bir gösteri idi. Yemekler de bazısı vasat bazısı vasatın altında bazısı da biraz daha iyiydi. Salata bölümünde yesillikler çok guzeldi, Tatlılar iyi denebilirdi. Yemekler boldu. Daha çok şey yazardım ama bunlar da fikir verebilir, hepsi gerçek deneyimler, gitmek isteyenlere fikir olması bakımından yazıyorum. Sanırım her şey dahil otel konseptli son tatilimiz oldu, butik otellerden devam.",1479,204,False,Google,CgsIxKPyr6zq4ZTeARAB,2026-08-25T12:54:27+00:00,OK
gm_608eea1dbe32fa22,BOD106,La Blanche Island Bodrum,Güvercinlik,2,LOW,Tripadvisor üzerinde 4 hafta önce,2026-07-28,2026,7,2026-07,True,False,"Hala otelde olan biri olarak anlık paylasıyorum…|Birçok otele gitmiş biri olarak söyleyebilirim ki; reklamlarıyla alakası yok|Otel temiz, odalar güzel, çalısanlar çok güler yüzlü ve ilgili.. …","Hala otelde olan biri olarak anlık paylasıyorum...|Birçok otele gitmiş biri olarak söyleyebilirim ki; reklamlarıyla alakası yok|Otel temiz, odalar güzel, çalısanlar çok güler yüzlü ve ilgili.. ...",196,26,False,Tripadvisor,CgoI4eCHteSeoocbEAE,2026-08-25T12:31:03+00:00,OK
gm_7f39a17d45fea0ef,BOD106,La Blanche Island Bodrum,Güvercinlik,4,HIGH,Google üzerinde bir ay önce,2026-07-26,2026,7,2026-07,True,False,"La Blanche Resort’ta konaklama deneyimimiz genel olarak beklentilerimizi tam karşılamadı. Özellikle odaların artık ciddi anlamda yenilenmeye ihtiyacı olduğunu düşünüyorum. Mobilyalar ve genel dekorasyon oldukça eski bir izlenim veriyor. Banyoda ise duş alanı hem eski hem de kullanım açısından konforlu değildi. Bu seviyede bir otelden daha modern ve bakımlı odalar beklerdik.
Buna karşın otelin en büyük artısı kesinlikle Sunrise Snack Restoranı oldu. Burada görev yapan ekip son derece güler yüzlü, ilgili ve misafir odaklıydı. Siparişlerimiz çok kısa sürede hazırlandı ve her seferinde aynı kaliteli hizmeti aldık. Yemeklerin lezzeti gerçekten beklentimizin üzerindeydi; taze, özenli hazırlanmış ve oldukça başarılıydı. Gün içinde en keyif aldığımız nokta burası oldu.
Özetle, otelin oda ve banyo kısmında kapsamlı bir renovasyona ihtiyaç olduğunu düşünüyorum. Ancak Sunrise Snack ekibinin profesyonelliği, samimiyeti ve mutfağın kalitesi tatilimizi olumlu yönde etkileyen en önemli unsur oldu. Başta Sunrise Snack Özgür bey ve ekibi olmak üzere emeği geçen herkese teşekkür ederim. Umarım odalar da en kısa zamanda yenilenir; çünkü bu hizmet kalitesini çok daha iyi yansıtacak bir konaklama alanını hak ediyor.","La Blanche Resort’ta konaklama deneyimimiz genel olarak beklentilerimizi tam karşılamadı. Özellikle odaların artık ciddi anlamda yenilenmeye ihtiyacı olduğunu düşünüyorum. Mobilyalar ve genel dekorasyon oldukça eski bir izlenim veriyor. Banyoda ise duş alanı hem eski hem de kullanım açısından konforlu değildi. Bu seviyede bir otelden daha modern ve bakımlı odalar beklerdik. Buna karşın otelin en büyük artısı kesinlikle Sunrise Snack Restoranı oldu. Burada görev yapan ekip son derece güler yüzlü, ilgili ve misafir odaklıydı. Siparişlerimiz çok kısa sürede hazırlandı ve her seferinde aynı kaliteli hizmeti aldık. Yemeklerin lezzeti gerçekten beklentimizin üzerindeydi; taze, özenli hazırlanmış ve oldukça başarılıydı. Gün içinde en keyif aldığımız nokta burası oldu. Özetle, otelin oda ve banyo kısmında kapsamlı bir renovasyona ihtiyaç olduğunu düşünüyorum. Ancak Sunrise Snack ekibinin profesyonelliği, samimiyeti ve mutfağın kalitesi tatilimizi olumlu yönde etkileyen en önemli unsur oldu. Başta Sunrise Snack Özgür bey ve ekibi olmak üzere emeği geçen herkese teşekkür ederim. Umarım odalar da en kısa zamanda yenilenir; çünkü bu hizmet kalitesini çok daha iyi yansıtacak bir konaklama alanını hak ediyor.",1214,167,False,Google,CgoI4eCHteSeoocbEAE,2026-08-25T12:31:03+00:00,OK
gm_4dba20a9b750958d,BOD106,La Blanche Island Bodrum,Güvercinlik,4,HIGH,Google üzerinde bir ay önce,2026-07-26,2026,7,2026-07,True,False,"Merhaba
Otel konumu itibariyle havuz ve denizin keyfini alabileceğiniz tüm dinamikleri sizlere yaşatıyor sorun yaşamazsınız. Heryerinde muhteşem manzarası var. Yemek çeşitleri ve kahvaltı seçenekleri standart nitelikte. Bazı ürünler kötü değil ama lezzetli de değil. Pastahane ürünleri yeterli değil. Dondurma standları ve çeşitleri fazlalaştırılmalı. Alkollü ve alkolsüz içki seçenekleri çok az. Kutu ayran haricinde kutu içecek göremedik. Alkollü içkiler kısmı yetersiz. Cin “cork” veriyorlar çeşit istediğinizde diğer barlarda var diye söyleniyor ama loby bara gittiğinizde orada da “gilbeys” veriyorlar. Markaları fazlalaştırmalılar. Bunlar bana göre olumsuz olmasından ziyade geliştirilebilir kısımları , bu yüzden bir problem olarak görmeyin. Otelde çalışan tüm personeller o kadar güleryüzlü ve herkese destek olmaya çalışıyorki bunu yaşamanızı isterim. Herkes elinden gelenin en iyisini yapmaya çalışıyor bunu her alanında görebilirsiniz. O yüzden biraz önce yazdığım eksikleri , bu personeller yaklaşımları ile fazlası ile kapatıyor. Gezinomiden tatilimizi aldık ama memnun kalmadık. Kesinlikle Gezinomiden tatil almanızı önermiyorum. Diğer tatilimizi iptal ettik. Bu tatilimizi ise günü geldiği için gelmek zorunda kaldık. Gezinominin tarafımıza yaşattığı sıkıntıyı , kendisini ilgilendirmemesine rağmen dert bilip üstlenip tarafımıza destek olan Otelin Resepsiyon bölümünde Emircan beye çok çok teşekkür ederiz. Kendisi sayesinde keyifli tatil yapmaya devam ediyoruz. Müşteri ilişkileri kısmından Eda hanıma , bize olan yaklaşımı , otel gelişimine verdiği efor ve destek için ayrıca teşekkür ederim. Ne sorununuz olursa olsun Resepsiyondan Emircan bey ve müşteri ilişkilerinden Eda hanıma mutlaka ulaşın , sorununuzu çözmekle beraber mutlulukla devam edeceğinizden eminim , kendi fikrim ama yanılmayacağımı düşünüyorum. Okuyan herkese keyifli tatiller.","Merhaba Otel konumu itibariyle havuz ve denizin keyfini alabileceğiniz tüm dinamikleri sizlere yaşatıyor sorun yaşamazsınız. Heryerinde muhteşem manzarası var. Yemek çeşitleri ve kahvaltı seçenekleri standart nitelikte. Bazı ürünler kötü değil ama lezzetli de değil. Pastahane ürünleri yeterli değil. Dondurma standları ve çeşitleri fazlalaştırılmalı. Alkollü ve alkolsüz içki seçenekleri çok az. Kutu ayran haricinde kutu içecek göremedik. Alkollü içkiler kısmı yetersiz. Cin “cork” veriyorlar çeşit istediğinizde diğer barlarda var diye söyleniyor ama loby bara gittiğinizde orada da “gilbeys” veriyorlar. Markaları fazlalaştırmalılar. Bunlar bana göre olumsuz olmasından ziyade geliştirilebilir kısımları , bu yüzden bir problem olarak görmeyin. Otelde çalışan tüm personeller o kadar güleryüzlü ve herkese destek olmaya çalışıyorki bunu yaşamanızı isterim. Herkes elinden gelenin en iyisini yapmaya çalışıyor bunu her alanında görebilirsiniz. O yüzden biraz önce yazdığım eksikleri , bu personeller yaklaşımları ile fazlası ile kapatıyor. Gezinomiden tatilimizi aldık ama memnun kalmadık. Kesinlikle Gezinomiden tatil almanızı önermiyorum. Diğer tatilimizi iptal ettik. Bu tatilimizi ise günü geldiği için gelmek zorunda kaldık. Gezinominin tarafımıza yaşattığı sıkıntıyı , kendisini ilgilendirmemesine rağmen dert bilip üstlenip tarafımıza destek olan Otelin Resepsiyon bölümünde Emircan beye çok çok teşekkür ederiz. Kendisi sayesinde keyifli tatil yapmaya devam ediyoruz. Müşteri ilişkileri kısmından Eda hanıma , bize olan yaklaşımı , otel gelişimine verdiği efor ve destek için ayrıca teşekkür ederim. Ne sorununuz olursa olsun Resepsiyondan Emircan bey ve müşteri ilişkilerinden Eda hanıma mutlaka ulaşın , sorununuzu çözmekle beraber mutlulukla devam edeceğinizden eminim , kendi fikrim ama yanılmayacağımı düşünüyorum. Okuyan herkese keyifli tatiller.",1863,241,False,Google,CgoI4eCHteSeoocbEAE,2026-08-25T12:31:03+00:00,OK
gm_04acc455e25ba9d5,BOD106,La Blanche Island Bodrum,Güvercinlik,5,HIGH,Google üzerinde 2 ay önce,2026-06-26,2026,6,2026-06,True,False,"Otele ilk giriş yaptığımız andan itibaren çok doğru bir tercih yaptığımızı ve güzel bir otel tuttuğumuzu hissettik. Karşılama, tesisin genel görünümü ve çalışanların yaklaşımı daha ilk dakikalardan itibaren bizde oldukça olumlu bir izlenim bıraktı.
La Blanche Island Bodrum’da geçirdiğimiz tatilden genel olarak çok memnun kaldık. Otelin konumu, manzarası ve özellikle plajları gerçekten harikaydı. Denizin temizliği ve berraklığı sayesinde keyifli bir tatil geçirdik. Plaj alanlarının bakımlı ve düzenli olması büyük bir artıydı. Ayrıca plaja erişimin yürüyen merdiven ve shuttle hizmetleriyle sağlanması oldukça konforlu ve pratiktı. Bu sayede plaja ulaşım konusunda hiçbir zorluk yaşamadık.
Personelin ilgisi ve güler yüzü tatilimizin en güzel yanlarından biriydi. Tüm çalışanlar son derece yardımsever, nazik ve profesyoneldi. Misafir memnuniyetine verdikleri önem her an hissediliyordu. Özellikle İshak Bey’e ayrıca teşekkür etmek isteriz. Tatilimiz boyunca bizimle yakından ilgilendi, her konuda yardımcı oldu ve kendimizi özel hissetmemizi sağladı. Güler yüzü, samimiyeti ve profesyonel yaklaşımı sayesinde tatil deneyimimiz çok daha keyifli geçti.
Özellikle alakart restoranlardaki deneyimimiz beklentilerimizin üzerindeydi. Yemeklerin lezzeti, sunumu ve kalitesi gerçekten çok başarılıydı. Restoran personelinin ilgisi ve misafirperverliği bizi adeta mest etti. Aynı şekilde otelde bulunan 3 snack restoranın da yemek kalitesi oldukça yüksekti. Gün içerisinde sundukları lezzetli ve kaliteli seçenekler sayesinde keyifli vakit geçirdik.
Sıcak ve soğuk içeceklerin kalitesi, lezzeti ve çeşitliliği de son derece başarılıydı. Günün her saatinde farklı damak zevklerine hitap eden birçok seçenek bulunuyordu. Bu konuda otelin beklentilerimizin üzerinde bir hizmet sunduğunu söyleyebiliriz.
Odalar temiz ve konforlu, ortak kullanım alanları ise bakımlı ve düzenliydi. Ancak Pina 24 restoranındaki yemeklerin kalite, lezzet ve çeşitlilik açısından otelin genel standardının gerisinde kaldığını düşünüyoruz. Özellikle diğer restoranlardaki yüksek kalite göz önüne alındığında bu bölümde yapılacak iyileştirmeler otelin genel misafir deneyimini daha da yukarı taşıyacaktır.
Genel olarak La Blanche Island Bodrum; muhteşem plajları, kaliteli restoranları, zengin içecek seçenekleri, kolay plaj erişimi ve güler yüzlü personeliyle unutulmaz bir tatil deneyimi sundu. Pina 24 restoranındaki yemek kalitesinin geliştirilmesi halinde hiç tereddüt etmeden tekrar tercih edeceğimiz bir otel olacaktır. Emeği geçen tüm çalışanlara ve özellikle İshak Bey’e teşekkür ederizf","Otele ilk giriş yaptığımız andan itibaren çok doğru bir tercih yaptığımızı ve güzel bir otel tuttuğumuzu hissettik. Karşılama, tesisin genel görünümü ve çalışanların yaklaşımı daha ilk dakikalardan itibaren bizde oldukça olumlu bir izlenim bıraktı. La Blanche Island Bodrum’da geçirdiğimiz tatilden genel olarak çok memnun kaldık. Otelin konumu, manzarası ve özellikle plajları gerçekten harikaydı. Denizin temizliği ve berraklığı sayesinde keyifli bir tatil geçirdik. Plaj alanlarının bakımlı ve düzenli olması büyük bir artıydı. Ayrıca plaja erişimin yürüyen merdiven ve shuttle hizmetleriyle sağlanması oldukça konforlu ve pratiktı. Bu sayede plaja ulaşım konusunda hiçbir zorluk yaşamadık. Personelin ilgisi ve güler yüzü tatilimizin en güzel yanlarından biriydi. Tüm çalışanlar son derece yardımsever, nazik ve profesyoneldi. Misafir memnuniyetine verdikleri önem her an hissediliyordu. Özellikle İshak Bey’e ayrıca teşekkür etmek isteriz. Tatilimiz boyunca bizimle yakından ilgilendi, her konuda yardımcı oldu ve kendimizi özel hissetmemizi sağladı. Güler yüzü, samimiyeti ve profesyonel yaklaşımı sayesinde tatil deneyimimiz çok daha keyifli geçti. Özellikle alakart restoranlardaki deneyimimiz beklentilerimizin üzerindeydi. Yemeklerin lezzeti, sunumu ve kalitesi gerçekten çok başarılıydı. Restoran personelinin ilgisi ve misafirperverliği bizi adeta mest etti. Aynı şekilde otelde bulunan 3 snack restoranın da yemek kalitesi oldukça yüksekti. Gün içerisinde sundukları lezzetli ve kaliteli seçenekler sayesinde keyifli vakit geçirdik. Sıcak ve soğuk içeceklerin kalitesi, lezzeti ve çeşitliliği de son derece başarılıydı. Günün her saatinde farklı damak zevklerine hitap eden birçok seçenek bulunuyordu. Bu konuda otelin beklentilerimizin üzerinde bir hizmet sunduğunu söyleyebiliriz. Odalar temiz ve konforlu, ortak kullanım alanları ise bakımlı ve düzenliydi. Ancak Pina 24 restoranındaki yemeklerin kalite, lezzet ve çeşitlilik açısından otelin genel standardının gerisinde kaldığını düşünüyoruz. Özellikle diğer restoranlardaki yüksek kalite göz önüne alındığında bu bölümde yapılacak iyileştirmeler otelin genel misafir deneyimini daha da yukarı taşıyacaktır. Genel olarak La Blanche Island Bodrum; muhteşem plajları, kaliteli restoranları, zengin içecek seçenekleri, kolay plaj erişimi ve güler yüzlü personeliyle unutulmaz bir tatil deneyimi sundu. Pina 24 restoranındaki yemek kalitesinin geliştirilmesi halinde hiç tereddüt etmeden tekrar tercih edeceğimiz bir otel olacaktır. Emeği geçen tüm çalışanlara ve özellikle İshak Bey’e teşekkür ederizf",2566,327,False,Google,CgoI4eCHteSeoocbEAE,2026-08-25T12:31:03+00:00,OK
gm_a2df5bb0ce54cc9f,BOD106,La Blanche Island Bodrum,Güvercinlik,3,MIXED,Google üzerinde 3 hafta önce,2026-08-04,2026,8,2026-08,True,False,"Manzarası çok güzel fakat denize girmek istediğiniz zaman işler değişiyor. Deniz çok taşlık kum yok denecek kadar az, var olan kumlar da bakımsızlıktan taşlaşmış. Otelin konumu adanın üzerindeki en yüksek bölgede bulunuyor, plaja giderken ve dönerken sürekli yokuş çıkmanız gerekiyor ayrıca her yer birbirine uzak mesafede ve buna rağmen otelde shuutle bulmak oldukça zor, ana giriş kapısında birkaç tane shuutle bekliyor fakat kullanan kişiyi bulmak yürümekten uzun sürüyor. Ayrıca oda hizmetleri de çok yetersiz siz istemediğiniz sürece dil fırçası diş macunu gibi imkânlar sağlanmıyor, resepsiyondan havlu isteseniz bile saatlerce getirmedikleri oluyor ve siz uyarmadığınız taktirde çarşaf değişimi sürekli aksatılıyor. Deniz konusuna dönecek olursak plajın son kısımlarındaki denizden bazen lağım kokusu geliyor ve su aşırı bulanık asla dibini göremiyorsunuz, bu durumdan muzdarip olarak plajın daha ileri kısımlarına gittiğinizde ise sizi dalgalar selamlıyor, yüzerken su yutmamak neredeyse imkânsız bir durum. Bunun beraberinde otelde eğlence etkinlikleri ayarlayan bir animasyon ekibi bulunmadığını düşünüyorum etkinlikler hakkında bilgi edinmek çok zor. Fakat tüm bunlara rağmen garsonlar ve diğer görevliler oldukça güler yüzlüydü.","Manzarası çok güzel fakat denize girmek istediğiniz zaman işler değişiyor. Deniz çok taşlık kum yok denecek kadar az, var olan kumlar da bakımsızlıktan taşlaşmış. Otelin konumu adanın üzerindeki en yüksek bölgede bulunuyor, plaja giderken ve dönerken sürekli yokuş çıkmanız gerekiyor ayrıca her yer birbirine uzak mesafede ve buna rağmen otelde shuutle bulmak oldukça zor, ana giriş kapısında birkaç tane shuutle bekliyor fakat kullanan kişiyi bulmak yürümekten uzun sürüyor. Ayrıca oda hizmetleri de çok yetersiz siz istemediğiniz sürece dil fırçası diş macunu gibi imkânlar sağlanmıyor, resepsiyondan havlu isteseniz bile saatlerce getirmedikleri oluyor ve siz uyarmadığınız taktirde çarşaf değişimi sürekli aksatılıyor. Deniz konusuna dönecek olursak plajın son kısımlarındaki denizden bazen lağım kokusu geliyor ve su aşırı bulanık asla dibini göremiyorsunuz, bu durumdan muzdarip olarak plajın daha ileri kısımlarına gittiğinizde ise sizi dalgalar selamlıyor, yüzerken su yutmamak neredeyse imkânsız bir durum. Bunun beraberinde otelde eğlence etkinlikleri ayarlayan bir animasyon ekibi bulunmadığını düşünüyorum etkinlikler hakkında bilgi edinmek çok zor. Fakat tüm bunlara rağmen garsonlar ve diğer görevliler oldukça güler yüzlüydü.",1240,166,False,Google,CgoI4eCHteSeoocbEAE,2026-08-25T12:31:03+00:00,OK
gm_a00e1bb690b785bb,BOD106,La Blanche Island Bodrum,Güvercinlik,4,HIGH,Google üzerinde bir ay önce,2026-07-26,2026,7,2026-07,True,False,"Otelde yemekler gayet iyiydi. Kötü yorum olarak otelde plajda, asansörlerde ve bazı katlarda çok pis koku vardı. Birde plajda insanlar orda olmadıkları halde boş yere havluyla kendilerine yer tutuyordu. Odalarda iyiydi ama bizim odamızda duşa kabinden dışarıya çok su taşıyordu eğimi ters yapılmış ve sifon basılı kalıyordu.
Edit: hep kötü özelliklerden bahsetmiş olmıyım, adanın heryerindeki tuvaletlerin temizliği, personellerin ilgisi gerçekten çok iyi seviyede. Herkese uygun Plaj seçenekleri var. Ama bunların yanında şu otel marketlerinin kişilere göre fiyat belirleme politikası burdada var ne yazık ki hiç bir fiyat etiketi göremiyorsunuz.","Otelde yemekler gayet iyiydi. Kötü yorum olarak otelde plajda, asansörlerde ve bazı katlarda çok pis koku vardı. Birde plajda insanlar orda olmadıkları halde boş yere havluyla kendilerine yer tutuyordu. Odalarda iyiydi ama bizim odamızda duşa kabinden dışarıya çok su taşıyordu eğimi ters yapılmış ve sifon basılı kalıyordu. Edit: hep kötü özelliklerden bahsetmiş olmıyım, adanın heryerindeki tuvaletlerin temizliği, personellerin ilgisi gerçekten çok iyi seviyede. Herkese uygun Plaj seçenekleri var. Ama bunların yanında şu otel marketlerinin kişilere göre fiyat belirleme politikası burdada var ne yazık ki hiç bir fiyat etiketi göremiyorsunuz.",647,89,False,Google,CgoI4eCHteSeoocbEAE,2026-08-25T12:31:04+00:00,OK
gm_e6f66b6670c76d10,BOD106,La Blanche Island Bodrum,Güvercinlik,3,MIXED,Google üzerinde 3 hafta önce,2026-08-04,2026,8,2026-08,True,False,"Merhaba,
Öncelikle otelin, Bodrum’da tatil yapmak isteyen kişiler için fiyat-performans açısından değerlendirilebilecek bir tesis olduğunu düşünüyorum. Konaklamamız süresince yaşadığımız olumlu ve olumsuz deneyimleri paylaşmak isterim.
Otele ilk girişimizde bizi Jolly Tur’dan Emirhan Bey karşıladı. Kendisi işini son derece titizlikle ve özveriyle yapan, gerçekten çok ilgili biriydi. Kendisine tekrar teşekkür etmek isterim. Açık söylemek gerekirse, Emirhan Bey olmasaydı ilk gün ücret iadesi talep ederek otelden ayrılmayı düşünüyorduk.
## Olumlu Deneyimler
1. Otelin denizi gerçekten harika.
2. Özellikle lobi tarafındaki barda hazırlanan kokteyller oldukça lezzetliydi. Whiskey Sour olması gerektiği gibiydi. İtalyan restoranında çalışan Muhtar isimli arkadaşın hazırladığı kokteylleri özellikle çok beğendik.
3. Akşam eğlenceleri yeterliydi. Sahne alan müzik grupları da oldukça başarılıydı.
4. Açık büfedeki yemek çeşitliliği yeterliydi. Yemeklerin lezzetleri de genel olarak kötü değildi.
5. Yeterli sayıda snack restoran bulunuyor. Gün içerisinde mutlaka damak tadınıza uygun bir seçenek bulabiliyorsunuz.
6. Servis personelinin ve otel çalışanlarının büyük bir bölümü güler yüzlü ve ilgiliydi.
## Olumsuz Deneyimler
1. Otele giriş yaptığımızda araçtan indik ve valizlerin odaya gönderilebilmesi için oda numaramızı görevli arkadaşlara bildirmemiz gerektiği söylendi. Yaklaşık yedi saat araç kullandıktan sonra bunu söylemeyi unutarak odamıza çıktık.
Resepsiyonu arayıp valizlerin gönderilmesini rica ettiğimizde, “Aşağıya gelip oda numaranızı sizin söylemeniz gerekiyor.” şeklinde bir yanıt aldık ve bu konuda hiçbir şekilde yardımcı olunmadı.
Oda numarasının, yalnızca 10-15 metre mesafedeki valiz görevlilerine resepsiyon tarafından iletilmesi mümkünken, ikinci kattan tekrar aşağıya inmemizin istenmesini mantıklı bulmadık. Neyse ki Emirhan Bey duruma müdahale etti ve valizlerimizin odamıza gönderilmesini sağladı.
2. Hızlıca bir şeyler yemek için snack restorana gittik. Servis edilen burger ekmekleri soğuktu. Köftenin hangi etten yapıldığı belli değildi ve kofteni nrengi açık renk ti. Lezzeti kötü olmamasına rağmen, yerken dişimize sert parçalar geldi. Kıymanın içeriği konusunda ciddi şekilde şüphe duyduk.
Dana kıymaya yalnızca tuz ve karabiber ekleyip ızgarada düzgün bir burger köftesi hazırlamak bu kadar zor olmamalı.
3. Döner sipariş ettik. Ancak gelen ürün dönerden çok, kesilmiş köfteyi andırıyordu. Sanırım tamamen kıymadan hazırlanmıştı. Çiğnerken bunda da ağzımıza sert parçalar geldi.
4. pina 24 restoranttan Tavuk suyu çorbası sipariş ettik. Son derece tatsız, malzemeleri tamamen dibe çökmüş ve çorbayla pek ilgisi olmayan bir ürün servis edildi.
5. Yemeklerden sonra kokteyl içmek için sahildeki sahnenin yanında bulunan bara gittik. Daha önce Voyage Otel’de hazırlattığımız ve oldukça beğendiğimiz bir kokteyli tarif ettik. Barmen, bu kokteylin yapılamayacağını söyledi.
Bunun üzerine gülerek karşılık vermesi nedeniyle topluluk içinde kendimizi küçümsenmiş ve rahatsız hissettik. Daha sonra latte kıvamında, kremamsı bir kokteyl istediğimizi anlattık. Ancak bize son derece kötü bir kokteyl hazırlandı. Barmenin süreç boyunca suratsız ve isteksiz davranması da ayrıca rahatsız ediciydi. Biz de “Eline sağlık.” diyerek içeceğimizi alıp oradan ayrıldık.
6. A la carte restoranların rezervasyonları sürekli doluydu. Gün içerisinde rezervasyon yaptırmak maalesef mümkün olmadı.
7. Açık büfede yemek servisi sona ererken görevlinin, tepside kalan pideleri çıplak eliyle iterek topladığını gördük. Hijyen açısından kesinlikle kabul edilebilir bir durum değildi.
Kısacası, bizim tatilimizi Emirhan Bey kurtardı. Nerede daha güzel yemek yiyebileceğimizi ve denize hangi noktadan girmemizin daha iyi olacağını bize tam isabetle söyledi. İlgisi ve yönlendirmeleri sayesinde tatilimiz çok daha keyifli hale geldi.","Merhaba, Öncelikle otelin, Bodrum’da tatil yapmak isteyen kişiler için fiyat-performans açısından değerlendirilebilecek bir tesis olduğunu düşünüyorum. Konaklamamız süresince yaşadığımız olumlu ve olumsuz deneyimleri paylaşmak isterim. Otele ilk girişimizde bizi Jolly Tur’dan Emirhan Bey karşıladı. Kendisi işini son derece titizlikle ve özveriyle yapan, gerçekten çok ilgili biriydi. Kendisine tekrar teşekkür etmek isterim. Açık söylemek gerekirse, Emirhan Bey olmasaydı ilk gün ücret iadesi talep ederek otelden ayrılmayı düşünüyorduk. ## Olumlu Deneyimler 1. Otelin denizi gerçekten harika. 2. Özellikle lobi tarafındaki barda hazırlanan kokteyller oldukça lezzetliydi. Whiskey Sour olması gerektiği gibiydi. İtalyan restoranında çalışan Muhtar isimli arkadaşın hazırladığı kokteylleri özellikle çok beğendik. 3. Akşam eğlenceleri yeterliydi. Sahne alan müzik grupları da oldukça başarılıydı. 4. Açık büfedeki yemek çeşitliliği yeterliydi. Yemeklerin lezzetleri de genel olarak kötü değildi. 5. Yeterli sayıda snack restoran bulunuyor. Gün içerisinde mutlaka damak tadınıza uygun bir seçenek bulabiliyorsunuz. 6. Servis personelinin ve otel çalışanlarının büyük bir bölümü güler yüzlü ve ilgiliydi. ## Olumsuz Deneyimler 1. Otele giriş yaptığımızda araçtan indik ve valizlerin odaya gönderilebilmesi için oda numaramızı görevli arkadaşlara bildirmemiz gerektiği söylendi. Yaklaşık yedi saat araç kullandıktan sonra bunu söylemeyi unutarak odamıza çıktık. Resepsiyonu arayıp valizlerin gönderilmesini rica ettiğimizde, “Aşağıya gelip oda numaranızı sizin söylemeniz gerekiyor.” şeklinde bir yanıt aldık ve bu konuda hiçbir şekilde yardımcı olunmadı. Oda numarasının, yalnızca 10-15 metre mesafedeki valiz görevlilerine resepsiyon tarafından iletilmesi mümkünken, ikinci kattan tekrar aşağıya inmemizin istenmesini mantıklı bulmadık. Neyse ki Emirhan Bey duruma müdahale etti ve valizlerimizin odamıza gönderilmesini sağladı. 2. Hızlıca bir şeyler yemek için snack restorana gittik. Servis edilen burger ekmekleri soğuktu. Köftenin hangi etten yapıldığı belli değildi ve kofteni nrengi açık renk ti. Lezzeti kötü olmamasına rağmen, yerken dişimize sert parçalar geldi. Kıymanın içeriği konusunda ciddi şekilde şüphe duyduk. Dana kıymaya yalnızca tuz ve karabiber ekleyip ızgarada düzgün bir burger köftesi hazırlamak bu kadar zor olmamalı. 3. Döner sipariş ettik. Ancak gelen ürün dönerden çok, kesilmiş köfteyi andırıyordu. Sanırım tamamen kıymadan hazırlanmıştı. Çiğnerken bunda da ağzımıza sert parçalar geldi. 4. pina 24 restoranttan Tavuk suyu çorbası sipariş ettik. Son derece tatsız, malzemeleri tamamen dibe çökmüş ve çorbayla pek ilgisi olmayan bir ürün servis edildi. 5. Yemeklerden sonra kokteyl içmek için sahildeki sahnenin yanında bulunan bara gittik. Daha önce Voyage Otel’de hazırlattığımız ve oldukça beğendiğimiz bir kokteyli tarif ettik. Barmen, bu kokteylin yapılamayacağını söyledi. Bunun üzerine gülerek karşılık vermesi nedeniyle topluluk içinde kendimizi küçümsenmiş ve rahatsız hissettik. Daha sonra latte kıvamında, kremamsı bir kokteyl istediğimizi anlattık. Ancak bize son derece kötü bir kokteyl hazırlandı. Barmenin süreç boyunca suratsız ve isteksiz davranması da ayrıca rahatsız ediciydi. Biz de “Eline sağlık.” diyerek içeceğimizi alıp oradan ayrıldık. 6. A la carte restoranların rezervasyonları sürekli doluydu. Gün içerisinde rezervasyon yaptırmak maalesef mümkün olmadı. 7. Açık büfede yemek servisi sona ererken görevlinin, tepside kalan pideleri çıplak eliyle iterek topladığını gördük. Hijyen açısından kesinlikle kabul edilebilir bir durum değildi. Kısacası, bizim tatilimizi Emirhan Bey kurtardı. Nerede daha güzel yemek yiyebileceğimizi ve denize hangi noktadan girmemizin daha iyi olacağını bize tam isabetle söyledi. İlgisi ve yönlendirmeleri sayesinde tatilimiz çok daha keyifli hale geldi.",3839,497,False,Google,CgoI4eCHteSeoocbEAE,2026-08-25T12:31:04+00:00,OK
gm_33de61495da4f8b0,BOD106,La Blanche Island Bodrum,Güvercinlik,3,MIXED,Google üzerinde 3 hafta önce,2026-08-04,2026,8,2026-08,True,False,"Otel konumu ve deniziyle one cikan ve yanindaki otelleri dusunursek tam bir fiyat performans yeri. Denizi cok guzel ama yuzme bilmeyenler dikkat etsin cunku hemen derinleşiyor.
Gelelim otelin durumuna. 5 yildizli hersey dahil bir otel odasi degilde 3 yildizli bir oda izlenimi veriyor. Yemekler çesit anlaminda gercekten cok zayif. Lezzetlerini begendim bizi de hic rahatsiz etmedi ama diger otellere kiyasla cok geride.
Lobinin oradaki teras cafedeki calisanlar cok yardimsever, otelin genelinde oyle ama oda temizligi bize mi denk geldi bilmiyorum gercekten kotuydu.
Havuzun yanindaki ve gunduzleri asagidaki restoranda masada QR okutarak siparis verebiliyorsunuz ve cok hizli geliyor. Starbucks ve waffle olan bir yer var heryere uzak onu hic anlamadim.
Farkli yerlerde dondurma bufeleri var, cocuklar icin guzel.
Otel cok kalabalik, cok farkli ulkelerden turist var ama bence buranin yonetimi deniz, konum guzel diye otel olanaklarini çok kısmış. Diger oteller gibi secenekler ve kalite beklemeyin.
Biz tatilimizde denizi cok onemsedigimiz icin memnun ayrildik ama siz tesisten de beklentileriniz varsa bir kez daha dusunun derim. Otel cunku asla bu odenenen ucretleri haketmiyor bence.","Otel konumu ve deniziyle one cikan ve yanindaki otelleri dusunursek tam bir fiyat performans yeri. Denizi cok guzel ama yuzme bilmeyenler dikkat etsin cunku hemen derinleşiyor. Gelelim otelin durumuna. 5 yildizli hersey dahil bir otel odasi degilde 3 yildizli bir oda izlenimi veriyor. Yemekler çesit anlaminda gercekten cok zayif. Lezzetlerini begendim bizi de hic rahatsiz etmedi ama diger otellere kiyasla cok geride. Lobinin oradaki teras cafedeki calisanlar cok yardimsever, otelin genelinde oyle ama oda temizligi bize mi denk geldi bilmiyorum gercekten kotuydu. Havuzun yanindaki ve gunduzleri asagidaki restoranda masada QR okutarak siparis verebiliyorsunuz ve cok hizli geliyor. Starbucks ve waffle olan bir yer var heryere uzak onu hic anlamadim. Farkli yerlerde dondurma bufeleri var, cocuklar icin guzel. Otel cok kalabalik, cok farkli ulkelerden turist var ama bence buranin yonetimi deniz, konum guzel diye otel olanaklarini çok kısmış. Diger oteller gibi secenekler ve kalite beklemeyin. Biz tatilimizde denizi cok onemsedigimiz icin memnun ayrildik ama siz tesisten de beklentileriniz varsa bir kez daha dusunun derim. Otel cunku asla bu odenenen ucretleri haketmiyor bence.",1190,171,False,Google,CgoI4eCHteSeoocbEAE,2026-08-25T12:31:04+00:00,OK
gm_36e775860fd43150,BOD106,La Blanche Island Bodrum,Güvercinlik,5,HIGH,Google üzerinde 3 hafta önce düzenlendi,2026-08-04,2026,8,2026-08,True,True,"Ayşe Gül Kayahan
Google üzerinde 3 hafta önce düzenlendi",,,,True,Google,CgoI4eCHteSeoocbEAE,2026-08-25T12:31:04+00:00,TEXT_WAS_REVIEWER_NAME_ARTIFACT
gm_0efe78df72a8bf7d,BOD106,La Blanche Island Bodrum,Güvercinlik,5,HIGH,Google üzerinde 3 hafta önce düzenlendi,2026-08-04,2026,8,2026-08,True,True,"Otel konum olarak çok öne geçiyor. Odaları biraz küçük ve sofa yerine normal tek kişilik yatak konulmalı. Kendini daha da yenilerse muhteşem manzara ve plajlarıyla baya bir öne geçer.
Mutfağı güzel. Çeşitlilik çok, her yerde snack barlar. Ala carte hizmet. Tatlı çeşitliliği hayranlık verici. Lezzet ve sunum ve artı şahane hizmet eden güler yüzlü personeli.
Eğlence, aktiviteler güzel. Animasyon ekibinden Sercio (Sercan Bey), Nur Hanım müthiş enerjileri ile renk katıyorlar.
Mutfak personelinin ve tüm otel personelinin hepsi güler yüzlü, hepsi çözüm üretici ve arı gibi çalışkanlar. Bu gerçekten çok önemli bir kriter. Hepsine ayrı ayrı teşekkürler. Servis için her bir birimde personel vızır vızır çalışıyor.
Jolly Tur’dan Emirhan Bey, Resepsiyondan Emircan Bey, ilgi ve alakaları için çok çok teşekkürler. Her bir yerde güler yüzü ve içtenliği derinden hissettik.
Beach Bardan Can Bey ve Ali Bey, Özgür bey ve ismini hatırlayamadıklarım; her birine şükranla. Enerjileri müthiş.Barmen Ali Bey’in içten güzel dileklerle hizmet anlayışı ailecek bizi ayrıca mutlu etti ve Azerilere olan kardeşlik bağımızı bir kez daha gösterdi. Spa Wellnes’ten Arkadaş Bey de çok neşeli ve ilgili sağ olsun. Spor salınundan Remziye Hanıma da teşekkürler.
Golf araçlarıyla otel turu çok keyifliydi. Bagaj personeli, bel boy arkadaşlar hepsi ilgili ve güler yüzlüydü.
İsmini hatırlayamadığım çokça kahraman personeli var. Biz bir Türk aile olarak çok güzel duygularla ayrılıyoruz. Sırf bu güzel kadro çalışanları için bile tekrar tercih sebebi. Manzarası, kuş cıvıltıları, cırcır böceği sesleri, çam ağaçları, denizi ile tam bir Bodrum Masalı gibi. Her personeline tekrar teşekkür ve saygılarımızla .","Otel konum olarak çok öne geçiyor. Odaları biraz küçük ve sofa yerine normal tek kişilik yatak konulmalı. Kendini daha da yenilerse muhteşem manzara ve plajlarıyla baya bir öne geçer. Mutfağı güzel. Çeşitlilik çok, her yerde snack barlar. Ala carte hizmet. Tatlı çeşitliliği hayranlık verici. Lezzet ve sunum ve artı şahane hizmet eden güler yüzlü personeli. Eğlence, aktiviteler güzel. Animasyon ekibinden Sercio (Sercan Bey), Nur Hanım müthiş enerjileri ile renk katıyorlar. Mutfak personelinin ve tüm otel personelinin hepsi güler yüzlü, hepsi çözüm üretici ve arı gibi çalışkanlar. Bu gerçekten çok önemli bir kriter. Hepsine ayrı ayrı teşekkürler. Servis için her bir birimde personel vızır vızır çalışıyor. Jolly Tur’dan Emirhan Bey, Resepsiyondan Emircan Bey, ilgi ve alakaları için çok çok teşekkürler. Her bir yerde güler yüzü ve içtenliği derinden hissettik. Beach Bardan Can Bey ve Ali Bey, Özgür bey ve ismini hatırlayamadıklarım; her birine şükranla. Enerjileri müthiş.Barmen Ali Bey’in içten güzel dileklerle hizmet anlayışı ailecek bizi ayrıca mutlu etti ve Azerilere olan kardeşlik bağımızı bir kez daha gösterdi. Spa Wellnes’ten Arkadaş Bey de çok neşeli ve ilgili sağ olsun. Spor salınundan Remziye Hanıma da teşekkürler. Golf araçlarıyla otel turu çok keyifliydi. Bagaj personeli, bel boy arkadaşlar hepsi ilgili ve güler yüzlüydü. İsmini hatırlayamadığım çokça kahraman personeli var. Biz bir Türk aile olarak çok güzel duygularla ayrılıyoruz. Sırf bu güzel kadro çalışanları için bile tekrar tercih sebebi. Manzarası, kuş cıvıltıları, cırcır böceği sesleri, çam ağaçları, denizi ile tam bir Bodrum Masalı gibi. Her personeline tekrar teşekkür ve saygılarımızla .",1683,246,False,Google,CgoI4eCHteSeoocbEAE,2026-08-25T12:31:04+00:00,OK
gm_53f13caaaff30e1b,BOD106,La Blanche Island Bodrum,Güvercinlik,3,MIXED,Google üzerinde bir ay önce,2026-07-26,2026,7,2026-07,True,False,"Fiyatına göre aşırı derecede rezalet bir otel.
Yemek konusuna giriş yapıcak olursak yeni pişirilmesine rağmen tabağınıza alıp masaya oturulduğunda kesilmiyor,alandaki görevli olam garsonlar zaten az olduğundan içiceğiniz yemeğiniz bittiğinde anca gelebiliyor hem içeride hemde dışarıda ki koskocaman alanda toplamda 6 kişi bulunmakta ve biten yemek bir daha çıkmıyor geldiğimiz günden beri makarna dışında diğer etlere dokunamadık zaten oda midenizi mahvediyor.
Bar gibi oturma alanlarına gelirsek lobi bar dışında başka oturup sohbet edilip çay içilecek başka yer yok aynı şekilde “ada konseptinde” olan bu otelde birden fazla plaj olmasına rağmen sadece 2 plajda bi bar birde gözlemeci dışında başka hiçbir şey yok oda otelin diğer alanında
Daha bu sene bir dondurmacı açılmış otele konaklamadan önceki tarihlere yakın videolarda dondurma dolapları bulunuyorken geldiğimizde yok olmasıyla birlikte havlu kartı uygulaması olmadığı söylenerek sözde az havlu kalındığından ne kadar havlu aldığınızı yüzünüze söylüyorlar ve her şeye cevapları bulunmakta.
Sahile geldikmi bir sürü plajı olmasına rağmen yürüyen merdivenin olduğu plaj tıka basa dolu ve başka konaklayan kişiler birlikte geldiğinden tarikat gibi şezlongları kapıp istediği yerlere sürüklüyorlar Şile ve askeri plajlar daha düzenli,uygun ve az kalabalıktır.
Odalar standart ama normalde olması gereken eşyalar günlük olarak koyulmamakta en basitinden havlu ve kese ayrıca inanılmaz bir kalitesizlikte peçete kullanılmakta okullara koyulan peçete daha kalındır tek avantajı sabun vb. Şeylerde Dove markası kullanılmakta odadaki kağıtlara istediklerinizi yazmadıkça gelmiyor
Bar gibi alanların zaten az ve sadece tek bir kişi bakmakta havuz ve denizin yanındaki ana restoranın dışındaki yerler okul çıkışı dürümcülerden daha rezalet o bile fiyatını hak ediyor.
Otelin tek güzel yani denizi oda bodrumda olması kalabalıktan girilmiyor zaten.
Fiyatını kesinlike hak etmeyen bir otel deniz için bile tercih edilmez antalyada aynı fiyata bir otel butik olsa bile değer.","Fiyatına göre aşırı derecede rezalet bir otel. Yemek konusuna giriş yapıcak olursak yeni pişirilmesine rağmen tabağınıza alıp masaya oturulduğunda kesilmiyor,alandaki görevli olam garsonlar zaten az olduğundan içiceğiniz yemeğiniz bittiğinde anca gelebiliyor hem içeride hemde dışarıda ki koskocaman alanda toplamda 6 kişi bulunmakta ve biten yemek bir daha çıkmıyor geldiğimiz günden beri makarna dışında diğer etlere dokunamadık zaten oda midenizi mahvediyor. Bar gibi oturma alanlarına gelirsek lobi bar dışında başka oturup sohbet edilip çay içilecek başka yer yok aynı şekilde “ada konseptinde” olan bu otelde birden fazla plaj olmasına rağmen sadece 2 plajda bi bar birde gözlemeci dışında başka hiçbir şey yok oda otelin diğer alanında Daha bu sene bir dondurmacı açılmış otele konaklamadan önceki tarihlere yakın videolarda dondurma dolapları bulunuyorken geldiğimizde yok olmasıyla birlikte havlu kartı uygulaması olmadığı söylenerek sözde az havlu kalındığından ne kadar havlu aldığınızı yüzünüze söylüyorlar ve her şeye cevapları bulunmakta. Sahile geldikmi bir sürü plajı olmasına rağmen yürüyen merdivenin olduğu plaj tıka basa dolu ve başka konaklayan kişiler birlikte geldiğinden tarikat gibi şezlongları kapıp istediği yerlere sürüklüyorlar Şile ve askeri plajlar daha düzenli,uygun ve az kalabalıktır. Odalar standart ama normalde olması gereken eşyalar günlük olarak koyulmamakta en basitinden havlu ve kese ayrıca inanılmaz bir kalitesizlikte peçete kullanılmakta okullara koyulan peçete daha kalındır tek avantajı sabun vb. Şeylerde Dove markası kullanılmakta odadaki kağıtlara istediklerinizi yazmadıkça gelmiyor Bar gibi alanların zaten az ve sadece tek bir kişi bakmakta havuz ve denizin yanındaki ana restoranın dışındaki yerler okul çıkışı dürümcülerden daha rezalet o bile fiyatını hak ediyor. Otelin tek güzel yani denizi oda bodrumda olması kalabalıktan girilmiyor zaten. Fiyatını kesinlike hak etmeyen bir otel deniz için bile tercih edilmez antalyada aynı fiyata bir otel butik olsa bile değer.",2024,279,False,Google,CgoI4eCHteSeoocbEAE,2026-08-25T12:35:13+00:00,OK
gm_4778f418a46bc1b9,BOD106,La Blanche Island Bodrum,Güvercinlik,5,HIGH,Google üzerinde bir saat önce,2026-08-25,2026,8,2026-08,True,False,Otelle ilgili aklımda kalan tek şey DÖNER. Döner ustası kimse İstanbula acil transfer edilmeli kendi dükkanını açmalı. Personel çok çok iyi. Hizmet çok iyi. Ben çok beğendim.,Otelle ilgili aklımda kalan tek şey DÖNER. Döner ustası kimse İstanbula acil transfer edilmeli kendi dükkanını açmalı. Personel çok çok iyi. Hizmet çok iyi. Ben çok beğendim.,174,27,False,Google,CgoI4eCHteSeoocbEAE,2026-08-25T12:55:48+00:00,OK
gm_35c08e873a4744f5,BOD106,La Blanche Island Bodrum,Güvercinlik,5,HIGH,Google üzerinde 2 saat önce,2026-08-25,2026,8,2026-08,True,False,bugun bahar hanimla sup yoga etkinligine katildim asiri keyifli bi deneyimdi gercekten devam ettirmek istiycegim bi deneyim oldu,bugun bahar hanimla sup yoga etkinligine katildim asiri keyifli bi deneyimdi gercekten devam ettirmek istiycegim bi deneyim oldu,128,18,False,Google,CgoI4eCHteSeoocbEAE,2026-08-25T12:55:48+00:00,OK
gm_e88c08b762c73cea,BOD106,La Blanche Island Bodrum,Güvercinlik,5,HIGH,Google üzerinde 3 saat önce,2026-08-25,2026,8,2026-08,True,False,19-24 ağustos tarihlerinde ailemle konakladım.Personel ilgili ve güler yüzlüydü.Yemekler çeşitli ve lezzetliydi.Özellikle denizi çok güzeldi.Havuzlar temiz ve aktiviteleri eğlenceliydi.Azure plajı da hem yemekleriyle hem de plajıyla muhteşemdi.Herkesin ailecek konaklayabileceği çok güzel bir otel.Ayrıca bu güzel tatili yapmamıza vesile olan gezinomiden Mustafa Çalışkana bizimle ilgilendiği için teşekkür ederiz.,19-24 ağustos tarihlerinde ailemle konakladım.Personel ilgili ve güler yüzlüydü.Yemekler çeşitli ve lezzetliydi.Özellikle denizi çok güzeldi.Havuzlar temiz ve aktiviteleri eğlenceliydi.Azure plajı da hem yemekleriyle hem de plajıyla muhteşemdi.Herkesin ailecek konaklayabileceği çok güzel bir otel.Ayrıca bu güzel tatili yapmamıza vesile olan gezinomiden Mustafa Çalışkana bizimle ilgilendiği için teşekkür ederiz.,414,47,False,Google,CgoI4eCHteSeoocbEAE,2026-08-25T12:55:48+00:00,OK
gm_d2a319bd347d6ffb,BOD106,La Blanche Island Bodrum,Güvercinlik,5,HIGH,Google üzerinde 4 saat önce,2026-08-25,2026,8,2026-08,True,False,"(Google tarafından çevrildi) Bahar ile yapılan yoga dersi harikaydı.
Mekan da çok güzeldi 🙏🏻
(Orijinal)
Sub yoga was grear with Bahar
The place too 🙏🏻",(Google tarafından çevrildi) Bahar ile yapılan yoga dersi harikaydı. Mekan da çok güzeldi 🙏🏻 (Orijinal) Sub yoga was grear with Bahar The place too 🙏🏻,150,25,False,Google,CgoI4eCHteSeoocbEAE,2026-08-25T12:55:48+00:00,OK
gm_0aafbfd2ced6d3ca,BOD106,La Blanche Island Bodrum,Güvercinlik,5,HIGH,Google üzerinde 5 saat önce düzenlendi,2026-08-25,2026,8,2026-08,True,True,"Bu otel villa musterileri ve standart oda musterileri olarak birbirinden tamamen zit hizmet kalitesi ile konumlandirilmis. Biz villada konakladik, villa musterilerinin plaji, gittigi restoranlar, calisanlarin ilgi ve tutumu, hizi ve odalarin temizligi mukemmeldi. Ancak tatil sirasinda ortak alanlardaki acik bufe ve yemegi deneyimledik, calisanlarin tutumu oldukca ilgisiz ve bikkindi. Tabii calisma sartlarinin agir oldugunu biliyoruz ancak iki taraf arasinda resmen her sey siyah ve beyaz tonunda farkli. Standart odadaki bufelerde yemek cesidi cok ancak lezzetsiz karman corman. Villa musterisinin girdigi plaj kayaliklardan temizlenmis, standart oda musterisinin plajinda muhtemelen otel yapilirken cikan molozlar denize bosaltilmis, bir yer cok derinken bir yerde kayayla burun buruna gelebiliyosunuz. Otel cok buyuk buggy denen araclar ile bir yerden bir yere gidiyorsunuz. Burada da sinifsal bir ayrim var. villa musterisinde butler sistemi ile aninda buggy araci gelirken diger odalardaki musterilerde siraya girme ve uzun bir bekleme mevcut. Kisacasi otele villa musterisi olarak gelmeyecekseniz gelmenizi onermem. Bu denli farkliliklar olmasi rahatsiz edici. Villa musterisi olarak cok memnun kaldik, plaj tuvaletinde dahi klimalar vardi calisanlarin ilgi alakasi mukemmeldi. Ancak plaj tuvaletine bile klima koyan otel yonetiminin calisanlarinin oldugu yere pervane bile koyamamasi cok ayip ve insanlik disi. Umarim bu calisanlara saglanir. Azur mukemmeldi. Kokteyller standart oda plajinda plastik bardak ile, villa plajinda cam bardak ve ozel sunumla siparis vererek geliyor. Hicbir sira beklemedigimiz her seyin incelikle yurutuldugu bir tatildi. Ancak villa ya da swim up oda tercih etmezseniz kesinlikle gelmemeniz gereken bir otel. Animasyonlar ve aksamlari duzenlenen gosteriler epey keyifsizdi.","Bu otel villa musterileri ve standart oda musterileri olarak birbirinden tamamen zit hizmet kalitesi ile konumlandirilmis. Biz villada konakladik, villa musterilerinin plaji, gittigi restoranlar, calisanlarin ilgi ve tutumu, hizi ve odalarin temizligi mukemmeldi. Ancak tatil sirasinda ortak alanlardaki acik bufe ve yemegi deneyimledik, calisanlarin tutumu oldukca ilgisiz ve bikkindi. Tabii calisma sartlarinin agir oldugunu biliyoruz ancak iki taraf arasinda resmen her sey siyah ve beyaz tonunda farkli. Standart odadaki bufelerde yemek cesidi cok ancak lezzetsiz karman corman. Villa musterisinin girdigi plaj kayaliklardan temizlenmis, standart oda musterisinin plajinda muhtemelen otel yapilirken cikan molozlar denize bosaltilmis, bir yer cok derinken bir yerde kayayla burun buruna gelebiliyosunuz. Otel cok buyuk buggy denen araclar ile bir yerden bir yere gidiyorsunuz. Burada da sinifsal bir ayrim var. villa musterisinde butler sistemi ile aninda buggy araci gelirken diger odalardaki musterilerde siraya girme ve uzun bir bekleme mevcut. Kisacasi otele villa musterisi olarak gelmeyecekseniz gelmenizi onermem. Bu denli farkliliklar olmasi rahatsiz edici. Villa musterisi olarak cok memnun kaldik, plaj tuvaletinde dahi klimalar vardi calisanlarin ilgi alakasi mukemmeldi. Ancak plaj tuvaletine bile klima koyan otel yonetiminin calisanlarinin oldugu yere pervane bile koyamamasi cok ayip ve insanlik disi. Umarim bu calisanlara saglanir. Azur mukemmeldi. Kokteyller standart oda plajinda plastik bardak ile, villa plajinda cam bardak ve ozel sunumla siparis vererek geliyor. Hicbir sira beklemedigimiz her seyin incelikle yurutuldugu bir tatildi. Ancak villa ya da swim up oda tercih etmezseniz kesinlikle gelmemeniz gereken bir otel. Animasyonlar ve aksamlari duzenlenen gosteriler epey keyifsizdi.",1814,242,False,Google,CgoI4eCHteSeoocbEAE,2026-08-25T12:55:48+00:00,OK
gm_7bb5d5ffe92929eb,BOD106,La Blanche Island Bodrum,Güvercinlik,5,HIGH,Google üzerinde 18 saat önce,2026-08-24,2026,8,2026-08,True,False,"(Google tarafından çevrildi) Otel çok güzel, yemekler lezzetli, servis de iyi. Teşekkür ederim 😘
(Orijinal)
Mehmonxona judayam yaxshi ovqatlari mazali, hizmat korsatish yaxshi. Rahmat 😘","(Google tarafından çevrildi) Otel çok güzel, yemekler lezzetli, servis de iyi. Teşekkür ederim 😘 (Orijinal) Mehmonxona judayam yaxshi ovqatlari mazali, hizmat korsatish yaxshi. Rahmat 😘",185,25,False,Google,CgoI4eCHteSeoocbEAE,2026-08-25T12:55:49+00:00,OK
gm_7d40216c0370cec7,BOD106,La Blanche Island Bodrum,Güvercinlik,5,HIGH,Google üzerinde 19 saat önce,2026-08-24,2026,8,2026-08,True,False,"(Google tarafından çevrildi) 10 gündür tatildeyiz.
Otel ve hizmet mükemmel. Konum muhteşem.
Yemekler harika.
Her gün bir öncekinden daha güzel, çünkü yeni bir şey keşfediyoruz.
Personel güler yüzlü, misafirperver ve son derece kibar.
Çok fazla restoran var ve sorun da bu: sürekli dışarıda yemek yemek zorunda kalıyorsunuz.
Genel olarak, otel kesinlikle muhteşem. 👍
(Orijinal)
Отдыхаем уже 10 дней.
Отель и сервис великолепный. Локации супер красивые.
Еда потрясающая.
Каждый день превосходит предыдущий, так как открывается что то новое.
Персонал улыбчивый и приветственный, супер вежливый.
Очень много ресторанов и в этом вся проблема, приходится постоянно кушать🤣🤣🤣
В общем, однозначно отель супер.👍","(Google tarafından çevrildi) 10 gündür tatildeyiz. Otel ve hizmet mükemmel. Konum muhteşem. Yemekler harika. Her gün bir öncekinden daha güzel, çünkü yeni bir şey keşfediyoruz. Personel güler yüzlü, misafirperver ve son derece kibar. Çok fazla restoran var ve sorun da bu: sürekli dışarıda yemek yemek zorunda kalıyorsunuz. Genel olarak, otel kesinlikle muhteşem. 👍 (Orijinal) Отдыхаем уже 10 дней. Отель и сервис великолепный. Локации супер красивые. Еда потрясающая. Каждый день превосходит предыдущий, так как открывается что то новое. Персонал улыбчивый и приветственный, супер вежливый. Очень много ресторанов и в этом вся проблема, приходится постоянно кушать🤣🤣🤣 В общем, однозначно отель супер.👍",702,99,False,Google,CgoI4eCHteSeoocbEAE,2026-08-25T12:55:49+00:00,OK
gm_22ab396b75fec871,BOD106,La Blanche Island Bodrum,Güvercinlik,5,HIGH,Google üzerinde 19 saat önce,2026-08-24,2026,8,2026-08,True,False,"(Google tarafından çevrildi) La Blanche Adası yaklaşık altı aydır yapılacaklar listemizdeydi. Sonunda bu yaz gitmeye karar verdik ve hiç pişman olmadık. Ne muhteşem bir otel! Konumu tek kelimeyle olağanüstü: dağlar, deniz ve ne muhteşem gün batımları! Odalar çok rahat, yemekler çeşitli ve lezzetli. Personel inanılmaz derecede kibar ve yardımsever. Her şey temiz ve düzenli.
à la carte restoran Pulcinella ise hoş bir sürpriz oldu: inanılmaz derecede yumuşak dana ve somon biftekleri (Moskova'da böyle bir şey bulamazsınız), süper lezzetli alkolsüz içecekler ve çok hoş bir atmosfer!
(Orijinal)
La Blanche Island был в нашей карте желаний примерно полгода. И летом мы все-таки решили поехать сюда и ни разу не пожалели. Шикарнейший отель! Расположение - просто космос: горы, море, а какие закаты! Номера очень уютные, питание разнообразное и вкусное. Персонал невероятно вежливый и отзывчивый. Все чисто и аккуратно.
Ресторан а-ля карт Pulcinella очень приятно удивил: невероятно нежные стейки из говядины и лосося (в Москве не везде такое найдешь), супер вкусные soft drinks и очень приятная атмосфера!","(Google tarafından çevrildi) La Blanche Adası yaklaşık altı aydır yapılacaklar listemizdeydi. Sonunda bu yaz gitmeye karar verdik ve hiç pişman olmadık. Ne muhteşem bir otel! Konumu tek kelimeyle olağanüstü: dağlar, deniz ve ne muhteşem gün batımları! Odalar çok rahat, yemekler çeşitli ve lezzetli. Personel inanılmaz derecede kibar ve yardımsever. Her şey temiz ve düzenli. à la carte restoran Pulcinella ise hoş bir sürpriz oldu: inanılmaz derecede yumuşak dana ve somon biftekleri (Moskova'da böyle bir şey bulamazsınız), süper lezzetli alkolsüz içecekler ve çok hoş bir atmosfer! (Orijinal) La Blanche Island был в нашей карте желаний примерно полгода. И летом мы все-таки решили поехать сюда и ни разу не пожалели. Шикарнейший отель! Расположение - просто космос: горы, море, а какие закаты! Номера очень уютные, питание разнообразное и вкусное. Персонал невероятно вежливый и отзывчивый. Все чисто и аккуратно. Ресторан а-ля карт Pulcinella очень приятно удивил: невероятно нежные стейки из говядины и лосося (в Москве не везде такое найдешь), супер вкусные soft drinks и очень приятная атмосфера!",1104,163,False,Google,CgoI4eCHteSeoocbEAE,2026-08-25T12:55:49+00:00,OK
gm_5259d70fbd610bda,BOD106,La Blanche Island Bodrum,Güvercinlik,5,HIGH,Google üzerinde 23 saat önce,2026-08-24,2026,8,2026-08,True,False,Animasyon ekibigüzel aktiviteler sunuyor bütün ekibe teşekkürler nur hanım çok ilgilendi ona da ayruca teşekkürler,Animasyon ekibigüzel aktiviteler sunuyor bütün ekibe teşekkürler nur hanım çok ilgilendi ona da ayruca teşekkürler,114,15,False,Google,CgoI4eCHteSeoocbEAE,2026-08-25T12:55:49+00:00,OK
gm_92541765932a4ecb,BOD106,La Blanche Island Bodrum,Güvercinlik,5,HIGH,Google üzerinde 23 saat önce,2026-08-24,2026,8,2026-08,True,False,her sey cok guzeldi animasyon ekibi cok basarili yemekler asiri lezzetli eglence ekibinden Nur Hanim cok basarili tesekkurler tekrar gelicem,her sey cok guzeldi animasyon ekibi cok basarili yemekler asiri lezzetli eglence ekibinden Nur Hanim cok basarili tesekkurler tekrar gelicem,140,20,False,Google,CgoI4eCHteSeoocbEAE,2026-08-25T12:55:49+00:00,OK
gm_421c455aa1c56f24,BOD160,La Blanche Resort Bodrum,Turgutreis,5,HIGH,Google üzerinde bir ay önce,2026-07-26,2026,7,2026-07,True,False,"La Blanche Resort & guzel bir tatil Otelin genel temizliği, ortak alanların hijyeni ve odamızın günlük temizliği her gün kusursuz bir şekilde yapıldı; her yer her an tertemiz ve mis kokuluydu.Bütün personel inanılmaz derecede sıcak, samimi ve A'dan Z'ye hepsi çok çalışkan. Her an her ihtiyacımıza güler yüzle koştular ve bizi çok özel hissettirdiler.Otelin her noktasından ayrı bir güzel görünen manzarası, havuzları ve muhteşem denizi tek kelimeyle harikaydı. Restoran kalitesi ve yemek çeşitliliği ise bizi hayran bıraktı. Özellikle akşam yemeklerindeki zengin ızgara çeşitleri ve taze balıklar tam anlamıyla bir lezzet şöleniydi.Ayrıca çocuklar için sunulan imkanlar ve aktiviteler gerçekten 10 numara! Çocuklu ailelerin kesinlikle gözü kapalı tercih edebileceği bir yer. Hem biz çok dinlendik hem de çocuklarımız harika vakit geçirdi. Emeği geçen tüm otel çalışanlarına çok teşekkür ederiz","La Blanche Resort & guzel bir tatil Otelin genel temizliği, ortak alanların hijyeni ve odamızın günlük temizliği her gün kusursuz bir şekilde yapıldı; her yer her an tertemiz ve mis kokuluydu.Bütün personel inanılmaz derecede sıcak, samimi ve A'dan Z'ye hepsi çok çalışkan. Her an her ihtiyacımıza güler yüzle koştular ve bizi çok özel hissettirdiler.Otelin her noktasından ayrı bir güzel görünen manzarası, havuzları ve muhteşem denizi tek kelimeyle harikaydı. Restoran kalitesi ve yemek çeşitliliği ise bizi hayran bıraktı. Özellikle akşam yemeklerindeki zengin ızgara çeşitleri ve taze balıklar tam anlamıyla bir lezzet şöleniydi.Ayrıca çocuklar için sunulan imkanlar ve aktiviteler gerçekten 10 numara! Çocuklu ailelerin kesinlikle gözü kapalı tercih edebileceği bir yer. Hem biz çok dinlendik hem de çocuklarımız harika vakit geçirdi. Emeği geçen tüm otel çalışanlarına çok teşekkür ederiz",894,127,False,Google,CgsI1OfCgty8pvylARAB,2026-08-25T12:31:34+00:00,OK
gm_69c8dd127ece44dc,BOD160,La Blanche Resort Bodrum,Turgutreis,5,HIGH,Google üzerinde 4 hafta önce,2026-07-28,2026,7,2026-07,True,False,Otele girdiğimiz gibi oda değişimi talebimizi hiç oyalamadan anında gerçekleştirdiler. 2 çocukla aile odasında çok rahat ve konforlu bir konaklama gerçekleştirdik. Otelin hemen her bölgesinde bulunan barlar sayesinde kısa sürelerde içecek ve yiyeceklere erişebildik. Snack bar mükemmeldi. 1 gece free olarak faydalandığımız alakart restoranda hizmet çok iyiydi. Genel olarak açık büfeler ( öğlen giç gitmedik ) zengin ve lezzetliydi. Çalışanların ilgili ve güler yüzlü yaklaşımlarıyla bir otel tatilinden alınabilecek maksimum keyifle ayrıldık. Turgutreis marinaya yürüme yoluna çok yakın konumuyla akşamları otelden çıkmamıza rağmen otelden uzaklaşmadan keyifli yürüyüşler yaptık. Bölgenin denizi çok keyifli değil ama otelin dalga kıranları sayesinde göl gibi bir deniz alanı oluşturulmuş. Çocuklar için aqua bölümü yeterliydi ancak max. 12-13 yaşa hitap eder.,Otele girdiğimiz gibi oda değişimi talebimizi hiç oyalamadan anında gerçekleştirdiler. 2 çocukla aile odasında çok rahat ve konforlu bir konaklama gerçekleştirdik. Otelin hemen her bölgesinde bulunan barlar sayesinde kısa sürelerde içecek ve yiyeceklere erişebildik. Snack bar mükemmeldi. 1 gece free olarak faydalandığımız alakart restoranda hizmet çok iyiydi. Genel olarak açık büfeler ( öğlen giç gitmedik ) zengin ve lezzetliydi. Çalışanların ilgili ve güler yüzlü yaklaşımlarıyla bir otel tatilinden alınabilecek maksimum keyifle ayrıldık. Turgutreis marinaya yürüme yoluna çok yakın konumuyla akşamları otelden çıkmamıza rağmen otelden uzaklaşmadan keyifli yürüyüşler yaptık. Bölgenin denizi çok keyifli değil ama otelin dalga kıranları sayesinde göl gibi bir deniz alanı oluşturulmuş. Çocuklar için aqua bölümü yeterliydi ancak max. 12-13 yaşa hitap eder.,862,115,False,Google,CgsI1OfCgty8pvylARAB,2026-08-25T12:31:34+00:00,OK
gm_d44d5a807599e091,BOD160,La Blanche Resort Bodrum,Turgutreis,4,HIGH,Tripadvisor üzerinde 3 hafta önce,2026-08-04,2026,8,2026-08,True,False,"Bu otele 2025 yılında da konaklamış ve oldukça memnun ayrılmış biri olarak, bu yıl maalesef aynı kaliteyi bulamadık. …","Bu otele 2025 yılında da konaklamış ve oldukça memnun ayrılmış biri olarak, bu yıl maalesef aynı kaliteyi bulamadık. ...",120,19,False,Tripadvisor,CgsI1OfCgty8pvylARAB,2026-08-25T12:31:34+00:00,OK
gm_06e149bedd27e71a,BOD160,La Blanche Resort Bodrum,Turgutreis,1,LOW,Google üzerinde 2 ay önce,2026-06-26,2026,6,2026-06,True,False,"Otelde 5 gün konakladık, balayımızda tercih ettiğimiz 2. Otelimizdi. İlk otelimizden ayrılıp burada devam ettiğimiz için çok pişman olduk.
Odalar milattan öncesinden kalma, aşırı eski pansiyon gibi hissettiriyor.
Her akşam klimamız bozuldu ve en az 3 gün su sorunu yaşadık banyomuzdan su taşıyor ve odayı basıyor.
Odaya kahvaltı istedik istediğimiz saat aralığını söyledik +-40 dakika da süre verdik yine de gelemedi.
Otelde hizmet kalitesi yerlerde çok misafir var ama personel sayısı az. Personeller kesinlikle iyi niyetli ve yetişmeye çalışıyor fakat ellerinden birşey gelmediği sayılarının yetersiz olduğu çok net gözüküyor.
Havuz şezlonglarına saat sabah 6da havlu atmaya başlıyorlar sabah uyandığınızda yer bulamıyorsunuz veya çok uzak şezlonglara mecbur kalıyorsunuz. Otelin buna izin verniyor olması gerekiyor fakat müdahale etmiyorlar.
En kötüsü otel misafirlerine misafir oldukları belli olsun diye en azından bi bileklik birşey veriyor olmaları gerekiyor fakat vermiyorlar. Otelde gece eğlencelerine dışardan tas kafa tipler gizlice katılıyor. Birden fazla kez bu tipleri güvenliğin ayıklamaya çalıştığına şahit olduk.
Bizim balayımız için oldukça kötü bir deneyimdi tavsiye etmiyoruz tekrar da tercih etmeyiz.
Oda çarşafları da 3 günde 1 temizleniyor yeni takılan çarşafta da leke vardı.","Otelde 5 gün konakladık, balayımızda tercih ettiğimiz 2. Otelimizdi. İlk otelimizden ayrılıp burada devam ettiğimiz için çok pişman olduk. Odalar milattan öncesinden kalma, aşırı eski pansiyon gibi hissettiriyor. Her akşam klimamız bozuldu ve en az 3 gün su sorunu yaşadık banyomuzdan su taşıyor ve odayı basıyor. Odaya kahvaltı istedik istediğimiz saat aralığını söyledik +-40 dakika da süre verdik yine de gelemedi. Otelde hizmet kalitesi yerlerde çok misafir var ama personel sayısı az. Personeller kesinlikle iyi niyetli ve yetişmeye çalışıyor fakat ellerinden birşey gelmediği sayılarının yetersiz olduğu çok net gözüküyor. Havuz şezlonglarına saat sabah 6da havlu atmaya başlıyorlar sabah uyandığınızda yer bulamıyorsunuz veya çok uzak şezlonglara mecbur kalıyorsunuz. Otelin buna izin verniyor olması gerekiyor fakat müdahale etmiyorlar. En kötüsü otel misafirlerine misafir oldukları belli olsun diye en azından bi bileklik birşey veriyor olmaları gerekiyor fakat vermiyorlar. Otelde gece eğlencelerine dışardan tas kafa tipler gizlice katılıyor. Birden fazla kez bu tipleri güvenliğin ayıklamaya çalıştığına şahit olduk. Bizim balayımız için oldukça kötü bir deneyimdi tavsiye etmiyoruz tekrar da tercih etmeyiz. Oda çarşafları da 3 günde 1 temizleniyor yeni takılan çarşafta da leke vardı.",1299,180,False,Google,CgsI1OfCgty8pvylARAB,2026-08-25T12:31:35+00:00,OK
gm_186c32acdcc05442,BOD160,La Blanche Resort Bodrum,Turgutreis,5,HIGH,Google üzerinde 2 ay önce,2026-06-26,2026,6,2026-06,True,False,"Bu otelde ilk defa konaklama şansı bulduk ve genel olarak aldığımız hizmetten gerçekten çok memnun kaldık. Ödediğimiz ücretin karşılığını tam anlamıyla veren, huzurlu ve eğlenceli bir tatil deneyimi oldu. Yorumlarımı birkaç ana başlıkta detaylandırmak isterim:
Yemekler: Genel olarak gayet başarılı ve lezzetliydi. Çeşitlilik ve sunum gayet yeterliydi.
Temizlik ve Düzen: Otelin genel temizlik standartları gayet iyiydi. Hem odamız hem de ortak kullanım alanları (havuz çevresi, restoranlar) düzenli olarak temizlendi ve hijyen konusunda içimiz rahat etti.
Animasyon ve Eğlence: Tatilimizin en dinamik ve keyifli kısmı kesinlikle animasyon ekibiydi! Gece ve gündüz düzenlenen aktivitelerin tamamı gayet iyi organize edilmişti ve hiç sıkılmadık.
Özel Teşekkür: Animasyon ekibinden Erkan’a ise parantez açmak gerekiyor. Kendisinin muazzam enerjisi, güler yüzü ve konuklarla olan samimi iletişimi tatilimize bambaşka bir neşe kattı. Kendisine ve tüm ekibe misafirperverlikleri için çok teşekkür ederiz.
Özetle; her şeyiyle çok memnun kaldığımız, verdiğimiz paraya değen bir tatil oldu. Gelecek yıllarda tekrar tercih edebileceğimiz oteller listesine şimdiden üst sıralardan giriş yaptı. Herkese gönül rahatlığıyla tavsiye ederim!","Bu otelde ilk defa konaklama şansı bulduk ve genel olarak aldığımız hizmetten gerçekten çok memnun kaldık. Ödediğimiz ücretin karşılığını tam anlamıyla veren, huzurlu ve eğlenceli bir tatil deneyimi oldu. Yorumlarımı birkaç ana başlıkta detaylandırmak isterim: Yemekler: Genel olarak gayet başarılı ve lezzetliydi. Çeşitlilik ve sunum gayet yeterliydi. Temizlik ve Düzen: Otelin genel temizlik standartları gayet iyiydi. Hem odamız hem de ortak kullanım alanları (havuz çevresi, restoranlar) düzenli olarak temizlendi ve hijyen konusunda içimiz rahat etti. Animasyon ve Eğlence: Tatilimizin en dinamik ve keyifli kısmı kesinlikle animasyon ekibiydi! Gece ve gündüz düzenlenen aktivitelerin tamamı gayet iyi organize edilmişti ve hiç sıkılmadık. Özel Teşekkür: Animasyon ekibinden Erkan’a ise parantez açmak gerekiyor. Kendisinin muazzam enerjisi, güler yüzü ve konuklarla olan samimi iletişimi tatilimize bambaşka bir neşe kattı. Kendisine ve tüm ekibe misafirperverlikleri için çok teşekkür ederiz. Özetle; her şeyiyle çok memnun kaldığımız, verdiğimiz paraya değen bir tatil oldu. Gelecek yıllarda tekrar tercih edebileceğimiz oteller listesine şimdiden üst sıralardan giriş yaptı. Herkese gönül rahatlığıyla tavsiye ederim!",1226,162,False,Google,CgsI1OfCgty8pvylARAB,2026-08-25T12:31:35+00:00,OK
gm_ee4ceb041169d370,BOD160,La Blanche Resort Bodrum,Turgutreis,5,HIGH,Google üzerinde bir ay önce,2026-07-26,2026,7,2026-07,True,False,"Bir hafta boyunca bu otelde konakladım ve genel olarak oldukça memnun ayrıldım. Fiyatına göre sunduğu hizmet gerçekten beklentilerimin üzerindeydi. Otelin temizliği, düzeni ve genel atmosferi oldukça başarılıydı. Yemekler lezzetli ve çeşitliydi, personel ise her zaman güler yüzlü, ilgili ve yardımseverdi.
Animasyon ekibi tatilimize ayrı bir renk kattı. Gün boyunca düzenlenen etkinlikler ve akşam gösterileri hem eğlenceli hem de keyifliydi. Misafirlerle yakından ilgilenmeleri ve enerjileri sayesinde tatilimiz çok daha güzel geçti.
Özellikle animatör Erkan'a emekleri, ilgisi ve samimiyeti için ayrıca teşekkür etmek istiyorum. Kendisi sayesinde çok güzel anılar biriktirdik.
Kısacası, bu otel fiyat-performans açısından kesinlikle tavsiye edebileceğim bir yer. Güzel hizmet anlayışı, sıcak ortamı ve profesyonel çalışanları sayesinde unutulmaz bir tatil geçirdim. Tekrar tatil planladığımda gönül rahatlığıyla tercih edeceğim bir otel. Emeği geçen tüm otel çalışanlarına teşekkür ediyor, başarılarının devamını diliyorum.","Bir hafta boyunca bu otelde konakladım ve genel olarak oldukça memnun ayrıldım. Fiyatına göre sunduğu hizmet gerçekten beklentilerimin üzerindeydi. Otelin temizliği, düzeni ve genel atmosferi oldukça başarılıydı. Yemekler lezzetli ve çeşitliydi, personel ise her zaman güler yüzlü, ilgili ve yardımseverdi. Animasyon ekibi tatilimize ayrı bir renk kattı. Gün boyunca düzenlenen etkinlikler ve akşam gösterileri hem eğlenceli hem de keyifliydi. Misafirlerle yakından ilgilenmeleri ve enerjileri sayesinde tatilimiz çok daha güzel geçti. Özellikle animatör Erkan'a emekleri, ilgisi ve samimiyeti için ayrıca teşekkür etmek istiyorum. Kendisi sayesinde çok güzel anılar biriktirdik. Kısacası, bu otel fiyat-performans açısından kesinlikle tavsiye edebileceğim bir yer. Güzel hizmet anlayışı, sıcak ortamı ve profesyonel çalışanları sayesinde unutulmaz bir tatil geçirdim. Tekrar tatil planladığımda gönül rahatlığıyla tercih edeceğim bir otel. Emeği geçen tüm otel çalışanlarına teşekkür ediyor, başarılarının devamını diliyorum.",1026,130,False,Google,CgsI1OfCgty8pvylARAB,2026-08-25T12:31:35+00:00,OK
gm_fb6f7fdf04f5c121,BOD160,La Blanche Resort Bodrum,Turgutreis,5,HIGH,Google üzerinde bir ay önce,2026-07-26,2026,7,2026-07,True,False,"Konum olarak Turgutreis'in en güzel ucunda yer alıyor. Manzarası harika.
Denizi çok güzel. Deniz kenarındaki şezlonglar yeterli. Havuzu büyük ve yine şezlonglar yeterli.
Restorandan yemek çeşidi oldukça fazla. İster kırmızı et, ister tavuk eti, ister hindi eti, ister balık olsun farklı seçenekler sunuyorlar. Bir gün daha kaburga varsa ertesi gün biftek ile devam ediyorlar. Farklı ızgara seçenekleri sunuluyor. Meze çeşitleri ve tatlı çeşitleri öncelikle gözünüzü doyuruyor ve genel olarak lezzetliler.
Restoran kısmında şu am en yoğun döneminde olmamıza karşın rahatlıkla yer bulabiliyorsunuz.
Odalar temiz, her gün temizliğine özen gösteriyorlar. Tek eksik yanı televizyon konumu ve özelliği. Kanal çeşidi sınırlı ve biraz küçük denebilir. Konum olarak da odamızdaki çok iyi diyemem.
Akşam etkinlikleri güzel.
Barları sürekli aktif ve içecekleri gayet iyi. Kullandıkları içkiler güzel.
Çalışanlar güler yüzlü ve çözüm odaklı. Hiçbir istediğinizi heri çevirmiyorlar.
Otopark bu büyük otel için yetersiz.
Çocuklar için keyifli ancak kaydıraklı havuz bu otel için vasat. Bir beklentiniz olmasın. Yine de bu bölgede gidilebilecek en iyi otel.","Konum olarak Turgutreis'in en güzel ucunda yer alıyor. Manzarası harika. Denizi çok güzel. Deniz kenarındaki şezlonglar yeterli. Havuzu büyük ve yine şezlonglar yeterli. Restorandan yemek çeşidi oldukça fazla. İster kırmızı et, ister tavuk eti, ister hindi eti, ister balık olsun farklı seçenekler sunuyorlar. Bir gün daha kaburga varsa ertesi gün biftek ile devam ediyorlar. Farklı ızgara seçenekleri sunuluyor. Meze çeşitleri ve tatlı çeşitleri öncelikle gözünüzü doyuruyor ve genel olarak lezzetliler. Restoran kısmında şu am en yoğun döneminde olmamıza karşın rahatlıkla yer bulabiliyorsunuz. Odalar temiz, her gün temizliğine özen gösteriyorlar. Tek eksik yanı televizyon konumu ve özelliği. Kanal çeşidi sınırlı ve biraz küçük denebilir. Konum olarak da odamızdaki çok iyi diyemem. Akşam etkinlikleri güzel. Barları sürekli aktif ve içecekleri gayet iyi. Kullandıkları içkiler güzel. Çalışanlar güler yüzlü ve çözüm odaklı. Hiçbir istediğinizi heri çevirmiyorlar. Otopark bu büyük otel için yetersiz. Çocuklar için keyifli ancak kaydıraklı havuz bu otel için vasat. Bir beklentiniz olmasın. Yine de bu bölgede gidilebilecek en iyi otel.",1142,160,False,Google,CgsI1OfCgty8pvylARAB,2026-08-25T12:31:35+00:00,OK
gm_97b78173e069c32e,BOD160,La Blanche Resort Bodrum,Turgutreis,5,HIGH,Google üzerinde bir ay önce,2026-07-26,2026,7,2026-07,True,False,"Ailemle birlikte 5 gün aile odasında kaldım. Otel genel olarak net söyleyebilirim ki; üst düzey sayılabilecek kategoride.
Özellikle yeme içme konusunda 10 üzerinden 10 luk. Animasyon, aktiviteler ilgi alaka çok çok iyi. Akşamları keyifli vakit geçirilecek kaliteli organizasyonlar mevcut. Oda temizliği gayet yeterli fakat odalar artık biraz eskimiş yenilenme gerekir. Eksi olarak gördüğüm 2 unsur; 1. otel bir dalgakıran içinde yer aldığından deniz tabanı biraz kum gibi değilde balçık gibi, fakat su temiz. 2. olarak gölge alanın yetersiz kalması. Her otelde olduğu gibi bu oteldede insanların şezlong ve şemsiye kapma arsızlığından dolayı, sıkıntı yaşanıyor. Gölge yer bulamayıp sırtımın ciddi yandığını otel yönetimine ilettim. Genel olarak parasını sonuna kadar hakeden bir otel. Teşekkür ediyorum.","Ailemle birlikte 5 gün aile odasında kaldım. Otel genel olarak net söyleyebilirim ki; üst düzey sayılabilecek kategoride. Özellikle yeme içme konusunda 10 üzerinden 10 luk. Animasyon, aktiviteler ilgi alaka çok çok iyi. Akşamları keyifli vakit geçirilecek kaliteli organizasyonlar mevcut. Oda temizliği gayet yeterli fakat odalar artık biraz eskimiş yenilenme gerekir. Eksi olarak gördüğüm 2 unsur; 1. otel bir dalgakıran içinde yer aldığından deniz tabanı biraz kum gibi değilde balçık gibi, fakat su temiz. 2. olarak gölge alanın yetersiz kalması. Her otelde olduğu gibi bu oteldede insanların şezlong ve şemsiye kapma arsızlığından dolayı, sıkıntı yaşanıyor. Gölge yer bulamayıp sırtımın ciddi yandığını otel yönetimine ilettim. Genel olarak parasını sonuna kadar hakeden bir otel. Teşekkür ediyorum.",803,113,False,Google,CgsI1OfCgty8pvylARAB,2026-08-25T12:31:35+00:00,OK
gm_20ba9effccb097f4,BOD160,La Blanche Resort Bodrum,Turgutreis,1,LOW,Google üzerinde bir ay önce,2026-07-26,2026,7,2026-07,True,False,"Otelde 3 gün konakladım bir an önce çıkmak istedim. Odalar her gün temizleniyor görünüyor sağolsun toplayıp çöp bosaltıyolar ama 2 küçük çocukla gittiğimiz için elimizde olmadan çarşaflar kirlendi onları değiştirmediler aynen örtmüşler üstüne pikeyi. Odada girişte saç ve yaprak yumağı vardı cıkısta da vardı, tuvalet banyoda benzer şekilde üstelik küf de vardı malesef banyoda. Calısanlar belki yetersiz o yüzden ama 10 aylık çocuk kucağımda her yemeği her içeceği kalkıp kendim aldım(snack bar hariç) . Hatta sırada gördüler ama kimse biz getirelim vs demedi. Ortak wcler de temiz değildi malesef. Havuz içi temizdi. Yemekler lezzet ve çeşitleri orta halli. 2 defa asansörde kaldım ve ilk gün resepsiyon a söyledim ama pek sallayan olmadı sanırım 3 gün boyunca asansör zili arızadan dolayı caldı zira son gün tekrar kaldım. Bavulları alt kata merdivenle taşıdık. Asansöre binerken de personelden oncelik veren vs yok bebek arabasıyla bekliyoruz öyle. Çocuklar için ayrı yiyecekler yok. Çocuk tuvaleti bakım odası da yok. 3 yaş oğlum bir defa kids cluba gitmek istedi yüz boyama için 15-20dakika vardı 17.00 a sağolsunlar biri sallamadı hiç , 3. Sorusumda diğerbiri kapatıyoruz dedi. Etkinliklerde de bir düzen yok arkadas sup board kullanmak istedi etkinlik saati dısı diye kullandırtmadılar ertesi gün diğer misafirler kafasına göre takılıyordu. La blanche İsland, the plaza ve hapimagda da kalmıs biri olarak Bodrum'da tek sevmediğim otel bu. Bu arada girişteki kız da calısma arkadaşlarına nedense kaba davranıyor😒. Kahveler asırı acı (Türk kahvesi ve americano denedik), bira olarak sadece efes fıcı bira var minibarda da alkol yok, çay bardağı bulmak da oldukça zor hatta zaman zaman cay bulmak da zor, snack bar çeşitlerine pizza taco vs eklenebilir. Çocuk havuzu ve kaydırak kısmında cankurtaran yoktur diye yazı asılmıs ama özellikle oralarda cankurtaran olmalı. Oda manzarası ,buyuk havuzu, kıymalı pidesi, barmen orhan, kedileri seven Süpürge yapan adam ve havlu kısmındaki personel iyiydi 😊","Otelde 3 gün konakladım bir an önce çıkmak istedim. Odalar her gün temizleniyor görünüyor sağolsun toplayıp çöp bosaltıyolar ama 2 küçük çocukla gittiğimiz için elimizde olmadan çarşaflar kirlendi onları değiştirmediler aynen örtmüşler üstüne pikeyi. Odada girişte saç ve yaprak yumağı vardı cıkısta da vardı, tuvalet banyoda benzer şekilde üstelik küf de vardı malesef banyoda. Calısanlar belki yetersiz o yüzden ama 10 aylık çocuk kucağımda her yemeği her içeceği kalkıp kendim aldım(snack bar hariç) . Hatta sırada gördüler ama kimse biz getirelim vs demedi. Ortak wcler de temiz değildi malesef. Havuz içi temizdi. Yemekler lezzet ve çeşitleri orta halli. 2 defa asansörde kaldım ve ilk gün resepsiyon a söyledim ama pek sallayan olmadı sanırım 3 gün boyunca asansör zili arızadan dolayı caldı zira son gün tekrar kaldım. Bavulları alt kata merdivenle taşıdık. Asansöre binerken de personelden oncelik veren vs yok bebek arabasıyla bekliyoruz öyle. Çocuklar için ayrı yiyecekler yok. Çocuk tuvaleti bakım odası da yok. 3 yaş oğlum bir defa kids cluba gitmek istedi yüz boyama için 15-20dakika vardı 17.00 a sağolsunlar biri sallamadı hiç , 3. Sorusumda diğerbiri kapatıyoruz dedi. Etkinliklerde de bir düzen yok arkadas sup board kullanmak istedi etkinlik saati dısı diye kullandırtmadılar ertesi gün diğer misafirler kafasına göre takılıyordu. La blanche İsland, the plaza ve hapimagda da kalmıs biri olarak Bodrum'da tek sevmediğim otel bu. Bu arada girişteki kız da calısma arkadaşlarına nedense kaba davranıyor😒. Kahveler asırı acı (Türk kahvesi ve americano denedik), bira olarak sadece efes fıcı bira var minibarda da alkol yok, çay bardağı bulmak da oldukça zor hatta zaman zaman cay bulmak da zor, snack bar çeşitlerine pizza taco vs eklenebilir. Çocuk havuzu ve kaydırak kısmında cankurtaran yoktur diye yazı asılmıs ama özellikle oralarda cankurtaran olmalı. Oda manzarası ,buyuk havuzu, kıymalı pidesi, barmen orhan, kedileri seven Süpürge yapan adam ve havlu kısmındaki personel iyiydi 😊",2003,301,False,Google,CgsI1OfCgty8pvylARAB,2026-08-25T12:31:36+00:00,OK
gm_89912ae76edc75ae,BOD160,La Blanche Resort Bodrum,Turgutreis,4,HIGH,Google üzerinde 4 hafta önce,2026-07-28,2026,7,2026-07,True,False,"Bu otele 2025 yılında da konaklamış ve oldukça memnun ayrılmış biri olarak, bu yıl maalesef aynı kaliteyi bulamadık. Geçen yıl bizi tekrar gelmeye teşvik eden hizmet anlayışının yerini, birçok konuda belirgin bir kalite düşüşü almıştı.
Otele giriş yaptığımızda bizi karşılayan kimse olmadı. 4 kişilik rezervasyonumuz bulunmasına rağmen ilk etapta yalnızca 3 kişinin rahat edebileceği büyüklükte bir oda verildi. Odanın uygun olmadığını belirterek itiraz ettiğimizde, bir görevlinin bize ""Siz bu odayı seçmişsinizdir."" şeklinde yaklaşması profesyonellikten oldukça uzaktı ve misafir memnuniyeti anlayışıyla bağdaşmıyordu. İtirazlarımız sonrasında odamız değiştirildi.
Oda değişikliği sırasında eşyalarımızın eski odadan yeni odaya otel personeli tarafından taşınacağı, bizim de bu sırada tatilimize başlayabileceğimiz söylendi. Ancak yeni odamıza geldiğimizde büyük bir hayal kırıklığı yaşadık. Tüm eşyalarımız hiçbir güvenlik önlemi alınmadan oda kapısının önündeki koridora bırakılmıştı. Kişisel eşyaların herkesin erişimine açık bir alanda bu şekilde bırakılması kabul edilebilir değildi ve otele duyduğumuz güveni ciddi şekilde zedeledi.
2025 yılındaki konaklamamızla kıyasladığımızda yerli çalışan sayısının belirgin şekilde azaldığını gördük. Yabancı çalışanlarla iletişim kurmakta ciddi zorluk yaşadık. Basit bir çatal-bıçak talebini bile anlatmakta güçlük çektik. Havlu istememize rağmen odamıza yastık gönderilmesi, yaşanan iletişim problemlerinin en somut örneklerinden biriydi.
Yemek kalitesinde ve çeşitliliğinde de gözle görülür bir gerileme vardı. Özellikle balık ürünlerinin kalitesi beklentimizin oldukça altındaydı. Geçen yıl sunulan orijinal ambalajlı içeceklerin yerine bu yıl neredeyse tamamen dökme içeceklere geçilmiş olması da kalite algısını olumsuz etkileyen önemli bir değişiklikti.
Gün içerisinde neredeyse hiç animasyon veya aktivite olmaması dikkat çekiciydi. Bunun yanında geçen yıl her noktada güler yüzle karşılaştığımız otelde bu yıl aynı sıcaklığı hissedemedik. Sadece Gardenya restoranının girişinde misafirleri karşılayan görevlinin samimi ve güler yüzlü yaklaşımı bu konuda olumlu bir istisnaydı.
Olumsuzluklara rağmen müşteri ilişkileri sorumlusu Annie Hanım ve ekibinin yaklaşımını ayrıca belirtmek isterim. Yaşadığımız sorunların çözümü için gerçekten büyük çaba gösterdiler ve her zaman çözüm odaklı davrandılar. Kendilerine misafir memnuniyetine verdikleri önem için teşekkür ediyoruz. Ayrıca tatlı çeşitleri ve lezzeti de otelin güçlü yönlerinden biri olmaya devam ediyor.
Sonuç olarak, 2025 yılında büyük memnuniyetle ayrıldığımız Blanche Resort'ta bu yıl aynı hizmet standardını maalesef göremedik. Bizi en çok üzen konu fiziksel eksikliklerden ziyade hizmet kalitesindeki ve misafir deneyimindeki belirgin gerileme oldu. Bu otelin çok daha iyi hizmet verebilecek potansiyele sahip olduğuna inanıyor; yönetimin personel eğitimi, iletişim, misafir karşılama süreçleri, yiyecek-içecek kalitesi ve genel hizmet standardı konusunda gerekli iyileştirmeleri en kısa sürede hayata geçirmesini temenni ediyoruz.","Bu otele 2025 yılında da konaklamış ve oldukça memnun ayrılmış biri olarak, bu yıl maalesef aynı kaliteyi bulamadık. Geçen yıl bizi tekrar gelmeye teşvik eden hizmet anlayışının yerini, birçok konuda belirgin bir kalite düşüşü almıştı. Otele giriş yaptığımızda bizi karşılayan kimse olmadı. 4 kişilik rezervasyonumuz bulunmasına rağmen ilk etapta yalnızca 3 kişinin rahat edebileceği büyüklükte bir oda verildi. Odanın uygun olmadığını belirterek itiraz ettiğimizde, bir görevlinin bize ""Siz bu odayı seçmişsinizdir."" şeklinde yaklaşması profesyonellikten oldukça uzaktı ve misafir memnuniyeti anlayışıyla bağdaşmıyordu. İtirazlarımız sonrasında odamız değiştirildi. Oda değişikliği sırasında eşyalarımızın eski odadan yeni odaya otel personeli tarafından taşınacağı, bizim de bu sırada tatilimize başlayabileceğimiz söylendi. Ancak yeni odamıza geldiğimizde büyük bir hayal kırıklığı yaşadık. Tüm eşyalarımız hiçbir güvenlik önlemi alınmadan oda kapısının önündeki koridora bırakılmıştı. Kişisel eşyaların herkesin erişimine açık bir alanda bu şekilde bırakılması kabul edilebilir değildi ve otele duyduğumuz güveni ciddi şekilde zedeledi. 2025 yılındaki konaklamamızla kıyasladığımızda yerli çalışan sayısının belirgin şekilde azaldığını gördük. Yabancı çalışanlarla iletişim kurmakta ciddi zorluk yaşadık. Basit bir çatal-bıçak talebini bile anlatmakta güçlük çektik. Havlu istememize rağmen odamıza yastık gönderilmesi, yaşanan iletişim problemlerinin en somut örneklerinden biriydi. Yemek kalitesinde ve çeşitliliğinde de gözle görülür bir gerileme vardı. Özellikle balık ürünlerinin kalitesi beklentimizin oldukça altındaydı. Geçen yıl sunulan orijinal ambalajlı içeceklerin yerine bu yıl neredeyse tamamen dökme içeceklere geçilmiş olması da kalite algısını olumsuz etkileyen önemli bir değişiklikti. Gün içerisinde neredeyse hiç animasyon veya aktivite olmaması dikkat çekiciydi. Bunun yanında geçen yıl her noktada güler yüzle karşılaştığımız otelde bu yıl aynı sıcaklığı hissedemedik. Sadece Gardenya restoranının girişinde misafirleri karşılayan görevlinin samimi ve güler yüzlü yaklaşımı bu konuda olumlu bir istisnaydı. Olumsuzluklara rağmen müşteri ilişkileri sorumlusu Annie Hanım ve ekibinin yaklaşımını ayrıca belirtmek isterim. Yaşadığımız sorunların çözümü için gerçekten büyük çaba gösterdiler ve her zaman çözüm odaklı davrandılar. Kendilerine misafir memnuniyetine verdikleri önem için teşekkür ediyoruz. Ayrıca tatlı çeşitleri ve lezzeti de otelin güçlü yönlerinden biri olmaya devam ediyor. Sonuç olarak, 2025 yılında büyük memnuniyetle ayrıldığımız Blanche Resort'ta bu yıl aynı hizmet standardını maalesef göremedik. Bizi en çok üzen konu fiziksel eksikliklerden ziyade hizmet kalitesindeki ve misafir deneyimindeki belirgin gerileme oldu. Bu otelin çok daha iyi hizmet verebilecek potansiyele sahip olduğuna inanıyor; yönetimin personel eğitimi, iletişim, misafir karşılama süreçleri, yiyecek-içecek kalitesi ve genel hizmet standardı konusunda gerekli iyileştirmeleri en kısa sürede hayata geçirmesini temenni ediyoruz.",3047,379,False,Google,CgsI1OfCgty8pvylARAB,2026-08-25T12:31:36+00:00,OK
gm_52e4ef8974ee3d3c,BOD160,La Blanche Resort Bodrum,Turgutreis,4,HIGH,Google üzerinde bir ay önce,2026-07-26,2026,7,2026-07,True,False,"Öncelikle bebeği 6 ay ile 1 yaş arasında olanlar için oteli ek gıda yönünden önermiyorum. Haziran ayının son haftasında gittik. Bebeğimiz 9 aylık. Bebeğime yedirecek yemek bulamadım. Bebek menüsü var diye gelmiştik. Ancak kaldırılmış. Konuştuk. Bazı günler meyveli kavanoz mama verdiler. Bazen sadece meyve verdiler. Bazen de meyveli yoğurt. Bildiğiniz sadece meyve var. Bazı günler meyveli mama da yoktu. Diyet menüsünden yedireyim dedim. 3 çeşit çıkıyor. Sürekli tavuk var. Diğer 2 si değişiyor. Ve gerçekten kötü. Tavuk deseniz kayış gibi. Bebeğim aç kalıyor ona göre çorbalı mama getirin en azından dedik yok gelmedi. Kendimiz dışardan gidip almak zorunda kaldık.
Yemeklerine gelecek olursak yemeklerin lezzeti yok. Balık ve et yemekleri güzel ama tavuk ve köfte gerçekten kötü. Snack restoranın yemekleri güzeldi.
Park yatak talebimiz oldu. Getirdiler. Oda yönünden taleplerimiz hızlı bir şekilde çözümlendi. Ayrıca havuz manzaralı oda almıştık. Bize deniz manzaralı oda verildi. Teşekkür ederiz.
Denizi kesinlikle harika! Bayıldık. Kum oluşu gerçekten çok güzel.
Resepsiyon çok ilgiliydi çok teşekkür ederiz. Oda temizliği konusunda kat şefi olan hanım efendi kendisine doğrudan teşekkürümü iletmiştim. Ama burdan da iletmek isterim. Gerçekten çok ilgiliydi. Oda temizliği için not bırakmıştık. Ancak temizleyen kişi yabancı olduğu için notu okuyamamış ve sorumlusuna haber vermiş. Ve sorumlu ile birlikte oda temizliği yapılmıştı. Ve gerçekten çok güzel yapılmıştı teşekkür ederiz.
Sonuç olarak bebeğiniz 6 ay -1 yaş arasında değilse tavsiye ederiz 🥰",Öncelikle bebeği 6 ay ile 1 yaş arasında olanlar için oteli ek gıda yönünden önermiyorum. Haziran ayının son haftasında gittik. Bebeğimiz 9 aylık. Bebeğime yedirecek yemek bulamadım. Bebek menüsü var diye gelmiştik. Ancak kaldırılmış. Konuştuk. Bazı günler meyveli kavanoz mama verdiler. Bazen sadece meyve verdiler. Bazen de meyveli yoğurt. Bildiğiniz sadece meyve var. Bazı günler meyveli mama da yoktu. Diyet menüsünden yedireyim dedim. 3 çeşit çıkıyor. Sürekli tavuk var. Diğer 2 si değişiyor. Ve gerçekten kötü. Tavuk deseniz kayış gibi. Bebeğim aç kalıyor ona göre çorbalı mama getirin en azından dedik yok gelmedi. Kendimiz dışardan gidip almak zorunda kaldık. Yemeklerine gelecek olursak yemeklerin lezzeti yok. Balık ve et yemekleri güzel ama tavuk ve köfte gerçekten kötü. Snack restoranın yemekleri güzeldi. Park yatak talebimiz oldu. Getirdiler. Oda yönünden taleplerimiz hızlı bir şekilde çözümlendi. Ayrıca havuz manzaralı oda almıştık. Bize deniz manzaralı oda verildi. Teşekkür ederiz. Denizi kesinlikle harika! Bayıldık. Kum oluşu gerçekten çok güzel. Resepsiyon çok ilgiliydi çok teşekkür ederiz. Oda temizliği konusunda kat şefi olan hanım efendi kendisine doğrudan teşekkürümü iletmiştim. Ama burdan da iletmek isterim. Gerçekten çok ilgiliydi. Oda temizliği için not bırakmıştık. Ancak temizleyen kişi yabancı olduğu için notu okuyamamış ve sorumlusuna haber vermiş. Ve sorumlu ile birlikte oda temizliği yapılmıştı. Ve gerçekten çok güzel yapılmıştı teşekkür ederiz. Sonuç olarak bebeğiniz 6 ay -1 yaş arasında değilse tavsiye ederiz 🥰,1557,222,False,Google,CgsI1OfCgty8pvylARAB,2026-08-25T12:36:38+00:00,OK
gm_cf658e56c51fcaaf,BOD160,La Blanche Resort Bodrum,Turgutreis,5,HIGH,Google üzerinde 4 hafta önce düzenlendi,2026-07-28,2026,7,2026-07,True,True,"1 haftalığına bu otelde konakladık sıkıntı zaman geçirdik ama animasyonda çalışan erkan bey sayesınde keyifli zaman geçirdik ona özel teşekkürlerimi iletiyorum. Gelecek olan arkadaşlar kesinlikle erkanı bulmasını tavsiye ediyorum.
Otel konaklamamızda personel ilgi ve alakası bizi çok mutlu etti sıcak karşılamaları tavır ve yaklaşımları mutlu edici oldu özellikle belirli alanlardaki belirli personellerinizin iletişimi güzeldi. beach bar *Lütfiye* hanımın güler yüzü sabrı ve yaklaşımı bizleri mutlu etti kendisine buradan sizlerin aracılığı ile tekrar teşekkür ederiz 🥰
Canlı performans Murat Güvendiksoy çok keyifli idi çok eğlendik. aynı performansı bir sonraki Dilara hanım için söyleyemeyeceğiz😔
Teşekkürler🙏",1 haftalığına bu otelde konakladık sıkıntı zaman geçirdik ama animasyonda çalışan erkan bey sayesınde keyifli zaman geçirdik ona özel teşekkürlerimi iletiyorum. Gelecek olan arkadaşlar kesinlikle erkanı bulmasını tavsiye ediyorum. Otel konaklamamızda personel ilgi ve alakası bizi çok mutlu etti sıcak karşılamaları tavır ve yaklaşımları mutlu edici oldu özellikle belirli alanlardaki belirli personellerinizin iletişimi güzeldi. beach bar *Lütfiye* hanımın güler yüzü sabrı ve yaklaşımı bizleri mutlu etti kendisine buradan sizlerin aracılığı ile tekrar teşekkür ederiz 🥰 Canlı performans Murat Güvendiksoy çok keyifli idi çok eğlendik. aynı performansı bir sonraki Dilara hanım için söyleyemeyeceğiz😔 Teşekkürler🙏,715,93,False,Google,CgsI1OfCgty8pvylARAB,2026-08-25T12:36:38+00:00,OK
gm_aaf3fb9b907af5a4,BOD160,La Blanche Resort Bodrum,Turgutreis,5,HIGH,Google üzerinde 2 ay önce,2026-06-26,2026,6,2026-06,True,False,"Bu otele bir haftalık tatil için geldik ve ayrılırken keşke biraz daha kalsaydık dedik. Yemekler çok güzeldi, alakart restoranlardan oldukça memnun kaldık. Bar hizmetleri başarılıydı ve animasyon ekibi gün boyu enerjiyi yüksek tutuyordu.
En büyük teşekkürümüz ise Erkan Bey’e. İnsanlarla iletişimi gerçekten mükemmel. Her zaman güler yüzlü, samimi ve içten davranıyor. Misafirlerle kurduğu bağ sayesinde birçok kişinin kendisiyle sohbet etmek için fırsat kolladığını gördük. Böyle çalışanlar bir otelin kalitesini yükselten en önemli unsurlardan biri.
Şezlong konusunda biraz düzenleme yapılırsa kusursuz bir tatil deneyimi sunulabilir. Çünkü havuz kenarında yerler çok hızlı doluyor ve havlu bırakılarak yer ayrılması sorun oluşturuyor. Bunun dışında her şey için teşekkür ederiz, çok memnun ayrıldık.","Bu otele bir haftalık tatil için geldik ve ayrılırken keşke biraz daha kalsaydık dedik. Yemekler çok güzeldi, alakart restoranlardan oldukça memnun kaldık. Bar hizmetleri başarılıydı ve animasyon ekibi gün boyu enerjiyi yüksek tutuyordu. En büyük teşekkürümüz ise Erkan Bey’e. İnsanlarla iletişimi gerçekten mükemmel. Her zaman güler yüzlü, samimi ve içten davranıyor. Misafirlerle kurduğu bağ sayesinde birçok kişinin kendisiyle sohbet etmek için fırsat kolladığını gördük. Böyle çalışanlar bir otelin kalitesini yükselten en önemli unsurlardan biri. Şezlong konusunda biraz düzenleme yapılırsa kusursuz bir tatil deneyimi sunulabilir. Çünkü havuz kenarında yerler çok hızlı doluyor ve havlu bırakılarak yer ayrılması sorun oluşturuyor. Bunun dışında her şey için teşekkür ederiz, çok memnun ayrıldık.",802,108,False,Google,CgsI1OfCgty8pvylARAB,2026-08-25T12:36:38+00:00,OK
gm_01e6421cde3f1948,BOD160,La Blanche Resort Bodrum,Turgutreis,5,HIGH,Google üzerinde 3 hafta önce,2026-08-04,2026,8,2026-08,True,False,"Otele daha önce de geldik. Eski bir tatili olarak herzaman güleryüzle karşılandık. Her sene birşeyler değişiyor olumlu yönde. Snack bar artık gece acıkanlar için de açık, deniz kenarında gözlük temizleme , dondurma servisi deniz kenarına güzeldi. Animasyon bu sene az kişi olsa da Erkan çok ilgilendi sanırım bu sene en fazla oyunlara katıldığım sene oldu😊 ayrıca beach bardaki Salih- abit- mehmet Ali ve Harun her zaman yardımcı oldu saolsunlar. ancak alacart restaurant için bir gün önce rezervasyon yapıyor ama rezervasyon bittiğinde haber vermiyor sırada bekledik daha önce böyle olmamıştı.sahildeki gösteri alanı ise biraz yetersiz arkada kalan göremiyor yada ayakta kalıyorsunuz bu biraz sıkıntılı. Yine de güzel bir yer ve herzamanki gibi memnun kaldık.","Otele daha önce de geldik. Eski bir tatili olarak herzaman güleryüzle karşılandık. Her sene birşeyler değişiyor olumlu yönde. Snack bar artık gece acıkanlar için de açık, deniz kenarında gözlük temizleme , dondurma servisi deniz kenarına güzeldi. Animasyon bu sene az kişi olsa da Erkan çok ilgilendi sanırım bu sene en fazla oyunlara katıldığım sene oldu😊 ayrıca beach bardaki Salih- abit- mehmet Ali ve Harun her zaman yardımcı oldu saolsunlar. ancak alacart restaurant için bir gün önce rezervasyon yapıyor ama rezervasyon bittiğinde haber vermiyor sırada bekledik daha önce böyle olmamıştı.sahildeki gösteri alanı ise biraz yetersiz arkada kalan göremiyor yada ayakta kalıyorsunuz bu biraz sıkıntılı. Yine de güzel bir yer ve herzamanki gibi memnun kaldık.",760,113,False,Google,CgsI1OfCgty8pvylARAB,2026-08-25T12:36:39+00:00,OK
gm_de22c79ba067639a,BOD160,La Blanche Resort Bodrum,Turgutreis,5,HIGH,Google üzerinde 2 ay önce,2026-06-26,2026,6,2026-06,True,False,"Bu otele 7 kişi olarak geldik ve 1 hafta konakladık. Genel olarak çok memnun kaldık. Odalar her gün düzenli olarak temizleniyordu, alakart restoranlardaki yemekler oldukça lezzetliydi.
Çocuklu aileler için Mini Club gerçekten harikaydı. Çocuğumuz burada çok keyifli vakit geçirdi. Hatta bazen çocuğumuzu aradığımızda onu Mini Club’da buluyorduk. Çocuklarla çok güzel ilgileniliyor. Bu konuda ekibe ayrıca teşekkür etmek isteriz.
Ancak bir konuda rahatsızlığımızı belirtmek isterim. Ana restorandaki ızgara bölümünde öğle ve akşam yemeklerinde neredeyse her gün sadece tavuk ve hindi eti sunuluyordu. Bir haftalık konaklamamız boyunca sadece bir kez dana eti ızgaraya denk geldik. Her gün aynı seçeneklerin olması bizim için olumsuz bir durumdu. Bu konuda biraz daha çeşitlilik sağlanırsa çok daha memnun oluruz.
Ayrıca aquapark bölümü beklentimizin altında kaldı. Aquapark oldukça küçük ve neredeyse yok denecek kadar sınırlıydı. Bu bölümün geliştirilmesi otelin kalitesine katkı sağlayacaktır.
Bunun dışında tüm çalışanlar son derece ilgili, güler yüzlü ve yardımseverdi. Hepsine teşekkür ederiz. Animasyon ekibi de oldukça başarılıydı. Akşam şovları harikaydı, özellikle çarşamba günü yapılan Fortune Show muazzamdı. Bu güzel organizasyon için Erkan Bey’e teşekkür ederiz. Ayrıca barda çalışan Serkan Bey’e de ilgi ve hizmetlerinden dolayı teşekkür ederiz.
Bu eksiklikler giderildiği takdirde bu otele tekrar tekrar gelmek isteriz. Ancak özellikle ızgara bölümündeki et çeşitliliği konusunda iyileştirme yapılmasını bekliyoruz.","Bu otele 7 kişi olarak geldik ve 1 hafta konakladık. Genel olarak çok memnun kaldık. Odalar her gün düzenli olarak temizleniyordu, alakart restoranlardaki yemekler oldukça lezzetliydi. Çocuklu aileler için Mini Club gerçekten harikaydı. Çocuğumuz burada çok keyifli vakit geçirdi. Hatta bazen çocuğumuzu aradığımızda onu Mini Club’da buluyorduk. Çocuklarla çok güzel ilgileniliyor. Bu konuda ekibe ayrıca teşekkür etmek isteriz. Ancak bir konuda rahatsızlığımızı belirtmek isterim. Ana restorandaki ızgara bölümünde öğle ve akşam yemeklerinde neredeyse her gün sadece tavuk ve hindi eti sunuluyordu. Bir haftalık konaklamamız boyunca sadece bir kez dana eti ızgaraya denk geldik. Her gün aynı seçeneklerin olması bizim için olumsuz bir durumdu. Bu konuda biraz daha çeşitlilik sağlanırsa çok daha memnun oluruz. Ayrıca aquapark bölümü beklentimizin altında kaldı. Aquapark oldukça küçük ve neredeyse yok denecek kadar sınırlıydı. Bu bölümün geliştirilmesi otelin kalitesine katkı sağlayacaktır. Bunun dışında tüm çalışanlar son derece ilgili, güler yüzlü ve yardımseverdi. Hepsine teşekkür ederiz. Animasyon ekibi de oldukça başarılıydı. Akşam şovları harikaydı, özellikle çarşamba günü yapılan Fortune Show muazzamdı. Bu güzel organizasyon için Erkan Bey’e teşekkür ederiz. Ayrıca barda çalışan Serkan Bey’e de ilgi ve hizmetlerinden dolayı teşekkür ederiz. Bu eksiklikler giderildiği takdirde bu otele tekrar tekrar gelmek isteriz. Ancak özellikle ızgara bölümündeki et çeşitliliği konusunda iyileştirme yapılmasını bekliyoruz.",1529,204,False,Google,CgsI1OfCgty8pvylARAB,2026-08-25T12:36:39+00:00,OK
gm_3993cfa26565f1d4,BOD160,La Blanche Resort Bodrum,Turgutreis,5,HIGH,Google üzerinde 2 ay önce,2026-06-26,2026,6,2026-06,True,False,"14-20 haziran 2026 tarihlerinde 6 gece ailecek 2 oda konakladık. Öncelikle ailecek hem fikir olduğumuz otel in çalışanları gerçekten çok iyi. Personeller on numara çalışıyor. Özellikle Restorant çalışanlarından Kava Bey, Eyüp Bey ve Mehmet Bey 'e güler yüzlü hizmetleri için Piyanonun olduğu kısımda bulunan Bar da görevli Evin Hanım 'ın efsane türk kahvesi ve o tatlı güler yüzü için, aynı Bar da görevli Mustafa Bey 'in hazırladığı enfes kokteyller (özellikle margaret sames) ve hızlı hizmeti için, Animasyonda ve Dart oyunun da bizlere dostane eğlenceli dakikalar yaşatan Erkan Bey 'e, Game Room da görevli Gizem Hanım 'a ilgi alakası için, Yine Bar da görevli Serkan Bey 'e enfes kokteyller ve hızlı hizmeti için çok teşekkür ederiz. Konserler organizasyonlar etkinlikler etkileyici ve eğlenceliydi. Snack Bar çok iyiydi. Restorantta genel anlamda çok iyiydi sadece karpuzlar bazen iyi değildi hiç kavun yoktu. Oteli tercih ederken denize sıfır kriterim olması sebebiyle de özellikle seçmiştim ancak denize sıfır plaj istiyorsanız denizi bulanık ancak havuzları büyük ve çok güzel. Biz hep havuzu kullandık ve çok eğlendik. Bunların dışında Kids Club da iyiydi. Odadan puan kırdım çünkü yatak rahat değildi onun dışında dediğim gibi hizmet çok iyi odalar hergün temizlendi. Bir kere asansörde kaldım biraz asansörde sıkıntı var. Küçük eksiklerin dışında harika bir tatil geçirdik . La Brach Resort Otel Ailesine çok teşekkür ederiz.","14-20 haziran 2026 tarihlerinde 6 gece ailecek 2 oda konakladık. Öncelikle ailecek hem fikir olduğumuz otel in çalışanları gerçekten çok iyi. Personeller on numara çalışıyor. Özellikle Restorant çalışanlarından Kava Bey, Eyüp Bey ve Mehmet Bey 'e güler yüzlü hizmetleri için Piyanonun olduğu kısımda bulunan Bar da görevli Evin Hanım 'ın efsane türk kahvesi ve o tatlı güler yüzü için, aynı Bar da görevli Mustafa Bey 'in hazırladığı enfes kokteyller (özellikle margaret sames) ve hızlı hizmeti için, Animasyonda ve Dart oyunun da bizlere dostane eğlenceli dakikalar yaşatan Erkan Bey 'e, Game Room da görevli Gizem Hanım 'a ilgi alakası için, Yine Bar da görevli Serkan Bey 'e enfes kokteyller ve hızlı hizmeti için çok teşekkür ederiz. Konserler organizasyonlar etkinlikler etkileyici ve eğlenceliydi. Snack Bar çok iyiydi. Restorantta genel anlamda çok iyiydi sadece karpuzlar bazen iyi değildi hiç kavun yoktu. Oteli tercih ederken denize sıfır kriterim olması sebebiyle de özellikle seçmiştim ancak denize sıfır plaj istiyorsanız denizi bulanık ancak havuzları büyük ve çok güzel. Biz hep havuzu kullandık ve çok eğlendik. Bunların dışında Kids Club da iyiydi. Odadan puan kırdım çünkü yatak rahat değildi onun dışında dediğim gibi hizmet çok iyi odalar hergün temizlendi. Bir kere asansörde kaldım biraz asansörde sıkıntı var. Küçük eksiklerin dışında harika bir tatil geçirdik . La Brach Resort Otel Ailesine çok teşekkür ederiz.",1436,216,False,Google,CgsI1OfCgty8pvylARAB,2026-08-25T12:36:39+00:00,OK
gm_4304e0b323d95ef3,BOD160,La Blanche Resort Bodrum,Turgutreis,1,LOW,Google üzerinde 4 hafta önce,2026-07-28,2026,7,2026-07,True,False,"Eğer aracınız ile geliyorsanız otelde büyük park problem problemi var anahtarınızı alıp Arabanizi 150 , 200 metre ileride bir yerlere çekiyorlar ve arabanızda hiçbir şekilde ulaşamıyorsunuz. Bizim bir engelli aracımız var otelin engelli parkı kısıtlı yani bir tane olduğu için aracımızı park edemedik alıp götürdüler başka yere ve dediler ki en kısa sürede aracinizi buraya getireceğiz ama bir türlü gelmedi.
Kuzenim kendi ailesiyle geldi bizden yarım saat kadar önce onun aracı da engelli aracı ve onun arabasına yer bulmuşlar park etmişler. Benim arabamı da ısrarla buraya gelmesini istediğimde park yeri ile uğraşan vale kuzenimin engelli aracini çıkarıp onun yerine benimkini koymuşlar ben böyle bir saçmalık görmedim inanılmaz mantık dışı bir şey.
Sonuç olarak da ikimiz arabamizi başka yerlere park etmek zorunda kaldık. Anlayacağınız hizmet konusunda biraz tuhaf davranıyorlar. Saat 21:00 ile 22 arası kesinlikle aç kalıyorsunuz hiçbir yerde yemek bulamıyorsunuz bu da ayrı bir kabahati bu otelin. Şu an aç bir şekilde oturup bekliyoruz ve personelin hiçbiri yemek konusunda yardımcı olmadı.
Açıkçası çok puan vermiyorum Üzüntü içerisinde bir daha gelmeyeceğimizi tekrarlıyorum.","Eğer aracınız ile geliyorsanız otelde büyük park problem problemi var anahtarınızı alıp Arabanizi 150 , 200 metre ileride bir yerlere çekiyorlar ve arabanızda hiçbir şekilde ulaşamıyorsunuz. Bizim bir engelli aracımız var otelin engelli parkı kısıtlı yani bir tane olduğu için aracımızı park edemedik alıp götürdüler başka yere ve dediler ki en kısa sürede aracinizi buraya getireceğiz ama bir türlü gelmedi. Kuzenim kendi ailesiyle geldi bizden yarım saat kadar önce onun aracı da engelli aracı ve onun arabasına yer bulmuşlar park etmişler. Benim arabamı da ısrarla buraya gelmesini istediğimde park yeri ile uğraşan vale kuzenimin engelli aracini çıkarıp onun yerine benimkini koymuşlar ben böyle bir saçmalık görmedim inanılmaz mantık dışı bir şey. Sonuç olarak da ikimiz arabamizi başka yerlere park etmek zorunda kaldık. Anlayacağınız hizmet konusunda biraz tuhaf davranıyorlar. Saat 21:00 ile 22 arası kesinlikle aç kalıyorsunuz hiçbir yerde yemek bulamıyorsunuz bu da ayrı bir kabahati bu otelin. Şu an aç bir şekilde oturup bekliyoruz ve personelin hiçbiri yemek konusunda yardımcı olmadı. Açıkçası çok puan vermiyorum Üzüntü içerisinde bir daha gelmeyeceğimizi tekrarlıyorum.",1185,171,False,Google,CgsI1OfCgty8pvylARAB,2026-08-25T12:36:39+00:00,OK
gm_27df786abb418544,BOD160,La Blanche Resort Bodrum,Turgutreis,5,HIGH,Google üzerinde bir ay önce,2026-07-26,2026,7,2026-07,True,False,"Ailemle birlikte bu otelde bir haftalık harika bir tatil geçirdik. Her şeyden çok memnun kaldık. Özellikle yemeklerin lezzeti, içeceklerin çeşitliliği ve kalitesi bizi çok etkiledi. Otelin temizliği de gerçekten kusursuzdu; odalar, ortak alanlar ve havuz çevresi her zaman tertemizdi.
Özellikle animasyon ekibini gönülden tebrik etmek istiyorum. Sabah aktiviteleri ve akşam gösterileri gerçekten çok eğlenceli ve profesyoneldi.
Erkan’a ayrıca ayrı bir teşekkür etmek istiyorum. Kendisi son derece ilgili, güler yüzlü, yardımsever ve işini büyük bir özenle yapan harika bir çalışan. Pozitif enerjisi, misafirperverliği ve her konuda çözüm odaklı yaklaşımı sayesinde tatilimiz çok daha keyifli geçti. Erkan gerçekten otelin en değerli isimlerinden biri.","Ailemle birlikte bu otelde bir haftalık harika bir tatil geçirdik. Her şeyden çok memnun kaldık. Özellikle yemeklerin lezzeti, içeceklerin çeşitliliği ve kalitesi bizi çok etkiledi. Otelin temizliği de gerçekten kusursuzdu; odalar, ortak alanlar ve havuz çevresi her zaman tertemizdi. Özellikle animasyon ekibini gönülden tebrik etmek istiyorum. Sabah aktiviteleri ve akşam gösterileri gerçekten çok eğlenceli ve profesyoneldi. Erkan’a ayrıca ayrı bir teşekkür etmek istiyorum. Kendisi son derece ilgili, güler yüzlü, yardımsever ve işini büyük bir özenle yapan harika bir çalışan. Pozitif enerjisi, misafirperverliği ve her konuda çözüm odaklı yaklaşımı sayesinde tatilimiz çok daha keyifli geçti. Erkan gerçekten otelin en değerli isimlerinden biri.",751,101,False,Google,CgsI1OfCgty8pvylARAB,2026-08-25T12:36:39+00:00,OK
gm_a916867f20466606,BOD160,La Blanche Resort Bodrum,Turgutreis,4,HIGH,Google üzerinde 2 hafta önce,2026-08-11,2026,8,2026-08,True,False,Park sorunu yok odalar iyi personel ve temizlik ekibi çok çok iyi. Yemekler vasat tatlılar iyi. Sıra beklenenden fazla heryerde kuyruk var. Sabah 9 da havuza veya denize inerseniz Şezlong bulamazsanız şezlong bulsanız şemsiye bulamazsınız. Akşamları küçük bir alan var etkinlik sahne şovları orada oluyor 10da başlayan gösteriye 8de gitmeniz lazım oturarak izleyebilmek için. Turgutreis çarşısına konumu yakın. Denizi güzel birden derinleşmiyor ve hiç dalga yok çocuklu aileler gönül rahatlığıyla deniz istiyorsa gelebilir. Bu fiyata bir daha gelmem hiçbir tanıdığımada tavsiye edebileceğim seviyede bir tatil olmadı,Park sorunu yok odalar iyi personel ve temizlik ekibi çok çok iyi. Yemekler vasat tatlılar iyi. Sıra beklenenden fazla heryerde kuyruk var. Sabah 9 da havuza veya denize inerseniz Şezlong bulamazsanız şezlong bulsanız şemsiye bulamazsınız. Akşamları küçük bir alan var etkinlik sahne şovları orada oluyor 10da başlayan gösteriye 8de gitmeniz lazım oturarak izleyebilmek için. Turgutreis çarşısına konumu yakın. Denizi güzel birden derinleşmiyor ve hiç dalga yok çocuklu aileler gönül rahatlığıyla deniz istiyorsa gelebilir. Bu fiyata bir daha gelmem hiçbir tanıdığımada tavsiye edebileceğim seviyede bir tatil olmadı,616,86,False,Google,CgsI1OfCgty8pvylARAB,2026-08-25T12:36:40+00:00,OK
gm_266e411220fc48ff,BOD160,La Blanche Resort Bodrum,Turgutreis,5,HIGH,Google üzerinde 2 ay önce,2026-06-26,2026,6,2026-06,True,False,"Bu otele sık sık geliyorum ve her seferinde memnun ayrılıyorum. Yaz boyunca 4-5 kez konakladığım oluyor ve oteli gerçekten çok beğeniyorum. Çalışanlar son derece güler yüzlü, yardımsever ve profesyonel. Özellikle animasyon ekibi harika; gün boyu ve akşam etkinliklerinde çok aktifler ve misafirlerin keyifli vakit geçirmesi için büyük emek veriyorlar.
Ayrıca Erkan Bey'e de ilgisi, güler yüzü ve misafirperverliği için özellikle teşekkür etmek istiyorum. Her zaman yardımcı oluyor ve konaklamamın daha keyifli geçmesine katkı sağlıyor.
Her gelişimde kendimi özel hissediyorum. Tüm ekibe emekleri ve misafirperverlikleri için teşekkür ederim. Tekrar görüşmek üzere!","Bu otele sık sık geliyorum ve her seferinde memnun ayrılıyorum. Yaz boyunca 4-5 kez konakladığım oluyor ve oteli gerçekten çok beğeniyorum. Çalışanlar son derece güler yüzlü, yardımsever ve profesyonel. Özellikle animasyon ekibi harika; gün boyu ve akşam etkinliklerinde çok aktifler ve misafirlerin keyifli vakit geçirmesi için büyük emek veriyorlar. Ayrıca Erkan Bey'e de ilgisi, güler yüzü ve misafirperverliği için özellikle teşekkür etmek istiyorum. Her zaman yardımcı oluyor ve konaklamamın daha keyifli geçmesine katkı sağlıyor. Her gelişimde kendimi özel hissediyorum. Tüm ekibe emekleri ve misafirperverlikleri için teşekkür ederim. Tekrar görüşmek üzere!",664,90,False,Google,CgsI1OfCgty8pvylARAB,2026-08-25T12:36:40+00:00,OK
gm_8b6515f3ff8f4f12,BOD160,La Blanche Resort Bodrum,Turgutreis,5,HIGH,Google üzerinde 11 dakika önce düzenlendi,2026-08-25,2026,8,2026-08,True,True,"(Google tarafından çevrildi) Otel mükemmel. Hiçbir kusuru yok. Servis, personel, temizlik, yemekler, her şey mükemmel. Daha önce hiç bu kadar mükemmel bir otelde kalmamıştım. Herkes çok nazik ve her şeyin yolunda olup olmadığını önemsiyor. Yemeklerde herkes için bir şeyler var, neyin ne olduğu güzelce yazılmış... garsonlar, barmenler, plaj personeli, hizmetçiler... her şey takdire şayan!!! Her övgü ve her öneri için teşekkürler. Tüm garsonlar ve barmenler son derece nazik ama özellikle Lütfiye'yi övmek istiyorum, her zaman gülümsüyor, bence en değerli kişi o, her türlü övgü için, lütfen bu kıza zam verin 😀🥰
Ultra ama her şey dahil gerçekten ultra! Gerçek bir tatil için teşekkürler!!! ❣️
(Orijinal)
Hotel je savršen. Nema ni jednu manu. Usluga, osoblje, čistoća, hrana, sve je savršeno. Nikad do sad nisam bila u ovako savršenom hotelu. Toliko su svi ljubazni i brinu da li nam je sve kako treba. Hrana, za svakog ima nešto, lepo piše šta je šta..konobari, barmeni, osoblje na plaži, spremačice...ma svaka čast!!! Za svaku pohvalu i svaku preporuku. Svi konobari i sankeri su izuzetno ljubazni ali posebno bih pohvalila Lutfiye, ona je uvek nasmejana, čini mi se da je najvrednija svaka joj čast, molim povišicu za ovi devojku 😀🥰
Ultra ali inclusiv je zaista ultra! Hvala Vam na pravom odmoru !!! ❣️","(Google tarafından çevrildi) Otel mükemmel. Hiçbir kusuru yok. Servis, personel, temizlik, yemekler, her şey mükemmel. Daha önce hiç bu kadar mükemmel bir otelde kalmamıştım. Herkes çok nazik ve her şeyin yolunda olup olmadığını önemsiyor. Yemeklerde herkes için bir şeyler var, neyin ne olduğu güzelce yazılmış... garsonlar, barmenler, plaj personeli, hizmetçiler... her şey takdire şayan!!! Her övgü ve her öneri için teşekkürler. Tüm garsonlar ve barmenler son derece nazik ama özellikle Lütfiye'yi övmek istiyorum, her zaman gülümsüyor, bence en değerli kişi o, her türlü övgü için, lütfen bu kıza zam verin 😀🥰 Ultra ama her şey dahil gerçekten ultra! Gerçek bir tatil için teşekkürler!!! ❣️ (Orijinal) Hotel je savršen. Nema ni jednu manu. Usluga, osoblje, čistoća, hrana, sve je savršeno. Nikad do sad nisam bila u ovako savršenom hotelu. Toliko su svi ljubazni i brinu da li nam je sve kako treba. Hrana, za svakog ima nešto, lepo piše šta je šta..konobari, barmeni, osoblje na plaži, spremačice...ma svaka čast!!! Za svaku pohvalu i svaku preporuku. Svi konobari i sankeri su izuzetno ljubazni ali posebno bih pohvalila Lutfiye, ona je uvek nasmejana, čini mi se da je najvrednija svaka joj čast, molim povišicu za ovi devojku 😀🥰 Ultra ali inclusiv je zaista ultra! Hvala Vam na pravom odmoru !!! ❣️",1307,208,False,Google,CgsI1OfCgty8pvylARAB,2026-08-25T12:57:17+00:00,OK
gm_bb95fa91e330732b,BOD160,La Blanche Resort Bodrum,Turgutreis,5,HIGH,Google üzerinde bir saat önce,2026-08-25,2026,8,2026-08,True,False,"(Google tarafından çevrildi) Otelden, hizmetten ve tüm etkinliklerden çok memnun kaldık, Maria harika biriydi 🥰
Hem biz hem de çocuklar dinlendik ve eğlendik çünkü herkes için bir şeyler vardı. Yemekler lezzetli ve boldu 🥰
(Orijinal)
Prezadovoljni smo hotelom,uslugom i svim animacijama Maria je najbolja🥰
I mi i deca smo se odmorili i uzivali jer je za svakog bilo po nesto.Hrana jajna i ukusna🥰","(Google tarafından çevrildi) Otelden, hizmetten ve tüm etkinliklerden çok memnun kaldık, Maria harika biriydi 🥰 Hem biz hem de çocuklar dinlendik ve eğlendik çünkü herkes için bir şeyler vardı. Yemekler lezzetli ve boldu 🥰 (Orijinal) Prezadovoljni smo hotelom,uslugom i svim animacijama Maria je najbolja🥰 I mi i deca smo se odmorili i uzivali jer je za svakog bilo po nesto.Hrana jajna i ukusna🥰",396,63,False,Google,CgsI1OfCgty8pvylARAB,2026-08-25T12:57:17+00:00,OK
gm_f138eacce039a637,BOD160,La Blanche Resort Bodrum,Turgutreis,5,HIGH,Google üzerinde 3 saat önce,2026-08-25,2026,8,2026-08,True,False,"(Google tarafından çevrildi) Aile tatili için harika bir otel! Çocuklar için birçok aktivite var, animasyon ekibi harika! Maria en iyisi 🫶Havuz kaydırakları, plaj güzel, temiz ve dalgasız. Her yerde her çeşit yiyecek bolca mevcut. İstediğiniz kadar dondurma, meyve, tatlılar ve atıştırmalıklar. Odalar geniş ve iyi temizlenmiş.
Eksileri: Öğle yemeğinden sonra plajdaki müzik o kadar yüksek ki, sessiz bir sohbet bile mümkün değil; birbirinizi duyamıyorsunuz.
(Orijinal)
Отличный отель для семейного отдыха! Много развлечений для детей, команда анимации молодцы! Мария the best 🫶Горки в бассейне, пляж прекрасный, чистый, волн нет. Много еды всякой и разной, причем везде. Мороженое сколько хочешь, фрукты, вкусняшки, снэки. Номера просторные, убирают хорошо.
Из минусов: очень громко музыка на пляже после обеда, невозможно даже спокойно разговаривать, друг друга не слышно.","(Google tarafından çevrildi) Aile tatili için harika bir otel! Çocuklar için birçok aktivite var, animasyon ekibi harika! Maria en iyisi 🫶Havuz kaydırakları, plaj güzel, temiz ve dalgasız. Her yerde her çeşit yiyecek bolca mevcut. İstediğiniz kadar dondurma, meyve, tatlılar ve atıştırmalıklar. Odalar geniş ve iyi temizlenmiş. Eksileri: Öğle yemeğinden sonra plajdaki müzik o kadar yüksek ki, sessiz bir sohbet bile mümkün değil; birbirinizi duyamıyorsunuz. (Orijinal) Отличный отель для семейного отдыха! Много развлечений для детей, команда анимации молодцы! Мария the best 🫶Горки в бассейне, пляж прекрасный, чистый, волн нет. Много еды всякой и разной, причем везде. Мороженое сколько хочешь, фрукты, вкусняшки, снэки. Номера просторные, убирают хорошо. Из минусов: очень громко музыка на пляже после обеда, невозможно даже спокойно разговаривать, друг друга не слышно.",874,122,False,Google,CgsI1OfCgty8pvylARAB,2026-08-25T12:57:17+00:00,OK
gm_59a71324dc03b4bf,BOD160,La Blanche Resort Bodrum,Turgutreis,5,HIGH,Google üzerinde 4 saat önce,2026-08-25,2026,8,2026-08,True,False,Tatil süreci boyunca çok keyifli vakit geçirdiğimi söylemeliyim. Ana restorantta yediğim yemekler oldukça lezzetliydi. Ayrıca sup yoga aktivitesini özellikle tavsiye ediyorum. Bade hanıma bu aktiviyeyi keyifli hale getirdiği içi özellikle teşekkür ediyorum.,Tatil süreci boyunca çok keyifli vakit geçirdiğimi söylemeliyim. Ana restorantta yediğim yemekler oldukça lezzetliydi. Ayrıca sup yoga aktivitesini özellikle tavsiye ediyorum. Bade hanıma bu aktiviyeyi keyifli hale getirdiği içi özellikle teşekkür ediyorum.,257,32,False,Google,CgsI1OfCgty8pvylARAB,2026-08-25T12:57:17+00:00,OK
gm_68ea54c58bfc9ca6,BOD160,La Blanche Resort Bodrum,Turgutreis,5,HIGH,Google üzerinde 4 saat önce,2026-08-25,2026,8,2026-08,True,False,"Muhteşem bir tatil, muhteşem yemekler hepsi için çok çok teşekkür ederiz.Bade Hocama da sub ve yoga dersleri için çok teşekkür ederiz.","Muhteşem bir tatil, muhteşem yemekler hepsi için çok çok teşekkür ederiz.Bade Hocama da sub ve yoga dersleri için çok teşekkür ederiz.",134,21,False,Google,CgsI1OfCgty8pvylARAB,2026-08-25T12:57:17+00:00,OK
gm_13f2e0df59c305df,BOD160,La Blanche Resort Bodrum,Turgutreis,5,HIGH,Google üzerinde 4 saat önce,2026-08-25,2026,8,2026-08,True,False,"(Google tarafından çevrildi) Harika yemekler, son derece temiz ve harika eğlence. Ne kadar övsem azdır.
(Orijinal)
Super Essen, super sauber und super Animation. Ich kann nur schwärmen.","(Google tarafından çevrildi) Harika yemekler, son derece temiz ve harika eğlence. Ne kadar övsem azdır. (Orijinal) Super Essen, super sauber und super Animation. Ich kann nur schwärmen.",185,27,False,Google,CgsI1OfCgty8pvylARAB,2026-08-25T12:57:17+00:00,OK
gm_8c70b7d0630d4517,BOD160,La Blanche Resort Bodrum,Turgutreis,5,HIGH,Google üzerinde 4 saat önce,2026-08-25,2026,8,2026-08,True,False,"(Google tarafından çevrildi) Harika personel, temiz, güler yüzlü insanlar ve lezzetli yemekler. Çocuklara karşı çok nazikler. Anlatıcılar çok neşeli. Gülümsemelerin için teşekkürler Maria 🌹
(Orijinal)
Klasse Personal, sauber, nette Menschen und leckeres Essen. Sehr lieb zu Kinder. Die Animatoren sind sehr lebensfreudig. Danke Maria für deine Lächeln 🌹","(Google tarafından çevrildi) Harika personel, temiz, güler yüzlü insanlar ve lezzetli yemekler. Çocuklara karşı çok nazikler. Anlatıcılar çok neşeli. Gülümsemelerin için teşekkürler Maria 🌹 (Orijinal) Klasse Personal, sauber, nette Menschen und leckeres Essen. Sehr lieb zu Kinder. Die Animatoren sind sehr lebensfreudig. Danke Maria für deine Lächeln 🌹",353,48,False,Google,CgsI1OfCgty8pvylARAB,2026-08-25T12:57:18+00:00,OK
gm_55dcff36cc6acb60,BOD160,La Blanche Resort Bodrum,Turgutreis,5,HIGH,Google üzerinde 4 saat önce,2026-08-25,2026,8,2026-08,True,False,"(Google tarafından çevrildi) Her şey çok hoşuma gitti, harika bir yerdi. Eğlence mükemmeldi, Maria harikaydı, yemekler muhteşemdi, deniz suyu sıcaktı.
(Orijinal)
Очень всë понравилось, лучшее место. Анимация отличная,Мария самая лучшая еда супер, море тёплое.","(Google tarafından çevrildi) Her şey çok hoşuma gitti, harika bir yerdi. Eğlence mükemmeldi, Maria harikaydı, yemekler muhteşemdi, deniz suyu sıcaktı. (Orijinal) Очень всë понравилось, лучшее место. Анимация отличная,Мария самая лучшая еда супер, море тёплое.",259,34,False,Google,CgsI1OfCgty8pvylARAB,2026-08-25T12:57:18+00:00,OK
gm_8723700c46b35cf7,BOD160,La Blanche Resort Bodrum,Turgutreis,5,HIGH,Google üzerinde 4 saat önce,2026-08-25,2026,8,2026-08,True,False,"(Google tarafından çevrildi) Otel harikaydı, her şeyini çok sevdim. Animasyon ekibi muhteşemdi, Maria harika ve eğlenceliydi, her şeyi açıkladı ve tüm sorularıma yardımcı oldu. Şiddetle tavsiye ediyoruz.
(Orijinal)
Отель Супер, всё очень понравилась. Команда анимации отличная, Мария классная,весёлая, всё рассказала и со всеми вопросами помогла. Рекомендуем.","(Google tarafından çevrildi) Otel harikaydı, her şeyini çok sevdim. Animasyon ekibi muhteşemdi, Maria harika ve eğlenceliydi, her şeyi açıkladı ve tüm sorularıma yardımcı oldu. Şiddetle tavsiye ediyoruz. (Orijinal) Отель Супер, всё очень понравилась. Команда анимации отличная, Мария классная,весёлая, всё рассказала и со всеми вопросами помогла. Рекомендуем.",359,46,False,Google,CgsI1OfCgty8pvylARAB,2026-08-25T12:57:18+00:00,OK
gm_d3ce85eece342d31,BOD160,La Blanche Resort Bodrum,Turgutreis,5,HIGH,Google üzerinde 18 saat önce,2026-08-24,2026,8,2026-08,True,False,"(Google tarafından çevrildi) Bodrum harika! Oteli çok sevdik! Kesinlikle geri döneceğiz! Bir sürü aktivite ve harika bir gösteri programı var! Eğlence ekibine teşekkürler! Maria ile tanıştığımıza çok sevindik, her zaman sporla ilgileniyor! Zumba, Aqua, step! Çok arkadaş canlısı ve misafirlere karşı çok ilgili!
(Orijinal)
Бодрум ты прекрасен! Отель очень понравился! Обязательно вернëмся! Много активити и классная шоу программа! За это спасибо анимации! Рады были познакомиться с Марией, вечно на спорте! Зумба, Аква, степ! Дружелюбная и очень внимательная, гостями!","(Google tarafından çevrildi) Bodrum harika! Oteli çok sevdik! Kesinlikle geri döneceğiz! Bir sürü aktivite ve harika bir gösteri programı var! Eğlence ekibine teşekkürler! Maria ile tanıştığımıza çok sevindik, her zaman sporla ilgileniyor! Zumba, Aqua, step! Çok arkadaş canlısı ve misafirlere karşı çok ilgili! (Orijinal) Бодрум ты прекрасен! Отель очень понравился! Обязательно вернëмся! Много активити и классная шоу программа! За это спасибо анимации! Рады были познакомиться с Марией, вечно на спорте! Зумба, Аква, степ! Дружелюбная и очень внимательная, гостями!",568,78,False,Google,CgsI1OfCgty8pvylARAB,2026-08-25T12:57:18+00:00,OK
gm_ae68fd0e652666bb,BOD012,Selectum Collection Bodrum,Akyarlar,2,LOW,Tripadvisor üzerinde 3 hafta önce,2026-08-04,2026,8,2026-08,True,False,"An itibariyle ailemle otelde tatil yapıyorum. Şu ana kadarki deneyimimizden bahsetmek gerekirse maalesef beklediğimizi bulamadık. Öncelikle otel hayvan dostuymuş, gelince öğrendik. Tur sitesinin uygulamasında alt detaylarda gizlenmiş. …","An itibariyle ailemle otelde tatil yapıyorum. Şu ana kadarki deneyimimizden bahsetmek gerekirse maalesef beklediğimizi bulamadık. Öncelikle otel hayvan dostuymuş, gelince öğrendik. Tur sitesinin uygulamasında alt detaylarda gizlenmiş. ...",238,28,False,Tripadvisor,ChgI-abrn5G19OiAARoLL2cvMXRzcjVkZG4QAQ,2026-08-25T12:31:18+00:00,OK
gm_ee9edbb50945655c,BOD012,Selectum Collection Bodrum,Akyarlar,4,HIGH,Google üzerinde bir ay önce,2026-07-26,2026,7,2026-07,True,False,"Balayı çifti olarak 29 Haziran–3 Temmuz tarihleri arasında konakladık. Genel olarak oteli gelecek yaz da tercih edebileceğimizi düşünüyoruz. Mimarisi çok güzel ve personelin büyük çoğunluğu gerçekten güler yüzlü ve ilgiliydi.
ETS Tur tarafından yönlendirilen görevli arkadaş bizimle ilgileneceğini söyledi ancak otele yeni başladığı için birçok konuda bilgi sahibi değildi. İlk gün çok aç olmamıza rağmen bize snack bar olmadığı söylenince akşam yemeğine kadar beklemek zorunda kaldık. Daha sonra aslında farklı seçenekler olduğunu öğrendik. Ayrıca otelle ilgili yaşadığımız sorunlarda otel personeli hakkında olumsuz yorumlar yapması da bize profesyonel gelmedi. Kendisi yalnızca tekne turu ve kulüp gezisi satma odaklı bilgiler vermek istedi tüm tatil boyunca, çıkış gününde ise resepsiyon önünde denk geldik ve sadece uzaktan selamladı.
Odalar konusunda maalesef yorumlara katılıyoruz. Temizlik yeterli değildi, odalar otelin genel görünümüne göre eski kalıyor. Mini bar dolumu ve havlu değişimi de düzenli yapılmadı. Balayı kapsamında vaat edilen şampanya ise ancak birkaç gün sonra teslim edildi. Ücretsiz olması önemli değil; önemli olan verilen sözlerin zamanında yerine getirilmesi.
İçecek kalitesinde de tutarsızlık hissettik. Buna karşılık Kule Bar’da görev yapan Abuzer Bey çok ilgiliydi ve hazırladığı içecekler gerçekten başarılıydı. Ana barda çalışan kişiler ise ne yazık ki yabancı sever ve Türklere pek ilgili sevecen davranmıyor. Ayrıca animasyon ekibindeki tüm arkadaşlar, özellikle Mert ve Mete Bey, enerjileri ve samimiyetleriyle tatilimizi güzelleştirdi. Açık büfedeki garson arkadaşlar ciddi bir yoğunluğa rağmen çok ilgili ve tatlılardı. Hepsine çok teşekkürler.
7/24 restoran tarafında ise siparişlerin unutulması, açılış saatleri konusunda farklı bilgiler verilmesi ve uzun bekleme süreleri yaşadık. Otelin yetkilisi olduğuna inandığımız bir beyefendinin bi gün restorana gelmesi ile şef garson tüm ilgisini kendisine yöneltti ve siparişimizi unutarak tam tamına 1 saat 20 dk bizi bekletti. Buna karşılık göz göze bile gelmedi, başka arkadaşlar sorunu çözdü. Bize kalırsa müdür bey de müşteri memnuniyetini önceliklendirir. Bu bölümde hizmet kalitesinin geliştirilmesi gerektiğini düşünüyoruz.
Balık alakart restoranda şef garson bey enerjisi ilgisi ve sohbetiyle bize çok keyifli bir akşam yaşattı. İşini seven bir diğer insan, iyi ki vardı.
Kısacası birileri işini iyi yapmaya çalışırken birileri onları sabote etmeye çalışıyor gibi diyebiliriz.
Çıkış sırasında tüm bu konularla ilgili detaylı geri bildirim verdik ve değerlendirmeye alınacağı söylendi. Eksikler giderildiği takdirde otelin çok daha başarılı olacağına inanıyoruz. Güzel mimarisi ve birçok başarılı çalışanı sayesinde yine tercih edilebilecek bir otel.","Balayı çifti olarak 29 Haziran–3 Temmuz tarihleri arasında konakladık. Genel olarak oteli gelecek yaz da tercih edebileceğimizi düşünüyoruz. Mimarisi çok güzel ve personelin büyük çoğunluğu gerçekten güler yüzlü ve ilgiliydi. ETS Tur tarafından yönlendirilen görevli arkadaş bizimle ilgileneceğini söyledi ancak otele yeni başladığı için birçok konuda bilgi sahibi değildi. İlk gün çok aç olmamıza rağmen bize snack bar olmadığı söylenince akşam yemeğine kadar beklemek zorunda kaldık. Daha sonra aslında farklı seçenekler olduğunu öğrendik. Ayrıca otelle ilgili yaşadığımız sorunlarda otel personeli hakkında olumsuz yorumlar yapması da bize profesyonel gelmedi. Kendisi yalnızca tekne turu ve kulüp gezisi satma odaklı bilgiler vermek istedi tüm tatil boyunca, çıkış gününde ise resepsiyon önünde denk geldik ve sadece uzaktan selamladı. Odalar konusunda maalesef yorumlara katılıyoruz. Temizlik yeterli değildi, odalar otelin genel görünümüne göre eski kalıyor. Mini bar dolumu ve havlu değişimi de düzenli yapılmadı. Balayı kapsamında vaat edilen şampanya ise ancak birkaç gün sonra teslim edildi. Ücretsiz olması önemli değil; önemli olan verilen sözlerin zamanında yerine getirilmesi. İçecek kalitesinde de tutarsızlık hissettik. Buna karşılık Kule Bar’da görev yapan Abuzer Bey çok ilgiliydi ve hazırladığı içecekler gerçekten başarılıydı. Ana barda çalışan kişiler ise ne yazık ki yabancı sever ve Türklere pek ilgili sevecen davranmıyor. Ayrıca animasyon ekibindeki tüm arkadaşlar, özellikle Mert ve Mete Bey, enerjileri ve samimiyetleriyle tatilimizi güzelleştirdi. Açık büfedeki garson arkadaşlar ciddi bir yoğunluğa rağmen çok ilgili ve tatlılardı. Hepsine çok teşekkürler. 7/24 restoran tarafında ise siparişlerin unutulması, açılış saatleri konusunda farklı bilgiler verilmesi ve uzun bekleme süreleri yaşadık. Otelin yetkilisi olduğuna inandığımız bir beyefendinin bi gün restorana gelmesi ile şef garson tüm ilgisini kendisine yöneltti ve siparişimizi unutarak tam tamına 1 saat 20 dk bizi bekletti. Buna karşılık göz göze bile gelmedi, başka arkadaşlar sorunu çözdü. Bize kalırsa müdür bey de müşteri memnuniyetini önceliklendirir. Bu bölümde hizmet kalitesinin geliştirilmesi gerektiğini düşünüyoruz. Balık alakart restoranda şef garson bey enerjisi ilgisi ve sohbetiyle bize çok keyifli bir akşam yaşattı. İşini seven bir diğer insan, iyi ki vardı. Kısacası birileri işini iyi yapmaya çalışırken birileri onları sabote etmeye çalışıyor gibi diyebiliriz. Çıkış sırasında tüm bu konularla ilgili detaylı geri bildirim verdik ve değerlendirmeye alınacağı söylendi. Eksikler giderildiği takdirde otelin çok daha başarılı olacağına inanıyoruz. Güzel mimarisi ve birçok başarılı çalışanı sayesinde yine tercih edilebilecek bir otel.",2745,369,False,Google,ChgI-abrn5G19OiAARoLL2cvMXRzcjVkZG4QAQ,2026-08-25T12:31:19+00:00,OK
gm_1c03d29ad7fee448,BOD012,Selectum Collection Bodrum,Akyarlar,5,HIGH,Google üzerinde bir ay önce,2026-07-26,2026,7,2026-07,True,False,"🌟 Hayatımın En Kusursuz, En Fantastik Tatiliydi! (Kesinlikle 5 Yıldızdan Fazlası)
Selectum Collection Bodrum ailesine, bize hayatımızın en unutulmaz haftasını yaşattıkları için ne kadar teşekkür etsem az. Kendimizi bir otel müşterisi gibi değil, adeta bulutların üzerinde yürüyen, fantastik bir dünyanın ayrıcalıklı konukları gibi hissettik. Ne istediysek, ne rica ettiysek, hatta daha biz düşünürken kendiliğinden önümüze geldi! Çalışanların inanılmaz nezaketi ve ilgisi gerçekten büyüleyiciydi.
Ama bazı isimler var ki, bu tatilin mimarları oldular. Onları buraya tek tek yazıp, yönetim da dâhil herkesin görmesini istiyorum:
⭐ ÖZEL PARANTEZ: VOLKAN METE VE ESRA JULİA (Harikasınız!)
Animasyon ve Etkinliklerin Kralı; Volkan Mete: Enerjisiyle, yaptığı aşırı eğlenceli etkinliklerle ve muhteşem animasyon yönetimiyle tatilimize inanılmaz bir neşe kattı. Bir an bile sıkılmadık, sayesinde çok keyifli anlar yaşadık. Başarısı, profesyonelliği ve samimiyeti kesinlikle takdire şayan!
Misafir İlişkilerinin Kraliçesi; Esra Julia: Kendisi misafir ilişkilerinde tam anlamıyla bir profesyonellik ve çözüm abidesi. Gösterdiği üstün başarı, güler yüz ve samimi ilgi o kadar kıymetliydi ki, otelde her an güvende ve özel hissetmemizi sağladı.
Otel Yönetimine Açık Çağrı: Volkan Mete ve Esra Julia gibi profesyoneller bu otelin en büyük şansıdır. Kendilerine ne kadar teşekkür edilse, ne kadar övgü yağdırılsa azdır. Başarıları daim olsun!
🍽️ Bitmek Bilmeyen Gastronomi Şöleni ve Muhteşem Lezzetler
Otelin yemekleri tek kelimeyle muhteşemdi! Her şey o kadar bol, o kadar çeşitli ve lezzetliydi ki, tatil boyunca tek derdimiz ""acıkmadan tekrar yemek zorunda kalmak"" oldu. Gözleme evi, snack barlar ve plaj saatindeki ikramlar harikuladeydi. Gurme bir tatil deneyimi yaşadık diyebilirim. Ayrıca tesisin her noktası tertemiz ve pırıl pırıldı.
🏖️ Muhteşem Deniz ve İki Farklı Havuz Keyfi
Otelin plajı kelimenin tam anlamıyla harika. Tertemiz, Mavi Bayraklı ve yumuşacık kumlu bir denize sahip. Havuz konseptleri ise çok akıllıca düşünülmüş. İki tane havuz var; bir tanesi çok büyük ve tüm eğlenceli aktiviteler, coşkulu etkinlikler burada dönüyor. Diğer havuz ise tamamen sakinlik ve huzur arayanlar için ayrılmış, kafanızı dinleyebiliyorsunuz.
🏡 Otel Odası Değil, Adeta Kendi Evimiz!
Müsaitlik durumuna göre bize çocuklu ailelere verilen odalardan birini uygun görmüşler. İyi ki de öyle olmuş, inanılmaz memnun kaldık! Kaldığımız yer bir otel odasından ziyade bizim evimiz gibiydi. Balkonumuz, ayrı yatak odamız ve ayrı oturma odamızla tam bir 1+1 daire konforundaydı. Geniş, ferah ve çok rahattı.
🤫 Kalabalığın İçinde Huzur ve Kaliteli Kitlesi
Otelin misafir profilinin çoğunluğu yabancı turistlerden oluşuyordu ve hepsi o kadar nezaketli, o kadar kaliteli insanlardı ki... Kocaman bir kalabalığın içinde olmamıza rağmen inanılmaz sessiz, sakin ve huzurlu bir tatil yapabildik. Herkes alçak sesle konuşmayı, birbirine saygı duymayı çok iyi biliyordu.
Özetle; rüya gibi bir haftaydı. Başta Volkan Mete ve Esra Julia olmak üzere, emeği geçen, yüzündeki tebessümü eksik etmeyen tüm otel çalışanlarına sonsuz teşekkürler. Kesinlikle tekrar geleceğiz, kesinlikle tavsiye ediyoruz!❤️❤️❤️❤️❤️","🌟 Hayatımın En Kusursuz, En Fantastik Tatiliydi! (Kesinlikle 5 Yıldızdan Fazlası) Selectum Collection Bodrum ailesine, bize hayatımızın en unutulmaz haftasını yaşattıkları için ne kadar teşekkür etsem az. Kendimizi bir otel müşterisi gibi değil, adeta bulutların üzerinde yürüyen, fantastik bir dünyanın ayrıcalıklı konukları gibi hissettik. Ne istediysek, ne rica ettiysek, hatta daha biz düşünürken kendiliğinden önümüze geldi! Çalışanların inanılmaz nezaketi ve ilgisi gerçekten büyüleyiciydi. Ama bazı isimler var ki, bu tatilin mimarları oldular. Onları buraya tek tek yazıp, yönetim da dâhil herkesin görmesini istiyorum: ⭐ ÖZEL PARANTEZ: VOLKAN METE VE ESRA JULİA (Harikasınız!) Animasyon ve Etkinliklerin Kralı; Volkan Mete: Enerjisiyle, yaptığı aşırı eğlenceli etkinliklerle ve muhteşem animasyon yönetimiyle tatilimize inanılmaz bir neşe kattı. Bir an bile sıkılmadık, sayesinde çok keyifli anlar yaşadık. Başarısı, profesyonelliği ve samimiyeti kesinlikle takdire şayan! Misafir İlişkilerinin Kraliçesi; Esra Julia: Kendisi misafir ilişkilerinde tam anlamıyla bir profesyonellik ve çözüm abidesi. Gösterdiği üstün başarı, güler yüz ve samimi ilgi o kadar kıymetliydi ki, otelde her an güvende ve özel hissetmemizi sağladı. Otel Yönetimine Açık Çağrı: Volkan Mete ve Esra Julia gibi profesyoneller bu otelin en büyük şansıdır. Kendilerine ne kadar teşekkür edilse, ne kadar övgü yağdırılsa azdır. Başarıları daim olsun! 🍽️ Bitmek Bilmeyen Gastronomi Şöleni ve Muhteşem Lezzetler Otelin yemekleri tek kelimeyle muhteşemdi! Her şey o kadar bol, o kadar çeşitli ve lezzetliydi ki, tatil boyunca tek derdimiz ""acıkmadan tekrar yemek zorunda kalmak"" oldu. Gözleme evi, snack barlar ve plaj saatindeki ikramlar harikuladeydi. Gurme bir tatil deneyimi yaşadık diyebilirim. Ayrıca tesisin her noktası tertemiz ve pırıl pırıldı. 🏖️ Muhteşem Deniz ve İki Farklı Havuz Keyfi Otelin plajı kelimenin tam anlamıyla harika. Tertemiz, Mavi Bayraklı ve yumuşacık kumlu bir denize sahip. Havuz konseptleri ise çok akıllıca düşünülmüş. İki tane havuz var; bir tanesi çok büyük ve tüm eğlenceli aktiviteler, coşkulu etkinlikler burada dönüyor. Diğer havuz ise tamamen sakinlik ve huzur arayanlar için ayrılmış, kafanızı dinleyebiliyorsunuz. 🏡 Otel Odası Değil, Adeta Kendi Evimiz! Müsaitlik durumuna göre bize çocuklu ailelere verilen odalardan birini uygun görmüşler. İyi ki de öyle olmuş, inanılmaz memnun kaldık! Kaldığımız yer bir otel odasından ziyade bizim evimiz gibiydi. Balkonumuz, ayrı yatak odamız ve ayrı oturma odamızla tam bir 1+1 daire konforundaydı. Geniş, ferah ve çok rahattı. 🤫 Kalabalığın İçinde Huzur ve Kaliteli Kitlesi Otelin misafir profilinin çoğunluğu yabancı turistlerden oluşuyordu ve hepsi o kadar nezaketli, o kadar kaliteli insanlardı ki... Kocaman bir kalabalığın içinde olmamıza rağmen inanılmaz sessiz, sakin ve huzurlu bir tatil yapabildik. Herkes alçak sesle konuşmayı, birbirine saygı duymayı çok iyi biliyordu. Özetle; rüya gibi bir haftaydı. Başta Volkan Mete ve Esra Julia olmak üzere, emeği geçen, yüzündeki tebessümü eksik etmeyen tüm otel çalışanlarına sonsuz teşekkürler. Kesinlikle tekrar geleceğiz, kesinlikle tavsiye ediyoruz!❤️❤️❤️❤️❤️",3173,437,False,Google,ChgI-abrn5G19OiAARoLL2cvMXRzcjVkZG4QAQ,2026-08-25T12:31:19+00:00,OK
gm_148121139b3fa4c1,BOD012,Selectum Collection Bodrum,Akyarlar,4,HIGH,Google üzerinde 3 hafta önce,2026-08-04,2026,8,2026-08,True,False,"1)Oda temizlikleri kesinlikle eksik ve zayıftı. Biz 1 hafta kaldık çarşaflarımız hiç değiştirilmedi. Havlu ve sabunları, çöpleri ve yer temizliğini hep kendimiz talep ettik.
2)Arabamız otelin içinde yer olmadığından önündeki sokağa vale tarafından park edildi, ama araç hiç kontrol edilmemiş ki aracımızın lastik sibop contaları çalınmıştı.
3)Şezlong yetersizdi ya da düzensizdi. Sabah erkenden kalkıp özellikle plajda havlu bırakmazsanız gün içinde şezlong kapmaca oynanıyor. Bu da tatili yorucu hale getiriyor. En azından kişi sayısı kadar şezlong güncellenmeli.
4)Yemek saatlerinde ve akşam etkinlik
saatlerinde masa bulmakta çok zorlandık, bu kesinlikle iyileştirilmelidir.
5)Otelin içinde bulunan markette çeşit az fiyatlar fahişti, dudağımız uçukladı.
6)Plajda çöp kutuları temizleniyor, ama üstün körü bir şekilde. Peçete ve pipetler denize uçuyor. Plajda taşların arasından kırık kola cam şişesi çıkardık. Birinin bir yeri kesilse otel için büyük skandal olur dikkat edilmeli. Koya yanaşan tekneler pisliğini bırakıyor ve deniz çok kirleniyor. Otel bu konuda yaptırım uygulamalı ki denizi kirlenmesin. Ayrıca bir sürü kuş var, ağaçlara kuş evleri yapılabilir.
Zaten hayvan dostu olan bu otel için hoşluk olur.","1)Oda temizlikleri kesinlikle eksik ve zayıftı. Biz 1 hafta kaldık çarşaflarımız hiç değiştirilmedi. Havlu ve sabunları, çöpleri ve yer temizliğini hep kendimiz talep ettik. 2)Arabamız otelin içinde yer olmadığından önündeki sokağa vale tarafından park edildi, ama araç hiç kontrol edilmemiş ki aracımızın lastik sibop contaları çalınmıştı. 3)Şezlong yetersizdi ya da düzensizdi. Sabah erkenden kalkıp özellikle plajda havlu bırakmazsanız gün içinde şezlong kapmaca oynanıyor. Bu da tatili yorucu hale getiriyor. En azından kişi sayısı kadar şezlong güncellenmeli. 4)Yemek saatlerinde ve akşam etkinlik saatlerinde masa bulmakta çok zorlandık, bu kesinlikle iyileştirilmelidir. 5)Otelin içinde bulunan markette çeşit az fiyatlar fahişti, dudağımız uçukladı. 6)Plajda çöp kutuları temizleniyor, ama üstün körü bir şekilde. Peçete ve pipetler denize uçuyor. Plajda taşların arasından kırık kola cam şişesi çıkardık. Birinin bir yeri kesilse otel için büyük skandal olur dikkat edilmeli. Koya yanaşan tekneler pisliğini bırakıyor ve deniz çok kirleniyor. Otel bu konuda yaptırım uygulamalı ki denizi kirlenmesin. Ayrıca bir sürü kuş var, ağaçlara kuş evleri yapılabilir. Zaten hayvan dostu olan bu otel için hoşluk olur.",1217,167,False,Google,ChgI-abrn5G19OiAARoLL2cvMXRzcjVkZG4QAQ,2026-08-25T12:31:19+00:00,OK
gm_6a66ad03c6ff2900,BOD012,Selectum Collection Bodrum,Akyarlar,5,HIGH,Google üzerinde bir ay önce,2026-07-26,2026,7,2026-07,True,False,"Eşimle kış ayında düğünümüz olduğu için balayına gidememiştik. Bizim için ilk tatil deneyimi oldu. Çalışanlar o kadar güler yüzlü ki her anlamda otelden çok memnun kaldık. Odalar gayet temiz ve yeterli. Yemekler lezzetli , organizasyon harika. Özellikle çalışanlardan CEM ŞEF çok samimi ve güler yüzlü onunla sohbet etmek keyifliydi ve muhteşem ilgili biri. Çalışanlar sürekli tatiliniz nasıl geçiyor, memnun kalmadığınız bir durum var mı diye sordular bu da bence işletme için harika işlerini önemsediklerini belli ediyor. Plaj ve deniz konusuna gelecek olursam bir çok otele gittim ve deniz gördüm ama bu kadar suyu saf, temiz yüzülebilecek deniz görmemiştim balıklarla beraber yüzüyorsunuz abartmıyorum. Muhtemelen merkezden biraz uzak kaldığından ve etrafında otel sayısı az olduğundan sahil çok temiz ve güzel bu konuda içiniz rahat olabilir. Havuzu da gayet büyük çok yeterli. Doğum günüm bu sene tatil zamanına denk geldi , oda servisi ikramında bulundular ve bir İtalyan a la carte hediye ettiler. Bir ekibin bu tür şeylere dikkat edip misafirleriyle ilgilenmeleri başarılı bir organizasyon olduğunu gösterir. Muhtemelen seneye yine buraya rezervasyon yaptırırız her anlamıyla çok memnun kaldık.. Emeği geçen herkese çok teşekkür ederiz 🙏🏻😊","Eşimle kış ayında düğünümüz olduğu için balayına gidememiştik. Bizim için ilk tatil deneyimi oldu. Çalışanlar o kadar güler yüzlü ki her anlamda otelden çok memnun kaldık. Odalar gayet temiz ve yeterli. Yemekler lezzetli , organizasyon harika. Özellikle çalışanlardan CEM ŞEF çok samimi ve güler yüzlü onunla sohbet etmek keyifliydi ve muhteşem ilgili biri. Çalışanlar sürekli tatiliniz nasıl geçiyor, memnun kalmadığınız bir durum var mı diye sordular bu da bence işletme için harika işlerini önemsediklerini belli ediyor. Plaj ve deniz konusuna gelecek olursam bir çok otele gittim ve deniz gördüm ama bu kadar suyu saf, temiz yüzülebilecek deniz görmemiştim balıklarla beraber yüzüyorsunuz abartmıyorum. Muhtemelen merkezden biraz uzak kaldığından ve etrafında otel sayısı az olduğundan sahil çok temiz ve güzel bu konuda içiniz rahat olabilir. Havuzu da gayet büyük çok yeterli. Doğum günüm bu sene tatil zamanına denk geldi , oda servisi ikramında bulundular ve bir İtalyan a la carte hediye ettiler. Bir ekibin bu tür şeylere dikkat edip misafirleriyle ilgilenmeleri başarılı bir organizasyon olduğunu gösterir. Muhtemelen seneye yine buraya rezervasyon yaptırırız her anlamıyla çok memnun kaldık.. Emeği geçen herkese çok teşekkür ederiz 🙏🏻😊",1248,182,False,Google,ChgI-abrn5G19OiAARoLL2cvMXRzcjVkZG4QAQ,2026-08-25T12:31:19+00:00,OK
gm_527bc402ce1729db,BOD012,Selectum Collection Bodrum,Akyarlar,5,HIGH,Google üzerinde bir ay önce,2026-07-26,2026,7,2026-07,True,False,"1 haftalık bir konaklama yapıyorum, halen oteldeyim, herşey kusursuz gidiyor şu ana kadar aksayan hiç birşey görmedim. Kalabalık mı evet kalabalık ama her misafir her yerden faydalanabiliyor bence, animasyon grubu şahane eğlendirmek ve tatilinizin güzel geçmesi için gereken herşeyi yapıyorlar, gündüz havuz etkinlikleri gece dans ve canlı müzik.Yemeklerde ve kahvaltıda yeterince çeşit var canınız ne isterse onu yiyebilirsiniz. 24 saat boyunca hizmet devam ediyor, çalışanlar güleryüzlü yardımsever. Bu kadar büyük bir tesisi yönetmek de ayrı bir meziyet, odalar hergün temizleniyor hiçbiryerde çöp göremezsiniz, çimler ağaçlar bakımları muazzam.Küçük çocuğumuz yok ancak onlar içinde herşeyi düşünmüşler, çocuk parkları, kids club vs. Kötü yorumlara aldırış etmeyin, herşey şahane parasını sonuna kadar hak ediyor.","1 haftalık bir konaklama yapıyorum, halen oteldeyim, herşey kusursuz gidiyor şu ana kadar aksayan hiç birşey görmedim. Kalabalık mı evet kalabalık ama her misafir her yerden faydalanabiliyor bence, animasyon grubu şahane eğlendirmek ve tatilinizin güzel geçmesi için gereken herşeyi yapıyorlar, gündüz havuz etkinlikleri gece dans ve canlı müzik.Yemeklerde ve kahvaltıda yeterince çeşit var canınız ne isterse onu yiyebilirsiniz. 24 saat boyunca hizmet devam ediyor, çalışanlar güleryüzlü yardımsever. Bu kadar büyük bir tesisi yönetmek de ayrı bir meziyet, odalar hergün temizleniyor hiçbiryerde çöp göremezsiniz, çimler ağaçlar bakımları muazzam.Küçük çocuğumuz yok ancak onlar içinde herşeyi düşünmüşler, çocuk parkları, kids club vs. Kötü yorumlara aldırış etmeyin, herşey şahane parasını sonuna kadar hak ediyor.",817,110,False,Google,ChgI-abrn5G19OiAARoLL2cvMXRzcjVkZG4QAQ,2026-08-25T12:31:20+00:00,OK
gm_70322fc4dec58026,BOD012,Selectum Collection Bodrum,Akyarlar,5,HIGH,Google üzerinde bir ay önce,2026-07-26,2026,7,2026-07,True,False,"Hospitality Management sektöründe çalışan biri olarak hizmet kalitesine ve detaylara ister istemez daha dikkatli bakıyorum. Bu açıdan söyleyebilirim ki gerçekten çok etkilendim. Girişte bizi güler yüzlü ve enerjik bir ekip karşıladı. Lobinin atmosferi, kuş sesleri ve sıcak karşılama tatilimize harika bir başlangıç yaptı. Biz söylemeden odamızın upgrade edilmesi çok zarif bir jestti. Özellikle Front Office Manager Emrah Bey’in bizzat karşılaması ve konaklamamız boyunca sürekli bizimle ilgilenip herhangi bir isteğimiz olup olmadığını sorması misafir memnuniyetine verdikleri önemi açıkça gösteriyordu. Havuz başındaki eğlenceler çok keyifli, deniz ise inanılmaz berraktı. Tüm ekibe emekleri ve misafirperverlikleri için teşekkür ederim. Böyle profesyonel hizmeti görmek gerçekten mutluluk verici. Kesinlikle tekrar tercih edeceğim.","Hospitality Management sektöründe çalışan biri olarak hizmet kalitesine ve detaylara ister istemez daha dikkatli bakıyorum. Bu açıdan söyleyebilirim ki gerçekten çok etkilendim. Girişte bizi güler yüzlü ve enerjik bir ekip karşıladı. Lobinin atmosferi, kuş sesleri ve sıcak karşılama tatilimize harika bir başlangıç yaptı. Biz söylemeden odamızın upgrade edilmesi çok zarif bir jestti. Özellikle Front Office Manager Emrah Bey’in bizzat karşılaması ve konaklamamız boyunca sürekli bizimle ilgilenip herhangi bir isteğimiz olup olmadığını sorması misafir memnuniyetine verdikleri önemi açıkça gösteriyordu. Havuz başındaki eğlenceler çok keyifli, deniz ise inanılmaz berraktı. Tüm ekibe emekleri ve misafirperverlikleri için teşekkür ederim. Böyle profesyonel hizmeti görmek gerçekten mutluluk verici. Kesinlikle tekrar tercih edeceğim.",835,106,False,Google,ChgI-abrn5G19OiAARoLL2cvMXRzcjVkZG4QAQ,2026-08-25T12:31:20+00:00,OK
gm_f012514408b16166,BOD012,Selectum Collection Bodrum,Akyarlar,1,LOW,Google üzerinde 3 ay önce,2026-05-27,2026,5,2026-05,True,False,"Otelin planı ve yeşil alanları çok yerinde. Küçük çocuğumuz ile rahat vakit geçirmek için rezervasyon yaptık Mayıs ayında. Başta güzeldi fakat sonradan otele yüzlerce üniversite öğrencisi grubu geldi. Her yer 6-7 kişilik gruplar halinde dolaşan ve ağza alınmayacak küfürler eden erkek gruplarıyla doldu.
Doğrusu ailenizle gittiğiniz bir otelde içki içip sarhoş olan, sürekli küfür eden ve gürültü yapan gruplarla karşılaşmayı hiç istemezsiniz. Ziyaretimizi kısa kesip başka otele geçmek zorunda kaldık.
Aman diyeyim, ailenizle huzurlu bir tatil yapmak istiyorsaniz buradan uzak durun. Bizim gibi otelde kalan bir kaç çocuklu aile neye uğradığını şaşırdı.
Otelin bir kurumsal politikası yok anladığım kadarıyla. Profile bakmadan parayı veren her grubu alıyorlar. Riske alıp kimseye gitmesini tavsiye etmem, tatiliniz rezil olabilir.
Yemeklere gelecek olursak: yemekler yenilebilecek derecenin sınırında. Açılış saatine denk gelirseniz yeni pişmişlerden yiyebilirsiniz. Eger yemek basladiktan 1 saat sonra giderseniz ızgarada pisen etlerin çamur benzeri bir maddeyle kaplanmış gibi olduğunu göreceksiniz. Izgaranın başındaki elemanlar ızgarayı temizlemeleri gerektiğinin farkında değil.
Otelin tek 5 yıldiz kısmı personeli. Rn üst seviyeden en alt seviyeye kadar tüm personel son derece saygılı ve kibardı. 5 yıldızlı bir otelden alacağınız hizmeti alıyorsunuz.
Özetle: Fiyat olarak bütçeniz buraya yetiyorsa kalabilirsiniz. Yaz sezonunda apaçileri doldurmazlar herhalde. Genelde yabancılar ve aileler olur tahminimce. Sezon dışında ise asla tavsiye etmem.","Otelin planı ve yeşil alanları çok yerinde. Küçük çocuğumuz ile rahat vakit geçirmek için rezervasyon yaptık Mayıs ayında. Başta güzeldi fakat sonradan otele yüzlerce üniversite öğrencisi grubu geldi. Her yer 6-7 kişilik gruplar halinde dolaşan ve ağza alınmayacak küfürler eden erkek gruplarıyla doldu. Doğrusu ailenizle gittiğiniz bir otelde içki içip sarhoş olan, sürekli küfür eden ve gürültü yapan gruplarla karşılaşmayı hiç istemezsiniz. Ziyaretimizi kısa kesip başka otele geçmek zorunda kaldık. Aman diyeyim, ailenizle huzurlu bir tatil yapmak istiyorsaniz buradan uzak durun. Bizim gibi otelde kalan bir kaç çocuklu aile neye uğradığını şaşırdı. Otelin bir kurumsal politikası yok anladığım kadarıyla. Profile bakmadan parayı veren her grubu alıyorlar. Riske alıp kimseye gitmesini tavsiye etmem, tatiliniz rezil olabilir. Yemeklere gelecek olursak: yemekler yenilebilecek derecenin sınırında. Açılış saatine denk gelirseniz yeni pişmişlerden yiyebilirsiniz. Eger yemek basladiktan 1 saat sonra giderseniz ızgarada pisen etlerin çamur benzeri bir maddeyle kaplanmış gibi olduğunu göreceksiniz. Izgaranın başındaki elemanlar ızgarayı temizlemeleri gerektiğinin farkında değil. Otelin tek 5 yıldiz kısmı personeli. Rn üst seviyeden en alt seviyeye kadar tüm personel son derece saygılı ve kibardı. 5 yıldızlı bir otelden alacağınız hizmeti alıyorsunuz. Özetle: Fiyat olarak bütçeniz buraya yetiyorsa kalabilirsiniz. Yaz sezonunda apaçileri doldurmazlar herhalde. Genelde yabancılar ve aileler olur tahminimce. Sezon dışında ise asla tavsiye etmem.",1554,206,False,Google,ChgI-abrn5G19OiAARoLL2cvMXRzcjVkZG4QAQ,2026-08-25T12:31:20+00:00,OK
gm_9dc96d1a6c2962c3,BOD012,Selectum Collection Bodrum,Akyarlar,5,HIGH,Google üzerinde 3 hafta önce,2026-08-04,2026,8,2026-08,True,False,Selectum otellerinde 2. Kez konaklama yapıyoruz geçen yıl side comfort Family de konaklama yapmıştık ve oradan da çok memnun ayrıldık. Bu sene de memnuniyetimizden ötürü tekrardan selectum otelini tercih ettik. Otel’in konumu merkezi olması sebebiyle ulaşım konusunda hiç bir sorun yaşamadık. Tüm bölgelere ulaşım maximum 30 dk sürüyor. Otelin yemekleri gayet güzel geldiğiniz de hiç bir şekilde aç kalmanız mümkün değil. Animasyon ekibinden Mert Arkadaşımız tatilimiz boyunca ilgisi ve alakası bizi çok memnun etti. Dart oyunu en keyif aldığımız zamanlardı. Tüm selectum ailesine gönülden teşekkür eder. Bir sonraki senelerde tekrardan görüşmek dileğiyle.,Selectum otellerinde 2. Kez konaklama yapıyoruz geçen yıl side comfort Family de konaklama yapmıştık ve oradan da çok memnun ayrıldık. Bu sene de memnuniyetimizden ötürü tekrardan selectum otelini tercih ettik. Otel’in konumu merkezi olması sebebiyle ulaşım konusunda hiç bir sorun yaşamadık. Tüm bölgelere ulaşım maximum 30 dk sürüyor. Otelin yemekleri gayet güzel geldiğiniz de hiç bir şekilde aç kalmanız mümkün değil. Animasyon ekibinden Mert Arkadaşımız tatilimiz boyunca ilgisi ve alakası bizi çok memnun etti. Dart oyunu en keyif aldığımız zamanlardı. Tüm selectum ailesine gönülden teşekkür eder. Bir sonraki senelerde tekrardan görüşmek dileğiyle.,656,92,False,Google,ChgI-abrn5G19OiAARoLL2cvMXRzcjVkZG4QAQ,2026-08-25T12:31:20+00:00,OK
gm_607e60fcab4deb86,BOD012,Selectum Collection Bodrum,Akyarlar,5,HIGH,Google üzerinde bir ay önce,2026-07-26,2026,7,2026-07,True,False,"27 haziran - 3 temmuz arasında eşimle konakladık. Denizi tertemiz, dalgasız. Havuzları da tertemiz. Şezlong problemi de hiç yaşamadık.
Yemekleri de hergün çeşit çeşit. Bar kalitesi yüksek.
Biz özellikle akşamları etkinliklerinden çok memnun kaldık. Hergün farklı konseptlerde dans ekipleri geldi. Dans showlarından sonra da eğlenceye canlı müzikle devam edildi. Baya eğlendik. :) Etkinlik ekibi müdürü Volkan Bey ve Mert Beye ilgi alakalarından ve düzenledikleri etkinliklerden dolayı teşekkür ederiz. :)","27 haziran - 3 temmuz arasında eşimle konakladık. Denizi tertemiz, dalgasız. Havuzları da tertemiz. Şezlong problemi de hiç yaşamadık. Yemekleri de hergün çeşit çeşit. Bar kalitesi yüksek. Biz özellikle akşamları etkinliklerinden çok memnun kaldık. Hergün farklı konseptlerde dans ekipleri geldi. Dans showlarından sonra da eğlenceye canlı müzikle devam edildi. Baya eğlendik. :) Etkinlik ekibi müdürü Volkan Bey ve Mert Beye ilgi alakalarından ve düzenledikleri etkinliklerden dolayı teşekkür ederiz. :)",504,69,False,Google,ChgI-abrn5G19OiAARoLL2cvMXRzcjVkZG4QAQ,2026-08-25T12:31:20+00:00,OK
gm_10388c4692ade23b,BOD012,Selectum Collection Bodrum,Akyarlar,2,LOW,Google üzerinde 16 saat önce,2026-08-24,2026,8,2026-08,True,False,"(Google tarafından çevrildi) Çok kirli odalar
(Orijinal)
Sehr dreckige zimmer",(Google tarafından çevrildi) Çok kirli odalar (Orijinal) Sehr dreckige zimmer,77,10,False,Google,ChgI-abrn5G19OiAARoLL2cvMXRzcjVkZG4QAQ,2026-08-25T12:56:31+00:00,VERY_SHORT_TEXT
gm_9b542b2355790e4b,BOD012,Selectum Collection Bodrum,Akyarlar,5,HIGH,Google üzerinde 19 saat önce,2026-08-24,2026,8,2026-08,True,False,"(Google tarafından çevrildi) Otelden çok memnun kaldık. Bize iyi baktığınız ve güzel vakit geçirmemizi sağladığınız için Sofi'ye teşekkür ederiz.
(Orijinal)
liked the hotel. thank you sofi for taking care us and giving us a good time",(Google tarafından çevrildi) Otelden çok memnun kaldık. Bize iyi baktığınız ve güzel vakit geçirmemizi sağladığınız için Sofi'ye teşekkür ederiz. (Orijinal) liked the hotel. thank you sofi for taking care us and giving us a good time,233,36,False,Google,ChgI-abrn5G19OiAARoLL2cvMXRzcjVkZG4QAQ,2026-08-25T12:56:31+00:00,OK
gm_829b0709887b21f3,BOD012,Selectum Collection Bodrum,Akyarlar,5,HIGH,Google üzerinde bir gün önce,2026-08-24,2026,8,2026-08,True,False,"(Google tarafından çevrildi) Teri ve Zeynep'e teşekkürler, harika animatronikler ve yüzücü Emirhan da muhteşemdi! Kesinlikle tekrar geleceğiz :)!
(Orijinal)
Dekujeme Teri a Zeynep, skvělí animatroky a plavcik Emirhan take super! Urcite prijedeme znovu :)!","(Google tarafından çevrildi) Teri ve Zeynep'e teşekkürler, harika animatronikler ve yüzücü Emirhan da muhteşemdi! Kesinlikle tekrar geleceğiz :)! (Orijinal) Dekujeme Teri a Zeynep, skvělí animatroky a plavcik Emirhan take super! Urcite prijedeme znovu :)!",255,34,False,Google,ChgI-abrn5G19OiAARoLL2cvMXRzcjVkZG4QAQ,2026-08-25T12:56:31+00:00,OK
gm_cc20d516f4f04178,BOD012,Selectum Collection Bodrum,Akyarlar,5,HIGH,Google üzerinde bir gün önce,2026-08-24,2026,8,2026-08,True,False,Her şey çok güzeldi animasyon ekibine ve su sporlarına teşekkürler,Her şey çok güzeldi animasyon ekibine ve su sporlarına teşekkürler,66,10,False,Google,ChgI-abrn5G19OiAARoLL2cvMXRzcjVkZG4QAQ,2026-08-25T12:56:31+00:00,VERY_SHORT_TEXT
gm_239a5ea37123905e,BOD012,Selectum Collection Bodrum,Akyarlar,1,LOW,Google üzerinde bir gün önce,2026-08-24,2026,8,2026-08,True,False,Şuan hala otelde tatil yapmaktayım ama geldiğime mutlu oldum diyemem odalar çok eski ve pis söylediğin zaman temizliği yapılıyor oda yüzeysel odadaki bütün eşyalar çok eski yatakları bile bel ağrıtıyor rahat değil temizlik az -orta az arası personel temizlik çalışanları haricinde gayet saygılı ve yardımcı oluyor yemekler yetersiz ve çok lezzetsiz bu fiyata beklenilen performans değil sadece zaman geçmesi için bekliyoruz otelde dondurma dolapları dolmuyor buz yiyoruz sadece ve saatle doldurduklarını söyleyip yardımcı olamıyorlar gelecek olanlar için gelmeyin daha güzel tercihler var demek istiyorum kötü yorumları okuyup rezervasyonu iptal edecektik oteli aradık öyle bişey yok herkes gayet memnun demişlerdi ama yorumları dinlemek lazımmış boşa zaman kaybı oldu,Şuan hala otelde tatil yapmaktayım ama geldiğime mutlu oldum diyemem odalar çok eski ve pis söylediğin zaman temizliği yapılıyor oda yüzeysel odadaki bütün eşyalar çok eski yatakları bile bel ağrıtıyor rahat değil temizlik az -orta az arası personel temizlik çalışanları haricinde gayet saygılı ve yardımcı oluyor yemekler yetersiz ve çok lezzetsiz bu fiyata beklenilen performans değil sadece zaman geçmesi için bekliyoruz otelde dondurma dolapları dolmuyor buz yiyoruz sadece ve saatle doldurduklarını söyleyip yardımcı olamıyorlar gelecek olanlar için gelmeyin daha güzel tercihler var demek istiyorum kötü yorumları okuyup rezervasyonu iptal edecektik oteli aradık öyle bişey yok herkes gayet memnun demişlerdi ama yorumları dinlemek lazımmış boşa zaman kaybı oldu,768,107,False,Google,ChgI-abrn5G19OiAARoLL2cvMXRzcjVkZG4QAQ,2026-08-25T12:56:32+00:00,OK
gm_b4b12b2b8ce9f600,BOD012,Selectum Collection Bodrum,Akyarlar,5,HIGH,Google üzerinde bir gün önce,2026-08-24,2026,8,2026-08,True,False,"Muhammed Gümüş
Google üzerinde bir gün önce",,,,True,Google,ChgI-abrn5G19OiAARoLL2cvMXRzcjVkZG4QAQ,2026-08-25T12:56:32+00:00,TEXT_WAS_REVIEWER_NAME_ARTIFACT
gm_6e997bb63090d3e7,BOD012,Selectum Collection Bodrum,Akyarlar,5,HIGH,Google üzerinde bir gün önce,2026-08-24,2026,8,2026-08,True,False,"Enver Gunes
Google üzerinde bir gün önce",,,,True,Google,ChgI-abrn5G19OiAARoLL2cvMXRzcjVkZG4QAQ,2026-08-25T12:56:32+00:00,TEXT_WAS_REVIEWER_NAME_ARTIFACT
gm_34b3ea72271326e0,BOD012,Selectum Collection Bodrum,Akyarlar,5,HIGH,Google üzerinde bir gün önce,2026-08-24,2026,8,2026-08,True,False,"Enver Güneş
Google üzerinde bir gün önce",,,,True,Google,ChgI-abrn5G19OiAARoLL2cvMXRzcjVkZG4QAQ,2026-08-25T12:56:32+00:00,TEXT_WAS_REVIEWER_NAME_ARTIFACT
gm_914d4d8c7165eda3,BOD068,Selectum Colours Bodrum,Gümbet,5,HIGH,Tripadvisor üzerinde bir ay önce,2026-07-26,2026,7,2026-07,True,False,"Tatilimiz boyunca her anından büyük keyif kaybı, beklentilerimizin üzerinde bir konaklama deneyimi yaşandı. Otele giriş yaptığımız ilk andan itibaren güler yüzlü, ilgi ve profesyonellik bizi çok mutlu etti. …","Tatilimiz boyunca her anından büyük keyif kaybı, beklentilerimizin üzerinde bir konaklama deneyimi yaşandı. Otele giriş yaptığımız ilk andan itibaren güler yüzlü, ilgi ve profesyonellik bizi çok mutlu etti. ...",210,29,False,Tripadvisor,CgoIiavW48r20LIjEAE,2026-08-25T12:30:31+00:00,OK
gm_7b4219eac9cc5335,BOD068,Selectum Colours Bodrum,Gümbet,5,HIGH,Google üzerinde 2 hafta önce,2026-08-11,2026,8,2026-08,True,False,"Selectum Colours Bodrum’da geçirdiğim tatilden genel olarak çok memnun kaldım. Otele girişten itibaren güler yüzlü bir karşılama vardı ve tüm tatil boyunca personelin ilgisi hiç eksik olmadı.
Yemekler otelin en güçlü yönlerinden biri. Ana restoranda kahvaltıdan akşam yemeğine kadar oldukça geniş bir çeşitlilik sunuluyor. Et, tavuk, balık, ızgara çeşitleri, salatalar, tatlılar ve dünya mutfağından farklı lezzetler her gün özenle hazırlanıyor. Yemeklerin lezzeti ve sunumu gerçekten başarılıydı. Ana restoran ekibinin ilgisi ve özellikle Fırat Bey’in misafirlere yaklaşımı, düzeni ve profesyonelliği takdire değerdi.
Misafir ilişkileri tarafında Melike Hanım’ın ilgisi ayrıca teşekkür edilmeyi hak ediyor. Güler yüzü, çözüm odaklı yaklaşımı ve misafir memnuniyetine verdiği önem sayesinde kendimizi gerçekten değerli hissettik. Her konuda yardımcı olmaya çalışması tatilimizi daha da keyifli hale getirdi.
Otelin 7/24 hizmet veren restoranı büyük bir avantaj. Günün hangi saatinde acıkırsanız acıkın kaliteli ve lezzetli yiyeceklere ulaşabiliyorsunuz. Hamburger, pizza, makarna ve diğer atıştırmalıklar hem lezzetli hem de hızlı servis ediliyor.
A la carte restoranlar da oldukça başarılıydı. Özellikle İtalyan ve deniz ürünleri restoranlarında hem servis kalitesi hem de yemeklerin lezzeti beklentimizin üzerindeydi. Rezervasyon sistemi düzenli çalışıyor ve çalışanlar misafirlerle yakından ilgileniyor.
Denizi tertemiz ve berrak. İskeleler oldukça kullanışlı, havuzlar geniş ve bakımlı. Gün boyunca animasyon ekibi eğlenceli aktiviteler düzenliyor, akşamları ise canlı müzik ve profesyonel gösteriler sayesinde otelde keyifli vakit geçiriliyor.
Odaların temizliği düzenli yapılıyor, minibar her gün yenileniyor ve ortak alanlar genel olarak bakımlı. Otelin Bodrum merkeze yakın konumu da büyük bir avantaj. İsteyenler kısa sürede merkeze ulaşabilirken, otelin içinde de tatili dolu dolu geçirmek mümkün.","Selectum Colours Bodrum’da geçirdiğim tatilden genel olarak çok memnun kaldım. Otele girişten itibaren güler yüzlü bir karşılama vardı ve tüm tatil boyunca personelin ilgisi hiç eksik olmadı. Yemekler otelin en güçlü yönlerinden biri. Ana restoranda kahvaltıdan akşam yemeğine kadar oldukça geniş bir çeşitlilik sunuluyor. Et, tavuk, balık, ızgara çeşitleri, salatalar, tatlılar ve dünya mutfağından farklı lezzetler her gün özenle hazırlanıyor. Yemeklerin lezzeti ve sunumu gerçekten başarılıydı. Ana restoran ekibinin ilgisi ve özellikle Fırat Bey’in misafirlere yaklaşımı, düzeni ve profesyonelliği takdire değerdi. Misafir ilişkileri tarafında Melike Hanım’ın ilgisi ayrıca teşekkür edilmeyi hak ediyor. Güler yüzü, çözüm odaklı yaklaşımı ve misafir memnuniyetine verdiği önem sayesinde kendimizi gerçekten değerli hissettik. Her konuda yardımcı olmaya çalışması tatilimizi daha da keyifli hale getirdi. Otelin 7/24 hizmet veren restoranı büyük bir avantaj. Günün hangi saatinde acıkırsanız acıkın kaliteli ve lezzetli yiyeceklere ulaşabiliyorsunuz. Hamburger, pizza, makarna ve diğer atıştırmalıklar hem lezzetli hem de hızlı servis ediliyor. A la carte restoranlar da oldukça başarılıydı. Özellikle İtalyan ve deniz ürünleri restoranlarında hem servis kalitesi hem de yemeklerin lezzeti beklentimizin üzerindeydi. Rezervasyon sistemi düzenli çalışıyor ve çalışanlar misafirlerle yakından ilgileniyor. Denizi tertemiz ve berrak. İskeleler oldukça kullanışlı, havuzlar geniş ve bakımlı. Gün boyunca animasyon ekibi eğlenceli aktiviteler düzenliyor, akşamları ise canlı müzik ve profesyonel gösteriler sayesinde otelde keyifli vakit geçiriliyor. Odaların temizliği düzenli yapılıyor, minibar her gün yenileniyor ve ortak alanlar genel olarak bakımlı. Otelin Bodrum merkeze yakın konumu da büyük bir avantaj. İsteyenler kısa sürede merkeze ulaşabilirken, otelin içinde de tatili dolu dolu geçirmek mümkün.",1907,246,False,Google,CgoIiavW48r20LIjEAE,2026-08-25T12:30:31+00:00,OK
gm_97db28cfe4442fdb,BOD068,Selectum Colours Bodrum,Gümbet,5,HIGH,Google üzerinde bir ay önce,2026-07-26,2026,7,2026-07,True,False,"Tatilimiz boyunca bu otelde geçirdiğimiz her an gerçekten çok keyifliydi. Daha giriş yaptığımız ilk andan itibaren güler yüzle karşılandık ve kendimizi evimizde gibi hissettik. Tesis son derece temiz, düzenli ve bakımlıydı. Odalar ferah, konforlu ve her gün özenle temizleniyordu. Ortak alanların hijyenine gösterilen özen de takdire şayandı.
Yemekler oldukça lezzetli ve çeşitliydi. Her öğünde farklı damak zevklerine hitap eden seçenekler bulunuyordu. Tatlılar, taze meyveler ve atıştırmalıklar da çok başarılıydı. Restoran çalışanları her zaman nazik, güler yüzlü ve ilgiliydi.
Havuzlar, plaj ve tüm sosyal alanlar oldukça temiz ve düzenliydi. Animasyon ekibi gün boyu eğlenceli etkinlikler düzenleyerek hem çocukların hem de yetişkinlerin güzel vakit geçirmesini sağlıyordu. Ailece rahatlıkla tercih edilebilecek, huzurlu ve kaliteli bir otel.
Özellikle Misafir İlişkileri departmanından Sadiye Hanım’a ayrıca teşekkür etmek isteriz. Tatilimiz boyunca her konuda bizimle yakından ilgilendi, tüm sorularımıza sabırla yardımcı oldu ve her zaman güler yüzüyle yanımızdaydı. Misafir memnuniyetini gerçekten önemseyen, işini büyük bir özveriyle yapan değerli bir çalışan. Kendisi sayesinde tatilimiz çok daha özel ve unutulmaz hale geldi.
Bu güzel deneyimi yaşamamızı sağlayan tüm otel çalışanlarına teşekkür ediyoruz. Profesyonel hizmet anlayışı, sıcak atmosferi ve kaliteli hizmetiyle kesinlikle tavsiye edeceğimiz bir otel. İlk fırsatta tekrar gelmeyi sabırsızlıkla bekliyoruz. Her şey için sonsuz teşekkürler!","Tatilimiz boyunca bu otelde geçirdiğimiz her an gerçekten çok keyifliydi. Daha giriş yaptığımız ilk andan itibaren güler yüzle karşılandık ve kendimizi evimizde gibi hissettik. Tesis son derece temiz, düzenli ve bakımlıydı. Odalar ferah, konforlu ve her gün özenle temizleniyordu. Ortak alanların hijyenine gösterilen özen de takdire şayandı. Yemekler oldukça lezzetli ve çeşitliydi. Her öğünde farklı damak zevklerine hitap eden seçenekler bulunuyordu. Tatlılar, taze meyveler ve atıştırmalıklar da çok başarılıydı. Restoran çalışanları her zaman nazik, güler yüzlü ve ilgiliydi. Havuzlar, plaj ve tüm sosyal alanlar oldukça temiz ve düzenliydi. Animasyon ekibi gün boyu eğlenceli etkinlikler düzenleyerek hem çocukların hem de yetişkinlerin güzel vakit geçirmesini sağlıyordu. Ailece rahatlıkla tercih edilebilecek, huzurlu ve kaliteli bir otel. Özellikle Misafir İlişkileri departmanından Sadiye Hanım’a ayrıca teşekkür etmek isteriz. Tatilimiz boyunca her konuda bizimle yakından ilgilendi, tüm sorularımıza sabırla yardımcı oldu ve her zaman güler yüzüyle yanımızdaydı. Misafir memnuniyetini gerçekten önemseyen, işini büyük bir özveriyle yapan değerli bir çalışan. Kendisi sayesinde tatilimiz çok daha özel ve unutulmaz hale geldi. Bu güzel deneyimi yaşamamızı sağlayan tüm otel çalışanlarına teşekkür ediyoruz. Profesyonel hizmet anlayışı, sıcak atmosferi ve kaliteli hizmetiyle kesinlikle tavsiye edeceğimiz bir otel. İlk fırsatta tekrar gelmeyi sabırsızlıkla bekliyoruz. Her şey için sonsuz teşekkürler!",1512,197,False,Google,CgoIiavW48r20LIjEAE,2026-08-25T12:30:31+00:00,OK
gm_432250d11a2478f0,BOD068,Selectum Colours Bodrum,Gümbet,4,HIGH,Google üzerinde bir ay önce,2026-07-26,2026,7,2026-07,True,False,"Otelde 5 gece konaklama yaptık. Konaklamamız boyunca otelin genel temizliğinden oldukça memnun kaldık. Odalar eski. Deniz güzeldi, sadece yer yer taşlı olması nedeniyle deniz ayakkabısı faydalı olabilir. Havuz ise oldukça temiz ve keyifliydi. Personelin genel yaklaşımı çok güler yüzlü ve yardımseverdi. Sadece 7/24 bölümünde çalışan garsonların ilgisini diğer ekibe göre biraz yetersiz bulduk.
Ana restoranın yemekleri ise maalesef beklentimizi karşılamadı. Özellikle et ürünleri hem görüntü hem de lezzet açısından bize kaliteli gelmedi ve çoğunu tercih etmedik. Buna karşın içecek kalitesinden oldukça memnun kaldık.
Tatilimizi güzelleştiren en önemli şey ise çalışanların samimiyeti oldu. Her yere yetişen, güler yüzü ve iyi kalbiyle tatilimiz boyunca adeta arkadaşımız olan Ömer Soyak'a ayrıca teşekkür etmek istiyoruz. Bunun yanında Visko'dan Sedat'a, resepsiyondan Ege Bey'e, ayrıca Hasan ve Hüseyin kardeşlere de ilgi ve emekleri için çok teşekkür ederiz. Onlar sayesinde tatilimiz çok daha keyifli geçti.","Otelde 5 gece konaklama yaptık. Konaklamamız boyunca otelin genel temizliğinden oldukça memnun kaldık. Odalar eski. Deniz güzeldi, sadece yer yer taşlı olması nedeniyle deniz ayakkabısı faydalı olabilir. Havuz ise oldukça temiz ve keyifliydi. Personelin genel yaklaşımı çok güler yüzlü ve yardımseverdi. Sadece 7/24 bölümünde çalışan garsonların ilgisini diğer ekibe göre biraz yetersiz bulduk. Ana restoranın yemekleri ise maalesef beklentimizi karşılamadı. Özellikle et ürünleri hem görüntü hem de lezzet açısından bize kaliteli gelmedi ve çoğunu tercih etmedik. Buna karşın içecek kalitesinden oldukça memnun kaldık. Tatilimizi güzelleştiren en önemli şey ise çalışanların samimiyeti oldu. Her yere yetişen, güler yüzü ve iyi kalbiyle tatilimiz boyunca adeta arkadaşımız olan Ömer Soyak'a ayrıca teşekkür etmek istiyoruz. Bunun yanında Visko'dan Sedat'a, resepsiyondan Ege Bey'e, ayrıca Hasan ve Hüseyin kardeşlere de ilgi ve emekleri için çok teşekkür ederiz. Onlar sayesinde tatilimiz çok daha keyifli geçti.",1013,138,False,Google,CgoIiavW48r20LIjEAE,2026-08-25T12:30:31+00:00,OK
gm_6884551a8d93d06c,BOD068,Selectum Colours Bodrum,Gümbet,5,HIGH,Google üzerinde 2 ay önce,2026-06-26,2026,6,2026-06,True,False,"Selectum Colours Bodrum'da geçirdiğimiz tatil gerçekten unutulmazdı. Daha otele giriş yaptığımız ilk andan itibaren personelin samimi yaklaşımı ve profesyonel hizmet anlayışı sayesinde kendimizi çok özel hissettik. Tesisin temizliği, düzeni ve genel atmosferi son derece başarılıydı.
Odalar geniş, modern ve oldukça konforluydu. Her gün özenle temizlenmesi sayesinde tatil boyunca rahat ve huzurlu bir konaklama deneyimi yaşadık. Otelin denize sıfır konumu ve eşsiz manzarası ise ayrı bir güzellik katıyordu.
Yemekler oldukça çeşitli ve lezzetliydi. Açık büfede her öğünde farklı seçenekler bulunuyor, özellikle ızgaralar, tatlılar ve yöresel lezzetler büyük beğeni topluyordu. Restoran ve bar çalışanlarının güler yüzlü hizmeti de tatilimizi daha keyifli hale getirdi.
Otelin en beğendiğimiz yönlerinden biri ise animasyon ve spor aktiviteleriydi. Gün boyunca düzenlenen su sporları, havuz oyunları, dart, masa tenisi, plaj voleybolu, fitness etkinlikleri ve çeşitli turnuvalar sayesinde hiç sıkılmadık. Animasyon ekibi son derece enerjik, ilgili ve eğlenceliydi. Misafirleri aktivitelere dahil etmekte oldukça başarılıydılar ve herkesin keyifli vakit geçirmesini sağlıyorlardı. Akşam gösterileri, canlı müzik performansları ve eğlence programları da profesyonelce hazırlanmıştı.
Havuzları, plajı, spor olanakları, eğlence programları ve kaliteli hizmet anlayışıyla Selectum Colours Bodrum hem dinlenmek hem de aktif bir tatil geçirmek isteyenler için mükemmel bir seçenek. Tatil boyunca gösterdikleri ilgi ve misafirperverlik için tüm çalışanlara teşekkür ederiz. Harika anılarla ayrıldığımız bu güzel otele tekrar gelmek için şimdiden sabırsızlanıyoruz. Bodrum'da kaliteli, eğlenceli ve keyifli bir tatil arayan herkese gönül rahatlığıyla tavsiye ederim.","Selectum Colours Bodrum'da geçirdiğimiz tatil gerçekten unutulmazdı. Daha otele giriş yaptığımız ilk andan itibaren personelin samimi yaklaşımı ve profesyonel hizmet anlayışı sayesinde kendimizi çok özel hissettik. Tesisin temizliği, düzeni ve genel atmosferi son derece başarılıydı. Odalar geniş, modern ve oldukça konforluydu. Her gün özenle temizlenmesi sayesinde tatil boyunca rahat ve huzurlu bir konaklama deneyimi yaşadık. Otelin denize sıfır konumu ve eşsiz manzarası ise ayrı bir güzellik katıyordu. Yemekler oldukça çeşitli ve lezzetliydi. Açık büfede her öğünde farklı seçenekler bulunuyor, özellikle ızgaralar, tatlılar ve yöresel lezzetler büyük beğeni topluyordu. Restoran ve bar çalışanlarının güler yüzlü hizmeti de tatilimizi daha keyifli hale getirdi. Otelin en beğendiğimiz yönlerinden biri ise animasyon ve spor aktiviteleriydi. Gün boyunca düzenlenen su sporları, havuz oyunları, dart, masa tenisi, plaj voleybolu, fitness etkinlikleri ve çeşitli turnuvalar sayesinde hiç sıkılmadık. Animasyon ekibi son derece enerjik, ilgili ve eğlenceliydi. Misafirleri aktivitelere dahil etmekte oldukça başarılıydılar ve herkesin keyifli vakit geçirmesini sağlıyorlardı. Akşam gösterileri, canlı müzik performansları ve eğlence programları da profesyonelce hazırlanmıştı. Havuzları, plajı, spor olanakları, eğlence programları ve kaliteli hizmet anlayışıyla Selectum Colours Bodrum hem dinlenmek hem de aktif bir tatil geçirmek isteyenler için mükemmel bir seçenek. Tatil boyunca gösterdikleri ilgi ve misafirperverlik için tüm çalışanlara teşekkür ederiz. Harika anılarla ayrıldığımız bu güzel otele tekrar gelmek için şimdiden sabırsızlanıyoruz. Bodrum'da kaliteli, eğlenceli ve keyifli bir tatil arayan herkese gönül rahatlığıyla tavsiye ederim.",1757,223,False,Google,CgoIiavW48r20LIjEAE,2026-08-25T12:30:31+00:00,OK
gm_a73b4200e265d96a,BOD068,Selectum Colours Bodrum,Gümbet,2,LOW,Google üzerinde 3 hafta önce,2026-08-04,2026,8,2026-08,True,False,"Otelde 19-25 temmuz arası 7 gün konaklama yaptık. Otel odaları yenilenmiş ancak yataklar çok rahatsız. Odadaki tv eski model küçük bir tv. Kara tarafı odaları birbirine bakıyor. Oda kapısı odanın pencere kısmı oluyor. Otel konumu güzel denizi dalgasız. Ancak otel temmuz dönemi kapasitesinin üzerinde çalışıyor. Boş yer bulmak çok zor. Çok erken saat te havlu ile yer kapmanız gerekiyor aksi halde yer bulmak çok zor. Otel kapasitesinin üzerinde çalıştığı için birşey almak için çok fazla sıra bekleniyor; örneğin gözleme almak için 45 dk beklerseniz anca alabiliyorsunuz veya ana restaurantta herkesin sevdiği bir et varsa uzun kuyruk oluşuyor. Ek olarak yemeklerin lezzeti ve kalitesi düşük,. Otelin barlarında muadil alkollü içecekler var , kahve makineleri granül kahve. Sadece reception barında çekirdek kahve bulabiliyorsunuz. Havuz suyunun steril olduğunu düşünmüyorum ben ve eşim hastalandık solunum yolu enfks teşhisi aldım.Fiyat performans olarak bana göre , fiyatına göre düşük performansta. Otel ile ilgili en çok memnun kaldığım şey otelin personeli. Puanlama olsa 10 yıldız veririm kendilerine. Otelin over kapasitesine rağmen canla başla çalışıyorlar herşeyi halletmeye çalışıyorlar , güler yüzlerini eksik etmiyorlar. Burdan bir kez daha emekçi personele sevgi ve saygılarımı iletiyorum .","Otelde 19-25 temmuz arası 7 gün konaklama yaptık. Otel odaları yenilenmiş ancak yataklar çok rahatsız. Odadaki tv eski model küçük bir tv. Kara tarafı odaları birbirine bakıyor. Oda kapısı odanın pencere kısmı oluyor. Otel konumu güzel denizi dalgasız. Ancak otel temmuz dönemi kapasitesinin üzerinde çalışıyor. Boş yer bulmak çok zor. Çok erken saat te havlu ile yer kapmanız gerekiyor aksi halde yer bulmak çok zor. Otel kapasitesinin üzerinde çalıştığı için birşey almak için çok fazla sıra bekleniyor; örneğin gözleme almak için 45 dk beklerseniz anca alabiliyorsunuz veya ana restaurantta herkesin sevdiği bir et varsa uzun kuyruk oluşuyor. Ek olarak yemeklerin lezzeti ve kalitesi düşük,. Otelin barlarında muadil alkollü içecekler var , kahve makineleri granül kahve. Sadece reception barında çekirdek kahve bulabiliyorsunuz. Havuz suyunun steril olduğunu düşünmüyorum ben ve eşim hastalandık solunum yolu enfks teşhisi aldım.Fiyat performans olarak bana göre , fiyatına göre düşük performansta. Otel ile ilgili en çok memnun kaldığım şey otelin personeli. Puanlama olsa 10 yıldız veririm kendilerine. Otelin over kapasitesine rağmen canla başla çalışıyorlar herşeyi halletmeye çalışıyorlar , güler yüzlerini eksik etmiyorlar. Burdan bir kez daha emekçi personele sevgi ve saygılarımı iletiyorum .",1304,186,False,Google,CgoIiavW48r20LIjEAE,2026-08-25T12:30:32+00:00,OK
gm_55df7485bea28d84,BOD068,Selectum Colours Bodrum,Gümbet,1,LOW,Google üzerinde 3 hafta önce,2026-08-04,2026,8,2026-08,True,False,"Selectum Colors Bodrum'un puanına aldanıp gittik. Siz aldanmayın. Otel içinde gezip müşterilere olumlu yorum yaptirmaya çalışan bir ekip var. İkna edebilirse hemen o an yorum arttırıyorlar. Bir çok insanda kıramıyor tabi ki
Otel karşılamada çok zayıf. O pozisyonda ki birinin enerjisi ve güler yüzü ön planda olmalı. Nehir Hanımdan bunu göremedik. Son derece ilgisiz ve soğuktu. Sonrasında odamıza geçmek için uzun bir süre bellboy bekledik. Yanlış hatırlamıyorsam adı Murat'tı. 5 karış surat ile geldi tek kelime etmeden odayı gösterdi ve gitti. Oda tanıtımı vs yok. Çıkarken de sanki hasmına bakıyor gibi bakıyor. Farklı psikolojiler cidden.
Otelde lobi bar 12 den sonra kapalı. Onun yerine 7/24 restorant gibi bir konsept oluşturmuşlar. Düşünce güzel fakat çoğu zaman yer yok insanlar ayakta bekliyor. Ayrıca burada çalışan garsonların tutumu çok enteresan. Bir çay istiyorsun yarım saat sonra geliyor. Fakat gelen müşteri yabancıysa ilgi alaka sohbet muhabbet hizmet harika. O muameleyi gördükten sonra bir daha uğramadık.
Otelde genel olarak personel azlığı ile ilgili bir sıkıntı var. Akşam yemeklerinde içecek servisleri yetişmiyor. Ben ve benim gibi bir çok kişi içeceklerini kendi gidip aldı.
Animasyon ekibi zayıf. Bir kaç etkinlik yapıp bırakıyorlar. Sadece animasyon ekibi için gidilecek otellerde kaldım. Burası kesinlikle zayıftı.
Odaların ses yalıtımı berbat. Yan ve al odanın konuşmalarını aynen duyuyorduk. Gece 3 de dışarıdan gelen bass seslerini söylemiyorum bile.
Yemekhanede çeşit az olsada lezzetliydi.
Odalar günlük temizleniyor.
Bir gün çakmağımı kaybettim. Saat 12.30-01.00 sularında lobiye gidip çakmak sordum. Personel bana araba varsa tekelden alabilirsin dedi. :) çözüm bu. Ertesi gün sigaram bitti otel marketinde 100 liralık sigarayı 300 TL ye sattılar. Koskoca otel benim 200 TL me tenezzül ediyor.
Asla tavsiye etmiyorum.",Selectum Colors Bodrum'un puanına aldanıp gittik. Siz aldanmayın. Otel içinde gezip müşterilere olumlu yorum yaptirmaya çalışan bir ekip var. İkna edebilirse hemen o an yorum arttırıyorlar. Bir çok insanda kıramıyor tabi ki Otel karşılamada çok zayıf. O pozisyonda ki birinin enerjisi ve güler yüzü ön planda olmalı. Nehir Hanımdan bunu göremedik. Son derece ilgisiz ve soğuktu. Sonrasında odamıza geçmek için uzun bir süre bellboy bekledik. Yanlış hatırlamıyorsam adı Murat'tı. 5 karış surat ile geldi tek kelime etmeden odayı gösterdi ve gitti. Oda tanıtımı vs yok. Çıkarken de sanki hasmına bakıyor gibi bakıyor. Farklı psikolojiler cidden. Otelde lobi bar 12 den sonra kapalı. Onun yerine 7/24 restorant gibi bir konsept oluşturmuşlar. Düşünce güzel fakat çoğu zaman yer yok insanlar ayakta bekliyor. Ayrıca burada çalışan garsonların tutumu çok enteresan. Bir çay istiyorsun yarım saat sonra geliyor. Fakat gelen müşteri yabancıysa ilgi alaka sohbet muhabbet hizmet harika. O muameleyi gördükten sonra bir daha uğramadık. Otelde genel olarak personel azlığı ile ilgili bir sıkıntı var. Akşam yemeklerinde içecek servisleri yetişmiyor. Ben ve benim gibi bir çok kişi içeceklerini kendi gidip aldı. Animasyon ekibi zayıf. Bir kaç etkinlik yapıp bırakıyorlar. Sadece animasyon ekibi için gidilecek otellerde kaldım. Burası kesinlikle zayıftı. Odaların ses yalıtımı berbat. Yan ve al odanın konuşmalarını aynen duyuyorduk. Gece 3 de dışarıdan gelen bass seslerini söylemiyorum bile. Yemekhanede çeşit az olsada lezzetliydi. Odalar günlük temizleniyor. Bir gün çakmağımı kaybettim. Saat 12.30-01.00 sularında lobiye gidip çakmak sordum. Personel bana araba varsa tekelden alabilirsin dedi. :) çözüm bu. Ertesi gün sigaram bitti otel marketinde 100 liralık sigarayı 300 TL ye sattılar. Koskoca otel benim 200 TL me tenezzül ediyor. Asla tavsiye etmiyorum.,1854,268,False,Google,CgoIiavW48r20LIjEAE,2026-08-25T12:30:32+00:00,OK
gm_74c2d41c7bb33d62,BOD068,Selectum Colours Bodrum,Gümbet,5,HIGH,Google üzerinde bir ay önce,2026-07-26,2026,7,2026-07,True,False,"Selectum Colours Bodrum’da geçirdiğimiz tatilden gerçekten çok memnun kaldık. Otelin konumu, atmosferi, denize yakınlığı, genel temizliği ve sunduğu hizmetler tatilimizi çok keyifli hale getirdi. Daha ilk andan itibaren hem çalışanların ilgisi hem de otelin sıcak ortamı bize kendimizi rahat ve özel hissettirdi. Özellikle ailece tatil yapanlar için çok konforlu, düzenli ve huzurlu bir otel olduğunu söyleyebilirim.
Otelin genel alanları oldukça temiz ve bakımlıydı. Hem odalarda hem ortak kullanım alanlarında düzen hissediliyordu. Yemek çeşitliliği de gayet güzeldi; her gün farklı seçenekler olması, hem yetişkinler hem çocuklar için uygun alternatifler bulunması çok hoşumuza gitti. Havuz alanları, sahil kısmı ve otelin genel ambiyansı gerçekten dinlenmek ve keyif yapmak için çok uygundu. Gün içinde otelde sıkılmadan vakit geçirilebiliyor, akşamları da çok güzel bir tatil havası oluyor.
Ama özellikle ayrıca belirtmek istediğim bir konu var: Misafir ilişkileri ekibinden Sadiye Hanım. Kendisi tatilimiz boyunca bizimle çok ilgili, nazik, güler yüzlü ve çözüm odaklıydı. Her konuda sabırla yardımcı olması, sorularımıza içtenlikle yaklaşması ve bizi gerçekten önemseyerek ilgilenmesi çok kıymetliydi. Sadece görevini yapan biri gibi değil, misafirin memnuniyetini gerçekten önemseyen biri gibi davrandı. Bu da tatil deneyimimizi çok daha güzel hale getirdi. Güler yüzü, profesyonelliği, ilgisi ve samimiyeti için kendisine ayrıca çok teşekkür etmek istiyorum. Böyle çalışanlar bir oteli gerçekten farklı bir seviyeye taşıyor.
Genel olarak Selectum Colours Bodrum’dan çok memnun ayrıldık. Hem dinlenmek hem keyifli zaman geçirmek hem de güzel bir tatil anısı biriktirmek isteyenler için gönül rahatlığıyla tavsiye edebileceğim bir otel. Başta misafir ilişkilerinden Sadiye Hanım olmak üzere emeği geçen tüm ekibe teşekkür ederiz. Tekrar gelmek isteyeceğimiz bir tatil oldu.","Selectum Colours Bodrum’da geçirdiğimiz tatilden gerçekten çok memnun kaldık. Otelin konumu, atmosferi, denize yakınlığı, genel temizliği ve sunduğu hizmetler tatilimizi çok keyifli hale getirdi. Daha ilk andan itibaren hem çalışanların ilgisi hem de otelin sıcak ortamı bize kendimizi rahat ve özel hissettirdi. Özellikle ailece tatil yapanlar için çok konforlu, düzenli ve huzurlu bir otel olduğunu söyleyebilirim. Otelin genel alanları oldukça temiz ve bakımlıydı. Hem odalarda hem ortak kullanım alanlarında düzen hissediliyordu. Yemek çeşitliliği de gayet güzeldi; her gün farklı seçenekler olması, hem yetişkinler hem çocuklar için uygun alternatifler bulunması çok hoşumuza gitti. Havuz alanları, sahil kısmı ve otelin genel ambiyansı gerçekten dinlenmek ve keyif yapmak için çok uygundu. Gün içinde otelde sıkılmadan vakit geçirilebiliyor, akşamları da çok güzel bir tatil havası oluyor. Ama özellikle ayrıca belirtmek istediğim bir konu var: Misafir ilişkileri ekibinden Sadiye Hanım. Kendisi tatilimiz boyunca bizimle çok ilgili, nazik, güler yüzlü ve çözüm odaklıydı. Her konuda sabırla yardımcı olması, sorularımıza içtenlikle yaklaşması ve bizi gerçekten önemseyerek ilgilenmesi çok kıymetliydi. Sadece görevini yapan biri gibi değil, misafirin memnuniyetini gerçekten önemseyen biri gibi davrandı. Bu da tatil deneyimimizi çok daha güzel hale getirdi. Güler yüzü, profesyonelliği, ilgisi ve samimiyeti için kendisine ayrıca çok teşekkür etmek istiyorum. Böyle çalışanlar bir oteli gerçekten farklı bir seviyeye taşıyor. Genel olarak Selectum Colours Bodrum’dan çok memnun ayrıldık. Hem dinlenmek hem keyifli zaman geçirmek hem de güzel bir tatil anısı biriktirmek isteyenler için gönül rahatlığıyla tavsiye edebileceğim bir otel. Başta misafir ilişkilerinden Sadiye Hanım olmak üzere emeği geçen tüm ekibe teşekkür ederiz. Tekrar gelmek isteyeceğimiz bir tatil oldu.",1880,254,False,Google,CgoIiavW48r20LIjEAE,2026-08-25T12:30:32+00:00,OK
gm_f44c21590c927758,BOD068,Selectum Colours Bodrum,Gümbet,4,HIGH,Google üzerinde 2 ay önce,2026-06-26,2026,6,2026-06,True,False,"Hizmet ve İmkan Çeşitliliği Çok Fazla, Ancak Teknik ve Yapısal Sorunlar Mevcut
Otelde konakladığımız süre boyunca hem profesyonel yaklaşımlar hem de ciddi aksaklıklarla karşılaştık.
Giriş Deneyimi ve Hizmet:
Giriş günü, otel muhasebe sisteminden kaynaklanan bir sorun nedeniyle oldukça tatsız bir başlangıç yaptık. Ödememizi yaptığımızı kredi kartı ekstrelerimizle ispat etmemize rağmen, muhasebe tarafı hatayı bir türlü bulamadığı için 3 saat boyunca lobide bekletildik. Bu süreçte Sultan Hanım sorunu çözmek için çok çaba sarf etti ancak teknik nedenlerle kaynak bulunamadı. En nihayetinde Sultan Hanım’ın müdürü olan Hanımefendi, ekstrelerimizi inceleyip bize güvenerek odaya geçişimiz için onay verdi. Kendilerine bu insani ve çözüm odaklı yaklaşımları için teşekkür ederim.
Konaklama ve Oda Kalitesi:
Oda kalitesi ve genel konfor açısından otele 10 üzerinden 9 verebilirim; odalar oldukça iyi tasarlanmış. Ancak çok kritik bir sorun var: Ses yalıtımı neredeyse yok. Duvarlar o kadar ince ki yan odada veya koridorda fısıltıyla konuşulanlar bile odanın içindeymiş gibi duyuluyor. Bu durum huzurlu bir konaklamayı engelliyor.
Yemekler ve İmkanlar:
Otelin imkanları ve hizmet çeşitliliği takdire şayan. 7/24 açık barı ve her an ulaşılabilir yemek imkanı olması büyük bir artı. Ancak bu kadar bol hizmetin yanında yemeklerin kalitesi maalesef vasat/orta seviyede kalmış. Çeşitlilikten ziyade lezzet ve kaliteye daha çok odaklanılması gerektiğini düşünüyorum.
Genel Atmosfer:
Havuz ve etkinlikler oldukça başarılı ve eğlenceli. Denizi ise taşlık ve biraz bulanık olduğu için orta seviyede diyebilirim.
Sonuç: Konumu güzel, personeli (özellikle Sultan Hanım ve Müdürü) ilgili ve imkanları çok geniş bir tesis. Eğer yemek kalitesi artırılır, muhasebe/sistem sorunları giderilir ve oda yalıtımına çözüm bulunursa çok daha iyi bir işletme olabilir","Hizmet ve İmkan Çeşitliliği Çok Fazla, Ancak Teknik ve Yapısal Sorunlar Mevcut Otelde konakladığımız süre boyunca hem profesyonel yaklaşımlar hem de ciddi aksaklıklarla karşılaştık. Giriş Deneyimi ve Hizmet: Giriş günü, otel muhasebe sisteminden kaynaklanan bir sorun nedeniyle oldukça tatsız bir başlangıç yaptık. Ödememizi yaptığımızı kredi kartı ekstrelerimizle ispat etmemize rağmen, muhasebe tarafı hatayı bir türlü bulamadığı için 3 saat boyunca lobide bekletildik. Bu süreçte Sultan Hanım sorunu çözmek için çok çaba sarf etti ancak teknik nedenlerle kaynak bulunamadı. En nihayetinde Sultan Hanım’ın müdürü olan Hanımefendi, ekstrelerimizi inceleyip bize güvenerek odaya geçişimiz için onay verdi. Kendilerine bu insani ve çözüm odaklı yaklaşımları için teşekkür ederim. Konaklama ve Oda Kalitesi: Oda kalitesi ve genel konfor açısından otele 10 üzerinden 9 verebilirim; odalar oldukça iyi tasarlanmış. Ancak çok kritik bir sorun var: Ses yalıtımı neredeyse yok. Duvarlar o kadar ince ki yan odada veya koridorda fısıltıyla konuşulanlar bile odanın içindeymiş gibi duyuluyor. Bu durum huzurlu bir konaklamayı engelliyor. Yemekler ve İmkanlar: Otelin imkanları ve hizmet çeşitliliği takdire şayan. 7/24 açık barı ve her an ulaşılabilir yemek imkanı olması büyük bir artı. Ancak bu kadar bol hizmetin yanında yemeklerin kalitesi maalesef vasat/orta seviyede kalmış. Çeşitlilikten ziyade lezzet ve kaliteye daha çok odaklanılması gerektiğini düşünüyorum. Genel Atmosfer: Havuz ve etkinlikler oldukça başarılı ve eğlenceli. Denizi ise taşlık ve biraz bulanık olduğu için orta seviyede diyebilirim. Sonuç: Konumu güzel, personeli (özellikle Sultan Hanım ve Müdürü) ilgili ve imkanları çok geniş bir tesis. Eğer yemek kalitesi artırılır, muhasebe/sistem sorunları giderilir ve oda yalıtımına çözüm bulunursa çok daha iyi bir işletme olabilir",1843,254,False,Google,CgoIiavW48r20LIjEAE,2026-08-25T12:30:32+00:00,OK
gm_182577327c7d55e2,BOD068,Selectum Colours Bodrum,Gümbet,3,MIXED,Google üzerinde bir ay önce,2026-07-26,2026,7,2026-07,True,False,"Deneyimli bir otelci olarak soylemeliyim ki cok ortalama bir otelin nasil bu kadar yuksek puan aldigini anlamadim. Otelin konumu, denizi, odalara giden yollarin yesillik icinde olmasi cok guzel. Fakat.. Yemekler ve temizlik maalesef cok iyi degildi. Hayatimda gordugum en lakayit animasyon ekibiydi. Elinde sigaralarla havuz basinda musterilerle yuksek kahkalar, ellerinde icecekleri ile disiplinden cok uzaktalar maalesef. Kids club sacma gosteri ve danslardan ibaret stajyerlere ogrettikleri ayni figurleri hergun tekrar edip duruyorlar. Otele gelen dansci ekipler cok iyidi, otelin en iyi calisanlari resepsiyon ve belboylardi. Cok saygili ve isini duzgun yapan bir front office ekibi. Garsonlarda ellerinden geldigince iyi hizmet vermeye calisiyorlar haklarini vermek isterim. Mutfagin pastaci bolumu kesinlikle gelistirilmeli, tatlilar cok vasat maalesef. Temizlik ve hijyen konusunda cektigim fotograflari paylasalarak oteli kotulemek istemem, otel yoneticileri kendilerini gelistirmek adina irtibata gecerlerse kendilerine iletirim. Maalesef bir daha asla gelmeyecegim bir otel, herkese iyi tatiller.","Deneyimli bir otelci olarak soylemeliyim ki cok ortalama bir otelin nasil bu kadar yuksek puan aldigini anlamadim. Otelin konumu, denizi, odalara giden yollarin yesillik icinde olmasi cok guzel. Fakat.. Yemekler ve temizlik maalesef cok iyi degildi. Hayatimda gordugum en lakayit animasyon ekibiydi. Elinde sigaralarla havuz basinda musterilerle yuksek kahkalar, ellerinde icecekleri ile disiplinden cok uzaktalar maalesef. Kids club sacma gosteri ve danslardan ibaret stajyerlere ogrettikleri ayni figurleri hergun tekrar edip duruyorlar. Otele gelen dansci ekipler cok iyidi, otelin en iyi calisanlari resepsiyon ve belboylardi. Cok saygili ve isini duzgun yapan bir front office ekibi. Garsonlarda ellerinden geldigince iyi hizmet vermeye calisiyorlar haklarini vermek isterim. Mutfagin pastaci bolumu kesinlikle gelistirilmeli, tatlilar cok vasat maalesef. Temizlik ve hijyen konusunda cektigim fotograflari paylasalarak oteli kotulemek istemem, otel yoneticileri kendilerini gelistirmek adina irtibata gecerlerse kendilerine iletirim. Maalesef bir daha asla gelmeyecegim bir otel, herkese iyi tatiller.",1107,142,False,Google,CgoIiavW48r20LIjEAE,2026-08-25T12:30:33+00:00,OK
gm_c76ff2db5b19b1f3,BOD068,Selectum Colours Bodrum,Gümbet,5,HIGH,Google üzerinde 12 dakika önce,2026-08-25,2026,8,2026-08,True,False,"(Google tarafından çevrildi) Şiddetle tavsiye edilir. Güler yüzlü ve ilgili personel, geniş ve lezzetli yemek seçeneği.
(Orijinal)
Klare Empfehlung. Freundliches und zuvorkommendes Personal, große und leckere Auswahl Essen.","(Google tarafından çevrildi) Şiddetle tavsiye edilir. Güler yüzlü ve ilgili personel, geniş ve lezzetli yemek seçeneği. (Orijinal) Klare Empfehlung. Freundliches und zuvorkommendes Personal, große und leckere Auswahl Essen.",223,28,False,Google,CgoIiavW48r20LIjEAE,2026-08-25T12:50:56+00:00,OK
gm_53f3fcf314503425,BOD068,Selectum Colours Bodrum,Gümbet,5,HIGH,Google üzerinde 13 dakika önce,2026-08-25,2026,8,2026-08,True,False,"(Google tarafından çevrildi) Her şey mükemmeldi 👍👍👍
Son derece güler yüzlü konuk hizmetleri gerçekten olağanüstüydü.
Otel personeli özellikle yardımsever ve güler yüzlüydü.
(Orijinal)
Alles Perfekt 👍👍👍
Die sehr freundliche Gästebetreuung war einfach überwältigend.
Besonders die Mitarbeiter im Hotel sehr hilfsbereit und freundlich.",(Google tarafından çevrildi) Her şey mükemmeldi 👍👍👍 Son derece güler yüzlü konuk hizmetleri gerçekten olağanüstüydü. Otel personeli özellikle yardımsever ve güler yüzlüydü. (Orijinal) Alles Perfekt 👍👍👍 Die sehr freundliche Gästebetreuung war einfach überwältigend. Besonders die Mitarbeiter im Hotel sehr hilfsbereit und freundlich.,332,42,False,Google,CgoIiavW48r20LIjEAE,2026-08-25T12:50:57+00:00,OK
gm_98b7b05f388ae94f,BOD068,Selectum Colours Bodrum,Gümbet,5,HIGH,Google üzerinde 16 dakika önce,2026-08-25,2026,8,2026-08,True,False,"(Google tarafından çevrildi) Bu otelde çok keyifli bir konaklama geçirdik. Oda temiz, konforlu ve rahattı. Personel güler yüzlü ve yardımseverdi. Otelin konumu da çok uygundu. Genel olarak çok memnun kaldık ve bu oteli memnuniyetle tavsiye ederiz. Harika konaklama için teşekkürler!
(Orijinal)
Wir hatten einen sehr angenehmen Aufenthalt in diesem Hotel. Das Zimmer war sauber, komfortabel und gemütlich. Das Personal war freundlich und hilfsbereit. Auch die Lage des Hotels war sehr praktisch. Insgesamt waren wir sehr zufrieden und würden dieses Hotel gerne weiterempfehlen. Vielen Dank für den schönen Aufenthalt!","(Google tarafından çevrildi) Bu otelde çok keyifli bir konaklama geçirdik. Oda temiz, konforlu ve rahattı. Personel güler yüzlü ve yardımseverdi. Otelin konumu da çok uygundu. Genel olarak çok memnun kaldık ve bu oteli memnuniyetle tavsiye ederiz. Harika konaklama için teşekkürler! (Orijinal) Wir hatten einen sehr angenehmen Aufenthalt in diesem Hotel. Das Zimmer war sauber, komfortabel und gemütlich. Das Personal war freundlich und hilfsbereit. Auch die Lage des Hotels war sehr praktisch. Insgesamt waren wir sehr zufrieden und würden dieses Hotel gerne weiterempfehlen. Vielen Dank für den schönen Aufenthalt!",616,88,False,Google,CgoIiavW48r20LIjEAE,2026-08-25T12:50:57+00:00,OK
gm_6d26e149924167ac,BOD068,Selectum Colours Bodrum,Gümbet,5,HIGH,Google üzerinde 56 dakika önce,2026-08-25,2026,8,2026-08,True,False,Her şeyden çok memnun kaldık. Bu otele 5. Gelişimiz bu yıl da her şey mükemmeldi. Odamızı temizleyen arkadaşlara çok teşekkür ederiz. Misafir ilişkilerinden Helin ve Melike Hanım'a teşekkür ederiz.,Her şeyden çok memnun kaldık. Bu otele 5. Gelişimiz bu yıl da her şey mükemmeldi. Odamızı temizleyen arkadaşlara çok teşekkür ederiz. Misafir ilişkilerinden Helin ve Melike Hanım'a teşekkür ederiz.,197,29,False,Google,CgoIiavW48r20LIjEAE,2026-08-25T12:50:57+00:00,OK
gm_6c37de0ecce300de,BOD068,Selectum Colours Bodrum,Gümbet,5,HIGH,Google üzerinde bir saat önce,2026-08-25,2026,8,2026-08,True,False,"Beş yıldır geliyoruz, özellikle restoranda çalışanlardan çok memnunuz. Çok güler yüzlüler, anlayışlılar. Oda temizliği çok iyi, ne talep edersek yapıldı, çarşaflar düzenli bir şekilde değiştirildi.
Otel alanı cok geniş, her alanda yeme içme alanı mevcut. Havuzdaki şemsiyeler yenilenmiş bu sene, bu durum çok hoşumuza gitti.
Misafir ilişkileri Melike hanıma teşekkür ederiz, her sene olduğu gibi ilgiliydi.
Tekrar tercih etmeyi düşünüyorum.","Beş yıldır geliyoruz, özellikle restoranda çalışanlardan çok memnunuz. Çok güler yüzlüler, anlayışlılar. Oda temizliği çok iyi, ne talep edersek yapıldı, çarşaflar düzenli bir şekilde değiştirildi. Otel alanı cok geniş, her alanda yeme içme alanı mevcut. Havuzdaki şemsiyeler yenilenmiş bu sene, bu durum çok hoşumuza gitti. Misafir ilişkileri Melike hanıma teşekkür ederiz, her sene olduğu gibi ilgiliydi. Tekrar tercih etmeyi düşünüyorum.",440,60,False,Google,CgoIiavW48r20LIjEAE,2026-08-25T12:50:57+00:00,OK
gm_eb7f90935220d5d7,BOD068,Selectum Colours Bodrum,Gümbet,5,HIGH,Google üzerinde 3 saat önce,2026-08-25,2026,8,2026-08,True,False,"(Google tarafından çevrildi) Mükemmel otel! Burada konaklamamızdan gerçekten keyif aldık. Oda temiz, rahat ve konforluydu ve personel kibar ve güler yüzlüydü. Misafir ilişkileri departmanından Alina'ya özel teşekkürlerimizi iletmek istiyoruz. Her şey düzenli ve rahattı ve atmosfer çok hoştu. Ayrıca mükemmel hizmet ve misafirlere gösterilen özeni de vurgulamak isteriz. Kesinlikle tekrar buraya geleceğiz ve bu oteli başkalarına da tavsiye etmekten mutluluk duyarız! ⭐️⭐️⭐️⭐️⭐️
(Orijinal)
Отличный отель! Нам очень понравилось здесь отдыхать. Номер был чистым, уютным и комфортным, персонал — вежливым и доброжелательным. Особую благодарность хотим вырозить Алине из отдела по работе с гостями. Всё было аккуратно и удобно, а атмосфера очень приятная. Отдельно хочется отметить хорошее обслуживание и заботу о гостях. Обязательно приедем сюда ещё раз и с удовольствием будем рекомендовать этот отель другим! ⭐️⭐️⭐️⭐️⭐️","(Google tarafından çevrildi) Mükemmel otel! Burada konaklamamızdan gerçekten keyif aldık. Oda temiz, rahat ve konforluydu ve personel kibar ve güler yüzlüydü. Misafir ilişkileri departmanından Alina'ya özel teşekkürlerimizi iletmek istiyoruz. Her şey düzenli ve rahattı ve atmosfer çok hoştu. Ayrıca mükemmel hizmet ve misafirlere gösterilen özeni de vurgulamak isteriz. Kesinlikle tekrar buraya geleceğiz ve bu oteli başkalarına da tavsiye etmekten mutluluk duyarız! ⭐️⭐️⭐️⭐️⭐️ (Orijinal) Отличный отель! Нам очень понравилось здесь отдыхать. Номер был чистым, уютным и комфортным, персонал — вежливым и доброжелательным. Особую благодарность хотим вырозить Алине из отдела по работе с гостями. Всё было аккуратно и удобно, а атмосфера очень приятная. Отдельно хочется отметить хорошее обслуживание и заботу о гостях. Обязательно приедем сюда ещё раз и с удовольствием будем рекомендовать этот отель другим! ⭐️⭐️⭐️⭐️⭐️",919,124,False,Google,CgoIiavW48r20LIjEAE,2026-08-25T12:50:57+00:00,OK
gm_c36484b86aaa1e91,BOD068,Selectum Colours Bodrum,Gümbet,5,HIGH,Google üzerinde 3 saat önce,2026-08-25,2026,8,2026-08,True,False,Mini clupsss çok güzel çok eğlenceli kreş gibi o kadar ilgililer ki anlatamam keyifle tatil geçirmemiz için ellerinden geleni yaptılar çocuk mutlu biz mutlu,Mini clupsss çok güzel çok eğlenceli kreş gibi o kadar ilgililer ki anlatamam keyifle tatil geçirmemiz için ellerinden geleni yaptılar çocuk mutlu biz mutlu,156,24,False,Google,CgoIiavW48r20LIjEAE,2026-08-25T12:50:58+00:00,OK
gm_2978df1068b82ee8,BOD068,Selectum Colours Bodrum,Gümbet,5,HIGH,Google üzerinde 3 saat önce,2026-08-25,2026,8,2026-08,True,False,"(Google tarafından çevrildi) Mükemmel bir otel! Konaklamamızdan çok memnun kaldık. Oda temiz ve rahattı, bahçeler güzel ve bakımlıydı ve personel güler yüzlü ve ilgiliydi. Misafir ilişkileri departmanından Alina ve Shadiya'ya teşekkürler. Yemekler lezzetliydi ve iyi bir çeşitlilik vardı. Atmosfer hoştu ve her şey iyi organize edilmişti. Kesinlikle geri döneceğiz ve bu oteli tavsiye etmekten mutluluk duyarız!
(Orijinal)
Отличный отель! Остались очень довольны отдыхом. Номер был чистый и уютный, территория красивая и ухоженная, персонал приветливый и внимательный. Спасибо Алине и Шадие из отдела по работе с гостями.Питание вкусное, выбор хороший. Атмосфера приятная, всё организовано на хорошем уровне. Обязательно вернёмся сюда снова и с удовольствием будем рекомендовать этот отель!","(Google tarafından çevrildi) Mükemmel bir otel! Konaklamamızdan çok memnun kaldık. Oda temiz ve rahattı, bahçeler güzel ve bakımlıydı ve personel güler yüzlü ve ilgiliydi. Misafir ilişkileri departmanından Alina ve Shadiya'ya teşekkürler. Yemekler lezzetliydi ve iyi bir çeşitlilik vardı. Atmosfer hoştu ve her şey iyi organize edilmişti. Kesinlikle geri döneceğiz ve bu oteli tavsiye etmekten mutluluk duyarız! (Orijinal) Отличный отель! Остались очень довольны отдыхом. Номер был чистый и уютный, территория красивая и ухоженная, персонал приветливый и внимательный. Спасибо Алине и Шадие из отдела по работе с гостями.Питание вкусное, выбор хороший. Атмосфера приятная, всё организовано на хорошем уровне. Обязательно вернёмся сюда снова и с удовольствием будем рекомендовать этот отель!",790,107,False,Google,CgoIiavW48r20LIjEAE,2026-08-25T12:50:58+00:00,OK
gm_f08f26b5b4b50a6d,BOD068,Selectum Colours Bodrum,Gümbet,5,HIGH,Google üzerinde 3 saat önce,2026-08-25,2026,8,2026-08,True,False,Özellikle kids club çok güzel hiç çıkmak istemedik. eğlence ve aktivite hizmeti iyiydi.,Özellikle kids club çok güzel hiç çıkmak istemedik. eğlence ve aktivite hizmeti iyiydi.,87,13,False,Google,CgoIiavW48r20LIjEAE,2026-08-25T12:50:58+00:00,VERY_SHORT_TEXT
gm_0b6154b5a63c6e14,BOD068,Selectum Colours Bodrum,Gümbet,5,HIGH,Google üzerinde 4 saat önce,2026-08-25,2026,8,2026-08,True,False,Çocuk kulübü etkinlik ve aktiviteleri çok harikaydı.Kızımız çok severek öğretmenleriyle vakit geçirdi .Türk gecesi performansı harika. Tekrardan geleceğiz,Çocuk kulübü etkinlik ve aktiviteleri çok harikaydı.Kızımız çok severek öğretmenleriyle vakit geçirdi .Türk gecesi performansı harika. Tekrardan geleceğiz,154,18,False,Google,CgoIiavW48r20LIjEAE,2026-08-25T12:50:58+00:00,OK
gm_3b2098cbefb10e80,BOD068,Selectum Colours Bodrum,Gümbet,5,HIGH,Google üzerinde 4 saat önce,2026-08-25,2026,8,2026-08,True,False,"Otelde geçirdiğimiz tatilden çok memnun kaldık. Otelin temizliği, güzel atmosferi ve hizmet kalitesi gerçekten çok iyiydi. Personel güler yüzlü ve ilgiliydi. Misafir ilişkileri Alina hanıma ayrıca teşekkür ederiz.Yemekler lezzetli, odalar temiz ve konforluydu. Her şey çok güzel ve keyifliydi. Güzel bir tatil geçirmek isteyen herkese kesinlikle tavsiye ederim. Tekrar gelmek için sabırsızlanıyoruz! ⭐️⭐️⭐️⭐️⭐️","Otelde geçirdiğimiz tatilden çok memnun kaldık. Otelin temizliği, güzel atmosferi ve hizmet kalitesi gerçekten çok iyiydi. Personel güler yüzlü ve ilgiliydi. Misafir ilişkileri Alina hanıma ayrıca teşekkür ederiz.Yemekler lezzetli, odalar temiz ve konforluydu. Her şey çok güzel ve keyifliydi. Güzel bir tatil geçirmek isteyen herkese kesinlikle tavsiye ederim. Tekrar gelmek için sabırsızlanıyoruz! ⭐️⭐️⭐️⭐️⭐️",410,53,False,Google,CgoIiavW48r20LIjEAE,2026-08-25T12:51:19+00:00,OK
gm_e7b463c6dc9e9d7e,BOD068,Selectum Colours Bodrum,Gümbet,5,HIGH,Google üzerinde 5 saat önce,2026-08-25,2026,8,2026-08,True,False,"Otelle ilgili yapılan olumsuz yorumların hiç birine katılmıyorum. Özellikle personellerle ilgili olanlara. Son derece nazik ve ilgililerdi. Odalar, yemekler ve diğer imkanlar beklentilerimizi fazlasıyla karşıladı. Misafir ilişkiler girişten itibaren bizimle yakından ilgilendiler. Ayrıca gece müdürü Bülent Bey’e nazik ilgileri için çok teşekkür ediyorum.","Otelle ilgili yapılan olumsuz yorumların hiç birine katılmıyorum. Özellikle personellerle ilgili olanlara. Son derece nazik ve ilgililerdi. Odalar, yemekler ve diğer imkanlar beklentilerimizi fazlasıyla karşıladı. Misafir ilişkiler girişten itibaren bizimle yakından ilgilendiler. Ayrıca gece müdürü Bülent Bey’e nazik ilgileri için çok teşekkür ediyorum.",355,43,False,Google,CgoIiavW48r20LIjEAE,2026-08-25T12:51:20+00:00,OK
gm_2ec01904f551c806,BOD068,Selectum Colours Bodrum,Gümbet,5,HIGH,Google üzerinde 22 saat önce,2026-08-24,2026,8,2026-08,True,False,"Otelin genel atmosferi, çalışanların güler yüzü ve hizmet kalitesi gerçekten çok hoşumuza gitti. Her şeyin düzenli ve özenli olması, kendimizi rahat ve özel hissetmemizi sağladı. Özellikle personelin misafirlerle iletişimi çok başarılıydı; herhangi bir ihtiyacımız olduğunda hızlı ve çözüm odaklı yaklaşmaları bizim için büyük bir artıydı.
Misafir İlişkileri’nden Alina Hanım ve Şadiye Hanım samimiyetleri ve ilgileriyle tatilimize güzel bir dokunuş kattılar. Ana Restoran’dan Hüseyin Bey de güler yüzü ve özenli hizmetiyle ayrıca memnuniyetimizi kazandı.
Genel olarak güzel anılarla ayrıldık. Kaliteli hizmet ve sıcak bir ortam arayan herkese gönül rahatlığıyla tavsiye ederiz. 🌸💐","Otelin genel atmosferi, çalışanların güler yüzü ve hizmet kalitesi gerçekten çok hoşumuza gitti. Her şeyin düzenli ve özenli olması, kendimizi rahat ve özel hissetmemizi sağladı. Özellikle personelin misafirlerle iletişimi çok başarılıydı; herhangi bir ihtiyacımız olduğunda hızlı ve çözüm odaklı yaklaşmaları bizim için büyük bir artıydı. Misafir İlişkileri’nden Alina Hanım ve Şadiye Hanım samimiyetleri ve ilgileriyle tatilimize güzel bir dokunuş kattılar. Ana Restoran’dan Hüseyin Bey de güler yüzü ve özenli hizmetiyle ayrıca memnuniyetimizi kazandı. Genel olarak güzel anılarla ayrıldık. Kaliteli hizmet ve sıcak bir ortam arayan herkese gönül rahatlığıyla tavsiye ederiz. 🌸💐",681,91,False,Google,CgoIiavW48r20LIjEAE,2026-08-25T12:51:20+00:00,OK
gm_37ccd5db447b1a18,BOD068,Selectum Colours Bodrum,Gümbet,5,HIGH,Google üzerinde 23 saat önce,2026-08-24,2026,8,2026-08,True,False,"Gerçekten çok memnun kaldığımız bir tatil geçirdik. İki arkadaş olarak geldiğimiz otelden çok mutlu ayrılıyoruz. Misafir ilişkilerinden Mahmut beye, otelle ilgili bizi bilgilendirdiği için ve genel olarak yardımcı olduğu için çok teşekkür ederiz. Türk alakartına gittik, servis çok iyi yemekler çok lezzetliydi. Ana restoranda da benzer şekilde yemekler çok çeşitli ve lezzetliydi. Havuzu ve denizi çok güzeldi. Personeller çok ilgili güler yüzlü ve arkadaş canlısı. Barmenler, garsonlar ve diğer personelleri de öyle, tekrar geldiğimizde kesinlikle görmek istediğimiz insanlarla tanıştık. Kesinlikle tavsiye ederiz.","Gerçekten çok memnun kaldığımız bir tatil geçirdik. İki arkadaş olarak geldiğimiz otelden çok mutlu ayrılıyoruz. Misafir ilişkilerinden Mahmut beye, otelle ilgili bizi bilgilendirdiği için ve genel olarak yardımcı olduğu için çok teşekkür ederiz. Türk alakartına gittik, servis çok iyi yemekler çok lezzetliydi. Ana restoranda da benzer şekilde yemekler çok çeşitli ve lezzetliydi. Havuzu ve denizi çok güzeldi. Personeller çok ilgili güler yüzlü ve arkadaş canlısı. Barmenler, garsonlar ve diğer personelleri de öyle, tekrar geldiğimizde kesinlikle görmek istediğimiz insanlarla tanıştık. Kesinlikle tavsiye ederiz.",616,82,False,Google,CgoIiavW48r20LIjEAE,2026-08-25T12:51:20+00:00,OK
gm_5eb1119942d5108e,BOD068,Selectum Colours Bodrum,Gümbet,5,HIGH,Google üzerinde 23 saat önce,2026-08-24,2026,8,2026-08,True,False,"iki arkadaş olarak biraz ani bir kararla geldik ama kesinlikle memnun kaldık. beklediğimizden daha güzel geçti. 5 gece konakladık ve yarın ayrılıyoruz. öncelikle yemekleri gerçekten mükemmel, tüm mutfak ekibine teşekkür etmek istiyorum. özellikle Türk ve İtalyan restoranları şahaneydi. personeller çok ilgili güler yüzlü. animasyon da güzeldi. odalar yeterli büyüklükte. denizi temiz ve düzenli, yeterli alan bulduk. alakart rezervasyonları konusunda yardımcı olan misafir ilişkilerine de teşekkür etmek istiyorum. misafir ilişkilerinden Mahmut beyle tanıştık ve otelle ilgili bilgi verdi, sayesinde tatilimiz çok dolu geçti.","iki arkadaş olarak biraz ani bir kararla geldik ama kesinlikle memnun kaldık. beklediğimizden daha güzel geçti. 5 gece konakladık ve yarın ayrılıyoruz. öncelikle yemekleri gerçekten mükemmel, tüm mutfak ekibine teşekkür etmek istiyorum. özellikle Türk ve İtalyan restoranları şahaneydi. personeller çok ilgili güler yüzlü. animasyon da güzeldi. odalar yeterli büyüklükte. denizi temiz ve düzenli, yeterli alan bulduk. alakart rezervasyonları konusunda yardımcı olan misafir ilişkilerine de teşekkür etmek istiyorum. misafir ilişkilerinden Mahmut beyle tanıştık ve otelle ilgili bilgi verdi, sayesinde tatilimiz çok dolu geçti.",626,82,False,Google,CgoIiavW48r20LIjEAE,2026-08-25T12:51:20+00:00,OK
gm_830fae025b3ff1dc,BOD068,Selectum Colours Bodrum,Gümbet,5,HIGH,Google üzerinde bir gün önce,2026-08-24,2026,8,2026-08,True,False,"Айкумуш Таалайбекова
Google üzerinde bir gün önce",,,,True,Google,CgoIiavW48r20LIjEAE,2026-08-25T12:51:20+00:00,TEXT_WAS_REVIEWER_NAME_ARTIFACT
gm_65c79e78a3820128,BOD068,Selectum Colours Bodrum,Gümbet,5,HIGH,Google üzerinde bir gün önce,2026-08-24,2026,8,2026-08,True,False,"Otel genel anlamda beklentimizin çok üzerinde bir deneyim sundu. Yemeklerin çeşitliliği ve lezzeti, özellikle Food Corner ve sushi seçenekleri gerçekten çok başarılıydı. İçeceklerin kalitesi ve çeşitliliği de oldukça iyiydi.
Denizin güzelliği, otelin atmosferi ve ortak alanların temizliği tatili daha keyifli hale getirdi. Tüm çalışanlar güler yüzlü, ilgili ve yardımseverdi. Özellikle Misafir İlişkileri’nden Alina Hanım ve Şadiye Hanım ilgileriyle, Ana Restoran’dan Hüseyin Bey ise samimi yaklaşımıyla bizi çok memnun etti.
Genel olarak hem hizmet kalitesi hem de atmosferiyle tekrar tercih edebileceğimiz bir otel. Emeği geçen tüm ekibe teşekkür ederiz. 🌊✨","Otel genel anlamda beklentimizin çok üzerinde bir deneyim sundu. Yemeklerin çeşitliliği ve lezzeti, özellikle Food Corner ve sushi seçenekleri gerçekten çok başarılıydı. İçeceklerin kalitesi ve çeşitliliği de oldukça iyiydi. Denizin güzelliği, otelin atmosferi ve ortak alanların temizliği tatili daha keyifli hale getirdi. Tüm çalışanlar güler yüzlü, ilgili ve yardımseverdi. Özellikle Misafir İlişkileri’nden Alina Hanım ve Şadiye Hanım ilgileriyle, Ana Restoran’dan Hüseyin Bey ise samimi yaklaşımıyla bizi çok memnun etti. Genel olarak hem hizmet kalitesi hem de atmosferiyle tekrar tercih edebileceğimiz bir otel. Emeği geçen tüm ekibe teşekkür ederiz. 🌊✨",660,89,False,Google,CgoIiavW48r20LIjEAE,2026-08-25T12:51:21+00:00,OK
gm_6747e5597673d28a,BOD068,Selectum Colours Bodrum,Gümbet,5,HIGH,Google üzerinde bir gün önce,2026-08-24,2026,8,2026-08,True,False,"Memnuniyet
Çok keyifli bir konaklama deneyimi yaşadık. Otelin temizliği, yemekleri, hizmet kalitesi ve çalışanların güler yüzü gerçekten çok başarılıydı. Özellikle Misafir İlişkileri'nden Alina Hanım ve Şadiye Hanım ilgileriyle, Ana Restoran'dan Hüseyin Bey ise güler yüzü ve özenli hizmetiyle bizi çok memnun etti. Tüm ekibe teşekkürler, kesinlikle tekrar geleceğiz. 🌸","Memnuniyet Çok keyifli bir konaklama deneyimi yaşadık. Otelin temizliği, yemekleri, hizmet kalitesi ve çalışanların güler yüzü gerçekten çok başarılıydı. Özellikle Misafir İlişkileri'nden Alina Hanım ve Şadiye Hanım ilgileriyle, Ana Restoran'dan Hüseyin Bey ise güler yüzü ve özenli hizmetiyle bizi çok memnun etti. Tüm ekibe teşekkürler, kesinlikle tekrar geleceğiz. 🌸",369,49,False,Google,CgoIiavW48r20LIjEAE,2026-08-25T12:51:21+00:00,OK
gm_109bfa137c330578,BOD068,Selectum Colours Bodrum,Gümbet,5,HIGH,Google üzerinde bir gün önce,2026-08-24,2026,8,2026-08,True,False,"Otelimizde geçirdiğimiz süre boyunca her şeyden çok memnun kaldık. Güler yüzlü hizmet, temiz ve konforlu odalar, yemeklerin çeşitliliği ve otelin genel atmosferi gerçekten çok başarılıydı. Personelin ilgili ve çözüm odaklı olması konaklamamızı daha da keyifli hale getirdi. Her detayın misafir memnuniyeti düşünülerek hazırlanmış olması hissediliyor. Kesinlikle tekrar tercih edebileceğimiz, gönül rahatlığıyla tavsiye edebileceğimiz bir otel.
Misafir İlişkileri ekibinden Alina Hanım ve Şadiye Hanım özellikle çok ilgili, güler yüzlü ve samimiydiler. Her konuda yardımcı olmaları ve misafirlerle iletişimleri gerçekten takdire değer.
Ana restorandan Hüseyin Bey de güler yüzü, ilgisi ve nazik yaklaşımıyla kendisini ayrıca hatırlattı. Hizmet kalitesine katkısı için kendisine teşekkür ederiz.
Tüm ekibe emekleri ve güzel misafirperverlikleri için teşekkürler. 🌸","Otelimizde geçirdiğimiz süre boyunca her şeyden çok memnun kaldık. Güler yüzlü hizmet, temiz ve konforlu odalar, yemeklerin çeşitliliği ve otelin genel atmosferi gerçekten çok başarılıydı. Personelin ilgili ve çözüm odaklı olması konaklamamızı daha da keyifli hale getirdi. Her detayın misafir memnuniyeti düşünülerek hazırlanmış olması hissediliyor. Kesinlikle tekrar tercih edebileceğimiz, gönül rahatlığıyla tavsiye edebileceğimiz bir otel. Misafir İlişkileri ekibinden Alina Hanım ve Şadiye Hanım özellikle çok ilgili, güler yüzlü ve samimiydiler. Her konuda yardımcı olmaları ve misafirlerle iletişimleri gerçekten takdire değer. Ana restorandan Hüseyin Bey de güler yüzü, ilgisi ve nazik yaklaşımıyla kendisini ayrıca hatırlattı. Hizmet kalitesine katkısı için kendisine teşekkür ederiz. Tüm ekibe emekleri ve güzel misafirperverlikleri için teşekkürler. 🌸",862,110,False,Google,CgoIiavW48r20LIjEAE,2026-08-25T12:51:21+00:00,OK
gm_09783714754da06a,BOD068,Selectum Colours Bodrum,Gümbet,4,HIGH,Google üzerinde bir gün önce,2026-08-24,2026,8,2026-08,True,False,"Merhabalar şuan hala otelde ailemle konaklıyoruz.Yorumlarda yazanları dikkate alarak Bodrum merkeze yakın yorumları en iyi olanı seçmeye çalıştık.Otel gerçekten Bodruma yakınlık olarak iyi,denizi güzel,odalar rahat ferah,donanımda sorun yok.Ancak Beach bar gerçekten çok yetersiz,mesela bir Türk kahve makinası koymak çok mu zor,ya da malzeme bitti diyerek geri çevirmek,bilemiyorum.Genel olarak otel çalışanları özveriyle ellerinden gelenin fazlasını yapıyorlar,yemekler çeşitli,güzel.Ama gece etkinlikleri çok kötü maalesef,eğlence istiyorsanız tercih etmemeniz gereken bir yer.","Merhabalar şuan hala otelde ailemle konaklıyoruz.Yorumlarda yazanları dikkate alarak Bodrum merkeze yakın yorumları en iyi olanı seçmeye çalıştık.Otel gerçekten Bodruma yakınlık olarak iyi,denizi güzel,odalar rahat ferah,donanımda sorun yok.Ancak Beach bar gerçekten çok yetersiz,mesela bir Türk kahve makinası koymak çok mu zor,ya da malzeme bitti diyerek geri çevirmek,bilemiyorum.Genel olarak otel çalışanları özveriyle ellerinden gelenin fazlasını yapıyorlar,yemekler çeşitli,güzel.Ama gece etkinlikleri çok kötü maalesef,eğlence istiyorsanız tercih etmemeniz gereken bir yer.",580,67,False,Google,CgoIiavW48r20LIjEAE,2026-08-25T12:51:35+00:00,OK
gm_a79d61d9461a76f7,BOD068,Selectum Colours Bodrum,Gümbet,5,HIGH,Google üzerinde bir saat önce,2026-08-25,2026,8,2026-08,True,False,5. yil ust uste gelisimiz ger seferinde cok memnun ayriliyoruz. Tekrar gelmeyi kesinlikle dusunuyoruz. 5 kisilik bir aile olarak gelip ger seferinde hic sikinti yasamadan ayriliyoruz. Butun calisanlara emekleri icin tesekkur ediyoruz. Misafir iliskilerinden Helin ve Melike hanima ayrica ilgileri icin tesekkurler.,5. yil ust uste gelisimiz ger seferinde cok memnun ayriliyoruz. Tekrar gelmeyi kesinlikle dusunuyoruz. 5 kisilik bir aile olarak gelip ger seferinde hic sikinti yasamadan ayriliyoruz. Butun calisanlara emekleri icin tesekkur ediyoruz. Misafir iliskilerinden Helin ve Melike hanima ayrica ilgileri icin tesekkurler.,314,42,False,Google,CgoIiavW48r20LIjEAE,2026-08-25T12:52:34+00:00,OK
gm_d21fd22cc04a9433,BOD068,Selectum Colours Bodrum,Gümbet,5,HIGH,Google üzerinde bir saat önce düzenlendi,2026-08-25,2026,8,2026-08,True,True,"Aslı Han Köksal
Google üzerinde bir saat önce düzenlendi",,,,True,Google,CgoIiavW48r20LIjEAE,2026-08-25T12:52:34+00:00,TEXT_WAS_REVIEWER_NAME_ARTIFACT
gm_5454fe4bddecad40,BOD068,Selectum Colours Bodrum,Gümbet,5,HIGH,Google üzerinde bir saat önce düzenlendi,2026-08-25,2026,8,2026-08,True,True,"Bu yil dorduncu gelisimiz, yine her sey mukemmeldi. Yemekler, odamiz, havuzun temizligi her sey harikaydi. Resepsiyon’dan Ada Hanim’a ozel olarak tesekkur etmek isterim, bize cok yardimci oldu. Misafir Iliskilerinden Perihan Hanim’a da cok tesekkur ederiz ❤️
Guncelleme: 5. Kez bu yil tekrar geldik, her sey yine harikaydi. Misafir iliskilerinden Helin Hanim’a ozel olarak tesekkur ederiz ❤️❤️","Bu yil dorduncu gelisimiz, yine her sey mukemmeldi. Yemekler, odamiz, havuzun temizligi her sey harikaydi. Resepsiyon’dan Ada Hanim’a ozel olarak tesekkur etmek isterim, bize cok yardimci oldu. Misafir Iliskilerinden Perihan Hanim’a da cok tesekkur ederiz ❤️ Guncelleme: 5. Kez bu yil tekrar geldik, her sey yine harikaydi. Misafir iliskilerinden Helin Hanim’a ozel olarak tesekkur ederiz ❤️❤️",393,56,False,Google,CgoIiavW48r20LIjEAE,2026-08-25T12:52:34+00:00,OK
