hotel_id,place_id,hotel_name,area,district,province,country,property_category,official_star_rating,google_rating,google_rating_scale,google_review_count,search_price_usd_snapshot,price_note,address,phone,business_status,collected_at,source_url,area_hotel_count,has_price_snapshot,has_official_star_rating,has_phone,has_business_status,review_count_log1p,review_confidence_weight,weighted_google_rating,area_median_google_rating,rating_gap_from_area_median,area_median_price_snapshot,price_gap_from_area_median,price_ratio_to_area_median,price_percentile_within_area,review_count_percentile_within_area,official_facility_id,official_name,official_type,official_star_rating_verified,official_room_count,official_bed_count,official_phone_verified,official_address_area,official_match_score,official_match_method,official_source_url,official_match_status
BOD001,ChIJAxKJBV4MvhQRxCb482IcG0M,Aksoy Taş Ev,Akyarlar,Bodrum,Muğla,Türkiye,Otel,,4.7,5,135,194.0,Arama anındaki fiyat snapshot'ı; tarih/oda/kişi koşullarına göre değişebilir.,"Akyarlar, Tarik Akan Sk NO:15, 48960 Bodrum/Muğla, Türkiye",+905414124141,,2026-08-24,https://www.google.com/maps/search/?api=1&query=Aksoy%20Ta%C5%9F%20Ev&query_place_id=ChIJAxKJBV4MvhQRxCb482IcG0M,16,True,False,True,False,4.912654885736052,0.2246256239600665,4.43911882972823,4.4,0.2999999999999998,192.5,1.5,1.0077922077922077,0.5833333333333334,0.125,,,,,,,,,,,,UNMATCHED
BOD002,ChIJqWC7b3YMvhQRCR9qlsxFzmQ,Armonia Holiday Village & Spa,Akyarlar,Bodrum,Muğla,Türkiye,Otel,,4.2,5,3197,191.0,Arama anındaki fiyat snapshot'ı; tarih/oda/kişi koşullarına göre değişebilir.,"Turgutreis, Kemer Mevkii, 48400 Bodrum/Muğla, Türkiye",+902529991303,,2026-08-24,https://www.google.com/maps/search/?api=1&query=Armonia%20Holiday%20Village%20%26%20Spa&query_place_id=ChIJqWC7b3YMvhQRCR9qlsxFzmQ,16,True,False,True,False,8.0702808933939,0.8727818727818728,4.220805464555465,4.4,-0.2000000000000001,192.5,-1.5,0.9922077922077922,0.5,0.8125,,,,,,,,,,,,UNMATCHED
BOD003,ChIJS8TbUlYNvhQR_fh-bq0pJDg,ASPAT HOTEL BODRUM Beach Restaurant,Akyarlar,Bodrum,Muğla,Türkiye,Otel,,4.3,5,246,57.0,Arama anındaki fiyat snapshot'ı; tarih/oda/kişi koşullarına göre değişebilir.,"Akyarlar, atatürk akyarlar caddesi no 253, 48960 Bodrum/Muğla, Türkiye",+905308656175,,2026-08-24,https://www.google.com/maps/search/?api=1&query=ASPAT%20HOTEL%20BODRUM%20Beach%20Restaurant&query_place_id=ChIJS8TbUlYNvhQR_fh-bq0pJDg,16,True,False,True,False,5.5093883366279774,0.3455056179775281,4.341587663857678,4.4,-0.1000000000000005,192.5,-135.5,0.2961038961038961,0.0833333333333333,0.25,,,,,,,,,,,,UNMATCHED
BOD004,ChIJXUoh1okLvhQR-k-X9ouGc3c,Bendis Beach Hotel,Akyarlar,Bodrum,Muğla,Türkiye,Otel,,3.9,5,2469,104.0,Arama anındaki fiyat snapshot'ı; tarih/oda/kişi koşullarına göre değişebilir.,"Akyarlar, Kemer Mevkii No: 24, 48960 Bodrum/Muğla, Türkiye",+902523210924,,2026-08-24,https://www.google.com/maps/search/?api=1&query=Bendis%20Beach%20Hotel&query_place_id=ChIJXUoh1okLvhQR-k-X9ouGc3c,16,True,False,True,False,7.8119734296220225,0.8412265758091994,3.9735980976717777,4.4,-0.5000000000000004,192.5,-88.5,0.5402597402597402,0.25,0.75,,,,,,,,,,,,UNMATCHED
BOD005,ChIJdTwebV4MvhQRVC_Shj1Cjqo,ByAkkan,Akyarlar,Bodrum,Muğla,Türkiye,Otel,,4.4,5,203,84.0,Arama anındaki fiyat snapshot'ı; tarih/oda/kişi koşullarına göre değişebilir.,"Akyarlar, Tarik Akan Sk No:33, 48000 Bodrum/Muğla, Türkiye",+905324996884,,2026-08-24,https://www.google.com/maps/search/?api=1&query=ByAkkan&query_place_id=ChIJdTwebV4MvhQRVC_Shj1Cjqo,16,True,False,True,False,5.318119993844216,0.3034379671150972,4.374604509217738,4.4,0.0,192.5,-108.5,0.4363636363636363,0.1666666666666666,0.1875,,,,,,,,,,,,UNMATCHED
BOD006,ChIJ8ShlrJkNvhQR0AEjC-bO7mY,Club Marma Hotel,Akyarlar,Bodrum,Muğla,Türkiye,Otel,,4.3,5,1373,,,"Akyarlar, 4275 Sok, 48960 Bodrum/Muğla, Türkiye",+902526060333,,2026-08-24,https://www.google.com/maps/search/?api=1&query=Club%20Marma%20Hotel&query_place_id=ChIJ8ShlrJkNvhQR0AEjC-bO7mY,16,False,False,True,False,7.2254814727822945,0.7466014138118543,4.316101368497372,4.4,-0.1000000000000005,192.5,,,,0.5625,,,,,,,,,,,,UNMATCHED
BOD007,ChIJR3WEqUQMvhQRqL7yEhV49vg,Kefaluka Resort,Akyarlar,Bodrum,Muğla,Türkiye,Otel,,4.4,5,4293,,,"Turgutreis - Bodrum/Bodrum Muğla TR, Akyarlar, Barış Manço Cd. No:63, 48960, Türkiye",+902523110390,,2026-08-24,https://www.google.com/maps/search/?api=1&query=Kefaluka%20Resort&query_place_id=ChIJR3WEqUQMvhQRqL7yEhV49vg,16,False,False,True,False,8.364973978438726,0.902080268964068,4.396430009805982,4.4,0.0,192.5,,,,0.9375,,,,,,,,,,,,UNMATCHED
BOD008,ChIJr_h97zMNvhQRusMJ4yJ25-0,LA BREZZA SUITE &HOTEL,Akyarlar,Bodrum,Muğla,Türkiye,Otel,,4.5,5,424,121.0,Arama anındaki fiyat snapshot'ı; tarih/oda/kişi koşullarına göre değişebilir.,"Akyarlar, Atatürk Cd. No:224, 48000 Bodrum/Muğla, Türkiye",+905352077422,,2026-08-24,https://www.google.com/maps/search/?api=1&query=LA%20BREZZA%20SUITE%20%26HOTEL&query_place_id=ChIJr_h97zMNvhQRusMJ4yJ25-0,16,True,False,True,False,6.052089168924417,0.4764044943820225,4.428551029962547,4.4,0.0999999999999996,192.5,-71.5,0.6285714285714286,0.3333333333333333,0.375,OFFBOD097,LA BREZZA SUIT& HOTEL,3 YILDIZLI OTEL,3.0,31.0,62.0,0252 393 6677,Akyarlar,0.7854,fuzzy,https://mugla.ktb.gov.tr/Eklenti/102365%2Cisletme-belgeli-tesisler--agustospdf.pdf?0=,MATCHED_HIGH_CONFIDENCE
BOD009,ChIJAYOGrEwNvhQRJyQb3JRrwh4,LİV OTEL,Akyarlar,Bodrum,Muğla,Türkiye,Otel,,4.4,5,546,216.0,Arama anındaki fiyat snapshot'ı; tarih/oda/kişi koşullarına göre değişebilir.,"Akyarlar, X8F2+MC5, 48960 Bodrum/Muğla, Türkiye",+902523936633,,2026-08-24,https://www.google.com/maps/search/?api=1&query=L%C4%B0V%20OTEL&query_place_id=ChIJAYOGrEwNvhQRJyQb3JRrwh4,16,True,False,True,False,6.304448802421981,0.5395256916996047,4.383211874176548,4.4,0.0,192.5,23.5,1.122077922077922,0.6666666666666666,0.4375,OFFBOD157,LIV HOTEL BY BELLAZURE,BUTİK OTEL,4.0,60.0,120.0,0252 393 6633,Turgutreis,0.95,phone_exact,https://mugla.ktb.gov.tr/Eklenti/102365%2Cisletme-belgeli-tesisler--agustospdf.pdf?0=,MATCHED_HIGH_CONFIDENCE
BOD010,ChIJiRcDgfYMvhQR49TV5eXv2-Y,Mare Garden Hotel,Akyarlar,Bodrum,Muğla,Türkiye,Otel,,4.2,5,288,165.0,Arama anındaki fiyat snapshot'ı; tarih/oda/kişi koşullarına göre değişebilir.,"Akyarlar, Atatürk Cd. No:339, 48960 Bodrum/Muğla, Türkiye",+902523938110,,2026-08-24,https://www.google.com/maps/search/?api=1&query=Mare%20Garden%20Hotel&query_place_id=ChIJiRcDgfYMvhQR49TV5eXv2-Y,16,True,False,True,False,5.666426688112432,0.3819628647214854,4.30107482316534,4.4,-0.2000000000000001,192.5,-27.5,0.8571428571428571,0.4166666666666667,0.3125,,,,,,,,,,,,UNMATCHED
BOD011,ChIJFYY9bckNvhQRWD8gO42POcY,"Radisson Collection Hotel, Bodrum",Akyarlar,Bodrum,Muğla,Türkiye,Otel,,4.9,5,3237,273.0,Arama anındaki fiyat snapshot'ı; tarih/oda/kişi koşullarına göre değişebilir.,"Akyarlar, Ataturk Cad No:352, 48960 Bodrum/Muğla, Türkiye",+902529991510,,2026-08-24,https://www.google.com/maps/search/?api=1&query=Radisson%20Collection%20Hotel%2C%20Bodrum&query_place_id=ChIJFYY9bckNvhQRWD8gO42POcY,16,True,False,True,False,8.08271113423758,0.8741560896570348,4.832489985597264,4.4,0.5,192.5,80.5,1.4181818181818182,0.75,0.875,OFFBOD076,RADİSSON OTEL COLLECTİON OTEL,4 YILDIZLI OTEL,4.0,80.0,160.0,0252 999 1510,Akyarlar,0.95,phone_exact,https://mugla.ktb.gov.tr/Eklenti/102365%2Cisletme-belgeli-tesisler--agustospdf.pdf?0=,MATCHED_HIGH_CONFIDENCE
BOD012,ChIJtZF5TEBsvhQRedP6E6nR0YA,Selectum Collection Bodrum,Akyarlar,Bodrum,Muğla,Türkiye,Otel,,4.5,5,6514,387.0,Arama anındaki fiyat snapshot'ı; tarih/oda/kişi koşullarına göre değişebilir.,"Bankev Cad. No:39, 48400 Bodrum/Muğla, Türkiye",+902523918252,,2026-08-24,https://www.google.com/maps/search/?api=1&query=Selectum%20Collection%20Bodrum&query_place_id=ChIJtZF5TEBsvhQRedP6E6nR0YA,16,True,False,True,False,8.781862489558945,0.9332378223495702,4.490889744508118,4.4,0.0999999999999996,192.5,194.5,2.0103896103896104,0.9166666666666666,1.0,,,,,,,,,,,,UNMATCHED
BOD013,ChIJgRdtyF8MvhQRcyrv7KcB-qA,"Sentido Bellazure - Akyarlar, Bodrum / Turkey",Akyarlar,Bodrum,Muğla,Türkiye,Otel,,4.4,5,1650,,,"Merkez Mah, Barış Manço Cd. No: 4-A, 48960 Bodrum/Muğla, Türkiye",+902523936090,,2026-08-24,https://www.google.com/maps/search/?api=1&query=Sentido%20Bellazure%20-%20Akyarlar%2C%20Bodrum%20/%20Turkey&query_place_id=ChIJgRdtyF8MvhQRcyrv7KcB-qA,16,False,False,True,False,7.409136443920128,0.779773156899811,4.391970896345306,4.4,0.0,192.5,,,,0.625,OFFBOD078,SENTİDO BELLAZURE HOTEL,4 YILDIZLI OTEL,4.0,178.0,356.0,0252 393 6090,Akyarlar,0.95,phone_exact,https://mugla.ktb.gov.tr/Eklenti/102365%2Cisletme-belgeli-tesisler--agustospdf.pdf?0=,MATCHED_HIGH_CONFIDENCE
BOD014,ChIJXzre1TQNvhQR-TaHvRN7lT4,Suum Bodrum Hotel & Beach,Akyarlar,Bodrum,Muğla,Türkiye,Otel,,4.5,5,739,320.0,Arama anındaki fiyat snapshot'ı; tarih/oda/kişi koşullarına göre değişebilir.,"112 Sk, Akyarlar, Barış Manço Cd., 48960 Bodrum/Muğla, Türkiye",+902523938686,,2026-08-24,https://www.google.com/maps/search/?api=1&query=Suum%20Bodrum%20Hotel%20%26%20Beach&query_place_id=ChIJXzre1TQNvhQR-TaHvRN7lT4,16,True,False,True,False,6.606650186198215,0.6132780082987552,4.4472285615491005,4.4,0.0999999999999996,192.5,127.5,1.6623376623376624,0.8333333333333334,0.5,,,,,,,,,,,,UNMATCHED
BOD015,ChIJqVtGlmYNvhQRC9vnGKPC0EQ,The Ni Villas Akyarlar,Akyarlar,Bodrum,Muğla,Türkiye,Villa,,5.0,5,44,,,"Akyarlar, Atatürk Cd. No:245, 48960 Bodrum/Muğla, Türkiye",+905552939799,,2026-08-24,https://www.google.com/maps/search/?api=1&query=The%20Ni%20Villas%20Akyarlar&query_place_id=ChIJqVtGlmYNvhQRC9vnGKPC0EQ,16,False,False,True,False,3.80666248977032,0.0862745098039215,4.418451797385621,4.4,0.5999999999999996,192.5,,,,0.0625,,,,,,,,,,,,UNMATCHED
BOD016,ChIJ_-zsV2kMvhQRgj8ZRcaPUXg,Xanadu Island,Akyarlar,Bodrum,Muğla,Türkiye,Otel,,4.6,5,2068,1301.0,Arama anındaki fiyat snapshot'ı; tarih/oda/kişi koşullarına göre değişebilir.,"Akyarlar, Ada Caddesi No: 10/1, 48960 Bodrum/Muğla, Türkiye",+902526926238,,2026-08-24,https://www.google.com/maps/search/?api=1&query=Xanadu%20Island&query_place_id=ChIJ_-zsV2kMvhQRgj8ZRcaPUXg,16,True,False,True,False,7.634820677745543,0.8161010260457774,4.556515555117074,4.4,0.1999999999999993,192.5,1108.5,6.758441558441558,1.0,0.6875,,,,,,,,,,,,UNMATCHED
BOD017,ChIJf4088JVyvhQRxeHFgoSXn4s,Ambrosia Otel Beach & Spa,Bitez,Bodrum,Muğla,Türkiye,Otel,,4.0,5,1340,142.0,Arama anındaki fiyat snapshot'ı; tarih/oda/kişi koşullarına göre değişebilir.,"Hacıahmetler Mevkii Bitez, Pomelan Cd. No:32, 48470 Bodrum/Muğla, Türkiye",+902523637920,,2026-08-24,https://www.google.com/maps/search/?api=1&query=Ambrosia%20Otel%20Beach%20%26%20Spa&query_place_id=ChIJf4088JVyvhQRxeHFgoSXn4s,18,True,False,True,False,7.201170883281678,0.7419712070874862,4.093804217423403,4.35,-0.3499999999999996,131.5,10.5,1.079847908745247,0.6666666666666666,0.9444444444444444,OFFBOD051,AMBROSİA OTEL,4 YILDIZLI OTEL,4.0,83.0,175.0,0252 363 7920,Bitez,0.95,phone_exact,https://mugla.ktb.gov.tr/Eklenti/102365%2Cisletme-belgeli-tesisler--agustospdf.pdf?0=,MATCHED_HIGH_CONFIDENCE
BOD018,ChIJh_qp0nVtvhQRhxWt88Qo9gI,Bitez Deniz Hotel - Restaurant - Beach,Bitez,Bodrum,Muğla,Türkiye,Otel,,4.0,5,201,190.0,Arama anındaki fiyat snapshot'ı; tarih/oda/kişi koşullarına göre değişebilir.,"Bitez, 1308. Sk., 48400 Bodrum/Turkey Bodrum Area, Türkiye",+902523630190,,2026-08-24,https://www.google.com/maps/search/?api=1&query=Bitez%20Deniz%20Hotel%20-%20Restaurant%20-%20Beach&query_place_id=ChIJh_qp0nVtvhQRhxWt88Qo9gI,18,True,False,True,False,5.308267697401205,0.3013493253373313,4.253988630684657,4.35,-0.3499999999999996,131.5,58.5,1.4448669201520912,0.8888888888888888,0.2222222222222222,,,,,,,,,,,,UNMATCHED
BOD019,ChIJK3FMz59tvhQRPMvQAr1_6rk,Bitez Garden Life Hotel&Suites,Bitez,Bodrum,Muğla,Türkiye,Otel,,4.0,5,2527,102.0,Arama anındaki fiyat snapshot'ı; tarih/oda/kişi koşullarına göre değişebilir.,"Bitez, Bergamut Cd. No:52, 48400 Bodrum/Muğla, Türkiye",+902523131111,,2026-08-24,https://www.google.com/maps/search/?api=1&query=Bitez%20Garden%20Life%20Hotel%26Suites&query_place_id=ChIJK3FMz59tvhQRPMvQAr1_6rk,18,True,False,True,False,7.8351837552667485,0.8443033745405947,4.056602210713888,4.35,-0.3499999999999996,131.5,-29.5,0.7756653992395437,0.3888888888888889,1.0,OFFBOD086,BİTEZ GARDEN LİFE HOTEL & SUİTES,3 YILDIZLI OTEL,3.0,177.0,354.0,0252 363 0535,Bitez,0.8,name_exact,https://mugla.ktb.gov.tr/Eklenti/102365%2Cisletme-belgeli-tesisler--agustospdf.pdf?0=,MATCHED_HIGH_CONFIDENCE
BOD020,ChIJybxupHVtvhQRKBpK_CDad1Q,Bitez Risa Hotel,Bitez,Bodrum,Muğla,Türkiye,Otel,,3.7,5,919,89.0,Arama anındaki fiyat snapshot'ı; tarih/oda/kişi koşullarına göre değişebilir.,"Bitez, 1310. Sk. No:4, 48470 Bodrum/Muğla, Türkiye",+902522412428,,2026-08-24,https://www.google.com/maps/search/?api=1&query=Bitez%20Risa%20Hotel&query_place_id=ChIJybxupHVtvhQRKBpK_CDad1Q,18,True,False,True,False,6.824373670043086,0.6635379061371841,3.923256618531889,4.35,-0.6499999999999995,131.5,-42.5,0.6768060836501901,0.25,0.7777777777777778,,,,,,,,,,,,UNMATCHED
BOD021,ChIJf3a3w55tvhQR0pFtmdOTw2Q,"Caresse, a Luxury Collection Resort & Spa, Bodrum",Bitez,Bodrum,Muğla,Türkiye,Otel,,4.5,5,904,1654.0,Arama anındaki fiyat snapshot'ı; tarih/oda/kişi koşullarına göre değişebilir.,"Asarlik Mevkii, Gümbet, Adnan Menderes Cd. No: 89 PK 225, 48400 Bodrum/Muğla, Türkiye",+902523113636,,2026-08-24,https://www.google.com/maps/search/?api=1&query=Caresse%2C%20a%20Luxury%20Collection%20Resort%20%26%20Spa%2C%20Bodrum&query_place_id=ChIJf3a3w55tvhQR0pFtmdOTw2Q,18,True,False,True,False,6.807934943699926,0.6598540145985401,4.453584245742093,4.35,0.1500000000000003,131.5,1522.5,12.577946768060835,1.0,0.7222222222222222,OFFBOD022,CARESSE RESORT & SPA,5 YILDIZLI OTEL,5.0,77.0,164.0,0252 311 3636,Gümbet,0.95,phone_exact,https://mugla.ktb.gov.tr/Eklenti/102365%2Cisletme-belgeli-tesisler--agustospdf.pdf?0=,MATCHED_HIGH_CONFIDENCE
BOD022,ChIJZypVXF1tvhQRAEStQO6WGK0,Dolce Vita Luxury Bungalows,Bitez,Bodrum,Muğla,Türkiye,Otel,,4.4,5,214,89.0,Arama anındaki fiyat snapshot'ı; tarih/oda/kişi koşullarına göre değişebilir.,"Bitez, Söğütlü Cd. no:146/1, 48400 Bodrum/Muğla, Türkiye",+905451584848,,2026-08-24,https://www.google.com/maps/search/?api=1&query=Dolce%20Vita%20Luxury%20Bungalows&query_place_id=ChIJZypVXF1tvhQRAEStQO6WGK0,18,True,False,True,False,5.3706380281276624,0.3147058823529411,4.375015318627451,4.35,0.0500000000000007,131.5,-42.5,0.6768060836501901,0.25,0.2777777777777778,,,,,,,,,,,,UNMATCHED
BOD023,ChIJi1RysUtsvhQR-Vso6pE_bpE,Doria Hotel Bodrum,Bitez,Bodrum,Muğla,Türkiye,Otel,,4.4,5,774,171.0,Arama anındaki fiyat snapshot'ı; tarih/oda/kişi koşullarına göre değişebilir.,"Gündönümü Mevkii, 1410. Sokak, 48400 Bitez Bodrum/Muğla, Türkiye",+902523111020,,2026-08-24,https://www.google.com/maps/search/?api=1&query=Doria%20Hotel%20Bodrum&query_place_id=ChIJi1RysUtsvhQR-Vso6pE_bpE,18,True,False,True,False,6.652863029353347,0.6241935483870967,4.38629872311828,4.35,0.0500000000000007,131.5,39.5,1.300380228136882,0.8333333333333334,0.5555555555555556,OFFBOD024,DORIA HOTEL BODRUM,5 YILDIZLI OTEL,5.0,92.0,184.0,0252 311 1020,Bitez,1.0,phone_exact,https://mugla.ktb.gov.tr/Eklenti/102365%2Cisletme-belgeli-tesisler--agustospdf.pdf?0=,MATCHED_HIGH_CONFIDENCE
BOD024,ChIJQWFo13ltvhQRYJmZ52TPPjE,HAKAN OTEL,Bitez,Bodrum,Muğla,Türkiye,Otel,,4.5,5,311,78.0,Arama anındaki fiyat snapshot'ı; tarih/oda/kişi koşullarına göre değişebilir.,"Bitez, Mersinli Cd. No:18, 48470 Bodrum/Muğla, Türkiye",+905453496522,,2026-08-24,https://www.google.com/maps/search/?api=1&query=HAKAN%20OTEL&query_place_id=ChIJQWFo13ltvhQRYJmZ52TPPjE,18,True,False,True,False,5.7430031878094825,0.4002574002574002,4.418160124410124,4.35,0.1500000000000003,131.5,-53.5,0.5931558935361216,0.1666666666666666,0.4444444444444444,,,,,,,,,,,,UNMATCHED
BOD025,ChIJDTaX83ZtvhQR6ooLNcHmOQQ,Halikarya Hotel & Restaurant Beach,Bitez,Bodrum,Muğla,Türkiye,Oda Kahvaltı,,4.1,5,79,101.0,Arama anındaki fiyat snapshot'ı; tarih/oda/kişi koşullarına göre değişebilir.,"Ic Kapi, Bitez, Çökertme Cd. No:76 No:1, 48400 Bodrum/Muğla, Türkiye",+902524127612,,2026-08-24,https://www.google.com/maps/search/?api=1&query=Halikarya%20Hotel%20%26%20Restaurant%20Beach&query_place_id=ChIJDTaX83ZtvhQR6ooLNcHmOQQ,18,True,False,True,False,4.382026634673881,0.1449541284403669,4.325340214067278,4.35,-0.25,131.5,-30.5,0.7680608365019012,0.3333333333333333,0.1111111111111111,,,,,,,,,,,,UNMATCHED
BOD026,ChIJARY9WHRtvhQRelTaH2laRj0,Manuela Otel Bitez,Bitez,Bodrum,Muğla,Türkiye,Otel,,4.6,5,871,131.0,Arama anındaki fiyat snapshot'ı; tarih/oda/kişi koşullarına göre değişebilir.,"Bitez, Pomelan Cd. No:28, 48400 Bodrum/Muğla, Türkiye",+905527545858,,2026-08-24,https://www.google.com/maps/search/?api=1&query=Manuela%20Otel%20Bitez&query_place_id=ChIJARY9WHRtvhQRelTaH2laRj0,18,True,False,True,False,6.77078942390898,0.6514584891548242,4.517584455248067,4.35,0.25,131.5,-0.5,0.9961977186311788,0.5,0.6666666666666666,,,,,,,,,,,,UNMATCHED
BOD027,ChIJ2zrOs3VtvhQRZpab8gpgPUw,Meis Apart Hotel,Bitez,Bodrum,Muğla,Türkiye,Otel,,4.7,5,134,147.0,Arama anındaki fiyat snapshot'ı; tarih/oda/kişi koşullarına göre değişebilir.,"Bitez, Bergamut Cd. No:52, 48400 Bodrum/Muğla, Türkiye",+902523630005,,2026-08-24,https://www.google.com/maps/search/?api=1&query=Meis%20Apart%20Hotel&query_place_id=ChIJ2zrOs3VtvhQRZpab8gpgPUw,18,True,False,True,False,4.90527477843843,0.2233333333333333,4.438684027777778,4.35,0.3500000000000005,131.5,15.5,1.11787072243346,0.7777777777777778,0.1666666666666666,,,,,,,,,,,,UNMATCHED
BOD028,ChIJJX6Kg1JtvhQRJQdHx88BYVk,Mira Beach Resort Bodrum,Bitez,Bodrum,Muğla,Türkiye,Otel,,3.3,5,274,72.0,Arama anındaki fiyat snapshot'ı; tarih/oda/kişi koşullarına göre değişebilir.,"Bitez, Çökertme Cd. No:120, 48470 Bodrum/Muğla, Türkiye",+902522110454,,2026-08-24,https://www.google.com/maps/search/?api=1&query=Mira%20Beach%20Resort%20Bodrum&query_place_id=ChIJJX6Kg1JtvhQRJQdHx88BYVk,18,True,False,True,False,5.616771097666572,0.3702702702702702,3.969743806306306,4.35,-1.0499999999999998,131.5,-59.5,0.5475285171102662,0.1111111111111111,0.3888888888888889,,,,,,,,,,,,UNMATCHED
BOD029,ChIJG-s9xMptvhQRGYhqgZLQw2Y,Mumu Bodrum Hotel,Bitez,Bodrum,Muğla,Türkiye,Otel,,4.9,5,71,133.0,Arama anındaki fiyat snapshot'ı; tarih/oda/kişi koşullarına göre değişebilir.,"Bitez, 1303. Sk. No:6, 48470 Bodrum/Muğla, Türkiye",+905413159714,,2026-08-24,https://www.google.com/maps/search/?api=1&query=Mumu%20Bodrum%20Hotel&query_place_id=ChIJG-s9xMptvhQRGYhqgZLQw2Y,18,True,False,True,False,4.276666119016055,0.1322160148975791,4.4344700496585965,4.35,0.5500000000000007,131.5,1.5,1.011406844106464,0.6111111111111112,0.0555555555555555,,,,,,,,,,,,UNMATCHED
BOD030,ChIJZat9EHVtvhQR_YVjYQPaSPY,Natur Garden Hotel Bitez Bodrum,Bitez,Bodrum,Muğla,Türkiye,Otel,,3.9,5,964,104.0,Arama anındaki fiyat snapshot'ı; tarih/oda/kişi koşullarına göre değişebilir.,"Bitez, 1312. Sk. No:1, 48470 Bodrum/Muğla, Türkiye",+902523450437,,2026-08-24,https://www.google.com/maps/search/?api=1&query=Natur%20Garden%20Hotel%20Bitez%20Bodrum&query_place_id=ChIJZat9EHVtvhQR_YVjYQPaSPY,18,True,False,True,False,6.872128101338986,0.6741258741258741,4.051056235431235,4.35,-0.4499999999999997,131.5,-27.5,0.7908745247148289,0.4444444444444444,0.8333333333333334,,,,,,,,,,,,UNMATCHED
BOD031,ChIJWeStgXZtvhQRGNA-9SWD1xk,Okaliptus Otel,Bitez,Bodrum,Muğla,Türkiye,Otel,,4.0,5,474,145.0,Arama anındaki fiyat snapshot'ı; tarih/oda/kişi koşullarına göre değişebilir.,"Bitez, Pomelan Cd., 48470 Bodrum/Muğla, Türkiye",+902523637957,,2026-08-24,https://www.google.com/maps/search/?api=1&query=Okaliptus%20Otel&query_place_id=ChIJWeStgXZtvhQRGNA-9SWD1xk,18,True,False,True,False,6.163314804034641,0.5042553191489362,4.1802238475177305,4.35,-0.3499999999999996,131.5,13.5,1.102661596958175,0.7222222222222222,0.5,OFFBOD072,OKALİPTUS OTEL,4 YILDIZLI OTEL,4.0,68.0,164.0,0252 363 7957,Bitez,1.0,phone_exact,https://mugla.ktb.gov.tr/Eklenti/102365%2Cisletme-belgeli-tesisler--agustospdf.pdf?0=,MATCHED_HIGH_CONFIDENCE
BOD032,ChIJ6Wqm-Z9tvhQRpt55tZ1NK5c,Paloma Family Club Bitez,Bitez,Bodrum,Muğla,Türkiye,Otel,,4.4,5,1201,132.0,Arama anındaki fiyat snapshot'ı; tarih/oda/kişi koşullarına göre değişebilir.,"Mevkii, Bitez Mahallesi Gündönümü, 2156. Sokak, 48400 Bodrum/Muğla, Türkiye",+902523630888,,2026-08-24,https://www.google.com/maps/search/?api=1&query=Paloma%20Family%20Club%20Bitez&query_place_id=ChIJ6Wqm-Z9tvhQRpt55tZ1NK5c,18,True,False,True,False,7.091742115095153,0.7204559088182364,4.389808288342332,4.35,0.0500000000000007,131.5,0.5,1.0038022813688212,0.5555555555555556,0.8888888888888888,,,,,,,,,,,,UNMATCHED
BOD033,ChIJoSspwEFsvhQRf9PM8XwZzmc,Ramada Resort by Wyndham Bodrum,Bitez,Bodrum,Muğla,Türkiye,Otel,,4.3,5,870,206.0,Arama anındaki fiyat snapshot'ı; tarih/oda/kişi koşullarına göre değişebilir.,"Kavakli Sarnic Cad, Bitez, 1531. Sk. No:6, 48470 Bodrum/Muğla, Türkiye",+902523194545,,2026-08-24,https://www.google.com/maps/search/?api=1&query=Ramada%20Resort%20by%20Wyndham%20Bodrum&query_place_id=ChIJoSspwEFsvhQRf9PM8XwZzmc,18,True,False,True,False,6.769641976852503,0.6511976047904192,4.322163485528941,4.35,-0.0499999999999998,131.5,74.5,1.5665399239543727,0.9444444444444444,0.6111111111111112,OFFBOD036,RAMADA RESORT BODRUM OTELİ,5 YILDIZLI OTEL,5.0,129.0,268.0,0252 319 4545,Bitez,0.95,phone_exact,https://mugla.ktb.gov.tr/Eklenti/102365%2Cisletme-belgeli-tesisler--agustospdf.pdf?0=,MATCHED_HIGH_CONFIDENCE
BOD034,ChIJm9mMaCptvhQRksrC-9Oi4lg,Çınar Butik Otel Bodrum,Bitez,Bodrum,Muğla,Türkiye,Otel,,4.4,5,226,69.0,Arama anındaki fiyat snapshot'ı; tarih/oda/kişi koşullarına göre değişebilir.,"Bitez, Bergamut Cd. No:18, 48470 Bodrum/Muğla, Türkiye",+902522750470,,2026-08-24,https://www.google.com/maps/search/?api=1&query=%C3%87%C4%B1nar%20Butik%20Otel%20Bodrum&query_place_id=ChIJm9mMaCptvhQRksrC-9Oi4lg,18,True,False,True,False,5.424950017481403,0.3265895953757225,4.375448578998073,4.35,0.0500000000000007,131.5,-62.5,0.5247148288973384,0.0555555555555555,0.3333333333333333,,,,,,,,,,,,UNMATCHED
BOD035,ChIJwW3ot1FsvhQR9l2PzmY0rzI,Azka Otel - Bardakçı Koyu,Bodrum Merkez,Bodrum,Muğla,Türkiye,Otel,,4.0,5,1926,461.0,Arama anındaki fiyat snapshot'ı; tarih/oda/kişi koşullarına göre değişebilir.,"Bardakçı Koyu, Eskiçeşme, Kaptan Kalesi Sk., 48400 Bodrum/Muğla, Türkiye",+902525300010,,2026-08-24,https://www.google.com/maps/search/?api=1&query=Azka%20Otel%20-%20Bardak%C3%A7%C4%B1%20Koyu&query_place_id=ChIJwW3ot1FsvhQR9l2PzmY0rzI,13,True,False,True,False,7.563719668414366,0.8051839464882943,4.070823752787068,4.3,-0.2999999999999998,169.0,292.0,2.727810650887574,0.8461538461538461,0.8461538461538461,,,,,,,,,,,,UNMATCHED
BOD036,ChIJGdWqDm5svhQRoL1G8LyU33U,Bodrium Hotel & SPA,Bodrum Merkez,Bodrum,Muğla,Türkiye,Otel,,4.6,5,1102,151.0,Arama anındaki fiyat snapshot'ı; tarih/oda/kişi koşullarına göre değişebilir.,"Eskiçeşme, Büyük İskender Cd. No:13, 48400 Bodrum/Muğla, Türkiye",+902523169777,,2026-08-24,https://www.google.com/maps/search/?api=1&query=Bodrium%20Hotel%20%26%20SPA&query_place_id=ChIJGdWqDm5svhQRoL1G8LyU33U,13,True,False,True,False,7.005789019253503,0.7028061224489796,4.529726031037415,4.3,0.2999999999999998,169.0,-18.0,0.893491124260355,0.4615384615384615,0.4615384615384615,OFFBOD167,BODRİUM OTEL & SPA,ÖZEL TESİS KNL,3.0,50.0,100.0,0252 311 0360,Bodrum Merkez,0.7818,fuzzy,https://mugla.ktb.gov.tr/Eklenti/102365%2Cisletme-belgeli-tesisler--agustospdf.pdf?0=,MATCHED_HIGH_CONFIDENCE
BOD037,ChIJb6V7XlZsvhQRMLIIPP4BchI,Bodrum Bay Resort,Bodrum Merkez,Bodrum,Muğla,Türkiye,Otel,,3.3,5,1825,414.0,Arama anındaki fiyat snapshot'ı; tarih/oda/kişi koşullarına göre değişebilir.,"Eskiçeşme, Haremtan Sk. No:1, 48400 Bodrum/Muğla, Türkiye",,,2026-08-24,https://www.google.com/maps/search/?api=1&query=Bodrum%20Bay%20Resort&query_place_id=ChIJb6V7XlZsvhQRMLIIPP4BchI,13,True,False,False,False,7.509883061154913,0.7965953731994763,3.51632929579514,4.3,-1.0,169.0,245.0,2.4497041420118344,0.7692307692307693,0.7692307692307693,,,,,,,,,,,,UNMATCHED
BOD038,ChIJz-flR21svhQR6aYNONMx9Q4,Casa Mare Bodrum,Bodrum Merkez,Bodrum,Muğla,Türkiye,Otel,,4.0,5,274,103.0,Arama anındaki fiyat snapshot'ı; tarih/oda/kişi koşullarına göre değişebilir.,"Eskiçeşme, suat kaya sokak no10, 48400 Bodrum/Muğla, Türkiye",+902523130062,,2026-08-24,https://www.google.com/maps/search/?api=1&query=Casa%20Mare%20Bodrum&query_place_id=ChIJz-flR21svhQR6aYNONMx9Q4,13,True,False,True,False,5.616771097666572,0.3702702702702702,4.228932995495495,4.3,-0.2999999999999998,169.0,-66.0,0.6094674556213018,0.1538461538461538,0.2307692307692307,,,,,,,,,,,,UNMATCHED
BOD039,ChIJyVnm4XtrvhQRWSj607ouwhs,Casa Nonna Bodrum,Bodrum Merkez,Bodrum,Muğla,Türkiye,Otel,,4.6,5,238,509.0,Arama anındaki fiyat snapshot'ı; tarih/oda/kişi koşullarına göre değişebilir.,"Yalı Mahallesi İçmeler Mevkii No:60, 48400 Bodrum/Muğla, Türkiye",+905306042200,,2026-08-24,https://www.google.com/maps/search/?api=1&query=Casa%20Nonna%20Bodrum&query_place_id=ChIJyVnm4XtrvhQRWSj607ouwhs,13,True,False,True,False,5.476463551931511,0.3380681818181818,4.443480705492424,4.3,0.2999999999999998,169.0,340.0,3.0118343195266273,1.0,0.1538461538461538,,,,,,,,,,,,UNMATCHED
BOD040,ChIJqeEj9m5svhQRjGIlBcbvQAk,Diamond of Bodrum Hotel,Bodrum Merkez,Bodrum,Muğla,Türkiye,Otel,,4.1,5,3022,175.0,Arama anındaki fiyat snapshot'ı; tarih/oda/kişi koşullarına göre değişebilir.,"Kumbahçe, Atatürk Cd. No:136, 48400 Bodrum/Muğla, Türkiye",+902522110440,,2026-08-24,https://www.google.com/maps/search/?api=1&query=Diamond%20of%20Bodrum%20Hotel&query_place_id=ChIJqeEj9m5svhQRjGIlBcbvQAk,13,True,False,True,False,8.014004994779459,0.8663990825688074,4.135209408448012,4.3,-0.2000000000000001,169.0,6.0,1.0355029585798816,0.6153846153846154,1.0,,,,,,,,,,,,UNMATCHED
BOD041,ChIJg044KVZsvhQRr4Ud9rwcZYA,La Quinta by Wyndham Bodrum,Bodrum Merkez,Bodrum,Muğla,Türkiye,Otel,,4.3,5,1764,169.0,Arama anındaki fiyat snapshot'ı; tarih/oda/kişi koşullarına göre değişebilir.,"Eskiçeşme Mh, Bardakçı Sk. No:29, 48400 Bodrum/Muğla, Türkiye",+902523450090,,2026-08-24,https://www.google.com/maps/search/?api=1&query=La%20Quinta%20by%20Wyndham%20Bodrum&query_place_id=ChIJg044KVZsvhQRr4Ud9rwcZYA,13,True,False,True,False,7.475905969367397,0.7910313901345292,4.313278213751868,4.3,0.0,169.0,0.0,1.0,0.5384615384615384,0.6923076923076923,OFFBOD069,LA QUINTA BY WYNDHAM BODRUM,4 YILDIZLI OTEL,4.0,173.0,346.0,0252 313 0371,Bodrum Merkez,0.8,name_exact,https://mugla.ktb.gov.tr/Eklenti/102365%2Cisletme-belgeli-tesisler--agustospdf.pdf?0=,MATCHED_HIGH_CONFIDENCE
BOD042,ChIJPxuR8hFsvhQRlxMn8dN2TlI,Mandarin Resort Hotel,Bodrum Merkez,Bodrum,Muğla,Türkiye,Otel,,3.9,5,1647,135.0,Arama anındaki fiyat snapshot'ı; tarih/oda/kişi koşullarına göre değişebilir.,"Kumbahçe, Dr. Mümtaz Ataman Cd. No:27, 48400 Bodrum/Muğla, Türkiye",+902523450453,,2026-08-24,https://www.google.com/maps/search/?api=1&query=Mandarin%20Resort%20Hotel&query_place_id=ChIJPxuR8hFsvhQRlxMn8dN2TlI,13,True,False,True,False,7.4073177104694174,0.779460482725982,4.00222925540306,4.3,-0.3999999999999999,169.0,-34.0,0.7988165680473372,0.2307692307692307,0.6153846153846154,,,,,,,,,,,,UNMATCHED
BOD043,ChIJqVpIA2JtvhQRHEuqj5n7bz8,METT Hotel & Beach Resort Bodrum,Bodrum Merkez,Bodrum,Muğla,Türkiye,Resort Otel,,4.7,5,1575,481.0,Arama anındaki fiyat snapshot'ı; tarih/oda/kişi koşullarına göre değişebilir.,"Değirmenler Mevkii, Eskiçeşme, Haremtan Sk., 48400 Bodrum/Muğla, Türkiye",+902523164848,,2026-08-24,https://www.google.com/maps/search/?api=1&query=METT%20Hotel%20%26%20Beach%20Resort%20Bodrum&query_place_id=ChIJqVpIA2JtvhQRHEuqj5n7bz8,13,True,False,True,False,7.362645270417825,0.7716805487506124,4.62318001796505,4.3,0.4000000000000003,169.0,312.0,2.8461538461538463,0.9230769230769232,0.5384615384615384,OFFBOD034,METT HOTEL & BEACH RESORT BODRUM,5 YILDIZLI OTEL,5.0,72.0,144.0,0555 851 5120,Bodrum Merkez,0.8,name_exact,https://mugla.ktb.gov.tr/Eklenti/102365%2Cisletme-belgeli-tesisler--agustospdf.pdf?0=,MATCHED_HIGH_CONFIDENCE
BOD044,ChIJd_IxssJtvhQRRaGntjJV7oU,Noa Suite Hotel,Bodrum Merkez,Bodrum,Muğla,Türkiye,Otel,,4.8,5,98,71.0,Arama anındaki fiyat snapshot'ı; tarih/oda/kişi koşullarına göre değişebilir.,"Kumbahçe, Güvercin Sk. No:20, 48400 Bodrum/Muğla, Türkiye",+905076510521,,2026-08-24,https://www.google.com/maps/search/?api=1&query=Noa%20Suite%20Hotel&query_place_id=ChIJd_IxssJtvhQRRaGntjJV7oU,13,True,False,True,False,4.59511985013459,0.1737588652482269,4.439380171394799,4.3,0.5,169.0,-98.0,0.4201183431952662,0.0769230769230769,0.0769230769230769,,,,,,,,,,,,UNMATCHED
BOD045,ChIJGUkl_VBsvhQRhaJGNtf2b_Q,Salmakis Resort & Spa,Bodrum Merkez,Bodrum,Muğla,Türkiye,Otel,,4.2,5,2681,142.0,Arama anındaki fiyat snapshot'ı; tarih/oda/kişi koşullarına göre değişebilir.,"Bardakcı Koyu, Eskiçeşme, Salmakis Cd. No:7, 48400 Bodrum/Muğla, Türkiye",+902523166507,,2026-08-24,https://www.google.com/maps/search/?api=1&query=Salmakis%20Resort%20%26%20Spa&query_place_id=ChIJGUkl_VBsvhQRhaJGNtf2b_Q,13,True,False,True,False,7.894318063841624,0.851922465840483,4.224216846732338,4.3,-0.0999999999999996,169.0,-27.0,0.8402366863905325,0.3076923076923077,0.9230769230769232,,,,,,,,,,,,UNMATCHED
BOD046,ChIJLcWrMBdtvhQRNeCOGk70ZYE,Senses Hotel,Bodrum Merkez,Bodrum,Muğla,Türkiye,Otel,,4.7,5,1035,148.0,Arama anındaki fiyat snapshot'ı; tarih/oda/kişi koşullarına göre değişebilir.,"Kumbahçe, Atatürk Cd. No:179, 48400 Bodrum/Muğla, Türkiye",+902523132373,,2026-08-24,https://www.google.com/maps/search/?api=1&query=Senses%20Hotel&query_place_id=ChIJLcWrMBdtvhQRNeCOGk70ZYE,13,True,False,True,False,6.943122422819428,0.6895403064623584,4.595543248945148,4.3,0.4000000000000003,169.0,-21.0,0.8757396449704142,0.3846153846153846,0.3846153846153846,,,,,,,,,,,,UNMATCHED
BOD047,ChIJB_Y3_BBsvhQRK4aYUqtoLGI,The Marmara Bodrum,Bodrum Merkez,Bodrum,Muğla,Türkiye,Otel,,4.7,5,987,198.0,Arama anındaki fiyat snapshot'ı; tarih/oda/kişi koşullarına göre değişebilir.,"Yokuşbaşı, Sulu Hasan Cd. No:18, 48400 Bodrum/Muğla, Türkiye",+902529991010,,2026-08-24,https://www.google.com/maps/search/?api=1&query=The%20Marmara%20Bodrum&query_place_id=ChIJB_Y3_BBsvhQRK4aYUqtoLGI,13,True,False,True,False,6.895682697747868,0.6792842395044735,4.592092509749943,4.3,0.4000000000000003,169.0,29.0,1.1715976331360949,0.6923076923076923,0.3076923076923077,OFFBOD046,THE MARMARA BODRUM,5 YILDIZLI OTEL,5.0,97.0,194.0,0252 313 8130,Bodrum Merkez,0.8,name_exact,https://mugla.ktb.gov.tr/Eklenti/102365%2Cisletme-belgeli-tesisler--agustospdf.pdf?0=,MATCHED_HIGH_CONFIDENCE
BOD048,ChIJW7-Z9-hvvhQRACntL8CkDZw,Babana Hotel,Göltürkbükü,Bodrum,Muğla,Türkiye,Otel,,4.7,5,221,132.0,Arama anındaki fiyat snapshot'ı; tarih/oda/kişi koşullarına göre değişebilir.,"29th Street, Türkbükü, Akdeniz Street No: 5, 48483 Bodrum/Muğla, Türkiye",+902523577198,,2026-08-24,https://www.google.com/maps/search/?api=1&query=Babana%20Hotel&query_place_id=ChIJW7-Z9-hvvhQRACntL8CkDZw,10,True,False,True,False,5.402677381872279,0.321688500727802,4.471776443474042,4.45,0.25,165.0,-33.0,0.8,0.2,0.4,OFFBOD114,BABANA OTEL,2 YILDIZLI OTEL,2.0,36.0,72.0,0252 357 7198,Gündoğan,0.95,phone_exact,https://mugla.ktb.gov.tr/Eklenti/102365%2Cisletme-belgeli-tesisler--agustospdf.pdf?0=,MATCHED_HIGH_CONFIDENCE
BOD049,ChIJUbH2xLlvvhQRCVaq4tttTgY,Casa Del Mar Bodrum,Göltürkbükü,Bodrum,Muğla,Türkiye,Turistik Pansiyon,,4.6,5,263,135.0,Arama anındaki fiyat snapshot'ı; tarih/oda/kişi koşullarına göre değişebilir.,"Gölköy, Akdeniz Cd. No: 63, 48400 Bodrum/Muğla, Türkiye",+905423141453,,2026-08-24,https://www.google.com/maps/search/?api=1&query=Casa%20Del%20Mar%20Bodrum&query_place_id=ChIJUbH2xLlvvhQRCVaq4tttTgY,10,True,False,True,False,5.575949103146316,0.3607681755829904,4.448848308184727,4.45,0.1499999999999994,165.0,-30.0,0.8181818181818182,0.3,0.5,,,,,,,,,,,,UNMATCHED
BOD050,ChIJoZNUrrlvvhQRtKmU1DNfnzk,Daphnis Hotel Gölköy,Göltürkbükü,Bodrum,Muğla,Türkiye,Otel,,4.3,5,590,88.0,Arama anındaki fiyat snapshot'ı; tarih/oda/kişi koşullarına göre değişebilir.,"37. Sokak, Akdeniz Cd. No: 1, 48450 Bodrum/Muğla, Türkiye",+905526577088,,2026-08-24,https://www.google.com/maps/search/?api=1&query=Daphnis%20Hotel%20G%C3%B6lk%C3%B6y&query_place_id=ChIJoZNUrrlvvhQRtKmU1DNfnzk,10,True,False,True,False,6.3818160174060985,0.5587121212121212,4.32804016729798,4.45,-0.1500000000000003,165.0,-77.0,0.5333333333333333,0.1,0.8,,,,,,,,,,,,UNMATCHED
BOD051,ChIJY-RkJbhvvhQRw99m7CRb_w0,Faros Bodrum Hotel Göltürkbükü,Göltürkbükü,Bodrum,Muğla,Türkiye,Otel,,4.4,5,373,162.0,Arama anındaki fiyat snapshot'ı; tarih/oda/kişi koşullarına göre değişebilir.,"Yalı Mevkii, Gölköy, 36. Sk. No:1 D:1, 48400 Bodrum/Muğla, Türkiye",+902523578118,,2026-08-24,https://www.google.com/maps/search/?api=1&query=Faros%20Bodrum%20Hotel%20G%C3%B6lt%C3%BCrkb%C3%BCk%C3%BC&query_place_id=ChIJY-RkJbhvvhQRw99m7CRb_w0,10,True,False,True,False,5.924255797414532,0.4445768772348033,4.379750198649186,4.45,-0.0499999999999998,165.0,-3.0,0.9818181818181818,0.5,0.6,,,,,,,,,,,,UNMATCHED
BOD052,ChIJLbUXL7pvvhQRHM5GVHR2Rg0,Flamm Bodrum,Göltürkbükü,Bodrum,Muğla,Türkiye,Otel,,4.5,5,766,219.0,Arama anındaki fiyat snapshot'ı; tarih/oda/kişi koşullarına göre değişebilir.,"Akdeniz Cd, 30. Sk. No:3, 48400 Bodrum/Muğla, Türkiye",+902523577600,,2026-08-24,https://www.google.com/maps/search/?api=1&query=Flamm%20Bodrum&query_place_id=ChIJLbUXL7pvvhQRHM5GVHR2Rg0,10,True,False,True,False,6.642486801367256,0.6217532467532467,4.448385078463204,4.45,0.0499999999999998,165.0,54.0,1.3272727272727274,0.9,0.9,,,,,,,,,,,,UNMATCHED
BOD053,ChIJaSEKq-lvvhQRZeKHVS45qRI,Gölköy Suites,Göltürkbükü,Bodrum,Muğla,Türkiye,Otel,,4.4,5,212,172.0,Arama anındaki fiyat snapshot'ı; tarih/oda/kişi koşullarına göre değişebilir.,"Yalı Mah. Akdeniz Cad, 33. Sk. No:5 D:7, 48483 Bodrum/Muğla, Türkiye",+902523577981,,2026-08-24,https://www.google.com/maps/search/?api=1&query=G%C3%B6lk%C3%B6y%20Suites&query_place_id=ChIJaSEKq-lvvhQRZeKHVS45qRI,10,True,False,True,False,5.3612921657094255,0.3126843657817109,4.374941617502459,4.45,-0.0499999999999998,165.0,7.0,1.0424242424242425,0.7,0.3,,,,,,,,,,,,UNMATCHED
BOD054,ChIJ-Zf0urlvvhQRkenPZ4sgzcA,Lavinya Maison,Göltürkbükü,Bodrum,Muğla,Türkiye,Günlük Kiralık Daire,,4.4,5,139,168.0,Arama anındaki fiyat snapshot'ı; tarih/oda/kişi koşullarına göre değişebilir.,"Gölköy, 33. Sk. No: 4, 48483 Bodrum/Muğla, Türkiye",+902523577055,,2026-08-24,https://www.google.com/maps/search/?api=1&query=Lavinya%20Maison&query_place_id=ChIJ-Zf0urlvvhQRkenPZ4sgzcA,10,True,False,True,False,4.941642422609304,0.2297520661157024,4.371918044077135,4.45,-0.0499999999999998,165.0,3.0,1.018181818181818,0.6,0.2,,,,,,,,,,,,UNMATCHED
BOD055,ChIJG4OGJ6pvvhQRTnQTKIJda9g,Lavinya Otel Göltürkbükü,Göltürkbükü,Bodrum,Muğla,Türkiye,Otel,,4.6,5,132,157.0,Arama anındaki fiyat snapshot'ı; tarih/oda/kişi koşullarına göre değişebilir.,"Gölköy Mahallesi 34. Sokak No: 20 bina No:1, D:2, 48483 Bodrum/Muğla, Türkiye",+902523577179,,2026-08-24,https://www.google.com/maps/search/?api=1&query=Lavinya%20Otel%20G%C3%B6lt%C3%BCrkb%C3%BCk%C3%BC&query_place_id=ChIJG4OGJ6pvvhQRTnQTKIJda9g,10,True,False,True,False,4.890349128221754,0.2207357859531772,4.415736482720178,4.45,0.1499999999999994,165.0,-8.0,0.9515151515151516,0.4,0.1,,,,,,,,,,,,UNMATCHED
BOD056,ChIJAQAAQO5vvhQR0cqCHEaK7ic,"Mandarin Oriental, Bodrum",Göltürkbükü,Bodrum,Muğla,Türkiye,Otel,,4.7,5,2728,1679.0,Arama anındaki fiyat snapshot'ı; tarih/oda/kişi koşullarına göre değişebilir.,"Gölköy, 314 Sokak No.10, 48483 Muğla, Türkiye",+902523111888,,2026-08-24,https://www.google.com/maps/search/?api=1&query=Mandarin%20Oriental%2C%20Bodrum&query_place_id=ChIJAQAAQO5vvhQR0cqCHEaK7ic,10,True,False,True,False,7.911690520708339,0.8541014402003757,4.650911213734085,4.45,0.25,165.0,1514.0,10.175757575757576,1.0,1.0,OFFBOD032,MANDARİN ORIENTAL BODRUM,5 YILDIZLI OTEL,5.0,120.0,324.0,0252 345 0453,Göltürkbükü,0.8,name_exact,https://mugla.ktb.gov.tr/Eklenti/102365%2Cisletme-belgeli-tesisler--agustospdf.pdf?0=,MATCHED_HIGH_CONFIDENCE
BOD057,ChIJD7WKCLtvvhQRwXRKD3S2iQw,Selvi Bodrum,Göltürkbükü,Bodrum,Muğla,Türkiye,Otel,,4.2,5,584,207.0,Arama anındaki fiyat snapshot'ı; tarih/oda/kişi koşullarına göre değişebilir.,"No:42, Gölköy, Akdeniz Cd., 48400 Bodrum/Muğla, Türkiye",+902523169209,,2026-08-24,https://www.google.com/maps/search/?api=1&query=Selvi%20Bodrum&query_place_id=ChIJD7WKCLtvvhQRwXRKD3S2iQw,10,True,False,True,False,6.371611847231857,0.5561904761904762,4.272581349206349,4.45,-0.25,165.0,42.0,1.2545454545454546,0.8,0.7,OFFBOD107,SELVİ BEACH OTEL,3 YILDIZLI OTEL,3.0,20.0,40.0,0252 316 9209,Türkbükü,0.95,phone_exact,https://mugla.ktb.gov.tr/Eklenti/102365%2Cisletme-belgeli-tesisler--agustospdf.pdf?0=,MATCHED_HIGH_CONFIDENCE
BOD058,ChIJxxkyuVJsvhQR6fKf-R5FXrc,Bodrum Beach Resort,Gümbet,Bodrum,Muğla,Türkiye,Otel,,3.7,5,1678,69.0,Arama anındaki fiyat snapshot'ı; tarih/oda/kişi koşullarına göre değişebilir.,"Gümbet, Osman Nuri Bilgin Cd. No:37 D:1, 48400 Bodrum/Muğla, Türkiye",+902522110590,,2026-08-24,https://www.google.com/maps/search/?api=1&query=Bodrum%20Beach%20Resort&query_place_id=ChIJxxkyuVJsvhQR6fKf-R5FXrc,15,True,False,True,False,7.425953657077541,0.7826492537313433,3.844221276430348,4.0,-0.2999999999999998,128.0,-59.0,0.5390625,0.1333333333333333,0.6666666666666666,OFFBOD054,BODRUM BEACH RESORT,4 YILDIZLI OTEL,4.0,164.0,442.0,0252 319 3345,Gümbet,0.8,name_exact,https://mugla.ktb.gov.tr/Eklenti/102365%2Cisletme-belgeli-tesisler--agustospdf.pdf?0=,MATCHED_HIGH_CONFIDENCE
BOD059,ChIJ34m31a1tvhQRlMV0_URSSzE,Bodrum Hotel Baba,Gümbet,Bodrum,Muğla,Türkiye,Otel,,3.7,5,465,77.0,Arama anındaki fiyat snapshot'ı; tarih/oda/kişi koşullarına göre değişebilir.,"Gümbet, Ayaz Cd. No:8, 48400 Bodrum/Muğla, Türkiye",+902529700366,,2026-08-24,https://www.google.com/maps/search/?api=1&query=Bodrum%20Hotel%20Baba&query_place_id=ChIJ34m31a1tvhQRlMV0_URSSzE,15,True,False,True,False,6.144185634125646,0.4994629430719656,4.032127192982456,4.0,-0.2999999999999998,128.0,-51.0,0.6015625,0.2,0.2,,,,,,,,,,,,UNMATCHED
BOD060,ChIJjfpFULBtvhQRmWBxrJ_BUrk,Club Shark Hotel,Gümbet,Bodrum,Muğla,Türkiye,Otel,,4.2,5,1124,111.0,Arama anındaki fiyat snapshot'ı; tarih/oda/kişi koşullarına göre değişebilir.,"Gümbet, Yel Değirmeni Cd. No:4, 48400 Bodrum/Muğla, Türkiye",+902523450492,,2026-08-24,https://www.google.com/maps/search/?api=1&query=Club%20Shark%20Hotel&query_place_id=ChIJjfpFULBtvhQRmWBxrJ_BUrk,15,True,False,True,False,7.025538314638521,0.7069182389937106,4.24793107966457,4.0,0.2000000000000001,128.0,-17.0,0.8671875,0.4,0.4,OFFBOD062,CLUB SHARK OTEL,4 YILDIZLI OTEL,4.0,105.0,210.0,0252 319 3620,Gümbet,0.7806,fuzzy,https://mugla.ktb.gov.tr/Eklenti/102365%2Cisletme-belgeli-tesisler--agustospdf.pdf?0=,MATCHED_HIGH_CONFIDENCE
BOD061,ChIJi1RysUtsvhQReySSwLnKb6U,Gümbet Anıl Beach,Gümbet,Bodrum,Muğla,Türkiye,Otel,,4.3,5,1489,150.0,Arama anındaki fiyat snapshot'ı; tarih/oda/kişi koşullarına göre değişebilir.,"Gümbet, Yarbay Sabri Ergüden Sk., 48400 Bodrum/Muğla, Türkiye",+902523193900,,2026-08-24,https://www.google.com/maps/search/?api=1&query=G%C3%BCmbet%20An%C4%B1l%20Beach&query_place_id=ChIJi1RysUtsvhQReySSwLnKb6U,15,True,False,True,False,7.306531398939505,0.7616368286445013,4.315145993179881,4.0,0.2999999999999998,128.0,22.0,1.171875,0.6666666666666666,0.5333333333333333,,,,,,,,,,,,UNMATCHED
BOD062,ChIJO08Er6htvhQR5H87YsG4EeY,"Gümbet Cove Hotel, Muğla Türkiye",Gümbet,Bodrum,Muğla,Türkiye,Otel,,3.9,5,237,79.0,Arama anındaki fiyat snapshot'ı; tarih/oda/kişi koşullarına göre değişebilir.,"M, Asarlik Mevkii Adnan Menderes Cad, Gümbet, Kaşif Ertekin Sk. No:8, 48400 Bodrum/Muğla, Türkiye",+902523195252,,2026-08-24,https://www.google.com/maps/search/?api=1&query=G%C3%BCmbet%20Cove%20Hotel%2C%20Mu%C4%9Fla%20T%C3%BCrkiye&query_place_id=ChIJO08Er6htvhQR5H87YsG4EeY,15,True,False,True,False,5.472270673671475,0.337126600284495,4.207269440493125,4.0,-0.1,128.0,-49.0,0.6171875,0.2666666666666666,0.0666666666666666,OFFBOD118,GÜMBET COVE OTEL,2 YILDIZLI OTEL,2.0,42.0,90.0,0252 319 5252,Gümbet,0.95,phone_exact,https://mugla.ktb.gov.tr/Eklenti/102365%2Cisletme-belgeli-tesisler--agustospdf.pdf?0=,MATCHED_HIGH_CONFIDENCE
BOD063,ChIJNRIjqlRsvhQRGxrphNIqGwk,Jasmin Beach Hotel,Gümbet,Bodrum,Muğla,Türkiye,Otel,,3.9,5,2330,212.0,Arama anındaki fiyat snapshot'ı; tarih/oda/kişi koşullarına göre değişebilir.,"Gümbet, Dayılar Sk., 48400 Bodrum/Muğla, Türkiye",+902523450439,,2026-08-24,https://www.google.com/maps/search/?api=1&query=Jasmin%20Beach%20Hotel&query_place_id=ChIJNRIjqlRsvhQRGxrphNIqGwk,15,True,False,True,False,7.754052639035757,0.8333333333333334,3.977256944444444,4.0,-0.1,128.0,84.0,1.65625,0.8,0.8666666666666667,OFFBOD067,JASMİN BEACH OTEL,4 YILDIZLI OTEL,4.0,254.0,508.0,0252 319 4790,Gümbet,0.7828,fuzzy,https://mugla.ktb.gov.tr/Eklenti/102365%2Cisletme-belgeli-tesisler--agustospdf.pdf?0=,MATCHED_HIGH_CONFIDENCE
BOD064,ChIJAQ-IIVNsvhQRAQriNOcd5wA,Jasmin Elite Residence & Spa,Gümbet,Bodrum,Muğla,Türkiye,Uzun Süreli Kalmaya Uygun Otel,,4.5,5,600,154.0,Arama anındaki fiyat snapshot'ı; tarih/oda/kişi koşullarına göre değişebilir.,"Gümbet, Dayılar Sk. No:1, 48400 Bodrum/Muğla, Türkiye",+902523190072,,2026-08-24,https://www.google.com/maps/search/?api=1&query=Jasmin%20Elite%20Residence%20%26%20Spa&query_place_id=ChIJAQ-IIVNsvhQRAQriNOcd5wA,15,True,False,True,False,6.398594934535208,0.5628517823639775,4.440347482801751,4.0,0.5,128.0,26.0,1.203125,0.7333333333333333,0.3333333333333333,,,,,,,,,,,,UNMATCHED
BOD065,ChIJk_7uUOZtvhQRslDfiDT6f6s,Mirada Exclusive Bodrum,Gümbet,Bodrum,Muğla,Türkiye,Otel,,4.8,5,1905,473.0,Arama anındaki fiyat snapshot'ı; tarih/oda/kişi koşullarına göre değişebilir.,"Asarlık Mevkii, Turkuaz Sk. No:8/10, 48400 Bodrum/Muğla, Türkiye",+902524127630,,2026-08-24,https://www.google.com/maps/search/?api=1&query=Mirada%20Exclusive%20Bodrum&query_place_id=ChIJk_7uUOZtvhQRslDfiDT6f6s,15,True,False,True,False,7.552762084214147,0.8034584563475327,4.714217805426683,4.0,0.7999999999999998,128.0,345.0,3.6953125,0.9666666666666668,0.7333333333333333,,,,,,,,,,,,UNMATCHED
BOD066,ChIJN0uCWq9tvhQRf5-KhqIJ2as,Royal Asarlik Beach Hotel & Spa,Gümbet,Bodrum,Muğla,Türkiye,Otel,,4.0,5,3511,136.0,Arama anındaki fiyat snapshot'ı; tarih/oda/kişi koşullarına göre değişebilir.,"Gümbet, Ethem Kaptan Sk. No: 4, 48400 Bodrum/Muğla, Türkiye",+902523450452,,2026-08-24,https://www.google.com/maps/search/?api=1&query=Royal%20Asarlik%20Beach%20Hotel%20%26%20Spa&query_place_id=ChIJN0uCWq9tvhQRf5-KhqIJ2as,15,True,False,True,False,8.163940954755008,0.8828262509429218,4.0425975400217915,4.0,0.0,128.0,8.0,1.0625,0.6,0.9333333333333332,,,,,,,,,,,,UNMATCHED
BOD067,ChIJmbdvxK1tvhQRx48Im613KJA,Sami Beach Hotel,Gümbet,Bodrum,Muğla,Türkiye,Kat Hizmeti Sunulan Konaklama,,4.0,5,2089,128.0,Arama anındaki fiyat snapshot'ı; tarih/oda/kişi koşullarına göre değişebilir.,"Gümbet, Ayaz Cd. No:18, 48400 Bodrum/Muğla, Türkiye",+902522750320,,2026-08-24,https://www.google.com/maps/search/?api=1&query=Sami%20Beach%20Hotel&query_place_id=ChIJmbdvxK1tvhQRx48Im613KJA,15,True,False,True,False,7.644919344958857,0.8176125244618395,4.066305446836269,4.0,0.0,128.0,0.0,1.0,0.5333333333333333,0.8,,,,,,,,,,,,UNMATCHED
BOD068,ChIJxRQCpKdtvhQRiZV1rLRDZSM,Selectum Colours Bodrum,Gümbet,Bodrum,Muğla,Türkiye,Otel,,4.8,5,13412,473.0,Arama anındaki fiyat snapshot'ı; tarih/oda/kişi koşullarına göre değişebilir.,"Gümbet, Adnan Menderes Cd. No:63, 48400 Bodrum/Muğla, Türkiye",+902523197000,,2026-08-24,https://www.google.com/maps/search/?api=1&query=Selectum%20Colours%20Bodrum&query_place_id=ChIJxRQCpKdtvhQRiZV1rLRDZSM,15,True,False,True,False,9.50397966490209,0.9664216745928808,4.785344460056685,4.0,0.7999999999999998,128.0,345.0,3.6953125,0.9666666666666668,1.0,OFFBOD019,ASTERIA BODRUM RESORT,5 YILDIZLI OTEL,5.0,540.0,1080.0,0252 319 7000,Gümbet,0.95,phone_exact,https://mugla.ktb.gov.tr/Eklenti/102365%2Cisletme-belgeli-tesisler--agustospdf.pdf?0=,MATCHED_HIGH_CONFIDENCE
BOD069,ChIJR_ba3VJsvhQRapanF-L0dwo,Siesta Beach Apart,Gümbet,Bodrum,Muğla,Türkiye,Resort Otel,,3.4,5,502,65.0,Arama anındaki fiyat snapshot'ı; tarih/oda/kişi koşullarına göre değişebilir.,"Dayılar sok No: 31 Degirmenalti, Gümbet, 48400 Bodrum/Muğla, Türkiye",+902523450498,,2026-08-24,https://www.google.com/maps/search/?api=1&query=Siesta%20Beach%20Apart&query_place_id=ChIJR_ba3VJsvhQRapanF-L0dwo,15,True,False,True,False,6.220590170099739,0.518595041322314,3.863853736225895,4.0,-0.6000000000000001,128.0,-63.0,0.5078125,0.0666666666666666,0.2666666666666666,,,,,,,,,,,,UNMATCHED
BOD070,ChIJHcO2oKhtvhQR0DTiondx6MU,The Luvi Hotel,Gümbet,Bodrum,Muğla,Türkiye,Otel,,3.7,5,1226,121.0,Arama anındaki fiyat snapshot'ı; tarih/oda/kişi koşullarına göre değişebilir.,"Gümbet Mah. Adnan Menderes Cad, Gümbet, Kaşif Ertekin Sk. No:10, 48400 Bodrum/Muğla, Türkiye",+902523197148,,2026-08-24,https://www.google.com/maps/search/?api=1&query=The%20Luvi%20Hotel&query_place_id=ChIJHcO2oKhtvhQR0DTiondx6MU,15,True,False,True,False,7.112327444710911,0.7245862884160756,3.8827484732072497,4.0,-0.2999999999999998,128.0,-7.0,0.9453125,0.4666666666666667,0.4666666666666667,,,,,,,,,,,,UNMATCHED
BOD071,ChIJy0Z7TattvhQRtyODGrWwzok,Tropicana Beach Hotel,Gümbet,Bodrum,Muğla,Türkiye,Motel,,4.3,5,281,87.0,Arama anındaki fiyat snapshot'ı; tarih/oda/kişi koşullarına göre değişebilir.,"Dolgu Mevkii, Bodrum, 48400, Gümbet, 48400 Bodrum/Muğla, Türkiye",+902523193523,,2026-08-24,https://www.google.com/maps/search/?api=1&query=Tropicana%20Beach%20Hotel&query_place_id=ChIJy0Z7TattvhQRtyODGrWwzok,15,True,False,True,False,5.641907070938114,0.3761713520749665,4.339639112003569,4.0,0.2999999999999998,128.0,-41.0,0.6796875,0.3333333333333333,0.1333333333333333,OFFBOD111,TROPİCANA BEACH OTEL,3 YILDIZLI OTEL,3.0,42.0,104.0,0252 313 3523,Gümbet,0.7854,fuzzy,https://mugla.ktb.gov.tr/Eklenti/102365%2Cisletme-belgeli-tesisler--agustospdf.pdf?0=,MATCHED_HIGH_CONFIDENCE
BOD072,ChIJkXZdS0BsvhQR2B_lTbvKswM,VERY CHIC BODRUM,Gümbet,Bodrum,Muğla,Türkiye,Otel,,4.2,5,1670,241.0,Arama anındaki fiyat snapshot'ı; tarih/oda/kişi koşullarına göre değişebilir.,"Gümbet, Zengin Hüseyin Sk. No:9, 48400 Bodrum/Muğla, Türkiye",+902529700360,,2026-08-24,https://www.google.com/maps/search/?api=1&query=VERY%20CHIC%20BODRUM&query_place_id=ChIJkXZdS0BsvhQR2B_lTbvKswM,15,True,False,True,False,7.421177528595393,0.7818352059925093,4.2356790340199755,4.0,0.2000000000000001,128.0,113.0,1.8828125,0.8666666666666667,0.6,OFFBOD015,VERY CHIC,5 YILDIZLI T.K.,5.0,149.0,298.0,0252 319 5360,Gümbet,0.8,name_exact,https://mugla.ktb.gov.tr/Eklenti/102365%2Cisletme-belgeli-tesisler--agustospdf.pdf?0=,MATCHED_HIGH_CONFIDENCE
BOD073,ChIJKxy7qO50vhQRtPjXO1brYXM,Arriba Apartment & Restaurant & Bungalows,Gümüşlük,Bodrum,Muğla,Türkiye,Doğa Köşkü,,4.3,5,219,95.0,Arama anındaki fiyat snapshot'ı; tarih/oda/kişi koşullarına göre değişebilir.,"Gümüşlük, 1120. Sk. No:20, 48970 Bodrum/Muğla, Türkiye",+905326058479,,2026-08-24,https://www.google.com/maps/search/?api=1&query=Arriba%20Apartment%20%26%20Restaurant%20%26%20Bungalows&query_place_id=ChIJKxy7qO50vhQRtPjXO1brYXM,15,True,False,True,False,5.393627546352362,0.3197080291970803,4.343226885644769,4.5,-0.2000000000000001,106.0,-11.0,0.8962264150943396,0.4615384615384615,0.4666666666666667,,,,,,,,,,,,UNMATCHED
BOD074,ChIJ6zcjZiV1vhQRyyjNHZwIoI4,Begonvil Gümüşlük,Gümüşlük,Bodrum,Muğla,Türkiye,Kamping Bungalov,,4.8,5,36,151.0,Arama anındaki fiyat snapshot'ı; tarih/oda/kişi koşullarına göre değişebilir.,"Gümüşlük, Kırçiçeği Sk. No:4, 48400 Bodrum/Muğla, Türkiye",+905321301948,,2026-08-24,https://www.google.com/maps/search/?api=1&query=Begonvil%20G%C3%BCm%C3%BC%C5%9Fl%C3%BCk&query_place_id=ChIJ6zcjZiV1vhQRyyjNHZwIoI4,15,True,False,True,False,3.610917912644224,0.0717131474103585,4.394841467463479,4.5,0.2999999999999998,106.0,45.0,1.4245283018867925,1.0,0.0666666666666666,,,,,,,,,,,,UNMATCHED
BOD075,ChIJiV_oOwsNvhQRUZiyhoOACos,Benjamin Otel,Gümüşlük,Bodrum,Muğla,Türkiye,Otel,,5.0,5,487,129.0,Arama anındaki fiyat snapshot'ı; tarih/oda/kişi koşullarına göre değişebilir.,"Gümüşlük, Atatürk Cd. No:89, 48970 Bodrum/Muğla, Türkiye",+905363943042,,2026-08-24,https://www.google.com/maps/search/?api=1&query=Benjamin%20Otel&query_place_id=ChIJiV_oOwsNvhQRUZiyhoOACos,15,True,False,True,False,6.1903154058531475,0.5110178384050367,4.6887832284015385,4.5,0.5,106.0,23.0,1.2169811320754718,0.8461538461538461,0.9333333333333332,,,,,,,,,,,,UNMATCHED
BOD076,ChIJbSnvjO50vhQRkL_tKcHMxUA,Gümüşlük No3,Gümüşlük,Bodrum,Muğla,Türkiye,Otel,,5.0,5,52,,,"Gümüşlük, Kültür Sk. No: 3/3, 48970 Bodrum/Muğla, Türkiye",+905335464803,,2026-08-24,https://www.google.com/maps/search/?api=1&query=G%C3%BCm%C3%BC%C5%9Fl%C3%BCk%20No3&query_place_id=ChIJbSnvjO50vhQRkL_tKcHMxUA,15,False,False,True,False,3.970291913552122,0.1003861003861003,4.427433236808237,4.5,0.5,106.0,,,,0.2,,,,,,,,,,,,UNMATCHED
BOD077,ChIJBYunbel0vhQRb4Nuj9bewJs,Ladonia Hotels Zemda,Gümüşlük,Bodrum,Muğla,Türkiye,Otel,,3.8,5,376,70.0,Arama anındaki fiyat snapshot'ı; tarih/oda/kişi koşullarına göre değişebilir.,"Zemda Hotel Adres: Gümüşlük Mah 1120 Sokak No:4 Posta Kodu:, 1120. Sk. No:4, 48970 Bodrum/Muğla, Türkiye",+902522110511,,2026-08-24,https://www.google.com/maps/search/?api=1&query=Ladonia%20Hotels%20Zemda&query_place_id=ChIJBYunbel0vhQRb4Nuj9bewJs,15,True,False,True,False,5.932245187448011,0.4465558194774346,4.111888855898654,4.5,-0.7000000000000002,106.0,-36.0,0.660377358490566,0.1538461538461538,0.6666666666666666,,,,,,,,,,,,UNMATCHED
BOD078,ChIJCdIJiPt1vhQRS3-Kn7JaEoU,Liman Hotel Gümüslük (Adult only),Gümüşlük,Bodrum,Muğla,Türkiye,Otel,,4.8,5,411,134.0,Arama anındaki fiyat snapshot'ı; tarih/oda/kişi koşullarına göre değişebilir.,"Gümüşlük, 1120. Sk. No:52, 48400 Bodrum/Muğla, Türkiye",+905491032323,,2026-08-24,https://www.google.com/maps/search/?api=1&query=Liman%20Hotel%20G%C3%BCm%C3%BCsl%C3%BCk%20%28Adult%20only%29&query_place_id=ChIJCdIJiPt1vhQRS3-Kn7JaEoU,15,True,False,True,False,6.021023349349527,0.4686431014823261,4.568084853667807,4.5,0.2999999999999998,106.0,28.0,1.2641509433962264,0.9230769230769232,0.7333333333333333,,,,,,,,,,,,UNMATCHED
BOD079,ChIJTyhOR-10vhQRugeKxp4chBc,Metin's Gümüşlük - Hotel & Restaurant,Gümüşlük,Bodrum,Muğla,Türkiye,Otel,,4.2,5,362,89.0,Arama anındaki fiyat snapshot'ı; tarih/oda/kişi koşullarına göre değişebilir.,"Gümüşlük, Atatürk Cd. No:82, 48970 Bodrum/Muğla, Türkiye",+902523943182,,2026-08-24,https://www.google.com/maps/search/?api=1&query=Metin%27s%20G%C3%BCm%C3%BC%C5%9Fl%C3%BCk%20-%20Hotel%20%26%20Restaurant&query_place_id=ChIJTyhOR-10vhQRugeKxp4chBc,15,True,False,True,False,5.8944028342648505,0.4371980676328502,4.292041566022544,4.5,-0.2999999999999998,106.0,-17.0,0.839622641509434,0.3846153846153846,0.6,,,,,,,,,,,,UNMATCHED
BOD080,ChIJWaJoi-50vhQRqlVRnuxIHAo,Myndos Oda & kahvalti,Gümüşlük,Bodrum,Muğla,Türkiye,Oda Kahvaltı,,4.2,5,171,113.0,Arama anındaki fiyat snapshot'ı; tarih/oda/kişi koşullarına göre değişebilir.,"Gümüşlük, Kilimci Sk. No:39, 48970 Bodrum/Muğla, Türkiye",+905525197060,,2026-08-24,https://www.google.com/maps/search/?api=1&query=Myndos%20Oda%20%26%20kahvalti&query_place_id=ChIJWaJoi-50vhQRqlVRnuxIHAo,15,True,False,True,False,5.147494476813453,0.2684458398744113,4.319639586603872,4.5,-0.2999999999999998,106.0,7.0,1.0660377358490567,0.7692307692307693,0.4,,,,,,,,,,,,UNMATCHED
BOD081,ChIJTycZePt1vhQRg_c7eAH5CT4,Oda Bodrum Gümüşlük,Gümüşlük,Bodrum,Muğla,Türkiye,Otel,,4.5,5,276,63.0,Arama anındaki fiyat snapshot'ı; tarih/oda/kişi koşullarına göre değişebilir.,"Gümüşlük, Atatürk Cd. No: 54, 48970 Bodrum/Muğla, Türkiye",+905348120058,,2026-08-24,https://www.google.com/maps/search/?api=1&query=Oda%20Bodrum%20G%C3%BCm%C3%BC%C5%9Fl%C3%BCk&query_place_id=ChIJTycZePt1vhQRg_c7eAH5CT4,15,True,False,True,False,5.6240175061873385,0.3719676549865229,4.414299752920035,4.5,0.0,106.0,-43.0,0.5943396226415094,0.0769230769230769,0.5333333333333333,,,,,,,,,,,,UNMATCHED
BOD082,ChIJ7yRkgO50vhQRDbRpk5bhV2w,Otel Gümüşlük,Gümüşlük,Bodrum,Muğla,Türkiye,Otel,,4.5,5,442,110.0,Arama anındaki fiyat snapshot'ı; tarih/oda/kişi koşullarına göre değişebilir.,"Yalı Mevkii, Karakaya Mahallesi, Kilimci Sk. No: 28, 48970 Bodrum/Muğla, Türkiye",+905446452661,,2026-08-24,https://www.google.com/maps/search/?api=1&query=Otel%20G%C3%BCm%C3%BC%C5%9Fl%C3%BCk&query_place_id=ChIJ7yRkgO50vhQRDbRpk5bhV2w,15,True,False,True,False,6.093569770045136,0.486784140969163,4.429967419236417,4.5,0.0,106.0,4.0,1.0377358490566038,0.6923076923076923,0.8,,,,,,,,,,,,UNMATCHED
BOD083,ChIJfwHwVD51vhQRqizjxcZItOo,Oza butik hotel,Gümüşlük,Bodrum,Muğla,Türkiye,Otel,,4.7,5,143,109.0,Arama anındaki fiyat snapshot'ı; tarih/oda/kişi koşullarına göre değişebilir.,"Gümüşlük, Atatürk Cd. 80/A, 48970 Bodrum/Muğla, Türkiye",+905323115849,,2026-08-24,https://www.google.com/maps/search/?api=1&query=Oza%20butik%20hotel&query_place_id=ChIJfwHwVD51vhQRqizjxcZItOo,15,True,False,True,False,4.969813299576001,0.2348111658456486,4.44254584017515,4.5,0.2000000000000001,106.0,3.0,1.028301886792453,0.6153846153846154,0.3333333333333333,,,,,,,,,,,,UNMATCHED
BOD084,ChIJcYwdoe50vhQRx0iib85SoFE,Paradise Garden Apartments,Gümüşlük,Bodrum,Muğla,Türkiye,Apartments,,4.7,5,55,,,"Yali Mevkii Gumusluk, Armonia Evleri, 48400, Türkiye",+905423448954,,2026-08-24,https://www.google.com/maps/search/?api=1&query=Paradise%20Garden%20Apartments&query_place_id=ChIJcYwdoe50vhQRx0iib85SoFE,15,False,False,True,False,4.02535169073515,0.1055662188099808,4.399060300703774,4.5,0.2000000000000001,106.0,,,,0.2666666666666666,,,,,,,,,,,,UNMATCHED
BOD085,ChIJ6f_vtgR1vhQRpfYoCzo-IhQ,Paradise Gümüşlük,Gümüşlük,Bodrum,Muğla,Türkiye,Uzun Süreli Kalmaya Uygun Otel,,4.5,5,37,81.0,Arama anındaki fiyat snapshot'ı; tarih/oda/kişi koşullarına göre değişebilir.,"Gümüşlük, Kültür Sk. No 6/2, 48400 Bodrum/Muğla, Türkiye",+905325142412,,2026-08-24,https://www.google.com/maps/search/?api=1&query=Paradise%20G%C3%BCm%C3%BC%C5%9Fl%C3%BCk&query_place_id=ChIJ6f_vtgR1vhQRpfYoCzo-IhQ,15,True,False,True,False,3.6375861597263857,0.073558648111332,4.3735793571901915,4.5,0.0,106.0,-25.0,0.7641509433962265,0.3076923076923077,0.1333333333333333,,,,,,,,,,,,UNMATCHED
BOD086,ChIJcYplw0R0vhQRzWpJ3M601Qw,Vega Aparts,Gümüşlük,Bodrum,Muğla,Türkiye,Otel,,3.9,5,486,106.0,Arama anındaki fiyat snapshot'ı; tarih/oda/kişi koşullarına göre değişebilir.,"Umit Sokak 29 Koyunbaba Mevkii, 48400 Bodrum/Muğla, Türkiye",+902523886500,,2026-08-24,https://www.google.com/maps/search/?api=1&query=Vega%20Aparts&query_place_id=ChIJcYplw0R0vhQRzWpJ3M601Qw,15,True,False,True,False,6.18826412308259,0.5105042016806722,4.126901698179272,4.5,-0.6000000000000001,106.0,0.0,1.0,0.5384615384615384,0.8666666666666667,,,,,,,,,,,,UNMATCHED
BOD087,ChIJGcaQbud1vhQRPsL_-lbJVmY,Wanderheaven Camping & Tiny House Bodrum,Gümüşlük,Bodrum,Muğla,Türkiye,Otel,,4.7,5,613,80.0,Arama anındaki fiyat snapshot'ı; tarih/oda/kişi koşullarına göre değişebilir.,"Gümüşlük, Kilimci Sk., 48970 Bodrum/Muğla, Türkiye",+905346989448,,2026-08-24,https://www.google.com/maps/search/?api=1&query=Wanderheaven%20Camping%20%26%20Tiny%20House%20Bodrum&query_place_id=ChIJGcaQbud1vhQRPsL_-lbJVmY,15,True,False,True,False,6.419994928147142,0.5681186283595923,4.554689913500154,4.5,0.2000000000000001,106.0,-26.0,0.7547169811320755,0.2307692307692307,1.0,,,,,,,,,,,,UNMATCHED
BOD088,ChIJ5zcoSD9wvhQRD6Swln-iZ5Y,Baia Bodrum Hotel,Gündoğan,Bodrum,Muğla,Türkiye,Otel,,4.3,5,1964,295.0,Arama anındaki fiyat snapshot'ı; tarih/oda/kişi koşullarına göre değişebilir.,"TÜRKİYE, Aşağı, 48965 Gündoğan/Bodrum/Muğla, Türkiye",+908508502242,,2026-08-24,https://www.google.com/maps/search/?api=1&query=Baia%20Bodrum%20Hotel&query_place_id=ChIJ5zcoSD9wvhQRD6Swln-iZ5Y,14,True,False,True,False,7.583247524303362,0.8082304526748971,4.312185356652949,4.5,-0.2000000000000001,189.5,105.5,1.5567282321899736,0.9285714285714286,1.0,,,,,,,,,,,,UNMATCHED
BOD089,ChIJbVCWxj9wvhQRHejA2QkcIgM,Cape Bodrum Luxury Hotel & Beach,Gündoğan,Bodrum,Muğla,Türkiye,Otel,,4.4,5,1351,292.0,Arama anındaki fiyat snapshot'ı; tarih/oda/kişi koşullarına göre değişebilir.,"Gündoǧan/Bodrum Muğla TR, Gündoğan, Kızılburun Cd. No:72, 48965, Türkiye",+902523870600,,2026-08-24,https://www.google.com/maps/search/?api=1&query=Cape%20Bodrum%20Luxury%20Hotel%20%26%20Beach&query_place_id=ChIJbVCWxj9wvhQRHejA2QkcIgM,14,True,False,True,False,7.20934025660291,0.7435332966428179,4.390649651440103,4.5,-0.0999999999999996,189.5,102.5,1.5408970976253298,0.8214285714285714,0.9285714285714286,OFFBOD060,CAPE BODRUM LUXURY HOTEL & BEACH,4 YILDIZLI OTEL,4.0,110.0,220.0,0252 387 9789,Gündoğan,0.8,name_exact,https://mugla.ktb.gov.tr/Eklenti/102365%2Cisletme-belgeli-tesisler--agustospdf.pdf?0=,MATCHED_HIGH_CONFIDENCE
BOD090,ChIJi3_p9zhwvhQRGBCSxo0tZ34,Costa Farilya Special Class Hotel Bodrum,Gündoğan,Bodrum,Muğla,Türkiye,Otel,,4.5,5,690,177.0,Arama anındaki fiyat snapshot'ı; tarih/oda/kişi koşullarına göre değişebilir.,"Gündoğan, Yalı Mevkii No: 62, 48965 Bodrum/Muğla, Türkiye",+902523878487,,2026-08-24,https://www.google.com/maps/search/?api=1&query=Costa%20Farilya%20Special%20Class%20Hotel%20Bodrum&query_place_id=ChIJi3_p9zhwvhQRGBCSxo0tZ34,14,True,False,True,False,6.53813982376767,0.596885813148789,4.444991709919261,4.5,0.0,189.5,-12.5,0.934036939313984,0.4285714285714285,0.8571428571428571,,,,,,,,,,,,UNMATCHED
BOD091,ChIJwbFDVd5xvhQRs2PvMtgliAY,Gündoğan Suites,Gündoğan,Bodrum,Muğla,Türkiye,Otel,,4.9,5,67,197.0,Arama anındaki fiyat snapshot'ı; tarih/oda/kişi koşullarına göre değişebilir.,"Gündoğan, Naciye Şahin Sk. No:6, 48400 Bodrum/Muğla, Türkiye",+905339753836,,2026-08-24,https://www.google.com/maps/search/?api=1&query=G%C3%BCndo%C4%9Fan%20Suites&query_place_id=ChIJwbFDVd5xvhQRs2PvMtgliAY,14,True,False,True,False,4.219507705176107,0.1257035647279549,4.430976391494684,4.5,0.4000000000000003,189.5,7.5,1.0395778364116095,0.5714285714285714,0.1428571428571428,,,,,,,,,,,,UNMATCHED
BOD092,ChIJy6bJFhVvhQRM5gSLrr4xCM,Liona Hotel,Gündoğan,Bodrum,Muğla,Türkiye,Otel,,4.3,5,307,109.0,Arama anındaki fiyat snapshot'ı; tarih/oda/kişi koşullarına göre değişebilir.,"Gündoğan, Kızılburun Cd. No:42 D:11, 48965 Gündogan/Bodrum/Bodrum/Muğla, Türkiye",+902523879212,,2026-08-24,https://www.google.com/maps/search/?api=1&query=Liona%20Hotel&query_place_id=ChIJy6bJFhVvhQRM5gSLrr4xCM,14,True,False,True,False,5.730099782973574,0.3971539456662354,4.3383058430357915,4.5,-0.2000000000000001,189.5,-80.5,0.575197889182058,0.0714285714285714,0.5714285714285714,OFFBOD098,LİONA HOTEL,3 YILDIZLI OTEL,3.0,44.0,92.0,0252 387 9212,Gündoğan,1.0,phone_exact,https://mugla.ktb.gov.tr/Eklenti/102365%2Cisletme-belgeli-tesisler--agustospdf.pdf?0=,MATCHED_HIGH_CONFIDENCE
BOD093,ChIJi_stPEhwvhQRRVgWIfzDHqw,Malta Bodrum Hotel,Gündoğan,Bodrum,Muğla,Türkiye,Otel,,4.5,5,127,182.0,Arama anındaki fiyat snapshot'ı; tarih/oda/kişi koşullarına göre değişebilir.,"Gündoğan, Şht. Uğur Öztop Cd. 506 Sokak No:15 B, 48400 Bodrum/Muğla, Türkiye",+905548706970,,2026-08-24,https://www.google.com/maps/search/?api=1&query=Malta%20Bodrum%20Hotel&query_place_id=ChIJi_stPEhwvhQRRVgWIfzDHqw,14,True,False,True,False,4.852030263919617,0.2141652613827993,4.392766301292861,4.5,0.0,189.5,-7.5,0.9604221635883904,0.5,0.2857142857142857,,,,,,,,,,,,UNMATCHED
BOD094,ChIJb_hjctpxvhQRJilpHE8j3DY,Marje Villas,Gündoğan,Bodrum,Muğla,Türkiye,Otel,,5.0,5,33,417.0,Arama anındaki fiyat snapshot'ı; tarih/oda/kişi koşullarına göre değişebilir.,"Gündoğan, Koytürk Sk. No:17A, 48965 Bodrum/Muğla, Türkiye",+908502197350,,2026-08-24,https://www.google.com/maps/search/?api=1&query=Marje%20Villas&query_place_id=ChIJb_hjctpxvhQRJilpHE8j3DY,14,True,False,True,False,3.5263605246161616,0.0661322645290581,4.40563209752839,4.5,0.5,189.5,227.5,2.2005277044854883,1.0,0.0714285714285714,,,,,,,,,,,,UNMATCHED
BOD095,ChIJI4lKTR9wvhQRxyiXIaGKQV4,Mivara Luxury Bodrum,Gündoğan,Bodrum,Muğla,Türkiye,Otel,,4.7,5,606,210.0,Arama anındaki fiyat snapshot'ı; tarih/oda/kişi koşullarına göre değişebilir.,"Gündoğan, Farilya Cd. No:9, 48965 Bodrum/Muğla, Türkiye",+902523113434,,2026-08-24,https://www.google.com/maps/search/?api=1&query=Mivara%20Luxury%20Bodrum&query_place_id=ChIJI4lKTR9wvhQRxyiXIaGKQV4,14,True,False,True,False,6.408528791059498,0.5652985074626866,4.553741060323383,4.5,0.2000000000000001,189.5,20.5,1.108179419525066,0.6428571428571429,0.7857142857142857,OFFBOD035,MİVARA LUXURY RESORT & SPA,5 YILDIZLI OTEL,5.0,92.0,192.0,0252 311 3434,Gündoğan,0.95,phone_exact,https://mugla.ktb.gov.tr/Eklenti/102365%2Cisletme-belgeli-tesisler--agustospdf.pdf?0=,MATCHED_HIGH_CONFIDENCE
BOD096,ChIJFQgr8DhwvhQRtcIc1PsQxRc,Olira Boutique Hotel&SPA,Gündoğan,Bodrum,Muğla,Türkiye,Otel,,4.5,5,149,292.0,Arama anındaki fiyat snapshot'ı; tarih/oda/kişi koşullarına göre değişebilir.,"Yalı Mevki Gündoğan No:66, 48400 Bodrum/Muğla, Türkiye",+902523878714,,2026-08-24,https://www.google.com/maps/search/?api=1&query=Olira%20Boutique%20Hotel%26SPA&query_place_id=ChIJFQgr8DhwvhQRtcIc1PsQxRc,14,True,False,True,False,5.0106352940962555,0.2422764227642276,4.396602303523035,4.5,0.0,189.5,102.5,1.5408970976253298,0.8214285714285714,0.3571428571428571,OFFBOD161,OLİRA BUTİK OTEL,BUTİK OTEL,4.0,32.0,64.0,0252 387 8714,Gündoğan,0.95,phone_exact,https://mugla.ktb.gov.tr/Eklenti/102365%2Cisletme-belgeli-tesisler--agustospdf.pdf?0=,MATCHED_HIGH_CONFIDENCE
BOD097,ChIJm9ANqvtxvhQR14eZKaXZg0c,OLİVE TREE HOTEL,Gündoğan,Bodrum,Muğla,Türkiye,Otel,,4.7,5,79,118.0,Arama anındaki fiyat snapshot'ı; tarih/oda/kişi koşullarına göre değişebilir.,"Gündoğan, Farilya Cd. No:1, 48400 Bodrum/Muğla, Türkiye",+905442316177,,2026-08-24,https://www.google.com/maps/search/?api=1&query=OL%C4%B0VE%20TREE%20HOTEL&query_place_id=ChIJm9ANqvtxvhQR14eZKaXZg0c,14,True,False,True,False,4.382026634673881,0.1449541284403669,4.412312691131498,4.5,0.2000000000000001,189.5,-71.5,0.6226912928759895,0.1428571428571428,0.2142857142857142,,,,,,,,,,,,UNMATCHED
BOD098,ChIJJXCTVxFxvhQRlBlKghcLQDU,Swissôtel Living Bodrum,Gündoğan,Bodrum,Muğla,Türkiye,Otel,,4.5,5,371,281.0,Arama anındaki fiyat snapshot'ı; tarih/oda/kişi koşullarına göre değişebilir.,"Gündoğan, Kızılburun Cd. No:132, 48400 Bodrum/Muğla, Türkiye",+902523870257,,2026-08-24,https://www.google.com/maps/search/?api=1&query=Swiss%C3%B4tel%20Living%20Bodrum&query_place_id=ChIJJXCTVxFxvhQRlBlKghcLQDU,14,True,False,True,False,5.918893854273146,0.4432497013142174,4.424026782158503,4.5,0.0,189.5,91.5,1.482849604221636,0.7142857142857143,0.7142857142857143,,,,,,,,,,,,UNMATCHED
BOD099,ChIJS64gV3ZtvhQREG8a3u831xo,Villa Oliva Butik Otel,Gündoğan,Bodrum,Muğla,Türkiye,Otel,,4.8,5,168,123.0,Arama anındaki fiyat snapshot'ı; tarih/oda/kişi koşullarına göre değişebilir.,"Farilya, Atatürk Cd. no:97/A, 48400 Bodrum/Muğla, Türkiye",+905531986073,,2026-08-24,https://www.google.com/maps/search/?api=1&query=Villa%20Oliva%20Butik%20Otel&query_place_id=ChIJS64gV3ZtvhQREG8a3u831xo,14,True,False,True,False,5.1298987149230735,0.2649842271293375,4.479196240799158,4.5,0.2999999999999998,189.5,-66.5,0.6490765171503958,0.2857142857142857,0.4285714285714285,,,,,,,,,,,,UNMATCHED
BOD100,ChIJw-cVHDpwvhQRjnvlNDgFTK8,Villa Rustica Hotel,Gündoğan,Bodrum,Muğla,Türkiye,Otel,,4.7,5,243,145.0,Arama anındaki fiyat snapshot'ı; tarih/oda/kişi koşullarına göre değişebilir.,"Gündoğan, Şht. Uğur Öztop Cd. No:85 D:13, 48965 Gündogan/Bodrum/Bodrum/Muğla, Türkiye",+902523877053,,2026-08-24,https://www.google.com/maps/search/?api=1&query=Villa%20Rustica%20Hotel&query_place_id=ChIJw-cVHDpwvhQRjnvlNDgFTK8,14,True,False,True,False,5.497168225293202,0.3427362482369535,4.478858133521392,4.5,0.2000000000000001,189.5,-44.5,0.7651715039577837,0.3571428571428571,0.5,OFFBOD112,VİLLA RUSTİCA HOTEL,3 YILDIZLI OTEL,3.0,30.0,60.0,0542 212 0035,Gündoğan,0.8,name_exact,https://mugla.ktb.gov.tr/Eklenti/102365%2Cisletme-belgeli-tesisler--agustospdf.pdf?0=,MATCHED_HIGH_CONFIDENCE
BOD101,ChIJ6djpOztwvhQRnTFvrQBXdA0,Vita Bella Hotel Resort & Spa,Gündoğan,Bodrum,Muğla,Türkiye,Otel,,4.4,5,365,119.0,Arama anındaki fiyat snapshot'ı; tarih/oda/kişi koşullarına göre değişebilir.,"Gündoğan, 25. Sk. No:1, 48400 Bodrum/Muğla, Türkiye",+902523879575,,2026-08-24,https://www.google.com/maps/search/?api=1&query=Vita%20Bella%20Hotel%20Resort%20%26%20Spa&query_place_id=ChIJ6djpOztwvhQRnTFvrQBXdA0,14,True,False,True,False,5.902633333401366,0.4392298435619735,4.379555254713197,4.5,-0.0999999999999996,189.5,-70.5,0.6279683377308707,0.2142857142857142,0.6428571428571429,OFFBOD079,VİTA BELLA HOTEL RESORT & SPA,4 YILDIZLI OTEL,4.0,40.0,84.0,0252 387 9575,Gündoğan,1.0,phone_exact,https://mugla.ktb.gov.tr/Eklenti/102365%2Cisletme-belgeli-tesisler--agustospdf.pdf?0=,MATCHED_HIGH_CONFIDENCE
BOD102,ChIJS-u3SmldvhQRlZlRpyZUPiM,Akyalı Butik Hotel,Güvercinlik,Bodrum,Muğla,Türkiye,Otel,,3.9,5,353,103.0,Arama anındaki fiyat snapshot'ı; tarih/oda/kişi koşullarına göre değişebilir.,"Güvercinlik, Adnan Şenses Sokak No:30, 48450 Bodrum/Muğla, Türkiye",+902523745444,,2026-08-24,https://www.google.com/maps/search/?api=1&query=Akyal%C4%B1%20Butik%20Hotel&query_place_id=ChIJS-u3SmldvhQRlZlRpyZUPiM,10,True,False,True,False,5.869296913133774,0.431013431013431,4.163748982498983,4.25,-0.3500000000000001,162.5,-59.5,0.6338461538461538,0.25,0.2,,,,,,,,,,,,UNMATCHED
BOD103,ChIJZXT_SYldvhQRxJH8xVKHKd4,Green Bay Resort & Spa Bodrum,Güvercinlik,Bodrum,Muğla,Türkiye,Otel,,4.5,5,6843,179.0,Arama anındaki fiyat snapshot'ı; tarih/oda/kişi koşullarına göre değişebilir.,"Meşelik Mahallesi Kuyucak Mevkii, Meşelik Köyü-Bodrum/Milas Muğla TR, D:82, 48000, Türkiye",+902522110441,,2026-08-24,https://www.google.com/maps/search/?api=1&query=Green%20Bay%20Resort%20%26%20Spa%20Bodrum&query_place_id=ChIJZXT_SYldvhQRxJH8xVKHKd4,10,True,False,True,False,8.831127635012084,0.9362429880968668,4.491299824417386,4.25,0.25,162.5,16.5,1.1015384615384616,0.625,1.0,,,,,,,,,,,,UNMATCHED
BOD104,ChIJI59jNQxdvhQR6UAwxjuwZEI,Greenport Bodrum,Güvercinlik,Bodrum,Muğla,Türkiye,Otel,,3.2,5,1317,98.0,Arama anındaki fiyat snapshot'ı; tarih/oda/kişi koşullarına göre değişebilir.,"Güvercinlik, Güvercinlik Blv no:90/1, 48450 Bodrum/Muğla, Türkiye",+902522114142,,2026-08-24,https://www.google.com/maps/search/?api=1&query=Greenport%20Bodrum&query_place_id=ChIJI59jNQxdvhQR6UAwxjuwZEI,10,True,False,True,False,7.183870715062453,0.7386427369601795,3.504100065432791,4.25,-1.0499999999999998,162.5,-64.5,0.6030769230769231,0.125,0.6,,,,,,,,,,,,UNMATCHED
BOD105,ChIJbfTG_XpnvhQR2tmyGkVXGTg,İsolina Hotel,Güvercinlik,Bodrum,Muğla,Türkiye,Otel,,4.1,5,221,195.0,Arama anındaki fiyat snapshot'ı; tarih/oda/kişi koşullarına göre değişebilir.,"Güvercinlik mevkii, Gökçeler Küme evleri No 21, 48450 Bodrum/Muğla, Türkiye",+905301023848,,2026-08-24,https://www.google.com/maps/search/?api=1&query=%C4%B0solina%20Hotel&query_place_id=ChIJbfTG_XpnvhQR2tmyGkVXGTg,10,True,False,True,False,5.402677381872279,0.321688500727802,4.27876334303736,4.25,-0.1500000000000003,162.5,32.5,1.2,0.75,0.1,,,,,,,,,,,,UNMATCHED
BOD106,ChIJT9nSrGRdvhQRYfChRvaIDhs,La Blanche Island Bodrum,Güvercinlik,Bodrum,Muğla,Türkiye,Otel,,4.3,5,6594,289.0,Arama anındaki fiyat snapshot'ı; tarih/oda/kişi koşullarına göre değişebilir.,"Meşelik Mah. Çomça Mevkii Sok. No:5, 48200, 48450 Bodrum/Muğla, Türkiye",+902523220000,,2026-08-24,https://www.google.com/maps/search/?api=1&query=La%20Blanche%20Island%20Bodrum&query_place_id=ChIJT9nSrGRdvhQRYfChRvaIDhs,10,True,False,True,False,8.794067065151415,0.9339943342776204,4.304194110009443,4.25,0.0499999999999998,162.5,126.5,1.7784615384615383,0.875,0.9,,,,,,,,,,,,UNMATCHED
BOD107,ChIJUcYp3yhnvhQRjQlF4F9hnUU,Le Méridien Bodrum Beach Resort,Güvercinlik,Bodrum,Muğla,Türkiye,Otel,,4.2,5,848,426.0,Arama anındaki fiyat snapshot'ı; tarih/oda/kişi koşullarına göre değişebilir.,"Boğaziçi, Yazlik Siteler Sk No:60, 48670 Bodrum/Muğla, Türkiye",+902523110505,,2026-08-24,https://www.google.com/maps/search/?api=1&query=Le%20M%C3%A9ridien%20Bodrum%20Beach%20Resort&query_place_id=ChIJUcYp3yhnvhQRjQlF4F9hnUU,10,True,False,True,False,6.744059186311348,0.6453576864535768,4.257998795027905,4.25,-0.0499999999999998,162.5,263.5,2.621538461538462,1.0,0.5,,,,,,,,,,,,UNMATCHED
BOD108,ChIJq5-unXpdvhQRi6JrB9oJ4xI,Lujo Hotel Bodrum,Güvercinlik,Bodrum,Muğla,Türkiye,Otel,,4.5,5,3189,,,"Meşelik Mah. Çomça Mevkii Sok. No:10, 48200 Bodrum/Muğla, Türkiye",+902523115555,,2026-08-24,https://www.google.com/maps/search/?api=1&query=Lujo%20Hotel%20Bodrum&query_place_id=ChIJq5-unXpdvhQRi6JrB9oJ4xI,10,False,False,True,False,8.06777619577889,0.8725034199726402,4.4826020291837665,4.25,0.25,162.5,,,,0.7,,,,,,,,,,,,UNMATCHED
BOD109,ChIJdYbrTSRdvhQRh7vm5iS1GZU,Oscar Seaside Hotel & Spa,Güvercinlik,Bodrum,Muğla,Türkiye,Otel,,4.0,5,845,146.0,Arama anındaki fiyat snapshot'ı; tarih/oda/kişi koşullarına göre değişebilir.,"Güvercinlik, Güvercinlik Blv No:358, 48450 Bodrum/Muğla, Türkiye",+902524000034,,2026-08-24,https://www.google.com/maps/search/?api=1&query=Oscar%20Seaside%20Hotel%20%26%20Spa&query_place_id=ChIJdYbrTSRdvhQRh7vm5iS1GZU,10,True,False,True,False,6.740519359606223,0.6445461479786423,4.1292222857869305,4.25,-0.25,162.5,-16.5,0.8984615384615384,0.5,0.4,,,,,,,,,,,,UNMATCHED
BOD110,ChIJoWHEonBdvhQRaTh2v6-YFFk,Titanic Luxury Collection Bodrum,Güvercinlik,Bodrum,Muğla,Türkiye,Otel,,4.6,5,4656,,,"Meşelik, Çomca Mevkii Sok No:8, 48200 Bodrum/Muğla, Türkiye",+902523115252,,2026-08-24,https://www.google.com/maps/search/?api=1&query=Titanic%20Luxury%20Collection%20Bodrum&query_place_id=ChIJoWHEonBdvhQRaTh2v6-YFFk,10,False,False,True,False,8.446126742982377,0.9090199140960562,4.578487000520629,4.25,0.3499999999999996,162.5,,,,0.8,,,,,,,,,,,,UNMATCHED
BOD111,ChIJy_LJKW1dvhQRtFcx8ZCGnnQ,Zena Hotel Bodrum,Güvercinlik,Bodrum,Muğla,Türkiye,Otel,,4.3,5,373,129.0,Arama anındaki fiyat snapshot'ı; tarih/oda/kişi koşullarına göre değişebilir.,"Güvercinlik Mahallesi 2. Sahil Yolu Caddesi, Güvercinlik Blv No:1, 48450 Bodrum/Muğla, Türkiye",+902523745959,,2026-08-24,https://www.google.com/maps/search/?api=1&query=Zena%20Hotel%20Bodrum&query_place_id=ChIJy_LJKW1dvhQRtFcx8ZCGnnQ,10,True,False,True,False,5.924255797414532,0.4445768772348033,4.335292510925705,4.25,0.0499999999999998,162.5,-33.5,0.7938461538461539,0.375,0.3,,,,,,,,,,,,UNMATCHED
BOD112,ChIJub2Eesh1vhQRbe44B-Hl_VY,Azure By Yelken Hotel,Kadıkalesi,Bodrum,Muğla,Türkiye,Otel,,4.4,5,565,962.0,Arama anındaki fiyat snapshot'ı; tarih/oda/kişi koşullarına göre değişebilir.,"Peksimet Mah, Kadıkalesi Mevkii, Bozdağ 12. Sokak No: 9/1, 48100, 48400 Bodrum/Muğla, Türkiye",+902524131430,,2026-08-24,https://www.google.com/maps/search/?api=1&query=Azure%20By%20Yelken%20Hotel&query_place_id=ChIJub2Eesh1vhQRbe44B-Hl_VY,4,True,False,True,False,6.338594078203183,0.5480116391852571,4.383521257678629,4.35,0.0500000000000007,446.0,516.0,2.1569506726457397,1.0,0.25,,,,,,,,,,,,UNMATCHED
BOD113,ChIJ5QHeO7h0vhQRW5f2t7UbNjY,Kadıkale Resort,Kadıkalesi,Bodrum,Muğla,Türkiye,Konaklama Tesisi,,4.0,5,2121,,,"Mevkii Turgutreis, Kadıkalesi, Gümüşlük Cd. No:297, 48470 Bodrum/Muğla, Türkiye",+902524240288,,2026-08-24,https://www.google.com/maps/search/?api=1&query=Kad%C4%B1kale%20Resort&query_place_id=ChIJ5QHeO7h0vhQRW5f2t7UbNjY,4,False,False,True,False,7.660114319173928,0.8198685736374178,4.065485278958897,4.35,-0.3499999999999996,446.0,,,,0.5,OFFBOD009,KADIKALE RESORT,5 YILDIZLI T.K.,5.0,197.0,406.0,0252 382 3302,Kadıkalesi,0.75,name_exact,https://mugla.ktb.gov.tr/Eklenti/102365%2Cisletme-belgeli-tesisler--agustospdf.pdf?0=,MATCHED_HIGH_CONFIDENCE
BOD114,ChIJr5VYe7h0vhQRZfJ1v3Rowio,Sianji Well-Being Resort Thermal & Spa,Kadıkalesi,Bodrum,Muğla,Türkiye,Otel,,4.5,5,3245,343.0,Arama anındaki fiyat snapshot'ı; tarih/oda/kişi koşullarına göre değişebilir.,"Peksimet, Kadıkalesi Mevki, 48400 Bodrum/Muğla, Türkiye",+902523828217,,2026-08-24,https://www.google.com/maps/search/?api=1&query=Sianji%20Well-Being%20Resort%20Thermal%20%26%20Spa&query_place_id=ChIJr5VYe7h0vhQRZfJ1v3Rowio,4,True,False,True,False,8.085178748074537,0.8744273780652115,4.482864569298482,4.35,0.1500000000000003,446.0,-103.0,0.7690582959641256,0.3333333333333333,0.75,OFFBOD145,SİANJİ WELL-BEING RESORT,MÜSTAKİL APART,4.0,116.0,464.0,0252 382 8217,Turgutreis,0.95,phone_exact,https://mugla.ktb.gov.tr/Eklenti/102365%2Cisletme-belgeli-tesisler--agustospdf.pdf?0=,MATCHED_HIGH_CONFIDENCE
BOD115,ChIJLUJgUsZ0vhQROVv6DEemrZc,Yasmin Bodrum Resort,Kadıkalesi,Bodrum,Muğla,Türkiye,Otel,,4.3,5,5589,446.0,Arama anındaki fiyat snapshot'ı; tarih/oda/kişi koşullarına göre değişebilir.,"Peksimet, Gümüşlük Cd., 48400 Bodrum/Muğla, Türkiye",+902524400330,,2026-08-24,https://www.google.com/maps/search/?api=1&query=Yasmin%20Bodrum%20Resort&query_place_id=ChIJLUJgUsZ0vhQROVv6DEemrZc,4,True,False,True,False,8.628734566149145,0.9230388109000826,4.304890242224057,4.35,-0.0499999999999998,446.0,0.0,1.0,0.6666666666666666,1.0,,,,,,,,,,,,UNMATCHED
BOD116,ChIJJVhOE4ZzvhQREUR7QEp_nys,Acropol Of Bodrum Beach Hotel - Restaurant,Ortakent-Yahşi,Bodrum,Muğla,Türkiye,Otel,,4.4,5,361,91.0,Arama anındaki fiyat snapshot'ı; tarih/oda/kişi koşullarına göre değişebilir.,"Yahşi Mh, Yalı Cd. No:30/1, 48420 Bodrum/Muğla, Türkiye",+905303397994,,2026-08-24,https://www.google.com/maps/search/?api=1&query=Acropol%20Of%20Bodrum%20Beach%20Hotel%20-%20Restaurant&query_place_id=ChIJJVhOE4ZzvhQREUR7QEp_nys,21,True,False,True,False,5.8916442118257715,0.4365175332527207,4.379456368399839,4.3,0.1000000000000005,130.0,-39.0,0.7,0.0909090909090909,0.6190476190476191,,,,,,,,,,,,UNMATCHED
BOD117,ChIJ3UYteZZyvhQRaBDgP2LJcPk,Altınkaya Hotel,Ortakent-Yahşi,Bodrum,Muğla,Türkiye,Otel,,4.6,5,77,164.0,Arama anındaki fiyat snapshot'ı; tarih/oda/kişi koşullarına göre değişebilir.,"Yahşi mahallesi, Güverte Sk. No:5, 48420 Bodrum/Muğla, Türkiye",+905336336765,,2026-08-24,https://www.google.com/maps/search/?api=1&query=Alt%C4%B1nkaya%20Hotel&query_place_id=ChIJ3UYteZZyvhQRaBDgP2LJcPk,21,True,False,True,False,4.356708826689592,0.141804788213628,4.3970725905463475,4.3,0.2999999999999998,130.0,34.0,1.2615384615384615,0.7272727272727273,0.0952380952380952,,,,,,,,,,,,UNMATCHED
BOD118,ChIJKRNjeJZyvhQRaSTxRgOEhLU,Amfora Hotel,Ortakent-Yahşi,Bodrum,Muğla,Türkiye,Otel,,4.1,5,86,,,"Müskebi, Güverte Sk. No:24, 48420 Ortakentyahşi Belediyesi/Bodrum/Muğla, Türkiye",+905327171530,,2026-08-24,https://www.google.com/maps/search/?api=1&query=Amfora%20Hotel&query_place_id=ChIJKRNjeJZyvhQRaSTxRgOEhLU,21,False,False,True,False,4.465908118654584,0.1557971014492753,4.322482638888888,4.3,-0.2000000000000001,130.0,,,,0.1428571428571428,,,,,,,,,,,,UNMATCHED
BOD119,ChIJ76CxR8ByvhQR7KFrMIsIUpY,"Bodrum Suites Apart Otel, Ortakent - Yahşi",Ortakent-Yahşi,Bodrum,Muğla,Türkiye,Otel,,4.5,5,62,,,"Bıtırak Sokak No:9 Yahşi Sahil Bodrum Kargı Caddesi, Ortakent, Yalı Yolu, 48420 Bodrum/Muğla, Türkiye",+902523483313,,2026-08-24,https://www.google.com/maps/search/?api=1&query=Bodrum%20Suites%20Apart%20Otel%2C%20Ortakent%20-%20Yah%C5%9Fi&query_place_id=ChIJ76CxR8ByvhQR7KFrMIsIUpY,21,False,False,True,False,4.143134726391533,0.1174242424242424,4.379565183080808,4.3,0.2000000000000001,130.0,,,,0.0476190476190476,,,,,,,,,,,,UNMATCHED
BOD120,ChIJUXgdaGdzvhQRpglnXqNVesw,Celeste Bella Luxury Hotel & Spa,Ortakent-Yahşi,Bodrum,Muğla,Türkiye,Otel,,4.3,5,258,110.0,Arama anındaki fiyat snapshot'ı; tarih/oda/kişi koşullarına göre değişebilir.,"Hortma Caddesi 2773, Sok No:6/A, 48470 Bodrum/Muğla, Türkiye",+902522110405,,2026-08-24,https://www.google.com/maps/search/?api=1&query=Celeste%20Bella%20Luxury%20Hotel%20%26%20Spa&query_place_id=ChIJUXgdaGdzvhQRpglnXqNVesw,21,True,False,True,False,5.556828061699537,0.356353591160221,4.340898365561694,4.3,0.0,130.0,-20.0,0.8461538461538461,0.2727272727272727,0.4761904761904761,,,,,,,,,,,,UNMATCHED
BOD121,ChIJGVS04ZxyvhQRVlMtbXfJzLw,Eskiyalı Otel,Ortakent-Yahşi,Bodrum,Muğla,Türkiye,Otel,,4.5,5,130,,,"Ortakentyahşi Mah. Kabakum Cad. Tersane Sok. No:12, 48960 Bodrum/Muğla, Türkiye",+902523585822,,2026-08-24,https://www.google.com/maps/search/?api=1&query=Eskiyal%C4%B1%20Otel&query_place_id=ChIJGVS04ZxyvhQRVlMtbXfJzLw,21,False,False,True,False,4.875197323201151,0.2181208053691275,4.393306068232662,4.3,0.2000000000000001,130.0,,,,0.3333333333333333,OFFBOD117,ESKİ YALI OTEL,2 YILDIZLI OTEL,2.0,44.0,95.0,0252 358 5822,Ortakent-Yahşi,0.9778,phone_exact,https://mugla.ktb.gov.tr/Eklenti/102365%2Cisletme-belgeli-tesisler--agustospdf.pdf?0=,MATCHED_HIGH_CONFIDENCE
BOD122,ChIJNy1y079yvhQRPQrNUvKMuPY,Florida Otel,Ortakent-Yahşi,Bodrum,Muğla,Türkiye,Otel,,3.9,5,127,,,"Yahşi, 48420 Bodrum/Muğla, Türkiye",,,2026-08-24,https://www.google.com/maps/search/?api=1&query=Florida%20Otel&query_place_id=ChIJNy1y079yvhQRPQrNUvKMuPY,21,False,False,False,False,4.852030263919617,0.2141652613827993,4.264267144463181,4.3,-0.3999999999999999,130.0,,,,0.2857142857142857,,,,,,,,,,,,UNMATCHED
BOD123,ChIJa8cMcJdyvhQRZhPdEzCzXFw,Hotel Marma Beach,Ortakent-Yahşi,Bodrum,Muğla,Türkiye,Otel,,4.2,5,112,,,"Ortakent, Hurma Sk. No:37, 48400 Bodrum/Muğla, Türkiye",+902523484800,,2026-08-24,https://www.google.com/maps/search/?api=1&query=Hotel%20Marma%20Beach&query_place_id=ChIJa8cMcJdyvhQRZhPdEzCzXFw,21,False,False,True,False,4.727387818712341,0.1937716262975778,4.331851931949251,4.3,-0.0999999999999996,130.0,,,,0.1904761904761904,,,,,,,,,,,,UNMATCHED
BOD124,ChIJFXTXHOtzvhQRYFnE9kPoz2c,Irmak Boutique Hotel,Ortakent-Yahşi,Bodrum,Muğla,Türkiye,Otel,,4.6,5,262,,,"Yahşi, Yalı Cd. No:62/1 D:1, 48420 Bodrum/Muğla, Türkiye",+902523483571,,2026-08-24,https://www.google.com/maps/search/?api=1&query=Irmak%20Boutique%20Hotel&query_place_id=ChIJFXTXHOtzvhQRYFnE9kPoz2c,21,False,False,True,False,5.572154032177765,0.3598901098901099,4.448640682234432,4.3,0.2999999999999998,130.0,,,,0.5714285714285714,,,,,,,,,,,,UNMATCHED
BOD125,ChIJN39o0JVyvhQRrcJWBvaq1QY,Kefi Beach Bodrum,Ortakent-Yahşi,Bodrum,Muğla,Türkiye,Otel,,4.3,5,1502,,,"Yahşi, Yalı Cd. No:38, 48200 Bodrum/Muğla, Türkiye",+902523483145,,2026-08-24,https://www.google.com/maps/search/?api=1&query=Kefi%20Beach%20Bodrum&query_place_id=ChIJN39o0JVyvhQRrcJWBvaq1QY,21,False,False,True,False,7.315218389752975,0.7632113821138211,4.315045943428184,4.3,0.0,130.0,,,,0.9523809523809524,,,,,,,,,,,,UNMATCHED
BOD126,ChIJTx1GrvFzvhQRDTWukhLfCZE,Khai Hotel Bodrum,Ortakent-Yahşi,Bodrum,Muğla,Türkiye,Otel,,4.5,5,452,168.0,Arama anındaki fiyat snapshot'ı; tarih/oda/kişi koşullarına göre değişebilir.,"Yahşi Mahallesi, Müskebi, Yalı Cd. no 26, 48400 Bodrum/Muğla, Türkiye",+902523483436,,2026-08-24,https://www.google.com/maps/search/?api=1&query=Khai%20Hotel%20Bodrum&query_place_id=ChIJTx1GrvFzvhQRDTWukhLfCZE,21,True,False,True,False,6.115892125483034,0.4923747276688453,4.430730301379811,4.3,0.2000000000000001,130.0,38.0,1.2923076923076924,0.8181818181818182,0.6666666666666666,,,,,,,,,,,,UNMATCHED
BOD127,ChIJfyV0XJtyvhQRU-vFpM2VC0c,Kriss Hotel,Ortakent-Yahşi,Bodrum,Muğla,Türkiye,Otel,,4.2,5,490,114.0,Arama anındaki fiyat snapshot'ı; tarih/oda/kişi koşullarına göre değişebilir.,"Müskebi, Servi Çk., 48420 Bodrum/Muğla, Türkiye",+902526060310,,2026-08-24,https://www.google.com/maps/search/?api=1&query=Kriss%20Hotel&query_place_id=ChIJfyV0XJtyvhQRU-vFpM2VC0c,21,True,False,True,False,6.19644412779452,0.5125523012552301,4.279718009065551,4.3,-0.0999999999999996,130.0,-16.0,0.8769230769230769,0.3636363636363636,0.7619047619047619,,,,,,,,,,,,UNMATCHED
BOD128,ChIJj7BWRJdyvhQR4Mm_-tWZXN4,Lugga Boutique Hotel & Beach,Ortakent-Yahşi,Bodrum,Muğla,Türkiye,Otel,,4.6,5,723,308.0,Arama anındaki fiyat snapshot'ı; tarih/oda/kişi koşullarına göre değişebilir.,"Yahşi, Eren Sk. No:12, 48420 Bodrum/Muğla, Türkiye",+905327831260,,2026-08-24,https://www.google.com/maps/search/?api=1&query=Lugga%20Boutique%20Hotel%20%26%20Beach&query_place_id=ChIJj7BWRJdyvhQR4Mm_-tWZXN4,21,True,False,True,False,6.584791392385716,0.6080740117746005,4.507325834034202,4.3,0.2999999999999998,130.0,178.0,2.3692307692307693,1.0,0.8571428571428571,,,,,,,,,,,,UNMATCHED
BOD129,ChIJf4088JVyvhQRBpNshFH43hU,Meggs Bodrum,Ortakent-Yahşi,Bodrum,Muğla,Türkiye,Otel,,4.2,5,261,161.0,Arama anındaki fiyat snapshot'ı; tarih/oda/kişi koşullarına göre değişebilir.,"Yahşi, Yalı Cd. No:90, 48420 Bodrum/Muğla, Türkiye",+902523484043,,2026-08-24,https://www.google.com/maps/search/?api=1&query=Meggs%20Bodrum&query_place_id=ChIJf4088JVyvhQRBpNshFH43hU,21,True,False,True,False,5.568344503761097,0.359009628610729,4.304828633654287,4.3,-0.0999999999999996,130.0,31.0,1.2384615384615385,0.6363636363636364,0.5238095238095238,,,,,,,,,,,,UNMATCHED
BOD130,ChIJ7xEvaZdyvhQRXeI5Mw_wKBM,Petunya Beach Resort,Ortakent-Yahşi,Bodrum,Muğla,Türkiye,Otel,,3.7,5,2687,,,"Yahşi, Yalı Cd. No:72, 48420 Bodrum/Muğla, Türkiye",+902522110560,,2026-08-24,https://www.google.com/maps/search/?api=1&query=Petunya%20Beach%20Resort&query_place_id=ChIJ7xEvaZdyvhQRXeI5Mw_wKBM,21,False,False,True,False,7.89655270164304,0.8522042499207104,3.798068638333862,4.3,-0.5999999999999996,130.0,,,,1.0,OFFBOD075,PETUNYA BEACH RESORT,4 YILDIZLI OTEL,4.0,248.0,488.0,0252 348 4548,Ortakent-Yahşi,0.75,name_exact,https://mugla.ktb.gov.tr/Eklenti/102365%2Cisletme-belgeli-tesisler--agustospdf.pdf?0=,MATCHED_HIGH_CONFIDENCE
BOD131,ChIJtQfd4BRzvhQRrZlYgS1RXww,Regia Mare Beach Hotel Bodrum,Ortakent-Yahşi,Bodrum,Muğla,Türkiye,Otel,,4.6,5,633,181.0,Arama anındaki fiyat snapshot'ı; tarih/oda/kişi koşullarına göre değişebilir.,"Kabakum Cad, Sazlık Sk. No: 13, 48400 Bodrum/Muğla, Türkiye",+902523483833,,2026-08-24,https://www.google.com/maps/search/?api=1&query=Regia%20Mare%20Beach%20Hotel%20Bodrum&query_place_id=ChIJtQfd4BRzvhQRrZlYgS1RXww,21,True,False,True,False,6.452048954437226,0.5759781619654231,4.499736502881407,4.3,0.2999999999999998,130.0,51.0,1.3923076923076922,0.9090909090909092,0.8095238095238095,,,,,,,,,,,,UNMATCHED
BOD132,ChIJmZx5TEBsvhQROxPKGjWkMWw,Viras Hotel & Beach,Ortakent-Yahşi,Bodrum,Muğla,Türkiye,Otel,,4.2,5,747,119.0,Arama anındaki fiyat snapshot'ı; tarih/oda/kişi koşullarına göre değişebilir.,"viras otel, Yahşi, Yalı Cd. No:74, 48000 Bodrum/Muğla, Türkiye",+902523483992,,2026-08-24,https://www.google.com/maps/search/?api=1&query=Viras%20Hotel%20%26%20Beach&query_place_id=ChIJmZx5TEBsvhQROxPKGjWkMWw,21,True,False,True,False,6.617402977974478,0.6158285243198681,4.262828043418521,4.3,-0.0999999999999996,130.0,-11.0,0.9153846153846154,0.4545454545454545,0.9047619047619048,,,,,,,,,,,,UNMATCHED
BOD133,ChIJMdpJ7MByvhQRuh2JibivsGQ,Yahşi Beach Hotel & Restaurant,Ortakent-Yahşi,Bodrum,Muğla,Türkiye,Otel,,4.4,5,190,,,"Yahşi yalısı, Yahşi, Yalı Cd. No:82, 48400 Bodrum/Muğla, Türkiye",+905324256594,,2026-08-24,https://www.google.com/maps/search/?api=1&query=Yah%C5%9Fi%20Beach%20Hotel%20%26%20Restaurant&query_place_id=ChIJMdpJ7MByvhQRuh2JibivsGQ,21,False,False,True,False,5.25227342804663,0.2896341463414634,4.3741012449187,4.3,0.1000000000000005,130.0,,,,0.4285714285714285,,,,,,,,,,,,UNMATCHED
BOD134,ChIJYxRiS85zvhQRMk90w1YF4LY,Yakamoz Otel,Ortakent-Yahşi,Bodrum,Muğla,Türkiye,Otel,,4.0,5,133,,,"Deniz Caddesi, Bodrum Muğla Ortakent Yahşi yalı, Eren Sk., 48000 Bodrum/Muğla, Türkiye",+902523483025,,2026-08-24,https://www.google.com/maps/search/?api=1&query=Yakamoz%20Otel&query_place_id=ChIJYxRiS85zvhQRMk90w1YF4LY,21,False,False,True,False,4.897839799950911,0.2220367278797996,4.282822064552031,4.3,-0.2999999999999998,130.0,,,,0.3809523809523809,,,,,,,,,,,,UNMATCHED
BOD135,ChIJcf2wnKZzvhQRd-kpYVUDwmU,Yılmaz Hotel | Bodrum Ortakent Otelleri,Ortakent-Yahşi,Bodrum,Muğla,Türkiye,Otel,,3.9,5,114,105.0,Arama anındaki fiyat snapshot'ı; tarih/oda/kişi koşullarına göre değişebilir.,"Müskebi, Zümrüt Sk. 22a, 48420 Bodrum/Muğla, Türkiye",+902523585508,,2026-08-24,https://www.google.com/maps/search/?api=1&query=Y%C4%B1lmaz%20Hotel%20%7C%20Bodrum%20Ortakent%20Otelleri&query_place_id=ChIJcf2wnKZzvhQRd-kpYVUDwmU,21,True,False,True,False,4.74493212836325,0.196551724137931,4.272431752873563,4.3,-0.3999999999999999,130.0,-25.0,0.8076923076923077,0.1818181818181818,0.238095238095238,,,,,,,,,,,,UNMATCHED
BOD136,ChIJC5xB5JVyvhQRuZ27AXQ8wcw,Zest Exclusive Hotel and Spa,Ortakent-Yahşi,Bodrum,Muğla,Türkiye,Otel,,4.5,5,467,130.0,Arama anındaki fiyat snapshot'ı; tarih/oda/kişi koşullarına göre değişebilir.,"Yahşi, Asma Sk. No: 32, 48420 Bodrum/Muğla, Türkiye",+902523483990,,2026-08-24,https://www.google.com/maps/search/?api=1&query=Zest%20Exclusive%20Hotel%20and%20Spa&query_place_id=ChIJC5xB5JVyvhQRuZ27AXQ8wcw,21,True,False,True,False,6.148468295917647,0.5005359056806002,4.4318439621293315,4.3,0.2000000000000001,130.0,0.0,1.0,0.5454545454545454,0.7142857142857143,OFFBOD113,ZEST FOR LİFE,3 YILDIZLI OTEL,3.0,24.0,48.0,0252 348 3990,Ortakent-Yahşi,0.95,phone_exact,https://mugla.ktb.gov.tr/Eklenti/102365%2Cisletme-belgeli-tesisler--agustospdf.pdf?0=,MATCHED_HIGH_CONFIDENCE
BOD137,ChIJP_oTRTNpvhQR0-1XqVIqx1E,Armagan Apart Hotel,Torba,Bodrum,Muğla,Türkiye,Otel,,4.0,5,78,85.0,Arama anındaki fiyat snapshot'ı; tarih/oda/kişi koşullarına göre değişebilir.,"Torba, Rıza Anter Cd. No:84, 48400 Bodrum/Muğla, Türkiye",+905334748770,,2026-08-24,https://www.google.com/maps/search/?api=1&query=Armagan%20Apart%20Hotel&query_place_id=ChIJP_oTRTNpvhQR0-1XqVIqx1E,21,True,False,True,False,4.3694478524670215,0.1433823529411764,4.311416207107843,4.4,-0.4000000000000003,248.0,-163.0,0.3427419354838709,0.0588235294117647,0.1428571428571428,,,,,,,,,,,,UNMATCHED
BOD138,ChIJafxfSwBvvhQRMPAOstUviZY,Bodrum Blue Bay Otel,Torba,Bodrum,Muğla,Türkiye,Otel,,3.7,5,51,120.0,Arama anındaki fiyat snapshot'ı; tarih/oda/kişi koşullarına göre değişebilir.,"Torba, Irmak Sk. No:6, 48400 Bodrum/Muğla, Türkiye",+905308346979,,2026-08-24,https://www.google.com/maps/search/?api=1&query=Bodrum%20Blue%20Bay%20Otel&query_place_id=ChIJafxfSwBvvhQRMPAOstUviZY,21,True,False,True,False,3.951243718581427,0.0986460348162475,4.298085912314636,4.4,-0.7000000000000002,248.0,-128.0,0.4838709677419355,0.2352941176470588,0.0476190476190476,,,,,,,,,,,,UNMATCHED
BOD139,ChIJR7xoeS5pvhQR1dXknYNVKYI,Casa Dell'arte Otel,Torba,Bodrum,Muğla,Türkiye,Otel,,4.6,5,319,287.0,Arama anındaki fiyat snapshot'ı; tarih/oda/kişi koşullarına göre değişebilir.,"Torba, İsmet İnönü Cd. No:66, 48400 Bodrum/Muğla, Türkiye",+902523671848,,2026-08-24,https://www.google.com/maps/search/?api=1&query=Casa%20Dell%27arte%20Otel&query_place_id=ChIJR7xoeS5pvhQR1dXknYNVKYI,21,True,False,True,False,5.768320995793772,0.4063694267515924,4.45963110403397,4.4,0.1999999999999993,248.0,39.0,1.157258064516129,0.6470588235294118,0.4285714285714285,OFFBOD149,CASA DELL'ARTE HOTEL,BUTİK OTEL,5.0,12.0,36.0,0252 367 1848,Torba,0.9846,phone_exact,https://mugla.ktb.gov.tr/Eklenti/102365%2Cisletme-belgeli-tesisler--agustospdf.pdf?0=,MATCHED_HIGH_CONFIDENCE
BOD140,ChIJEZ7NeSBpvhQRW7TrqslFbhY,DoubleTree by Hilton Bodrum Işıl Club All-Inclusive Resort,Torba,Bodrum,Muğla,Türkiye,Resort Otel,,4.4,5,2690,312.0,Arama anındaki fiyat snapshot'ı; tarih/oda/kişi koşullarına göre değişebilir.,"Torba, Kaynar Mevkii No:11, 48400 Bodrum/Muğla, Türkiye",+902523371010,,2026-08-24,https://www.google.com/maps/search/?api=1&query=DoubleTree%20by%20Hilton%20Bodrum%20I%C5%9F%C4%B1l%20Club%20All-Inclusive%20Resort&query_place_id=ChIJEZ7NeSBpvhQRW7TrqslFbhY,21,True,False,True,False,7.897668150726906,0.8523447401774398,4.394616735318969,4.4,0.0,248.0,64.0,1.2580645161290325,0.7058823529411765,0.8571428571428571,,,,,,,,,,,,UNMATCHED
BOD141,ChIJByFeCANpvhQRgw0PtAH0ZpI,DUJA BODRUM,Torba,Bodrum,Muğla,Türkiye,Otel,,4.4,5,5479,610.0,Arama anındaki fiyat snapshot'ı; tarih/oda/kişi koşullarına göre değişebilir.,"Torba, Kaynar Mevkii No:21, 48400 Bodrum/Muğla, Türkiye",+902525300141,,2026-08-24,https://www.google.com/maps/search/?api=1&query=DUJA%20BODRUM&query_place_id=ChIJByFeCANpvhQRgw0PtAH0ZpI,21,True,False,True,False,8.608860379942062,0.92161480235492,4.3971422063358565,4.4,0.0,248.0,362.0,2.4596774193548385,0.8235294117647058,1.0,,,,,,,,,,,,UNMATCHED
BOD142,ChIJIeqJV9NuvhQRXxPW2X0FhM0,Hotel Torbahan,Torba,Bodrum,Muğla,Türkiye,Otel,,4.2,5,492,125.0,Arama anındaki fiyat snapshot'ı; tarih/oda/kişi koşullarına göre değişebilir.,"Mustafa Kemal, Torba, Atatürk Cd. No:159, 48400 Bodrum/Muğla, Türkiye",+902523671073,,2026-08-24,https://www.google.com/maps/search/?api=1&query=Hotel%20Torbahan&query_place_id=ChIJIeqJV9NuvhQRXxPW2X0FhM0,21,True,False,True,False,6.20050917404269,0.5135699373695198,4.27955158315936,4.4,-0.2000000000000001,248.0,-123.0,0.5040322580645161,0.2941176470588235,0.5714285714285714,OFFBOD110,TORBAHAN OTELİ,3 YILDIZLI OTEL,3.0,50.0,100.0,0252 367 1073,Torba,0.95,phone_exact,https://mugla.ktb.gov.tr/Eklenti/102365%2Cisletme-belgeli-tesisler--agustospdf.pdf?0=,MATCHED_HIGH_CONFIDENCE
BOD143,ChIJtZF5TEBsvhQRmSsj7oOcaw0,Hotel Zeytinada,Torba,Bodrum,Muğla,Türkiye,Otel,,4.4,5,372,248.0,Arama anındaki fiyat snapshot'ı; tarih/oda/kişi koşullarına göre değişebilir.,"Mevkii, Torba, 48400, Bodrum/Muğla, Türkiye",+902523672275,,2026-08-24,https://www.google.com/maps/search/?api=1&query=Hotel%20Zeytinada&query_place_id=ChIJtZF5TEBsvhQRmSsj7oOcaw0,21,True,False,True,False,5.921578419643816,0.4439140811455847,4.379726034208432,4.4,0.0,248.0,0.0,1.0,0.5294117647058824,0.5238095238095238,OFFBOD084,ZEYTİNADA OTEL,4 YILDIZLI OTEL,4.0,78.0,164.0,0252 367 2275,Torba,0.95,phone_exact,https://mugla.ktb.gov.tr/Eklenti/102365%2Cisletme-belgeli-tesisler--agustospdf.pdf?0=,MATCHED_HIGH_CONFIDENCE
BOD144,ChIJtRU69GpsvhQR7rBOR-RtFzg,Mira Suites,Torba,Bodrum,Muğla,Türkiye,Otel,,4.6,5,117,98.0,Arama anındaki fiyat snapshot'ı; tarih/oda/kişi koşullarına göre değişebilir.,"Mustafa Kemal, Atatürk Cd. No:35, 48400 Bodrum/Muğla, Türkiye",+902523672222,,2026-08-24,https://www.google.com/maps/search/?api=1&query=Mira%20Suites&query_place_id=ChIJtRU69GpsvhQR7rBOR-RtFzg,21,True,False,True,False,4.770684624465665,0.2006861063464837,4.410995568896512,4.4,0.1999999999999993,248.0,-150.0,0.3951612903225806,0.1764705882352941,0.1904761904761904,,,,,,,,,,,,UNMATCHED
BOD145,ChIJewkVGuJpvhQR2q09rgvXPP8,Moyo Luxury Hotel & Beach,Torba,Bodrum,Muğla,Türkiye,Otel,,4.3,5,370,,,"Torba, Hoşgörü Sk. No : 1, 48400 Bodrum/Muğla, Türkiye",+902523671417,Temporarily Closed,2026-08-24,https://www.google.com/maps/search/?api=1&query=Moyo%20Luxury%20Hotel%20%26%20Beach&query_place_id=ChIJewkVGuJpvhQR2q09rgvXPP8,21,False,False,True,True,5.916202062607435,0.4425837320574162,4.335419158692185,4.4,-0.1000000000000005,248.0,,,,0.4761904761904761,OFFBOD100,MOYO,3 YILDIZLI OTEL,3.0,48.0,96.0,0252 367 14 17,Torba,0.95,phone_exact,https://mugla.ktb.gov.tr/Eklenti/102365%2Cisletme-belgeli-tesisler--agustospdf.pdf?0=,MATCHED_HIGH_CONFIDENCE
BOD146,ChIJxXwclEFsvhQRZsoz_3ZA90g,Olivia Hotel,Torba,Bodrum,Muğla,Türkiye,Otel,,4.3,5,144,131.0,Arama anındaki fiyat snapshot'ı; tarih/oda/kişi koşullarına göre değişebilir.,"Torba, Irmak Sk. No:4, 48400 Bodrum/Muğla, Türkiye",+905308346979,,2026-08-24,https://www.google.com/maps/search/?api=1&query=Olivia%20Hotel&query_place_id=ChIJxXwclEFsvhQRZsoz_3ZA90g,21,True,False,True,False,4.976733742420574,0.2360655737704918,4.348541666666667,4.4,-0.1000000000000005,248.0,-117.0,0.5282258064516129,0.3529411764705882,0.238095238095238,,,,,,,,,,,,UNMATCHED
BOD147,ChIJrYHb3ixpvhQRHqUQ0PU5-rE,Omar Hotel & Suites,Torba,Bodrum,Muğla,Türkiye,Otel,,4.3,5,174,97.0,Arama anındaki fiyat snapshot'ı; tarih/oda/kişi koşullarına göre değişebilir.,"Torba, 48400 Bodrum/Muğla, Türkiye",+902523671257,,2026-08-24,https://www.google.com/maps/search/?api=1&query=Omar%20Hotel%20%26%20Suites&query_place_id=ChIJrYHb3ixpvhQRHqUQ0PU5-rE,21,True,False,True,False,5.1647859739235145,0.271875,4.346266276041666,4.4,-0.1000000000000005,248.0,-151.0,0.3911290322580645,0.1176470588235294,0.2857142857142857,,,,,,,,,,,,UNMATCHED
BOD148,ChIJw3uAxEdivhQRM5fBSWSQ6Yc,Rixos Premium Bodrum,Torba,Bodrum,Muğla,Türkiye,Otel,,4.7,5,4889,,,"Zeytinlikahve Mevkii, 48400 Bodrum/Muğla, Türkiye",+902523371122,,2026-08-24,https://www.google.com/maps/search/?api=1&query=Rixos%20Premium%20Bodrum&query_place_id=ChIJw3uAxEdivhQRM5fBSWSQ6Yc,21,False,False,True,False,8.494947582468917,0.9129785247432306,4.670720899470899,4.4,0.2999999999999998,248.0,,,,0.9523809523809524,OFFBOD012,RİXOS OTEL,B-TİPİ TATİL KÖYÜ,5.0,348.0,844.0,0252 337 1122,Torba,0.95,phone_exact,https://mugla.ktb.gov.tr/Eklenti/102365%2Cisletme-belgeli-tesisler--agustospdf.pdf?0=,MATCHED_HIGH_CONFIDENCE
BOD149,ChIJqy_UNjVpvhQROJdKGbb3cMo,Roota Bodrum,Torba,Bodrum,Muğla,Türkiye,Otel,,4.2,5,56,172.0,Arama anındaki fiyat snapshot'ı; tarih/oda/kişi koşullarına göre değişebilir.,"Torba, Hoşgörü Sk. No:3, 48400 Bodrum/Muğla, Türkiye",+905522144848,,2026-08-24,https://www.google.com/maps/search/?api=1&query=Roota%20Bodrum&query_place_id=ChIJqy_UNjVpvhQROJdKGbb3cMo,21,True,False,True,False,4.04305126783455,0.10727969348659,4.34599696679438,4.4,-0.2000000000000001,248.0,-76.0,0.6935483870967742,0.4117647058823529,0.0952380952380952,,,,,,,,,,,,UNMATCHED
BOD150,ChIJ2ZaqTSRpvhQRVhR52L9gb7E,Samara Hotel,Torba,Bodrum,Muğla,Türkiye,Otel,,4.4,5,2488,284.0,Arama anındaki fiyat snapshot'ı; tarih/oda/kişi koşullarına göre değişebilir.,"Kaynar Mevkii, 48400 Bodrum/Muğla, Türkiye",+902523371244,,2026-08-24,https://www.google.com/maps/search/?api=1&query=Samara%20Hotel&query_place_id=ChIJ2ZaqTSRpvhQRVhR52L9gb7E,21,True,False,True,False,7.819636302367592,0.8422477995937712,4.394248617693523,4.4,0.0,248.0,36.0,1.1451612903225807,0.5882352941176471,0.8095238095238095,OFFBOD040,SAMARA OTELİ,5 YILDIZLI OTEL,5.0,339.0,696.0,0252 337 1244,Torba,0.95,phone_exact,https://mugla.ktb.gov.tr/Eklenti/102365%2Cisletme-belgeli-tesisler--agustospdf.pdf?0=,MATCHED_HIGH_CONFIDENCE
BOD151,ChIJEW5x_uZovhQRHzOfnTJr5NE,Sarpedor Boutique Hotel & SPA,Torba,Bodrum,Muğla,Türkiye,Otel,,4.2,5,648,223.0,Arama anındaki fiyat snapshot'ı; tarih/oda/kişi koşullarına göre değişebilir.,"Torba, Heredot Bulvarı No:9, 48400 Bodrum/Muğla, Türkiye",+902523371200,,2026-08-24,https://www.google.com/maps/search/?api=1&query=Sarpedor%20Boutique%20Hotel%20%26%20SPA&query_place_id=ChIJEW5x_uZovhQRHzOfnTJr5NE,21,True,False,True,False,6.47543271670409,0.5816876122082585,4.268411505086775,4.4,-0.2000000000000001,248.0,-25.0,0.8991935483870968,0.4705882352941176,0.7142857142857143,OFFBOD163,SARPEDOR BOUTIQUE HOTEL &SPA,BUTİK OTEL,4.0,32.0,70.0,0252 337 1200,Torba,1.0,phone_exact,https://mugla.ktb.gov.tr/Eklenti/102365%2Cisletme-belgeli-tesisler--agustospdf.pdf?0=,MATCHED_HIGH_CONFIDENCE
BOD152,ChIJr-wURTNpvhQRgfqUtlooL3o,"Susona Bodrum, LXR Hotels & Resorts",Torba,Bodrum,Muğla,Türkiye,Resort Otel,,4.8,5,886,482.0,Arama anındaki fiyat snapshot'ı; tarih/oda/kişi koşullarına göre değişebilir.,"Torba, Kaynar Cd No:15, 48420 Bodrum/Muğla, Türkiye",+902522112700,,2026-08-24,https://www.google.com/maps/search/?api=1&query=Susona%20Bodrum%2C%20LXR%20Hotels%20%26%20Resorts&query_place_id=ChIJr-wURTNpvhQRgfqUtlooL3o,21,True,False,True,False,6.787844982309579,0.6553254437869822,4.64956391765286,4.4,0.3999999999999994,248.0,234.0,1.9435483870967745,0.7647058823529411,0.7619047619047619,OFFBOD044,SUSONA BODRUM LXR HOTELS & RESORTS,5 YILDIZLI OTEL,5.0,76.0,250.0,0252 211 2700,Torba,1.0,phone_exact,https://mugla.ktb.gov.tr/Eklenti/102365%2Cisletme-belgeli-tesisler--agustospdf.pdf?0=,MATCHED_HIGH_CONFIDENCE
BOD153,ChIJh70QKnFpvhQRwAvW_pctIFM,The Oba Hotel,Torba,Bodrum,Muğla,Türkiye,Otel,,4.0,5,603,632.0,Arama anındaki fiyat snapshot'ı; tarih/oda/kişi koşullarına göre değişebilir.,"Torba, Heredot Bulvarı No : 20, 48400 Bodrum/Muğla, Türkiye",+902529700622,,2026-08-24,https://www.google.com/maps/search/?api=1&query=The%20Oba%20Hotel&query_place_id=ChIJh70QKnFpvhQRwAvW_pctIFM,21,True,False,True,False,6.403574197934815,0.5640785781103835,4.158475600249455,4.4,-0.4000000000000003,248.0,384.0,2.5483870967741935,0.8823529411764706,0.6666666666666666,,,,,,,,,,,,UNMATCHED
BOD154,ChIJSZHy9k1tvhQR4Le2DDojzzg,Toka Bodrum Hotel & Beach Club,Torba,Bodrum,Muğla,Türkiye,Otel,,4.5,5,238,,,"Torba, İsmet İnönü Cd. No:64, 48400 Bodrum/Muğla, Türkiye",+902524800880,,2026-08-24,https://www.google.com/maps/search/?api=1&query=Toka%20Bodrum%20Hotel%20%26%20Beach%20Club&query_place_id=ChIJSZHy9k1tvhQR4Le2DDojzzg,21,False,False,True,False,5.476463551931511,0.3380681818181818,4.409673887310605,4.4,0.0999999999999996,248.0,,,,0.3333333333333333,,,,,,,,,,,,UNMATCHED
BOD155,ChIJRVqhF3tpvhQR1wP9bevL2YA,Trend Life | Trendlife Hotels & Beach Club Bodrum Torba,Torba,Bodrum,Muğla,Türkiye,Otel,,4.3,5,312,,,"Mustafa Kemal, Torba, Atatürk Cd. No:131, 48400 Bodrum/Muğla, Türkiye",,,2026-08-24,https://www.google.com/maps/search/?api=1&query=Trend%20Life%20%7C%20Trendlife%20Hotels%20%26%20Beach%20Club%20Bodrum%20Torba&query_place_id=ChIJRVqhF3tpvhQR1wP9bevL2YA,21,False,False,False,False,5.746203190540153,0.4010282776349614,4.338059661525278,4.4,-0.1000000000000005,248.0,,,,0.3809523809523809,,,,,,,,,,,,UNMATCHED
BOD156,ChIJdzNmBu9pvhQRJf3tEZvJTAM,Voyage Torba,Torba,Bodrum,Muğla,Türkiye,Otel,,4.7,5,2753,2660.0,Arama anındaki fiyat snapshot'ı; tarih/oda/kişi koşullarına göre değişebilir.,"Torba Mh, Mustafa Kemal, Atatürk Cd. No:108, 48400 Bodrum/Muğla, Türkiye",+902523671820,,2026-08-24,https://www.google.com/maps/search/?api=1&query=Voyage%20Torba&query_place_id=ChIJdzNmBu9pvhQRJf3tEZvJTAM,21,True,False,True,False,7.9208096792886,0.8552345448897173,4.651292456249353,4.4,0.2999999999999998,248.0,2412.0,10.725806451612904,1.0,0.9047619047619048,OFFBOD016,VOYAGE TORBA,5 YILDIZLI T.K.,5.0,320.0,784.0,0252 367 18 20,Torba,1.0,phone_exact,https://mugla.ktb.gov.tr/Eklenti/102365%2Cisletme-belgeli-tesisler--agustospdf.pdf?0=,MATCHED_HIGH_CONFIDENCE
BOD157,ChIJDU1Xay1pvhQRIqEA-RSZU-Y,Voyage Torba Private,Torba,Bodrum,Muğla,Türkiye,Otel,,4.7,5,548,2489.0,Arama anındaki fiyat snapshot'ı; tarih/oda/kişi koşullarına göre değişebilir.,"Torba, Atatürk Cd. NO:97, 48400 Bodrum/Muğla, Türkiye",+902523671820,,2026-08-24,https://www.google.com/maps/search/?api=1&query=Voyage%20Torba%20Private&query_place_id=ChIJDU1Xay1pvhQRIqEA-RSZU-Y,21,True,False,True,False,6.3080984415095305,0.5404339250493096,4.545375164365549,4.4,0.2999999999999998,248.0,2241.0,10.036290322580646,0.9411764705882352,0.6190476190476191,,,,,,,,,,,,UNMATCHED
BOD158,ChIJRzd_y8ALvhQRv5VZVOHqljU,Arin Resort Bodrum,Turgutreis,Bodrum,Muğla,Türkiye,Resort Otel,,4.6,5,1691,,,"Bahçelievler Mah, Bahçelievler, Şehit Kenan Aybey Caddesi No: 123, 48960 Bodrum/Muğla, Türkiye",+902523828898,,2026-08-24,https://www.google.com/maps/search/?api=1&query=Arin%20Resort%20Bodrum&query_place_id=ChIJRzd_y8ALvhQRv5VZVOHqljU,7,False,False,True,False,7.433666540166168,0.7839592025961984,4.548915353113893,4.6,0.0,123.5,,,,0.7142857142857143,,,,,,,,,,,,UNMATCHED
BOD159,ChIJSzSbVYsLvhQR553yqJNUT_M,Bodrum Ada Otel Turgutreis,Turgutreis,Bodrum,Muğla,Türkiye,Otel,,4.6,5,157,89.0,Arama anındaki fiyat snapshot'ı; tarih/oda/kişi koşullarına göre değişebilir.,"Turgutreis, Bahçelievler Cd. No: 139, 48960 Bodrum/Muğla, Türkiye",+905445144848,,2026-08-24,https://www.google.com/maps/search/?api=1&query=Bodrum%20Ada%20Otel%20Turgutreis&query_place_id=ChIJSzSbVYsLvhQR553yqJNUT_M,7,True,False,True,False,5.062595033026967,0.2520064205457464,4.423130684858212,4.6,0.0,123.5,-34.5,0.7206477732793523,0.3333333333333333,0.1428571428571428,,,,,,,,,,,,UNMATCHED
BOD160,ChIJeRT9o0wLvhQR1LNQwOWZ-KU,La Blanche Resort Bodrum,Turgutreis,Bodrum,Muğla,Türkiye,Otel,,4.6,5,5754,391.0,Arama anındaki fiyat snapshot'ı; tarih/oda/kişi koşullarına göre değişebilir.,"Bahçelievler, Bahçelievler Cd. No:119, 48960 Bodrum/Muğla, Türkiye",+902523820000,,2026-08-24,https://www.google.com/maps/search/?api=1&query=La%20Blanche%20Resort%20Bodrum&query_place_id=ChIJeRT9o0wLvhQR1LNQwOWZ-KU,7,True,False,True,False,8.657824321155983,0.92508038585209,4.582284632904608,4.6,0.0,123.5,267.5,3.165991902834008,1.0,1.0,OFFBOD030,LA BLANCHE OTEL,5 YILDIZLI OTEL,5.0,358.0,1002.0,0252 382 0000,Turgutreis,0.95,phone_exact,https://mugla.ktb.gov.tr/Eklenti/102365%2Cisletme-belgeli-tesisler--agustospdf.pdf?0=,MATCHED_HIGH_CONFIDENCE
BOD161,ChIJtyzQYFF1vhQRe6igOmFD_b0,MyElla Hotel Resort & Spa,Turgutreis,Bodrum,Muğla,Türkiye,Otel,,3.9,5,2926,125.0,Arama anındaki fiyat snapshot'ı; tarih/oda/kişi koşullarına göre değişebilir.,"Bahçelievler, Zeyyat Mandalinci Cad No:155, 48400 Bodrum/Muğla, Türkiye",+902523112121,,2026-08-24,https://www.google.com/maps/search/?api=1&query=MyElla%20Hotel%20Resort%20%26%20Spa&query_place_id=ChIJtyzQYFF1vhQRe6igOmFD_b0,7,True,False,True,False,7.981733286691885,0.8626179245283019,3.963682316234277,4.6,-0.6999999999999997,123.5,1.5,1.0121457489878545,0.6666666666666666,0.8571428571428571,OFFBOD027,KAİRABA BODRUM PRINCESS HOTEL,5 YILDIZLI OTEL,5.0,258.0,516.0,0252 311 2121,Turgutreis,0.95,phone_exact,https://mugla.ktb.gov.tr/Eklenti/102365%2Cisletme-belgeli-tesisler--agustospdf.pdf?0=,MATCHED_HIGH_CONFIDENCE
BOD162,ChIJ8wH_8aALvhQRFJB5ItnnBjM,Rammos Managed by Dedeman,Turgutreis,Bodrum,Muğla,Türkiye,Otel,,4.6,5,615,122.0,Arama anındaki fiyat snapshot'ı; tarih/oda/kişi koşullarına göre değişebilir.,"Turgutreis, Gazi Mustafa Kemal Blv. No: 327 B, 48960 Bodrum/Muğla, Türkiye",+902523118888,,2026-08-24,https://www.google.com/maps/search/?api=1&query=Rammos%20Managed%20by%20Dedeman&query_place_id=ChIJ8wH_8aALvhQRFJB5ItnnBjM,7,True,False,True,False,6.423246963533519,0.5689176688251619,4.498066990440949,4.6,0.0,123.5,-1.5,0.9878542510121456,0.5,0.2857142857142857,,,,,,,,,,,,UNMATCHED
BOD163,ChIJ5VcB4U0LvhQROU2PptPl_WE,Sundance Resort,Turgutreis,Bodrum,Muğla,Türkiye,Otel,,4.0,5,1344,66.0,Arama anındaki fiyat snapshot'ı; tarih/oda/kişi koşullarına göre değişebilir.,"Bahcelievler Mah, Bahçelievler, Bahçelievler Cd. No:123, 48400 Bodrum/Muğla, Türkiye",+902523828898,,2026-08-24,https://www.google.com/maps/search/?api=1&query=Sundance%20Resort&query_place_id=ChIJ5VcB4U0LvhQROU2PptPl_WE,7,True,False,True,False,7.20414929203594,0.7425414364640884,4.093596915285451,4.6,-0.5999999999999996,123.5,-57.5,0.5344129554655871,0.1666666666666666,0.4285714285714285,OFFBOD043,SUNDANCE RESORT OTEL,5 YILDIZLI OTEL,5.0,183.0,396.0,0252 382 8898,Turgutreis,0.95,phone_exact,https://mugla.ktb.gov.tr/Eklenti/102365%2Cisletme-belgeli-tesisler--agustospdf.pdf?0=,MATCHED_HIGH_CONFIDENCE
BOD164,ChIJ26veg4ILvhQR1JYSvVp6xwM,Swissôtel Resort Bodrum Sahili,Turgutreis,Bodrum,Muğla,Türkiye,Otel,,4.7,5,1608,304.0,Arama anındaki fiyat snapshot'ı; tarih/oda/kişi koşullarına göre değişebilir.,"Turgutreis, Gazi Mustafa Kemal Blv. No:42, 48960 Bodrum/Muğla, Türkiye",+902523113333,,2026-08-24,https://www.google.com/maps/search/?api=1&query=Swiss%C3%B4tel%20Resort%20Bodrum%20Sahili&query_place_id=ChIJ26veg4ILvhQR1JYSvVp6xwM,7,True,False,True,False,7.383368146992384,0.7753134040501446,4.6244023224043715,4.6,0.1000000000000005,123.5,180.5,2.4615384615384617,0.8333333333333334,0.5714285714285714,OFFBOD162,SWISOTEL RESORT BODRUM BEACH,BUTİK OTEL,5.0,60.0,120.0,0252 311 3333,Turgutreis,0.95,phone_exact,https://mugla.ktb.gov.tr/Eklenti/102365%2Cisletme-belgeli-tesisler--agustospdf.pdf?0=,MATCHED_HIGH_CONFIDENCE
BOD165,ChIJRe4nqE9vvhQR_VhhTqDbel4,Caja by Maxx Royal,Türkbükü,Bodrum,Muğla,Türkiye,Otel,,4.6,5,135,3158.0,Arama anındaki fiyat snapshot'ı; tarih/oda/kişi koşullarına göre değişebilir.,"Türkbükü, 149 Sokak No :18 D:1, 48400 Bodrum/Muğla, Türkiye",+904443020,,2026-08-24,https://www.google.com/maps/search/?api=1&query=Caja%20by%20Maxx%20Royal&query_place_id=ChIJRe4nqE9vvhQR_VhhTqDbel4,6,True,False,True,False,4.912654885736052,0.2246256239600665,4.416656267332224,4.45,0.1499999999999994,532.0,2626.0,5.93609022556391,1.0,0.1666666666666666,OFFBOD059,CAJA BY MAXX ROYAL,4 YILDIZLI OTEL,4.0,22.0,76.0,,Türkbükü,0.8,name_exact,https://mugla.ktb.gov.tr/Eklenti/102365%2Cisletme-belgeli-tesisler--agustospdf.pdf?0=,MATCHED_HIGH_CONFIDENCE
BOD166,ChIJs8PYiA9pvhQRk_cQYHnH5Us,Divan Bodrum,Türkbükü,Bodrum,Muğla,Türkiye,Otel,,4.5,5,753,590.0,Arama anındaki fiyat snapshot'ı; tarih/oda/kişi koşullarına göre değişebilir.,"Türkbükü, Keleş Harim Cd. No:22, 48400 Bodrum/Muğla, Türkiye",+902523775601,,2026-08-24,https://www.google.com/maps/search/?api=1&query=Divan%20Bodrum&query_place_id=ChIJs8PYiA9pvhQRk_cQYHnH5Us,6,True,False,True,False,6.625392368007956,0.6177194421657096,4.447834632212196,4.45,0.0499999999999998,532.0,58.0,1.1090225563909777,0.6666666666666666,0.6666666666666666,,,,,,,,,,,,UNMATCHED
BOD167,ChIJ6WwC3sdvvhQRLjhzMj9H8wU,Elista Hotel & Spa,Türkbükü,Bodrum,Muğla,Türkiye,Otel,,4.6,5,231,263.0,Arama anındaki fiyat snapshot'ı; tarih/oda/kişi koşullarına göre değişebilir.,"Türkbükü, Liman Cd. No:65 D:1, 48483 Bodrum/Muğla, Türkiye",+905426509990,,2026-08-24,https://www.google.com/maps/search/?api=1&query=Elista%20Hotel%20%26%20Spa&query_place_id=ChIJ6WwC3sdvvhQRLjhzMj9H8wU,6,True,False,True,False,5.44673737166631,0.3314203730272597,4.441908775705404,4.45,0.1499999999999994,532.0,-269.0,0.4943609022556391,0.1666666666666666,0.3333333333333333,,,,,,,,,,,,UNMATCHED
BOD168,ChIJIzcNzrdvvhQRubhhrYtOPbo,Kuum Hotel & SPA Bodrum,Türkbükü,Bodrum,Muğla,Türkiye,Otel,,4.3,5,983,446.0,Arama anındaki fiyat snapshot'ı; tarih/oda/kişi koşullarına göre değişebilir.,"Türkbükü, Atatürk Cd. No:150, 48400 Bodrum/Muğla, Türkiye",+902523110060,,2026-08-24,https://www.google.com/maps/search/?api=1&query=Kuum%20Hotel%20%26%20SPA%20Bodrum&query_place_id=ChIJIzcNzrdvvhQRubhhrYtOPbo,6,True,False,True,False,6.891625897052253,0.6783988957902002,4.320435070163331,4.45,-0.1500000000000003,532.0,-86.0,0.8383458646616542,0.3333333333333333,0.8333333333333334,,,,,,,,,,,,UNMATCHED
BOD169,ChIJybTpQuxvvhQRvHMQvLA1YMk,MACAKIZI BODRUM,Türkbükü,Bodrum,Muğla,Türkiye,Otel,,4.3,5,1247,805.0,Arama anındaki fiyat snapshot'ı; tarih/oda/kişi koşullarına göre değişebilir.,"Türkbükü, Narçiçeği Sokak, 48400 Bodrum/Muğla, Türkiye",+902523112400,,2026-08-24,https://www.google.com/maps/search/?api=1&query=MACAKIZI%20BODRUM&query_place_id=ChIJybTpQuxvvhQRvHMQvLA1YMk,6,True,False,True,False,7.129297548929373,0.7279626386456509,4.317285707336057,4.45,-0.1500000000000003,532.0,273.0,1.513157894736842,0.8333333333333334,1.0,,,,,,,,,,,,UNMATCHED
BOD170,ChIJg_pNr-5vvhQR518b5F4UXf4,No:81 Hotel,Türkbükü,Bodrum,Muğla,Türkiye,Otel,,4.4,5,321,474.0,Arama anındaki fiyat snapshot'ı; tarih/oda/kişi koşullarına göre değişebilir.,"Göltürkbükü Mah. Keleşharım Cad. 104. Sok. No, D:6, 48483 Bodrum/Muğla, Türkiye",+902523776105,,2026-08-24,https://www.google.com/maps/search/?api=1&query=No%3A81%20Hotel&query_place_id=ChIJg_pNr-5vvhQR518b5F4UXf4,6,True,False,True,False,5.7745515455444085,0.4078780177890724,4.378412219398561,4.45,-0.0499999999999998,532.0,-58.0,0.8909774436090225,0.5,0.5,,,,,,,,,,,,UNMATCHED
BOD171,ChIJIwHTow1xvhQR_K-gB02mPoA,4 reasons Hotel Yalikavak,Yalıkavak,Bodrum,Muğla,Türkiye,Otel,,4.8,5,194,172.0,Arama anındaki fiyat snapshot'ı; tarih/oda/kişi koşullarına göre değişebilir.,"Mevkii, Tilkicik, Bakan Cd. No:8, 48430 Bodrum/Muğla, Türkiye",+902523853212,,2026-08-24,https://www.google.com/maps/search/?api=1&query=4%20reasons%20Hotel%20Yalikavak&query_place_id=ChIJIwHTow1xvhQR_K-gB02mPoA,22,True,False,True,False,5.272999558563747,0.2939393939393939,4.491833964646465,4.45,0.3499999999999996,329.5,-157.5,0.5220030349013657,0.1363636363636363,0.3636363636363636,,,,,,,,,,,,UNMATCHED
BOD172,ChIJ7eSyBNZxvhQRvHKx3HFCrY8,Ailla Yalıkavak,Yalıkavak,Bodrum,Muğla,Türkiye,Otel,,4.9,5,69,473.0,Arama anındaki fiyat snapshot'ı; tarih/oda/kişi koşullarına göre değişebilir.,"Geriş, Ömer Efendi Cd. No:48, 48990 Bodrum/Muğla, Türkiye",+902523852529,,2026-08-24,https://www.google.com/maps/search/?api=1&query=Ailla%20Yal%C4%B1kavak&query_place_id=ChIJ7eSyBNZxvhQRvHKx3HFCrY8,22,True,False,True,False,4.248495242049359,0.1289719626168224,4.432729750778816,4.45,0.4500000000000002,329.5,143.5,1.4355083459787557,0.8181818181818182,0.0909090909090909,,,,,,,,,,,,UNMATCHED
BOD173,ChIJd1cFeFVxvhQRtZewAJ8VspU,Allium Bodrum Resort & Spa,Yalıkavak,Bodrum,Muğla,Türkiye,Otel,,4.8,5,528,610.0,Arama anındaki fiyat snapshot'ı; tarih/oda/kişi koşullarına göre değişebilir.,"Geriş, Çökertme Cd. No:68 L/1, 48990 Bodrum/Muğla, Türkiye",+902523110717,,2026-08-24,https://www.google.com/maps/search/?api=1&query=Allium%20Bodrum%20Resort%20%26%20Spa&query_place_id=ChIJd1cFeFVxvhQRtZewAJ8VspU,22,True,False,True,False,6.270988431858299,0.5311871227364185,4.595382712944332,4.45,0.3499999999999996,329.5,280.5,1.8512898330804248,0.9090909090909092,0.7727272727272727,,,,,,,,,,,,UNMATCHED
BOD174,ChIJ64c8B-1xvhQRa88T93yeRZQ,Arts Hotel Bodrum Yalıkavak,Yalıkavak,Bodrum,Muğla,Türkiye,Otel,,4.5,5,299,318.0,Arama anındaki fiyat snapshot'ı; tarih/oda/kişi koşullarına göre değişebilir.,"Yalıkavak Mah. Tilkicik Cad, Yalıkavak, Demirci Sok No:7, 48990 Bodrum/Muğla, Türkiye",+902523853838,,2026-08-24,https://www.google.com/maps/search/?api=1&query=Arts%20Hotel%20Bodrum%20Yal%C4%B1kavak&query_place_id=ChIJ64c8B-1xvhQRa88T93yeRZQ,22,True,False,True,False,5.703782474656201,0.3908496732026144,4.416876361655774,4.45,0.0499999999999998,329.5,-11.5,0.9650986342943856,0.5,0.5454545454545454,,,,,,,,,,,,UNMATCHED
BOD175,ChIJTwRQXTpxvhQRdZVQJKp8Qdk,Avantgarde Refined Hotel | Yalıkavak,Yalıkavak,Bodrum,Muğla,Türkiye,Otel,,4.5,5,437,341.0,Arama anındaki fiyat snapshot'ı; tarih/oda/kişi koşullarına göre değişebilir.,"Otobüs Durağı, Yalıkavak, Küdür Cd., 48990 Bodrum/Muğla, Türkiye",+902523853765,,2026-08-24,https://www.google.com/maps/search/?api=1&query=Avantgarde%20Refined%20Hotel%20%7C%20Yal%C4%B1kavak&query_place_id=ChIJTwRQXTpxvhQRdZVQJKp8Qdk,22,True,False,True,False,6.082218910376446,0.4839424141749723,4.429579641934293,4.45,0.0499999999999998,329.5,11.5,1.0349013657056143,0.5681818181818182,0.6818181818181818,OFFBOD148,AVANTGARDE MEJOR COSTA YALIKAVAK OTEL,BUTİK OTEL,,31.0,62.0,0252 385 3765,Yalıkavak,0.95,phone_exact,https://mugla.ktb.gov.tr/Eklenti/102365%2Cisletme-belgeli-tesisler--agustospdf.pdf?0=,MATCHED_HIGH_CONFIDENCE
BOD176,ChIJa9SmoSpxvhQRmGcrQAtAIuQ,Blue Point Yalikavak,Yalıkavak,Bodrum,Muğla,Türkiye,Otel,,4.5,5,129,197.0,Arama anındaki fiyat snapshot'ı; tarih/oda/kişi koşullarına göre değişebilir.,"Yalıkavak, Plaj Cd. No:14, 48400 Bodrum/Muğla, Türkiye",+905527948480,,2026-08-24,https://www.google.com/maps/search/?api=1&query=Blue%20Point%20Yalikavak&query_place_id=ChIJa9SmoSpxvhQRmGcrQAtAIuQ,22,True,False,True,False,4.867534450455582,0.2168067226890756,4.393126750700279,4.45,0.0499999999999998,329.5,-132.5,0.5978755690440061,0.3181818181818182,0.3181818181818182,,,,,,,,,,,,UNMATCHED
BOD177,ChIJ06hnbDpxvhQRaVw-pnfuqb4,Delta Hotels By Marriott Bodrum,Yalıkavak,Bodrum,Muğla,Türkiye,Otel,,4.0,5,2444,365.0,Arama anındaki fiyat snapshot'ı; tarih/oda/kişi koşullarına göre değişebilir.,"Merkez, Sanatçı Evleri Cd. No:29, 48990 Bodrum/Muğla, Türkiye",+902522110404,,2026-08-24,https://www.google.com/maps/search/?api=1&query=Delta%20Hotels%20By%20Marriott%20Bodrum&query_place_id=ChIJ06hnbDpxvhQRaVw-pnfuqb4,22,True,False,True,False,7.801800401908973,0.8398625429553265,4.058216638029783,4.45,-0.4500000000000002,329.5,35.5,1.1077389984825494,0.6363636363636364,1.0,,,,,,,,,,,,UNMATCHED
BOD178,ChIJPwvM3GlxvhQRLEm2Q6AICZ8,Highlight Hotel Yalıkavak,Yalıkavak,Bodrum,Muğla,Türkiye,Otel,,4.3,5,387,341.0,Arama anındaki fiyat snapshot'ı; tarih/oda/kişi koşullarına göre değişebilir.,"Merkez Mah Tilkicik Cad, Dirmil, 182. Sokak No:3, 48990 Bodrum/Muğla, Türkiye",,,2026-08-24,https://www.google.com/maps/search/?api=1&query=Highlight%20Hotel%20Yal%C4%B1kavak&query_place_id=ChIJPwvM3GlxvhQRLEm2Q6AICZ8,22,True,False,False,False,5.961005339623274,0.4536928487690504,4.334713266901133,4.45,-0.1500000000000003,329.5,11.5,1.0349013657056143,0.5681818181818182,0.6363636363636364,,,,,,,,,,,,UNMATCHED
BOD179,ChIJq5z7LcxxvhQR9JdCxeV2fjk,Lizbonia Otel Yalikavak,Yalıkavak,Bodrum,Muğla,Türkiye,Otel,,4.3,5,121,135.0,Arama anındaki fiyat snapshot'ı; tarih/oda/kişi koşullarına göre değişebilir.,"No:44, Plaj Cd., 48400 Bodrum/Muğla, Türkiye",+905464666836,,2026-08-24,https://www.google.com/maps/search/?api=1&query=Lizbonia%20Otel%20Yalikavak&query_place_id=ChIJq5z7LcxxvhQR9JdCxeV2fjk,22,True,False,True,False,4.804021044733257,0.2061328790459966,4.350443639977286,4.45,-0.1500000000000003,329.5,-194.5,0.4097116843702579,0.0909090909090909,0.2272727272727272,,,,,,,,,,,,UNMATCHED
BOD180,ChIJ6d0IfpdxvhQR0QaNuaLErhA,MGallery The Bodrum Hotel Yalıkavak,Yalıkavak,Bodrum,Muğla,Türkiye,Otel,,4.6,5,649,427.0,Arama anındaki fiyat snapshot'ı; tarih/oda/kişi koşullarına göre değişebilir.,"Yalıkavak, 91. Sk. No:6, 48990 Bodrum/Muğla, Türkiye",+902523854200,,2026-08-24,https://www.google.com/maps/search/?api=1&query=MGallery%20The%20Bodrum%20Hotel%20Yal%C4%B1kavak&query_place_id=ChIJ6d0IfpdxvhQR0QaNuaLErhA,22,True,False,True,False,6.476972362889683,0.5820627802690583,4.501175261584454,4.45,0.1499999999999994,329.5,97.5,1.295902883156297,0.7727272727272727,0.8636363636363636,,,,,,,,,,,,UNMATCHED
BOD181,ChIJs9GI1vhwvhQRSJ8c9Yq49ko,Palmalife Bodrum Resort & Spa,Yalıkavak,Bodrum,Muğla,Türkiye,Otel,,4.3,5,261,173.0,Arama anındaki fiyat snapshot'ı; tarih/oda/kişi koşullarına göre değişebilir.,"Dirmil, Şendoğan Cd. No:52, 48990 Bodrum/Muğla, Türkiye",+905322199841,,2026-08-24,https://www.google.com/maps/search/?api=1&query=Palmalife%20Bodrum%20Resort%20%26%20Spa&query_place_id=ChIJs9GI1vhwvhQRSJ8c9Yq49ko,22,True,False,True,False,5.568344503761097,0.359009628610729,4.340729596515359,4.45,-0.1500000000000003,329.5,-156.5,0.5250379362670713,0.1818181818181818,0.4090909090909091,,,,,,,,,,,,UNMATCHED
BOD182,ChIJIUX1vRlxvhQRqp5AVPOE3LI,Root Redrock Villas Yalıkavak - Bodrum,Yalıkavak,Bodrum,Muğla,Türkiye,Otel,,4.2,5,41,414.0,Arama anındaki fiyat snapshot'ı; tarih/oda/kişi koşullarına göre değişebilir.,"Yalıkavak, 94. Sk. No:7, 48990 Bodrum/Muğla, Türkiye",+905301607718,,2026-08-24,https://www.google.com/maps/search/?api=1&query=Root%20Redrock%20Villas%20Yal%C4%B1kavak%20-%20Bodrum&query_place_id=ChIJIUX1vRlxvhQRqp5AVPOE3LI,22,True,False,True,False,3.737669618283368,0.0808678500986193,4.350316403681789,4.45,-0.25,329.5,84.5,1.2564491654021244,0.7272727272727273,0.0454545454545454,,,,,,,,,,,,UNMATCHED
BOD183,ChIJbdbMkDNxvhQRjkHyqghCIqY,Ruins Luxury Resort,Yalıkavak,Bodrum,Muğla,Türkiye,Otel,,4.2,5,462,301.0,Arama anındaki fiyat snapshot'ı; tarih/oda/kişi koşullarına göre değişebilir.,"Dirmil, Tilkicik Cd. No:89, 48990 Bodrum/Muğla, Türkiye",+902523853001,,2026-08-24,https://www.google.com/maps/search/?api=1&query=Ruins%20Luxury%20Resort&query_place_id=ChIJbdbMkDNxvhQRjkHyqghCIqY,22,True,False,True,False,6.137727054086234,0.4978448275862069,4.282123293821839,4.45,-0.25,329.5,-28.5,0.91350531107739,0.4545454545454545,0.7272727272727273,,,,,,,,,,,,UNMATCHED
BOD184,ChIJ_Vp9tWtxvhQRBTTaNx7WlDI,Sea Palm Otel -YALIKAVAK,Yalıkavak,Bodrum,Muğla,Türkiye,Otel,,4.7,5,293,176.0,Arama anındaki fiyat snapshot'ı; tarih/oda/kişi koşullarına göre değişebilir.,"marina, Yalıkavak, Cumhuriyet Cd. No:9, 48990 Bodrum/Muğla, Türkiye",+905423854888,,2026-08-24,https://www.google.com/maps/search/?api=1&query=Sea%20Palm%20Otel%20-YALIKAVAK&query_place_id=ChIJ_Vp9tWtxvhQRBTTaNx7WlDI,22,True,False,True,False,5.683579767338681,0.3860342555994729,4.49342610891524,4.45,0.25,329.5,-153.5,0.5341426403641881,0.2272727272727272,0.5,,,,,,,,,,,,UNMATCHED
BOD185,ChIJBTztm0hxvhQRpOVHx_pTXWQ,Sezz Hotels Spa Wellness Yalıkavak,Yalıkavak,Bodrum,Muğla,Türkiye,Otel,,4.9,5,114,485.0,Arama anındaki fiyat snapshot'ı; tarih/oda/kişi koşullarına göre değişebilir.,"Yalıkavak, 6844 Sk No 23, 48990 Bodrum/Muğla, Türkiye",+905338184822,,2026-08-24,https://www.google.com/maps/search/?api=1&query=Sezz%20Hotels%20Spa%20Wellness%20Yal%C4%B1kavak&query_place_id=ChIJBTztm0hxvhQRpOVHx_pTXWQ,22,True,False,True,False,4.74493212836325,0.196551724137931,4.468983477011494,4.45,0.4500000000000002,329.5,155.5,1.471927162367223,0.8636363636363636,0.1818181818181818,,,,,,,,,,,,UNMATCHED
BOD186,ChIJ18lqtxJ0vhQRqcNO73L6RPs,Sirene Luxury Hotel Bodrum,Yalıkavak,Bodrum,Muğla,Türkiye,Otel,,4.3,5,673,388.0,Arama anındaki fiyat snapshot'ı; tarih/oda/kişi koşullarına göre değişebilir.,"Geriş Mahallesi Erdemil Caddesi No:80/A-1 Yalıkavak, 48990 Bodrum/Muğla, Türkiye",+902523112525,,2026-08-24,https://www.google.com/maps/search/?api=1&query=Sirene%20Luxury%20Hotel%20Bodrum&query_place_id=ChIJ18lqtxJ0vhQRqcNO73L6RPs,22,True,False,True,False,6.513230110912307,0.5908691834942933,4.325996853965466,4.45,-0.1500000000000003,329.5,58.5,1.1775417298937785,0.6818181818181818,0.9090909090909092,OFFBOD041,SİRENE LUXURY BODRUM,5 YILDIZLI OTEL,5.0,109.0,290.0,0252 311 2525,Yalıkavak,0.95,phone_exact,https://mugla.ktb.gov.tr/Eklenti/102365%2Cisletme-belgeli-tesisler--agustospdf.pdf?0=,MATCHED_HIGH_CONFIDENCE
BOD187,ChIJi8QGvFtxvhQRzIMdOTRZIBE,Spektr Boutique Hotel Yalikavak,Yalıkavak,Bodrum,Muğla,Türkiye,Otel,,4.5,5,330,209.0,Arama anındaki fiyat snapshot'ı; tarih/oda/kişi koşullarına göre değişebilir.,"Geriş Mah, Geriş, 6026. Sokak NO:5/A B-C-D, 48990 Bodrum/Muğla, Türkiye",+905422381848,,2026-08-24,https://www.google.com/maps/search/?api=1&query=Spektr%20Boutique%20Hotel%20Yalikavak&query_place_id=ChIJi8QGvFtxvhQRzIMdOTRZIBE,22,True,False,True,False,5.802118375377063,0.414572864321608,4.42011358877722,4.45,0.0499999999999998,329.5,-120.5,0.6342943854324734,0.3636363636363636,0.5909090909090909,,,,,,,,,,,,UNMATCHED
BOD188,ChIJ_2z-SKNtvhQR0aTUt1j8QJk,Tangiers Hotel Yalıkavak,Yalıkavak,Bodrum,Muğla,Türkiye,Otel,,4.1,5,85,196.0,Arama anındaki fiyat snapshot'ı; tarih/oda/kişi koşullarına göre değişebilir.,"Yalıkavak, Çarşı Cd. No:42, 48990 Bodrum/Muğla, Türkiye",+902522771266,,2026-08-24,https://www.google.com/maps/search/?api=1&query=Tangiers%20Hotel%20Yal%C4%B1kavak&query_place_id=ChIJ_2z-SKNtvhQR0aTUt1j8QJk,22,True,False,True,False,4.454347296253507,0.1542649727767695,4.322886418632788,4.45,-0.3500000000000005,329.5,-133.5,0.5948406676783005,0.2727272727272727,0.1363636363636363,,,,,,,,,,,,UNMATCHED
BOD189,ChIJzZ-AXwhxvhQRIcUswS4ooeI,The Bodrum EDITION,Yalıkavak,Bodrum,Muğla,Türkiye,Otel,,4.4,5,1016,841.0,Arama anındaki fiyat snapshot'ı; tarih/oda/kişi koşullarına göre değişebilir.,"Dirmil, Balyek Cd. No 5A, 48400 Bodrum/Muğla, Türkiye",+902523113131,,2026-08-24,https://www.google.com/maps/search/?api=1&query=The%20Bodrum%20EDITION&query_place_id=ChIJzZ-AXwhxvhQRIcUswS4ooeI,22,True,False,True,False,6.92461239604856,0.6855600539811066,4.388536043634728,4.45,-0.0499999999999998,329.5,511.5,2.5523520485584217,1.0,0.9545454545454546,OFFBOD045,THE BODRUM EDITION,5 YILDIZLI OTEL,5.0,108.0,224.0,0507 811 2122,Yalıkavak,0.8,name_exact,https://mugla.ktb.gov.tr/Eklenti/102365%2Cisletme-belgeli-tesisler--agustospdf.pdf?0=,MATCHED_HIGH_CONFIDENCE
BOD190,ChIJ3Z4rPURxvhQRecoeZJ3euTg,The Sign Highlight Hotel,Yalıkavak,Bodrum,Muğla,Türkiye,Otel,,4.3,5,125,289.0,Arama anındaki fiyat snapshot'ı; tarih/oda/kişi koşullarına göre değişebilir.,"Merkez Mah, Tilkicik Cd. No:182 Sk No:3, 48990 Bodrum/Muğla, Türkiye",+902526111010,,2026-08-24,https://www.google.com/maps/search/?api=1&query=The%20Sign%20Highlight%20Hotel&query_place_id=ChIJ3Z4rPURxvhQRecoeZJ3euTg,22,True,False,True,False,4.836281906951478,0.2115059221658206,4.35010222786238,4.45,-0.1500000000000003,329.5,-40.5,0.8770864946889226,0.4090909090909091,0.2727272727272727,,,,,,,,,,,,UNMATCHED
BOD191,ChIJ7QtqF35xvhQRhO2gdmiBD64,Yalıkavak Marina Hotel by METT Collection,Yalıkavak,Bodrum,Muğla,Türkiye,Otel,,4.8,5,267,832.0,Arama anındaki fiyat snapshot'ı; tarih/oda/kişi koşullarına göre değişebilir.,"Merkez Mah, Yalıkavak, Çökertme Cd., 48990 Bodrum/Muğla, Türkiye",+902529700060,,2026-08-24,https://www.google.com/maps/search/?api=1&query=Yal%C4%B1kavak%20Marina%20Hotel%20by%20METT%20Collection&query_place_id=ChIJ7QtqF35xvhQRhO2gdmiBD64,22,True,False,True,False,5.5909869805108565,0.364256480218281,4.522524442928604,4.45,0.3499999999999996,329.5,502.5,2.525037936267071,0.9545454545454546,0.4545454545454545,,,,,,,,,,,,UNMATCHED
BOD192,ChIJSQqN3GlxvhQRvBpAaSr4tEo,Yalıpark Beach Hotel,Yalıkavak,Bodrum,Muğla,Türkiye,Otel,,4.3,5,647,128.0,Arama anındaki fiyat snapshot'ı; tarih/oda/kişi koşullarına göre değişebilir.,"Yalıkavak, Plaj Cd. NO:20/B, 48400 Bodrum/Muğla, Türkiye",+902523131111,,2026-08-24,https://www.google.com/maps/search/?api=1&query=Yal%C4%B1park%20Beach%20Hotel&query_place_id=ChIJSQqN3GlxvhQRvBpAaSr4tEo,22,True,False,True,False,6.473890696352274,0.5813117699910153,4.326604147948488,4.45,-0.1500000000000003,329.5,-201.5,0.3884673748103187,0.0454545454545454,0.8181818181818182,,,,,,,,,,,,UNMATCHED
