complaint_id,complaint_url,canonical_complaint_url,hotel_id,hotel_name,area,sikayetvar_company_name,complaint_id.1,complaint_url.1,complaint_title,complaint_text,complaint_date_raw,view_count,support_count,category,product_name,company_response_exists,company_response_date,company_response_text,progress_exists,progress_date,progress_text,user_reply_count,first_user_reply_date,first_user_reply_text,entity_match_status,entity_match_score,entity_match_reason,source_page,collected_at,complaint_title_clean,complaint_text_clean,company_response_text_clean,progress_text_clean,complaint_char_count,complaint_word_count,title_char_count,title_word_count,company_response_char_count,company_response_word_count,progress_char_count,progress_word_count,complaint_text_missing_flag,complaint_title_missing_flag,complaint_text_very_short_flag,missing_text_flag,missing_title_flag,very_short_text_flag,complaint_text_possible_boilerplate_flag,complaint_text_html_artifact_flag,complaint_text_encoding_artifact_flag,collected_at_parsed,complaint_date,complaint_date_is_approximate,complaint_date_pattern,complaint_date_parse_failed_flag,date_parse_failed_flag,date_is_approximate_flag,complaint_date_future_flag,complaint_year,complaint_month,complaint_year_month,company_response_date_parsed,progress_date_parsed,view_count_numeric,support_count_numeric,user_reply_count_numeric,view_count_parse_failed_flag,company_response_exists_clean,progress_exists_clean,potential_pii_flag,potential_duplicate_flag,possible_duplicate_flag,hotel_name_master,area_master,google_rating,google_review_count,official_star_rating_verified,official_room_count,official_bed_count,search_price_usd_snapshot,hotel_name_mismatch_flag,area_mismatch_flag,hotel_metadata_mismatch_flag,reply_count_total_derived,reply_count_company_derived,reply_count_user_derived,reply_count_unknown_derived,first_reply_date,last_reply_date,company_reply_exists_derived,user_reply_count_mismatch_flag,company_response_mismatch_flag
arin-resort-bodrum-memnuniyetsizligi,https://www.sikayetvar.com/arin-resort-bodrum/arin-resort-bodrum-memnuniyetsizligi,https://www.sikayetvar.com/arin-resort-bodrum/arin-resort-bodrum-memnuniyetsizligi,BOD158,Arin Resort Bodrum,Turgutreis,Arin Resort Bodrum,arin-resort-bodrum-memnuniyetsizligi,https://www.sikayetvar.com/arin-resort-bodrum/arin-resort-bodrum-memnuniyetsizligi,Memnuniyetsizliği,"Balayı için geldiğimiz bu otelde ilk günden büyük olumsuzluklar yaşadık havanın 40 derece olduğu günde odamızın kliması çalışmıyordu bu konuyu resepsiyona ilettiğimizde teknik ekip yönlendirildi odaya gelip baktı sıcaktan odada duramadı şuan için yapılabilecek bir şey yok dedi gitti 4 saat boyunca konuya çözüm bulamadılar bütün günümüz zehir oldu üzerine odaya vantilatör gönderdiler gerçekten şaka gibi geceyi klimasız geçirdik sabah kalktığınızda bu defa banyoda üzerimize yukarıdan su damlıyordu hepsini ekte videoya aldım ertesi gün oda değişikliği için 1 katta farklı bir odaya aldılar ancak yaşadığımız zaman kaybı ve olumsuzluklar için 1 gün fazladan konaklama çözümü sunacaklarını düşünürken bu da olmadı sadece alakart restoran da 1 akşam yemeği olarak davetiye göndermişler balayımız için gerçekten çok kötü bir tercih oldu, bu arada otelde yeme içme ve barda çalışan personeller çok ilgili alakalı onlara diyecek bir sözüm yok ama yaşadığımız sorunla alakalı kişiler yavaş ve ilgisiz müşteri memnuniyetinden uzaklar.",27 Haziran 2025 11:39,878,,,,False,,,False,,,0,,,COMPLAINT_MATCHED,,Dedicated single-property source page,https://www.sikayetvar.com/arin-resort-bodrum,2026-08-25T12:58:29.219502+00:00,Memnuniyetsizliği,"Balayı için geldiğimiz bu otelde ilk günden büyük olumsuzluklar yaşadık havanın 40 derece olduğu günde odamızın kliması çalışmıyordu bu konuyu resepsiyona ilettiğimizde teknik ekip yönlendirildi odaya gelip baktı sıcaktan odada duramadı şuan için yapılabilecek bir şey yok dedi gitti 4 saat boyunca konuya çözüm bulamadılar bütün günümüz zehir oldu üzerine odaya vantilatör gönderdiler gerçekten şaka gibi geceyi klimasız geçirdik sabah kalktığınızda bu defa banyoda üzerimize yukarıdan su damlıyordu hepsini ekte videoya aldım ertesi gün oda değişikliği için 1 katta farklı bir odaya aldılar ancak yaşadığımız zaman kaybı ve olumsuzluklar için 1 gün fazladan konaklama çözümü sunacaklarını düşünürken bu da olmadı sadece alakart restoran da 1 akşam yemeği olarak davetiye göndermişler balayımız için gerçekten çok kötü bir tercih oldu, bu arada otelde yeme içme ve barda çalışan personeller çok ilgili alakalı onlara diyecek bir sözüm yok ama yaşadığımız sorunla alakalı kişiler yavaş ve ilgisiz müşteri memnuniyetinden uzaklar.",,,1029,146,17,1,,,,,False,False,False,False,False,False,False,False,False,2026-08-25 12:58:29.219502,2025-06-27 11:39:00,False,DAY_MONTH_YEAR_TIME,False,False,False,False,2025,6,2025-06,,,878,,0,False,False,False,False,False,False,Arin Resort Bodrum,Turgutreis,4.6,1691,,,,,False,False,False,0,0,0,0,,,False,False,False
plaj-yaniltmasi-ve-guvenlik-endisesi-nedeniyle-tam-iptal-ve-80126-tl-iade-talebi,https://www.sikayetvar.com/azure-by-yelken-hotel/plaj-yaniltmasi-ve-guvenlik-endisesi-nedeniyle-tam-iptal-ve-80126-tl-iade-talebi,https://www.sikayetvar.com/azure-by-yelken-hotel/plaj-yaniltmasi-ve-guvenlik-endisesi-nedeniyle-tam-iptal-ve-80126-tl-iade-talebi,BOD112,Azure By Yelken Hotel,Kadıkalesi,Azure by Yelken Hotel,plaj-yaniltmasi-ve-guvenlik-endisesi-nedeniyle-tam-iptal-ve-80126-tl-iade-talebi,https://www.sikayetvar.com/azure-by-yelken-hotel/plaj-yaniltmasi-ve-guvenlik-endisesi-nedeniyle-tam-iptal-ve-80126-tl-iade-talebi,Plaj Yanıltması Ve Güvenlik Endişesi Nedeniyle Tam İptal Ve 80.126 TL İade Talebi,"Tatilbudur üzerinden 5609***63 numaralı rezervasyonla Azure By Yelken Hotel’de 4 gecelik konaklama satın aldım. Ancak otele gittiğimizde, odaya hiç giriş yapmadan önce tesisi ve plajı görmek istedik.
Tatilbudur’ın tanıtımında plaj “kum plaj” olarak belirtilmesine rağmen, yerinde gördüğümüz plajın çakıl/taşlı olduğunu gördük. Ayrıca tesise herhangi bir güvenlik kontrolü olmadan girip ortak alanlara ve denize kadar ulaşabildik. Özellikle çocuklu bir aile olarak bu durum bizde ciddi bir güvenlik endişesi oluşturdu. Tesisin genel işleyişi, müşteri ilgisi ve hizmet kalitesi de beklentimizin oldukça altındaydı. Aynı şekilde farklı platformlarda, yakın tarihli misafirlerin personel ilgisizliği, teknik sorunlar ve taşlı deniz konusunda benzer şikayetlerinin olduğunu da sonradan gördük.
Aynı gün ailemizden gelen acil bir sağlık durumu nedeniyle tatilimizi sürdürmemiz de mümkün olmadı. Bu nedenle odaya hiç girmeden ve otelin hiçbir konaklama hizmetinden yararlanmadan tesisten ayrıldık.
Tatilbudur’dan rezervasyonun tamamen iptal edilmesini ve kullanılmayan 4 gecelik, toplam 80.126 TL’lik ödemenin iadesini talep ettim. Ancak aldığım yaklaşım “yapacak bir şey yok” şeklinde, çözüm odaklı olmaktan çok uzaktı. Beni asıl hayal kırıklığına uğratan da bu oldu. Tatilbudur’u kurumsal ve güvenilir olduğu için tercih ettik, satışını yaptığı tesisin arkasında durmasını ve müşterisinin yaşadığı mağduriyete çözüm üretmesini beklerdik. Ancak bu süreçte güvenimizin boşa çıktığını hissettik.
Talebim çok net: Konaklamaya hiç başlamadığımız 4 gecelik rezervasyonun tamamen iptal edilmesini ve 80.126 TL tutarındaki ücretimizin iade edilmesini istiyorum. Tatilbudur’ın müşteri memnuniyetine ve satış sonrası desteğine olan güvenimiz bu süreçte ciddi şekilde sarsılmıştır.",24 Ağustos 14:01,,,,,False,,,False,,,0,,,COMPLAINT_MATCHED,,Dedicated single-property source page,https://www.sikayetvar.com/azure-by-yelken-hotel,2026-08-25T12:58:29.219502+00:00,Plaj Yanıltması Ve Güvenlik Endişesi Nedeniyle Tam İptal Ve 80.126 TL İade Talebi,"Tatilbudur üzerinden 5609***63 numaralı rezervasyonla Azure By Yelken Hotel’de 4 gecelik konaklama satın aldım. Ancak otele gittiğimizde, odaya hiç giriş yapmadan önce tesisi ve plajı görmek istedik. Tatilbudur’ın tanıtımında plaj “kum plaj” olarak belirtilmesine rağmen, yerinde gördüğümüz plajın çakıl/taşlı olduğunu gördük. Ayrıca tesise herhangi bir güvenlik kontrolü olmadan girip ortak alanlara ve denize kadar ulaşabildik. Özellikle çocuklu bir aile olarak bu durum bizde ciddi bir güvenlik endişesi oluşturdu. Tesisin genel işleyişi, müşteri ilgisi ve hizmet kalitesi de beklentimizin oldukça altındaydı. Aynı şekilde farklı platformlarda, yakın tarihli misafirlerin personel ilgisizliği, teknik sorunlar ve taşlı deniz konusunda benzer şikayetlerinin olduğunu da sonradan gördük. Aynı gün ailemizden gelen acil bir sağlık durumu nedeniyle tatilimizi sürdürmemiz de mümkün olmadı. Bu nedenle odaya hiç girmeden ve otelin hiçbir konaklama hizmetinden yararlanmadan tesisten ayrıldık. Tatilbudur’dan rezervasyonun tamamen iptal edilmesini ve kullanılmayan 4 gecelik, toplam 80.126 TL’lik ödemenin iadesini talep ettim. Ancak aldığım yaklaşım “yapacak bir şey yok” şeklinde, çözüm odaklı olmaktan çok uzaktı. Beni asıl hayal kırıklığına uğratan da bu oldu. Tatilbudur’u kurumsal ve güvenilir olduğu için tercih ettik, satışını yaptığı tesisin arkasında durmasını ve müşterisinin yaşadığı mağduriyete çözüm üretmesini beklerdik. Ancak bu süreçte güvenimizin boşa çıktığını hissettik. Talebim çok net: Konaklamaya hiç başlamadığımız 4 gecelik rezervasyonun tamamen iptal edilmesini ve 80.126 TL tutarındaki ücretimizin iade edilmesini istiyorum. Tatilbudur’ın müşteri memnuniyetine ve satış sonrası desteğine olan güvenimiz bu süreçte ciddi şekilde sarsılmıştır.",,,1765,226,81,13,,,,,False,False,False,False,False,False,False,False,False,2026-08-25 12:58:29.219502,2026-08-24 14:01:00,True,DAY_MONTH_TIME_NO_YEAR,False,False,True,False,2026,8,2026-08,,,,,0,False,False,False,False,False,False,Azure By Yelken Hotel,Kadıkalesi,4.4,565,,,,962.0,False,False,False,0,0,0,0,,,False,False,False
soz-verilen-2500-tl-kampanya-odulu-alinmadi-ve-yaniltici-bilgilendirme,https://www.sikayetvar.com/azure-by-yelken-hotel/soz-verilen-2500-tl-kampanya-odulu-alinmadi-ve-yaniltici-bilgilendirme,https://www.sikayetvar.com/azure-by-yelken-hotel/soz-verilen-2500-tl-kampanya-odulu-alinmadi-ve-yaniltici-bilgilendirme,BOD112,Azure By Yelken Hotel,Kadıkalesi,Azure by Yelken Hotel,soz-verilen-2500-tl-kampanya-odulu-alinmadi-ve-yaniltici-bilgilendirme,https://www.sikayetvar.com/azure-by-yelken-hotel/soz-verilen-2500-tl-kampanya-odulu-alinmadi-ve-yaniltici-bilgilendirme,Söz Verilen 2500 TL Kampanya Ödülü Alınmadı Ve Yanıltıcı Bilgilendirme,"Tatilbudur internet sitesi üzerinden 5407***46 numaralı rezervasyonumu, özellikle sunulan 2.500 TL kampanya ödülünden yararlanmak için satın aldım. Bu rezervasyon kapsamında 31.07.2026 – 03.08.2026 tarihleri arasında Azure By Yelken Hotel’de konakladım.
Konaklamam sırasında Tatilbudur çalışanı olduğunu belirten H****** isimli görevliye kampanya ödülünü özellikle sordum. Kendisi, ödülün otel çıkışı sonrasında tarafıma yükleneceğini açıkça ifade etti. Daha sonra Tatilbudur müşteri hizmetlerini aradığımda ise bu kez ödemenin 07.08.2026 tarihinde banka tarafından toplu olarak yapılacağı bilgisi verildi.
Ancak 07.08.2026 tarihinde hesabıma herhangi bir kampanya ödemesi yapılmadı. Tekrar müşteri hizmetlerini aradığımda bu kez SMS ile kampanyaya katılım sağlamadığım gerekçesiyle ödülün tarafıma verilmeyeceği söylendi. Bu açıklama, daha önce Tatilbudur çalışanı ve müşteri hizmetleri tarafından tarafıma verilen açık ve net bilgilerle tamamen çelişmektedir. Kampanyaya ilişkin bu değişen ve tutarsız bilgilendirmeler sonucunda mağdur edildiğimi düşünüyorum.
Tüm bu süreç sonunda, bana baştan itibaren söz verildiği şekilde 2.500 TL kampanya ödülümün eksiksiz olarak ödenmesini ve yanlış yönlendirme nedeniyle tarafıma kurumsal bir özür iletilmesini talep ediyorum.",12 Ağustos 20:04,114,,,,False,,,False,,,0,,,COMPLAINT_MATCHED,,Dedicated single-property source page,https://www.sikayetvar.com/azure-by-yelken-hotel,2026-08-25T12:58:29.219502+00:00,Söz Verilen 2500 TL Kampanya Ödülü Alınmadı Ve Yanıltıcı Bilgilendirme,"Tatilbudur internet sitesi üzerinden 5407***46 numaralı rezervasyonumu, özellikle sunulan 2.500 TL kampanya ödülünden yararlanmak için satın aldım. Bu rezervasyon kapsamında 31.07.2026 – 03.08.2026 tarihleri arasında Azure By Yelken Hotel’de konakladım. Konaklamam sırasında Tatilbudur çalışanı olduğunu belirten H****** isimli görevliye kampanya ödülünü özellikle sordum. Kendisi, ödülün otel çıkışı sonrasında tarafıma yükleneceğini açıkça ifade etti. Daha sonra Tatilbudur müşteri hizmetlerini aradığımda ise bu kez ödemenin 07.08.2026 tarihinde banka tarafından toplu olarak yapılacağı bilgisi verildi. Ancak 07.08.2026 tarihinde hesabıma herhangi bir kampanya ödemesi yapılmadı. Tekrar müşteri hizmetlerini aradığımda bu kez SMS ile kampanyaya katılım sağlamadığım gerekçesiyle ödülün tarafıma verilmeyeceği söylendi. Bu açıklama, daha önce Tatilbudur çalışanı ve müşteri hizmetleri tarafından tarafıma verilen açık ve net bilgilerle tamamen çelişmektedir. Kampanyaya ilişkin bu değişen ve tutarsız bilgilendirmeler sonucunda mağdur edildiğimi düşünüyorum. Tüm bu süreç sonunda, bana baştan itibaren söz verildiği şekilde 2.500 TL kampanya ödülümün eksiksiz olarak ödenmesini ve yanlış yönlendirme nedeniyle tarafıma kurumsal bir özür iletilmesini talep ediyorum.",,,1268,154,70,10,,,,,False,False,False,False,False,False,False,False,False,2026-08-25 12:58:29.219502,2026-08-12 20:04:00,True,DAY_MONTH_TIME_NO_YEAR,False,False,True,False,2026,8,2026-08,,,114,,0,False,False,False,True,False,False,Azure By Yelken Hotel,Kadıkalesi,4.4,565,,,,962.0,False,False,False,0,0,0,0,,,False,False,False
azure-by-yelken-otelinde-temizlik-ve-hizmet-sorunlari-iade-talebi,https://www.sikayetvar.com/azure-by-yelken-hotel/azure-by-yelken-otelinde-temizlik-ve-hizmet-sorunlari-iade-talebi,https://www.sikayetvar.com/azure-by-yelken-hotel/azure-by-yelken-otelinde-temizlik-ve-hizmet-sorunlari-iade-talebi,BOD112,Azure By Yelken Hotel,Kadıkalesi,Azure by Yelken Hotel,azure-by-yelken-otelinde-temizlik-ve-hizmet-sorunlari-iade-talebi,https://www.sikayetvar.com/azure-by-yelken-hotel/azure-by-yelken-otelinde-temizlik-ve-hizmet-sorunlari-iade-talebi,Azure By Yelken Otelinde Temizlik Ve Hizmet Sorunları İade Talebi,"Temmuz ayının 20’si ile 27’si arasında Azure By Yelken otelde konakladık ve ödediğimiz ücreti kesinlikle hak etmeyen bir hizmetle karşılaştık. Bize anlatılan ve fotoğraflarda gösterilen otel ile kapıdan girdiğimizde gördüğümüz yer arasında büyük fark vardı.
Odamızda ve otelin genelinde temizlik ciddi anlamda yetersizdi. Çarşaflarımızı değiştirtmek için defalarca söylemek zorunda kaldık ve ancak üç günde bir zorla değiştirildi. Odalarda damlama sorunu vardı ve bu durum hem konforumuzu hem de hijyen hissimizi tamamen bozdu. Bebek barı var denilmesine rağmen içerik son derece yetersizdi, neredeyse sadece cici bebeyle karşılaştık.
Yemeklerde çeşit son derece azdı, neredeyse her gün tavuk ve hindiden ibaret bir menüyle karşılaştık. Sunulan yemeklerin kokusu ise tarif edilemeyecek kadar rahatsız ediciydi, ne iştah bırakıyordu ne de kendimizi hijyenik bir ortamda hissettik. Disko var denmesine rağmen böyle bir olanakla da karşılaşmadık.
Tüm bu sorunları otel yetkilisine de ilettik ancak herhangi bir ilgi, çözüm çabası ya da umursama görmedik. Eşimle birlikte tatilin bitip bu otelden kurtulacağımız günü resmen iple çektik. Küçük bir tatil kaçamağı olarak planladığımız bu süreç tam bir pişmanlığa dönüştü.
Yaşadığımız bu olumsuzluklar ve verilen sözlerin yerine getirilmemesi nedeniyle ödediğimiz ücretin iadesini talep ediyorum ve benzer mağduriyetlerin yaşanmaması için gerekli incelemenin yapılarak önlem alınmasını istiyorum.",29 Temmuz 02:59,375,,,,False,,,False,,,0,,,COMPLAINT_MATCHED,,Dedicated single-property source page,https://www.sikayetvar.com/azure-by-yelken-hotel,2026-08-25T12:58:29.219502+00:00,Azure By Yelken Otelinde Temizlik Ve Hizmet Sorunları İade Talebi,"Temmuz ayının 20’si ile 27’si arasında Azure By Yelken otelde konakladık ve ödediğimiz ücreti kesinlikle hak etmeyen bir hizmetle karşılaştık. Bize anlatılan ve fotoğraflarda gösterilen otel ile kapıdan girdiğimizde gördüğümüz yer arasında büyük fark vardı. Odamızda ve otelin genelinde temizlik ciddi anlamda yetersizdi. Çarşaflarımızı değiştirtmek için defalarca söylemek zorunda kaldık ve ancak üç günde bir zorla değiştirildi. Odalarda damlama sorunu vardı ve bu durum hem konforumuzu hem de hijyen hissimizi tamamen bozdu. Bebek barı var denilmesine rağmen içerik son derece yetersizdi, neredeyse sadece cici bebeyle karşılaştık. Yemeklerde çeşit son derece azdı, neredeyse her gün tavuk ve hindiden ibaret bir menüyle karşılaştık. Sunulan yemeklerin kokusu ise tarif edilemeyecek kadar rahatsız ediciydi, ne iştah bırakıyordu ne de kendimizi hijyenik bir ortamda hissettik. Disko var denmesine rağmen böyle bir olanakla da karşılaşmadık. Tüm bu sorunları otel yetkilisine de ilettik ancak herhangi bir ilgi, çözüm çabası ya da umursama görmedik. Eşimle birlikte tatilin bitip bu otelden kurtulacağımız günü resmen iple çektik. Küçük bir tatil kaçamağı olarak planladığımız bu süreç tam bir pişmanlığa dönüştü. Yaşadığımız bu olumsuzluklar ve verilen sözlerin yerine getirilmemesi nedeniyle ödediğimiz ücretin iadesini talep ediyorum ve benzer mağduriyetlerin yaşanmaması için gerekli incelemenin yapılarak önlem alınmasını istiyorum.",,,1439,194,65,10,,,,,False,False,False,False,False,False,False,False,False,2026-08-25 12:58:29.219502,2026-07-29 02:59:00,True,DAY_MONTH_TIME_NO_YEAR,False,False,True,False,2026,7,2026-07,,,375,,0,False,False,False,False,False,False,Azure By Yelken Hotel,Kadıkalesi,4.4,565,,,,962.0,False,False,False,0,0,0,0,,,False,False,False
ultra-her-sey-dahil-konseptinde-lobi-bar-ve-snack-bar-kapanmasi-ve-hamburger-ekmek-eksikligi-nedeniyle-ucret-iadesi-talebi,https://www.sikayetvar.com/azure-by-yelken-hotel/ultra-her-sey-dahil-konseptinde-lobi-bar-ve-snack-bar-kapanmasi-ve-hamburger-ekmek-eksikligi-nedeniyle-ucret-iadesi-talebi,https://www.sikayetvar.com/azure-by-yelken-hotel/ultra-her-sey-dahil-konseptinde-lobi-bar-ve-snack-bar-kapanmasi-ve-hamburger-ekmek-eksikligi-nedeniyle-ucret-iadesi-talebi,BOD112,Azure By Yelken Hotel,Kadıkalesi,Azure by Yelken Hotel,ultra-her-sey-dahil-konseptinde-lobi-bar-ve-snack-bar-kapanmasi-ve-hamburger-ekmek-eksikligi-nedeniyle-ucret-iadesi-talebi,https://www.sikayetvar.com/azure-by-yelken-hotel/ultra-her-sey-dahil-konseptinde-lobi-bar-ve-snack-bar-kapanmasi-ve-hamburger-ekmek-eksikligi-nedeniyle-ucret-iadesi-talebi,Ultra Her Şey Dahil Konseptinde Lobi Bar Ve Snack Bar Kapanması Ve Hamburger Ekmek Eksikliği Nedeniyle Ücret İadesi Talebi,"03–07 Temmuz 2026 tarihleri arasında Azure by Yelken Bodrum’da, 5 yıldız ve Ultra her şey dahil konseptiyle konakladım. Ancak konsept ile sunulan hizmet arasında ciddi bir uçurum olduğunu yaşadığım deneyimle gördüm. Otelde lobi barın saat 00:00’da kapanması, bugüne kadar hiçbir tesiste karşılaşmadığım bir uygulama oldu. 1 yıldızlı otelde bile lobi bar kapanmazken, 5 yıldız ve Ultra her şey dahil denilen bir otelde lobi barın bu kadar erken kapanması bana göre tamamen yanlış bir uygulama.
Gece boyunca açık olan tek alanın snack bar olduğunu söylediler. Saat 00:45 civarında snack barda hamburger yemek istedik, fakat bize hamburger ekmeğinin kalmadığı söylendi. Ultra her şey dahil denilen ve sabaha kadar açık olduğu belirtilen snack barda ekmek dahi bulunmaması, verilen hizmetin ciddiyetsizliğini açıkça gösteriyor. Sabaha kadar açık denilen yer için bekledik, ancak ne düzgün yiyecek ne de konsepti karşılayan bir hizmet alabildik. Buna karşılık lobinin kapalı olması sebebiyle, ödediğimiz ücrete karşılık en azından düzgün bir içecek hizmetinden bile faydalanamadık; snack bardaki alkoller de sınırlıydı.
Bu otele 74.000 TL ödeyerek geldim. Bu kadar para ödememe rağmen, gece saatinde basit bir hamburger bile yiyemiyorsam, bu konseptin “Ultra her şey dahil” olarak pazarlanmasını kesinlikle doğru bulmuyorum. Verilen ücretin karşılığını alamadığımı düşünüyorum ve bu nedenle konaklama bedelimin iadesini talep ediyorum. Bu yaşadığım tecrübenin ilk ve son olmasını, hem benim mağduriyetimin giderilmesini hem de başka misafirlerin aynı sorunları yaşamaması için gerekli düzenlemelerin yapılmasını istiyorum.",4 Temmuz 01:31,660,,,,False,,,False,,,0,,,COMPLAINT_MATCHED,,Dedicated single-property source page,https://www.sikayetvar.com/azure-by-yelken-hotel,2026-08-25T12:58:29.219502+00:00,Ultra Her Şey Dahil Konseptinde Lobi Bar Ve Snack Bar Kapanması Ve Hamburger Ekmek Eksikliği Nedeniyle Ücret İadesi Talebi,"03–07 Temmuz 2026 tarihleri arasında Azure by Yelken Bodrum’da, 5 yıldız ve Ultra her şey dahil konseptiyle konakladım. Ancak konsept ile sunulan hizmet arasında ciddi bir uçurum olduğunu yaşadığım deneyimle gördüm. Otelde lobi barın saat 00:00’da kapanması, bugüne kadar hiçbir tesiste karşılaşmadığım bir uygulama oldu. 1 yıldızlı otelde bile lobi bar kapanmazken, 5 yıldız ve Ultra her şey dahil denilen bir otelde lobi barın bu kadar erken kapanması bana göre tamamen yanlış bir uygulama. Gece boyunca açık olan tek alanın snack bar olduğunu söylediler. Saat 00:45 civarında snack barda hamburger yemek istedik, fakat bize hamburger ekmeğinin kalmadığı söylendi. Ultra her şey dahil denilen ve sabaha kadar açık olduğu belirtilen snack barda ekmek dahi bulunmaması, verilen hizmetin ciddiyetsizliğini açıkça gösteriyor. Sabaha kadar açık denilen yer için bekledik, ancak ne düzgün yiyecek ne de konsepti karşılayan bir hizmet alabildik. Buna karşılık lobinin kapalı olması sebebiyle, ödediğimiz ücrete karşılık en azından düzgün bir içecek hizmetinden bile faydalanamadık; snack bardaki alkoller de sınırlıydı. Bu otele 74.000 TL ödeyerek geldim. Bu kadar para ödememe rağmen, gece saatinde basit bir hamburger bile yiyemiyorsam, bu konseptin “Ultra her şey dahil” olarak pazarlanmasını kesinlikle doğru bulmuyorum. Verilen ücretin karşılığını alamadığımı düşünüyorum ve bu nedenle konaklama bedelimin iadesini talep ediyorum. Bu yaşadığım tecrübenin ilk ve son olmasını, hem benim mağduriyetimin giderilmesini hem de başka misafirlerin aynı sorunları yaşamaması için gerekli düzenlemelerin yapılmasını istiyorum.",,,1617,224,122,19,,,,,False,False,False,False,False,False,False,False,False,2026-08-25 12:58:29.219502,2026-07-04 01:31:00,True,DAY_MONTH_TIME_NO_YEAR,False,False,True,False,2026,7,2026-07,,,660,,0,False,False,False,False,False,False,Azure By Yelken Hotel,Kadıkalesi,4.4,565,,,,962.0,False,False,False,0,0,0,0,,,False,False,False
yetersiz-yemek-ve-icecek-sikici-aksam-etkinlikleriyle-hayal-kirikligi,https://www.sikayetvar.com/azure-by-yelken-hotel/yetersiz-yemek-ve-icecek-sikici-aksam-etkinlikleriyle-hayal-kirikligi,https://www.sikayetvar.com/azure-by-yelken-hotel/yetersiz-yemek-ve-icecek-sikici-aksam-etkinlikleriyle-hayal-kirikligi,BOD112,Azure By Yelken Hotel,Kadıkalesi,Azure by Yelken Hotel,yetersiz-yemek-ve-icecek-sikici-aksam-etkinlikleriyle-hayal-kirikligi,https://www.sikayetvar.com/azure-by-yelken-hotel/yetersiz-yemek-ve-icecek-sikici-aksam-etkinlikleriyle-hayal-kirikligi,"Yetersiz Yemek Ve İçecek, Sıkıcı Akşam Etkinlikleriyle Hayal Kırıklığı","Bodrum Turgutreis’te bulunan Azure By Yelken Otel’de şu an Ultra her şey dahil konaklıyoruz. Pazartesi günü giriş yaptık, cuma günü çıkış yapacağız ancak otelden genel olarak memnun kalmadık.
Öncelikle yemeklerin kalitesinden ciddi şekilde şikayetçiyiz. Sunulan yemekler lezzetsiz ve beklentimizi hiç karşılamıyor. Ultra her şey dahil konseptine ve otelin kendini konumlandırdığı seviyeye göre çok daha iyi ve özenli bir mutfak beklerken, yemeklerin bu kadar kötü olması bizi hayal kırıklığına uğrattı.
İçecek konusunda da ciddi sorunlar var. Ultra her şey dahil bir otelde beklediğimiz içecek çeşitliliğini bulamıyoruz, seçenekler çok kısıtlı ve sunulan içeceklerin tadı da oldukça kötü. İçki dışındaki içeceklerde de kalite düşük, bu da aldığımız hizmetin konseptle hiç uyuşmadığını gösteriyor.
Akşamları yapılan etkinlikler de son derece yetersiz ve vasat. Eğlence, müzik ve animasyon anlamında tatmin edici bir ortam yok, misafiri içine alan, keyifli bir akşam programı sunulmuyor. 5 yıldızlı bir otelden beklediğimiz canlılık ve kaliteyi bulamadık.
Tesis genel olarak 5 yıldızlı bir otel standardını yansıtmıyor, geldiğimizde umduğumuz ortamı ve hizmet kalitesini burada maalesef bulamadık. Resepsiyon ile bu şikayetlerimizi paylaştık ancak şu ana kadar tatmin edici bir iyileşme göremedik.
Azure By Yelken Otel’den beklentimiz, özellikle yemek ve içecek kalitesinin, akşam eğlencelerinin ve genel hizmet standartlarının 5 yıldız iddiasına yakışır seviyeye çıkarılması ve misafir memnuniyetine daha fazla önem verilmesidir.",3 Haziran 23:52,1.371,,,,True,4 Haziran 10:21,"Değerli Misafirimiz, 
Sizlere ulaşmaya çalışıyoruz. Sizlerde misafir ilişkileri ekibimiz ile iletişime geçebilirsiniz.
Saygılarımızla,",False,,,2,4 Haziran 16:05,Oteldeki bütün birimlere söyledik çözüm bulunamadı bir daha tercih etmeyeceğim.,COMPLAINT_MATCHED,,Dedicated single-property source page,https://www.sikayetvar.com/azure-by-yelken-hotel,2026-08-25T12:58:29.219502+00:00,"Yetersiz Yemek Ve İçecek, Sıkıcı Akşam Etkinlikleriyle Hayal Kırıklığı","Bodrum Turgutreis’te bulunan Azure By Yelken Otel’de şu an Ultra her şey dahil konaklıyoruz. Pazartesi günü giriş yaptık, cuma günü çıkış yapacağız ancak otelden genel olarak memnun kalmadık. Öncelikle yemeklerin kalitesinden ciddi şekilde şikayetçiyiz. Sunulan yemekler lezzetsiz ve beklentimizi hiç karşılamıyor. Ultra her şey dahil konseptine ve otelin kendini konumlandırdığı seviyeye göre çok daha iyi ve özenli bir mutfak beklerken, yemeklerin bu kadar kötü olması bizi hayal kırıklığına uğrattı. İçecek konusunda da ciddi sorunlar var. Ultra her şey dahil bir otelde beklediğimiz içecek çeşitliliğini bulamıyoruz, seçenekler çok kısıtlı ve sunulan içeceklerin tadı da oldukça kötü. İçki dışındaki içeceklerde de kalite düşük, bu da aldığımız hizmetin konseptle hiç uyuşmadığını gösteriyor. Akşamları yapılan etkinlikler de son derece yetersiz ve vasat. Eğlence, müzik ve animasyon anlamında tatmin edici bir ortam yok, misafiri içine alan, keyifli bir akşam programı sunulmuyor. 5 yıldızlı bir otelden beklediğimiz canlılık ve kaliteyi bulamadık. Tesis genel olarak 5 yıldızlı bir otel standardını yansıtmıyor, geldiğimizde umduğumuz ortamı ve hizmet kalitesini burada maalesef bulamadık. Resepsiyon ile bu şikayetlerimizi paylaştık ancak şu ana kadar tatmin edici bir iyileşme göremedik. Azure By Yelken Otel’den beklentimiz, özellikle yemek ve içecek kalitesinin, akşam eğlencelerinin ve genel hizmet standartlarının 5 yıldız iddiasına yakışır seviyeye çıkarılması ve misafir memnuniyetine daha fazla önem verilmesidir.","Değerli Misafirimiz, Sizlere ulaşmaya çalışıyoruz. Sizlerde misafir ilişkileri ekibimiz ile iletişime geçebilirsiniz. Saygılarımızla,",,1528,206,70,9,133,13,,,False,False,False,False,False,False,False,False,False,2026-08-25 12:58:29.219502,2026-06-03 23:52:00,True,DAY_MONTH_TIME_NO_YEAR,False,False,True,False,2026,6,2026-06,2026-06-04 10:21:00,,1371,,2,False,True,False,False,False,False,Azure By Yelken Hotel,Kadıkalesi,4.4,565,,,,962.0,False,False,False,3,1,2,0,2026-06-04 10:21:00,2026-06-04 16:07:00,True,False,False
personel-yetersizligi-ve-hijyen-sorunlari-tatil-deneyimini-mahvediyor,https://www.sikayetvar.com/azure-by-yelken-hotel/personel-yetersizligi-ve-hijyen-sorunlari-tatil-deneyimini-mahvediyor,https://www.sikayetvar.com/azure-by-yelken-hotel/personel-yetersizligi-ve-hijyen-sorunlari-tatil-deneyimini-mahvediyor,BOD112,Azure By Yelken Hotel,Kadıkalesi,Azure by Yelken Hotel,personel-yetersizligi-ve-hijyen-sorunlari-tatil-deneyimini-mahvediyor,https://www.sikayetvar.com/azure-by-yelken-hotel/personel-yetersizligi-ve-hijyen-sorunlari-tatil-deneyimini-mahvediyor,Personel Yetersizliği Ve Hijyen Sorunları Tatil Deneyimini Mahvediyor,"Azure by Yelken Hotel Bodrum’da 25–28 Mayıs tarihleri arasında 3335 numaralı odada toplam 44 bin tl ödeyerek konakladık. Ancak konaklamamız boyunca yaşadığımız çok sayıda olumsuzluk nedeniyle beklentilerimizin oldukça altında bir tatil deneyimi ile karşılaştık.
Konaklama süremiz boyunca personel kadrosunun büyük ölçüde tecrübesiz ve misafir memnuniyeti konusunda yetersiz olduğunu gözlemledik. Personelin ilgisiz ve profesyonellikten uzak tutumu, aldığımız hizmetin kalitesini ciddi anlamda olumsuz etkiledi.
Yiyecek ve içecek tarafında da önemli eksiklikler vardı. Restoranda sunulan yemeklerin çeşitliliği ve kalitesi ödediğimiz ücreti ve beklentilerimizi kesinlikle karşılamadı. İçecek seçenekleri de aynı derecede yetersiz kaldı. Ayrıca restoran alanındaki hijyen standartlarının yeterli seviyede olmadığını düşündük ve bu durum bizi rahatsız etti.
Bar bölümünde görev yapan personelin ürün bilgisi konusunda yetersiz olması da dikkat çekiciydi. Sipariş vermeden önce bir kokteylin içeriğini sorduğumuzda barmenden “rengârenk bir şey” şeklinde, profesyonellikten uzak bir cevap aldık. Bunun yanında personel yetersizliği nedeniyle içecek almak için sık sık uzun süre sıra beklemek zorunda kaldık.
Havuz alanında şezlong kapasitesinin yetersiz olması sebebiyle gün içinde çoğu zaman boş yer bulamadık. Ayrıca oteldeki asansörlerden birinin arızalı olması, kalan asansör için uzun süre beklememize neden oldu ve özellikle yoğun saatlerde ciddi mağduriyet yaşadık.
Tüm bu aksaklıklar, ödediğimiz tutar ve seçtiğimiz tesis göz önüne alındığında, tatilimizin konforunu ve memnuniyetini önemli ölçüde olumsuz etkilemiştir. Misafir deneyiminin gerçekçi bir şekilde değerlendirilmesi, personel eğitimi, yiyecek-içecek kalitesi, hijyen, havuz ve asansör gibi ortak alanların kapasitesi konusunda gerekli iyileştirmelerin yapılmasını ve geri bildirimin ciddiyetle dikkate alınmasını rica ederiz.",31 Mayıs 12:34,1.209,,,,False,,,False,,,0,,,COMPLAINT_MATCHED,,Dedicated single-property source page,https://www.sikayetvar.com/azure-by-yelken-hotel,2026-08-25T12:58:29.219502+00:00,Personel Yetersizliği Ve Hijyen Sorunları Tatil Deneyimini Mahvediyor,"Azure by Yelken Hotel Bodrum’da 25–28 Mayıs tarihleri arasında 3335 numaralı odada toplam 44 bin tl ödeyerek konakladık. Ancak konaklamamız boyunca yaşadığımız çok sayıda olumsuzluk nedeniyle beklentilerimizin oldukça altında bir tatil deneyimi ile karşılaştık. Konaklama süremiz boyunca personel kadrosunun büyük ölçüde tecrübesiz ve misafir memnuniyeti konusunda yetersiz olduğunu gözlemledik. Personelin ilgisiz ve profesyonellikten uzak tutumu, aldığımız hizmetin kalitesini ciddi anlamda olumsuz etkiledi. Yiyecek ve içecek tarafında da önemli eksiklikler vardı. Restoranda sunulan yemeklerin çeşitliliği ve kalitesi ödediğimiz ücreti ve beklentilerimizi kesinlikle karşılamadı. İçecek seçenekleri de aynı derecede yetersiz kaldı. Ayrıca restoran alanındaki hijyen standartlarının yeterli seviyede olmadığını düşündük ve bu durum bizi rahatsız etti. Bar bölümünde görev yapan personelin ürün bilgisi konusunda yetersiz olması da dikkat çekiciydi. Sipariş vermeden önce bir kokteylin içeriğini sorduğumuzda barmenden “rengârenk bir şey” şeklinde, profesyonellikten uzak bir cevap aldık. Bunun yanında personel yetersizliği nedeniyle içecek almak için sık sık uzun süre sıra beklemek zorunda kaldık. Havuz alanında şezlong kapasitesinin yetersiz olması sebebiyle gün içinde çoğu zaman boş yer bulamadık. Ayrıca oteldeki asansörlerden birinin arızalı olması, kalan asansör için uzun süre beklememize neden oldu ve özellikle yoğun saatlerde ciddi mağduriyet yaşadık. Tüm bu aksaklıklar, ödediğimiz tutar ve seçtiğimiz tesis göz önüne alındığında, tatilimizin konforunu ve memnuniyetini önemli ölçüde olumsuz etkilemiştir. Misafir deneyiminin gerçekçi bir şekilde değerlendirilmesi, personel eğitimi, yiyecek-içecek kalitesi, hijyen, havuz ve asansör gibi ortak alanların kapasitesi konusunda gerekli iyileştirmelerin yapılmasını ve geri bildirimin ciddiyetle dikkate alınmasını rica ederiz.",,,1891,234,69,8,,,,,False,False,False,False,False,False,False,False,False,2026-08-25 12:58:29.219502,2026-05-31 12:34:00,True,DAY_MONTH_TIME_NO_YEAR,False,False,True,False,2026,5,2026-05,,,1209,,0,False,False,False,False,False,False,Azure By Yelken Hotel,Kadıkalesi,4.4,565,,,,962.0,False,False,False,0,0,0,0,,,False,False,False
hijyen-ve-hizmet-cokusu-azur-by-yelken-bodrum-otelinde,https://www.sikayetvar.com/azure-by-yelken-hotel/hijyen-ve-hizmet-cokusu-azur-by-yelken-bodrum-otelinde,https://www.sikayetvar.com/azure-by-yelken-hotel/hijyen-ve-hizmet-cokusu-azur-by-yelken-bodrum-otelinde,BOD112,Azure By Yelken Hotel,Kadıkalesi,Azure by Yelken Hotel,hijyen-ve-hizmet-cokusu-azur-by-yelken-bodrum-otelinde,https://www.sikayetvar.com/azure-by-yelken-hotel/hijyen-ve-hizmet-cokusu-azur-by-yelken-bodrum-otelinde,Hijyen Ve Hizmet Çöküşü: Azur By Yelken Bodrum Otelinde,"25–30 Mayıs tarihleri arasında Azur by Yelken Bodrum otelinde standart odada 5 gece konakladık ve tam anlamıyla büyük bir hayal kırıklığı yaşadık. Verdiğimiz paraya karşı aldığımız hizmet kalitesi sıfırın altındaydı.
Otel personelinin bilgisizliği ve ilgisizliği konaklamamız boyunca her aşamada karşımıza çıktı. A la carte restoranın yerini sorduğumuz garson, böyle bir yerden ilk defa haberi oluyormuş gibi “Sizden ilk defa duyuyorum böyle bir şeyi” cevabını verdi. Otel içinde yön sorduğumuz güvenlik görevlisi “Bilgim yok” demekle yetindi. Çalışanların önemli bir kısmı düzgün Türkçe bile konuşamıyor ve hiçbir konuda sağlıklı şekilde yardımcı olamıyorlardı.
Odamızın temizlenmesi için gün içinde iki kez bilgi vermemize rağmen akşam olduğunda oda hâlâ temizlenmemişti. Minibar yenilenmemiş, yorgan kılıfları eksik bırakılmıştı. A la carte restoranda masaların etrafında böcekler dolaşıyordu. Yemekler de hijyen ve pişirme açısından son derece kötüydü; tavuk çiğ geldi, içi pespembeydi. Akşam yemeğinde servis edilen ızgara somon hem dondurulmuş gibi bir dokudaydı hem de kötü kokuyordu.
İçecek siparişi verdiğimizde ise 30 dakikadan fazla beklememize rağmen siparişimiz gelmedi, ayrıca akşam yemeğinde sadece iki çeşit içecek seçeneği sunuluyordu. Tüm bu yaşananlar nedeniyle tatil yapmak yerine sinir ve stres yaşadık, kendimizi kesinlikle misafir gibi hissetmedik.
Ben bu şikayeti, öncelikle bu yaşadıklarımızın ciddiye alınması ve otelde hizmet kalitesinin, hijyenin ve personel eğitimlerinin acilen düzeltilmesi için yazıyorum. Başka misafirlerin benzer sorunları yaşamaması adına gerekli denetim ve iyileştirmelerin yapılmasını talep ediyorum.",27 Mayıs 00:24,836,,,,False,,,False,,,0,,,COMPLAINT_MATCHED,,Dedicated single-property source page,https://www.sikayetvar.com/azure-by-yelken-hotel,2026-08-25T12:58:29.219502+00:00,Hijyen Ve Hizmet Çöküşü: Azur By Yelken Bodrum Otelinde,"25–30 Mayıs tarihleri arasında Azur by Yelken Bodrum otelinde standart odada 5 gece konakladık ve tam anlamıyla büyük bir hayal kırıklığı yaşadık. Verdiğimiz paraya karşı aldığımız hizmet kalitesi sıfırın altındaydı. Otel personelinin bilgisizliği ve ilgisizliği konaklamamız boyunca her aşamada karşımıza çıktı. A la carte restoranın yerini sorduğumuz garson, böyle bir yerden ilk defa haberi oluyormuş gibi “Sizden ilk defa duyuyorum böyle bir şeyi” cevabını verdi. Otel içinde yön sorduğumuz güvenlik görevlisi “Bilgim yok” demekle yetindi. Çalışanların önemli bir kısmı düzgün Türkçe bile konuşamıyor ve hiçbir konuda sağlıklı şekilde yardımcı olamıyorlardı. Odamızın temizlenmesi için gün içinde iki kez bilgi vermemize rağmen akşam olduğunda oda hâlâ temizlenmemişti. Minibar yenilenmemiş, yorgan kılıfları eksik bırakılmıştı. A la carte restoranda masaların etrafında böcekler dolaşıyordu. Yemekler de hijyen ve pişirme açısından son derece kötüydü; tavuk çiğ geldi, içi pespembeydi. Akşam yemeğinde servis edilen ızgara somon hem dondurulmuş gibi bir dokudaydı hem de kötü kokuyordu. İçecek siparişi verdiğimizde ise 30 dakikadan fazla beklememize rağmen siparişimiz gelmedi, ayrıca akşam yemeğinde sadece iki çeşit içecek seçeneği sunuluyordu. Tüm bu yaşananlar nedeniyle tatil yapmak yerine sinir ve stres yaşadık, kendimizi kesinlikle misafir gibi hissetmedik. Ben bu şikayeti, öncelikle bu yaşadıklarımızın ciddiye alınması ve otelde hizmet kalitesinin, hijyenin ve personel eğitimlerinin acilen düzeltilmesi için yazıyorum. Başka misafirlerin benzer sorunları yaşamaması adına gerekli denetim ve iyileştirmelerin yapılmasını talep ediyorum.",,,1653,217,55,9,,,,,False,False,False,False,False,False,False,False,False,2026-08-25 12:58:29.219502,2026-05-27 00:24:00,True,DAY_MONTH_TIME_NO_YEAR,False,False,True,False,2026,5,2026-05,,,836,,0,False,False,False,False,False,False,Azure By Yelken Hotel,Kadıkalesi,4.4,565,,,,962.0,False,False,False,0,0,0,0,,,False,False,False
azure-by-yelken-hotel-yoneticinin-ayrimci-sozleri,https://www.sikayetvar.com/azure-by-yelken-hotel/azure-by-yelken-hotel-yoneticinin-ayrimci-sozleri,https://www.sikayetvar.com/azure-by-yelken-hotel/azure-by-yelken-hotel-yoneticinin-ayrimci-sozleri,BOD112,Azure By Yelken Hotel,Kadıkalesi,Azure by Yelken Hotel,azure-by-yelken-hotel-yoneticinin-ayrimci-sozleri,https://www.sikayetvar.com/azure-by-yelken-hotel/azure-by-yelken-hotel-yoneticinin-ayrimci-sozleri,Yöneticinin Ayrımcı Sözleri,"Azure by Yelken Otel’de konakladığım sırada, iki gün önce yaşadığım bir olaydan dolayı bu şikayeti yazma ihtiyacı duydum. Otelin yöneticilerinden G** Ö** isimli kişinin, otel alanında topluluğa hitaben “Kürtlerin burada işi yok” şeklinde açıkça ayrımcı ve aşağılayıcı bir ifade kullandığına bizzat şahit oldum.
Bu sözler hem benim hem de orada bulunan diğer kişiler açısından son derece incitici ve rahatsız ediciydi. Bir turizm işletmesinde, özellikle yönetici pozisyonunda bulunan birinin bu tarz ırk temelli ve dışlayıcı bir söylemde bulunması kabul edilemez. Olay sonrası durumu otel yönetimine ilettim; ancak bu kadar ciddi ve hassas bir konuda çok daha profesyonel ve duyarlı bir yaklaşım beklerdim.
Azure by Yelken Otel’den, bu tür ayrımcı ifadelerin kesinlikle kabul edilmeyeceğini, gerekli iç incelemenin yapılarak bu konuda somut adımlar atılacağını ve bir daha benzer bir durumun yaşanmaması için gerekli önlemlerin alınacağını kamuoyu önünde net bir şekilde açıklamasını bekliyorum.",8 Mayıs 14:11,931,,,,False,,,False,,,0,,,COMPLAINT_MATCHED,,Dedicated single-property source page,https://www.sikayetvar.com/azure-by-yelken-hotel,2026-08-25T12:58:29.219502+00:00,Yöneticinin Ayrımcı Sözleri,"Azure by Yelken Otel’de konakladığım sırada, iki gün önce yaşadığım bir olaydan dolayı bu şikayeti yazma ihtiyacı duydum. Otelin yöneticilerinden G** Ö** isimli kişinin, otel alanında topluluğa hitaben “Kürtlerin burada işi yok” şeklinde açıkça ayrımcı ve aşağılayıcı bir ifade kullandığına bizzat şahit oldum. Bu sözler hem benim hem de orada bulunan diğer kişiler açısından son derece incitici ve rahatsız ediciydi. Bir turizm işletmesinde, özellikle yönetici pozisyonunda bulunan birinin bu tarz ırk temelli ve dışlayıcı bir söylemde bulunması kabul edilemez. Olay sonrası durumu otel yönetimine ilettim; ancak bu kadar ciddi ve hassas bir konuda çok daha profesyonel ve duyarlı bir yaklaşım beklerdim. Azure by Yelken Otel’den, bu tür ayrımcı ifadelerin kesinlikle kabul edilmeyeceğini, gerekli iç incelemenin yapılarak bu konuda somut adımlar atılacağını ve bir daha benzer bir durumun yaşanmaması için gerekli önlemlerin alınacağını kamuoyu önünde net bir şekilde açıklamasını bekliyorum.",,,994,139,27,3,,,,,False,False,False,False,False,False,False,False,False,2026-08-25 12:58:29.219502,2026-05-08 14:11:00,True,DAY_MONTH_TIME_NO_YEAR,False,False,True,False,2026,5,2026-05,,,931,,0,False,False,False,False,False,False,Azure By Yelken Hotel,Kadıkalesi,4.4,565,,,,962.0,False,False,False,0,0,0,0,,,False,False,False
oda-temizligi-ve-eksik-malzeme-sorunlari-cozulmedi-kotu-koku-giderilmedi,https://www.sikayetvar.com/azure-by-yelken-hotel/oda-temizligi-ve-eksik-malzeme-sorunlari-cozulmedi-kotu-koku-giderilmedi,https://www.sikayetvar.com/azure-by-yelken-hotel/oda-temizligi-ve-eksik-malzeme-sorunlari-cozulmedi-kotu-koku-giderilmedi,BOD112,Azure By Yelken Hotel,Kadıkalesi,Azure by Yelken Hotel,oda-temizligi-ve-eksik-malzeme-sorunlari-cozulmedi-kotu-koku-giderilmedi,https://www.sikayetvar.com/azure-by-yelken-hotel/oda-temizligi-ve-eksik-malzeme-sorunlari-cozulmedi-kotu-koku-giderilmedi,"Oda Temizliği Ve Eksik Malzeme Sorunları Çözülmedi, Kötü Koku Giderilmedi","Tatilbudur.com üzerinden Azur by Yelken otelde 3313 numaralı odada konaklamaktayım. Haberim olmadan odam temizlenmiş ve tuvaletlerde kötü bir koku mevcut. Ayrıca odada şampuan, tarak ayakkabı cilası kese gibi bazı ürünler eksikti. Bu eksikleri otel yetkililerine bildirdim, eksiklerin giderileceği söylendi ancak herhangi bir çözüm sunulmadı. Odamdaki eksiklerin tamamlanmasını ve tuvalet kokusu sorununun giderilmesini talep ediyorum. Tatilbudur.com müşteri hizmetleri Şikayet vardaki yorumlara baktığımda kötü olduğuna söyledim diğer otellerden yazıyorlar demişlerdi fakat gerçekten kötü",2 Eylül 2025 21:07,2.451,,,,False,,,False,,,0,,,COMPLAINT_MATCHED,,Dedicated single-property source page,https://www.sikayetvar.com/azure-by-yelken-hotel,2026-08-25T12:58:29.219502+00:00,"Oda Temizliği Ve Eksik Malzeme Sorunları Çözülmedi, Kötü Koku Giderilmedi","Tatilbudur.com üzerinden Azur by Yelken otelde 3313 numaralı odada konaklamaktayım. Haberim olmadan odam temizlenmiş ve tuvaletlerde kötü bir koku mevcut. Ayrıca odada şampuan, tarak ayakkabı cilası kese gibi bazı ürünler eksikti. Bu eksikleri otel yetkililerine bildirdim, eksiklerin giderileceği söylendi ancak herhangi bir çözüm sunulmadı. Odamdaki eksiklerin tamamlanmasını ve tuvalet kokusu sorununun giderilmesini talep ediyorum. Tatilbudur.com müşteri hizmetleri Şikayet vardaki yorumlara baktığımda kötü olduğuna söyledim diğer otellerden yazıyorlar demişlerdi fakat gerçekten kötü",,,589,71,73,10,,,,,False,False,False,False,False,False,False,False,False,2026-08-25 12:58:29.219502,2025-09-02 21:07:00,False,DAY_MONTH_YEAR_TIME,False,False,False,False,2025,9,2025-09,,,2451,,0,False,False,False,False,False,False,Azure By Yelken Hotel,Kadıkalesi,4.4,565,,,,962.0,False,False,False,0,0,0,0,,,False,False,False
5-yildizli-otelde-temizlik-ve-ilgi-yok-odedigim-hizmetin-karsiligini-alamadim,https://www.sikayetvar.com/azure-by-yelken-hotel/5-yildizli-otelde-temizlik-ve-ilgi-yok-odedigim-hizmetin-karsiligini-alamadim,https://www.sikayetvar.com/azure-by-yelken-hotel/5-yildizli-otelde-temizlik-ve-ilgi-yok-odedigim-hizmetin-karsiligini-alamadim,BOD112,Azure By Yelken Hotel,Kadıkalesi,Azure by Yelken Hotel,5-yildizli-otelde-temizlik-ve-ilgi-yok-odedigim-hizmetin-karsiligini-alamadim,https://www.sikayetvar.com/azure-by-yelken-hotel/5-yildizli-otelde-temizlik-ve-ilgi-yok-odedigim-hizmetin-karsiligini-alamadim,"5 Yıldızlı Otelde Temizlik Ve İlgi Yok, Ödediğim Hizmetin Karşılığını Alamadım","29-31 Ağustos tarihleri arasında Tatilbudur üzerinden Azure Bye Yelken Bodrum Turgutreis otelinde konakladık. 5 yıldızlı olarak tanıtılan bu otel, beklentimizin çok altında kaldı. Otele girişten çıkışa kadar oda temizliği, yemekler, havuz ve genel alanların bakımsızlığı gibi birçok konuda ciddi sorunlar yaşadık. Özellikle odalar oldukça eski ve kirliydi. Otelde yaşadığımız sorunları iletecek muhatap bulamadık, hiçbir şekilde ilgilenilmedi.
Ödediğimiz tutarı kesinlikle hak etmeyen bir hizmet aldık. Yorumları ve şikayetleri incelediğimde, bu problemlerin sadece bizim değil, birçok misafirin ortak sorunu olduğunu gördüm. Tatilbudur ve otelin bu duruma nasıl bir açıklama veya çözüm sunacağını merak ediyorum.",31 Ağustos 2025 22:35,2.660,,,,False,,,False,,,0,,,COMPLAINT_MATCHED,,Dedicated single-property source page,https://www.sikayetvar.com/azure-by-yelken-hotel,2026-08-25T12:58:29.219502+00:00,"5 Yıldızlı Otelde Temizlik Ve İlgi Yok, Ödediğim Hizmetin Karşılığını Alamadım","29-31 Ağustos tarihleri arasında Tatilbudur üzerinden Azure Bye Yelken Bodrum Turgutreis otelinde konakladık. 5 yıldızlı olarak tanıtılan bu otel, beklentimizin çok altında kaldı. Otele girişten çıkışa kadar oda temizliği, yemekler, havuz ve genel alanların bakımsızlığı gibi birçok konuda ciddi sorunlar yaşadık. Özellikle odalar oldukça eski ve kirliydi. Otelde yaşadığımız sorunları iletecek muhatap bulamadık, hiçbir şekilde ilgilenilmedi. Ödediğimiz tutarı kesinlikle hak etmeyen bir hizmet aldık. Yorumları ve şikayetleri incelediğimde, bu problemlerin sadece bizim değil, birçok misafirin ortak sorunu olduğunu gördüm. Tatilbudur ve otelin bu duruma nasıl bir açıklama veya çözüm sunacağını merak ediyorum.",,,713,92,78,11,,,,,False,False,False,False,False,False,False,False,False,2026-08-25 12:58:29.219502,2025-08-31 22:35:00,False,DAY_MONTH_YEAR_TIME,False,False,False,False,2025,8,2025-08,,,2660,,0,False,False,False,False,False,False,Azure By Yelken Hotel,Kadıkalesi,4.4,565,,,,962.0,False,False,False,0,0,0,0,,,False,False,False
hayal-kirikligi-yaratan-oda-ve-eksik-hizmet-icin-tam-iade-talebim-var,https://www.sikayetvar.com/azure-by-yelken-hotel/hayal-kirikligi-yaratan-oda-ve-eksik-hizmet-icin-tam-iade-talebim-var,https://www.sikayetvar.com/azure-by-yelken-hotel/hayal-kirikligi-yaratan-oda-ve-eksik-hizmet-icin-tam-iade-talebim-var,BOD112,Azure By Yelken Hotel,Kadıkalesi,Azure by Yelken Hotel,hayal-kirikligi-yaratan-oda-ve-eksik-hizmet-icin-tam-iade-talebim-var,https://www.sikayetvar.com/azure-by-yelken-hotel/hayal-kirikligi-yaratan-oda-ve-eksik-hizmet-icin-tam-iade-talebim-var,Hayal Kırıklığı Yaratan Oda Ve Eksik Hizmet İçin Tam İade Talebim Var,"25 Ağustos’ta Bodrum Turgutreis’teki Azure By Yelken Hotel’e 468970755 numaralı rezervasyon ile giriş yaptık. Otele 11.00 civarında vardık ve önce odamızın hazır olmadığı, sonrasında ise müsait olduğu söylendi. Oda ile ilgili hiçbir bilgilendirme yapılmadan odaya çıktık. Odaya girdiğimizde, tatilbudur.com’daki görsellerle hiçbir şekilde uyuşmadığını gördük. Tuvalet temiz değildi ve kötü kokuyordu, balkonda örümcek ağları vardı ve sandalyelerden herhangi bir manzara görünmüyordu. Odada koltuk yoktu ve yatağın üzerine serilen pikenin ön yüzünde kan izleri bulunuyordu. Oda düzeni ve eşyalar, internet sitesindeki görsellerden tamamen farklıydı.
Akşam yemeğinden sonra resepsiyona giderek durumu anlattık ve oda değişikliği talebinde bulunduk. Ancak bize ertesi gün 12.00’de tekrar gelmemiz gerektiği, o gün için yardımcı olamayacakları söylendi. Odaya döndüğümüzde ise katımızda bulunan a La Carte restorandan gelen yoğun balık kokusu tüm koridora ve odamıza sinmişti.
Tüm bu olumsuzluklar sonrası Tatilbudur ile iletişime geçerek rezervasyonumuzun iptalini veya odamızın daha iyi bir odayla değiştirilmesini talep ettik. Otelin cevabı ise oda değişimi yapılamayacağı ve önce 3 gün, ardından 2 gün için ücret iadesi yapılabileceği şeklindeydi. Toplamda 51.129 TL ödeme yaptım; ancak sadece konaklama yapılmayan günler için kısmi iade önerildi. Yaşadığımız mağduriyet ve verilen hizmetin vaat edilenle uyuşmaması nedeniyle tam ücret iadesi talep ediyorum. Müşteri hizmetleriyle yaptığım tüm görüşmelerde de tam iade talebim karşılanmadı. Mağduriyetimin giderilmesini rica ediyorum.",26 Ağustos 2025 00:19,2.078,,,,False,,,False,,,0,,,COMPLAINT_MATCHED,,Dedicated single-property source page,https://www.sikayetvar.com/azure-by-yelken-hotel,2026-08-25T12:58:29.219502+00:00,Hayal Kırıklığı Yaratan Oda Ve Eksik Hizmet İçin Tam İade Talebim Var,"25 Ağustos’ta Bodrum Turgutreis’teki Azure By Yelken Hotel’e 468970755 numaralı rezervasyon ile giriş yaptık. Otele 11.00 civarında vardık ve önce odamızın hazır olmadığı, sonrasında ise müsait olduğu söylendi. Oda ile ilgili hiçbir bilgilendirme yapılmadan odaya çıktık. Odaya girdiğimizde, tatilbudur.com’daki görsellerle hiçbir şekilde uyuşmadığını gördük. Tuvalet temiz değildi ve kötü kokuyordu, balkonda örümcek ağları vardı ve sandalyelerden herhangi bir manzara görünmüyordu. Odada koltuk yoktu ve yatağın üzerine serilen pikenin ön yüzünde kan izleri bulunuyordu. Oda düzeni ve eşyalar, internet sitesindeki görsellerden tamamen farklıydı. Akşam yemeğinden sonra resepsiyona giderek durumu anlattık ve oda değişikliği talebinde bulunduk. Ancak bize ertesi gün 12.00’de tekrar gelmemiz gerektiği, o gün için yardımcı olamayacakları söylendi. Odaya döndüğümüzde ise katımızda bulunan a La Carte restorandan gelen yoğun balık kokusu tüm koridora ve odamıza sinmişti. Tüm bu olumsuzluklar sonrası Tatilbudur ile iletişime geçerek rezervasyonumuzun iptalini veya odamızın daha iyi bir odayla değiştirilmesini talep ettik. Otelin cevabı ise oda değişimi yapılamayacağı ve önce 3 gün, ardından 2 gün için ücret iadesi yapılabileceği şeklindeydi. Toplamda 51.129 TL ödeme yaptım; ancak sadece konaklama yapılmayan günler için kısmi iade önerildi. Yaşadığımız mağduriyet ve verilen hizmetin vaat edilenle uyuşmaması nedeniyle tam ücret iadesi talep ediyorum. Müşteri hizmetleriyle yaptığım tüm görüşmelerde de tam iade talebim karşılanmadı. Mağduriyetimin giderilmesini rica ediyorum.",,,1584,205,69,12,,,,,False,False,False,False,False,False,False,False,False,2026-08-25 12:58:29.219502,2025-08-26 00:19:00,False,DAY_MONTH_YEAR_TIME,False,False,False,False,2025,8,2025-08,,,2078,,0,False,False,False,False,False,False,Azure By Yelken Hotel,Kadıkalesi,4.4,565,,,,962.0,False,False,False,0,0,0,0,,,False,False,False
azure-by-yelken-otel-bodrumda-hijyen-ve-hizmette-ciddi-eksiklikler-tatilbudurda-yaniltici-bilgilendirme,https://www.sikayetvar.com/azure-by-yelken-hotel/azure-by-yelken-otel-bodrumda-hijyen-ve-hizmette-ciddi-eksiklikler-tatilbudurda-yaniltici-bilgilendirme,https://www.sikayetvar.com/azure-by-yelken-hotel/azure-by-yelken-otel-bodrumda-hijyen-ve-hizmette-ciddi-eksiklikler-tatilbudurda-yaniltici-bilgilendirme,BOD112,Azure By Yelken Hotel,Kadıkalesi,Azure by Yelken Hotel,azure-by-yelken-otel-bodrumda-hijyen-ve-hizmette-ciddi-eksiklikler-tatilbudurda-yaniltici-bilgilendirme,https://www.sikayetvar.com/azure-by-yelken-hotel/azure-by-yelken-otel-bodrumda-hijyen-ve-hizmette-ciddi-eksiklikler-tatilbudurda-yaniltici-bilgilendirme,"Azure By Yelken Otel Bodrum’da Hijyen Ve Hizmette Ciddi Eksiklikler, Tatilbudur’da Yanıltıcı Bilgilendirme","Azure by Yelken Otel Bodrum - Hijyen ve Hizmet Kalitesinde Büyük Hayal Kırıklığı
Azure by Yelken Otel Bodrum’da 5 gece konakladık, ancak yaşadığımız deneyim tam anlamıyla hayal kırıklığıydı. Otele giriş yaptığımız andan itibaren ciddi hijyen ve hizmet eksiklikleriyle karşılaştık. Odamız temizlenmemişti; dolapta önceki müşterilere ait iç çamaşırları vardı, zeminler kirliydi ve genel olarak hijyen standartlarının çok altındaydı. Bu durum hem TSE hijyen kurallarına hem de 6502 sayılı Tüketicinin Korunması hakkında Kanun’a aykırıdır. Resepsiyona ilettiğimiz şikâyetimiz ise sonuçsuz kaldı.
Yemek hizmetleri ise beklentinin çok altındaydı. Açık büfe kalitesizdi; donuk ve yanmış gıdalar servis ediliyor, çeşit çok sınırlıydı. Restoran içinde başıboş kediler dolaşıyor, zemin ise yağlı ve kaygandı. Bu durum hem gıda güvenliği hem de iş sağlığı açısından ciddi risk oluşturuyor. Hiçbir uyarı levhası yoktu, bu da 6331 sayılı İş Sağlığı ve Güvenliği Kanunu'na aykırı bir durum.
Tatilbudur.com üzerinde “kum plaj” olarak tanıtılan otelin sahili ise taşlı ve tehlikeliydi. Deniz içinde büyük taşlar bulunuyor, bu durum sakatlanmalara yol açabilecek nitelikteydi. Tatilbudur.com’un eksik bilgilendirmesi bizi yanıltmıştır. Ayrıca Tatilbudur personeli tatil boyunca ilgisizdi, yalnızca gece kulübü promosyonları için bizimle iletişime geçtiler.
Genel olarak hem otele hem de Tatilbudur’a güvenimiz sarsıldı. Ne hizmet kalitesi ne de müşteri memnuniyeti açısından verilen paranın karşılığını aldık. İlk kez Tatilbudur üzerinden rezervasyon yaptık, ancak son kez oldu. Bundan sonraki tatillerimde ETS veya Jolly gibi daha profesyonel firmaları tercih edeceğim.",23 Ağustos 2025 18:22,2.127,,,,False,,,False,,,0,,,COMPLAINT_MATCHED,,Dedicated single-property source page,https://www.sikayetvar.com/azure-by-yelken-hotel,2026-08-25T12:58:29.219502+00:00,"Azure By Yelken Otel Bodrum’da Hijyen Ve Hizmette Ciddi Eksiklikler, Tatilbudur’da Yanıltıcı Bilgilendirme","Azure by Yelken Otel Bodrum - Hijyen ve Hizmet Kalitesinde Büyük Hayal Kırıklığı Azure by Yelken Otel Bodrum’da 5 gece konakladık, ancak yaşadığımız deneyim tam anlamıyla hayal kırıklığıydı. Otele giriş yaptığımız andan itibaren ciddi hijyen ve hizmet eksiklikleriyle karşılaştık. Odamız temizlenmemişti; dolapta önceki müşterilere ait iç çamaşırları vardı, zeminler kirliydi ve genel olarak hijyen standartlarının çok altındaydı. Bu durum hem TSE hijyen kurallarına hem de 6502 sayılı Tüketicinin Korunması hakkında Kanun’a aykırıdır. Resepsiyona ilettiğimiz şikâyetimiz ise sonuçsuz kaldı. Yemek hizmetleri ise beklentinin çok altındaydı. Açık büfe kalitesizdi; donuk ve yanmış gıdalar servis ediliyor, çeşit çok sınırlıydı. Restoran içinde başıboş kediler dolaşıyor, zemin ise yağlı ve kaygandı. Bu durum hem gıda güvenliği hem de iş sağlığı açısından ciddi risk oluşturuyor. Hiçbir uyarı levhası yoktu, bu da 6331 sayılı İş Sağlığı ve Güvenliği Kanunu'na aykırı bir durum. Tatilbudur.com üzerinde “kum plaj” olarak tanıtılan otelin sahili ise taşlı ve tehlikeliydi. Deniz içinde büyük taşlar bulunuyor, bu durum sakatlanmalara yol açabilecek nitelikteydi. Tatilbudur.com’un eksik bilgilendirmesi bizi yanıltmıştır. Ayrıca Tatilbudur personeli tatil boyunca ilgisizdi, yalnızca gece kulübü promosyonları için bizimle iletişime geçtiler. Genel olarak hem otele hem de Tatilbudur’a güvenimiz sarsıldı. Ne hizmet kalitesi ne de müşteri memnuniyeti açısından verilen paranın karşılığını aldık. İlk kez Tatilbudur üzerinden rezervasyon yaptık, ancak son kez oldu. Bundan sonraki tatillerimde ETS veya Jolly gibi daha profesyonel firmaları tercih edeceğim.",,,1653,220,106,13,,,,,False,False,False,False,False,False,False,False,False,2026-08-25 12:58:29.219502,2025-08-23 18:22:00,False,DAY_MONTH_YEAR_TIME,False,False,False,False,2025,8,2025-08,,,2127,,0,False,False,False,False,False,False,Azure By Yelken Hotel,Kadıkalesi,4.4,565,,,,962.0,False,False,False,0,0,0,0,,,False,False,False
bodrumda-yuksek-ucretle-karsilasilan-ciddi-hijyen-sorunlari,https://www.sikayetvar.com/azure-by-yelken-hotel/bodrumda-yuksek-ucretle-karsilasilan-ciddi-hijyen-sorunlari,https://www.sikayetvar.com/azure-by-yelken-hotel/bodrumda-yuksek-ucretle-karsilasilan-ciddi-hijyen-sorunlari,BOD112,Azure By Yelken Hotel,Kadıkalesi,Azure by Yelken Hotel,bodrumda-yuksek-ucretle-karsilasilan-ciddi-hijyen-sorunlari,https://www.sikayetvar.com/azure-by-yelken-hotel/bodrumda-yuksek-ucretle-karsilasilan-ciddi-hijyen-sorunlari,Bodrum'da Yüksek Ücretle Karşılaşılan Ciddi Hijyen Sorunları,"16-21 Ağustos 2024 tarihlerinde Azure Beach Yelken Bodrum’da 2034 numaralı standart odada konakladık ve toplam 46.000 TL ödeme yaptık. Ancak konaklamamız boyunca çok ciddi hijyen problemleriyle karşılaştık. Odalar son derece kirli ve bakımsızdı. Havuzda hijyen problemi vardı ve durumu personele ilettiğimizde sadece 'kumdur' diyerek geçiştirdiler, bu yüzden çocuğumuzu hemen havuzdan çıkarmak zorunda kaldık. Spor salonu ise hem çok kirliydi hem de makineler kırık ve kullanılamaz durumdaydı; camlarda lekeler vardı ve genel olarak hijyen standartları kesinlikle yoktu. Yemeklerde de benzer şekilde temizlik ve kalite konusunda büyük sıkıntılar yaşadık.
Tüm bu sorunları hem personele hem de otel yönetimine iletmemize rağmen hiçbir çözüm sunulmadı ve şikayetlerimiz sürekli olarak göz ardı edildi.
Bu kadar yüksek bir ücret ödememize rağmen yaşadığımız mağduriyetin giderilmesini ve ücret iadesi talep ediyorum.",21 Ağustos 2025 18:39,1.787,,,,False,,,False,,,0,,,COMPLAINT_MATCHED,,Dedicated single-property source page,https://www.sikayetvar.com/azure-by-yelken-hotel,2026-08-25T12:58:29.219502+00:00,Bodrum'da Yüksek Ücretle Karşılaşılan Ciddi Hijyen Sorunları,"16-21 Ağustos 2024 tarihlerinde Azure Beach Yelken Bodrum’da 2034 numaralı standart odada konakladık ve toplam 46.000 TL ödeme yaptık. Ancak konaklamamız boyunca çok ciddi hijyen problemleriyle karşılaştık. Odalar son derece kirli ve bakımsızdı. Havuzda hijyen problemi vardı ve durumu personele ilettiğimizde sadece 'kumdur' diyerek geçiştirdiler, bu yüzden çocuğumuzu hemen havuzdan çıkarmak zorunda kaldık. Spor salonu ise hem çok kirliydi hem de makineler kırık ve kullanılamaz durumdaydı; camlarda lekeler vardı ve genel olarak hijyen standartları kesinlikle yoktu. Yemeklerde de benzer şekilde temizlik ve kalite konusunda büyük sıkıntılar yaşadık. Tüm bu sorunları hem personele hem de otel yönetimine iletmemize rağmen hiçbir çözüm sunulmadı ve şikayetlerimiz sürekli olarak göz ardı edildi. Bu kadar yüksek bir ücret ödememize rağmen yaşadığımız mağduriyetin giderilmesini ve ücret iadesi talep ediyorum.",,,913,123,60,7,,,,,False,False,False,False,False,False,False,False,False,2026-08-25 12:58:29.219502,2025-08-21 18:39:00,False,DAY_MONTH_YEAR_TIME,False,False,False,False,2025,8,2025-08,,,1787,,0,False,False,False,False,False,False,Azure By Yelken Hotel,Kadıkalesi,4.4,565,,,,962.0,False,False,False,0,0,0,0,,,False,False,False
otelin-hijyen-eksikligi-nedeniyle-ailecek-ciddi-saglik-sorunlari-yasadik,https://www.sikayetvar.com/azure-by-yelken-hotel/otelin-hijyen-eksikligi-nedeniyle-ailecek-ciddi-saglik-sorunlari-yasadik,https://www.sikayetvar.com/azure-by-yelken-hotel/otelin-hijyen-eksikligi-nedeniyle-ailecek-ciddi-saglik-sorunlari-yasadik,BOD112,Azure By Yelken Hotel,Kadıkalesi,Azure by Yelken Hotel,otelin-hijyen-eksikligi-nedeniyle-ailecek-ciddi-saglik-sorunlari-yasadik,https://www.sikayetvar.com/azure-by-yelken-hotel/otelin-hijyen-eksikligi-nedeniyle-ailecek-ciddi-saglik-sorunlari-yasadik,Otelin Hijyen Eksikliği Nedeniyle Ailecek Ciddi Sağlık Sorunları Yaşadık,"9 Haziran 2024’te giriş yaptığımız Azure by Yelken Hotel’de yaşadığımız hijyen sorunları ve sağlık problemleri nedeniyle büyük mağduriyet yaşadık. Otele girişimizden itibaren odalar son derece pis ve bakımsızdı. Oda değişikliği için resepsiyona başvurduk ve toplamda üç kez oda değiştirmek zorunda kaldık. Ancak her seferinde odalar temizlenmeden, sadece anahtar değişimiyle geçiş yaptık. Oda temizliği için defalarca uyarı yapmamıza rağmen çarşaflar hiç değişmedi, yere düşen bir şeftali günlerce alınmadı ve genel olarak temizlik yapılmadı.
Yemekler midemize dokundu, tatilimin bir günü boyunca sürekli kustum. Son gün eşim, oğlum ve ben otelin açık ve kapalı havuzlarına girdik. Havuzların hijyensizliği nedeniyle üçümüz de enfeksiyon kaptık; ben göz enfeksiyonu ve kulak zarı delinmesi yaşadım, doktorlar ameliyat dışında çözüm olmadığını belirtti. Oğlum tatilden döner dönmez 39,6 derece ateşle hastaneye kaldırıldı ve kanında mikrop tespit edildi. Antibiyotik tedavisi sonuç vermedi ve iğneli antibiyotik tedavisine başlandı.
Otel çalışanlarına defalarca temizlik ve hijyen eksikliklerini bildirdik, ancak “tamam” denip ilgilenilmedi. Bu süreçte herhangi bir özür ya da çözüm sunulmadı. Ödememi kredi kartı ile yaptım. Sağlığımızdan olduk, tatilimiz kabusa döndü ve aynı dönemde konaklayan diğer misafirlerin de benzer şikayetleri olduğunu gördüm.
Yaşadığımız tüm bu mağduriyetler nedeniyle konaklama ücretimin iadesini talep ediyorum.",21 Ağustos 2025 12:54,2.614,,,,False,,,False,,,0,,,COMPLAINT_MATCHED,,Dedicated single-property source page,https://www.sikayetvar.com/azure-by-yelken-hotel,2026-08-25T12:58:29.219502+00:00,Otelin Hijyen Eksikliği Nedeniyle Ailecek Ciddi Sağlık Sorunları Yaşadık,"9 Haziran 2024’te giriş yaptığımız Azure by Yelken Hotel’de yaşadığımız hijyen sorunları ve sağlık problemleri nedeniyle büyük mağduriyet yaşadık. Otele girişimizden itibaren odalar son derece pis ve bakımsızdı. Oda değişikliği için resepsiyona başvurduk ve toplamda üç kez oda değiştirmek zorunda kaldık. Ancak her seferinde odalar temizlenmeden, sadece anahtar değişimiyle geçiş yaptık. Oda temizliği için defalarca uyarı yapmamıza rağmen çarşaflar hiç değişmedi, yere düşen bir şeftali günlerce alınmadı ve genel olarak temizlik yapılmadı. Yemekler midemize dokundu, tatilimin bir günü boyunca sürekli kustum. Son gün eşim, oğlum ve ben otelin açık ve kapalı havuzlarına girdik. Havuzların hijyensizliği nedeniyle üçümüz de enfeksiyon kaptık; ben göz enfeksiyonu ve kulak zarı delinmesi yaşadım, doktorlar ameliyat dışında çözüm olmadığını belirtti. Oğlum tatilden döner dönmez 39,6 derece ateşle hastaneye kaldırıldı ve kanında mikrop tespit edildi. Antibiyotik tedavisi sonuç vermedi ve iğneli antibiyotik tedavisine başlandı. Otel çalışanlarına defalarca temizlik ve hijyen eksikliklerini bildirdik, ancak “tamam” denip ilgilenilmedi. Bu süreçte herhangi bir özür ya da çözüm sunulmadı. Ödememi kredi kartı ile yaptım. Sağlığımızdan olduk, tatilimiz kabusa döndü ve aynı dönemde konaklayan diğer misafirlerin de benzer şikayetleri olduğunu gördüm. Yaşadığımız tüm bu mağduriyetler nedeniyle konaklama ücretimin iadesini talep ediyorum.",,,1441,189,72,9,,,,,False,False,False,False,False,False,False,False,False,2026-08-25 12:58:29.219502,2025-08-21 12:54:00,False,DAY_MONTH_YEAR_TIME,False,False,False,False,2025,8,2025-08,,,2614,,0,False,False,False,False,False,False,Azure By Yelken Hotel,Kadıkalesi,4.4,565,,,,962.0,False,False,False,0,0,0,0,,,False,False,False
azure-by-yelken-hotel-kisa-sureli-konaklamada-yuksek-ucret-kesintisi-ve-deniz-sorunu,https://www.sikayetvar.com/azure-by-yelken-hotel/azure-by-yelken-hotel-kisa-sureli-konaklamada-yuksek-ucret-kesintisi-ve-deniz-sorunu,https://www.sikayetvar.com/azure-by-yelken-hotel/azure-by-yelken-hotel-kisa-sureli-konaklamada-yuksek-ucret-kesintisi-ve-deniz-sorunu,BOD112,Azure By Yelken Hotel,Kadıkalesi,Azure by Yelken Hotel,azure-by-yelken-hotel-kisa-sureli-konaklamada-yuksek-ucret-kesintisi-ve-deniz-sorunu,https://www.sikayetvar.com/azure-by-yelken-hotel/azure-by-yelken-hotel-kisa-sureli-konaklamada-yuksek-ucret-kesintisi-ve-deniz-sorunu,Kısa Süreli Konaklamada Yüksek Ücret Kesintisi Ve Deniz Sorunu!,"Azur By Yelken Hotel’de standart oda için Tatilbudur üzerinden rezervasyon yaptım (Rezervasyon No: 458675463). Otele giriş yaptıktan sonra denizine yürüyerek girmek neredeyse imkansız olduğunu, hem taş hem de büyük kayalar bulunduğunu fark ettim. Ayrıca deniz aşırı dalgalı ve taşlıydı, bu nedenle denize giremedim. Otelin bu durumunu görünce sadece 2 saat içinde tatilimi iptal etmek ve ayrılmak istedim.
Ancak hem otel hem de acente ile görüşmelerimde, yalnızca 2 saat kalmama rağmen 2 gece ücreti kesilerek para iadesi yapılabileceği belirtildi ve 76.000 TL ödememden 20.000 TL kesinti uygulandı. Bu süreçte bana herhangi bir yazılı açıklama veya gerekçe sunulmadı. Sadece 2 saat kalmış olmama rağmen 2 gece ücretinin kesilmesini kesinlikle iyi niyetli bir yaklaşım olarak görmüyorum.
1 gece kesinti yapılarak kalan tutarın tarafıma iade edilmesini talep ediyorum. Ayrıca bu otele gelecek kişilerin denizle ilgili yaşadığım sorunları dikkate almalarını isterim.",15 Ağustos 2025 20:39,1.917,,,,False,,,False,,,0,,,COMPLAINT_MATCHED,,Dedicated single-property source page,https://www.sikayetvar.com/azure-by-yelken-hotel,2026-08-25T12:58:29.219502+00:00,Kısa Süreli Konaklamada Yüksek Ücret Kesintisi Ve Deniz Sorunu!,"Azur By Yelken Hotel’de standart oda için Tatilbudur üzerinden rezervasyon yaptım (Rezervasyon No: 458675463). Otele giriş yaptıktan sonra denizine yürüyerek girmek neredeyse imkansız olduğunu, hem taş hem de büyük kayalar bulunduğunu fark ettim. Ayrıca deniz aşırı dalgalı ve taşlıydı, bu nedenle denize giremedim. Otelin bu durumunu görünce sadece 2 saat içinde tatilimi iptal etmek ve ayrılmak istedim. Ancak hem otel hem de acente ile görüşmelerimde, yalnızca 2 saat kalmama rağmen 2 gece ücreti kesilerek para iadesi yapılabileceği belirtildi ve 76.000 TL ödememden 20.000 TL kesinti uygulandı. Bu süreçte bana herhangi bir yazılı açıklama veya gerekçe sunulmadı. Sadece 2 saat kalmış olmama rağmen 2 gece ücretinin kesilmesini kesinlikle iyi niyetli bir yaklaşım olarak görmüyorum. 1 gece kesinti yapılarak kalan tutarın tarafıma iade edilmesini talep ediyorum. Ayrıca bu otele gelecek kişilerin denizle ilgili yaşadığım sorunları dikkate almalarını isterim.",,,964,136,63,9,,,,,False,False,False,False,False,False,False,False,False,2026-08-25 12:58:29.219502,2025-08-15 20:39:00,False,DAY_MONTH_YEAR_TIME,False,False,False,False,2025,8,2025-08,,,1917,,0,False,False,False,False,False,False,Azure By Yelken Hotel,Kadıkalesi,4.4,565,,,,962.0,False,False,False,0,0,0,0,,,False,False,False
otelin-denizinin-kotu-olmasi-ve-haksiz-rezervasyon-kesintisi,https://www.sikayetvar.com/azure-by-yelken-hotel/otelin-denizinin-kotu-olmasi-ve-haksiz-rezervasyon-kesintisi,https://www.sikayetvar.com/azure-by-yelken-hotel/otelin-denizinin-kotu-olmasi-ve-haksiz-rezervasyon-kesintisi,BOD112,Azure By Yelken Hotel,Kadıkalesi,Azure by Yelken Hotel,otelin-denizinin-kotu-olmasi-ve-haksiz-rezervasyon-kesintisi,https://www.sikayetvar.com/azure-by-yelken-hotel/otelin-denizinin-kotu-olmasi-ve-haksiz-rezervasyon-kesintisi,Otelin Denizinin Kötü Olması Ve Haksız Rezervasyon Kesintisi,"10-17 Ağustos 2025 tarihleri arasında Tatilbudur acentesi üzerinden 458675463 numaralı rezervasyon ile Azur by Yelken Otel’de konaklama planladık. Otele giriş yaptıktan sadece 2 saat sonra, otelin denizinin çok kötü ve taş/kaya dolu olduğunu, yürüyerek denize girmenin imkansız olduğunu fark ettik. Bu nedenle otelden ayrılmak ve rezervasyonumuzu iptal etmek istedik.
Ancak, Tatilbudur acentesi ve otel yönetimi, sadece 2 saat kalmamıza rağmen toplam 76.000 TL ödediğimiz rezervasyondan 20.000 TL’lik (2 gece) kesinti yaparak iade gerçekleştirdi. Oysa bu kadar kısa sürede ayrılmamıza rağmen 2 gece ücretinin kesilmesini haksız buluyorum. En fazla 1 gece ücretinin kesilmesi gerektiğini düşünüyorum.
Kesilen 2 gece ücretinin iadesini talep ediyorum. Mağduriyetimin giderilmesini rica ederim.",12 Ağustos 2025 16:37,2.076,,,,False,,,False,,,0,,,COMPLAINT_MATCHED,,Dedicated single-property source page,https://www.sikayetvar.com/azure-by-yelken-hotel,2026-08-25T12:58:29.219502+00:00,Otelin Denizinin Kötü Olması Ve Haksız Rezervasyon Kesintisi,"10-17 Ağustos 2025 tarihleri arasında Tatilbudur acentesi üzerinden 458675463 numaralı rezervasyon ile Azur by Yelken Otel’de konaklama planladık. Otele giriş yaptıktan sadece 2 saat sonra, otelin denizinin çok kötü ve taş/kaya dolu olduğunu, yürüyerek denize girmenin imkansız olduğunu fark ettik. Bu nedenle otelden ayrılmak ve rezervasyonumuzu iptal etmek istedik. Ancak, Tatilbudur acentesi ve otel yönetimi, sadece 2 saat kalmamıza rağmen toplam 76.000 TL ödediğimiz rezervasyondan 20.000 TL’lik (2 gece) kesinti yaparak iade gerçekleştirdi. Oysa bu kadar kısa sürede ayrılmamıza rağmen 2 gece ücretinin kesilmesini haksız buluyorum. En fazla 1 gece ücretinin kesilmesi gerektiğini düşünüyorum. Kesilen 2 gece ücretinin iadesini talep ediyorum. Mağduriyetimin giderilmesini rica ederim.",,,791,105,60,8,,,,,False,False,False,False,False,False,False,False,False,2026-08-25 12:58:29.219502,2025-08-12 16:37:00,False,DAY_MONTH_YEAR_TIME,False,False,False,False,2025,8,2025-08,,,2076,,0,False,False,False,False,False,False,Azure By Yelken Hotel,Kadıkalesi,4.4,565,,,,962.0,False,False,False,0,0,0,0,,,False,False,False
oglum-icin-uygun-yatak-saglanmadi-personel-ilgisiz-ve-temizlik-sorunlari-var,https://www.sikayetvar.com/azure-by-yelken-hotel/oglum-icin-uygun-yatak-saglanmadi-personel-ilgisiz-ve-temizlik-sorunlari-var,https://www.sikayetvar.com/azure-by-yelken-hotel/oglum-icin-uygun-yatak-saglanmadi-personel-ilgisiz-ve-temizlik-sorunlari-var,BOD112,Azure By Yelken Hotel,Kadıkalesi,Azure by Yelken Hotel,oglum-icin-uygun-yatak-saglanmadi-personel-ilgisiz-ve-temizlik-sorunlari-var,https://www.sikayetvar.com/azure-by-yelken-hotel/oglum-icin-uygun-yatak-saglanmadi-personel-ilgisiz-ve-temizlik-sorunlari-var,"Oğlum İçin Uygun Yatak Sağlanmadı, Personel İlgisiz Ve Temizlik Sorunları Var","11.08.2025 tarihinde Azure By Yelken Hotel Bodrum Turgutreis'te Ultra her şey dahil deniz manzaralı standart odada konaklamaya başladık. 6 yaşındaki oğlum için, 12 yaş altı ücretsiz olmasına rağmen, park yatak getirildi. Ancak oğlumun boyu bu yatağa sığmıyor ve defalarca belirtmemize rağmen uygun bir yatak getirilmedi; şu an saat 22:36 ve hâlâ çözüm sunulmadı. Oğlum bizim yatağımızda uyumak zorunda kalacak. Ayrıca bize verilen yatak da double değil, iki tek kişilik yatağın birleştirilmesiyle oluşmuş durumda.
Otel yönetimi ve resepsiyon ile görüştüğümüzde ilgileneceklerini ve yatağı değiştireceklerini söylediler ancak herhangi bir değişiklik yapılmadı. Personelin genel olarak ilgisiz olduğunu ve her şeyi kendi şartlarımızla çözmek zorunda kaldığımızı üzülerek belirtmek isterim. Daha burada 3 günümüz olmasına rağmen ilk günden pişman olduk. Ayrıca otelin bahçesinde hamam böcekleriyle karşılaştık; giriş yaptığımızda başka bir müşterinin de aynı şikayette bulunduğuna şahit olduk.
59.052,00 TL tutarındaki ödememi kredi kartı ile gerçekleştirdim ve herhangi bir kampanya ya da indirimden faydalanmadım.
Otel yönetiminden resmi bir özür, yaşadığımız sorunların hızlıca çözülmesini ve personelin misafir memnuniyetine daha fazla önem vermesini talep ediyorum.
Not: Oda numaramın sadece otel yetkilileriyle paylaşılmasını, herkese açık şekilde yayınlanmamasını rica ediyorum.",11 Ağustos 2025 23:08,2.153,,,,False,,,False,,,0,,,COMPLAINT_MATCHED,,Dedicated single-property source page,https://www.sikayetvar.com/azure-by-yelken-hotel,2026-08-25T12:58:29.219502+00:00,"Oğlum İçin Uygun Yatak Sağlanmadı, Personel İlgisiz Ve Temizlik Sorunları Var","11.08.2025 tarihinde Azure By Yelken Hotel Bodrum Turgutreis'te Ultra her şey dahil deniz manzaralı standart odada konaklamaya başladık. 6 yaşındaki oğlum için, 12 yaş altı ücretsiz olmasına rağmen, park yatak getirildi. Ancak oğlumun boyu bu yatağa sığmıyor ve defalarca belirtmemize rağmen uygun bir yatak getirilmedi; şu an saat 22:36 ve hâlâ çözüm sunulmadı. Oğlum bizim yatağımızda uyumak zorunda kalacak. Ayrıca bize verilen yatak da double değil, iki tek kişilik yatağın birleştirilmesiyle oluşmuş durumda. Otel yönetimi ve resepsiyon ile görüştüğümüzde ilgileneceklerini ve yatağı değiştireceklerini söylediler ancak herhangi bir değişiklik yapılmadı. Personelin genel olarak ilgisiz olduğunu ve her şeyi kendi şartlarımızla çözmek zorunda kaldığımızı üzülerek belirtmek isterim. Daha burada 3 günümüz olmasına rağmen ilk günden pişman olduk. Ayrıca otelin bahçesinde hamam böcekleriyle karşılaştık; giriş yaptığımızda başka bir müşterinin de aynı şikayette bulunduğuna şahit olduk. 59.052,00 TL tutarındaki ödememi kredi kartı ile gerçekleştirdim ve herhangi bir kampanya ya da indirimden faydalanmadım. Otel yönetiminden resmi bir özür, yaşadığımız sorunların hızlıca çözülmesini ve personelin misafir memnuniyetine daha fazla önem vermesini talep ediyorum. Not: Oda numaramın sadece otel yetkilileriyle paylaşılmasını, herkese açık şekilde yayınlanmamasını rica ediyorum.",,,1382,180,77,11,,,,,False,False,False,False,False,False,False,False,False,2026-08-25 12:58:29.219502,2025-08-11 23:08:00,False,DAY_MONTH_YEAR_TIME,False,False,False,False,2025,8,2025-08,,,2153,,0,False,False,False,True,False,False,Azure By Yelken Hotel,Kadıkalesi,4.4,565,,,,962.0,False,False,False,0,0,0,0,,,False,False,False
hijyen-ve-hizmet-eksiklikleri-hayal-kirikligi-yaratti,https://www.sikayetvar.com/azure-by-yelken-hotel/hijyen-ve-hizmet-eksiklikleri-hayal-kirikligi-yaratti,https://www.sikayetvar.com/azure-by-yelken-hotel/hijyen-ve-hizmet-eksiklikleri-hayal-kirikligi-yaratti,BOD112,Azure By Yelken Hotel,Kadıkalesi,Azure by Yelken Hotel,hijyen-ve-hizmet-eksiklikleri-hayal-kirikligi-yaratti,https://www.sikayetvar.com/azure-by-yelken-hotel/hijyen-ve-hizmet-eksiklikleri-hayal-kirikligi-yaratti,Hijyen Ve Hizmet Eksiklikleri Hayal Kırıklığı Yarattı,"6 Ağustos 2025 tarihinde eşimle birlikte Azure by Yelken Bodrum Oteli'nde 4 gün konakladık. Ancak otelde yaşadığımız hijyen ve hizmet sorunları beklentilerimizin çok altındaydı. Odamızda yataklar ayrı ayrı konulmuştu ve bu durum konaklamamızı olumsuz etkiledi. Havuzun temizliği yetersizdi, her sabah havuzda yer bulmak için 6'da kalkmak zorunda kaldık ve buna rağmen çoğu zaman 3 saat boyunca yer aradık. Otelin ""her şey dahil"" konsepti vaat edilmesine rağmen birçok hizmet dahil değildi; akşam yemeklerinde kaşık ve çatal bulmakta bile zorlandık. 5 yıldızlı bir otelden beklenen ilgi ve alaka kesinlikle yoktu.
Yaşadığımız sorunları otel personeline ilettik ve erken çıkış yapmak isteyip ücret iadesi talep ettik. Ancak sadece bir günün ücretini iade edebileceklerini söylediler, bu nedenle konaklamaya devam etmek zorunda kaldık. Benzer şikayetlerin diğer misafirler tarafından da dile getirildiğini gözlemledim.",10 Ağustos 2025 15:13,2.188,,,,False,,,False,,,0,,,COMPLAINT_MATCHED,,Dedicated single-property source page,https://www.sikayetvar.com/azure-by-yelken-hotel,2026-08-25T12:58:29.219502+00:00,Hijyen Ve Hizmet Eksiklikleri Hayal Kırıklığı Yarattı,"6 Ağustos 2025 tarihinde eşimle birlikte Azure by Yelken Bodrum Oteli'nde 4 gün konakladık. Ancak otelde yaşadığımız hijyen ve hizmet sorunları beklentilerimizin çok altındaydı. Odamızda yataklar ayrı ayrı konulmuştu ve bu durum konaklamamızı olumsuz etkiledi. Havuzun temizliği yetersizdi, her sabah havuzda yer bulmak için 6'da kalkmak zorunda kaldık ve buna rağmen çoğu zaman 3 saat boyunca yer aradık. Otelin ""her şey dahil"" konsepti vaat edilmesine rağmen birçok hizmet dahil değildi; akşam yemeklerinde kaşık ve çatal bulmakta bile zorlandık. 5 yıldızlı bir otelden beklenen ilgi ve alaka kesinlikle yoktu. Yaşadığımız sorunları otel personeline ilettik ve erken çıkış yapmak isteyip ücret iadesi talep ettik. Ancak sadece bir günün ücretini iade edebileceklerini söylediler, bu nedenle konaklamaya devam etmek zorunda kaldık. Benzer şikayetlerin diğer misafirler tarafından da dile getirildiğini gözlemledim.",,,915,126,53,7,,,,,False,False,False,False,False,False,False,False,False,2026-08-25 12:58:29.219502,2025-08-10 15:13:00,False,DAY_MONTH_YEAR_TIME,False,False,False,False,2025,8,2025-08,,,2188,,0,False,False,False,False,False,False,Azure By Yelken Hotel,Kadıkalesi,4.4,565,,,,962.0,False,False,False,0,0,0,0,,,False,False,False
hijyen-eksikligi-ve-cozum-sunulmayan-otelde-magduriyet-yasadim,https://www.sikayetvar.com/azure-by-yelken-hotel/hijyen-eksikligi-ve-cozum-sunulmayan-otelde-magduriyet-yasadim,https://www.sikayetvar.com/azure-by-yelken-hotel/hijyen-eksikligi-ve-cozum-sunulmayan-otelde-magduriyet-yasadim,BOD112,Azure By Yelken Hotel,Kadıkalesi,Azure by Yelken Hotel,hijyen-eksikligi-ve-cozum-sunulmayan-otelde-magduriyet-yasadim,https://www.sikayetvar.com/azure-by-yelken-hotel/hijyen-eksikligi-ve-cozum-sunulmayan-otelde-magduriyet-yasadim,Hijyen Eksikliği Ve Çözüm Sunulmayan Otelde Mağduriyet Yaşadım,"8 Ağustos 2025 tarihinde Tatilbudur üzerinden Azure by Yelken Bodrum oteline 3 gece konaklamak üzere giriş yaptım. Otele giriş saati olan 14.00’te resepsiyonda başka bir müşteriyle kavga yaşandığı için ancak 14.30’da odamı alabildim. Verilen oda yağlı, kötü kokulu, aşırı tozlu ve küflüydü. Başka bir oda talep ettim, 15.00’te verilen ikinci odada ise nevresimlerde kan lekeleri vardı ve oda yine çok kirliydi. Temizlik talep ettim, ardından Snack Bar’a indiğimde ise yerlerin yağlı olduğunu, çalışanların bardakların pis olduğunu söylediklerini ve genel olarak hiçbir hijyen kuralına uyulmadığını gördüm. Hamburger köfteleri yanık ve gıda güvenliği yoktu.
Bu koşullarda konaklamanın mümkün olmadığını belirterek 15.30’da Tatilbudur yetkilileriyle iletişime geçtim. 17.45’e kadar herhangi bir çözüm sunulmadı, bu süreçte resepsiyonda beklemek zorunda kaldım ve otelin suyunu dahi içmedim. Hijyen eksikliği nedeniyle aynı gün, girişten yaklaşık 1-2 saat sonra otelden ayrılmak zorunda kaldım. Tatilbudur müşteri hizmetleriyle görüştüğümde bana hiçbir çözüm veya alternatif sunulmadı.
Tatilbudur tarafından bana iletilen çözüm ise, sesli yanıt sisteminden o gece otelde kaldığımı onaylamam halinde 2 gecelik ücret iadesi yapılacağı, aksi halde 3 gecelik ücretin tamamının yanacağı şeklindeydi. Bu şekilde yalan beyana zorlandım ve bunu kesinlikle kabul etmedim. Yazılı yanıt talebime ise “veremiyoruz” şeklinde dönüş aldım; hukuka aykırı şekilde yazılı gerekçe sunulmadı. Ayrıca otelde sürekli kavga çıktığına ve jandarmanın geldiğine şahit oldum. Otel, aynı gün ayıplı hizmet nedeniyle çıkmama rağmen, hukuka ve kanuna aykırı şekilde iadeyi onaylamadığını iletiyor.
Rezervasyon numaram: 469592032. Ödememi kredi kartı ile 34.200 TL olarak yaptım. Tüm bu yaşananlar nedeniyle, ödemenin tamamının derhal iadesini ve resmi bir özür talep ediyorum. Aksi halde maddi ve manevi tazminat hakkımı kullanacağımı belirtmek isterim.",9 Ağustos 2025 12:48,2.732,,,,False,,,False,,,0,,,COMPLAINT_MATCHED,,Dedicated single-property source page,https://www.sikayetvar.com/azure-by-yelken-hotel,2026-08-25T12:58:29.219502+00:00,Hijyen Eksikliği Ve Çözüm Sunulmayan Otelde Mağduriyet Yaşadım,"8 Ağustos 2025 tarihinde Tatilbudur üzerinden Azure by Yelken Bodrum oteline 3 gece konaklamak üzere giriş yaptım. Otele giriş saati olan 14.00’te resepsiyonda başka bir müşteriyle kavga yaşandığı için ancak 14.30’da odamı alabildim. Verilen oda yağlı, kötü kokulu, aşırı tozlu ve küflüydü. Başka bir oda talep ettim, 15.00’te verilen ikinci odada ise nevresimlerde kan lekeleri vardı ve oda yine çok kirliydi. Temizlik talep ettim, ardından Snack Bar’a indiğimde ise yerlerin yağlı olduğunu, çalışanların bardakların pis olduğunu söylediklerini ve genel olarak hiçbir hijyen kuralına uyulmadığını gördüm. Hamburger köfteleri yanık ve gıda güvenliği yoktu. Bu koşullarda konaklamanın mümkün olmadığını belirterek 15.30’da Tatilbudur yetkilileriyle iletişime geçtim. 17.45’e kadar herhangi bir çözüm sunulmadı, bu süreçte resepsiyonda beklemek zorunda kaldım ve otelin suyunu dahi içmedim. Hijyen eksikliği nedeniyle aynı gün, girişten yaklaşık 1-2 saat sonra otelden ayrılmak zorunda kaldım. Tatilbudur müşteri hizmetleriyle görüştüğümde bana hiçbir çözüm veya alternatif sunulmadı. Tatilbudur tarafından bana iletilen çözüm ise, sesli yanıt sisteminden o gece otelde kaldığımı onaylamam halinde 2 gecelik ücret iadesi yapılacağı, aksi halde 3 gecelik ücretin tamamının yanacağı şeklindeydi. Bu şekilde yalan beyana zorlandım ve bunu kesinlikle kabul etmedim. Yazılı yanıt talebime ise “veremiyoruz” şeklinde dönüş aldım; hukuka aykırı şekilde yazılı gerekçe sunulmadı. Ayrıca otelde sürekli kavga çıktığına ve jandarmanın geldiğine şahit oldum. Otel, aynı gün ayıplı hizmet nedeniyle çıkmama rağmen, hukuka ve kanuna aykırı şekilde iadeyi onaylamadığını iletiyor. Rezervasyon numaram: 469592032. Ödememi kredi kartı ile 34.200 TL olarak yaptım. Tüm bu yaşananlar nedeniyle, ödemenin tamamının derhal iadesini ve resmi bir özür talep ediyorum. Aksi halde maddi ve manevi tazminat hakkımı kullanacağımı belirtmek isterim.",,,1920,257,62,8,,,,,False,False,False,False,False,False,False,False,False,2026-08-25 12:58:29.219502,2025-08-09 12:48:00,False,DAY_MONTH_YEAR_TIME,False,False,False,False,2025,8,2025-08,,,2732,,0,False,False,False,False,False,False,Azure By Yelken Hotel,Kadıkalesi,4.4,565,,,,962.0,False,False,False,0,0,0,0,,,False,False,False
azure-by-yelken-hotelde-zehirlenenler,https://www.sikayetvar.com/azure-by-yelken-hotel/azure-by-yelken-hotelde-zehirlenenler,https://www.sikayetvar.com/azure-by-yelken-hotel/azure-by-yelken-hotelde-zehirlenenler,BOD112,Azure By Yelken Hotel,Kadıkalesi,Azure by Yelken Hotel,azure-by-yelken-hotelde-zehirlenenler,https://www.sikayetvar.com/azure-by-yelken-hotel/azure-by-yelken-hotelde-zehirlenenler,'de Zehirlenenler,"4-5 Ağustos tarihlerinde abim e** f**, eşi G**f** ve 5 yaşındaki ikiz çocukları c** f** ile c**f**, Azura by Yelken Hotel’de konakladı. Akşam otel restoranında balık yedikten sonra, otelin genel hijyen koşullarının çok kötü olduğunu fark ettikleri için ertesi sabah otelden ayrıldılar. Aynı gün tüm aile fertlerinde ciddi zehirlenme belirtileri başladı. Şu anda eşi ve çocukları Datça’da hastanede yatmakta. Abimin ise balıktan kaynaklı olarak kalbine bakteri sıçradığı tespit edildiği için kalp krizi şüphesiyle şehir hastanesine sevk edildi.
Bu süreçte yol, konaklama ve sağlık giderleri 100 bin TL’yi geçti. Otel yönetimiyle henüz iletişime geçilmedi, ancak yaşanan maddi ve manevi zararların karşılanmasını, ayrıca otelin hijyen koşullarıyla ilgili gerekli önlemlerin alınmasını talep ediyoruz. Bu olayın başkalarının da başına gelmemesi için şikayetimizin hem otel yönetimine hem de kamuya açık şekilde paylaşılmasını istiyoruz. İlgili makamların ve otel yetkililerinin acil olarak dönüş yapmasını bekliyoruz.",8 Ağustos 2025 16:03,1.630,,,,False,,,False,,,0,,,COMPLAINT_MATCHED,,Dedicated single-property source page,https://www.sikayetvar.com/azure-by-yelken-hotel,2026-08-25T12:58:29.219502+00:00,'de Zehirlenenler,"4-5 Ağustos tarihlerinde abim e** f**, eşi G**f** ve 5 yaşındaki ikiz çocukları c** f** ile c**f**, Azura by Yelken Hotel’de konakladı. Akşam otel restoranında balık yedikten sonra, otelin genel hijyen koşullarının çok kötü olduğunu fark ettikleri için ertesi sabah otelden ayrıldılar. Aynı gün tüm aile fertlerinde ciddi zehirlenme belirtileri başladı. Şu anda eşi ve çocukları Datça’da hastanede yatmakta. Abimin ise balıktan kaynaklı olarak kalbine bakteri sıçradığı tespit edildiği için kalp krizi şüphesiyle şehir hastanesine sevk edildi. Bu süreçte yol, konaklama ve sağlık giderleri 100 bin TL’yi geçti. Otel yönetimiyle henüz iletişime geçilmedi, ancak yaşanan maddi ve manevi zararların karşılanmasını, ayrıca otelin hijyen koşullarıyla ilgili gerekli önlemlerin alınmasını talep ediyoruz. Bu olayın başkalarının da başına gelmemesi için şikayetimizin hem otel yönetimine hem de kamuya açık şekilde paylaşılmasını istiyoruz. İlgili makamların ve otel yetkililerinin acil olarak dönüş yapmasını bekliyoruz.",,,1014,138,17,2,,,,,False,False,False,False,False,False,False,False,False,2026-08-25 12:58:29.219502,2025-08-08 16:03:00,False,DAY_MONTH_YEAR_TIME,False,False,False,False,2025,8,2025-08,,,1630,,0,False,False,False,False,False,False,Azure By Yelken Hotel,Kadıkalesi,4.4,565,,,,962.0,False,False,False,0,0,0,0,,,False,False,False
rezervasyonum-eksik-oda-ve-yatakla-hayal-kirikligina-donustu,https://www.sikayetvar.com/azure-by-yelken-hotel/rezervasyonum-eksik-oda-ve-yatakla-hayal-kirikligina-donustu,https://www.sikayetvar.com/azure-by-yelken-hotel/rezervasyonum-eksik-oda-ve-yatakla-hayal-kirikligina-donustu,BOD112,Azure By Yelken Hotel,Kadıkalesi,Azure by Yelken Hotel,rezervasyonum-eksik-oda-ve-yatakla-hayal-kirikligina-donustu,https://www.sikayetvar.com/azure-by-yelken-hotel/rezervasyonum-eksik-oda-ve-yatakla-hayal-kirikligina-donustu,Rezervasyonum Eksik Oda Ve Yatakla Hayal Kırıklığına Dönüştü,Tatilbudur.com dan tatil rezervasyonu yaptırdım. 2 yetişkin 2 çocuk 4 kişilik olarak rezervasyonumu yaptım fakat otele gittiğimizde yok standart deniz manzaralı oda seçmişsiniz yok 4 kişilik deniz manzaralı odamız yok gibi bahaneler söyleniyor. Ben rezervasyonumu ona göre yaptım ona göre de ücret ödedim diyorum olabilir. Elimizdeki odalar bunlar deniyor. 4 yataklı odaları yokmuş 4. Yatak olarak yatakları kaydırıp yanına katlanır yatak verilecekmiş. Madem yatağınız yok neden satıyorsunuz insanlar saatlerce yoldan geliyor. Dinlenip tatil yapacağız diye ama daha ilk dakikada yaşanan olumsuzluklar nedeniyle tatilimize sinirle başladık. Tatilbudur ve azure by yelken hotelden bir daha tatil almak mı asla.! Şuan rutubet kokan ufacık bir odada 4 kişi tatil yapmaya çalışıyoruz.,4 Ağustos 2025 15:04,1.996,,,,False,,,False,,,0,,,COMPLAINT_MATCHED,,Dedicated single-property source page,https://www.sikayetvar.com/azure-by-yelken-hotel,2026-08-25T12:58:29.219502+00:00,Rezervasyonum Eksik Oda Ve Yatakla Hayal Kırıklığına Dönüştü,Tatilbudur.com dan tatil rezervasyonu yaptırdım. 2 yetişkin 2 çocuk 4 kişilik olarak rezervasyonumu yaptım fakat otele gittiğimizde yok standart deniz manzaralı oda seçmişsiniz yok 4 kişilik deniz manzaralı odamız yok gibi bahaneler söyleniyor. Ben rezervasyonumu ona göre yaptım ona göre de ücret ödedim diyorum olabilir. Elimizdeki odalar bunlar deniyor. 4 yataklı odaları yokmuş 4. Yatak olarak yatakları kaydırıp yanına katlanır yatak verilecekmiş. Madem yatağınız yok neden satıyorsunuz insanlar saatlerce yoldan geliyor. Dinlenip tatil yapacağız diye ama daha ilk dakikada yaşanan olumsuzluklar nedeniyle tatilimize sinirle başladık. Tatilbudur ve azure by yelken hotelden bir daha tatil almak mı asla.! Şuan rutubet kokan ufacık bir odada 4 kişi tatil yapmaya çalışıyoruz.,,,779,108,60,8,,,,,False,False,False,False,False,False,False,False,False,2026-08-25 12:58:29.219502,2025-08-04 15:04:00,False,DAY_MONTH_YEAR_TIME,False,False,False,False,2025,8,2025-08,,,1996,,0,False,False,False,False,False,False,Azure By Yelken Hotel,Kadıkalesi,4.4,565,,,,962.0,False,False,False,0,0,0,0,,,False,False,False
tatilbudurda-hayal-kirikligi-temizlik-hizmet-ve-konfor-sorunlari,https://www.sikayetvar.com/azure-by-yelken-hotel/tatilbudurda-hayal-kirikligi-temizlik-hizmet-ve-konfor-sorunlari,https://www.sikayetvar.com/azure-by-yelken-hotel/tatilbudurda-hayal-kirikligi-temizlik-hizmet-ve-konfor-sorunlari,BOD112,Azure By Yelken Hotel,Kadıkalesi,Azure by Yelken Hotel,tatilbudurda-hayal-kirikligi-temizlik-hizmet-ve-konfor-sorunlari,https://www.sikayetvar.com/azure-by-yelken-hotel/tatilbudurda-hayal-kirikligi-temizlik-hizmet-ve-konfor-sorunlari,"Tatilbudur'da Hayal Kırıklığı: Temizlik, Hizmet Ve Konfor Sorunları","Bugün çıkış yapıyorum, Tatilbudur bundan sonra bizim için bitmiştir. 5 kişi ve 1 bebek geldik, odalar vasattı. Banyo klozeti sapsarı, içi de kapkara olmuştu. Duşakabin yok, perde var; yıl olmuş 2025, hâlâ eski usul. WC fırçası paslanmış, duş içi duvarlar kararmış. Akşam saatlerinde koridorda ve odada ağır bir koku vardı.Oda içinde temizlik iyi değildi. Yerler süpürülmemişti, yatakların hepsi tek kişilikti; çift kişilik için birleştiriyorsun. Odalarda sinek ya da böcek vardı, eşimle beni yedi bitirdi, kaşınmaktan uyuyamadık. Klima yok, havalandırma var. Park yatak üçüncü istememizde geldi. Oda kırıktı, oklava ile sabitlemek istemişler.Aile oteli olmasına rağmen bebekler için özel yemek yoktu. Diğer otellerde bebek/çocuklar için bölümler var. Her gün sadece haşlanmış sebze (brokoli, karnabahar, havuç, bezelye) çıkıyor, bir de haşlanmış tavuk ama kıpkırmızıydı, denemedik bile.Alakart yemek hakkımızı dolu diye kullanamadık, yardımcı da olmadılar.Diğer şikayetlerimi de müşteri hizmetlerindeki arkadaşa ilettim, sadece yüzüme bakmakla yetindi, not alıyormuş gibi yaptı. En azından odayı tertemiz yaptırsaydı!Havuz otele göre çok küçük ve hijyen açısından sıkıntılı, akşamları temizlendiği de meçhul. Fotoğraflardaki ile asla bağlantısı yok.Deniz ilk gün fazla kirliydi. Diğer günler erken girdiğimiz için biraz daha iyiydi ama plajı kum değil, taşlı; ilerledikçe taşlar bitmiyor, devam ediyor.Bir gün loca kiraladık çünkü tüm şezlonglar doluydu, kullanan da kullanmayan da havlu bırakıyor. Locadaki minderler çok kirliydi. İçinde bulunan mini buzdolabı da çok pisti. Onun dışında gidip kendimizin aldığı şeyleri garsonun getirmesi tek ekstrasıydı.Pastane diye geçen yerin pasta stantlarının olduğu vitrin kirliydi. En son ne zaman silindiği belli değil, çeşit az ve lezzetsizdi. Ayrıca hazır BİM'den alınan gofret ve pötibör bisküvi vardı, şaka gibi.Çocuk Kids adı altında yapılan animasyon gösterisi, gösteri değil; şarkı açıp çocukları zıplatmak. Çarşamba akşamı dışarıdan bir ekip geldi, 15 dakika gösteri yapıp gittiler. Gösteri sahnesi olmadığı için dar bir alanda, ışıksız karanlıkta izlenmeye çalışıldı.Perşembe akşamı olan canlı müzikte solist bir şeye sinirlendi ve kızıp gitti. Dakikalar sonrasında yaşlı bir adam eline mikrofonu aldı, şarkı söyledi, durumu toparlamaya çalıştı. Solistin sesinden çok daha iyiydi amcanın sesi.",1 Ağustos 2025 09:41,5.279,,,,False,,,False,,,0,,,COMPLAINT_MATCHED,,Dedicated single-property source page,https://www.sikayetvar.com/azure-by-yelken-hotel,2026-08-25T12:58:29.219502+00:00,"Tatilbudur'da Hayal Kırıklığı: Temizlik, Hizmet Ve Konfor Sorunları","Bugün çıkış yapıyorum, Tatilbudur bundan sonra bizim için bitmiştir. 5 kişi ve 1 bebek geldik, odalar vasattı. Banyo klozeti sapsarı, içi de kapkara olmuştu. Duşakabin yok, perde var; yıl olmuş 2025, hâlâ eski usul. WC fırçası paslanmış, duş içi duvarlar kararmış. Akşam saatlerinde koridorda ve odada ağır bir koku vardı.Oda içinde temizlik iyi değildi. Yerler süpürülmemişti, yatakların hepsi tek kişilikti; çift kişilik için birleştiriyorsun. Odalarda sinek ya da böcek vardı, eşimle beni yedi bitirdi, kaşınmaktan uyuyamadık. Klima yok, havalandırma var. Park yatak üçüncü istememizde geldi. Oda kırıktı, oklava ile sabitlemek istemişler.Aile oteli olmasına rağmen bebekler için özel yemek yoktu. Diğer otellerde bebek/çocuklar için bölümler var. Her gün sadece haşlanmış sebze (brokoli, karnabahar, havuç, bezelye) çıkıyor, bir de haşlanmış tavuk ama kıpkırmızıydı, denemedik bile.Alakart yemek hakkımızı dolu diye kullanamadık, yardımcı da olmadılar.Diğer şikayetlerimi de müşteri hizmetlerindeki arkadaşa ilettim, sadece yüzüme bakmakla yetindi, not alıyormuş gibi yaptı. En azından odayı tertemiz yaptırsaydı!Havuz otele göre çok küçük ve hijyen açısından sıkıntılı, akşamları temizlendiği de meçhul. Fotoğraflardaki ile asla bağlantısı yok.Deniz ilk gün fazla kirliydi. Diğer günler erken girdiğimiz için biraz daha iyiydi ama plajı kum değil, taşlı; ilerledikçe taşlar bitmiyor, devam ediyor.Bir gün loca kiraladık çünkü tüm şezlonglar doluydu, kullanan da kullanmayan da havlu bırakıyor. Locadaki minderler çok kirliydi. İçinde bulunan mini buzdolabı da çok pisti. Onun dışında gidip kendimizin aldığı şeyleri garsonun getirmesi tek ekstrasıydı.Pastane diye geçen yerin pasta stantlarının olduğu vitrin kirliydi. En son ne zaman silindiği belli değil, çeşit az ve lezzetsizdi. Ayrıca hazır BİM'den alınan gofret ve pötibör bisküvi vardı, şaka gibi.Çocuk Kids adı altında yapılan animasyon gösterisi, gösteri değil; şarkı açıp çocukları zıplatmak. Çarşamba akşamı dışarıdan bir ekip geldi, 15 dakika gösteri yapıp gittiler. Gösteri sahnesi olmadığı için dar bir alanda, ışıksız karanlıkta izlenmeye çalışıldı.Perşembe akşamı olan canlı müzikte solist bir şeye sinirlendi ve kızıp gitti. Dakikalar sonrasında yaşlı bir adam eline mikrofonu aldı, şarkı söyledi, durumu toparlamaya çalıştı. Solistin sesinden çok daha iyiydi amcanın sesi.",,,2345,318,67,8,,,,,False,False,False,False,False,False,False,False,False,2026-08-25 12:58:29.219502,2025-08-01 09:41:00,False,DAY_MONTH_YEAR_TIME,False,False,False,False,2025,8,2025-08,,,5279,,0,False,False,False,False,False,False,Azure By Yelken Hotel,Kadıkalesi,4.4,565,,,,962.0,False,False,False,0,0,0,0,,,False,False,False
otel-yonetimi-ve-hizmet-kalitesi-hayal-kirikligi-yaratti,https://www.sikayetvar.com/azure-by-yelken-hotel/otel-yonetimi-ve-hizmet-kalitesi-hayal-kirikligi-yaratti,https://www.sikayetvar.com/azure-by-yelken-hotel/otel-yonetimi-ve-hizmet-kalitesi-hayal-kirikligi-yaratti,BOD112,Azure By Yelken Hotel,Kadıkalesi,Azure by Yelken Hotel,otel-yonetimi-ve-hizmet-kalitesi-hayal-kirikligi-yaratti,https://www.sikayetvar.com/azure-by-yelken-hotel/otel-yonetimi-ve-hizmet-kalitesi-hayal-kirikligi-yaratti,Otel Yönetimi Ve Hizmet Kalitesi Hayal Kırıklığı Yarattı,"Hayatınızın en kötü tatiline hazırsanız rezervasyon yapın.Çok fazla otel gezdim, kötü otellerle karşılaştım fakat bu otel başka bir seviyede. Eğer çöpe atacağınız paranız varsa değerlendirebilirsiniz.İnanılmaz kötü bir genel müdürleri (G**** isimli bir kadın)İnanılmaz kötü niyetli bir operasyon müdürü (C***** isimli bir adam)Tüm samimiyetimle söylemeliyim ki yılda bir kere kafa dinlemek için tatil yapıyorsunuz. Bunu lütfen bu otelle heba etmeyin.",26 Temmuz 2025 12:59,2.001,,,,False,,,False,,,0,,,COMPLAINT_MATCHED,,Dedicated single-property source page,https://www.sikayetvar.com/azure-by-yelken-hotel,2026-08-25T12:58:29.219502+00:00,Otel Yönetimi Ve Hizmet Kalitesi Hayal Kırıklığı Yarattı,"Hayatınızın en kötü tatiline hazırsanız rezervasyon yapın.Çok fazla otel gezdim, kötü otellerle karşılaştım fakat bu otel başka bir seviyede. Eğer çöpe atacağınız paranız varsa değerlendirebilirsiniz.İnanılmaz kötü bir genel müdürleri (G**** isimli bir kadın)İnanılmaz kötü niyetli bir operasyon müdürü (C***** isimli bir adam)Tüm samimiyetimle söylemeliyim ki yılda bir kere kafa dinlemek için tatil yapıyorsunuz. Bunu lütfen bu otelle heba etmeyin.",,,450,59,56,8,,,,,False,False,False,False,False,False,False,False,False,2026-08-25 12:58:29.219502,2025-07-26 12:59:00,False,DAY_MONTH_YEAR_TIME,False,False,False,False,2025,7,2025-07,,,2001,,0,False,False,False,False,False,False,Azure By Yelken Hotel,Kadıkalesi,4.4,565,,,,962.0,False,False,False,0,0,0,0,,,False,False,False
gece-gurultusu-ve-yetersiz-hizmetler-nedeniyle-memnuniyetsizlik,https://www.sikayetvar.com/azure-by-yelken-hotel/gece-gurultusu-ve-yetersiz-hizmetler-nedeniyle-memnuniyetsizlik,https://www.sikayetvar.com/azure-by-yelken-hotel/gece-gurultusu-ve-yetersiz-hizmetler-nedeniyle-memnuniyetsizlik,BOD112,Azure By Yelken Hotel,Kadıkalesi,Azure by Yelken Hotel,gece-gurultusu-ve-yetersiz-hizmetler-nedeniyle-memnuniyetsizlik,https://www.sikayetvar.com/azure-by-yelken-hotel/gece-gurultusu-ve-yetersiz-hizmetler-nedeniyle-memnuniyetsizlik,Gece Gürültüsü Ve Yetersiz Hizmetler Nedeniyle Memnuniyetsizlik,"Şu an gece 01:15 ve sarhoş turistlerin bağırışlarını dinliyoruz. Yüksek sesle konuşuluyor ve kimse müdahale etmiyor. Havuz tarafındaki odalarda her gece benzer bir durum yaşanıyor, sürekli gürültü var.
Odalar düzgün temizlenmiyor, balkon kısmı hiç temizlenmedi, 5 gün oldu. Sigara küllüğü aynı şekilde duruyor. Yerler yüzeysel olarak paspaslanıyor.
Mini barın her gün yenilenmesi gerekiyor. Daha uygun fiyatlı otellerde bu hizmet sağlanabiliyor, burada da yapılmalı.
Akşam yemek saati 21:00'de sona eriyor. Rakınızı içerken, personel gelip 'Kapatıyoruz' diyor, bu durum hoş değil.
Alkol bardakları küçük plastik bardaklar. Cam bardak veya daha büyük bardaklarla havuz ve denize gitmek mümkün değil, sürekli gidip gelmek gerekiyor.
Alt kattaki barda makinelerin bazıları çalışmıyor, istediğiniz içkileri bulamama ihtimaliniz yüksek. Odadaki kasa çalışmıyor. Yemekler idare eder, 10 üzerinden 6 puan veriyorum. Otel ve havuz küçük, fotoğraflarda göründüğü gibi değil.
Otopark sorunu var, kapasitesi yetersiz, 100 metre uzağa park etmek gerekebiliyor. Kapının önü rezerv edilmiş, şanslıysanız etrafta yer bulabiliyorsunuz. Benim gözümde otel 10 üzerinden 5 puan alıyor.",18 Haziran 2025 01:42,3.066,,,,False,,,False,,,0,,,COMPLAINT_MATCHED,,Dedicated single-property source page,https://www.sikayetvar.com/azure-by-yelken-hotel,2026-08-25T12:58:29.219502+00:00,Gece Gürültüsü Ve Yetersiz Hizmetler Nedeniyle Memnuniyetsizlik,"Şu an gece 01:15 ve sarhoş turistlerin bağırışlarını dinliyoruz. Yüksek sesle konuşuluyor ve kimse müdahale etmiyor. Havuz tarafındaki odalarda her gece benzer bir durum yaşanıyor, sürekli gürültü var. Odalar düzgün temizlenmiyor, balkon kısmı hiç temizlenmedi, 5 gün oldu. Sigara küllüğü aynı şekilde duruyor. Yerler yüzeysel olarak paspaslanıyor. Mini barın her gün yenilenmesi gerekiyor. Daha uygun fiyatlı otellerde bu hizmet sağlanabiliyor, burada da yapılmalı. Akşam yemek saati 21:00'de sona eriyor. Rakınızı içerken, personel gelip 'Kapatıyoruz' diyor, bu durum hoş değil. Alkol bardakları küçük plastik bardaklar. Cam bardak veya daha büyük bardaklarla havuz ve denize gitmek mümkün değil, sürekli gidip gelmek gerekiyor. Alt kattaki barda makinelerin bazıları çalışmıyor, istediğiniz içkileri bulamama ihtimaliniz yüksek. Odadaki kasa çalışmıyor. Yemekler idare eder, 10 üzerinden 6 puan veriyorum. Otel ve havuz küçük, fotoğraflarda göründüğü gibi değil. Otopark sorunu var, kapasitesi yetersiz, 100 metre uzağa park etmek gerekebiliyor. Kapının önü rezerv edilmiş, şanslıysanız etrafta yer bulabiliyorsunuz. Benim gözümde otel 10 üzerinden 5 puan alıyor.",,,1166,157,63,7,,,,,False,False,False,False,False,False,False,False,False,2026-08-25 12:58:29.219502,2025-06-18 01:42:00,False,DAY_MONTH_YEAR_TIME,False,False,False,False,2025,6,2025-06,,,3066,,0,False,False,False,False,False,False,Azure By Yelken Hotel,Kadıkalesi,4.4,565,,,,962.0,False,False,False,0,0,0,0,,,False,False,False
azure-by-yelken-hotel-sikayetciyim,https://www.sikayetvar.com/azure-by-yelken-hotel/azure-by-yelken-hotel-sikayetciyim,https://www.sikayetvar.com/azure-by-yelken-hotel/azure-by-yelken-hotel-sikayetciyim,BOD112,Azure By Yelken Hotel,Kadıkalesi,Azure by Yelken Hotel,azure-by-yelken-hotel-sikayetciyim,https://www.sikayetvar.com/azure-by-yelken-hotel/azure-by-yelken-hotel-sikayetciyim,Şikayetçiyim,"Otel ihmali sonucu kaza, gidecek olanlar bol bol dua etsin! 4 gece 5 gün konakladığım otelde tatil yerine yataklara düştüm hem de otelin ihmalkarlığı yüzünden anlatayım; iskeleden suya girmek için merdivenlere bastığımda 4. Merdiven basmamla düşmesi bir oldu, basamak çürükmüş suya düştü benim bacağım olduğu gibi merdivenin arasına girdi ve dizim kaba etim sıyrılmanın ötesinde yaralandı görselini de paylaşacağım, otelin doktoruna gittiğimde doktor yok hemşire var baticon sürmekle yetinebildi çünkü elinde başka ekipman yok, demir paslı olduğu için de tetanos aşısı yaptırmamın şart olduğunu söyledi ama mahcubiyet ya da herhangi bir çaba yok yardım için, lobiye çıkıp müşteri ilişkilerine sorunu anlattım aynı şekil hastaneye gidin diye akıl verdi, yaralanmış vaziyetteyim ama asla yardım hizmet yok, tepki gösterip bir zahmet araç ayarlamalarını ve götürmelerini istedim. Bir dünya telefon görüşmeleri vs, Allah korusun kafam patlasa bir yerim kırılsa öyle bekleyeceğim Allah'a emanet, neyse Dr. Gidip iğne vuruldum ertesi gün de kolumun acısı eklendi bacağımın acısına ateşler içinde kaldım. 39 derece tekrar hastaneye gidip serum takmak zorunda kaldım mecbur, ve ben o kazayı yaşadığım anda otel çalışanlarından biri tesadüf iskelede bir müşteri ile konuşuyordu beni gördü o anda, ve bana söylediği; 1 hafta içinde bu ikinci oluyor. Söylüyoruz ama otel yönetimi ilgilenmiyor umursamıyor, çalışanlara hiçbir şey diyemem onlar da emir kulu ama paranızı verip gittiğiniz işletme sahibi asla müşterilerinin güvenliğini umursamıyor benden önce de bir kadın düşmüş sırtı komple yaralanmış ve asla bir aksiyon alınmamış, son 2 günüm hasta geçti ve paramın iadesini istedim ama nafile. Umurlarında değil ve Tatilbudur sitesine de asla güvenmem artık bu kadar çok şikayet alan bir işletmeyi nasıl sitesine koyup insanlara satmaya çalışır anlamıyorum, ve size otelin vasatlığından bahsetmiyorum bile, o kadar otele gittim evet hiçbiri süper ya da mükemmel değildi ama bu düşündüklerinizden daha kötü emin olabilirsiniz, hijyen konusunda çok kötü 5 gün hiç çarşafımız değişmedi. Sadece odaya gelip yatak nevresimini düzeltiyorlar o kadar, yemekler de diğer otellerinkinden çok çok vasat.",7 Ağustos 2024 12:24,6.438,,,,False,,,False,,,0,,,COMPLAINT_MATCHED,,Dedicated single-property source page,https://www.sikayetvar.com/azure-by-yelken-hotel,2026-08-25T12:58:29.219502+00:00,Şikayetçiyim,"Otel ihmali sonucu kaza, gidecek olanlar bol bol dua etsin! 4 gece 5 gün konakladığım otelde tatil yerine yataklara düştüm hem de otelin ihmalkarlığı yüzünden anlatayım; iskeleden suya girmek için merdivenlere bastığımda 4. Merdiven basmamla düşmesi bir oldu, basamak çürükmüş suya düştü benim bacağım olduğu gibi merdivenin arasına girdi ve dizim kaba etim sıyrılmanın ötesinde yaralandı görselini de paylaşacağım, otelin doktoruna gittiğimde doktor yok hemşire var baticon sürmekle yetinebildi çünkü elinde başka ekipman yok, demir paslı olduğu için de tetanos aşısı yaptırmamın şart olduğunu söyledi ama mahcubiyet ya da herhangi bir çaba yok yardım için, lobiye çıkıp müşteri ilişkilerine sorunu anlattım aynı şekil hastaneye gidin diye akıl verdi, yaralanmış vaziyetteyim ama asla yardım hizmet yok, tepki gösterip bir zahmet araç ayarlamalarını ve götürmelerini istedim. Bir dünya telefon görüşmeleri vs, Allah korusun kafam patlasa bir yerim kırılsa öyle bekleyeceğim Allah'a emanet, neyse Dr. Gidip iğne vuruldum ertesi gün de kolumun acısı eklendi bacağımın acısına ateşler içinde kaldım. 39 derece tekrar hastaneye gidip serum takmak zorunda kaldım mecbur, ve ben o kazayı yaşadığım anda otel çalışanlarından biri tesadüf iskelede bir müşteri ile konuşuyordu beni gördü o anda, ve bana söylediği; 1 hafta içinde bu ikinci oluyor. Söylüyoruz ama otel yönetimi ilgilenmiyor umursamıyor, çalışanlara hiçbir şey diyemem onlar da emir kulu ama paranızı verip gittiğiniz işletme sahibi asla müşterilerinin güvenliğini umursamıyor benden önce de bir kadın düşmüş sırtı komple yaralanmış ve asla bir aksiyon alınmamış, son 2 günüm hasta geçti ve paramın iadesini istedim ama nafile. Umurlarında değil ve Tatilbudur sitesine de asla güvenmem artık bu kadar çok şikayet alan bir işletmeyi nasıl sitesine koyup insanlara satmaya çalışır anlamıyorum, ve size otelin vasatlığından bahsetmiyorum bile, o kadar otele gittim evet hiçbiri süper ya da mükemmel değildi ama bu düşündüklerinizden daha kötü emin olabilirsiniz, hijyen konusunda çok kötü 5 gün hiç çarşafımız değişmedi. Sadece odaya gelip yatak nevresimini düzeltiyorlar o kadar, yemekler de diğer otellerinkinden çok çok vasat.",,,2183,314,12,1,,,,,False,False,False,False,False,False,False,False,False,2026-08-25 12:58:29.219502,2024-08-07 12:24:00,False,DAY_MONTH_YEAR_TIME,False,False,False,False,2024,8,2024-08,,,6438,,0,False,False,False,False,False,False,Azure By Yelken Hotel,Kadıkalesi,4.4,565,,,,962.0,False,False,False,0,0,0,0,,,False,False,False
azure-by-yelken-hotel-azure-by-yelken-odamizin-baska-birine-ayni-anda-satilmasi-ve-magduriyet,https://www.sikayetvar.com/azure-by-yelken-hotel/azure-by-yelken-hotel-azure-by-yelken-odamizin-baska-birine-ayni-anda-satilmasi-ve-magduriyet,https://www.sikayetvar.com/azure-by-yelken-hotel/azure-by-yelken-hotel-azure-by-yelken-odamizin-baska-birine-ayni-anda-satilmasi-ve-magduriyet,BOD112,Azure By Yelken Hotel,Kadıkalesi,Azure by Yelken Hotel,azure-by-yelken-hotel-azure-by-yelken-odamizin-baska-birine-ayni-anda-satilmasi-ve-magduriyet,https://www.sikayetvar.com/azure-by-yelken-hotel/azure-by-yelken-hotel-azure-by-yelken-odamizin-baska-birine-ayni-anda-satilmasi-ve-magduriyet,Azure By Yelken Odamızın Başka Birine Aynı Anda Satılması Ve Mağduriyet,"3 Haziran girişli bodrumda bulunan azure by yelken otelde 3 gecelik konaklama yapmak için saat 3 civarında otele giriş yaptık. Otele girdiğimizde bir kalabalık vardı herkes tepkili bir şekilde bağırıyordu zaten girişlerimizi yapmak istediğimizde resepsiyondaki beyefendi seçtiğimiz odanın dolu olduğunu farklı bir oda verebileceklerini söyledi. Zorluk çıkarmadan başta kabul ettik odaya gittiğimizde 2 ayrı tek kişilik yatak olduğunu görünce şok yaşadık ve oda Bodrum katta hava almayan arka tarafta kalan müştemilat gibi bir yerdi. Ben 6 buçuk aylık hamile olduğum için burda kalamayacağımı, bu oda için mi o kadar para verdiğimi ileterek odada kalmak istemediğimi ilettim. Çalışan arkadaşlar bizim kalacağımız odada farklı kişinin zorla kaldığını çıkmadığını farklı bir şey yapamadıklarını iletti. Ki tamamen yalan, aynı odaları toplu bir grup geldiği için onlara da sattıkları bariz belliydi. Biz kabul etmediğimiz için odadaki kişileri çıkartmak zorunda kaldılar oradakilerin de durumdan haberi yoktu. Olan bize oldu hamile halimle 800 km yol gelip saat 6 ya kadar günümü maf ettiler. Resepsiyondaki bir çok kişiye de günümün boşa gittiğini telafi edilmesini istediğimi ilettim. Fakat kimse sorunumla ilgilenmedi. Hamile halimle resepsiyonda saatlerce ağladım. Ablamlarla konaklamaya gitmiştik onlar havuzda yüzerken ben resepsiyonda hala odamı almaya çalışıyordum. Zaten alt tarafı 3 günlük bir tatildi hem moralim bozuldu hem başım ağrıdı hamile olduğum için ilaçta içemedim çok kötü bir tatil geçirmeme sebep oldular. Tatilbudur.com ekibi sorunumla kesinlikle ilgilenmedi. Müşteri memnuniyeti alanı açmışlar fakat müşteri memnuniyeti sıfır. Odaya meyve sepeti göndereceklerini ilettiler fakat onu da göndermediler. Otel mağduriyetimi gidermedi, Tatilbudur da kesinlikle ilgilenmedi. Kesinlikle kimseye önermeyeceğim. Herkes sorununuzla ilgilenelim diyerek yanımdan gitti hiç kimse dönüş yapmadı. Bu kadar para verilerek 5 yıldızlı olarak satılıyor olması ama memnuniyetin sıfır olması yakışmadı. Hamile olmasam bu kadar sinirlenmezdim ama o kadar yol yapıp mağdur edilip 1 günümün çöp olması beni çok üzdü en azından 1 gün uzatılmasını talep ettim ona da yok dediler pazartesi ilk işim THH 'ye şikayet etmek olacak. Seneye 3 aile gelecektik ama kesinlikle kendi ailemi bırakın çevremde hiç kimseye tavsiye etmeyeceğim bir otel olacak.",6 Haziran 2024 19:39,6.229,,,,False,,,False,,,0,,,COMPLAINT_MATCHED,,Dedicated single-property source page,https://www.sikayetvar.com/azure-by-yelken-hotel,2026-08-25T12:58:29.219502+00:00,Azure By Yelken Odamızın Başka Birine Aynı Anda Satılması Ve Mağduriyet,"3 Haziran girişli bodrumda bulunan azure by yelken otelde 3 gecelik konaklama yapmak için saat 3 civarında otele giriş yaptık. Otele girdiğimizde bir kalabalık vardı herkes tepkili bir şekilde bağırıyordu zaten girişlerimizi yapmak istediğimizde resepsiyondaki beyefendi seçtiğimiz odanın dolu olduğunu farklı bir oda verebileceklerini söyledi. Zorluk çıkarmadan başta kabul ettik odaya gittiğimizde 2 ayrı tek kişilik yatak olduğunu görünce şok yaşadık ve oda Bodrum katta hava almayan arka tarafta kalan müştemilat gibi bir yerdi. Ben 6 buçuk aylık hamile olduğum için burda kalamayacağımı, bu oda için mi o kadar para verdiğimi ileterek odada kalmak istemediğimi ilettim. Çalışan arkadaşlar bizim kalacağımız odada farklı kişinin zorla kaldığını çıkmadığını farklı bir şey yapamadıklarını iletti. Ki tamamen yalan, aynı odaları toplu bir grup geldiği için onlara da sattıkları bariz belliydi. Biz kabul etmediğimiz için odadaki kişileri çıkartmak zorunda kaldılar oradakilerin de durumdan haberi yoktu. Olan bize oldu hamile halimle 800 km yol gelip saat 6 ya kadar günümü maf ettiler. Resepsiyondaki bir çok kişiye de günümün boşa gittiğini telafi edilmesini istediğimi ilettim. Fakat kimse sorunumla ilgilenmedi. Hamile halimle resepsiyonda saatlerce ağladım. Ablamlarla konaklamaya gitmiştik onlar havuzda yüzerken ben resepsiyonda hala odamı almaya çalışıyordum. Zaten alt tarafı 3 günlük bir tatildi hem moralim bozuldu hem başım ağrıdı hamile olduğum için ilaçta içemedim çok kötü bir tatil geçirmeme sebep oldular. Tatilbudur.com ekibi sorunumla kesinlikle ilgilenmedi. Müşteri memnuniyeti alanı açmışlar fakat müşteri memnuniyeti sıfır. Odaya meyve sepeti göndereceklerini ilettiler fakat onu da göndermediler. Otel mağduriyetimi gidermedi, Tatilbudur da kesinlikle ilgilenmedi. Kesinlikle kimseye önermeyeceğim. Herkes sorununuzla ilgilenelim diyerek yanımdan gitti hiç kimse dönüş yapmadı. Bu kadar para verilerek 5 yıldızlı olarak satılıyor olması ama memnuniyetin sıfır olması yakışmadı. Hamile olmasam bu kadar sinirlenmezdim ama o kadar yol yapıp mağdur edilip 1 günümün çöp olması beni çok üzdü en azından 1 gün uzatılmasını talep ettim ona da yok dediler pazartesi ilk işim THH 'ye şikayet etmek olacak. Seneye 3 aile gelecektik ama kesinlikle kendi ailemi bırakın çevremde hiç kimseye tavsiye etmeyeceğim bir otel olacak.",,,2341,325,71,11,,,,,False,False,False,False,False,False,False,False,False,2026-08-25 12:58:29.219502,2024-06-06 19:39:00,False,DAY_MONTH_YEAR_TIME,False,False,False,False,2024,6,2024-06,,,6229,,0,False,False,False,False,False,False,Azure By Yelken Hotel,Kadıkalesi,4.4,565,,,,962.0,False,False,False,0,0,0,0,,,False,False,False
bendis-beach-otelde-hijyen-ve-yemek-kalitesindeki-buyuk-hayal-kirikligi,https://www.sikayetvar.com/bendis-beach-hotel/bendis-beach-otelde-hijyen-ve-yemek-kalitesindeki-buyuk-hayal-kirikligi,https://www.sikayetvar.com/bendis-beach-hotel/bendis-beach-otelde-hijyen-ve-yemek-kalitesindeki-buyuk-hayal-kirikligi,BOD004,Bendis Beach Hotel,Akyarlar,Bendis Beach Hotel,bendis-beach-otelde-hijyen-ve-yemek-kalitesindeki-buyuk-hayal-kirikligi,https://www.sikayetvar.com/bendis-beach-hotel/bendis-beach-otelde-hijyen-ve-yemek-kalitesindeki-buyuk-hayal-kirikligi,Bendis Beach Otel'de Hijyen Ve Yemek Kalitesindeki Büyük Hayal Kırıklığı,"9.08.2026 tarihinde Bodrum Akyarlar Bendis Beach Otel’e giriş yaptım ve otele adım attığım andan itibaren sorunlar yaşamaya başladım. Standart odada konakladım ancak oda temizliği, hijyen ve genel düzen açısından beklentilerimin çok altında kaldı. Odadaki suların dahi tuzlu olması hem hijyen hem de kullanım açısından büyük rahatsızlık yarattı.
Otelin ortak kullanım alanlarında ve genelinde temizlik yetersizdi. Personelin ilgisi ve yaklaşımı da bu olumsuzlukları telafi edecek düzeyde değildi. Yemekler son derece tekdüze ve kalitesizdi, neredeyse her gün tavuk çıkması ve çeşit olmaması, tatil için ücret ödediğim bir tesiste asla kabul edemeyeceğim bir durum oldu.
Kısacası otel, internet ve görsellerde yansıtılan kaliteyi kesinlikle karşılamıyor. Hem temizlik hem yemek hem de genel hizmet anlamında ciddi hayal kırıklığı yaşadım. Bu otelde yaşadığım olumsuz deneyimin dikkate alınmasını, hizmet kalitesinin acilen gözden geçirilmesini ve benzer mağduriyetlerin başka misafirler tarafından yaşanmaması için gerekli iyileştirmelerin yapılmasını istiyorum.",11 Ağustos 10:24,62,,,,False,,,False,,,0,,,COMPLAINT_MATCHED,,Dedicated single-property source page,https://www.sikayetvar.com/bendis-beach-hotel,2026-08-25T12:58:29.219502+00:00,Bendis Beach Otel'de Hijyen Ve Yemek Kalitesindeki Büyük Hayal Kırıklığı,"9.08.2026 tarihinde Bodrum Akyarlar Bendis Beach Otel’e giriş yaptım ve otele adım attığım andan itibaren sorunlar yaşamaya başladım. Standart odada konakladım ancak oda temizliği, hijyen ve genel düzen açısından beklentilerimin çok altında kaldı. Odadaki suların dahi tuzlu olması hem hijyen hem de kullanım açısından büyük rahatsızlık yarattı. Otelin ortak kullanım alanlarında ve genelinde temizlik yetersizdi. Personelin ilgisi ve yaklaşımı da bu olumsuzlukları telafi edecek düzeyde değildi. Yemekler son derece tekdüze ve kalitesizdi, neredeyse her gün tavuk çıkması ve çeşit olmaması, tatil için ücret ödediğim bir tesiste asla kabul edemeyeceğim bir durum oldu. Kısacası otel, internet ve görsellerde yansıtılan kaliteyi kesinlikle karşılamıyor. Hem temizlik hem yemek hem de genel hizmet anlamında ciddi hayal kırıklığı yaşadım. Bu otelde yaşadığım olumsuz deneyimin dikkate alınmasını, hizmet kalitesinin acilen gözden geçirilmesini ve benzer mağduriyetlerin başka misafirler tarafından yaşanmaması için gerekli iyileştirmelerin yapılmasını istiyorum.",,,1061,138,72,10,,,,,False,False,False,False,False,False,False,False,False,2026-08-25 12:58:29.219502,2026-08-11 10:24:00,True,DAY_MONTH_TIME_NO_YEAR,False,False,True,False,2026,8,2026-08,,,62,,0,False,False,False,False,False,False,Bendis Beach Hotel,Akyarlar,3.9,2469,,,,104.0,False,False,False,0,0,0,0,,,False,False,False
bendis-beach-otelde-dusakabin-cami-patladi-anne-ciddi-yaralandi-ve-iade-reddi,https://www.sikayetvar.com/bendis-beach-hotel/bendis-beach-otelde-dusakabin-cami-patladi-anne-ciddi-yaralandi-ve-iade-reddi,https://www.sikayetvar.com/bendis-beach-hotel/bendis-beach-otelde-dusakabin-cami-patladi-anne-ciddi-yaralandi-ve-iade-reddi,BOD004,Bendis Beach Hotel,Akyarlar,Bendis Beach Hotel,bendis-beach-otelde-dusakabin-cami-patladi-anne-ciddi-yaralandi-ve-iade-reddi,https://www.sikayetvar.com/bendis-beach-hotel/bendis-beach-otelde-dusakabin-cami-patladi-anne-ciddi-yaralandi-ve-iade-reddi,"Bendis Beach Otel’de Duşakabin Camı Patladı, Anne Ciddi Yaralandı Ve İade Reddi","6 Ağustos 2026 günü saat 18.00 civarında Bendis Beach Otel’in 222 numaralı odasında annem duşa girdiği sırada bir patlama sesiyle banyoya koştum ve annemi patlayan camın parçaları, kesikler ve kan içinde buldum. Duşakabinin camı, hiçbir darbe olmadan adeta bomba patlamış gibi dağıldı ve annem banyoda en savunmasız anında ağır bir can güvenliği riskiyle karşı karşıya kaldı. Cam parçalarının gözden kaçmış olması tamamen bir mucizeydi ve annem bu olay nedeniyle ciddi bir psikolojik travma yaşadı.
Olay sonrası otel yönetimi çok acemice davrandı; karşılama kısmında müdürlükten ne bir ciddi şekilde alıp bizi ne yapalım sizin için demediler. Yetkisiz personeller ""Biz bir şey yapamayız, telefonda kimle konuşup satın alma yaptıysanız onlardan iade isteyin"" diyor. 0252 321 0924 numaralı telefondan ödeme rezervasyonu yaptık, orası da çok bekletiyor ve kimse birbirinden habersiz, yetkili tek kişiye bağlamadılar. Call center ise fiyat ve iadenin Bendis Beach Otel tarafından onaylandığını, onların yetkisi olmadığını söyledi; ortada gerçeklikten uzak bir durum var, ücret iademizi yapmamak için birbirlerine topu atıyorlar. Ne hikmetse kimsenin yetkisi yok?
Hayatımızda böyle korkunç bir olay yaşamadık; adeta depremde enkaz altında kalmış gibi annemi buldum.
Buna rağmen ücret iademizi yapmadılar. Otelde yetkili bir insan çıkıp ""Siz bizim misafirimiz olun, bugünün ücreti de kalsın, istiyorsanız gidersiniz"" demedi.
Üstelik fazla para aldılar bizden. Şöyle ki; Bendis Beach Otel’e dört gece konaklama için peşin olarak 40.500 TL ödeme yapmıştık. Olayın yaşandığı günü içeren bu konaklama için, sözleşmede veya faturada hiçbir detay olmamasına rağmen tek bir geceyi keyfi şekilde 12.500 TL olarak hesaplayıp kalan tutarı iade edeceklerini söylediler.
Güya 6 Ağustos 12.500 TL, diğer kalmadığımız günlerin günlük ücreti 10.000 TL’den hesaplanmış. Ortada hayati sebeplerle yaşanmış bir mağduriyet varken, fazladan para kesmek, sözleşmede olmayan şekilde oda fiyatını fahiş göstermek nasıl bir otelcilik anlayışı?
4 güne 40.500 TL ödedik. Resmi ve usule uygun bir belge vermeden, eksik ve usulsüz bir kesinti uygulamaya çalıştılar. Ödemiş olduğumuz tutarın ne kadarını ve ne zaman iade edecekleri konusunda hâlâ net, yazılı ve resmi bir bilgi verilmemiştir. Halen call centerlar bize net bilgi aktarmadı.
Yaşadığımız bu ağır can güvenliği ihlalinin ve otelin ihmalinin üstüne, maddi olarak da mağdur edilmek isteniyoruz.
Yaşanan bu ağır durum karşısında ne manevi ne de maddi anlamda yanımızda durmadı. Görevliler ""Bir şeyiniz yok, önemli bir şeyiniz yok"" diyerek olayı hafife aldı ve konuyu geçiştirmeye çalıştı. Otelde görevli güvenliğin tuttuğu tutanak tarafıma verilmedi; E**** Hanım, müdürüne sorduğunu ve tutanağı bana veremeyeceklerini söyledi. N**** isimli müdür ise mahalle ağzıyla konuşarak ""Aman canım, her yerde oluyor, benim evimde de patladı duşakabin"" şeklinde ifadeler kullandı ve bu kadar ciddi bir can güvenliği ihlalini sıradan bir olay gibi göstermeye çalıştı. Oysa biz canımızı ve sevdiklerimizi bu otele emanet ediyoruz; temizlik ve diğer personelin odayı, özellikle banyo ve duşakabin gibi riskli alanları önceden kontrol etmesi gerekirken açık bir ihmal söz konusudur. Annem ve ben bu olay nedeniyle derin bir korku yaşadık, psikolojik olarak çok yıprandık ve ciddi bir travmayla karşı karşıya kaldık.
Bize önerdikleri alternatif oda, astım hastası olmamıza rağmen yoğun rutubet kokusundan dolayı nefes alınamayacak durumdaydı. Bunun yanında otel genel alanları son derece kalabalık ve kirliydi, yemeklerin hijyen seviyesi de çok düşüktü; özellikle yeşillik ve sebzelerin çamurları nedeniyle yemekleri güvenle tüketemedik. Bu koşullarda mecburen çok sıkıntılı bir gece geçirdikten sonra otelden ayrılmak zorunda kaldık.
Olayla ilgili jandarma tarafından tutulmuş resmi tutanaklar mevcuttur. Tüketici haklarımızı, maddi ve manevi tazminat haklarımızı sonuna kadar arayacağız ve Kültür ve Turizm Bakanlığı da dahil olmak üzere ilgili tüm kurumlara başvurularımızı yapıyoruz. Misafirlerinin can güvenliğini hiçe sayan, bu derece hayati bir tehlike yaşattığı halde sorumluluk almayan ve üzerine bir de maddi mağduriyet oluşturan bu işletme hakkında diğer müşterileri veya bu oteli seçmeyi düşünenleri uyarıyorum. İnsan başına gelmeden anlamıyormuş; yaşadığımız bu sürecin telafisi için gerekli incelemenin yapılarak, hem ödediğimiz ücretin haksız kesinti yapılmadan iadesini hem de can güvenliği ve yaşanan travma nedeniyle uğradığımız manevi zararın dikkate alınmasını talep ediyorum.",8 Ağustos 11:06,88,,,,True,8 Ağustos 12:02,"Sayın Gamze Hanım, 

Öncelikle 06.08.2026 tarihinde 222 numaralı odamızda yaşanan duşakabin camı kırılması olayı nedeniyle yaşadığınız korku ve endişeyi anladığımızı belirtmek isteriz. Böyle beklenmedik bir olayın özellikle banyo gibi kişinin kendisini güvende hissetmesi gereken bir alanda yaşanmasının siz ve anneniz açısından oldukça sarsıcı olabileceğinin farkındayız. Yaşanan olaydan dolayı üzüntümüzü ifade etmek isteriz.

Olayın hemen ardından teknik müdürümüz, güvenlik ekibimiz ve ilk yardım konusunda görevli personelimiz odaya yönlendirilmiş, gerekli kontroller ve müdahaleler gerçekleştirilmiştir. Yapılan teknik değerlendirmede duşakabin camının kullanım kaynaklı olarak kırıldığı görülmüş olup, olayın tesisimiz veya personelimizin doğrudan müdahalesinden kaynaklandığına ilişkin bir durum tespit edilmemiştir.

Olay sonrasında önceliğimiz, sizin ve annenizin kendinizi güvende hissetmeniz ve konaklamanızın mümkün olduğunca sorunsuz devam etmesiydi. Bu nedenle resepsiyon ekibimiz tarafından tarafınıza alternatif oda değişikliği teklif edilmiştir. Ancak aynı odada konaklamaya devam etmek istediğinizi belirtmeniz üzerine talebiniz doğrultusunda konaklamanız sürdürülmüştür.

Bununla birlikte, yaşanan olayın sizde oluşturduğu olumsuz deneyimi dikkate alarak ve tamamen misafir memnuniyeti anlayışımız doğrultusunda, normal koşullarda ücretsiz iade hakkı bulunmamasına rağmen kalan konaklama günlerinizin ücretinin iade edilebileceği tarafınıza iletilmiştir. Bu yaklaşımımız herhangi bir kusur veya sorumluluk kabulü anlamına gelmemekte, yaşanan durum sonrasında mağduriyetinizi azaltmaya yönelik iyi niyetli bir çözüm olarak sunulmuştur.

Ayrıca çıkış yapacağınız gün için normal çıkış saatinin ötesinde late check-out imkanı sağlanarak, otelden ayrılışınızı daha rahat gerçekleştirmeniz için tarafınıza kolaylık sunulmuştur.

Olayla ilgili güvenlik personelimiz tarafından gerekli tutanak da düzenlenmiştir. Tarafınıza tutanağın fotokopisinin verilebileceği bilgisi aktarılmış, ancak tutanağın fotoğrafının çekilmesinin tarafınızca tercih edildiği görülmüştür. Dolayısıyla olayın kayıt altına alınmadığı veya tutanağın tarafınızdan saklandığı yönündeki değerlendirmenin gerçeği yansıtmadığını belirtmek isteriz.

Ücret iadesi konusunda ise bir yanlış anlaşılmayı açıklığa kavuşturmak isteriz. Rezervasyonunuz acente/call center kanalı üzerinden gerçekleştirildiğinden, ödemenin tahsilatı, konaklama bedelinin hesaplanması ve iadenin tarafınıza aktarılması doğrudan tesisimiz tarafından yürütülen işlemler değildir. Otelimiz, kalan günlerin ücretinin iade edilmesi yönündeki onayını ilgili acenteye iletmiştir. İade tutarının hesaplanması ve ödemenin tarafınıza ne zaman aktarılacağı ise acentenin ödeme ve muhasebe süreçleri kapsamında ilerlemektedir.

Bu nedenle tarafınıza belirtilen günlük ücretler veya toplam iade tutarı konusunda tesisimizin keyfi bir kesinti uyguladığı düşüncesinin oluşmasını istemeyiz. Otelimiz tarafından iade konusunda gerekli onay verilmiş olup, ödemenin fiilen gerçekleştirilmesi ilgili acentenin sorumluluğundadır. Bu konudaki belirsizliğin de mümkün olan en kısa sürede giderilmesini temenni ediyoruz.

Alternatif oda konusunda da olay sonrasında tarafınıza oda değişikliği seçeneği sunulduğunu, ancak mevcut odada kalmaya devam etmenin tarafınızca tercih edildiğini tekrar belirtmek isteriz. Sonrasında otelden ayrılma kararınız da tarafınızın tercihi doğrultusunda gerçekleşmiştir.

Yemekler, genel alanlar ve hijyenle ilgili diğer değerlendirmelerinizi de ayrıca not ettiğimizi belirtmek isteriz. Bu hususların yaşadığınız olay sonrasında genel tatil memnuniyetinizi olumsuz etkilemiş olmasını anlayabiliyoruz. Bununla birlikte, bu konuların duşakabin olayı ile ayrı değerlendirilmesi gerektiğini düşünüyoruz.

Bizim açımızdan önemli olan, olayın ardından sizi ve annenizi yalnız bırakmamak ve mevcut koşullar içerisinde çözüm sunmaktı. Teknik ekip, güvenlik ve ilk yardım personelimizin olay yerine yönlendirilmesi, alternatif oda teklif edilmesi, late check-out kolaylığı sağlanması ve ayrıca kalan günler için ücret iadesi yönünde inisiyatif alınması bu yaklaşımımızın göstergesidir.

Yaşanan olayın sizde oluşturduğu korkuyu veya endişeyi küçümsemek gibi bir yaklaşımımız kesinlikle bulunmamaktadır. Ancak olay sonrasında gerekli müdahalelerin yapılmadığı veya ücret iadesi konusunda sizleri mağdur etmek amacıyla hareket edildiği yönündeki değerlendirmenizin, tarafımızca atılan adımlarla örtüşmediğini de belirtmek isteriz.

Son olarak, iade sürecinin tesisimiz tarafından onaylandığını; ancak ödemenin acente üzerinden gerçekleştirilecek olması nedeniyle tutar ve ödeme tarihi konusunda ilgili acenteden bilgi alınması gerektiğini tekrar hatırlatmak isteriz.

Yaşanan bu tatsız olayın tatil deneyiminizi olumsuz etkilemiş olmasından dolayı üzgün olduğumuzu belirtir, konunun ilgili taraflarca en kısa sürede ve sizin açınızdan da net olacak şekilde sonuçlandırılmasını dileriz.

Saygılarımızla, 

Bendis Beach Hotel Yönetimi
GRM Management",False,,,0,,,COMPLAINT_MATCHED,,Dedicated single-property source page,https://www.sikayetvar.com/bendis-beach-hotel,2026-08-25T12:58:29.219502+00:00,"Bendis Beach Otel’de Duşakabin Camı Patladı, Anne Ciddi Yaralandı Ve İade Reddi","6 Ağustos 2026 günü saat 18.00 civarında Bendis Beach Otel’in 222 numaralı odasında annem duşa girdiği sırada bir patlama sesiyle banyoya koştum ve annemi patlayan camın parçaları, kesikler ve kan içinde buldum. Duşakabinin camı, hiçbir darbe olmadan adeta bomba patlamış gibi dağıldı ve annem banyoda en savunmasız anında ağır bir can güvenliği riskiyle karşı karşıya kaldı. Cam parçalarının gözden kaçmış olması tamamen bir mucizeydi ve annem bu olay nedeniyle ciddi bir psikolojik travma yaşadı. Olay sonrası otel yönetimi çok acemice davrandı; karşılama kısmında müdürlükten ne bir ciddi şekilde alıp bizi ne yapalım sizin için demediler. Yetkisiz personeller ""Biz bir şey yapamayız, telefonda kimle konuşup satın alma yaptıysanız onlardan iade isteyin"" diyor. 0252 321 0924 numaralı telefondan ödeme rezervasyonu yaptık, orası da çok bekletiyor ve kimse birbirinden habersiz, yetkili tek kişiye bağlamadılar. Call center ise fiyat ve iadenin Bendis Beach Otel tarafından onaylandığını, onların yetkisi olmadığını söyledi; ortada gerçeklikten uzak bir durum var, ücret iademizi yapmamak için birbirlerine topu atıyorlar. Ne hikmetse kimsenin yetkisi yok? Hayatımızda böyle korkunç bir olay yaşamadık; adeta depremde enkaz altında kalmış gibi annemi buldum. Buna rağmen ücret iademizi yapmadılar. Otelde yetkili bir insan çıkıp ""Siz bizim misafirimiz olun, bugünün ücreti de kalsın, istiyorsanız gidersiniz"" demedi. Üstelik fazla para aldılar bizden. Şöyle ki; Bendis Beach Otel’e dört gece konaklama için peşin olarak 40.500 TL ödeme yapmıştık. Olayın yaşandığı günü içeren bu konaklama için, sözleşmede veya faturada hiçbir detay olmamasına rağmen tek bir geceyi keyfi şekilde 12.500 TL olarak hesaplayıp kalan tutarı iade edeceklerini söylediler. Güya 6 Ağustos 12.500 TL, diğer kalmadığımız günlerin günlük ücreti 10.000 TL’den hesaplanmış. Ortada hayati sebeplerle yaşanmış bir mağduriyet varken, fazladan para kesmek, sözleşmede olmayan şekilde oda fiyatını fahiş göstermek nasıl bir otelcilik anlayışı? 4 güne 40.500 TL ödedik. Resmi ve usule uygun bir belge vermeden, eksik ve usulsüz bir kesinti uygulamaya çalıştılar. Ödemiş olduğumuz tutarın ne kadarını ve ne zaman iade edecekleri konusunda hâlâ net, yazılı ve resmi bir bilgi verilmemiştir. Halen call centerlar bize net bilgi aktarmadı. Yaşadığımız bu ağır can güvenliği ihlalinin ve otelin ihmalinin üstüne, maddi olarak da mağdur edilmek isteniyoruz. Yaşanan bu ağır durum karşısında ne manevi ne de maddi anlamda yanımızda durmadı. Görevliler ""Bir şeyiniz yok, önemli bir şeyiniz yok"" diyerek olayı hafife aldı ve konuyu geçiştirmeye çalıştı. Otelde görevli güvenliğin tuttuğu tutanak tarafıma verilmedi; E**** Hanım, müdürüne sorduğunu ve tutanağı bana veremeyeceklerini söyledi. N**** isimli müdür ise mahalle ağzıyla konuşarak ""Aman canım, her yerde oluyor, benim evimde de patladı duşakabin"" şeklinde ifadeler kullandı ve bu kadar ciddi bir can güvenliği ihlalini sıradan bir olay gibi göstermeye çalıştı. Oysa biz canımızı ve sevdiklerimizi bu otele emanet ediyoruz; temizlik ve diğer personelin odayı, özellikle banyo ve duşakabin gibi riskli alanları önceden kontrol etmesi gerekirken açık bir ihmal söz konusudur. Annem ve ben bu olay nedeniyle derin bir korku yaşadık, psikolojik olarak çok yıprandık ve ciddi bir travmayla karşı karşıya kaldık. Bize önerdikleri alternatif oda, astım hastası olmamıza rağmen yoğun rutubet kokusundan dolayı nefes alınamayacak durumdaydı. Bunun yanında otel genel alanları son derece kalabalık ve kirliydi, yemeklerin hijyen seviyesi de çok düşüktü; özellikle yeşillik ve sebzelerin çamurları nedeniyle yemekleri güvenle tüketemedik. Bu koşullarda mecburen çok sıkıntılı bir gece geçirdikten sonra otelden ayrılmak zorunda kaldık. Olayla ilgili jandarma tarafından tutulmuş resmi tutanaklar mevcuttur. Tüketici haklarımızı, maddi ve manevi tazminat haklarımızı sonuna kadar arayacağız ve Kültür ve Turizm Bakanlığı da dahil olmak üzere ilgili tüm kurumlara başvurularımızı yapıyoruz. Misafirlerinin can güvenliğini hiçe sayan, bu derece hayati bir tehlike yaşattığı halde sorumluluk almayan ve üzerine bir de maddi mağduriyet oluşturan bu işletme hakkında diğer müşterileri veya bu oteli seçmeyi düşünenleri uyarıyorum. İnsan başına gelmeden anlamıyormuş; yaşadığımız bu sürecin telafisi için gerekli incelemenin yapılarak, hem ödediğimiz ücretin haksız kesinti yapılmadan iadesini hem de can güvenliği ve yaşanan travma nedeniyle uğradığımız manevi zararın dikkate alınmasını talep ediyorum.","Sayın Gamze Hanım, Öncelikle 06.08.2026 tarihinde 222 numaralı odamızda yaşanan duşakabin camı kırılması olayı nedeniyle yaşadığınız korku ve endişeyi anladığımızı belirtmek isteriz. Böyle beklenmedik bir olayın özellikle banyo gibi kişinin kendisini güvende hissetmesi gereken bir alanda yaşanmasının siz ve anneniz açısından oldukça sarsıcı olabileceğinin farkındayız. Yaşanan olaydan dolayı üzüntümüzü ifade etmek isteriz. Olayın hemen ardından teknik müdürümüz, güvenlik ekibimiz ve ilk yardım konusunda görevli personelimiz odaya yönlendirilmiş, gerekli kontroller ve müdahaleler gerçekleştirilmiştir. Yapılan teknik değerlendirmede duşakabin camının kullanım kaynaklı olarak kırıldığı görülmüş olup, olayın tesisimiz veya personelimizin doğrudan müdahalesinden kaynaklandığına ilişkin bir durum tespit edilmemiştir. Olay sonrasında önceliğimiz, sizin ve annenizin kendinizi güvende hissetmeniz ve konaklamanızın mümkün olduğunca sorunsuz devam etmesiydi. Bu nedenle resepsiyon ekibimiz tarafından tarafınıza alternatif oda değişikliği teklif edilmiştir. Ancak aynı odada konaklamaya devam etmek istediğinizi belirtmeniz üzerine talebiniz doğrultusunda konaklamanız sürdürülmüştür. Bununla birlikte, yaşanan olayın sizde oluşturduğu olumsuz deneyimi dikkate alarak ve tamamen misafir memnuniyeti anlayışımız doğrultusunda, normal koşullarda ücretsiz iade hakkı bulunmamasına rağmen kalan konaklama günlerinizin ücretinin iade edilebileceği tarafınıza iletilmiştir. Bu yaklaşımımız herhangi bir kusur veya sorumluluk kabulü anlamına gelmemekte, yaşanan durum sonrasında mağduriyetinizi azaltmaya yönelik iyi niyetli bir çözüm olarak sunulmuştur. Ayrıca çıkış yapacağınız gün için normal çıkış saatinin ötesinde late check-out imkanı sağlanarak, otelden ayrılışınızı daha rahat gerçekleştirmeniz için tarafınıza kolaylık sunulmuştur. Olayla ilgili güvenlik personelimiz tarafından gerekli tutanak da düzenlenmiştir. Tarafınıza tutanağın fotokopisinin verilebileceği bilgisi aktarılmış, ancak tutanağın fotoğrafının çekilmesinin tarafınızca tercih edildiği görülmüştür. Dolayısıyla olayın kayıt altına alınmadığı veya tutanağın tarafınızdan saklandığı yönündeki değerlendirmenin gerçeği yansıtmadığını belirtmek isteriz. Ücret iadesi konusunda ise bir yanlış anlaşılmayı açıklığa kavuşturmak isteriz. Rezervasyonunuz acente/call center kanalı üzerinden gerçekleştirildiğinden, ödemenin tahsilatı, konaklama bedelinin hesaplanması ve iadenin tarafınıza aktarılması doğrudan tesisimiz tarafından yürütülen işlemler değildir. Otelimiz, kalan günlerin ücretinin iade edilmesi yönündeki onayını ilgili acenteye iletmiştir. İade tutarının hesaplanması ve ödemenin tarafınıza ne zaman aktarılacağı ise acentenin ödeme ve muhasebe süreçleri kapsamında ilerlemektedir. Bu nedenle tarafınıza belirtilen günlük ücretler veya toplam iade tutarı konusunda tesisimizin keyfi bir kesinti uyguladığı düşüncesinin oluşmasını istemeyiz. Otelimiz tarafından iade konusunda gerekli onay verilmiş olup, ödemenin fiilen gerçekleştirilmesi ilgili acentenin sorumluluğundadır. Bu konudaki belirsizliğin de mümkün olan en kısa sürede giderilmesini temenni ediyoruz. Alternatif oda konusunda da olay sonrasında tarafınıza oda değişikliği seçeneği sunulduğunu, ancak mevcut odada kalmaya devam etmenin tarafınızca tercih edildiğini tekrar belirtmek isteriz. Sonrasında otelden ayrılma kararınız da tarafınızın tercihi doğrultusunda gerçekleşmiştir. Yemekler, genel alanlar ve hijyenle ilgili diğer değerlendirmelerinizi de ayrıca not ettiğimizi belirtmek isteriz. Bu hususların yaşadığınız olay sonrasında genel tatil memnuniyetinizi olumsuz etkilemiş olmasını anlayabiliyoruz. Bununla birlikte, bu konuların duşakabin olayı ile ayrı değerlendirilmesi gerektiğini düşünüyoruz. Bizim açımızdan önemli olan, olayın ardından sizi ve annenizi yalnız bırakmamak ve mevcut koşullar içerisinde çözüm sunmaktı. Teknik ekip, güvenlik ve ilk yardım personelimizin olay yerine yönlendirilmesi, alternatif oda teklif edilmesi, late check-out kolaylığı sağlanması ve ayrıca kalan günler için ücret iadesi yönünde inisiyatif alınması bu yaklaşımımızın göstergesidir. Yaşanan olayın sizde oluşturduğu korkuyu veya endişeyi küçümsemek gibi bir yaklaşımımız kesinlikle bulunmamaktadır. Ancak olay sonrasında gerekli müdahalelerin yapılmadığı veya ücret iadesi konusunda sizleri mağdur etmek amacıyla hareket edildiği yönündeki değerlendirmenizin, tarafımızca atılan adımlarla örtüşmediğini de belirtmek isteriz. Son olarak, iade sürecinin tesisimiz tarafından onaylandığını; ancak ödemenin acente üzerinden gerçekleştirilecek olması nedeniyle tutar ve ödeme tarihi konusunda ilgili acenteden bilgi alınması gerektiğini tekrar hatırlatmak isteriz. Yaşanan bu tatsız olayın tatil deneyiminizi olumsuz etkilemiş olmasından dolayı üzgün olduğumuzu belirtir, konunun ilgili taraflarca en kısa sürede ve sizin açınızdan da net olacak şekilde sonuçlandırılmasını dileriz. Saygılarımızla, Bendis Beach Hotel Yönetimi GRM Management",,4504,623,79,12,4981,569,,,False,False,False,False,False,False,False,False,False,2026-08-25 12:58:29.219502,2026-08-08 11:06:00,True,DAY_MONTH_TIME_NO_YEAR,False,False,True,False,2026,8,2026-08,2026-08-08 12:02:00,,88,,0,False,True,False,True,False,False,Bendis Beach Hotel,Akyarlar,3.9,2469,,,,104.0,False,False,False,1,1,0,0,2026-08-08 12:02:00,2026-08-08 12:02:00,True,False,False
sahilde-dus-ve-tuvalet-yok-tekrarlanan-yemekler-ve-kaba-personel,https://www.sikayetvar.com/bendis-beach-hotel/sahilde-dus-ve-tuvalet-yok-tekrarlanan-yemekler-ve-kaba-personel,https://www.sikayetvar.com/bendis-beach-hotel/sahilde-dus-ve-tuvalet-yok-tekrarlanan-yemekler-ve-kaba-personel,BOD004,Bendis Beach Hotel,Akyarlar,Bendis Beach Hotel,sahilde-dus-ve-tuvalet-yok-tekrarlanan-yemekler-ve-kaba-personel,https://www.sikayetvar.com/bendis-beach-hotel/sahilde-dus-ve-tuvalet-yok-tekrarlanan-yemekler-ve-kaba-personel,"Sahilde Duş Ve Tuvalet Yok, Tekrarlanan Yemekler Ve Kaba Personel","13–19 Temmuz 2026 tarihlerinde ETS üzerinden rezervasyon yaparak Bendis Beach Hotel’de konakladık. Bu otele ETS’nin önerisiyle gittik ancak hem otelin sahil imkanları hem de yemekler sebebiyle ciddi bir hayal kırıklığı yaşadık. ETS rezervasyon numaram 115850680’dir.
Otelin sahilinde ne duş alma imkanı ne de tuvalet bulunuyordu. Denize girdikten sonra duş alacak bir yer olmaması ve tuvalet olmaması hem hijyen açısından rahatsız edici hem de konforu ciddi şekilde bozan bir durumdu.
Yemeklerde ise neredeyse her gün aynı ürünlerin farklı isimlerle tekrar önümüze geldiğini fark ettik. Bir gün verilen köftenin ertesi gün farklı bir yemekmiş gibi sunulması, artan köftelerin değerlendirilmesi izlenimi verdi. Uzun süre mangalda pişirilen dondurulmuş köfteler, daha önce ısıl işlem görmüş tavuklar gibi ürünler hem lezzet hem hijyen açısından içimize sinmedi.
Bunlara ek olarak, bazı garsonların misafirlerle konuşma tarzı da son derece rahatsız ediciydi. Üslup olarak daha saygılı ve özenli olmaları gerektiğini düşünüyorum; kendimizi misafir gibi değil, adeta azar işitiyormuş gibi hissettiğimiz anlar oldu.
Bu oteli ETS önerdiği için, yaşadığımız bu olumsuzlukların özellikle ETS tarafından dikkate alınmasını istiyorum. Hem ödediğimiz ücret hem de beklentilerimiz düşünüldüğünde, ETS’nin Bendis Beach Hotel ile ilgili bu şikayetleri incelemesini, sahil imkânlarının iyileştirilmesi, yemeklerde taze ve hijyenik ürün kullanılması, artan yemeklerin bu şekilde değerlendirilmemesi ve personelin iletişim konusunda eğitilmesi adına otel nezdinde gerekli adımların atılmasını ve mağduriyetimizin incelenerek tarafıma dönüş yapılmasını talep ediyorum.",20 Temmuz 22:42,153,,,,True,8 Ağustos 12:09,"Sayın Galip Bey, 

Öncelikle 13–19 Temmuz 2026 tarihleri arasındaki konaklamanız sonrasında deneyimlerinizi bizimle paylaşmış olmanız için teşekkür ederiz. Tatilinizden beklediğiniz memnuniyeti sağlayamamış olmanızdan dolayı üzgün olduğumuzu belirtmek isteriz. Bununla birlikte, ilettiğiniz bazı hususların tesisimizin sunduğu hizmetlerin kapsamı ve uygulamaları açısından açıklığa kavuşturulmasının faydalı olacağını düşünüyoruz.

Öncelikle sahil kullanımına ilişkin değerlendirmeniz hakkında; tesisimizin plaj kullanımına ilişkin sunduğu hizmetler, rezervasyon ve tanıtım kanallarında belirtilen tesis özellikleri doğrultusunda gerçekleştirilmektedir. Sahil alanımızda duş ve tuvalet bulunmaması, tesisimiz tarafından gizlenen veya misafirlerimize farklı şekilde sunulan bir hizmetin sonradan eksiltilmesi şeklinde değerlendirilmemelidir. Bununla birlikte, deniz kullanımının ardından misafirlerimizin Konfor ihtiyacının farkında olduğumuzu ve bu konudaki görüşünüzü ilgili birimlerimizle paylaşacağımızı belirtmek isteriz.

Yemeklerle ilgili olarak ise tesisimizde tüm yiyecek ve içecek hizmetleri belirlenmiş hazırlama, muhafaza ve servis prosedürleri çerçevesinde yürütülmektedir. Menüler içerisinde benzer ürünlerin farklı sunumlarla yer alması, özellikle belirli ürün gruplarında menü çeşitliliğinin sağlanmasına yönelik mutfak uygulamalarının bir parçasıdır. Ancak buradan hareketle önceki gün servis edilen ürünlerin farklı bir yemek adı altında misafirlere sunulduğu veya gıdaların hijyen kurallarına aykırı şekilde değerlendirildiği sonucuna varılması doğru değildir.

Özellikle “artan köftelerin ertesi gün farklı bir yemek olarak sunulduğu” yönündeki değerlendirmenizi kabul etmediğimizi belirtmek isteriz. Tesisimizde gıda güvenliği ve hijyen konusunda gerekli uygulamalar takip edilmekte, ürünlerin hazırlanması, saklanması ve servis edilmesi ilgili prosedürler doğrultusunda gerçekleştirilmektedir. Aynı şekilde kullanılan ürünlerin dondurulmuş olması tek başına ürünün kalitesiz veya hijyenik olmadığı anlamına gelmemektedir. Mutfak operasyonlarımızda kullanılan ürünler, tedarik ve saklama koşulları gözetilerek hazırlanmakta ve servis edilmektedir.

Garsonlarımızın iletişim tarzıyla ilgili görüşünüzü de ayrıca dikkate aldığımızı belirtmek isteriz. Misafirlerimize karşı saygılı, güler yüzlü ve çözüm odaklı bir iletişim kurulması, hizmet anlayışımızın temel unsurlarındandır. Konaklamanız sırasında bazı çalışanlarımızın iletişim tarzını beklentinizin altında bulmuş olmanız elbette bizim açımızdan dikkate alınması gereken bir geri bildirimdir. Bununla birlikte, tesisimizin genel personel yaklaşımının misafirlerimizi küçümsemek veya rahatsız etmek üzerine olduğunu düşünmenizi gerektirecek genel bir uygulama bulunmamaktadır.

ETS üzerinden gerçekleştirdiğiniz rezervasyonunuz kapsamında tesisimizi tercih etmiş olmanızdan dolayı, konaklamanızın beklentilerinizi karşılamamış olmasını elbette arzu etmezdik. Ancak tesisimizde sunulan hizmetlerin rezervasyon ve tanıtım kanallarında belirtilen kapsam doğrultusunda olduğunu ve konaklamanız sırasında tarafımıza doğrudan iletilen sorunların mümkün olduğunca çözülmesi için ilgili ekiplerimiz tarafından değerlendirildiğini belirtmek isteriz.

Misafir geri bildirimlerini tesisimizin hizmet kalitesini geliştirmesi açısından değerli buluyoruz. Bu kapsamda sahil kullanımına ilişkin görüşünüzü, yemek çeşitliliği konusundaki beklentinizi ve personel iletişimine ilişkin değerlendirmenizi ilgili departmanlarımızla paylaşacağız.

Bununla birlikte, tesisimizin gıda hijyeni kurallarına aykırı hareket ettiği, artan yemekleri uygunsuz şekilde yeniden servis ettiği veya misafirlerine sunulan ürünlerin güvenli olmadığı yönündeki iddiaların, yalnızca kişisel gözlem ve değerlendirmeler üzerinden kesin bir gerçeklik olarak ifade edilmesinin doğru olmadığını da belirtmek isteriz.

Yaşadığınız deneyimin beklentilerinizle örtüşmemiş olmasını anlıyor, geri bildiriminizi tesisimizin gelişimine katkı sağlayacak şekilde değerlendireceğimizi belirtmek istiyoruz. Her misafirimizin konaklamasından memnun ayrılmasını arzu ediyoruz; ancak tesisimizde sunulan hizmetlerin kapsamı ve uygulamalar konusunda da doğru bilginin paylaşılmasını önemsiyoruz.

Değerli geri bildiriminiz için teşekkür eder, bundan sonraki konaklamalarınızda beklentilerinizi karşılayan daha olumlu deneyimler yaşamanızı dileriz.

Saygılarımızla, 

Bendis Beach Hotel Yönetimi
GRM Management",False,,,0,,,COMPLAINT_MATCHED,,Dedicated single-property source page,https://www.sikayetvar.com/bendis-beach-hotel,2026-08-25T12:58:29.219502+00:00,"Sahilde Duş Ve Tuvalet Yok, Tekrarlanan Yemekler Ve Kaba Personel","13–19 Temmuz 2026 tarihlerinde ETS üzerinden rezervasyon yaparak Bendis Beach Hotel’de konakladık. Bu otele ETS’nin önerisiyle gittik ancak hem otelin sahil imkanları hem de yemekler sebebiyle ciddi bir hayal kırıklığı yaşadık. ETS rezervasyon numaram 115850680’dir. Otelin sahilinde ne duş alma imkanı ne de tuvalet bulunuyordu. Denize girdikten sonra duş alacak bir yer olmaması ve tuvalet olmaması hem hijyen açısından rahatsız edici hem de konforu ciddi şekilde bozan bir durumdu. Yemeklerde ise neredeyse her gün aynı ürünlerin farklı isimlerle tekrar önümüze geldiğini fark ettik. Bir gün verilen köftenin ertesi gün farklı bir yemekmiş gibi sunulması, artan köftelerin değerlendirilmesi izlenimi verdi. Uzun süre mangalda pişirilen dondurulmuş köfteler, daha önce ısıl işlem görmüş tavuklar gibi ürünler hem lezzet hem hijyen açısından içimize sinmedi. Bunlara ek olarak, bazı garsonların misafirlerle konuşma tarzı da son derece rahatsız ediciydi. Üslup olarak daha saygılı ve özenli olmaları gerektiğini düşünüyorum; kendimizi misafir gibi değil, adeta azar işitiyormuş gibi hissettiğimiz anlar oldu. Bu oteli ETS önerdiği için, yaşadığımız bu olumsuzlukların özellikle ETS tarafından dikkate alınmasını istiyorum. Hem ödediğimiz ücret hem de beklentilerimiz düşünüldüğünde, ETS’nin Bendis Beach Hotel ile ilgili bu şikayetleri incelemesini, sahil imkânlarının iyileştirilmesi, yemeklerde taze ve hijyenik ürün kullanılması, artan yemeklerin bu şekilde değerlendirilmemesi ve personelin iletişim konusunda eğitilmesi adına otel nezdinde gerekli adımların atılmasını ve mağduriyetimizin incelenerek tarafıma dönüş yapılmasını talep ediyorum.","Sayın Galip Bey, Öncelikle 13–19 Temmuz 2026 tarihleri arasındaki konaklamanız sonrasında deneyimlerinizi bizimle paylaşmış olmanız için teşekkür ederiz. Tatilinizden beklediğiniz memnuniyeti sağlayamamış olmanızdan dolayı üzgün olduğumuzu belirtmek isteriz. Bununla birlikte, ilettiğiniz bazı hususların tesisimizin sunduğu hizmetlerin kapsamı ve uygulamaları açısından açıklığa kavuşturulmasının faydalı olacağını düşünüyoruz. Öncelikle sahil kullanımına ilişkin değerlendirmeniz hakkında; tesisimizin plaj kullanımına ilişkin sunduğu hizmetler, rezervasyon ve tanıtım kanallarında belirtilen tesis özellikleri doğrultusunda gerçekleştirilmektedir. Sahil alanımızda duş ve tuvalet bulunmaması, tesisimiz tarafından gizlenen veya misafirlerimize farklı şekilde sunulan bir hizmetin sonradan eksiltilmesi şeklinde değerlendirilmemelidir. Bununla birlikte, deniz kullanımının ardından misafirlerimizin Konfor ihtiyacının farkında olduğumuzu ve bu konudaki görüşünüzü ilgili birimlerimizle paylaşacağımızı belirtmek isteriz. Yemeklerle ilgili olarak ise tesisimizde tüm yiyecek ve içecek hizmetleri belirlenmiş hazırlama, muhafaza ve servis prosedürleri çerçevesinde yürütülmektedir. Menüler içerisinde benzer ürünlerin farklı sunumlarla yer alması, özellikle belirli ürün gruplarında menü çeşitliliğinin sağlanmasına yönelik mutfak uygulamalarının bir parçasıdır. Ancak buradan hareketle önceki gün servis edilen ürünlerin farklı bir yemek adı altında misafirlere sunulduğu veya gıdaların hijyen kurallarına aykırı şekilde değerlendirildiği sonucuna varılması doğru değildir. Özellikle “artan köftelerin ertesi gün farklı bir yemek olarak sunulduğu” yönündeki değerlendirmenizi kabul etmediğimizi belirtmek isteriz. Tesisimizde gıda güvenliği ve hijyen konusunda gerekli uygulamalar takip edilmekte, ürünlerin hazırlanması, saklanması ve servis edilmesi ilgili prosedürler doğrultusunda gerçekleştirilmektedir. Aynı şekilde kullanılan ürünlerin dondurulmuş olması tek başına ürünün kalitesiz veya hijyenik olmadığı anlamına gelmemektedir. Mutfak operasyonlarımızda kullanılan ürünler, tedarik ve saklama koşulları gözetilerek hazırlanmakta ve servis edilmektedir. Garsonlarımızın iletişim tarzıyla ilgili görüşünüzü de ayrıca dikkate aldığımızı belirtmek isteriz. Misafirlerimize karşı saygılı, güler yüzlü ve çözüm odaklı bir iletişim kurulması, hizmet anlayışımızın temel unsurlarındandır. Konaklamanız sırasında bazı çalışanlarımızın iletişim tarzını beklentinizin altında bulmuş olmanız elbette bizim açımızdan dikkate alınması gereken bir geri bildirimdir. Bununla birlikte, tesisimizin genel personel yaklaşımının misafirlerimizi küçümsemek veya rahatsız etmek üzerine olduğunu düşünmenizi gerektirecek genel bir uygulama bulunmamaktadır. ETS üzerinden gerçekleştirdiğiniz rezervasyonunuz kapsamında tesisimizi tercih etmiş olmanızdan dolayı, konaklamanızın beklentilerinizi karşılamamış olmasını elbette arzu etmezdik. Ancak tesisimizde sunulan hizmetlerin rezervasyon ve tanıtım kanallarında belirtilen kapsam doğrultusunda olduğunu ve konaklamanız sırasında tarafımıza doğrudan iletilen sorunların mümkün olduğunca çözülmesi için ilgili ekiplerimiz tarafından değerlendirildiğini belirtmek isteriz. Misafir geri bildirimlerini tesisimizin hizmet kalitesini geliştirmesi açısından değerli buluyoruz. Bu kapsamda sahil kullanımına ilişkin görüşünüzü, yemek çeşitliliği konusundaki beklentinizi ve personel iletişimine ilişkin değerlendirmenizi ilgili departmanlarımızla paylaşacağız. Bununla birlikte, tesisimizin gıda hijyeni kurallarına aykırı hareket ettiği, artan yemekleri uygunsuz şekilde yeniden servis ettiği veya misafirlerine sunulan ürünlerin güvenli olmadığı yönündeki iddiaların, yalnızca kişisel gözlem ve değerlendirmeler üzerinden kesin bir gerçeklik olarak ifade edilmesinin doğru olmadığını da belirtmek isteriz. Yaşadığınız deneyimin beklentilerinizle örtüşmemiş olmasını anlıyor, geri bildiriminizi tesisimizin gelişimine katkı sağlayacak şekilde değerlendireceğimizi belirtmek istiyoruz. Her misafirimizin konaklamasından memnun ayrılmasını arzu ediyoruz; ancak tesisimizde sunulan hizmetlerin kapsamı ve uygulamalar konusunda da doğru bilginin paylaşılmasını önemsiyoruz. Değerli geri bildiriminiz için teşekkür eder, bundan sonraki konaklamalarınızda beklentilerinizi karşılayan daha olumlu deneyimler yaşamanızı dileriz. Saygılarımızla, Bendis Beach Hotel Yönetimi GRM Management",,1649,216,65,10,4409,471,,,False,False,False,False,False,False,False,False,False,2026-08-25 12:58:29.219502,2026-07-20 22:42:00,True,DAY_MONTH_TIME_NO_YEAR,False,False,True,False,2026,7,2026-07,2026-08-08 12:09:00,,153,,0,False,True,False,False,False,False,Bendis Beach Hotel,Akyarlar,3.9,2469,,,,104.0,False,False,False,1,1,0,0,2026-08-08 12:09:00,2026-08-08 12:09:00,True,False,False
bendis-beach-akyarlar-otelinde-hijyen-ve-konfor-sorunlari,https://www.sikayetvar.com/bendis-beach-hotel/bendis-beach-akyarlar-otelinde-hijyen-ve-konfor-sorunlari,https://www.sikayetvar.com/bendis-beach-hotel/bendis-beach-akyarlar-otelinde-hijyen-ve-konfor-sorunlari,BOD004,Bendis Beach Hotel,Akyarlar,Bendis Beach Hotel,bendis-beach-akyarlar-otelinde-hijyen-ve-konfor-sorunlari,https://www.sikayetvar.com/bendis-beach-hotel/bendis-beach-akyarlar-otelinde-hijyen-ve-konfor-sorunlari,Bendis Beach Akyarlar Otelinde Hijyen Ve Konfor Sorunları,"5–12 Temmuz 2026 tarihleri arasında Bendis Beach Akyarlar otelinde 7 gece konakladık ve toplamda yaklaşık 124 bin tl ödedik. Ancak ödediğimiz ücrete ve verilen vaatlere kesinlikle karşılık gelmeyen, hijyen ve Konfor açısından son derece hayal kırıklığı yaratan bir tatil yaşadık.
Bize verilen odada ciddi anlamda temizlik sorunu vardı. Odada küf kokusu ve küf izleri mevcuttu. Banyonun kapısında uzun zamandır kimsenin silmediği, duvara yapışmış ölü bir sinek duruyordu, onu bile biz temizlemek zorunda kaldık. Kapının altına doğru indikçe yerde ve kenarlarda insan kılları birikmişti. Klozet hem sararmış hem de genel olarak kirli bir görüntüdeydi, tuvaletimizi kullanırken dahi rahatsızlık duyduk.
Duş alırken de kendimizi rahat hissedemedik. Duş alan kişinin mahremiyetini sağlaması gereken cam, tamamen kireç tuttuğu için içerisi dışarıdan görünmüyor belki ama bu da yıllardır doğru düzgün temizlenmediği izlenimini veriyor ve insanı tiksindirecek bir manzara oluşturuyordu. Genel olarak oda ve banyonun uzun süredir detaylı bir temizliğe girmediği çok net belli oluyordu.
Yemekler konusunda da büyük bir sorun yaşadık. Sunulan yemekler lezzetsizdi ve hijyen açısından güven vermiyordu. Tabak ve sunumlardaki kıllar, restoran alanının temizliğine dair ciddi şüphe uyandırdı. Açık büfenin ve yemek taşımak için kullanılan servis arabalarının görüntüsü dahi iştah kapatacak derecede bakımsız ve kirliydi. Bu koşullarda yemek yemek zorunda kalmak sağlığımızı riske atıyormuşuz hissi verdi.
Bu yaşadıklarımız sırasında resepsiyon veya otel yönetimiyle konuyu çok da detaylı konuşmadık, çünkü gördüğümüz eksikler anlık bir temizlikle çözülecek ufak sorunlar değil, yapısal bir hijyen ve işletme anlayışı problemi gibi duruyordu. Tatilimizin bir an önce bitmesini bekler hale geldik.
Sadece denizin güzelliği doğal bir Nimet olarak teselli oldu, onun dışında otelin sunduğu hizmetten, hijyeninden ve genel işletme anlayışından kesinlikle memnun kalmadık. Ödediğimiz 124 bin tl’lik konaklama bedelinin, bu koşullar altında aldığımız hizmeti karşılamadığını düşünüyorum. Bu nedenle öncelikle ödediğimiz ücretin tarafıma iade edilmesini, ayrıca gerekli denetimlerin yapılarak benzer mağduriyetlerin yaşanmaması için otel yönetiminin ciddi şekilde uyarılmasını talep ediyorum.",13 Temmuz 00:08,331,,,,True,13 Temmuz 11:35,"Sayın Ceyda Hanım, 

Paylaşmış olduğunuz değerlendirmeniz tarafımızca okunmuştur.

Öncelikle belirtmek isteriz ki, tesisimizde tüm temizlik, hijyen ve gıda güvenliği uygulamaları ilgili mevzuat, uluslararası hijyen standartları ve düzenli denetimler doğrultusunda yürütülmektedir. Odalarımız her giriş öncesinde belirlenmiş kontrol prosedürlerine göre hazırlanmakta, ortak alanlar ve restoran bölümleri ise gün içerisinde düzenli olarak temizlenmektedir. İddia ettiğiniz şekilde genel bir hijyen sorununun bulunduğu yönündeki değerlendirmelerinizi kabul etmediğimizi belirtmek isteriz.

Konaklamanız süresince belirttiğiniz hususlarla ilgili olarak resepsiyon veya Misafir İlişkileri departmanımıza detaylı bir bildirimde bulunmadığınızı ifade etmişsiniz. Olası bir memnuniyetsizlik durumunda ekibimiz, misafirlerimizin konforunu sağlamak adına oda değişikliği dahil olmak üzere gerekli çözümleri sunmaktadır. Tarafımıza herhangi bir talep iletilmemesi nedeniyle, konaklamanız sırasında söz konusu iddiaların yerinde değerlendirilmesi ve anında çözüm üretilmesi mümkün olmamıştır.

Restoranımızda sunulan yiyecek ve içecekler, gıda güvenliği prosedürleri kapsamında hazırlanmakta ve düzenli kontrollerden geçirilmektedir. Servis ekipmanları ve restoran alanları da belirli periyotlarla temizlenmekte olup, tesisimiz bu konuda ilgili standartlara uygun şekilde faaliyet göstermektedir.

Tesisimizin hizmet kalitesi, her sezon binlerce misafirimizin geri bildirimleri doğrultusunda değerlendirilmekte olup, yorumunuzda yer alan değerlendirmelerin tesisimizin genel hizmet standardını yansıtmadığını düşünmekteyiz.

Bu doğrultuda, ücret iadesi talebinizi kabul etmediğimizi bilgilerinize sunar, görüşlerinizi bizimle paylaştığınız için teşekkür ederiz. 

Saygılarımızla, 
gram Management",False,,,2,13 Temmuz 09:49,"Dalga mi geçiyorsunuz siz ya hangi standart Allah aşkına, Hindistan standartlarında bir otel orası her yere şikayet edeceğim sizi verdiğimiz para haram olsun",COMPLAINT_MATCHED,,Dedicated single-property source page,https://www.sikayetvar.com/bendis-beach-hotel,2026-08-25T12:58:29.219502+00:00,Bendis Beach Akyarlar Otelinde Hijyen Ve Konfor Sorunları,"5–12 Temmuz 2026 tarihleri arasında Bendis Beach Akyarlar otelinde 7 gece konakladık ve toplamda yaklaşık 124 bin tl ödedik. Ancak ödediğimiz ücrete ve verilen vaatlere kesinlikle karşılık gelmeyen, hijyen ve Konfor açısından son derece hayal kırıklığı yaratan bir tatil yaşadık. Bize verilen odada ciddi anlamda temizlik sorunu vardı. Odada küf kokusu ve küf izleri mevcuttu. Banyonun kapısında uzun zamandır kimsenin silmediği, duvara yapışmış ölü bir sinek duruyordu, onu bile biz temizlemek zorunda kaldık. Kapının altına doğru indikçe yerde ve kenarlarda insan kılları birikmişti. Klozet hem sararmış hem de genel olarak kirli bir görüntüdeydi, tuvaletimizi kullanırken dahi rahatsızlık duyduk. Duş alırken de kendimizi rahat hissedemedik. Duş alan kişinin mahremiyetini sağlaması gereken cam, tamamen kireç tuttuğu için içerisi dışarıdan görünmüyor belki ama bu da yıllardır doğru düzgün temizlenmediği izlenimini veriyor ve insanı tiksindirecek bir manzara oluşturuyordu. Genel olarak oda ve banyonun uzun süredir detaylı bir temizliğe girmediği çok net belli oluyordu. Yemekler konusunda da büyük bir sorun yaşadık. Sunulan yemekler lezzetsizdi ve hijyen açısından güven vermiyordu. Tabak ve sunumlardaki kıllar, restoran alanının temizliğine dair ciddi şüphe uyandırdı. Açık büfenin ve yemek taşımak için kullanılan servis arabalarının görüntüsü dahi iştah kapatacak derecede bakımsız ve kirliydi. Bu koşullarda yemek yemek zorunda kalmak sağlığımızı riske atıyormuşuz hissi verdi. Bu yaşadıklarımız sırasında resepsiyon veya otel yönetimiyle konuyu çok da detaylı konuşmadık, çünkü gördüğümüz eksikler anlık bir temizlikle çözülecek ufak sorunlar değil, yapısal bir hijyen ve işletme anlayışı problemi gibi duruyordu. Tatilimizin bir an önce bitmesini bekler hale geldik. Sadece denizin güzelliği doğal bir Nimet olarak teselli oldu, onun dışında otelin sunduğu hizmetten, hijyeninden ve genel işletme anlayışından kesinlikle memnun kalmadık. Ödediğimiz 124 bin tl’lik konaklama bedelinin, bu koşullar altında aldığımız hizmeti karşılamadığını düşünüyorum. Bu nedenle öncelikle ödediğimiz ücretin tarafıma iade edilmesini, ayrıca gerekli denetimlerin yapılarak benzer mağduriyetlerin yaşanmaması için otel yönetiminin ciddi şekilde uyarılmasını talep ediyorum.","Sayın Ceyda Hanım, Paylaşmış olduğunuz değerlendirmeniz tarafımızca okunmuştur. Öncelikle belirtmek isteriz ki, tesisimizde tüm temizlik, hijyen ve gıda güvenliği uygulamaları ilgili mevzuat, uluslararası hijyen standartları ve düzenli denetimler doğrultusunda yürütülmektedir. Odalarımız her giriş öncesinde belirlenmiş kontrol prosedürlerine göre hazırlanmakta, ortak alanlar ve restoran bölümleri ise gün içerisinde düzenli olarak temizlenmektedir. İddia ettiğiniz şekilde genel bir hijyen sorununun bulunduğu yönündeki değerlendirmelerinizi kabul etmediğimizi belirtmek isteriz. Konaklamanız süresince belirttiğiniz hususlarla ilgili olarak resepsiyon veya Misafir İlişkileri departmanımıza detaylı bir bildirimde bulunmadığınızı ifade etmişsiniz. Olası bir memnuniyetsizlik durumunda ekibimiz, misafirlerimizin konforunu sağlamak adına oda değişikliği dahil olmak üzere gerekli çözümleri sunmaktadır. Tarafımıza herhangi bir talep iletilmemesi nedeniyle, konaklamanız sırasında söz konusu iddiaların yerinde değerlendirilmesi ve anında çözüm üretilmesi mümkün olmamıştır. Restoranımızda sunulan yiyecek ve içecekler, gıda güvenliği prosedürleri kapsamında hazırlanmakta ve düzenli kontrollerden geçirilmektedir. Servis ekipmanları ve restoran alanları da belirli periyotlarla temizlenmekte olup, tesisimiz bu konuda ilgili standartlara uygun şekilde faaliyet göstermektedir. Tesisimizin hizmet kalitesi, her sezon binlerce misafirimizin geri bildirimleri doğrultusunda değerlendirilmekte olup, yorumunuzda yer alan değerlendirmelerin tesisimizin genel hizmet standardını yansıtmadığını düşünmekteyiz. Bu doğrultuda, ücret iadesi talebinizi kabul etmediğimizi bilgilerinize sunar, görüşlerinizi bizimle paylaştığınız için teşekkür ederiz. Saygılarımızla, gram Management",,2270,300,57,8,1774,190,,,False,False,False,False,False,False,False,False,False,2026-08-25 12:58:29.219502,2026-07-13 00:08:00,True,DAY_MONTH_TIME_NO_YEAR,False,False,True,False,2026,7,2026-07,2026-07-13 11:35:00,,331,,2,False,True,False,False,False,False,Bendis Beach Hotel,Akyarlar,3.9,2469,,,,104.0,False,False,False,3,1,2,0,2026-07-13 09:49:00,2026-07-13 11:51:00,True,False,False
menu-cesitliligi-eksikligi-ve-lezzet-sorunu,https://www.sikayetvar.com/bendis-beach-hotel/menu-cesitliligi-eksikligi-ve-lezzet-sorunu,https://www.sikayetvar.com/bendis-beach-hotel/menu-cesitliligi-eksikligi-ve-lezzet-sorunu,BOD004,Bendis Beach Hotel,Akyarlar,Bendis Beach Hotel,menu-cesitliligi-eksikligi-ve-lezzet-sorunu,https://www.sikayetvar.com/bendis-beach-hotel/menu-cesitliligi-eksikligi-ve-lezzet-sorunu,Menü Çeşitliliği Eksikliği Ve Lezzet Sorunu,"1–7 Haziran tarihleri arasında Bendis Beach Hotel’de konaklamaktayım ve özellikle yemeklerle ilgili ciddi bir memnuniyetsizlik yaşıyorum. Neredeyse her gün aynı yemekler çıkıyor, menüde hiçbir çeşitlilik yok. Örneğin bir gün karnabahar yapılıyorsa, aynı ürün ertesi gün de sadece sosu değiştirilerek tekrar karşımıza çıkıyor ve bu durum sürekli tekrarlanıyor.
Sadece çeşitlilik açısından değil, yemeklerin lezzeti açısından da ne yazık ki beklediğim kaliteyi bulamadım. Sunulan yemeklerin tadı da iyi değil ve bu durum konaklama deneyimimi olumsuz etkiliyor.
Otel yönetiminden, menülerin acilen çeşitlendirilmesini, aynı ürünlerin günlerce arka arkaya farklı soslarla tekrar servis edilmemesini ve yemek kalitesinin, lezzetinin artırılmasını talep ediyorum. Ayrıca yetkililerin bu konuyla ilgilenerek misafir memnuniyetini sağlayacak kalıcı bir düzenleme yapmalarını istiyorum.",5 Haziran 14:02,73,,,,True,5 Haziran 17:11,"Değerli Misafirimiz, 

Öncelikle konaklamanız süresince yaşadığınız memnuniyetsizlikleri bizimle paylaştığınız için teşekkür ederiz. Görüşleriniz, hizmet kalitemizi geliştirebilmemiz adına bizim için önem taşımaktadır.

Yemek çeşitliliği ve lezzeti konusunda beklentilerinizi karşılayamamış olmaktan dolayı üzgün olduğumuzu belirtmek isteriz. Otelimizde misafir profiline uygun, geniş bir ürün yelpazesi sunulmaya çalışılmakta olup farklı günlerde farklı menüler hazırlanmaktadır. Bununla birlikte bazı ürün gruplarının farklı reçeteler ve sunumlarla yeniden değerlendirilmesi mutfak operasyonlarının doğal bir parçasıdır. Ancak yorumlarınız ilgili departman yöneticilerimizle paylaşılmış olup menü planlamalarında misafir geri bildirimleri dikkate alınmaya devam edilecektir.

Su ile ilgili belirtmiş olduğunuz konu hakkında da bilgi vermek isteriz. Tesisimizde kullanılan şebeke suyu, bölgedeki tüm işletmelerde olduğu gibi belediye tarafından sağlanan su altyapısından temin edilmektedir. Bu nedenle zaman zaman suyun tadına ilişkin algısal farklılıklar yaşanabilmektedir. Söz konusu durum otelimize özgü olmayıp bölgesel su kaynağının özelliklerinden kaynaklanmaktadır.

Misafirlerimizin konaklamaları boyunca en iyi deneyimi yaşamaları bizim için büyük önem taşımaktadır. Bu nedenle ilettiğiniz tüm görüşler değerlendirilmiş olup ilgili departmanlarımız tarafından gerekli kontroller ve değerlendirmeler yapılmaktadır.

Değerli geri bildiriminiz için tekrar teşekkür eder, sizi gelecekte yeniden ağırlama fırsatı bulmayı temenni ederiz.

Saygılarımızla, 

Bendis Beach Hotel Yönetimi",False,,,1,5 Haziran 13:32,Suyun Tadı o kadar acı ki ilaç gibi dişlerimizi fırçalarken bile artık zorlanıyoruz,COMPLAINT_MATCHED,,Dedicated single-property source page,https://www.sikayetvar.com/bendis-beach-hotel,2026-08-25T12:58:29.219502+00:00,Menü Çeşitliliği Eksikliği Ve Lezzet Sorunu,"1–7 Haziran tarihleri arasında Bendis Beach Hotel’de konaklamaktayım ve özellikle yemeklerle ilgili ciddi bir memnuniyetsizlik yaşıyorum. Neredeyse her gün aynı yemekler çıkıyor, menüde hiçbir çeşitlilik yok. Örneğin bir gün karnabahar yapılıyorsa, aynı ürün ertesi gün de sadece sosu değiştirilerek tekrar karşımıza çıkıyor ve bu durum sürekli tekrarlanıyor. Sadece çeşitlilik açısından değil, yemeklerin lezzeti açısından da ne yazık ki beklediğim kaliteyi bulamadım. Sunulan yemeklerin tadı da iyi değil ve bu durum konaklama deneyimimi olumsuz etkiliyor. Otel yönetiminden, menülerin acilen çeşitlendirilmesini, aynı ürünlerin günlerce arka arkaya farklı soslarla tekrar servis edilmemesini ve yemek kalitesinin, lezzetinin artırılmasını talep ediyorum. Ayrıca yetkililerin bu konuyla ilgilenerek misafir memnuniyetini sağlayacak kalıcı bir düzenleme yapmalarını istiyorum.","Değerli Misafirimiz, Öncelikle konaklamanız süresince yaşadığınız memnuniyetsizlikleri bizimle paylaştığınız için teşekkür ederiz. Görüşleriniz, hizmet kalitemizi geliştirebilmemiz adına bizim için önem taşımaktadır. Yemek çeşitliliği ve lezzeti konusunda beklentilerinizi karşılayamamış olmaktan dolayı üzgün olduğumuzu belirtmek isteriz. Otelimizde misafir profiline uygun, geniş bir ürün yelpazesi sunulmaya çalışılmakta olup farklı günlerde farklı menüler hazırlanmaktadır. Bununla birlikte bazı ürün gruplarının farklı reçeteler ve sunumlarla yeniden değerlendirilmesi mutfak operasyonlarının doğal bir parçasıdır. Ancak yorumlarınız ilgili departman yöneticilerimizle paylaşılmış olup menü planlamalarında misafir geri bildirimleri dikkate alınmaya devam edilecektir. Su ile ilgili belirtmiş olduğunuz konu hakkında da bilgi vermek isteriz. Tesisimizde kullanılan şebeke suyu, bölgedeki tüm işletmelerde olduğu gibi belediye tarafından sağlanan su altyapısından temin edilmektedir. Bu nedenle zaman zaman suyun tadına ilişkin algısal farklılıklar yaşanabilmektedir. Söz konusu durum otelimize özgü olmayıp bölgesel su kaynağının özelliklerinden kaynaklanmaktadır. Misafirlerimizin konaklamaları boyunca en iyi deneyimi yaşamaları bizim için büyük önem taşımaktadır. Bu nedenle ilettiğiniz tüm görüşler değerlendirilmiş olup ilgili departmanlarımız tarafından gerekli kontroller ve değerlendirmeler yapılmaktadır. Değerli geri bildiriminiz için tekrar teşekkür eder, sizi gelecekte yeniden ağırlama fırsatı bulmayı temenni ederiz. Saygılarımızla, Bendis Beach Hotel Yönetimi",,877,109,43,6,1579,177,,,False,False,False,False,False,False,False,False,False,2026-08-25 12:58:29.219502,2026-06-05 14:02:00,True,DAY_MONTH_TIME_NO_YEAR,False,False,True,False,2026,6,2026-06,2026-06-05 17:11:00,,73,,1,False,True,False,False,False,False,Bendis Beach Hotel,Akyarlar,3.9,2469,,,,104.0,False,False,False,2,1,1,0,2026-06-05 13:32:00,2026-06-05 17:11:00,True,False,False
balayi-cifti-olarak-rezervasyonumuz-karsilanmadi-eksik-iade-yapildi,https://www.sikayetvar.com/bendis-beach-hotel/balayi-cifti-olarak-rezervasyonumuz-karsilanmadi-eksik-iade-yapildi,https://www.sikayetvar.com/bendis-beach-hotel/balayi-cifti-olarak-rezervasyonumuz-karsilanmadi-eksik-iade-yapildi,BOD004,Bendis Beach Hotel,Akyarlar,Bendis Beach Hotel,balayi-cifti-olarak-rezervasyonumuz-karsilanmadi-eksik-iade-yapildi,https://www.sikayetvar.com/bendis-beach-hotel/balayi-cifti-olarak-rezervasyonumuz-karsilanmadi-eksik-iade-yapildi,"Balayı Çifti Olarak Rezervasyonumuz Karşılanmadı, Eksik İade Yapıldı","15.09.2025 giriş, 21.09.2025 çıkış olacak şekilde Bendes Beach Otel’den, Otel Cool Center üzerinden deniz manzaralı ve balayı çifti olduğumuzu belirterek rezervasyon yaptırdık. Rezervasyon sırasında bu talebimizi ilettik ve resepsiyonun yardımcı olacağı söylendi.
Otele giriş yaptığımızda ise resepsiyon, otelde deniz manzaralı oda olmadığını belirtti ve herhangi bir alternatif sunmadı. Bize verilen oda hem manzarasızdı hem de oldukça pisti. Bu durumu resepsiyona ilettik ancak hiçbir çözüm üretilmedi.
Yaşadığımız olumsuzluklar nedeniyle rezervasyonumuzu iptal etmek zorunda kaldık ve konaklama yapmadan otelden ayrıldık. Buna rağmen, toplamda 38.400 TL tutarındaki rezervasyonumuzdan sadece 32.000 TL iade edildi, konaklamadığımız günün ücretini kestiler. Elimde ödeme belgeleri ve faturalar mevcut.
Konaklama yapmadığımız günün ücretinin de tarafımıza iade edilmesini talep ediyorum.",19 Eylül 2025 18:36,983,,,,True,13 Temmuz 09:13,"Sayın Kubilay Bey, 

Paylaşmış olduğunuz değerlendirmeniz tarafımızca incelenmiştir.

Öncelikle belirtmek isteriz ki, tesisimizde **deniz manzaralı oda kategorisi bulunmamaktadır** ve otelimiz tarafından bu nitelikte herhangi bir oda satışı yapılmamaktadır. Bu nedenle, yorumunuzda belirttiğiniz deniz manzaralı oda talebinin otelimiz tarafından taahhüt edilmesi söz konusu değildir. Rezervasyonunuzu gerçekleştirdiğiniz aracı platform tarafından size farklı bir bilgilendirme yapılmış ise, bu hususun ilgili acente ile değerlendirilmesi gerekmektedir.

Konaklamanız başlamış, giriş işlemleriniz tamamlanmış ve tarafınıza oda tahsisi gerçekleştirilmiştir. Daha sonrasında kendi talebiniz doğrultusunda tesisten ayrılma kararı almış olmanız nedeniyle rezervasyon iptal süreci uygulanmıştır.

Konaklama sektöründe, giriş işlemleri tamamlandıktan sonra misafir tarafından gerçekleştirilen erken ayrılış veya rezervasyon iptallerinde, ilk gece konaklama bedelinin tahsil edilmesi standart uygulamalardan biridir. Bunun nedeni, odanın misafir adına tahsis edilmesi, rezervasyon süresince satışa kapatılması ve operasyonel planlamanın bu rezervasyona göre yapılmış olmasıdır. İlk geceye ilişkin ücret kesintisi, rezervasyon ve iptal koşulları kapsamında uygulanmakta olup konaklama sektöründe genel kabul gören bir prosedürdür.

Bu kapsamda, kullanılmayan konaklama bedelleri tarafınıza iade edilmiş, yalnızca ilk geceye ait ücret rezervasyon koşulları doğrultusunda mahsup edilmiştir. Dolayısıyla, ilk gece konaklama bedelinin ayrıca iade edilmesi yönündeki talebinizi kabul etmemiz mümkün değildir.

Bilgilerinize sunar, anlayışınız için teşekkür ederiz.
Saygılarımızla, 
Bendis Beach Hotel 
gram Management",False,,,0,,,COMPLAINT_MATCHED,,Dedicated single-property source page,https://www.sikayetvar.com/bendis-beach-hotel,2026-08-25T12:58:29.219502+00:00,"Balayı Çifti Olarak Rezervasyonumuz Karşılanmadı, Eksik İade Yapıldı","15.09.2025 giriş, 21.09.2025 çıkış olacak şekilde Bendes Beach Otel’den, Otel Cool Center üzerinden deniz manzaralı ve balayı çifti olduğumuzu belirterek rezervasyon yaptırdık. Rezervasyon sırasında bu talebimizi ilettik ve resepsiyonun yardımcı olacağı söylendi. Otele giriş yaptığımızda ise resepsiyon, otelde deniz manzaralı oda olmadığını belirtti ve herhangi bir alternatif sunmadı. Bize verilen oda hem manzarasızdı hem de oldukça pisti. Bu durumu resepsiyona ilettik ancak hiçbir çözüm üretilmedi. Yaşadığımız olumsuzluklar nedeniyle rezervasyonumuzu iptal etmek zorunda kaldık ve konaklama yapmadan otelden ayrıldık. Buna rağmen, toplamda 38.400 TL tutarındaki rezervasyonumuzdan sadece 32.000 TL iade edildi, konaklamadığımız günün ücretini kestiler. Elimde ödeme belgeleri ve faturalar mevcut. Konaklama yapmadığımız günün ücretinin de tarafımıza iade edilmesini talep ediyorum.","Sayın Kubilay Bey, Paylaşmış olduğunuz değerlendirmeniz tarafımızca incelenmiştir. Öncelikle belirtmek isteriz ki, tesisimizde **deniz manzaralı oda kategorisi bulunmamaktadır** ve otelimiz tarafından bu nitelikte herhangi bir oda satışı yapılmamaktadır. Bu nedenle, yorumunuzda belirttiğiniz deniz manzaralı oda talebinin otelimiz tarafından taahhüt edilmesi söz konusu değildir. Rezervasyonunuzu gerçekleştirdiğiniz aracı platform tarafından size farklı bir bilgilendirme yapılmış ise, bu hususun ilgili acente ile değerlendirilmesi gerekmektedir. Konaklamanız başlamış, giriş işlemleriniz tamamlanmış ve tarafınıza oda tahsisi gerçekleştirilmiştir. Daha sonrasında kendi talebiniz doğrultusunda tesisten ayrılma kararı almış olmanız nedeniyle rezervasyon iptal süreci uygulanmıştır. Konaklama sektöründe, giriş işlemleri tamamlandıktan sonra misafir tarafından gerçekleştirilen erken ayrılış veya rezervasyon iptallerinde, ilk gece konaklama bedelinin tahsil edilmesi standart uygulamalardan biridir. Bunun nedeni, odanın misafir adına tahsis edilmesi, rezervasyon süresince satışa kapatılması ve operasyonel planlamanın bu rezervasyona göre yapılmış olmasıdır. İlk geceye ilişkin ücret kesintisi, rezervasyon ve iptal koşulları kapsamında uygulanmakta olup konaklama sektöründe genel kabul gören bir prosedürdür. Bu kapsamda, kullanılmayan konaklama bedelleri tarafınıza iade edilmiş, yalnızca ilk geceye ait ücret rezervasyon koşulları doğrultusunda mahsup edilmiştir. Dolayısıyla, ilk gece konaklama bedelinin ayrıca iade edilmesi yönündeki talebinizi kabul etmemiz mümkün değildir. Bilgilerinize sunar, anlayışınız için teşekkür ederiz. Saygılarımızla, Bendis Beach Hotel gram Management",,888,110,68,8,1694,191,,,False,False,False,False,False,False,False,False,False,2026-08-25 12:58:29.219502,2025-09-19 18:36:00,False,DAY_MONTH_YEAR_TIME,False,False,False,False,2025,9,2025-09,2026-07-13 09:13:00,,983,,0,False,True,False,True,False,False,Bendis Beach Hotel,Akyarlar,3.9,2469,,,,104.0,False,False,False,1,1,0,0,2026-07-13 09:13:00,2026-07-13 09:13:00,True,False,False
bendis-beach-hotelde-hijyen-ve-hizmet-faciasi-paramiz-cope-gitti,https://www.sikayetvar.com/bendis-beach-hotel/bendis-beach-hotelde-hijyen-ve-hizmet-faciasi-paramiz-cope-gitti,https://www.sikayetvar.com/bendis-beach-hotel/bendis-beach-hotelde-hijyen-ve-hizmet-faciasi-paramiz-cope-gitti,BOD004,Bendis Beach Hotel,Akyarlar,Bendis Beach Hotel,bendis-beach-hotelde-hijyen-ve-hizmet-faciasi-paramiz-cope-gitti,https://www.sikayetvar.com/bendis-beach-hotel/bendis-beach-hotelde-hijyen-ve-hizmet-faciasi-paramiz-cope-gitti,'de Hijyen Ve Hizmet Faciası: Paramız Çöpe Gitti,"16 Eylül 2024 tarihinde eşim ve çocuğumla birlikte Bodrum Akyarlar’daki Bendis Beach Hotel’de 103 numaralı odada 1 gece konakladık. Hayatımızda kaldığımız en kötü ve en pis oteldi. Oda ve özellikle banyo ile tuvaletler kullanılacak durumda değildi, hijyen konusunda ciddi sıkıntılar vardı. Banyodan akan suyun tadı ve kokusu çok kötüydü, dişimizi bile hazır suyla fırçalamak zorunda kaldık ve duş alamadık. Açık büfede hiçbir şey yiyemedik, genel temizlik çok yetersizdi. 2.400 TL ödeyerek masaj hizmeti aldım ancak hem hamam hem de masaj salonu hijyenik değildi ve hizmetin karşılığını kesinlikle alamadım. Konaklamamız sırasında elektrikler kesildi ve saatlerce gelmedi. Şezlonglar kırık ve kullanılamaz durumdaydı. Tüm bu olumsuzluklar nedeniyle günümüz dolmadan otelden çıkış yaptık.
Telefonla rezervasyon yaptırıp, IBAN yoluyla toplam 6.080 TL ödeme yaptık. Otel yönetimiyle iletişime geçmedik çünkü yaşadıklarımızdan dolayı tamamen hayal kırıklığına uğradık. Bu kadar kötü bir hizmet karşısında ödediğimiz ücretin iadesini talep ediyorum.",17 Eylül 2025 13:55,2.487,,,,False,,,False,,,0,,,COMPLAINT_MATCHED,,Dedicated single-property source page,https://www.sikayetvar.com/bendis-beach-hotel,2026-08-25T12:58:29.219502+00:00,'de Hijyen Ve Hizmet Faciası: Paramız Çöpe Gitti,"16 Eylül 2024 tarihinde eşim ve çocuğumla birlikte Bodrum Akyarlar’daki Bendis Beach Hotel’de 103 numaralı odada 1 gece konakladık. Hayatımızda kaldığımız en kötü ve en pis oteldi. Oda ve özellikle banyo ile tuvaletler kullanılacak durumda değildi, hijyen konusunda ciddi sıkıntılar vardı. Banyodan akan suyun tadı ve kokusu çok kötüydü, dişimizi bile hazır suyla fırçalamak zorunda kaldık ve duş alamadık. Açık büfede hiçbir şey yiyemedik, genel temizlik çok yetersizdi. 2.400 TL ödeyerek masaj hizmeti aldım ancak hem hamam hem de masaj salonu hijyenik değildi ve hizmetin karşılığını kesinlikle alamadım. Konaklamamız sırasında elektrikler kesildi ve saatlerce gelmedi. Şezlonglar kırık ve kullanılamaz durumdaydı. Tüm bu olumsuzluklar nedeniyle günümüz dolmadan otelden çıkış yaptık. Telefonla rezervasyon yaptırıp, IBAN yoluyla toplam 6.080 TL ödeme yaptık. Otel yönetimiyle iletişime geçmedik çünkü yaşadıklarımızdan dolayı tamamen hayal kırıklığına uğradık. Bu kadar kötü bir hizmet karşısında ödediğimiz ücretin iadesini talep ediyorum.",,,1044,141,48,8,,,,,False,False,False,False,False,False,False,False,False,2026-08-25 12:58:29.219502,2025-09-17 13:55:00,False,DAY_MONTH_YEAR_TIME,False,False,False,False,2025,9,2025-09,,,2487,,0,False,False,False,False,False,False,Bendis Beach Hotel,Akyarlar,3.9,2469,,,,104.0,False,False,False,0,0,0,0,,,False,False,False
bendis-beach-otelde-hijyen-ve-hizmet-kalitesi-buyuk-hayal-kirikligi-yaratti,https://www.sikayetvar.com/bendis-beach-hotel/bendis-beach-otelde-hijyen-ve-hizmet-kalitesi-buyuk-hayal-kirikligi-yaratti,https://www.sikayetvar.com/bendis-beach-hotel/bendis-beach-otelde-hijyen-ve-hizmet-kalitesi-buyuk-hayal-kirikligi-yaratti,BOD004,Bendis Beach Hotel,Akyarlar,Bendis Beach Hotel,bendis-beach-otelde-hijyen-ve-hizmet-kalitesi-buyuk-hayal-kirikligi-yaratti,https://www.sikayetvar.com/bendis-beach-hotel/bendis-beach-otelde-hijyen-ve-hizmet-kalitesi-buyuk-hayal-kirikligi-yaratti,Bendis Beach Otel'de Hijyen Ve Hizmet Kalitesi Büyük Hayal Kırıklığı Yarattı,"29/08/2026 tarihinde giriş yaptığım Bendis Beach Otel Bodrum’da şu anda konaklamaktayım ve yaşadığım olumsuzluklardan dolayı çok pişmanım. Standart odada kalıyoruz. Otelde hijyen konusunda ciddi sorunlar var; tabaklar, çatal-kaşıklar ve odalar son derece kirli. Duş için kullandığımız Çeşme suyu oldukça kötü, adeta zehir gibi acı bir tadı var. Yemekler lezzetsiz ve kalitesiz. Havuz ise çok küçük, 6 aylık oğlumun evdeki havuzu bile daha büyük.
Bu sorunlarla ilgili olarak otel yönetimiyle iletişime geçmedim çünkü genel durumun düzelmeyeceğini düşünüyorum. 26.000 TL’lik konaklama ücretini kredi kartı ile ödedim ve yaşadığım bu olumsuzluklar nedeniyle ücret iadesi talep ediyorum.
Yetkililerden en kısa sürede çözüm bekliyorum.",29 Ağustos 2025 23:41,992,,,,False,,,False,,,0,,,COMPLAINT_MATCHED,,Dedicated single-property source page,https://www.sikayetvar.com/bendis-beach-hotel,2026-08-25T12:58:29.219502+00:00,Bendis Beach Otel'de Hijyen Ve Hizmet Kalitesi Büyük Hayal Kırıklığı Yarattı,"29/08/2026 tarihinde giriş yaptığım Bendis Beach Otel Bodrum’da şu anda konaklamaktayım ve yaşadığım olumsuzluklardan dolayı çok pişmanım. Standart odada kalıyoruz. Otelde hijyen konusunda ciddi sorunlar var; tabaklar, çatal-kaşıklar ve odalar son derece kirli. Duş için kullandığımız Çeşme suyu oldukça kötü, adeta zehir gibi acı bir tadı var. Yemekler lezzetsiz ve kalitesiz. Havuz ise çok küçük, 6 aylık oğlumun evdeki havuzu bile daha büyük. Bu sorunlarla ilgili olarak otel yönetimiyle iletişime geçmedim çünkü genel durumun düzelmeyeceğini düşünüyorum. 26.000 TL’lik konaklama ücretini kredi kartı ile ödedim ve yaşadığım bu olumsuzluklar nedeniyle ücret iadesi talep ediyorum. Yetkililerden en kısa sürede çözüm bekliyorum.",,,730,99,76,11,,,,,False,False,False,False,False,False,False,False,False,2026-08-25 12:58:29.219502,2025-08-29 23:41:00,False,DAY_MONTH_YEAR_TIME,False,False,False,False,2025,8,2025-08,,,992,,0,False,False,False,False,False,False,Bendis Beach Hotel,Akyarlar,3.9,2469,,,,104.0,False,False,False,0,0,0,0,,,False,False,False
otelin-su-kaynagi-belirsizligi-sagligimizi-tehdit-ediyor,https://www.sikayetvar.com/bendis-beach-hotel/otelin-su-kaynagi-belirsizligi-sagligimizi-tehdit-ediyor,https://www.sikayetvar.com/bendis-beach-hotel/otelin-su-kaynagi-belirsizligi-sagligimizi-tehdit-ediyor,BOD004,Bendis Beach Hotel,Akyarlar,Bendis Beach Hotel,otelin-su-kaynagi-belirsizligi-sagligimizi-tehdit-ediyor,https://www.sikayetvar.com/bendis-beach-hotel/otelin-su-kaynagi-belirsizligi-sagligimizi-tehdit-ediyor,Otelin Su Kaynağı Belirsizliği Sağlığımızı Tehdit Ediyor!,Bendis Beach otelde 01.07.2025 ve 07.07.2025 tarihleri arasında konaklama yaptık. Çeşmeden gelen su ile ilgili Sağlık Bakanlığına CİMER üzerinden başvuru yaptım. Sağlık bakanlığı konuyu Muğla valiliğine oradan da su ve kanalizasyon dairesi genel müdürlüğünden dönüş yaptı. Otelin su aboneliği bulunmadığı cevabı geldi. Acaba otelden gelen su nereden ve ne şekilde temin ediliyor. İnsan sağlığı bu kadar ucuz mu? Cevap yazısının resmini yayınlıyorum.,24 Temmuz 2025 12:31,1.102,,,,False,,,False,,,0,,,COMPLAINT_MATCHED,,Dedicated single-property source page,https://www.sikayetvar.com/bendis-beach-hotel,2026-08-25T12:58:29.219502+00:00,Otelin Su Kaynağı Belirsizliği Sağlığımızı Tehdit Ediyor!,Bendis Beach otelde 01.07.2025 ve 07.07.2025 tarihleri arasında konaklama yaptık. Çeşmeden gelen su ile ilgili Sağlık Bakanlığına CİMER üzerinden başvuru yaptım. Sağlık bakanlığı konuyu Muğla valiliğine oradan da su ve kanalizasyon dairesi genel müdürlüğünden dönüş yaptı. Otelin su aboneliği bulunmadığı cevabı geldi. Acaba otelden gelen su nereden ve ne şekilde temin ediliyor. İnsan sağlığı bu kadar ucuz mu? Cevap yazısının resmini yayınlıyorum.,,,449,62,57,7,,,,,False,False,False,False,False,False,False,False,False,2026-08-25 12:58:29.219502,2025-07-24 12:31:00,False,DAY_MONTH_YEAR_TIME,False,False,False,False,2025,7,2025-07,,,1102,,0,False,False,False,True,False,False,Bendis Beach Hotel,Akyarlar,3.9,2469,,,,104.0,False,False,False,0,0,0,0,,,False,False,False
bendis-beach-hotel-hamam-sauna-sikayet,https://www.sikayetvar.com/bendis-beach-hotel/bendis-beach-hotel-hamam-sauna-sikayet,https://www.sikayetvar.com/bendis-beach-hotel/bendis-beach-hotel-hamam-sauna-sikayet,BOD004,Bendis Beach Hotel,Akyarlar,Bendis Beach Hotel,bendis-beach-hotel-hamam-sauna-sikayet,https://www.sikayetvar.com/bendis-beach-hotel/bendis-beach-hotel-hamam-sauna-sikayet,Hamam Sauna Şikayet,"Otele giriş yaptık. Ertesi gün hamam ve sauna kullanmak istedik. Oradaki çalışan iki kadın bizi hamama almadı, özel işletme olduğunu ve içeride özel müşterisi olduğunu, 4 saat sonra gelip kullanabileceğimizi söyledi. Hamam ortak kullanım alanıdır, ben istediğim saatte hamamı kullanabilirim. Ertesi gün tekrardan gittim ailem ile, 10 dakika oldu. Gireli hamama bizi çıkartmaya çalıştı, oradaki çalışan kadın özel müşterim var çıkın dedi ve çıkmadık. 15 dakika sonra çıkacağımızı söyledik, müşterisini aldı ve müşterisine komple iç çamaşırına kadar çıkarabilirsin, rahatsız olan çıkar gibi kelimeler kullandı. Son derece kalitesiz hamam çalışanları.",Taha'nın Teşekkür Mesajı “ Misafir ilişkileri ile ilgilenen hanımefendiye teşekkür ediyorum çok iyi ilgilendi bizimle resepsiyonun yanındaki odası ”,,,,,False,,,False,,,1,9 Eylül 2024 19:51,Misafir ilişkileri ile ilgilenen hanımefendiye teşekkür ediyorum çok iyi ilgilendi bizimle resepsiyonun yanındaki odası,COMPLAINT_MATCHED,,Dedicated single-property source page,https://www.sikayetvar.com/bendis-beach-hotel,2026-08-25T12:58:29.219502+00:00,Hamam Sauna Şikayet,"Otele giriş yaptık. Ertesi gün hamam ve sauna kullanmak istedik. Oradaki çalışan iki kadın bizi hamama almadı, özel işletme olduğunu ve içeride özel müşterisi olduğunu, 4 saat sonra gelip kullanabileceğimizi söyledi. Hamam ortak kullanım alanıdır, ben istediğim saatte hamamı kullanabilirim. Ertesi gün tekrardan gittim ailem ile, 10 dakika oldu. Gireli hamama bizi çıkartmaya çalıştı, oradaki çalışan kadın özel müşterim var çıkın dedi ve çıkmadık. 15 dakika sonra çıkacağımızı söyledik, müşterisini aldı ve müşterisine komple iç çamaşırına kadar çıkarabilirsin, rahatsız olan çıkar gibi kelimeler kullandı. Son derece kalitesiz hamam çalışanları.",,,648,89,19,3,,,,,False,False,False,False,False,False,False,False,False,2026-08-25 12:58:29.219502,,False,UNRECOGNIZED,True,True,False,False,,,,,,,,1,False,False,False,False,False,False,Bendis Beach Hotel,Akyarlar,3.9,2469,,,,104.0,False,False,False,1,0,1,0,2024-09-09 19:51:00,2024-09-09 19:51:00,False,False,False
bendis-beach-hotel-tatil-hayal-kirikligi-hizmet-ve-hijyen-sorunlari,https://www.sikayetvar.com/bendis-beach-hotel/bendis-beach-hotel-tatil-hayal-kirikligi-hizmet-ve-hijyen-sorunlari,https://www.sikayetvar.com/bendis-beach-hotel/bendis-beach-hotel-tatil-hayal-kirikligi-hizmet-ve-hijyen-sorunlari,BOD004,Bendis Beach Hotel,Akyarlar,Bendis Beach Hotel,bendis-beach-hotel-tatil-hayal-kirikligi-hizmet-ve-hijyen-sorunlari,https://www.sikayetvar.com/bendis-beach-hotel/bendis-beach-hotel-tatil-hayal-kirikligi-hizmet-ve-hijyen-sorunlari,Tatil Hayal Kırıklığı: Hizmet Ve Hijyen Sorunları,"Bu yorumları bir seyahat acentesinde çalışan biri olarak yazıyorum.Öncelikle iyi taraflarından bahsetmek istiyorum:- Otelin konumu gayet iyi.- Odalar yeterli büyüklükte ama bakım istiyor.- Animasyon ekibi son derece iyi, ancak eğlence kısmı biraz daha geliştirilebilir.- Sahili güzel, kum ve çakıl denizi sabahları genelde sakin, öğleden sonra dalga başlıyor.
Gelelim eksik yanlarına:- Otele giriş yaptığımız günden itibaren banyo havlusu peşinde koştuk.- Otelde belki bizim şansımız kavga eksik olmadı.- Gece uyurken saat 12-01 aralığında otelde diğer konaklama yapan misafirlerin çocukları kapımızı yumruklayıp kaçtılar (oyun oynadıklarını düşündüler herhalde) ama bizi huzursuz etmeyi başardılar.- Yemeklere gelince son derece hayal kırıklığı. 24.08.2024 giriş yaptığımızdan bu yana sadece 1 gün çok güzel lezzetli yemek yeme fırsatımız oldu. Onun dışında her gün çiğ tavuk, sert tavuk, ne olduğu belirsiz dağılan köfte, kuru balık, kokan kısır, bozulmuş taze fasulye, ekşimiş barbunya vs.- Izgarada yenilmeyen kalan yemekleri ne olduğu fark etmeksizin ertesi gün içeri kısımda sergilediklerini de görebilirsiniz.- Gıda mühendisi var ve denetleniyor deniliyor ama denetleme olsa bu kadar sıkıntı yaşanılacağını düşünmüyorum.- İçeceklerde bile tat yok, kola mı içiyorsunuz su mu belli değil.- Alkol deseniz alkol değil, bira içecekseniz ancak köpük partisi yapabilirsiniz.- Havuz bar kısmındaki personele tip verirseniz gayet güzel hizmet alabilirsiniz, vermezseniz hizmet almayı pek beklemeyin.- Garsonların bazıları saygısız ve üslupları yok, özellikle E** Bey son derece saygısız. Eşim odaya gitmişti, biz kızımla masada oturuyorduk. Kendisinden kola rica ettim ve ""getiremem, Self Servis"" diye ters cevap verdi. Masamızı toplamasını rica ettiğimizde keza yine 45 dakika süründürerek topladı.
Sezon ortası olduğu için o civarda başka otel bulamadık. İstanbul'dan geldiğimiz ve çocuğumuz olduğu için geri dönemedik. Bütün yıl çalışıp 1 hafta dinlenmek için gelip hayal kırıklığı ile dönüyoruz.
Gerekli yerlere şikayetlerimizi yaptık.",1 Eylül 2024 00:11,2.980,,,,False,,,False,,,0,,,COMPLAINT_MATCHED,,Dedicated single-property source page,https://www.sikayetvar.com/bendis-beach-hotel,2026-08-25T12:58:29.219502+00:00,Tatil Hayal Kırıklığı: Hizmet Ve Hijyen Sorunları,"Bu yorumları bir seyahat acentesinde çalışan biri olarak yazıyorum.Öncelikle iyi taraflarından bahsetmek istiyorum:- Otelin konumu gayet iyi.- Odalar yeterli büyüklükte ama bakım istiyor.- Animasyon ekibi son derece iyi, ancak eğlence kısmı biraz daha geliştirilebilir.- Sahili güzel, kum ve çakıl denizi sabahları genelde sakin, öğleden sonra dalga başlıyor. Gelelim eksik yanlarına:- Otele giriş yaptığımız günden itibaren banyo havlusu peşinde koştuk.- Otelde belki bizim şansımız kavga eksik olmadı.- Gece uyurken saat 12-01 aralığında otelde diğer konaklama yapan misafirlerin çocukları kapımızı yumruklayıp kaçtılar (oyun oynadıklarını düşündüler herhalde) ama bizi huzursuz etmeyi başardılar.- Yemeklere gelince son derece hayal kırıklığı. 24.08.2024 giriş yaptığımızdan bu yana sadece 1 gün çok güzel lezzetli yemek yeme fırsatımız oldu. Onun dışında her gün çiğ tavuk, sert tavuk, ne olduğu belirsiz dağılan köfte, kuru balık, kokan kısır, bozulmuş taze fasulye, ekşimiş barbunya vs.- Izgarada yenilmeyen kalan yemekleri ne olduğu fark etmeksizin ertesi gün içeri kısımda sergilediklerini de görebilirsiniz.- Gıda mühendisi var ve denetleniyor deniliyor ama denetleme olsa bu kadar sıkıntı yaşanılacağını düşünmüyorum.- İçeceklerde bile tat yok, kola mı içiyorsunuz su mu belli değil.- Alkol deseniz alkol değil, bira içecekseniz ancak köpük partisi yapabilirsiniz.- Havuz bar kısmındaki personele tip verirseniz gayet güzel hizmet alabilirsiniz, vermezseniz hizmet almayı pek beklemeyin.- Garsonların bazıları saygısız ve üslupları yok, özellikle E** Bey son derece saygısız. Eşim odaya gitmişti, biz kızımla masada oturuyorduk. Kendisinden kola rica ettim ve ""getiremem, Self Servis"" diye ters cevap verdi. Masamızı toplamasını rica ettiğimizde keza yine 45 dakika süründürerek topladı. Sezon ortası olduğu için o civarda başka otel bulamadık. İstanbul'dan geldiğimiz ve çocuğumuz olduğu için geri dönemedik. Bütün yıl çalışıp 1 hafta dinlenmek için gelip hayal kırıklığı ile dönüyoruz. Gerekli yerlere şikayetlerimizi yaptık.",,,2037,272,49,7,,,,,False,False,False,False,False,False,False,False,False,2026-08-25 12:58:29.219502,2024-09-01 00:11:00,False,DAY_MONTH_YEAR_TIME,False,False,False,False,2024,9,2024-09,,,2980,,0,False,False,False,True,False,False,Bendis Beach Hotel,Akyarlar,3.9,2469,,,,104.0,False,False,False,0,0,0,0,,,False,False,False
ets-tur-bendis-beach,https://www.sikayetvar.com/bendis-beach-hotel/ets-tur-bendis-beach,https://www.sikayetvar.com/bendis-beach-hotel/ets-tur-bendis-beach,BOD004,Bendis Beach Hotel,Akyarlar,Bendis Beach Hotel,ets-tur-bendis-beach,https://www.sikayetvar.com/bendis-beach-hotel/ets-tur-bendis-beach,ETS Tur Bendis Beach,"Bendis Beach Turgutreis Akyarlar mevkinde 22.07.2024 tarihinden itibaren konaklamaktayız (1 gün). Geldiğimiz andan itibaren büyük bir hayal kırıklığına uğradık. Lobisi ve WC'leri bir felaket. İki katlı odalar eski ve klimaları bozuk. Yataklar tek kişilik olup birleştirilmiş, iki kişilik yapılmış; asla konfor yok. Bari yemek yiyip denize gireriz diye düşündük, yemekler tam bir fiyasko. Bu yemekleri bu kadar kötü ve pis yapmak için özellikle uğraşmışlar. Kahvaltıda ağıza sürülecek bir lokma yok, resmen perişanlık yaşıyoruz. Asla kabul etmiyorum. Snack bar yanmış ve bu hafta sonuna kadar açılmayacakmış. Zaten 6 günümüz var, o hayallerimiz de çöp oldu. Tatile geldik, dert çekmeye değil. İvedi bir şekilde otelimizin değişmesini istiyorum. Yıllardır tatil aldığımız ETS Tur'a böyle bir oteli hiç yakıştıramadım. Kurumdan çok acil dönüş bekliyorum. Asla bu otelde kalmayı kabul etmiyorum.",23 Temmuz 2024 10:26,2.173,,,,False,,,False,,,0,,,COMPLAINT_MATCHED,,Dedicated single-property source page,https://www.sikayetvar.com/bendis-beach-hotel,2026-08-25T12:58:29.219502+00:00,ETS Tur Bendis Beach,"Bendis Beach Turgutreis Akyarlar mevkinde 22.07.2024 tarihinden itibaren konaklamaktayız (1 gün). Geldiğimiz andan itibaren büyük bir hayal kırıklığına uğradık. Lobisi ve WC'leri bir felaket. İki katlı odalar eski ve klimaları bozuk. Yataklar tek kişilik olup birleştirilmiş, iki kişilik yapılmış; asla konfor yok. Bari yemek yiyip denize gireriz diye düşündük, yemekler tam bir fiyasko. Bu yemekleri bu kadar kötü ve pis yapmak için özellikle uğraşmışlar. Kahvaltıda ağıza sürülecek bir lokma yok, resmen perişanlık yaşıyoruz. Asla kabul etmiyorum. Snack bar yanmış ve bu hafta sonuna kadar açılmayacakmış. Zaten 6 günümüz var, o hayallerimiz de çöp oldu. Tatile geldik, dert çekmeye değil. İvedi bir şekilde otelimizin değişmesini istiyorum. Yıllardır tatil aldığımız ETS Tur'a böyle bir oteli hiç yakıştıramadım. Kurumdan çok acil dönüş bekliyorum. Asla bu otelde kalmayı kabul etmiyorum.",,,891,126,20,4,,,,,False,False,False,False,False,False,False,False,False,2026-08-25 12:58:29.219502,2024-07-23 10:26:00,False,DAY_MONTH_YEAR_TIME,False,False,False,False,2024,7,2024-07,,,2173,,0,False,False,False,True,False,False,Bendis Beach Hotel,Akyarlar,3.9,2469,,,,104.0,False,False,False,0,0,0,0,,,False,False,False
iptal-edilen-rezervasyon-ucretinin-iadesi-surekli-erteleniyor,https://www.sikayetvar.com/bodrum-beach-resort/iptal-edilen-rezervasyon-ucretinin-iadesi-surekli-erteleniyor,https://www.sikayetvar.com/bodrum-beach-resort/iptal-edilen-rezervasyon-ucretinin-iadesi-surekli-erteleniyor,BOD058,Bodrum Beach Resort,Gümbet,Bodrum Beach Resort,iptal-edilen-rezervasyon-ucretinin-iadesi-surekli-erteleniyor,https://www.sikayetvar.com/bodrum-beach-resort/iptal-edilen-rezervasyon-ucretinin-iadesi-surekli-erteleniyor,İptal Edilen Rezervasyon Ücretinin İadesi Sürekli Erteleniyor,"1 Temmuz tarihinde Bodrum Beach Resort oteline yapmış olduğum rezervasyonu, eşimin hamileliği sebebiyle resmi belgelerle birlikte iptal ettirdim. İptal sırasında kredi kartımdan çekilen 17.160 TL tutarındaki ödemenin, tarafıma eksiksiz şekilde en geç 28 iş günü içerisinde iade edileceği açıkça beyan edildi.
Bugüne kadar otelin danışma ve rezervasyon birimini telefonla defalarca aradım. Önce 28 iş günü içinde iade yapılacağı söylendi, 28 iş günü geçtikten sonra ise bu kez ödemenin artık “sıraya göre” yatırılacağı ifade edilerek süreç sürekli ertelendi. Telefonla görüştüğüm hiçbir yetkili net bir tarih vermiyor, yazılı bir dekont veya belge de göndermiyor ve iadem yapılmıyor.
Eşimin hamileliği nedeniyle zorunlu olarak iptal ettiğimiz bu rezervasyona ait 17.160 TL’nin, ilk başta taahhüt edildiği gibi gecikmeksizin ve tam tutar halinde kredi kartıma iade edilmesini, ayrıca bu süreçle ilgili tarafıma yazılı ve net bir açıklama yapılmasını talep ediyorum.",Nurullah'ın Teşekkür Mesajı “ İademi sonunda bugün yatırdılar. Hakem Heyeti'ne yazdım bankadan harcama itirazı oluşturdum ve iademi ancak bugün yatırdılar ”,,,,,False,,,False,,,2,12 Ağustos 08:52,Hala hiçbir şekilde iadem yatmadı ve iletişime geçen de olmadı,COMPLAINT_MATCHED,,Dedicated single-property source page,https://www.sikayetvar.com/bodrum-beach-resort,2026-08-25T12:58:29.219502+00:00,İptal Edilen Rezervasyon Ücretinin İadesi Sürekli Erteleniyor,"1 Temmuz tarihinde Bodrum Beach Resort oteline yapmış olduğum rezervasyonu, eşimin hamileliği sebebiyle resmi belgelerle birlikte iptal ettirdim. İptal sırasında kredi kartımdan çekilen 17.160 TL tutarındaki ödemenin, tarafıma eksiksiz şekilde en geç 28 iş günü içerisinde iade edileceği açıkça beyan edildi. Bugüne kadar otelin danışma ve rezervasyon birimini telefonla defalarca aradım. Önce 28 iş günü içinde iade yapılacağı söylendi, 28 iş günü geçtikten sonra ise bu kez ödemenin artık “sıraya göre” yatırılacağı ifade edilerek süreç sürekli ertelendi. Telefonla görüştüğüm hiçbir yetkili net bir tarih vermiyor, yazılı bir dekont veya belge de göndermiyor ve iadem yapılmıyor. Eşimin hamileliği nedeniyle zorunlu olarak iptal ettiğimiz bu rezervasyona ait 17.160 TL’nin, ilk başta taahhüt edildiği gibi gecikmeksizin ve tam tutar halinde kredi kartıma iade edilmesini, ayrıca bu süreçle ilgili tarafıma yazılı ve net bir açıklama yapılmasını talep ediyorum.",,,963,134,61,7,,,,,False,False,False,False,False,False,False,False,False,2026-08-25 12:58:29.219502,,False,UNRECOGNIZED,True,True,False,False,,,,,,,,2,False,False,False,False,False,False,Bodrum Beach Resort,Gümbet,3.7,1678,4.0,164.0,442.0,69.0,False,False,False,2,0,2,0,2026-08-12 08:52:00,2026-08-13 09:50:00,False,False,False
bodrum-beach-resortta-iptal-edilen-rezervasyonun-iadesi-28-gun-boyunca-gelmedi,https://www.sikayetvar.com/bodrum-beach-resort/bodrum-beach-resortta-iptal-edilen-rezervasyonun-iadesi-28-gun-boyunca-gelmedi,https://www.sikayetvar.com/bodrum-beach-resort/bodrum-beach-resortta-iptal-edilen-rezervasyonun-iadesi-28-gun-boyunca-gelmedi,BOD058,Bodrum Beach Resort,Gümbet,Bodrum Beach Resort,bodrum-beach-resortta-iptal-edilen-rezervasyonun-iadesi-28-gun-boyunca-gelmedi,https://www.sikayetvar.com/bodrum-beach-resort/bodrum-beach-resortta-iptal-edilen-rezervasyonun-iadesi-28-gun-boyunca-gelmedi,’ta İptal Edilen Rezervasyonun İadesi 28 Gün Boyunca Gelmedi,"Bodrum Beach Resort Otel’de yaptığım rezervasyonu 28 Haziran tarihinde iptal etmek zorunda kaldım. Toplam 25.600 TL tutarındaki rezervasyonum için bana WhatsApp üzerinden iptal teyidi verildi ve 24.960 TL’nin iade edileceği açıkça belirtildi. Ödemeyi oteli arayarak, kredi kartıma 3 taksit olacak şekilde gerçekleştirmiştim.
Ancak iptal üzerinden 28 iş günü geçmiş olmasına rağmen kredi kartıma hiçbir ücret iadesi yapılmadı. Bu süre içinde oteli 6–7 kez aradım, her seferinde farklı ve net olmayan dönüşler aldım. Bana “1 hafta içinde de yatabilir, 1 ay içinde de” gibi yuvarlak cevaplar veriliyor ve hatta dalga geçer gibi “1 ay bekleyen müşterilerimiz var” deniliyor. Kalmadığım otelin ikinci taksitini ödemek zorunda kalacağım bir noktaya geldim ve bu durumun son derece sorumsuzca olduğunu düşünüyorum.
İptali onaylanmış ve yazılı olarak da teyit edilmiş olan rezervasyonumun bedelinin, daha fazla gecikmeden, en kısa sürede kredi kartıma eksiksiz şekilde iade edilmesini talep ediyorum.","Mustafa'nın Teşekkür Mesajı “ Uzun bir aradan sonra iadem bugün yattı. Otelde kalmadığım için otelin hizmetleri hakkında yorum yapmıyorum ama benim gibi rezervasyon iptali yaptıysanız ödediğiniz ücreti geri alabilmek için ortalama en az 1/1,5 ay beklemeniz gerekebilir. ”",,,,,False,,,False,,,1,16 Ağustos 21:34,"Uzun bir aradan sonra iadem bugün yattı. Otelde kalmadığım için otelin hizmetleri hakkında yorum yapmıyorum ama benim gibi rezervasyon iptali yaptıysanız ödediğiniz ücreti geri alabilmek için ortalama en az 1/1,5 ay beklemeniz gerekebilir.",COMPLAINT_MATCHED,,Dedicated single-property source page,https://www.sikayetvar.com/bodrum-beach-resort,2026-08-25T12:58:29.219502+00:00,’ta İptal Edilen Rezervasyonun İadesi 28 Gün Boyunca Gelmedi,"Bodrum Beach Resort Otel’de yaptığım rezervasyonu 28 Haziran tarihinde iptal etmek zorunda kaldım. Toplam 25.600 TL tutarındaki rezervasyonum için bana WhatsApp üzerinden iptal teyidi verildi ve 24.960 TL’nin iade edileceği açıkça belirtildi. Ödemeyi oteli arayarak, kredi kartıma 3 taksit olacak şekilde gerçekleştirmiştim. Ancak iptal üzerinden 28 iş günü geçmiş olmasına rağmen kredi kartıma hiçbir ücret iadesi yapılmadı. Bu süre içinde oteli 6–7 kez aradım, her seferinde farklı ve net olmayan dönüşler aldım. Bana “1 hafta içinde de yatabilir, 1 ay içinde de” gibi yuvarlak cevaplar veriliyor ve hatta dalga geçer gibi “1 ay bekleyen müşterilerimiz var” deniliyor. Kalmadığım otelin ikinci taksitini ödemek zorunda kalacağım bir noktaya geldim ve bu durumun son derece sorumsuzca olduğunu düşünüyorum. İptali onaylanmış ve yazılı olarak da teyit edilmiş olan rezervasyonumun bedelinin, daha fazla gecikmeden, en kısa sürede kredi kartıma eksiksiz şekilde iade edilmesini talep ediyorum.",,,992,140,60,9,,,,,False,False,False,False,False,False,False,False,False,2026-08-25 12:58:29.219502,,False,UNRECOGNIZED,True,True,False,False,,,,,,,,1,False,False,False,False,False,False,Bodrum Beach Resort,Gümbet,3.7,1678,4.0,164.0,442.0,69.0,False,False,False,1,0,1,0,2026-08-16 21:34:00,2026-08-16 21:34:00,False,False,False
bodrum-beach-resort-banyoyu-su-basiyor-video,https://www.sikayetvar.com/bodrum-beach-resort/bodrum-beach-resort-banyoyu-su-basiyor-video,https://www.sikayetvar.com/bodrum-beach-resort/bodrum-beach-resort-banyoyu-su-basiyor-video,BOD058,Bodrum Beach Resort,Gümbet,Bodrum Beach Resort,bodrum-beach-resort-banyoyu-su-basiyor-video,https://www.sikayetvar.com/bodrum-beach-resort/bodrum-beach-resort-banyoyu-su-basiyor-video,Banyoyu Su Basıyor,,13 Nisan 2024 19:10,1.264,,,,False,,,False,,,0,,,COMPLAINT_MATCHED,,Dedicated single-property source page,https://www.sikayetvar.com/bodrum-beach-resort,2026-08-25T12:58:29.219502+00:00,Banyoyu Su Basıyor,,,,,,18,3,,,,,True,False,False,True,False,False,False,False,False,2026-08-25 12:58:29.219502,2024-04-13 19:10:00,False,DAY_MONTH_YEAR_TIME,False,False,False,False,2024,4,2024-04,,,1264,,0,False,False,False,False,False,False,Bodrum Beach Resort,Gümbet,3.7,1678,4.0,164.0,442.0,69.0,False,False,False,0,0,0,0,,,False,False,False
casa-mare-bodrum-ucret-iade-talebi,https://www.sikayetvar.com/casa-mare-bodrum/casa-mare-bodrum-ucret-iade-talebi,https://www.sikayetvar.com/casa-mare-bodrum/casa-mare-bodrum-ucret-iade-talebi,BOD038,Casa Mare Bodrum,Bodrum Merkez,Casa Mare Bodrum,casa-mare-bodrum-ucret-iade-talebi,https://www.sikayetvar.com/casa-mare-bodrum/casa-mare-bodrum-ucret-iade-talebi,Ücret İade Talebi,"Bu otelde Bodrum Bale festivali kapsamında mimarsinan Üniversitesi öğrencileri ve öğretmenleri adına Temmuz ayı için Mart ayında rezervasyon yapıldı ve hemen aynı gün ödemesi yapıldı.
Ancak 18 Haziran'da bir oda iptalimiz oldu. 1 aydan fazla zamandır geri iade almamız gereken 15,800 TL'yi otel sahibi b*** Bey bize geri iade yapmıyor. Defalarca arayıp konuşmamıza rağmen, bugün yarın vs diyerek sürekli bizi oyaladı.
Hakkımız olan bu miktarın geri ödenmesini istiyoruz.",23 Temmuz 2025 17:53,73,,,,False,,,False,,,0,,,COMPLAINT_MATCHED,,Dedicated single-property source page,https://www.sikayetvar.com/casa-mare-bodrum,2026-08-25T12:58:29.219502+00:00,Ücret İade Talebi,"Bu otelde Bodrum Bale festivali kapsamında mimarsinan Üniversitesi öğrencileri ve öğretmenleri adına Temmuz ayı için Mart ayında rezervasyon yapıldı ve hemen aynı gün ödemesi yapıldı. Ancak 18 Haziran'da bir oda iptalimiz oldu. 1 aydan fazla zamandır geri iade almamız gereken 15,800 TL'yi otel sahibi b*** Bey bize geri iade yapmıyor. Defalarca arayıp konuşmamıza rağmen, bugün yarın vs diyerek sürekli bizi oyaladı. Hakkımız olan bu miktarın geri ödenmesini istiyoruz.",,,470,68,17,3,,,,,False,False,False,False,False,False,False,False,False,2026-08-25 12:58:29.219502,2025-07-23 17:53:00,False,DAY_MONTH_YEAR_TIME,False,False,False,False,2025,7,2025-07,,,73,,0,False,False,False,False,False,False,Casa Mare Bodrum,Bodrum Merkez,4.0,274,,,,103.0,False,False,False,0,0,0,0,,,False,False,False
celeste-bella-luxury-hotel-spa-memnuniyetsizligi,https://www.sikayetvar.com/celeste-bella-luxury-hotel-spa/celeste-bella-luxury-hotel-spa-memnuniyetsizligi,https://www.sikayetvar.com/celeste-bella-luxury-hotel-spa/celeste-bella-luxury-hotel-spa-memnuniyetsizligi,BOD120,Celeste Bella Luxury Hotel & Spa,Ortakent-Yahşi,Celeste Bella Luxury Hotel & Spa,celeste-bella-luxury-hotel-spa-memnuniyetsizligi,https://www.sikayetvar.com/celeste-bella-luxury-hotel-spa/celeste-bella-luxury-hotel-spa-memnuniyetsizligi,Memnuniyetsizliği,"Biz otele başka bir otelden 2 gece için geldik Bodrum'da tekne turu yapıp evimize dönecektik, sadece yatmak için kullandık. Gerçekten kötü bir otel neresinden tutsan elinde kalır geldiğimiz gün eşim bavulları taşırken bakın eşim kendi taşıdı kimse yardımcı olup odayı bile göstermedi oda da mahsur kaldık (2010nolu oda) kapı bozuk diye kapıya sunta atmışlar vida da kapının diline takıldı açılmadı resepsiyonu arayacağız odadaki telefon çalışmıyor, neyse resepsiyona internetteki numaralarını arayıp bağlandık ve oradaki kız geldi teknik yok şu an kapıyı ben iteyim siz çekin o kısım kırılsın önemli değil dedi, özürler dilendi odayı değiştirdik. Bu oda da aynı şekilde telefon çalışmıyor, kumanda da pil yok, wi-fi zaten yok. Kahvaltı desen sadece kahvaltı tabağı ekstra hiçbir şey yok. Son gecemizde ise gece 02.30’da elektrikler gitti otel zifiri karanlık ve 03.40’a kadar gelmedi otelde jenaratör bile yok anlaşılan. Hayatımda bu kadar ilgisiz kötü bir otele gelmedim görüntü var ses yok derler ya tam karşılığı bu. Biz otelin görüntüsüne aldandık yorumlarda çoğunlukla olumlu diye tercih etmiştik. Bir de unutmadan erken rezervasyon yaparak geldik burası da başka bir hikaye. Gelmeden aradık fiyatta düşme olduğunu, farkın tarafımıza iade edilmesini rica ettik Tatilbudur.com otelden onay gelmediğini iletti oradan hallederseniz onay gelirse iade ederiz dedi, otelden o*** Bey diye biriyle görüştük asla iade edemeyeceklerini söyledi, o zaman dedik bir akşam yemeği ikram edin telafi amaçlı bu benim inisiyatifimde değil dedi yardımcı olmadı.",5 Temmuz 2025 23:42,232,,,,False,,,False,,,0,,,COMPLAINT_MATCHED,,Dedicated single-property source page,https://www.sikayetvar.com/celeste-bella-luxury-hotel-spa,2026-08-25T12:58:29.219502+00:00,Memnuniyetsizliği,"Biz otele başka bir otelden 2 gece için geldik Bodrum'da tekne turu yapıp evimize dönecektik, sadece yatmak için kullandık. Gerçekten kötü bir otel neresinden tutsan elinde kalır geldiğimiz gün eşim bavulları taşırken bakın eşim kendi taşıdı kimse yardımcı olup odayı bile göstermedi oda da mahsur kaldık (2010nolu oda) kapı bozuk diye kapıya sunta atmışlar vida da kapının diline takıldı açılmadı resepsiyonu arayacağız odadaki telefon çalışmıyor, neyse resepsiyona internetteki numaralarını arayıp bağlandık ve oradaki kız geldi teknik yok şu an kapıyı ben iteyim siz çekin o kısım kırılsın önemli değil dedi, özürler dilendi odayı değiştirdik. Bu oda da aynı şekilde telefon çalışmıyor, kumanda da pil yok, wi-fi zaten yok. Kahvaltı desen sadece kahvaltı tabağı ekstra hiçbir şey yok. Son gecemizde ise gece 02.30’da elektrikler gitti otel zifiri karanlık ve 03.40’a kadar gelmedi otelde jenaratör bile yok anlaşılan. Hayatımda bu kadar ilgisiz kötü bir otele gelmedim görüntü var ses yok derler ya tam karşılığı bu. Biz otelin görüntüsüne aldandık yorumlarda çoğunlukla olumlu diye tercih etmiştik. Bir de unutmadan erken rezervasyon yaparak geldik burası da başka bir hikaye. Gelmeden aradık fiyatta düşme olduğunu, farkın tarafımıza iade edilmesini rica ettik Tatilbudur.com otelden onay gelmediğini iletti oradan hallederseniz onay gelirse iade ederiz dedi, otelden o*** Bey diye biriyle görüştük asla iade edemeyeceklerini söyledi, o zaman dedik bir akşam yemeği ikram edin telafi amaçlı bu benim inisiyatifimde değil dedi yardımcı olmadı.",,,1547,225,17,1,,,,,False,False,False,False,False,False,False,False,False,2026-08-25 12:58:29.219502,2025-07-05 23:42:00,False,DAY_MONTH_YEAR_TIME,False,False,False,False,2025,7,2025-07,,,232,,0,False,False,False,False,False,False,Celeste Bella Luxury Hotel & Spa,Ortakent-Yahşi,4.3,258,,,,110.0,False,False,False,0,0,0,0,,,False,False,False
celeste-bella-luxury-hotel-spa-kirli-oda-faciasi,https://www.sikayetvar.com/celeste-bella-luxury-hotel-spa/celeste-bella-luxury-hotel-spa-kirli-oda-faciasi,https://www.sikayetvar.com/celeste-bella-luxury-hotel-spa/celeste-bella-luxury-hotel-spa-kirli-oda-faciasi,BOD120,Celeste Bella Luxury Hotel & Spa,Ortakent-Yahşi,Celeste Bella Luxury Hotel & Spa,celeste-bella-luxury-hotel-spa-kirli-oda-faciasi,https://www.sikayetvar.com/celeste-bella-luxury-hotel-spa/celeste-bella-luxury-hotel-spa-kirli-oda-faciasi,Kirli Oda Faciası,"Az önce otele giriş yaptık öncelikle eşya taşıma çantaları yoktu. Üç kere arabaya gidip gelmek zorunda kaldık. Sonra kapı bozuktu yeniden kodlama yaptılar. Oda asla temizlenmemiş sadece çarşaf değiştirilmiş her yer toz parmak izi kir içinde.
Bebekle asla kalınmayacak bir otelmiş ilk izlenim bile kötü. Yorumlara aldanıp inandık ve ödemeyi peşin olarak gelmeden aldıkları için çıkış yapamıyoruz. Zaten resepsiyonun kirinden girişte anladım yazık az buz para alınmıyor ama hizmet kalitesi ilk saniyeden yerlerde.",28 Haziran 2024 13:29,386,,,,False,,,False,,,1,28 Haziran 2024 14:41,Kahvaltı dahil olduğu için mi bilmiyorum tüm masalar doydu 1 saat bekletildikten sonra getirdiler kahvaltıyı o da hiç göze hitap etmeyen en ucuz peynirden oluşmuş bir kahvaltı tabağı zeytin ve söğüş tabağı daha kotu hizmet veren bir otelde hiç kalmamıştım,COMPLAINT_MATCHED,,Dedicated single-property source page,https://www.sikayetvar.com/celeste-bella-luxury-hotel-spa,2026-08-25T12:58:29.219502+00:00,Kirli Oda Faciası,Az önce otele giriş yaptık öncelikle eşya taşıma çantaları yoktu. Üç kere arabaya gidip gelmek zorunda kaldık. Sonra kapı bozuktu yeniden kodlama yaptılar. Oda asla temizlenmemiş sadece çarşaf değiştirilmiş her yer toz parmak izi kir içinde. Bebekle asla kalınmayacak bir otelmiş ilk izlenim bile kötü. Yorumlara aldanıp inandık ve ödemeyi peşin olarak gelmeden aldıkları için çıkış yapamıyoruz. Zaten resepsiyonun kirinden girişte anladım yazık az buz para alınmıyor ama hizmet kalitesi ilk saniyeden yerlerde.,,,511,73,17,3,,,,,False,False,False,False,False,False,False,False,False,2026-08-25 12:58:29.219502,2024-06-28 13:29:00,False,DAY_MONTH_YEAR_TIME,False,False,False,False,2024,6,2024-06,,,386,,1,False,False,False,False,False,False,Celeste Bella Luxury Hotel & Spa,Ortakent-Yahşi,4.3,258,,,,110.0,False,False,False,1,0,1,0,2024-06-28 14:41:00,2024-06-28 14:41:00,False,False,False
otelin-hijyen-sorunlari-ve-isletme-sahibinin-kabul-edilemez-davranisi,https://www.sikayetvar.com/club-marma-hotel-bodrum/otelin-hijyen-sorunlari-ve-isletme-sahibinin-kabul-edilemez-davranisi,https://www.sikayetvar.com/club-marma-hotel-bodrum/otelin-hijyen-sorunlari-ve-isletme-sahibinin-kabul-edilemez-davranisi,BOD006,Club Marma Hotel,Akyarlar,Club Marma Hotel Bodrum,otelin-hijyen-sorunlari-ve-isletme-sahibinin-kabul-edilemez-davranisi,https://www.sikayetvar.com/club-marma-hotel-bodrum/otelin-hijyen-sorunlari-ve-isletme-sahibinin-kabul-edilemez-davranisi,Otelin Hijyen Sorunları Ve İşletme Sahibinin Kabul Edilemez Davranışı,Bu oteli pilates kampımız sayesinde ilk defa tanıdım ve geldim.Otelin aksaklıklarını belirtmeden geçemeyeceğim:- Hijyen başlı başına sıkıntı.- Yemeklerde hazır köfte ve hazır tavuk kullanılıyor.- Eksik personel çalıştırılıyor ve çalışanların turizm ile otelcilik bilgisi yok.- Verilen alkollü içeceklerin içinde gerçekten alkol olup olmadığı belli değil.Tüm bunlar bir şekilde telafi edilip göz ardı edilebilirdi; fakat organizasyonumuz sırasında bir arkadaşımıza işletme sahibinin ayakta duramayacak kadar alkollü olması ve kabul edilemeyecek şekilde hakaret etmesi asla kabul edilemez bir durumdur.,23 Mayıs 2025 09:32,1.017,,,,False,,,False,,,0,,,COMPLAINT_MATCHED,,Dedicated single-property source page,https://www.sikayetvar.com/club-marma-hotel-bodrum,2026-08-25T12:58:29.219502+00:00,Otelin Hijyen Sorunları Ve İşletme Sahibinin Kabul Edilemez Davranışı,Bu oteli pilates kampımız sayesinde ilk defa tanıdım ve geldim.Otelin aksaklıklarını belirtmeden geçemeyeceğim:- Hijyen başlı başına sıkıntı.- Yemeklerde hazır köfte ve hazır tavuk kullanılıyor.- Eksik personel çalıştırılıyor ve çalışanların turizm ile otelcilik bilgisi yok.- Verilen alkollü içeceklerin içinde gerçekten alkol olup olmadığı belli değil.Tüm bunlar bir şekilde telafi edilip göz ardı edilebilirdi; fakat organizasyonumuz sırasında bir arkadaşımıza işletme sahibinin ayakta duramayacak kadar alkollü olması ve kabul edilemeyecek şekilde hakaret etmesi asla kabul edilemez bir durumdur.,,,600,75,69,9,,,,,False,False,False,False,False,False,False,False,False,2026-08-25 12:58:29.219502,2025-05-23 09:32:00,False,DAY_MONTH_YEAR_TIME,False,False,False,False,2025,5,2025-05,,,1017,,0,False,False,False,False,False,False,Club Marma Hotel,Akyarlar,4.3,1373,,,,,False,False,False,0,0,0,0,,,False,False,False
otel-isletmecisinin-davranislari-ve-kotu-kosullar-hayal-kirikligi-yaratti,https://www.sikayetvar.com/club-marma-hotel-bodrum/otel-isletmecisinin-davranislari-ve-kotu-kosullar-hayal-kirikligi-yaratti,https://www.sikayetvar.com/club-marma-hotel-bodrum/otel-isletmecisinin-davranislari-ve-kotu-kosullar-hayal-kirikligi-yaratti,BOD006,Club Marma Hotel,Akyarlar,Club Marma Hotel Bodrum,otel-isletmecisinin-davranislari-ve-kotu-kosullar-hayal-kirikligi-yaratti,https://www.sikayetvar.com/club-marma-hotel-bodrum/otel-isletmecisinin-davranislari-ve-kotu-kosullar-hayal-kirikligi-yaratti,Otel İşletmecisinin Davranışları Ve Kötü Koşullar Hayal Kırıklığı Yarattı,"15-18 Mayıs tarihinde spor kampı olarak 150 kişilik gittiğimiz grupla kötü bir deneyim yaşadık. Otel işletmecisi ü... İsimli kişi aşırı alkollü bir şekilde bayan arkadaşlarımıza hakaret ve küfürler savurup, vaktinden önce ışıkları ve müziği kapatıp tehditler savurdu. Otel aşırı bakımsız ve eski. Oda da çeşmelerden resmen sapsarı küf akıyor. Bu sorunu kendilerine ilettiğimde su depolarının küflendiğini ve çözüm bulamadıklarını söylediler. Oda temizliği sıfır, 4 gün boyunca odaya sabun bile koymadılar. Personel de bezgin ve asık suratlı. Otel işletmecisinin de görevi başında ve mesai saatlerinde alkol alması kabul edilemez. Marma otel asla asla derim.",22 Mayıs 2025 10:32,528,,,,False,,,False,,,0,,,COMPLAINT_MATCHED,,Dedicated single-property source page,https://www.sikayetvar.com/club-marma-hotel-bodrum,2026-08-25T12:58:29.219502+00:00,Otel İşletmecisinin Davranışları Ve Kötü Koşullar Hayal Kırıklığı Yarattı,"15-18 Mayıs tarihinde spor kampı olarak 150 kişilik gittiğimiz grupla kötü bir deneyim yaşadık. Otel işletmecisi ü... İsimli kişi aşırı alkollü bir şekilde bayan arkadaşlarımıza hakaret ve küfürler savurup, vaktinden önce ışıkları ve müziği kapatıp tehditler savurdu. Otel aşırı bakımsız ve eski. Oda da çeşmelerden resmen sapsarı küf akıyor. Bu sorunu kendilerine ilettiğimde su depolarının küflendiğini ve çözüm bulamadıklarını söylediler. Oda temizliği sıfır, 4 gün boyunca odaya sabun bile koymadılar. Personel de bezgin ve asık suratlı. Otel işletmecisinin de görevi başında ve mesai saatlerinde alkol alması kabul edilemez. Marma otel asla asla derim.",,,657,93,73,9,,,,,False,False,False,False,False,False,False,False,False,2026-08-25 12:58:29.219502,2025-05-22 10:32:00,False,DAY_MONTH_YEAR_TIME,False,False,False,False,2025,5,2025-05,,,528,,0,False,False,False,False,False,False,Club Marma Hotel,Akyarlar,4.3,1373,,,,,False,False,False,0,0,0,0,,,False,False,False
otel-isletmecisinin-hakaret-ve-kotu-davranisi-etkinligimizi-mahvetti,https://www.sikayetvar.com/club-marma-hotel-bodrum/otel-isletmecisinin-hakaret-ve-kotu-davranisi-etkinligimizi-mahvetti,https://www.sikayetvar.com/club-marma-hotel-bodrum/otel-isletmecisinin-hakaret-ve-kotu-davranisi-etkinligimizi-mahvetti,BOD006,Club Marma Hotel,Akyarlar,Club Marma Hotel Bodrum,otel-isletmecisinin-hakaret-ve-kotu-davranisi-etkinligimizi-mahvetti,https://www.sikayetvar.com/club-marma-hotel-bodrum/otel-isletmecisinin-hakaret-ve-kotu-davranisi-etkinligimizi-mahvetti,Otel İşletmecisinin Hakaret Ve Kötü Davranışı Etkinliğimizi Mahvetti,15-18 Mayıs Bodrum Club Marma otelde gerçekleştirdiğimiz etkinliğimizde otel işletmecisi Ü*** bey bizlere büyük terbiyesizlik yaptı! Hakaretler küfürler savurarak organizasyonumuzu bitirdi ve hakkımız olan hizmetten yararlandırmadı. Kendisi son derece sarhoş bir şekilde asla bir işletmeciye yakışmayacak ağır küfürler ederek günümüzü mahvetti! Gereği yapılmalı!,22 Mayıs 2025 10:24,3.182,,,,False,,,False,,,0,,,COMPLAINT_MATCHED,,Dedicated single-property source page,https://www.sikayetvar.com/club-marma-hotel-bodrum,2026-08-25T12:58:29.219502+00:00,Otel İşletmecisinin Hakaret Ve Kötü Davranışı Etkinliğimizi Mahvetti,15-18 Mayıs Bodrum Club Marma otelde gerçekleştirdiğimiz etkinliğimizde otel işletmecisi Ü*** bey bizlere büyük terbiyesizlik yaptı! Hakaretler küfürler savurarak organizasyonumuzu bitirdi ve hakkımız olan hizmetten yararlandırmadı. Kendisi son derece sarhoş bir şekilde asla bir işletmeciye yakışmayacak ağır küfürler ederek günümüzü mahvetti! Gereği yapılmalı!,,,362,43,68,8,,,,,False,False,False,False,False,False,False,False,False,2026-08-25 12:58:29.219502,2025-05-22 10:24:00,False,DAY_MONTH_YEAR_TIME,False,False,False,False,2025,5,2025-05,,,3182,,0,False,False,False,False,False,False,Club Marma Hotel,Akyarlar,4.3,1373,,,,,False,False,False,0,0,0,0,,,False,False,False
isletme-sahibinin-sarhos-ve-tehditkar-tavri-magdur-etti,https://www.sikayetvar.com/club-marma-hotel-bodrum/isletme-sahibinin-sarhos-ve-tehditkar-tavri-magdur-etti,https://www.sikayetvar.com/club-marma-hotel-bodrum/isletme-sahibinin-sarhos-ve-tehditkar-tavri-magdur-etti,BOD006,Club Marma Hotel,Akyarlar,Club Marma Hotel Bodrum,isletme-sahibinin-sarhos-ve-tehditkar-tavri-magdur-etti,https://www.sikayetvar.com/club-marma-hotel-bodrum/isletme-sahibinin-sarhos-ve-tehditkar-tavri-magdur-etti,İşletme Sahibinin Sarhoş Ve Tehditkar Tavrı Mağdur Etti,"İşletmeci bayan ekip arkadaşımıza küfürler etti, sarhoş ve küfürbaz birisidir. Işıkları zamanından önce kapatıp, hizmeti durdurup, tehditler savuran saygısız biri. İşletme sahibinin alkollü olması yasağını göz ardı eden birisi sizlerinde başına gelmesin.",20 Mayıs 2025 13:46,724,,,,False,,,False,,,0,,,COMPLAINT_MATCHED,,Dedicated single-property source page,https://www.sikayetvar.com/club-marma-hotel-bodrum,2026-08-25T12:58:29.219502+00:00,İşletme Sahibinin Sarhoş Ve Tehditkar Tavrı Mağdur Etti,"İşletmeci bayan ekip arkadaşımıza küfürler etti, sarhoş ve küfürbaz birisidir. Işıkları zamanından önce kapatıp, hizmeti durdurup, tehditler savuran saygısız biri. İşletme sahibinin alkollü olması yasağını göz ardı eden birisi sizlerinde başına gelmesin.",,,254,32,55,8,,,,,False,False,True,False,False,True,False,False,False,2026-08-25 12:58:29.219502,2025-05-20 13:46:00,False,DAY_MONTH_YEAR_TIME,False,False,False,False,2025,5,2025-05,,,724,,0,False,False,False,False,False,False,Club Marma Hotel,Akyarlar,4.3,1373,,,,,False,False,False,0,0,0,0,,,False,False,False
otel-sahibi-nedeniyle-hayal-kirikligi-ve-rahatsizlik,https://www.sikayetvar.com/club-marma-hotel-bodrum/otel-sahibi-nedeniyle-hayal-kirikligi-ve-rahatsizlik,https://www.sikayetvar.com/club-marma-hotel-bodrum/otel-sahibi-nedeniyle-hayal-kirikligi-ve-rahatsizlik,BOD006,Club Marma Hotel,Akyarlar,Club Marma Hotel Bodrum,otel-sahibi-nedeniyle-hayal-kirikligi-ve-rahatsizlik,https://www.sikayetvar.com/club-marma-hotel-bodrum/otel-sahibi-nedeniyle-hayal-kirikligi-ve-rahatsizlik,Otel Sahibi Nedeniyle Hayal Kırıklığı Ve Rahatsızlık,"Otele 2023 yılında yine gitmiştik, memnun kalmıştık. Fakat otel bu yıl eskimiş ve bakımsızdı. Otelin işletme sahibi olduğunu öğrendiğim Ü*** Bey nedeniyle bütün programımız bozuldu. 150 kişilik akademisyen ve eğitmen grubundaki kadınlara, aşırı alkollü bir şekilde hakaret etti. Bazı kadınları içki masasına davet etti. Ekibimizdeki saygılı insanlar rahatsız olunca da kendisi grubun eğlencesine müdahale etti. Verdiği sözü de tutmayıp ertesi gün tüm grubu dışarı çıkardı. Güvenilmez ve saygısız bir işletme müdürü nedeniyle büyük bir mağduriyet yaşadık.",19 Mayıs 2025 18:37,849,,,,False,,,False,,,0,,,COMPLAINT_MATCHED,,Dedicated single-property source page,https://www.sikayetvar.com/club-marma-hotel-bodrum,2026-08-25T12:58:29.219502+00:00,Otel Sahibi Nedeniyle Hayal Kırıklığı Ve Rahatsızlık,"Otele 2023 yılında yine gitmiştik, memnun kalmıştık. Fakat otel bu yıl eskimiş ve bakımsızdı. Otelin işletme sahibi olduğunu öğrendiğim Ü*** Bey nedeniyle bütün programımız bozuldu. 150 kişilik akademisyen ve eğitmen grubundaki kadınlara, aşırı alkollü bir şekilde hakaret etti. Bazı kadınları içki masasına davet etti. Ekibimizdeki saygılı insanlar rahatsız olunca da kendisi grubun eğlencesine müdahale etti. Verdiği sözü de tutmayıp ertesi gün tüm grubu dışarı çıkardı. Güvenilmez ve saygısız bir işletme müdürü nedeniyle büyük bir mağduriyet yaşadık.",,,554,76,52,7,,,,,False,False,False,False,False,False,False,False,False,2026-08-25 12:58:29.219502,2025-05-19 18:37:00,False,DAY_MONTH_YEAR_TIME,False,False,False,False,2025,5,2025-05,,,849,,0,False,False,False,False,False,False,Club Marma Hotel,Akyarlar,4.3,1373,,,,,False,False,False,0,0,0,0,,,False,False,False
iptal-edilen-rezervasyonun-ucret-iadesi-yapilmiyor-magdur-edildim-1,https://www.sikayetvar.com/club-shark-hotel/iptal-edilen-rezervasyonun-ucret-iadesi-yapilmiyor-magdur-edildim-1,https://www.sikayetvar.com/club-shark-hotel/iptal-edilen-rezervasyonun-ucret-iadesi-yapilmiyor-magdur-edildim-1,BOD060,Club Shark Hotel,Gümbet,Club Shark Hotel,iptal-edilen-rezervasyonun-ucret-iadesi-yapilmiyor-magdur-edildim-1,https://www.sikayetvar.com/club-shark-hotel/iptal-edilen-rezervasyonun-ucret-iadesi-yapilmiyor-magdur-edildim-1,"İptal Edilen Rezervasyonun Ücret İadesi Yapılmıyor, Mağdur Edildim","12.08.2025 tarihinde Clup Shark Hotel rezervasyonumu iptal ettirdim ve ücret iadesi hala yapılmadı. İptal işlemi sırasında tarafıma 20 iş günü içinde iadenin yapılacağı bilgisi verildi. Ancak bu süre dolmasına rağmen herhangi bir iade yapılmadı. Konuyla ilgili otel yönetimini aradığımda, işlemin muhasebeye yönlendirildiği söylendi fakat halen hesabıma bir ödeme geçmedi. Sürekli arıyorum ve hiçbir şekilde sorunum çözülmüyor Ödeme alınırken iptal güvenceli ödeme yaptım ama hala paramı iade etmiyorlar",16 Eylül 2025 14:52,145,,,,False,,,False,,,0,,,COMPLAINT_MATCHED,,Dedicated single-property source page,https://www.sikayetvar.com/club-shark-hotel,2026-08-25T12:58:29.219502+00:00,"İptal Edilen Rezervasyonun Ücret İadesi Yapılmıyor, Mağdur Edildim","12.08.2025 tarihinde Clup Shark Hotel rezervasyonumu iptal ettirdim ve ücret iadesi hala yapılmadı. İptal işlemi sırasında tarafıma 20 iş günü içinde iadenin yapılacağı bilgisi verildi. Ancak bu süre dolmasına rağmen herhangi bir iade yapılmadı. Konuyla ilgili otel yönetimini aradığımda, işlemin muhasebeye yönlendirildiği söylendi fakat halen hesabıma bir ödeme geçmedi. Sürekli arıyorum ve hiçbir şekilde sorunum çözülmüyor Ödeme alınırken iptal güvenceli ödeme yaptım ama hala paramı iade etmiyorlar",,,503,67,66,8,,,,,False,False,False,False,False,False,False,False,False,2026-08-25 12:58:29.219502,2025-09-16 14:52:00,False,DAY_MONTH_YEAR_TIME,False,False,False,False,2025,9,2025-09,,,145,,0,False,False,False,True,False,False,Club Shark Hotel,Gümbet,4.2,1124,4.0,105.0,210.0,111.0,False,False,False,0,0,0,0,,,False,False,False
doria-hotel-bodrumda-guvenlik-zafiyeti-ve-musteri-magduriyeti,https://www.sikayetvar.com/doria-hotel-bodrum/doria-hotel-bodrumda-guvenlik-zafiyeti-ve-musteri-magduriyeti,https://www.sikayetvar.com/doria-hotel-bodrum/doria-hotel-bodrumda-guvenlik-zafiyeti-ve-musteri-magduriyeti,BOD023,Doria Hotel Bodrum,Bitez,Doria Hotel Bodrum,doria-hotel-bodrumda-guvenlik-zafiyeti-ve-musteri-magduriyeti,https://www.sikayetvar.com/doria-hotel-bodrum/doria-hotel-bodrumda-guvenlik-zafiyeti-ve-musteri-magduriyeti,'da Güvenlik Zafiyeti Ve Müşteri Mağduriyeti,"Doria Hotel Bodrum'da odamızdan paramız çalındı! Sabah ekip arkadaşımızdan elden aldığımız 19.000₺ parayı çekmeceme koymuştum. 10.45te hızlıca çıktığım odamdaki çekmecem 19.45te geri geldiğimde fotoğrafta gördüğünüz gibi açıktı ve içerisinden 1.600₺ alınmıştı. Otele durumu bildirdik, kamera kayıtlarını incelediler o saatler arasında tek bir personellerinin odaya girdiğini kabul ettiler. Fakat personel kabul etmediği için kendileri de durumu kabul etmediler, daha da kötüsü biz zan altında bırakıldık ve 1,5 aydır çalışan Kafkas uyruklu personellerini savundular. Hiçbir şekilde böyle bir durum yaşadığınız için özür dileriz, gelin bunu bir konuşalım nasıl telafi edebiliriz. Gibi bir konuşma yapılmadı. Takdir edersiniz ki burada bahsi geçen tutar oldukça komik, otelden bir hassasiyet beklerken aldığımız cevaplar karşısında şoke olduk. Polise gidip şikayetçi olduk, komiser onları aradıktan sonra zararımızı (1.600₺) karşılayacaklarını söylemişler, paramızı almaya gittiğimizde durumu hala kabul etmediklerini ve sadece konu uzamasın polis otele gelmesin diye bu parayı verdiklerini söylediler. Ön büro yöneticisi O*** Ö*****’ün bu cevabını da herkes bilsin isterim.Kısacası güvenliği ve müşteriye verilen değer sıfır olan bir yer!",13 Temmuz 2025 16:39,111,,,,False,,,False,,,0,,,COMPLAINT_MATCHED,,Dedicated single-property source page,https://www.sikayetvar.com/doria-hotel-bodrum,2026-08-25T12:58:29.219502+00:00,'da Güvenlik Zafiyeti Ve Müşteri Mağduriyeti,"Doria Hotel Bodrum'da odamızdan paramız çalındı! Sabah ekip arkadaşımızdan elden aldığımız 19.000₺ parayı çekmeceme koymuştum. 10.45te hızlıca çıktığım odamdaki çekmecem 19.45te geri geldiğimde fotoğrafta gördüğünüz gibi açıktı ve içerisinden 1.600₺ alınmıştı. Otele durumu bildirdik, kamera kayıtlarını incelediler o saatler arasında tek bir personellerinin odaya girdiğini kabul ettiler. Fakat personel kabul etmediği için kendileri de durumu kabul etmediler, daha da kötüsü biz zan altında bırakıldık ve 1,5 aydır çalışan Kafkas uyruklu personellerini savundular. Hiçbir şekilde böyle bir durum yaşadığınız için özür dileriz, gelin bunu bir konuşalım nasıl telafi edebiliriz. Gibi bir konuşma yapılmadı. Takdir edersiniz ki burada bahsi geçen tutar oldukça komik, otelden bir hassasiyet beklerken aldığımız cevaplar karşısında şoke olduk. Polise gidip şikayetçi olduk, komiser onları aradıktan sonra zararımızı (1.600₺) karşılayacaklarını söylemişler, paramızı almaya gittiğimizde durumu hala kabul etmediklerini ve sadece konu uzamasın polis otele gelmesin diye bu parayı verdiklerini söylediler. Ön büro yöneticisi O*** Ö*****’ün bu cevabını da herkes bilsin isterim.Kısacası güvenliği ve müşteriye verilen değer sıfır olan bir yer!",,,1237,161,44,6,,,,,False,False,False,False,False,False,False,False,False,2026-08-25 12:58:29.219502,2025-07-13 16:39:00,False,DAY_MONTH_YEAR_TIME,False,False,False,False,2025,7,2025-07,,,111,,0,False,False,False,False,False,False,Doria Hotel Bodrum,Bitez,4.4,774,5.0,92.0,184.0,171.0,False,False,False,0,0,0,0,,,False,False,False
vaat-edilen-yetiskin-havuzu-ve-barin-cocuklarla-dolu-olmasi-nedeniyle-ucret-iadesi-talebi,https://www.sikayetvar.com/green-bay-resort-spa/vaat-edilen-yetiskin-havuzu-ve-barin-cocuklarla-dolu-olmasi-nedeniyle-ucret-iadesi-talebi,https://www.sikayetvar.com/green-bay-resort-spa/vaat-edilen-yetiskin-havuzu-ve-barin-cocuklarla-dolu-olmasi-nedeniyle-ucret-iadesi-talebi,BOD103,Green Bay Resort & Spa Bodrum,Güvercinlik,Green Bay Resort & Spa,vaat-edilen-yetiskin-havuzu-ve-barin-cocuklarla-dolu-olmasi-nedeniyle-ucret-iadesi-talebi,https://www.sikayetvar.com/green-bay-resort-spa/vaat-edilen-yetiskin-havuzu-ve-barin-cocuklarla-dolu-olmasi-nedeniyle-ucret-iadesi-talebi,Vaat Edilen Yetişkin Havuzu Ve Barın Çocuklarla Dolu Olması Nedeniyle Ücret İadesi Talebi,"1–5 Ağustos 2026 tarihlerinde ETS üzerinden 116305987 rez numaralı Green Bay Resort & Spa’da 3102 numaralı odada konakladım. Bu tesisi özellikle Adult pool +16 yaş seçeneği ve sakin bir yetişkin ortamı sunacağı belirtilen bar alanı nedeniyle tercih ettim. Ancak otele gittiğimde Adult pool alanında çok sayıda çocuk olduğunu gördüm ve otelin kendi kuralı olan +16 yaş sınırına uyulmadığını yaşadığım süre boyunca defalarca gözlemledim. Bu nedenle Adult pool’u kullanamadım.
Benzer durum akşam barında da yaşandı. Gece 12’de bile alkol servisinin yapıldığı bar alanında çok sayıda çocuk bulunuyordu, ortam resmen düğün salonu kalabalığı gibiydi. Sahnenin önünde sürekli çocuklar vardı, bu yüzden bar hizmetinden de faydalanamadım. Tesisi tercih etme nedenlerim olan sakin yetişkin havuzu ve bar ortamı fiilen sunulmadığı için, ödediğim ücret karşılığında vaat edilen hizmetleri alamadığımı düşünüyorum.
Bu oteli tercih edebilmek için otele 63.000 TL, uçak biletlerine 19.500 TL, transfer için ise 5.000 TL ödedim. Sırf bu otelde kalmak adına bütçemde ciddi bir açık oluştu ancak ödediğim toplam bedele rağmen bana vaat edilen yetişkinlere özel sakin ortam sağlanmadı.
Yaşadığım sorunlarla ilgili olarak hem ETS’ye hem de otele e-posta gönderdim ancak şu ana kadar tarafıma hiçbir şekilde dönüş yapılmadı, herhangi bir çözüm sunulmadı. Tüm bu sebeplerle en az %50 oranında ücret iadesi talep ediyorum. Konaklama kaydımın incelenerek mağduriyetimin giderilmesini istiyorum.",7 Ağustos 18:50,108,,,,False,,,False,,,1,14 Ağustos 16:54,Tarafıma otel tarafından dönüş sağlanmadı. Rezalet asla önermem,COMPLAINT_MATCHED,,Dedicated single-property source page,https://www.sikayetvar.com/green-bay-resort-spa,2026-08-25T12:58:29.219502+00:00,Vaat Edilen Yetişkin Havuzu Ve Barın Çocuklarla Dolu Olması Nedeniyle Ücret İadesi Talebi,"1–5 Ağustos 2026 tarihlerinde ETS üzerinden 116305987 rez numaralı Green Bay Resort & Spa’da 3102 numaralı odada konakladım. Bu tesisi özellikle Adult pool +16 yaş seçeneği ve sakin bir yetişkin ortamı sunacağı belirtilen bar alanı nedeniyle tercih ettim. Ancak otele gittiğimde Adult pool alanında çok sayıda çocuk olduğunu gördüm ve otelin kendi kuralı olan +16 yaş sınırına uyulmadığını yaşadığım süre boyunca defalarca gözlemledim. Bu nedenle Adult pool’u kullanamadım. Benzer durum akşam barında da yaşandı. Gece 12’de bile alkol servisinin yapıldığı bar alanında çok sayıda çocuk bulunuyordu, ortam resmen düğün salonu kalabalığı gibiydi. Sahnenin önünde sürekli çocuklar vardı, bu yüzden bar hizmetinden de faydalanamadım. Tesisi tercih etme nedenlerim olan sakin yetişkin havuzu ve bar ortamı fiilen sunulmadığı için, ödediğim ücret karşılığında vaat edilen hizmetleri alamadığımı düşünüyorum. Bu oteli tercih edebilmek için otele 63.000 TL, uçak biletlerine 19.500 TL, transfer için ise 5.000 TL ödedim. Sırf bu otelde kalmak adına bütçemde ciddi bir açık oluştu ancak ödediğim toplam bedele rağmen bana vaat edilen yetişkinlere özel sakin ortam sağlanmadı. Yaşadığım sorunlarla ilgili olarak hem ETS’ye hem de otele e-posta gönderdim ancak şu ana kadar tarafıma hiçbir şekilde dönüş yapılmadı, herhangi bir çözüm sunulmadı. Tüm bu sebeplerle en az %50 oranında ücret iadesi talep ediyorum. Konaklama kaydımın incelenerek mağduriyetimin giderilmesini istiyorum.",,,1470,207,89,13,,,,,False,False,False,False,False,False,False,False,False,2026-08-25 12:58:29.219502,2026-08-07 18:50:00,True,DAY_MONTH_TIME_NO_YEAR,False,False,True,False,2026,8,2026-08,,,108,,1,False,False,False,False,False,False,Green Bay Resort & Spa Bodrum,Güvercinlik,4.5,6843,,,,179.0,False,False,False,1,0,1,0,2026-08-14 16:54:00,2026-08-14 16:54:00,False,False,False
green-bay-resort-spa-bodrumun-buyuk-hijyen-ve-temizlik-problemleri-video,https://www.sikayetvar.com/green-bay-resort-spa/green-bay-resort-spa-bodrumun-buyuk-hijyen-ve-temizlik-problemleri-video,https://www.sikayetvar.com/green-bay-resort-spa/green-bay-resort-spa-bodrumun-buyuk-hijyen-ve-temizlik-problemleri-video,BOD103,Green Bay Resort & Spa Bodrum,Güvercinlik,Green Bay Resort & Spa,green-bay-resort-spa-bodrumun-buyuk-hijyen-ve-temizlik-problemleri-video,https://www.sikayetvar.com/green-bay-resort-spa/green-bay-resort-spa-bodrumun-buyuk-hijyen-ve-temizlik-problemleri-video,Bodrum'un Büyük Hijyen Ve Temizlik Problemleri,,1 Ağustos 14:28,162,,,,False,,,False,,,1,31 Temmuz 17:39,"Hijyen ve temizlik gibi büyük sorunlar yaşanan otel, paramızı iade edilmesi konusunda bizden 1 gün kesinti yaptı.",COMPLAINT_MATCHED,,Dedicated single-property source page,https://www.sikayetvar.com/green-bay-resort-spa,2026-08-25T12:58:29.219502+00:00,Bodrum'un Büyük Hijyen Ve Temizlik Problemleri,,,,,,46,6,,,,,True,False,False,True,False,False,False,False,False,2026-08-25 12:58:29.219502,2026-08-01 14:28:00,True,DAY_MONTH_TIME_NO_YEAR,False,False,True,False,2026,8,2026-08,,,162,,1,False,False,False,False,False,False,Green Bay Resort & Spa Bodrum,Güvercinlik,4.5,6843,,,,179.0,False,False,False,1,0,1,0,2026-07-31 17:39:00,2026-07-31 17:39:00,False,False,False
green-bay-resort-bodrumda-bozuk-spor-salonu-ekipmanlari-misafir-guvenligini-tehdit-ediyor,https://www.sikayetvar.com/green-bay-resort-spa/green-bay-resort-bodrumda-bozuk-spor-salonu-ekipmanlari-misafir-guvenligini-tehdit-ediyor,https://www.sikayetvar.com/green-bay-resort-spa/green-bay-resort-bodrumda-bozuk-spor-salonu-ekipmanlari-misafir-guvenligini-tehdit-ediyor,BOD103,Green Bay Resort & Spa Bodrum,Güvercinlik,Green Bay Resort & Spa,green-bay-resort-bodrumda-bozuk-spor-salonu-ekipmanlari-misafir-guvenligini-tehdit-ediyor,https://www.sikayetvar.com/green-bay-resort-spa/green-bay-resort-bodrumda-bozuk-spor-salonu-ekipmanlari-misafir-guvenligini-tehdit-ediyor,Green Bay Resort Bodrum'da Bozuk Spor Salonu Ekipmanları Misafir Güvenliğini Tehdit Ediyor,"Ailem ile birlikte 30.07–07.08 tarihleri arasında Green Bay Resort Bodrum’da konaklamaktayız. Bu tesisi, resmi olarak 5 yıldızlı bir otel olarak tanıtılması nedeniyle tercih ettik; ancak şu ana kadar karşılaştığımız hizmet, 5 yıldızlı bir otelden beklenen standartların oldukça altındadır.
Beş kişilik ailemize verilen oda son derece küçüktür ve konforlu bir konaklama imkanı sunmamaktadır. Bunun yanında hem odada hem de restoran bölümlerinde hijyen standartlarının yetersiz olduğunu düşünüyoruz.
Akşam yemeği servis saatinin 21.00’e kadar sürdüğü bilgisi verilmesine rağmen, bugün yaşadığımız olay kabul edilemez niteliktedir. Saat 20.55 civarında restoran personeli büfeyi hızla toplamaya başlamış, misafirler hâlâ yemek yemekte olmasına rağmen servis fiilen sonlandırılmış ve biz yemeğimize devam ederken restoranın ışıkları dahi kapatılmıştır. Nedenini sorduğumuzda bir çalışan, personelin yalnızca 22.00’ye kadar ücretlendirildiğini, fazla mesai ücreti ödenmediği için hazırlıkların erken bitirilmesinin istendiğini ifade etmiştir. İç personel politikalarının bu şekilde misafirlere sunulan hizmet kalitesini doğrudan olumsuz etkilemesini kabul etmiyoruz.
Sadece iki günlük konaklama süremiz içinde, ondan fazla farklı misafirin de otel hakkında ciddi memnuniyetsizliklerini dile getirdiklerine bizzat şahit olduk. Bu durum, otelde yaşanan sorunların münferit değil, sistematik bir aksaklığa işaret ettiği izlenimini güçlendirmektedir.
Otelin spor salonunda bulunan ekipmanların önemli bir kısmı da uzun süredir çalışmamaktadır. Spor salonunu kullanmak istediğimizde, görevli personel mevcut ekipmanların yaklaşık üçte ikisinin bozuk olduğunu ve bu sezon içinde de düzeltilmeyeceğini bizzat ifade etti. Bugün spor yaparken yaklaşık 12,5 kilogramlık bir dambılın bağlantısı aniden yerinden çıktı ve yalnızca yaklaşık 10 santimetre yakınıma düşerek ciddi bir kaza riski oluşturdu. Bu durum, hem bakım eksikliğini hem de güvenlik standartlarının ne kadar yetersiz olduğunu açıkça ortaya koymaktadır.
Spor salonu ekipmanlarının derhal bakıma alınmasını, misafir güvenliğini tehdit eden bozuk aletlerin kullanımdan kaldırılmasını, restoran hizmet saatleri ve hijyen standartlarının 5 yıldızlı bir otele yakışacak seviyeye getirilmesini ve yaşadığımız mağduriyetlerin göz önünde bulundurularak konaklama süremiz için uygun bir telafi sağlanmasını talep ediyorum.",1 Ağustos 06:43,189,,,,False,,,False,,,0,,,COMPLAINT_MATCHED,,Dedicated single-property source page,https://www.sikayetvar.com/green-bay-resort-spa,2026-08-25T12:58:29.219502+00:00,Green Bay Resort Bodrum'da Bozuk Spor Salonu Ekipmanları Misafir Güvenliğini Tehdit Ediyor,"Ailem ile birlikte 30.07–07.08 tarihleri arasında Green Bay Resort Bodrum’da konaklamaktayız. Bu tesisi, resmi olarak 5 yıldızlı bir otel olarak tanıtılması nedeniyle tercih ettik; ancak şu ana kadar karşılaştığımız hizmet, 5 yıldızlı bir otelden beklenen standartların oldukça altındadır. Beş kişilik ailemize verilen oda son derece küçüktür ve konforlu bir konaklama imkanı sunmamaktadır. Bunun yanında hem odada hem de restoran bölümlerinde hijyen standartlarının yetersiz olduğunu düşünüyoruz. Akşam yemeği servis saatinin 21.00’e kadar sürdüğü bilgisi verilmesine rağmen, bugün yaşadığımız olay kabul edilemez niteliktedir. Saat 20.55 civarında restoran personeli büfeyi hızla toplamaya başlamış, misafirler hâlâ yemek yemekte olmasına rağmen servis fiilen sonlandırılmış ve biz yemeğimize devam ederken restoranın ışıkları dahi kapatılmıştır. Nedenini sorduğumuzda bir çalışan, personelin yalnızca 22.00’ye kadar ücretlendirildiğini, fazla mesai ücreti ödenmediği için hazırlıkların erken bitirilmesinin istendiğini ifade etmiştir. İç personel politikalarının bu şekilde misafirlere sunulan hizmet kalitesini doğrudan olumsuz etkilemesini kabul etmiyoruz. Sadece iki günlük konaklama süremiz içinde, ondan fazla farklı misafirin de otel hakkında ciddi memnuniyetsizliklerini dile getirdiklerine bizzat şahit olduk. Bu durum, otelde yaşanan sorunların münferit değil, sistematik bir aksaklığa işaret ettiği izlenimini güçlendirmektedir. Otelin spor salonunda bulunan ekipmanların önemli bir kısmı da uzun süredir çalışmamaktadır. Spor salonunu kullanmak istediğimizde, görevli personel mevcut ekipmanların yaklaşık üçte ikisinin bozuk olduğunu ve bu sezon içinde de düzeltilmeyeceğini bizzat ifade etti. Bugün spor yaparken yaklaşık 12,5 kilogramlık bir dambılın bağlantısı aniden yerinden çıktı ve yalnızca yaklaşık 10 santimetre yakınıma düşerek ciddi bir kaza riski oluşturdu. Bu durum, hem bakım eksikliğini hem de güvenlik standartlarının ne kadar yetersiz olduğunu açıkça ortaya koymaktadır. Spor salonu ekipmanlarının derhal bakıma alınmasını, misafir güvenliğini tehdit eden bozuk aletlerin kullanımdan kaldırılmasını, restoran hizmet saatleri ve hijyen standartlarının 5 yıldızlı bir otele yakışacak seviyeye getirilmesini ve yaşadığımız mağduriyetlerin göz önünde bulundurularak konaklama süremiz için uygun bir telafi sağlanmasını talep ediyorum.",,,2362,292,90,12,,,,,False,False,False,False,False,False,False,False,False,2026-08-25 12:58:29.219502,2026-08-01 06:43:00,True,DAY_MONTH_TIME_NO_YEAR,False,False,True,False,2026,8,2026-08,,,189,,0,False,False,False,False,False,False,Green Bay Resort & Spa Bodrum,Güvercinlik,4.5,6843,,,,179.0,False,False,False,0,0,0,0,,,False,False,False
yetersiz-sezlong-kalitesiz-yemek-ve-aldirmadigi-promosyonlar-nedeniyle-hayal-kirikligi,https://www.sikayetvar.com/green-bay-resort-spa/yetersiz-sezlong-kalitesiz-yemek-ve-aldirmadigi-promosyonlar-nedeniyle-hayal-kirikligi,https://www.sikayetvar.com/green-bay-resort-spa/yetersiz-sezlong-kalitesiz-yemek-ve-aldirmadigi-promosyonlar-nedeniyle-hayal-kirikligi,BOD103,Green Bay Resort & Spa Bodrum,Güvercinlik,Green Bay Resort & Spa,yetersiz-sezlong-kalitesiz-yemek-ve-aldirmadigi-promosyonlar-nedeniyle-hayal-kirikligi,https://www.sikayetvar.com/green-bay-resort-spa/yetersiz-sezlong-kalitesiz-yemek-ve-aldirmadigi-promosyonlar-nedeniyle-hayal-kirikligi,"Yetersiz Şezlong, Kalitesiz Yemek Ve Aldırmadığı Promosyonlar Nedeniyle Hayal Kırıklığı","20.07.2026 giriş, 24.07.2026 çıkış olmak üzere Bodrum Green Bay Resort Otel’de 1356 numaralı odada konakladım ve otelden genel olarak hiç memnun kalmadım. Otel her anlamda beklentimin çok altında kaldı.
Havuz ve plaj alanında şezlong sayısı kesinlikle yetersiz. Sabah çok erken saatlerden itibaren misafirler havlu bırakıp şezlongları tüm gün boyunca rezerve ediyor ve gün içinde boş yer bulmak neredeyse imkansız hale geliyor. Otel yönetimi bu duruma hiçbir şekilde müdahale etmiyor.
Yemek salonundaki masa sayısı da yeterli değil. Özellikle yoğun saatlerde oturacak yer bulunamıyor, uzun süre ayakta beklemek zorunda kalınıyor. Sunulan yemeklerin kalitesi ise oldukça düşük, çeşit ve lezzet bakımından verilen ücreti kesinlikle hak etmiyor.
Ayrıca 3 gün ve üzeri konaklamalarda bir gün Alaçatı restoranında yemek hakkı verildiği söyleniyor ancak rezervasyon yaptırmak istediğimizde sürekli yer olmadığı cevabını aldık. Bu hakkın kağıt üzerinde kaldığını, pratikte misafirlere sunulmadığını düşünüyorum. Çalışanların da bu konularla ilgili herhangi bir çözüm üretmediğini, misafir memnuniyetini önemsemediklerini açıkça gördük.
Bu kadar olumsuzluğa rağmen ödediğimiz ücreti ve kaybettiğimiz tatil zamanını düşününce büyük bir hayal kırıklığı yaşıyorum. Otelde yaşadığımız bu sorunlarla ilgili gerekli incelemenin yapılarak, hem tarafımıza gerekli açıklamanın ve mağduriyetimizin telafisinin sağlanmasını hem de benzer durumların tekrar etmemesi için acil düzenlemelere gidilmesini talep ediyorum.",22 Temmuz 14:07,332,,,,False,,,False,,,0,,,COMPLAINT_MATCHED,,Dedicated single-property source page,https://www.sikayetvar.com/green-bay-resort-spa,2026-08-25T12:58:29.219502+00:00,"Yetersiz Şezlong, Kalitesiz Yemek Ve Aldırmadığı Promosyonlar Nedeniyle Hayal Kırıklığı","20.07.2026 giriş, 24.07.2026 çıkış olmak üzere Bodrum Green Bay Resort Otel’de 1356 numaralı odada konakladım ve otelden genel olarak hiç memnun kalmadım. Otel her anlamda beklentimin çok altında kaldı. Havuz ve plaj alanında şezlong sayısı kesinlikle yetersiz. Sabah çok erken saatlerden itibaren misafirler havlu bırakıp şezlongları tüm gün boyunca rezerve ediyor ve gün içinde boş yer bulmak neredeyse imkansız hale geliyor. Otel yönetimi bu duruma hiçbir şekilde müdahale etmiyor. Yemek salonundaki masa sayısı da yeterli değil. Özellikle yoğun saatlerde oturacak yer bulunamıyor, uzun süre ayakta beklemek zorunda kalınıyor. Sunulan yemeklerin kalitesi ise oldukça düşük, çeşit ve lezzet bakımından verilen ücreti kesinlikle hak etmiyor. Ayrıca 3 gün ve üzeri konaklamalarda bir gün Alaçatı restoranında yemek hakkı verildiği söyleniyor ancak rezervasyon yaptırmak istediğimizde sürekli yer olmadığı cevabını aldık. Bu hakkın kağıt üzerinde kaldığını, pratikte misafirlere sunulmadığını düşünüyorum. Çalışanların da bu konularla ilgili herhangi bir çözüm üretmediğini, misafir memnuniyetini önemsemediklerini açıkça gördük. Bu kadar olumsuzluğa rağmen ödediğimiz ücreti ve kaybettiğimiz tatil zamanını düşününce büyük bir hayal kırıklığı yaşıyorum. Otelde yaşadığımız bu sorunlarla ilgili gerekli incelemenin yapılarak, hem tarafımıza gerekli açıklamanın ve mağduriyetimizin telafisinin sağlanmasını hem de benzer durumların tekrar etmemesi için acil düzenlemelere gidilmesini talep ediyorum.",,,1497,193,87,10,,,,,False,False,False,False,False,False,False,False,False,2026-08-25 12:58:29.219502,2026-07-22 14:07:00,True,DAY_MONTH_TIME_NO_YEAR,False,False,True,False,2026,7,2026-07,,,332,,0,False,False,False,True,False,False,Green Bay Resort & Spa Bodrum,Güvercinlik,4.5,6843,,,,179.0,False,False,False,0,0,0,0,,,False,False,False
cocugumun-salmonella-hastaligina-neden-olan-hijyen-eksikligi-ve-otel-yonetiminin-ilgisizligi,https://www.sikayetvar.com/green-bay-resort-spa/cocugumun-salmonella-hastaligina-neden-olan-hijyen-eksikligi-ve-otel-yonetiminin-ilgisizligi,https://www.sikayetvar.com/green-bay-resort-spa/cocugumun-salmonella-hastaligina-neden-olan-hijyen-eksikligi-ve-otel-yonetiminin-ilgisizligi,BOD103,Green Bay Resort & Spa Bodrum,Güvercinlik,Green Bay Resort & Spa,cocugumun-salmonella-hastaligina-neden-olan-hijyen-eksikligi-ve-otel-yonetiminin-ilgisizligi,https://www.sikayetvar.com/green-bay-resort-spa/cocugumun-salmonella-hastaligina-neden-olan-hijyen-eksikligi-ve-otel-yonetiminin-ilgisizligi,Çocuğumun Salmonella Hastalığına Neden Olan Hijyen Eksikliği Ve Otel Yönetiminin İlgisizliği,"29.06.2026 giriş, 01.07.2026 çıkış olacak şekilde Green Bay Resort Bodrum Güvercinlik’te ailemle konakladık. 2,5 yaşındaki çocuğum burada konakladığımız süre içinde salmonella virüsü kaptı ve elimde bunu gösteren hastane raporu bulunuyor. Tatilimiz tamamen rezil oldu, günlerce çocuğumuzun ağrısı ve yaşadığımız stresle uğraşmak zorunda kaldık ve bu nedenle otelden erken ayrılmak zorunda kaldık.
Otelin özellikle çocuk havuzlarının hijyen durumu çok kötüydü. Yemeklerin içinden rahatsız edici şeyler çıkıyor, genel olarak hijyen ve temizlik son derece yetersizdi. Koridorlar halıfleks kaplıydı ve çok ağır, rahatsız edici bir koku vardı. Dondurmaların durumu da hijyen ve kalite açısından son derece kötüydü. Kısacası, keyifle gittiğimiz tatilimiz bu otel yüzünden hayatımızın en kötü tatiline dönüştü.
Rezervasyonum ETS Tur üzerinden 116643177 onay numarası ile Halil Yünlü adına yapıldı. Bu kadar ciddi bir sağlık sorunu yaşamamıza rağmen ne otel yönetimi ne de ETS Tur tarafı bizimle ilgilenmedi, herhangi bir dönüş dahi sağlanmadı. Hem kendi ailem adına hem de şu an orada konaklayan diğer misafirlerin sağlığı adına ciddi şekilde endişe duyuyorum.
Yaşadığımız bu ağır mağduriyetin ciddiyetle ele alınmasını, otelde hijyen ve temizlik koşullarının acilen denetlenmesini ve bu süreçte uğradığımız mağduriyetle ilgili gerekli inceleme ve geri dönüşün tarafıma yapılmasını talep ediyorum. Ayrıca benzer bir durumun başka ailelerin ve çocukların başına gelmemesi için gerekli tüm önlemlerin alınmasını istiyorum.",7 Temmuz 11:53,547,,,,False,,,False,,,0,,,COMPLAINT_MATCHED,,Dedicated single-property source page,https://www.sikayetvar.com/green-bay-resort-spa,2026-08-25T12:58:29.219502+00:00,Çocuğumun Salmonella Hastalığına Neden Olan Hijyen Eksikliği Ve Otel Yönetiminin İlgisizliği,"29.06.2026 giriş, 01.07.2026 çıkış olacak şekilde Green Bay Resort Bodrum Güvercinlik’te ailemle konakladık. 2,5 yaşındaki çocuğum burada konakladığımız süre içinde salmonella virüsü kaptı ve elimde bunu gösteren hastane raporu bulunuyor. Tatilimiz tamamen rezil oldu, günlerce çocuğumuzun ağrısı ve yaşadığımız stresle uğraşmak zorunda kaldık ve bu nedenle otelden erken ayrılmak zorunda kaldık. Otelin özellikle çocuk havuzlarının hijyen durumu çok kötüydü. Yemeklerin içinden rahatsız edici şeyler çıkıyor, genel olarak hijyen ve temizlik son derece yetersizdi. Koridorlar halıfleks kaplıydı ve çok ağır, rahatsız edici bir koku vardı. Dondurmaların durumu da hijyen ve kalite açısından son derece kötüydü. Kısacası, keyifle gittiğimiz tatilimiz bu otel yüzünden hayatımızın en kötü tatiline dönüştü. Rezervasyonum ETS Tur üzerinden 116643177 onay numarası ile Halil Yünlü adına yapıldı. Bu kadar ciddi bir sağlık sorunu yaşamamıza rağmen ne otel yönetimi ne de ETS Tur tarafı bizimle ilgilenmedi, herhangi bir dönüş dahi sağlanmadı. Hem kendi ailem adına hem de şu an orada konaklayan diğer misafirlerin sağlığı adına ciddi şekilde endişe duyuyorum. Yaşadığımız bu ağır mağduriyetin ciddiyetle ele alınmasını, otelde hijyen ve temizlik koşullarının acilen denetlenmesini ve bu süreçte uğradığımız mağduriyetle ilgili gerekli inceleme ve geri dönüşün tarafıma yapılmasını talep ediyorum. Ayrıca benzer bir durumun başka ailelerin ve çocukların başına gelmemesi için gerekli tüm önlemlerin alınmasını istiyorum.",,,1513,204,92,11,,,,,False,False,False,False,False,False,False,False,False,2026-08-25 12:58:29.219502,2026-07-07 11:53:00,True,DAY_MONTH_TIME_NO_YEAR,False,False,True,False,2026,7,2026-07,,,547,,0,False,False,False,True,False,False,Green Bay Resort & Spa Bodrum,Güvercinlik,4.5,6843,,,,179.0,False,False,False,0,0,0,0,,,False,False,False
green-bay-resortta-engelli-odada-hijyen-ve-konfor-eksikligi,https://www.sikayetvar.com/green-bay-resort-spa/green-bay-resortta-engelli-odada-hijyen-ve-konfor-eksikligi,https://www.sikayetvar.com/green-bay-resort-spa/green-bay-resortta-engelli-odada-hijyen-ve-konfor-eksikligi,BOD103,Green Bay Resort & Spa Bodrum,Güvercinlik,Green Bay Resort & Spa,green-bay-resortta-engelli-odada-hijyen-ve-konfor-eksikligi,https://www.sikayetvar.com/green-bay-resort-spa/green-bay-resortta-engelli-odada-hijyen-ve-konfor-eksikligi,Green Bay Resort’ta Engelli Odada Hijyen Ve Konfor Eksikliği,"Green Bay Resort’ta bugün yaptığımız konaklamada bize verilen oda, engelli bireyler için hazırlanmış bir odaydı. Ancak odanın banyosu, duş alanı ve genel düzeni son derece kötü durumdaydı; özellikle duş kısmında kullanılan muşamba ve odanın genel hali hem hijyen hem de Konfor açısından rahatsız ediciydi.
Bu odayı engelli vatandaşlarımıza uygun gördüklerini düşünmek ayrıca üzücü, çünkü engelli misafirler için çok daha konforlu, ferah ve geniş odalar tasarlanması gerekirken, bu şekilde bakımsız ve kullanışsız bir oda düzeniyle karşılaşmak kabul edilebilir değil. İnsani olarak da vicdanen de bu yaklaşımı doğru bulmuyorum.
Durumu ilettiğimizde ise ertesi gün oda değişimi yapılamayacağı söylendi. Hem bize yaşatılan mağduriyet hem de engelli bireylere yönelik bu standart nedeniyle çok rahatsız oldum ve işletmeden memnun kalmadım.
Bu nedenle, en kısa sürede daha uygun, konforlu ve standartlara uygun bir odaya geçişimin sağlanmasını ve bu konunun ciddiyetle ele alınarak gerekli düzenlemelerin yapılmasını talep ediyorum.",22 Haziran 19:51,371,,,,False,,,False,,,0,,,COMPLAINT_MATCHED,,Dedicated single-property source page,https://www.sikayetvar.com/green-bay-resort-spa,2026-08-25T12:58:29.219502+00:00,Green Bay Resort’ta Engelli Odada Hijyen Ve Konfor Eksikliği,"Green Bay Resort’ta bugün yaptığımız konaklamada bize verilen oda, engelli bireyler için hazırlanmış bir odaydı. Ancak odanın banyosu, duş alanı ve genel düzeni son derece kötü durumdaydı; özellikle duş kısmında kullanılan muşamba ve odanın genel hali hem hijyen hem de Konfor açısından rahatsız ediciydi. Bu odayı engelli vatandaşlarımıza uygun gördüklerini düşünmek ayrıca üzücü, çünkü engelli misafirler için çok daha konforlu, ferah ve geniş odalar tasarlanması gerekirken, bu şekilde bakımsız ve kullanışsız bir oda düzeniyle karşılaşmak kabul edilebilir değil. İnsani olarak da vicdanen de bu yaklaşımı doğru bulmuyorum. Durumu ilettiğimizde ise ertesi gün oda değişimi yapılamayacağı söylendi. Hem bize yaşatılan mağduriyet hem de engelli bireylere yönelik bu standart nedeniyle çok rahatsız oldum ve işletmeden memnun kalmadım. Bu nedenle, en kısa sürede daha uygun, konforlu ve standartlara uygun bir odaya geçişimin sağlanmasını ve bu konunun ciddiyetle ele alınarak gerekli düzenlemelerin yapılmasını talep ediyorum.",,,1027,141,60,9,,,,,False,False,False,False,False,False,False,False,False,2026-08-25 12:58:29.219502,2026-06-22 19:51:00,True,DAY_MONTH_TIME_NO_YEAR,False,False,True,False,2026,6,2026-06,,,371,,0,False,False,False,False,False,False,Green Bay Resort & Spa Bodrum,Güvercinlik,4.5,6843,,,,179.0,False,False,False,0,0,0,0,,,False,False,False
green-bay-resort-spa-hem-hizmetten-hem-de-genel-ortamdan-ciddi-anlamda-memnun-kalmadik,https://www.sikayetvar.com/green-bay-resort-spa/green-bay-resort-spa-hem-hizmetten-hem-de-genel-ortamdan-ciddi-anlamda-memnun-kalmadik,https://www.sikayetvar.com/green-bay-resort-spa/green-bay-resort-spa-hem-hizmetten-hem-de-genel-ortamdan-ciddi-anlamda-memnun-kalmadik,BOD103,Green Bay Resort & Spa Bodrum,Güvercinlik,Green Bay Resort & Spa,green-bay-resort-spa-hem-hizmetten-hem-de-genel-ortamdan-ciddi-anlamda-memnun-kalmadik,https://www.sikayetvar.com/green-bay-resort-spa/green-bay-resort-spa-hem-hizmetten-hem-de-genel-ortamdan-ciddi-anlamda-memnun-kalmadik,Hem Hizmetten Hem de Genel Ortamdan Ciddi Anlamda Memnun Kalmadık,"28 Mayıs – 31 Mayıs tarihleri arasında Green Bay Hotel’de konakladık ve ödediğimiz 70.000 TL’ye rağmen hem hizmetten hem de genel ortamdan ciddi anlamda memnun kalmadık. Özellikle yemeklerde hijyen sorunu, lezzetsizlik ve çeşit azlığı çok belirgindi. Sunulan yemekler ne hijyen ne de lezzet açısından tatmin ediciydi, seçenekler de son derece sınırlıydı.
Personel tarafında da kaba davranış, ilgisizlik ve çözüm odaklı olmama gibi pek çok olumsuzlukla karşılaştık. Misafirle ilgilenmek yerine geçiştiren, sorunları sahiplenmeyen bir yaklaşım vardı. Bu durum, konaklamamız boyunca sürekli rahatsız edici bir atmosfer yarattı.
Yaşadığımız tüm bu sorunları otelde yetkili kişilere ve resepsiyona defalarca ilettik. Bize, bugün başka şikayetlerin de geldiğini söyleyerek sorunları kabul ettiler ancak herhangi bir somut çözüm sunmadılar, sadece geçiştiren bir tavır sergilediler. Ne yemeklerde ne de personel davranışlarında bir iyileşme olmadı.
Ödediğimiz ücretin karşılığını alamadığımızı ve tatilimizin bu şartlarda tamamen hayal kırıklığına dönüştüğünü düşünüyoruz. Bu nedenle Green Bay Hotel’deki bu konaklamamıza ilişkin 70.000 TL’lik ödemenin iadesini talep ediyorum.",2 Haziran 14:31,569,,,,False,,,False,,,0,,,COMPLAINT_MATCHED,,Dedicated single-property source page,https://www.sikayetvar.com/green-bay-resort-spa,2026-08-25T12:58:29.219502+00:00,Hem Hizmetten Hem de Genel Ortamdan Ciddi Anlamda Memnun Kalmadık,"28 Mayıs – 31 Mayıs tarihleri arasında Green Bay Hotel’de konakladık ve ödediğimiz 70.000 TL’ye rağmen hem hizmetten hem de genel ortamdan ciddi anlamda memnun kalmadık. Özellikle yemeklerde hijyen sorunu, lezzetsizlik ve çeşit azlığı çok belirgindi. Sunulan yemekler ne hijyen ne de lezzet açısından tatmin ediciydi, seçenekler de son derece sınırlıydı. Personel tarafında da kaba davranış, ilgisizlik ve çözüm odaklı olmama gibi pek çok olumsuzlukla karşılaştık. Misafirle ilgilenmek yerine geçiştiren, sorunları sahiplenmeyen bir yaklaşım vardı. Bu durum, konaklamamız boyunca sürekli rahatsız edici bir atmosfer yarattı. Yaşadığımız tüm bu sorunları otelde yetkili kişilere ve resepsiyona defalarca ilettik. Bize, bugün başka şikayetlerin de geldiğini söyleyerek sorunları kabul ettiler ancak herhangi bir somut çözüm sunmadılar, sadece geçiştiren bir tavır sergilediler. Ne yemeklerde ne de personel davranışlarında bir iyileşme olmadı. Ödediğimiz ücretin karşılığını alamadığımızı ve tatilimizin bu şartlarda tamamen hayal kırıklığına dönüştüğünü düşünüyoruz. Bu nedenle Green Bay Hotel’deki bu konaklamamıza ilişkin 70.000 TL’lik ödemenin iadesini talep ediyorum.",,,1170,153,65,10,,,,,False,False,False,False,False,False,False,False,False,2026-08-25 12:58:29.219502,2026-06-02 14:31:00,True,DAY_MONTH_TIME_NO_YEAR,False,False,True,False,2026,6,2026-06,,,569,,0,False,False,False,False,False,False,Green Bay Resort & Spa Bodrum,Güvercinlik,4.5,6843,,,,179.0,False,False,False,0,0,0,0,,,False,False,False
otel-fiyat-farki-ve-bebek-ucretine-itiraz-ve-iade-talebi,https://www.sikayetvar.com/green-bay-resort-spa/otel-fiyat-farki-ve-bebek-ucretine-itiraz-ve-iade-talebi,https://www.sikayetvar.com/green-bay-resort-spa/otel-fiyat-farki-ve-bebek-ucretine-itiraz-ve-iade-talebi,BOD103,Green Bay Resort & Spa Bodrum,Güvercinlik,Green Bay Resort & Spa,otel-fiyat-farki-ve-bebek-ucretine-itiraz-ve-iade-talebi,https://www.sikayetvar.com/green-bay-resort-spa/otel-fiyat-farki-ve-bebek-ucretine-itiraz-ve-iade-talebi,Otel Fiyat Farkı Ve Bebek Ücretine İtiraz Ve İade Talebi,"Green Bay Bodrum Otel’e 22–26 Eylül tarihleri arasında, iki aile olarak toplam 4 gece konaklama için, 2 yetişkin ve 0 yaşında bir bebekle standart geniş oda rezervasyonu yaptırdık. Toplam 80.000 TL ödeme yaptık, rezervasyon numaramız 28393. Bizim kendi ailemizin payına düşen tutar 40.000 TL idi.
Rezervasyonu yaptırdıktan sonra, henüz otele giriş yapmadan, otelin şu an “blokaj oda” adıyla sattığı bir odanın 35.000 TL’ye satışta olduğunu gördük. Bunun üzerine acente, bizim de hatta olduğumuz bir telefon görüşmesinde, bu odaya geçmek istediğimizi, en azından bir gece için fiyat farkı alınarak +1 gece daha konaklama yapılmasını, bu mümkün değilse de aradaki fiyat farkının iade edilmesini iletti. Ancak otel, “o fiyattan tutmuşsunuz, bir kere değişmez, bir gece konaklamada da ücret iadesi verilemez” diyerek talebimizi reddetti.
Ayrıca 0 yaşındaki bebeğimiz için bile oda farkı ücreti alındı. Daha küçük odayı kabul etmek istediğimizde de bunu kabul etmediler, biz de mecburen onayladık. Buna rağmen, bebeğimiz için mama talep ettiğimizde, “zaten alkol de tüketmediğimiz halde alkol dahil bir ücret ödüyoruz, bari bebek için mama verin” dememize rağmen bu talebimiz de reddedildi. Hem bebekten ekstra ücret alınması hem de buna karşılık en temel ihtiyacı olan mamanın dahi sağlanmaması bizi ciddi şekilde mağdur etti.
Adil olmayan fiyat uygulaması, bebekten alınan ekstra ücret ve buna rağmen hiçbir ek hizmet sunulmaması nedeniyle mağduriyetimizin giderilmesini talep ediyorum. Talebim; ya ödediğimiz 40.000 TL ile şu an satışı 35.000 TL olan oda arasındaki fiyat farkının iade edilmesi ya da bu fark kadar +1 gece daha konaklama hakkı verilmesi yönündedir. Aynı durum diğer aile için de geçerlidir. Rezervasyon şartlarımızda “iptal/iade yoktur” gibi bir ifade tarafımıza söylenmediği ve belge üzerinde de böyle bir ibare yer almadığı halde, bu şekilde kesin bir dille r kabul etmiyorum ve durumun acilen düzeltilmesini rica ediyorum.",28 Mart 21:39,1.406,,,,False,,,False,,,0,,,COMPLAINT_MATCHED,,Dedicated single-property source page,https://www.sikayetvar.com/green-bay-resort-spa,2026-08-25T12:58:29.219502+00:00,Otel Fiyat Farkı Ve Bebek Ücretine İtiraz Ve İade Talebi,"Green Bay Bodrum Otel’e 22–26 Eylül tarihleri arasında, iki aile olarak toplam 4 gece konaklama için, 2 yetişkin ve 0 yaşında bir bebekle standart geniş oda rezervasyonu yaptırdık. Toplam 80.000 TL ödeme yaptık, rezervasyon numaramız 28393. Bizim kendi ailemizin payına düşen tutar 40.000 TL idi. Rezervasyonu yaptırdıktan sonra, henüz otele giriş yapmadan, otelin şu an “blokaj oda” adıyla sattığı bir odanın 35.000 TL’ye satışta olduğunu gördük. Bunun üzerine acente, bizim de hatta olduğumuz bir telefon görüşmesinde, bu odaya geçmek istediğimizi, en azından bir gece için fiyat farkı alınarak +1 gece daha konaklama yapılmasını, bu mümkün değilse de aradaki fiyat farkının iade edilmesini iletti. Ancak otel, “o fiyattan tutmuşsunuz, bir kere değişmez, bir gece konaklamada da ücret iadesi verilemez” diyerek talebimizi reddetti. Ayrıca 0 yaşındaki bebeğimiz için bile oda farkı ücreti alındı. Daha küçük odayı kabul etmek istediğimizde de bunu kabul etmediler, biz de mecburen onayladık. Buna rağmen, bebeğimiz için mama talep ettiğimizde, “zaten alkol de tüketmediğimiz halde alkol dahil bir ücret ödüyoruz, bari bebek için mama verin” dememize rağmen bu talebimiz de reddedildi. Hem bebekten ekstra ücret alınması hem de buna karşılık en temel ihtiyacı olan mamanın dahi sağlanmaması bizi ciddi şekilde mağdur etti. Adil olmayan fiyat uygulaması, bebekten alınan ekstra ücret ve buna rağmen hiçbir ek hizmet sunulmaması nedeniyle mağduriyetimizin giderilmesini talep ediyorum. Talebim; ya ödediğimiz 40.000 TL ile şu an satışı 35.000 TL olan oda arasındaki fiyat farkının iade edilmesi ya da bu fark kadar +1 gece daha konaklama hakkı verilmesi yönündedir. Aynı durum diğer aile için de geçerlidir. Rezervasyon şartlarımızda “iptal/iade yoktur” gibi bir ifade tarafımıza söylenmediği ve belge üzerinde de böyle bir ibare yer almadığı halde, bu şekilde kesin bir dille r kabul etmiyorum ve durumun acilen düzeltilmesini rica ediyorum.",,,1940,284,56,10,,,,,False,False,False,False,False,False,False,False,False,2026-08-25 12:58:29.219502,2026-03-28 21:39:00,True,DAY_MONTH_TIME_NO_YEAR,False,False,True,False,2026,3,2026-03,,,1406,,0,False,False,False,False,False,False,Green Bay Resort & Spa Bodrum,Güvercinlik,4.5,6843,,,,179.0,False,False,False,0,0,0,0,,,False,False,False
hayal-kirikligi-ve-bosa-harcanan-tatil-parasi,https://www.sikayetvar.com/green-bay-resort-spa/hayal-kirikligi-ve-bosa-harcanan-tatil-parasi,https://www.sikayetvar.com/green-bay-resort-spa/hayal-kirikligi-ve-bosa-harcanan-tatil-parasi,BOD103,Green Bay Resort & Spa Bodrum,Güvercinlik,Green Bay Resort & Spa,hayal-kirikligi-ve-bosa-harcanan-tatil-parasi,https://www.sikayetvar.com/green-bay-resort-spa/hayal-kirikligi-ve-bosa-harcanan-tatil-parasi,Hayal Kırıklığı Ve Boşa Harcanan Tatil Parası,"13-16 Eylül tarihleri arasında Bodrum Güvercinlik mevkisindeki Green Bay Resort'ta 3 gece 4 gün tatil satın aldım. 18.000 TL'yi sadece bir kişi için ödedim fakat otel beklentilerimi karşılamadı.1. Otele giriş çıkışta yoğun bir kanalizasyon kokusu var, denizde de aynı koku hissediliyor ve deniz bulanık.2. Personel güler yüzlü değil, neredeyse azarlar şekilde davranıyorlar. Bir kahve istediğinizde 'Burada temizlik yapılıyor, diğer tarafa gidin' diyerek sizi sürekli yönlendiriyorlar.3. Ultra her şey dahil konsept olmasına rağmen istediğiniz içkileri bulamıyorsunuz, sadece likör katılmış meyve suları mevcut, meyve suyu makinesi de sık sık bozuk oluyor.4. Kuru yemiş olarak yalnızca tuzlu yer fıstığı sunuluyor.5. 3 gece konakladığınız için alakart restoranda yemek yiyemiyorsunuz, bu hizmet size sunulmuyor.6. Otele girer girmez ödediğiniz paranın karşılığını alamayacağınızı anlıyorsunuz.14 Eylül sabahı memnuniyetsizliğimi mail ile bildirdim, ancak bana dönüşleri 16 Eylül saat 11.00'de, yani otelden çıkışımdan bir saat önce oldu. 'Mailiniz elimize yeni ulaştı' diyerek geç dönüş yaptılar.Otel beklentilerimin çok altında kaldı. Yabancı misafirler bizim ödediğimizin yarısından azını ödüyor ve onlar için hizmet yeterli olabilir, ancak kaliteli yemek, içki ve hizmet bekliyorsanız kesinlikle yanlış bir tercih olur.18.000 TL boşa gitti.Herkese iyi tatiller.",18 Eylül 2025 07:21,583,,,,False,,,False,,,0,,,COMPLAINT_MATCHED,,Dedicated single-property source page,https://www.sikayetvar.com/green-bay-resort-spa,2026-08-25T12:58:29.219502+00:00,Hayal Kırıklığı Ve Boşa Harcanan Tatil Parası,"13-16 Eylül tarihleri arasında Bodrum Güvercinlik mevkisindeki Green Bay Resort'ta 3 gece 4 gün tatil satın aldım. 18.000 TL'yi sadece bir kişi için ödedim fakat otel beklentilerimi karşılamadı.1. Otele giriş çıkışta yoğun bir kanalizasyon kokusu var, denizde de aynı koku hissediliyor ve deniz bulanık.2. Personel güler yüzlü değil, neredeyse azarlar şekilde davranıyorlar. Bir kahve istediğinizde 'Burada temizlik yapılıyor, diğer tarafa gidin' diyerek sizi sürekli yönlendiriyorlar.3. Ultra her şey dahil konsept olmasına rağmen istediğiniz içkileri bulamıyorsunuz, sadece likör katılmış meyve suları mevcut, meyve suyu makinesi de sık sık bozuk oluyor.4. Kuru yemiş olarak yalnızca tuzlu yer fıstığı sunuluyor.5. 3 gece konakladığınız için alakart restoranda yemek yiyemiyorsunuz, bu hizmet size sunulmuyor.6. Otele girer girmez ödediğiniz paranın karşılığını alamayacağınızı anlıyorsunuz.14 Eylül sabahı memnuniyetsizliğimi mail ile bildirdim, ancak bana dönüşleri 16 Eylül saat 11.00'de, yani otelden çıkışımdan bir saat önce oldu. 'Mailiniz elimize yeni ulaştı' diyerek geç dönüş yaptılar.Otel beklentilerimin çok altında kaldı. Yabancı misafirler bizim ödediğimizin yarısından azını ödüyor ve onlar için hizmet yeterli olabilir, ancak kaliteli yemek, içki ve hizmet bekliyorsanız kesinlikle yanlış bir tercih olur.18.000 TL boşa gitti.Herkese iyi tatiller.",,,1364,179,45,7,,,,,False,False,False,False,False,False,False,False,False,2026-08-25 12:58:29.219502,2025-09-18 07:21:00,False,DAY_MONTH_YEAR_TIME,False,False,False,False,2025,9,2025-09,,,583,,0,False,False,False,False,False,False,Green Bay Resort & Spa Bodrum,Güvercinlik,4.5,6843,,,,179.0,False,False,False,0,0,0,0,,,False,False,False
ultra-her-sey-dahil-pakette-vaat-edilen-hizmetler-sunulmadi-calisanlar-ilgisizdi,https://www.sikayetvar.com/green-bay-resort-spa/ultra-her-sey-dahil-pakette-vaat-edilen-hizmetler-sunulmadi-calisanlar-ilgisizdi,https://www.sikayetvar.com/green-bay-resort-spa/ultra-her-sey-dahil-pakette-vaat-edilen-hizmetler-sunulmadi-calisanlar-ilgisizdi,BOD103,Green Bay Resort & Spa Bodrum,Güvercinlik,Green Bay Resort & Spa,ultra-her-sey-dahil-pakette-vaat-edilen-hizmetler-sunulmadi-calisanlar-ilgisizdi,https://www.sikayetvar.com/green-bay-resort-spa/ultra-her-sey-dahil-pakette-vaat-edilen-hizmetler-sunulmadi-calisanlar-ilgisizdi,"Ultra Her Şey Dahil Pakette Vaat Edilen Hizmetler Sunulmadı, Çalışanlar İlgisizdi","1-6 Eylül tarihleri arasında Bodrum Güvercinlik’te bulunan Green Bay Resort SPA Hotel’de Ultra her şey dahil paket ile konaklamaktayım. İlk gün, otelin reklamlarında ücretsiz olduğu belirtilen hamam hizmetinden faydalanmak istedim. Ancak içeride “program var” denilerek, kurnaların tamamı boş olmasına rağmen hamamdan dışarı çıkarıldım. İçeride yalnızca iki kişiye özel köpük masajı uygulanıyordu. SPA’dan sorumlu yetkiliyle görüştüğümde, bunun otelin kuralı olduğunu ve ellerinden bir şey gelmediğini söyledi. Oysa rezervasyon sırasında ve tanıtımlarda bu kısıtlama belirtilmemişti.
Bugün ise, hakkımız olan ala carte restoranda saat 19.00’da oturup uzun süre beklememize rağmen kimse ilgilenmedi. Saat 20.00’de bir garson gelip sadece içecek sordu, yemek bile yiyemeden kalkmak zorunda kaldık. Müdürle görüşmek istedim fakat mesai saatleri dışında olduğu için yardımcı olunmadı.
Rezervasyon numaram: 114599870. Şu anda hala oteldeyim ve bu süreçte bazı otel çalışanlarının ilgisiz ve ters tavırları da ayrıca rahatsız edici. Hiçbir ek ödeme yapmadım, tüm hizmetleri önceden ödedim ve Ultra her şey dahil paketin içeriğinden faydalanamadım.
Bu otelin gerçekte nasıl bir hizmet sunduğunun herkes tarafından bilinmesini istiyorum.",4 Eylül 2025 21:16,597,,,,False,,,False,,,0,,,COMPLAINT_MATCHED,,Dedicated single-property source page,https://www.sikayetvar.com/green-bay-resort-spa,2026-08-25T12:58:29.219502+00:00,"Ultra Her Şey Dahil Pakette Vaat Edilen Hizmetler Sunulmadı, Çalışanlar İlgisizdi","1-6 Eylül tarihleri arasında Bodrum Güvercinlik’te bulunan Green Bay Resort SPA Hotel’de Ultra her şey dahil paket ile konaklamaktayım. İlk gün, otelin reklamlarında ücretsiz olduğu belirtilen hamam hizmetinden faydalanmak istedim. Ancak içeride “program var” denilerek, kurnaların tamamı boş olmasına rağmen hamamdan dışarı çıkarıldım. İçeride yalnızca iki kişiye özel köpük masajı uygulanıyordu. SPA’dan sorumlu yetkiliyle görüştüğümde, bunun otelin kuralı olduğunu ve ellerinden bir şey gelmediğini söyledi. Oysa rezervasyon sırasında ve tanıtımlarda bu kısıtlama belirtilmemişti. Bugün ise, hakkımız olan ala carte restoranda saat 19.00’da oturup uzun süre beklememize rağmen kimse ilgilenmedi. Saat 20.00’de bir garson gelip sadece içecek sordu, yemek bile yiyemeden kalkmak zorunda kaldık. Müdürle görüşmek istedim fakat mesai saatleri dışında olduğu için yardımcı olunmadı. Rezervasyon numaram: 114599870. Şu anda hala oteldeyim ve bu süreçte bazı otel çalışanlarının ilgisiz ve ters tavırları da ayrıca rahatsız edici. Hiçbir ek ödeme yapmadım, tüm hizmetleri önceden ödedim ve Ultra her şey dahil paketin içeriğinden faydalanamadım. Bu otelin gerçekte nasıl bir hizmet sunduğunun herkes tarafından bilinmesini istiyorum.",,,1229,162,81,11,,,,,False,False,False,False,False,False,False,False,False,2026-08-25 12:58:29.219502,2025-09-04 21:16:00,False,DAY_MONTH_YEAR_TIME,False,False,False,False,2025,9,2025-09,,,597,,0,False,False,False,False,False,False,Green Bay Resort & Spa Bodrum,Güvercinlik,4.5,6843,,,,179.0,False,False,False,0,0,0,0,,,False,False,False
green-bay-resort-spa-green-bay-otel-magdurlugu,https://www.sikayetvar.com/green-bay-resort-spa/green-bay-resort-spa-green-bay-otel-magdurlugu,https://www.sikayetvar.com/green-bay-resort-spa/green-bay-resort-spa-green-bay-otel-magdurlugu,BOD103,Green Bay Resort & Spa Bodrum,Güvercinlik,Green Bay Resort & Spa,green-bay-resort-spa-green-bay-otel-magdurlugu,https://www.sikayetvar.com/green-bay-resort-spa/green-bay-resort-spa-green-bay-otel-magdurlugu,Green Bay Otel Mağdurluğu,"Geçen sene balayında Crystal grubuna ait olan Green Bay otele gelmiştik ve çok beğendiğimiz için bu sene tekrar gelmek istedik ama keşke gelmeseydik.Otele geldiğimizde işletmenin değiştiğini öğrendik. Yemek çeşitleri çok azalmış, bu snack bar’a, havuzdaki bar’a, otelin her alanına etki etmiş. Dünden kalan yemekleri tekrar görüyoruz. Brüksel lahanası, patlıcan, 2-3 günlük mezeler ve 7/24 makarna servisi, restoranda aynı makarna, aynı tatlı, snack barda aynı yemekler fix değişmiyor. Tatlılar da aynı şekilde. 2023 senesinde gelen kişiler anlayacaktır, snack barda İskender, et döner, pide, pizza masaya servis şeklinde oluyordu ve sadece bu bahsettiğim yemekler dışında her istediğinizi normal bir restoranmış gibi sipariş verebiliyordunuz. 17.00-18.30 arası acıkma şansınız yok, isterseniz lobiden tatlı yiyebilirsiniz.Odaya sadece kulak pamuğu ve makyaj pamuğu koyulduğunu belirtmeliyim. Geçen sene şampuanından kremine kadar her şey vardı. 5 yıldızlı olan otel böyle olur. Zaten aynı zamanda yemek araları kısaltılmış, snack bar sürekli açıktı, şu an sürekli kapanıyor. Barlar kapandığı için snack barda yığılma oluyor. Sıra bekliyorsunuz. İşletmenin aşçıları değişmemiş, özellikle akşam yemeğinden sorumlu olan şefin geçen seneki performansını bildiğimizden dolayı mutfak malzeme sıkıntısı yaşıyor sanırım. Koca 5 yıldızlı otel.Müzikler eski hit yabancı şarkılar, Türkçe şarkılar ancak Bodrum’a gittik beraber, otel Bodrum’da diye. Yani sonrası Rus misafirlerine şov, eğlence anlayışı Türklere uymayan animasyon. Havuz başında oturup kafa dinlenmiyor, müzik inanılmaz yüksek. Sürekli snack bara gidip içecek almak zorunda kalıyoruz. Bu bir strateji sanırım.Oda hizmeti çok kötüydü. 3 gece kaldık. Zar zor havluları değiştirdik. 16.30’da mesaimiz bitti diye giderlerken rica minnetle havlu istedik. Resepsiyondan su istedik. Asla gelmedi, biz gidip aldık. Acaba yabancı uyruklu olsak bunlar yaşanır mıydı?1 gece kala yola çıktık otelden. Daha alabileceğimiz bir şey olduğunu düşünmediğimizden dolayı yeni sahipleri küçülmeye gitmiş tamamen.Havuz pis, kumlar var, süpürülmüyor, sadece klor atılıyor. Deniz zaten güzel ama çok bulanık, balık çiftliği varmış ileride, çakılların temizlenmesi gerekiyor. Çok fazla var ve çocuklar için uygun değil, çok derin. Havuz başındayken müziğin kısılmasını rica ettim ama umursamadı animasyoncu beyefendi.Umarım gitmeden okur, bir daha düşünürsünüz.",9 Eylül 2024 00:57,3.345,,,,False,,,False,,,0,,,COMPLAINT_MATCHED,,Dedicated single-property source page,https://www.sikayetvar.com/green-bay-resort-spa,2026-08-25T12:58:29.219502+00:00,Green Bay Otel Mağdurluğu,"Geçen sene balayında Crystal grubuna ait olan Green Bay otele gelmiştik ve çok beğendiğimiz için bu sene tekrar gelmek istedik ama keşke gelmeseydik.Otele geldiğimizde işletmenin değiştiğini öğrendik. Yemek çeşitleri çok azalmış, bu snack bar’a, havuzdaki bar’a, otelin her alanına etki etmiş. Dünden kalan yemekleri tekrar görüyoruz. Brüksel lahanası, patlıcan, 2-3 günlük mezeler ve 7/24 makarna servisi, restoranda aynı makarna, aynı tatlı, snack barda aynı yemekler fix değişmiyor. Tatlılar da aynı şekilde. 2023 senesinde gelen kişiler anlayacaktır, snack barda İskender, et döner, pide, pizza masaya servis şeklinde oluyordu ve sadece bu bahsettiğim yemekler dışında her istediğinizi normal bir restoranmış gibi sipariş verebiliyordunuz. 17.00-18.30 arası acıkma şansınız yok, isterseniz lobiden tatlı yiyebilirsiniz.Odaya sadece kulak pamuğu ve makyaj pamuğu koyulduğunu belirtmeliyim. Geçen sene şampuanından kremine kadar her şey vardı. 5 yıldızlı olan otel böyle olur. Zaten aynı zamanda yemek araları kısaltılmış, snack bar sürekli açıktı, şu an sürekli kapanıyor. Barlar kapandığı için snack barda yığılma oluyor. Sıra bekliyorsunuz. İşletmenin aşçıları değişmemiş, özellikle akşam yemeğinden sorumlu olan şefin geçen seneki performansını bildiğimizden dolayı mutfak malzeme sıkıntısı yaşıyor sanırım. Koca 5 yıldızlı otel.Müzikler eski hit yabancı şarkılar, Türkçe şarkılar ancak Bodrum’a gittik beraber, otel Bodrum’da diye. Yani sonrası Rus misafirlerine şov, eğlence anlayışı Türklere uymayan animasyon. Havuz başında oturup kafa dinlenmiyor, müzik inanılmaz yüksek. Sürekli snack bara gidip içecek almak zorunda kalıyoruz. Bu bir strateji sanırım.Oda hizmeti çok kötüydü. 3 gece kaldık. Zar zor havluları değiştirdik. 16.30’da mesaimiz bitti diye giderlerken rica minnetle havlu istedik. Resepsiyondan su istedik. Asla gelmedi, biz gidip aldık. Acaba yabancı uyruklu olsak bunlar yaşanır mıydı?1 gece kala yola çıktık otelden. Daha alabileceğimiz bir şey olduğunu düşünmediğimizden dolayı yeni sahipleri küçülmeye gitmiş tamamen.Havuz pis, kumlar var, süpürülmüyor, sadece klor atılıyor. Deniz zaten güzel ama çok bulanık, balık çiftliği varmış ileride, çakılların temizlenmesi gerekiyor. Çok fazla var ve çocuklar için uygun değil, çok derin. Havuz başındayken müziğin kısılmasını rica ettim ama umursamadı animasyoncu beyefendi.Umarım gitmeden okur, bir daha düşünürsünüz.",,,2391,317,25,4,,,,,False,False,False,False,False,False,False,False,False,2026-08-25 12:58:29.219502,2024-09-09 00:57:00,False,DAY_MONTH_YEAR_TIME,False,False,False,False,2024,9,2024-09,,,3345,,0,False,False,False,True,False,False,Green Bay Resort & Spa Bodrum,Güvercinlik,4.5,6843,,,,179.0,False,False,False,0,0,0,0,,,False,False,False
otel-yonetiminin-ayrimci-ve-uygunsuz-tutumu-aile-tatilimizi-mahvetti,https://www.sikayetvar.com/gumbet-anil-beach/otel-yonetiminin-ayrimci-ve-uygunsuz-tutumu-aile-tatilimizi-mahvetti,https://www.sikayetvar.com/gumbet-anil-beach/otel-yonetiminin-ayrimci-ve-uygunsuz-tutumu-aile-tatilimizi-mahvetti,BOD061,Gümbet Anıl Beach,Gümbet,Gümbet Anıl Beach,otel-yonetiminin-ayrimci-ve-uygunsuz-tutumu-aile-tatilimizi-mahvetti,https://www.sikayetvar.com/gumbet-anil-beach/otel-yonetiminin-ayrimci-ve-uygunsuz-tutumu-aile-tatilimizi-mahvetti,Otel Yönetiminin Ayrımcı Ve Uygunsuz Tutumu Aile Tatilimizi Mahvetti,"16-20 Temmuz 2025 tarihlerinde ailemle birlikte Bodrum Gümbet Anıl Beach Otel’de standart odada konakladık. Almanya’dan gelen oğlum ve kardeşimle aile olarak tatile gitmemize rağmen, daha otele girişte müdür tarafından yalnızca erkek misafir olduğumuz gerekçesiyle aşağılandık. 17 yaşındaki oğlumun, annesi yaşında misafirlerle sohbet etmesi bile otel işletmecisi G***** isimli, alkollü bir kişi tarafından uygunsuz şekilde azarlanmasına neden oldu. Bu olaydan sonradan haberimiz oldu ve çok üzüldük.
Sahilde otururken otelin tuvaletini kullanmak istediğimizde yine aynı işletmeci, alkol etkisindeyken bize bileklik kontrolü yaptı. Otelin konumu güzel olsa da, işletme tarzı ve yönetim şekli kesinlikle kabul edilemez. Ayrıca rezervasyonumuzu HolidayCheck üzerinden yapmamıza rağmen, otel tarafından rezervasyon tarihimizi değiştirmemiz istendi ve hiçbir belge sunulmadı; sadece telefonla iletişim kuruldu, fatura veya e-posta gönderilmedi. Biz tarihleri kabul etmeyince üç kişi bir gece aynı odada kalmak zorunda bırakıldık.
20 yıldır otellerde tatil yapıyorum, böyle bir durumla ilk kez karşılaşıyorum. Tatil boyunca huzurumuz kaçtı, özellikle de oğlumun özgüveni ciddi şekilde zarar gördü. Tüm bu yaşananlar için otel yönetiminden resmi bir özür, maddi tazminat ve sorumlu yetkililer hakkında işlem yapılmasını talep ediyorum. 1700 Euro kredi kartı ile ödeme yaptım ve karşılığında bu muameleyi kesinlikle hak etmedik.",,,,,,False,,,False,,,0,,,COMPLAINT_MATCHED,,Dedicated single-property source page,https://www.sikayetvar.com/gumbet-anil-beach,2026-08-25T12:58:29.219502+00:00,Otel Yönetiminin Ayrımcı Ve Uygunsuz Tutumu Aile Tatilimizi Mahvetti,"16-20 Temmuz 2025 tarihlerinde ailemle birlikte Bodrum Gümbet Anıl Beach Otel’de standart odada konakladık. Almanya’dan gelen oğlum ve kardeşimle aile olarak tatile gitmemize rağmen, daha otele girişte müdür tarafından yalnızca erkek misafir olduğumuz gerekçesiyle aşağılandık. 17 yaşındaki oğlumun, annesi yaşında misafirlerle sohbet etmesi bile otel işletmecisi G***** isimli, alkollü bir kişi tarafından uygunsuz şekilde azarlanmasına neden oldu. Bu olaydan sonradan haberimiz oldu ve çok üzüldük. Sahilde otururken otelin tuvaletini kullanmak istediğimizde yine aynı işletmeci, alkol etkisindeyken bize bileklik kontrolü yaptı. Otelin konumu güzel olsa da, işletme tarzı ve yönetim şekli kesinlikle kabul edilemez. Ayrıca rezervasyonumuzu HolidayCheck üzerinden yapmamıza rağmen, otel tarafından rezervasyon tarihimizi değiştirmemiz istendi ve hiçbir belge sunulmadı; sadece telefonla iletişim kuruldu, fatura veya e-posta gönderilmedi. Biz tarihleri kabul etmeyince üç kişi bir gece aynı odada kalmak zorunda bırakıldık. 20 yıldır otellerde tatil yapıyorum, böyle bir durumla ilk kez karşılaşıyorum. Tatil boyunca huzurumuz kaçtı, özellikle de oğlumun özgüveni ciddi şekilde zarar gördü. Tüm bu yaşananlar için otel yönetiminden resmi bir özür, maddi tazminat ve sorumlu yetkililer hakkında işlem yapılmasını talep ediyorum. 1700 Euro kredi kartı ile ödeme yaptım ve karşılığında bu muameleyi kesinlikle hak etmedik.",,,1421,186,68,9,,,,,False,False,False,False,False,False,False,False,False,2026-08-25 12:58:29.219502,,False,MISSING,True,True,False,False,,,,,,,,0,False,False,False,False,False,False,Gümbet Anıl Beach,Gümbet,4.3,1489,,,,150.0,False,False,False,0,0,0,0,,,False,False,False
gumbet-anil-beach-tarafindan-magdur-edildim,https://www.sikayetvar.com/gumbet-anil-beach/gumbet-anil-beach-tarafindan-magdur-edildim,https://www.sikayetvar.com/gumbet-anil-beach/gumbet-anil-beach-tarafindan-magdur-edildim,BOD061,Gümbet Anıl Beach,Gümbet,Gümbet Anıl Beach,gumbet-anil-beach-tarafindan-magdur-edildim,https://www.sikayetvar.com/gumbet-anil-beach/gumbet-anil-beach-tarafindan-magdur-edildim,Tarafından Mağdur Edildim!,"Eşim ile 5 gün 4 gece bir tatil satın aldık Anıl Otel'den ve tatilimizin son günü 12'de odayı boşaltmamız ama otobüs, uçak saatimize kadar otelin plaj, havuz, yemek vs. İmkanlarından faydalanabileceğimizi biliyorduk. Diğer tüm otellerde olduğu ve olması gerektiği gibi. Saat 11.30'da odamızı boşalttık resepsiyona anahtarı teslim etmek için gittik ve otobüs saatimizden dolayı 6'ya kadar otelde kalmamız gerektiğini güzel bir şekilde ifade ettik ama buna karşılık resepsiyondaki çalışan beyefendi odayı boşaltmış dahi olsak otelde saat 2'ye kadar kalabileceğimizi, en geç 2'de otelden çıkış yapmamız gerektiğini söyledi. Sanki biz otelin yemeğine kalmışız gibi öğle yemeği yiyecekseniz yiyin ama en geç 2'de çıkın dedi. Bu nasıl mantık ben orada yiyeceğim 1 tabak yemeğin derdinde değilim saat 6'da otobüsüm saatler öncesinden çıkıp bu sıcakta elimizde valizler çantalar nereyi gezip ne yapabiliriz. Bir kafeye vs. Gidip otursak 1-2 saat oturayım sonrasında ne yapacağım? O kadar otelde kaldım böyle bir şey görmedim insanlar otobüs ve uçak saatini nerede bekleyecekler? Hele ki çocuğu veya birden fazla çocuğu olan aileler o sıcakta ellerinde bebek çocuk çanta valiz vs. Otobüs, uçak saatine kadar nasıl dışarıda gezsinler. Mağdur etmekten başka bir şey değil yaptığınız. O kadar yerde tatil yaptım konakladım böyle bir şey ne yaşadım ne duydum. Belki resepsiyondaki arkadaş görevini yaptı ama o zaman otel yönetiminin bu durumu kaldırması lazım. Sonuçta insanlar uçak otobüs saatini bekliyor kovar gibi insanı şu saatte çıkmanız gerek demek kovmaktan beter etmek demek.",20 Temmuz 2025 23:50,998,,,,False,,,False,,,0,,,COMPLAINT_MATCHED,,Dedicated single-property source page,https://www.sikayetvar.com/gumbet-anil-beach,2026-08-25T12:58:29.219502+00:00,Tarafından Mağdur Edildim!,"Eşim ile 5 gün 4 gece bir tatil satın aldık Anıl Otel'den ve tatilimizin son günü 12'de odayı boşaltmamız ama otobüs, uçak saatimize kadar otelin plaj, havuz, yemek vs. İmkanlarından faydalanabileceğimizi biliyorduk. Diğer tüm otellerde olduğu ve olması gerektiği gibi. Saat 11.30'da odamızı boşalttık resepsiyona anahtarı teslim etmek için gittik ve otobüs saatimizden dolayı 6'ya kadar otelde kalmamız gerektiğini güzel bir şekilde ifade ettik ama buna karşılık resepsiyondaki çalışan beyefendi odayı boşaltmış dahi olsak otelde saat 2'ye kadar kalabileceğimizi, en geç 2'de otelden çıkış yapmamız gerektiğini söyledi. Sanki biz otelin yemeğine kalmışız gibi öğle yemeği yiyecekseniz yiyin ama en geç 2'de çıkın dedi. Bu nasıl mantık ben orada yiyeceğim 1 tabak yemeğin derdinde değilim saat 6'da otobüsüm saatler öncesinden çıkıp bu sıcakta elimizde valizler çantalar nereyi gezip ne yapabiliriz. Bir kafeye vs. Gidip otursak 1-2 saat oturayım sonrasında ne yapacağım? O kadar otelde kaldım böyle bir şey görmedim insanlar otobüs ve uçak saatini nerede bekleyecekler? Hele ki çocuğu veya birden fazla çocuğu olan aileler o sıcakta ellerinde bebek çocuk çanta valiz vs. Otobüs, uçak saatine kadar nasıl dışarıda gezsinler. Mağdur etmekten başka bir şey değil yaptığınız. O kadar yerde tatil yaptım konakladım böyle bir şey ne yaşadım ne duydum. Belki resepsiyondaki arkadaş görevini yaptı ama o zaman otel yönetiminin bu durumu kaldırması lazım. Sonuçta insanlar uçak otobüs saatini bekliyor kovar gibi insanı şu saatte çıkmanız gerek demek kovmaktan beter etmek demek.",,,1571,231,26,3,,,,,False,False,False,False,False,False,False,False,False,2026-08-25 12:58:29.219502,2025-07-20 23:50:00,False,DAY_MONTH_YEAR_TIME,False,False,False,False,2025,7,2025-07,,,998,,0,False,False,False,False,False,False,Gümbet Anıl Beach,Gümbet,4.3,1489,,,,150.0,False,False,False,0,0,0,0,,,False,False,False
irmak-boutique-hotel-saygisiz-ve-rencide-edici-davranis,https://www.sikayetvar.com/irmak-boutique-hotel/irmak-boutique-hotel-saygisiz-ve-rencide-edici-davranis,https://www.sikayetvar.com/irmak-boutique-hotel/irmak-boutique-hotel-saygisiz-ve-rencide-edici-davranis,BOD124,Irmak Boutique Hotel,Ortakent-Yahşi,Irmak Boutique Hotel,irmak-boutique-hotel-saygisiz-ve-rencide-edici-davranis,https://www.sikayetvar.com/irmak-boutique-hotel/irmak-boutique-hotel-saygisiz-ve-rencide-edici-davranis,Saygısız ve Rencide Edici Davranış,"24.07.2026 tarihinde saat 22:30–22:45 arasında Bodrum yahşi Mahallesi’nde bulunan ırmak boutique Hotel’in sahile bakan kısmındaki kokoreç ve tavuk döner bölümünde yaşadığım saygısız ve rencide edici davranışı belirtmek istiyorum. İşletmede oturup bekleyerek verdiğim ekmek arası siparişimi yemek üzereyken, kokoreç bölümünde duran yaklaşık 50’li yaşlarda, şapkalı personel siparişimi masama getirmek yerine “siparişini gel al” tarzında bir ifadeyle beni tezgaha çağırdı. Benden sonra gelen müşterinin siparişini ise masasına kadar götürdü.
Bu duruma sebebini sorduğumda, önündeki yemeği işaret ederek “bunun için mi yemeden bekledin” der gibi konuşup, yemeğimi önümden alarak “yeme o zaman, hadi” diyerek bana kapıyı gösterdi. Ben de 45 yaşında bir yetişkin olarak bu davranışın çok ayıp olduğunu, nasıl olur da önümden yemeğimi alıp “hadi” diyerek kapıyı gösterebildiğini söylediğimde üzerime yürümeye kalkıştı. O anda 112’yi arayıp şikayette bulunmak isterken, aynı dükkanın tavuk kısmında çalışan, yaklaşık 65 yaşlarındaki diğer usta yanıma gelip personel için “onun emniyette kaydı var, polisi arama” şeklinde sözlü talepte bulundu.
Daha sonra patronu geldiğinde, en azından yaptığı bu saygısızlıktan dolayı özür dilemesini talep ettiğim halde, ilgili personel bir esnafa yakışmayacak sözler söylemeye devam etti ve sokaktan geçen yüzlerce insanın önünde beni sözlü olarak rencide etti. Önümden yemeğimi alıp bana kapıyı gösteren, üzerime yürümeye çalışan ve kalabalık içinde beni küçük düşüren bu saygısız çalışandan şikayetçiyim.
Irmak boutique Hotel’in kokoreç–tavuk döner kısmını gören güvenlik kameralarının incelenmesini ve beni rencide eden bu kişi hakkında gerekli yaptırımın uygulanmasını talep ediyorum.",27 Temmuz 13:35,49,,Irmak Boutique Hotel,,False,,,False,,,1,25 Temmuz 09:10,İşletmenin belirgin görseli,COMPLAINT_MATCHED,,Dedicated single-property source page,https://www.sikayetvar.com/irmak-boutique-hotel,2026-08-25T12:58:29.219502+00:00,Saygısız ve Rencide Edici Davranış,"24.07.2026 tarihinde saat 22:30–22:45 arasında Bodrum yahşi Mahallesi’nde bulunan ırmak boutique Hotel’in sahile bakan kısmındaki kokoreç ve tavuk döner bölümünde yaşadığım saygısız ve rencide edici davranışı belirtmek istiyorum. İşletmede oturup bekleyerek verdiğim ekmek arası siparişimi yemek üzereyken, kokoreç bölümünde duran yaklaşık 50’li yaşlarda, şapkalı personel siparişimi masama getirmek yerine “siparişini gel al” tarzında bir ifadeyle beni tezgaha çağırdı. Benden sonra gelen müşterinin siparişini ise masasına kadar götürdü. Bu duruma sebebini sorduğumda, önündeki yemeği işaret ederek “bunun için mi yemeden bekledin” der gibi konuşup, yemeğimi önümden alarak “yeme o zaman, hadi” diyerek bana kapıyı gösterdi. Ben de 45 yaşında bir yetişkin olarak bu davranışın çok ayıp olduğunu, nasıl olur da önümden yemeğimi alıp “hadi” diyerek kapıyı gösterebildiğini söylediğimde üzerime yürümeye kalkıştı. O anda 112’yi arayıp şikayette bulunmak isterken, aynı dükkanın tavuk kısmında çalışan, yaklaşık 65 yaşlarındaki diğer usta yanıma gelip personel için “onun emniyette kaydı var, polisi arama” şeklinde sözlü talepte bulundu. Daha sonra patronu geldiğinde, en azından yaptığı bu saygısızlıktan dolayı özür dilemesini talep ettiğim halde, ilgili personel bir esnafa yakışmayacak sözler söylemeye devam etti ve sokaktan geçen yüzlerce insanın önünde beni sözlü olarak rencide etti. Önümden yemeğimi alıp bana kapıyı gösteren, üzerime yürümeye çalışan ve kalabalık içinde beni küçük düşüren bu saygısız çalışandan şikayetçiyim. Irmak boutique Hotel’in kokoreç–tavuk döner kısmını gören güvenlik kameralarının incelenmesini ve beni rencide eden bu kişi hakkında gerekli yaptırımın uygulanmasını talep ediyorum.",,,1717,227,34,5,,,,,False,False,False,False,False,False,False,False,False,2026-08-25 12:58:29.219502,2026-07-27 13:35:00,True,DAY_MONTH_TIME_NO_YEAR,False,False,True,False,2026,7,2026-07,,,49,,1,False,False,False,True,False,False,Irmak Boutique Hotel,Ortakent-Yahşi,4.6,262,,,,,False,False,False,1,0,1,0,2026-07-25 09:10:00,2026-07-25 09:10:00,False,False,False
kadikale-resort-otelinde-gurultulu-oda-ve-su-aritma-tesisinin-ustunde-konaklama,https://www.sikayetvar.com/kadikale-resort/kadikale-resort-otelinde-gurultulu-oda-ve-su-aritma-tesisinin-ustunde-konaklama,https://www.sikayetvar.com/kadikale-resort/kadikale-resort-otelinde-gurultulu-oda-ve-su-aritma-tesisinin-ustunde-konaklama,BOD113,Kadıkale Resort,Kadıkalesi,Kadıkale Resort,kadikale-resort-otelinde-gurultulu-oda-ve-su-aritma-tesisinin-ustunde-konaklama,https://www.sikayetvar.com/kadikale-resort/kadikale-resort-otelinde-gurultulu-oda-ve-su-aritma-tesisinin-ustunde-konaklama,Otelinde Gürültülü Oda Ve Su Arıtma Tesisinin Üstünde Konaklama,"Etstur üzerinden Kadikale Resort Otel’e 13 Temmuz’dan itibaren 3 gece konaklamalı bir ekonomik oda satın aldım. Ancak otele giriş yaptığımızda bize verilen odanın su arıtma tesisinin hemen üstünde olduğunu, altımızda sürekli çalışan motor nedeniyle odanın içinde dayanılmaz bir gürültü olduğunu gördük. Çok üzüldüm. Bir daha asla tercih etmeyeceğim.",Sabri'nin Teşekkür Mesajı “ Etstur sorunumu çözdü ”,,,,,False,,,False,,,1,14 Temmuz 12:27,Etstur sorunumu çözdü,COMPLAINT_MATCHED,,Dedicated single-property source page,https://www.sikayetvar.com/kadikale-resort,2026-08-25T12:58:29.219502+00:00,Otelinde Gürültülü Oda Ve Su Arıtma Tesisinin Üstünde Konaklama,"Etstur üzerinden Kadikale Resort Otel’e 13 Temmuz’dan itibaren 3 gece konaklamalı bir ekonomik oda satın aldım. Ancak otele giriş yaptığımızda bize verilen odanın su arıtma tesisinin hemen üstünde olduğunu, altımızda sürekli çalışan motor nedeniyle odanın içinde dayanılmaz bir gürültü olduğunu gördük. Çok üzüldüm. Bir daha asla tercih etmeyeceğim.",,,349,48,63,9,,,,,False,False,False,False,False,False,False,False,False,2026-08-25 12:58:29.219502,,False,UNRECOGNIZED,True,True,False,False,,,,,,,,1,False,False,False,False,False,False,Kadıkale Resort,Kadıkalesi,4.0,2121,5.0,197.0,406.0,,False,False,False,1,0,1,0,2026-07-14 12:27:00,2026-07-14 12:27:00,False,False,False
kadikale-resort-otelinde-all-inclusive-eksikligi-ve-bocek-sorunu,https://www.sikayetvar.com/kadikale-resort/kadikale-resort-otelinde-all-inclusive-eksikligi-ve-bocek-sorunu,https://www.sikayetvar.com/kadikale-resort/kadikale-resort-otelinde-all-inclusive-eksikligi-ve-bocek-sorunu,BOD113,Kadıkale Resort,Kadıkalesi,Kadıkale Resort,kadikale-resort-otelinde-all-inclusive-eksikligi-ve-bocek-sorunu,https://www.sikayetvar.com/kadikale-resort/kadikale-resort-otelinde-all-inclusive-eksikligi-ve-bocek-sorunu,Otelinde All Inclusive Eksikliği Ve Böcek Sorunu,"27–30 Mayıs tarihleri arasında iki yetişkin iki çocuk olarak Kadıkale Resort otelinde ETS Tur üzerinden yaptığımız ve yaklaşık 32 bin tl ödediğimiz konaklamadan maalesef hiç memnun kalmadık.
Her şey dahil konseptli bir otele gitmemize rağmen dondurmayı bile kişi başı iki adetten fazla alamadık, bu konuda otel sahibinin çalışanlara kızdığına dair konuşmalar duyduk ve bu durum bizi rahatsız etti. Otelin genelinde ciddi sinek ve böcek sorunu vardı. Animasyon ekibi son derece yetersizdi, eğlence ve aktivite anlamında beklentimizi hiç karşılamadı.
Yemekler güzeldi ancak onun dışındaki neredeyse her şey sorunluydu. Denizin olduğu bölüm kayalık olduğu için yüzerken ayağımı yaraladım. Ayrıca otele gelen misafir profilinin de seviyesiz ve rahatsız edici olduğunu düşündüğümüz için tatilden keyif alamadık, ortam bizi tatilden soğuttu.
Tüm bu yaşadıklarımızı otel görevlileriyle paylaştığımızda ise bize katılmadıklarını söylediler ve sorunlarımızı ciddiye almadılar. Ödediğimiz ücrete ve seçtiğimiz konsepte rağmen bu koşullarla karşılaşmak bizi hayal kırıklığına uğrattı ve bir daha bu otelin yanından bile geçmeyi düşünmüyoruz.
Yaşadığım bu olumsuz deneyimin hem otel hem de ETS Tur tarafından dikkate alınmasını ve benzer mağduriyetlerin tekrar yaşanmaması için gerekli iyileştirmelerin yapılmasını bekliyorum.",2 Haziran 22:45,66,,,,False,,,False,,,0,,,COMPLAINT_MATCHED,,Dedicated single-property source page,https://www.sikayetvar.com/kadikale-resort,2026-08-25T12:58:29.219502+00:00,Otelinde All Inclusive Eksikliği Ve Böcek Sorunu,"27–30 Mayıs tarihleri arasında iki yetişkin iki çocuk olarak Kadıkale Resort otelinde ETS Tur üzerinden yaptığımız ve yaklaşık 32 bin tl ödediğimiz konaklamadan maalesef hiç memnun kalmadık. Her şey dahil konseptli bir otele gitmemize rağmen dondurmayı bile kişi başı iki adetten fazla alamadık, bu konuda otel sahibinin çalışanlara kızdığına dair konuşmalar duyduk ve bu durum bizi rahatsız etti. Otelin genelinde ciddi sinek ve böcek sorunu vardı. Animasyon ekibi son derece yetersizdi, eğlence ve aktivite anlamında beklentimizi hiç karşılamadı. Yemekler güzeldi ancak onun dışındaki neredeyse her şey sorunluydu. Denizin olduğu bölüm kayalık olduğu için yüzerken ayağımı yaraladım. Ayrıca otele gelen misafir profilinin de seviyesiz ve rahatsız edici olduğunu düşündüğümüz için tatilden keyif alamadık, ortam bizi tatilden soğuttu. Tüm bu yaşadıklarımızı otel görevlileriyle paylaştığımızda ise bize katılmadıklarını söylediler ve sorunlarımızı ciddiye almadılar. Ödediğimiz ücrete ve seçtiğimiz konsepte rağmen bu koşullarla karşılaşmak bizi hayal kırıklığına uğrattı ve bir daha bu otelin yanından bile geçmeyi düşünmüyoruz. Yaşadığım bu olumsuz deneyimin hem otel hem de ETS Tur tarafından dikkate alınmasını ve benzer mağduriyetlerin tekrar yaşanmaması için gerekli iyileştirmelerin yapılmasını bekliyorum.",,,1314,175,48,7,,,,,False,False,False,False,False,False,False,False,False,2026-08-25 12:58:29.219502,2026-06-02 22:45:00,True,DAY_MONTH_TIME_NO_YEAR,False,False,True,False,2026,6,2026-06,,,66,,0,False,False,False,False,False,False,Kadıkale Resort,Kadıkalesi,4.0,2121,5.0,197.0,406.0,,False,False,False,0,0,0,0,,,False,False,False
kadikale-resort-otel-camasirhanesinde-surekli-hijyen-ve-etik-sorunlari,https://www.sikayetvar.com/kadikale-resort/kadikale-resort-otel-camasirhanesinde-surekli-hijyen-ve-etik-sorunlari,https://www.sikayetvar.com/kadikale-resort/kadikale-resort-otel-camasirhanesinde-surekli-hijyen-ve-etik-sorunlari,BOD113,Kadıkale Resort,Kadıkalesi,Kadıkale Resort,kadikale-resort-otel-camasirhanesinde-surekli-hijyen-ve-etik-sorunlari,https://www.sikayetvar.com/kadikale-resort/kadikale-resort-otel-camasirhanesinde-surekli-hijyen-ve-etik-sorunlari,Otel Çamaşırhanesinde Sürekli Hijyen Ve Etik Sorunları,"Eylül 2025’e kadar Kadıkale Resort Otel’de çamaşırhane personeli olarak iki yaz sezonu boyunca çalıştım. Bu süreçte, çamaşırhanede hem hijyen hem de çalışan davranışları açısından ciddi ve sürekli sorunlara şahit oldum. Özellikle plaj ve SPA havluları çoğu zaman yıkanmadan, yalnızca kurutma makinesinde kurutulup parfüm sıkılarak tekrar kullanıma sunuluyordu. İşlerin yoğun olduğu dönemlerde ise yüz ve banyo havluları, çarşaflar ve pikeler yetersiz şekilde, sadece soğuk suyla durulanıp müşterilere gönderiliyordu. Kirli çamaşırların konulduğu arabalara temiz çamaşırlar yerleştiriliyor, katlama sırasında pikeler ve çarşaflar yere, ayakkabıyla basılan yerlere temas ediyordu. Ütüleme esnasında da çarşaflar temiz olmayan yüzeylere değiyordu. Ayrıca bazı çalışanlar, yıkanmış ve müşteriye verilecek havlularla terlerini silip bu şekilde katlayarak teslim ediyordu.
Bu sorunlar sadece yoğun dönemlerde değil, çalıştığım tüm süre boyunca devam etti. Çamaşırhanede hijyen kurallarına kesinlikle uyulmuyor ve bu durumdan çamaşırhane şefi S. T. tamamen haberdar olmasına rağmen hiçbir önlem almıyor, müdahale etmiyordu. Ayrıca çamaşırhaneye üniforma almaya gelen kadınlar hakkında uygunsuz ve rahatsız edici konuşmalar yapılıyor, kamera sistemi kullanılarak kadınlar izleniyordu. Şef S. T. ve oğlu, mesai saatleri içinde korsan taşımacılık yapıyor ve uygunsuz davranışlarda bulunuyordu. S. T.’nin çalışanlara ve çevresine karşı ileri derecede rahatsız edici söz ve davranışları oluyordu. Çamaşırhanede genellikle deneyimsiz, genç ve eğitimsiz kişiler çalıştırılıyor, işlerin büyük bir bölümü bu kişilere yaptırılıyordu.
Bu hijyen ve etik sorunları yalnızca benim gözlemimle sınırlı değil; oteldeki HK departmanından da çamaşırların pis koktuğuna dair şikayetler gelmişti. Ancak biz çalışanların üst yönetimle doğrudan iletişim kurması yasaktı. Bu nedenle sorunlar sürekli olarak devam etti ve herhangi bir iyileştirme yapılmadı.
Elimde bu yaşananları kanıtlayan videolar da mevcut. Tüm bu nedenlerle, Kadıkale Resort Otel yönetiminin acilen çamaşırhanede kapsamlı bir denetim yapmasını, hijyen ve çalışan davranışlarıyla ilgili gerekli tüm önlemleri almasını talep ediyorum. Otelin ve misafirlerin sağlığı açısından bu sorunların acilen giderilmesi gerekmektedir.",12 Eylül 2025 23:18,390,,,,False,,,False,,,1,16 Eylül 2025 13:53,"Eylül 2025’e kadar Kadıkale Resort Otel’de çamaşırhane personeli olarak iki yaz sezonu boyunca çalıştım. Bu süreçte, çamaşırhanede hem hijyen hem de çalışan davranışları açısından ciddi ve sürekli sorunlara şahit oldum. Özellikle plaj ve SPA havluları çoğu zaman yıkanmadan, yalnızca kurutma makinesinde kurutulup parfüm sıkılarak tekrar kullanıma sunuluyordu. İşlerin yoğun olduğu dönemlerde ise yüz ve banyo havluları, çarşaflar ve pikeler yetersiz şekilde, sadece soğuk suyla durulanıp müşterilere gönderiliyordu. Kirli çamaşırların konulduğu arabalara temiz çamaşırlar yerleştiriliyor, katlama sırasında pikeler ve çarşaflar yere, ayakkabıyla basılan yerlere temas ediyordu. Ütüleme esnasında da çarşaflar temiz olmayan yüzeylere değiyordu. Ayrıca bazı çalışanlar, yıkanmış ve müşteriye verilecek havlularla terlerini silip bu şekilde katlayarak teslim ediyordu. Bu sorunlar sadece yoğun dönemlerde değil, çalıştığım tüm süre boyunca devam etti. Çamaşırhanede hijyen kurallarına kesinlikle uyulmuyor ve bu durumdan çamaşırhane şefi s. T. Tamamen haberdar olmasına rağmen hiçbir önlem almıyor, müdahale etmiyordu. Ayrıca çamaşırhaneye üniforma almaya gelen kadınlar hakkında uygunsuz ve rahatsız edici konuşmalar yapılıyor, kamera sistemi kullanılarak kadınlar izleniyordu. Şef s. T. Ve oğlu, mesai saatleri içinde korsan taşımacılık yapıyor ve uygunsuz davranışlarda bulunuyordu. S*** t***.’nin çalışanlara ve çevresine karşı ileri derecede rahatsız edici söz ve davranışları oluyordu. Çamaşırhanede genellikle deneyimsiz, genç ve eğitimsiz kişiler çalıştırılıyor, işlerin büyük bir bölümü bu kişilere yaptırılıyordu. Bu hijyen ve etik sorunları yalnızca benim gözlemimle sınırlı değil; oteldeki hk departmanından da çamaşırların pis koktuğuna dair şikayetler gelmişti. Ancak biz çalışanların üst yönetimle doğrudan iletişim kurması yasaktı. Bu nedenle sorunlar sürekli olarak devam etti ve herhangi bir iyileştirme yapılmadı. Elimde bu yaşananları kanıtlayan videolar da mevcut. Tüm bu nedenlerle, Kadıkale Resort Otel yönetiminin acilen çamaşırhanede kapsamlı bir denetim yapmasını, hijyen ve çalışan davranışlarıyla ilgili gerekli tüm önlemleri almasını talep ediyorum. Otelin ve misafirlerin sağlığı açısından bu sorunların acilen giderilmesi gerekmektedir.",COMPLAINT_MATCHED,,Dedicated single-property source page,https://www.sikayetvar.com/kadikale-resort,2026-08-25T12:58:29.219502+00:00,Otel Çamaşırhanesinde Sürekli Hijyen Ve Etik Sorunları,"Eylül 2025’e kadar Kadıkale Resort Otel’de çamaşırhane personeli olarak iki yaz sezonu boyunca çalıştım. Bu süreçte, çamaşırhanede hem hijyen hem de çalışan davranışları açısından ciddi ve sürekli sorunlara şahit oldum. Özellikle plaj ve SPA havluları çoğu zaman yıkanmadan, yalnızca kurutma makinesinde kurutulup parfüm sıkılarak tekrar kullanıma sunuluyordu. İşlerin yoğun olduğu dönemlerde ise yüz ve banyo havluları, çarşaflar ve pikeler yetersiz şekilde, sadece soğuk suyla durulanıp müşterilere gönderiliyordu. Kirli çamaşırların konulduğu arabalara temiz çamaşırlar yerleştiriliyor, katlama sırasında pikeler ve çarşaflar yere, ayakkabıyla basılan yerlere temas ediyordu. Ütüleme esnasında da çarşaflar temiz olmayan yüzeylere değiyordu. Ayrıca bazı çalışanlar, yıkanmış ve müşteriye verilecek havlularla terlerini silip bu şekilde katlayarak teslim ediyordu. Bu sorunlar sadece yoğun dönemlerde değil, çalıştığım tüm süre boyunca devam etti. Çamaşırhanede hijyen kurallarına kesinlikle uyulmuyor ve bu durumdan çamaşırhane şefi S. T. tamamen haberdar olmasına rağmen hiçbir önlem almıyor, müdahale etmiyordu. Ayrıca çamaşırhaneye üniforma almaya gelen kadınlar hakkında uygunsuz ve rahatsız edici konuşmalar yapılıyor, kamera sistemi kullanılarak kadınlar izleniyordu. Şef S. T. ve oğlu, mesai saatleri içinde korsan taşımacılık yapıyor ve uygunsuz davranışlarda bulunuyordu. S. T.’nin çalışanlara ve çevresine karşı ileri derecede rahatsız edici söz ve davranışları oluyordu. Çamaşırhanede genellikle deneyimsiz, genç ve eğitimsiz kişiler çalıştırılıyor, işlerin büyük bir bölümü bu kişilere yaptırılıyordu. Bu hijyen ve etik sorunları yalnızca benim gözlemimle sınırlı değil; oteldeki HK departmanından da çamaşırların pis koktuğuna dair şikayetler gelmişti. Ancak biz çalışanların üst yönetimle doğrudan iletişim kurması yasaktı. Bu nedenle sorunlar sürekli olarak devam etti ve herhangi bir iyileştirme yapılmadı. Elimde bu yaşananları kanıtlayan videolar da mevcut. Tüm bu nedenlerle, Kadıkale Resort Otel yönetiminin acilen çamaşırhanede kapsamlı bir denetim yapmasını, hijyen ve çalışan davranışlarıyla ilgili gerekli tüm önlemleri almasını talep ediyorum. Otelin ve misafirlerin sağlığı açısından bu sorunların acilen giderilmesi gerekmektedir.",,,2260,285,54,7,,,,,False,False,False,False,False,False,False,False,False,2026-08-25 12:58:29.219502,2025-09-12 23:18:00,False,DAY_MONTH_YEAR_TIME,False,False,False,False,2025,9,2025-09,,,390,,1,False,False,False,False,False,False,Kadıkale Resort,Kadıkalesi,4.0,2121,5.0,197.0,406.0,,False,False,False,1,0,1,0,2025-09-16 13:53:00,2025-09-16 13:53:00,False,False,False
kadikale-resortta-hijyen-hizmet-ve-organizasyon-eksikligi-nedeniyle-memnuniyetsizlik,https://www.sikayetvar.com/kadikale-resort/kadikale-resortta-hijyen-hizmet-ve-organizasyon-eksikligi-nedeniyle-memnuniyetsizlik,https://www.sikayetvar.com/kadikale-resort/kadikale-resortta-hijyen-hizmet-ve-organizasyon-eksikligi-nedeniyle-memnuniyetsizlik,BOD113,Kadıkale Resort,Kadıkalesi,Kadıkale Resort,kadikale-resortta-hijyen-hizmet-ve-organizasyon-eksikligi-nedeniyle-memnuniyetsizlik,https://www.sikayetvar.com/kadikale-resort/kadikale-resortta-hijyen-hizmet-ve-organizasyon-eksikligi-nedeniyle-memnuniyetsizlik,"’ta Hijyen, Hizmet Ve Organizasyon Eksikliği Nedeniyle Memnuniyetsizlik","21-25 Ağustos tarihleri arasında Kadıkale Resort’ta standart odada konakladık (oda no: 316). Otelde geçirdiğimiz süre boyunca ne hijyen ne de hizmet açısından memnun kaldık. Oda temizliği ve deniz dışında otelde iyi işleyen neredeyse hiçbir şey yoktu. Çalışanlar hizmet sektöründe tecrübesizdi ve genel olarak ciddi bir organizasyon eksikliği vardı. Dış alanlarda priz olmaması, önemli işlerimiz için bar taburesinde saatlerce oturmak zorunda kalmamıza neden oldu. Taleplerimize otel yönetimi duyarsız kaldı; sadece nargile yapan arkadaşlar yardımcı oldu.
Balkonlu oda beklentimiz karşılanmadı; iki kişi aynı anda balkona sığamıyorduk. İçecekler vasat altıydı ve çoğu şuruplu içeceklerden oluşuyordu. Ayrıca, otelde sürekli talep ettiğimiz şeyler tükeniyordu ve yemeklerin lezzeti de beklentimizin çok altındaydı. Personel ilgisizdi ve yaşadığımız sorunlarla ilgili otel yönetimine ilettiğimiz şikayetlerimize çözüm odaklı yaklaşılmadı. Tüm bu olumsuzluklara rağmen toplamda 45.500 TL ödeme yaptık ve konaklama süremiz boyunca sorunlar sürekli devam etti.
Yaşadığımız memnuniyetsizlik nedeniyle kısmi ücret iadesi talep ediyorum.",25 Ağustos 2025 12:34,429,,,,False,,,False,,,0,,,COMPLAINT_MATCHED,,Dedicated single-property source page,https://www.sikayetvar.com/kadikale-resort,2026-08-25T12:58:29.219502+00:00,"’ta Hijyen, Hizmet Ve Organizasyon Eksikliği Nedeniyle Memnuniyetsizlik","21-25 Ağustos tarihleri arasında Kadıkale Resort’ta standart odada konakladık (oda no: 316). Otelde geçirdiğimiz süre boyunca ne hijyen ne de hizmet açısından memnun kaldık. Oda temizliği ve deniz dışında otelde iyi işleyen neredeyse hiçbir şey yoktu. Çalışanlar hizmet sektöründe tecrübesizdi ve genel olarak ciddi bir organizasyon eksikliği vardı. Dış alanlarda priz olmaması, önemli işlerimiz için bar taburesinde saatlerce oturmak zorunda kalmamıza neden oldu. Taleplerimize otel yönetimi duyarsız kaldı; sadece nargile yapan arkadaşlar yardımcı oldu. Balkonlu oda beklentimiz karşılanmadı; iki kişi aynı anda balkona sığamıyorduk. İçecekler vasat altıydı ve çoğu şuruplu içeceklerden oluşuyordu. Ayrıca, otelde sürekli talep ettiğimiz şeyler tükeniyordu ve yemeklerin lezzeti de beklentimizin çok altındaydı. Personel ilgisizdi ve yaşadığımız sorunlarla ilgili otel yönetimine ilettiğimiz şikayetlerimize çözüm odaklı yaklaşılmadı. Tüm bu olumsuzluklara rağmen toplamda 45.500 TL ödeme yaptık ve konaklama süremiz boyunca sorunlar sürekli devam etti. Yaşadığımız memnuniyetsizlik nedeniyle kısmi ücret iadesi talep ediyorum.",,,1129,144,71,8,,,,,False,False,False,False,False,False,False,False,False,2026-08-25 12:58:29.219502,2025-08-25 12:34:00,False,DAY_MONTH_YEAR_TIME,False,False,False,False,2025,8,2025-08,,,429,,0,False,False,False,False,False,False,Kadıkale Resort,Kadıkalesi,4.0,2121,5.0,197.0,406.0,,False,False,False,0,0,0,0,,,False,False,False
cikis-gunu-tesis-kullaniminda-ayrimcilik-ve-iletisim-sorunu,https://www.sikayetvar.com/kadikale-resort/cikis-gunu-tesis-kullaniminda-ayrimcilik-ve-iletisim-sorunu,https://www.sikayetvar.com/kadikale-resort/cikis-gunu-tesis-kullaniminda-ayrimcilik-ve-iletisim-sorunu,BOD113,Kadıkale Resort,Kadıkalesi,Kadıkale Resort,cikis-gunu-tesis-kullaniminda-ayrimcilik-ve-iletisim-sorunu,https://www.sikayetvar.com/kadikale-resort/cikis-gunu-tesis-kullaniminda-ayrimcilik-ve-iletisim-sorunu,Çıkış Günü Tesis Kullanımında Ayrımcılık Ve İletişim Sorunu,"25.08.2025 tarihinde Kadıkale Resort Otel’de konaklamamızın çıkış günü, saat 11:25’te tesis kullanımıyla ilgili bir sorun yaşadık. Oda numaramız 311’di ve otelde ilk kez konaklıyorduk. Normalde birçok otelde check-out günü tesislerin belirli bir süre daha kullanılmasına izin verilirken, otel yetkilileri transferimiz olmadığı gerekçesiyle derhal çıkış yapmamız gerektiğini belirttiler. Konuyla ilgili resepsiyondaki müdürle görüştüğümüzde, konuşma şekli ve hitabeti de oldukça rahatsız ediciydi ve bir özür beklerdik. Ayrıca, yabancı misafirlere gösterilen ilgi ve yaklaşımın yerli turistlere gösterilmemesi de bizi ayrıca üzdü. Bu konuda otel yönetiminden açıklama ve özür bekliyorum.",25 Ağustos 2025 12:00,388,,,,True,25 Ağustos 2025 12:22,"Merhabalar

tüm otellede giriş ve çıkış saati uygulaması yapılmaktdır

gırıs 14:00 çıkış 12:00 dır

munferıt bir üslup yanlısıgı yaşanmış ise özür dileriz

saygılarımla",False,,,1,25 Ağustos 2025 12:38,Merhaba transferi olan müşterilerle diğer müşfiklerin farkı nedir açıklama yapabilir misiniz,COMPLAINT_MATCHED,,Dedicated single-property source page,https://www.sikayetvar.com/kadikale-resort,2026-08-25T12:58:29.219502+00:00,Çıkış Günü Tesis Kullanımında Ayrımcılık Ve İletişim Sorunu,"25.08.2025 tarihinde Kadıkale Resort Otel’de konaklamamızın çıkış günü, saat 11:25’te tesis kullanımıyla ilgili bir sorun yaşadık. Oda numaramız 311’di ve otelde ilk kez konaklıyorduk. Normalde birçok otelde check-out günü tesislerin belirli bir süre daha kullanılmasına izin verilirken, otel yetkilileri transferimiz olmadığı gerekçesiyle derhal çıkış yapmamız gerektiğini belirttiler. Konuyla ilgili resepsiyondaki müdürle görüştüğümüzde, konuşma şekli ve hitabeti de oldukça rahatsız ediciydi ve bir özür beklerdik. Ayrıca, yabancı misafirlere gösterilen ilgi ve yaklaşımın yerli turistlere gösterilmemesi de bizi ayrıca üzdü. Bu konuda otel yönetiminden açıklama ve özür bekliyorum.",Merhabalar tüm otellede giriş ve çıkış saati uygulaması yapılmaktdır gırıs 14:00 çıkış 12:00 dır munferıt bir üslup yanlısıgı yaşanmış ise özür dileriz saygılarımla,,686,86,59,8,164,23,,,False,False,False,False,False,False,False,False,False,2026-08-25 12:58:29.219502,2025-08-25 12:00:00,False,DAY_MONTH_YEAR_TIME,False,False,False,False,2025,8,2025-08,2025-08-25 12:22:00,,388,,1,False,True,False,True,False,False,Kadıkale Resort,Kadıkalesi,4.0,2121,5.0,197.0,406.0,,False,False,False,2,1,1,0,2025-08-25 12:22:00,2025-08-25 12:38:00,True,False,False
kadikale-resort-otelinde-beklentilerin-altinda-bir-deneyim,https://www.sikayetvar.com/kadikale-resort/kadikale-resort-otelinde-beklentilerin-altinda-bir-deneyim,https://www.sikayetvar.com/kadikale-resort/kadikale-resort-otelinde-beklentilerin-altinda-bir-deneyim,BOD113,Kadıkale Resort,Kadıkalesi,Kadıkale Resort,kadikale-resort-otelinde-beklentilerin-altinda-bir-deneyim,https://www.sikayetvar.com/kadikale-resort/kadikale-resort-otelinde-beklentilerin-altinda-bir-deneyim,Otelinde Beklentilerin Altında Bir Deneyim,"Kadıkale Resort otele 05-08 Haziran arasında gittim. Ve inanın, gittiğim ultra her şey dahil otellerin içinde en kötü olanıydı. Otel 5 yıldızlı olarak geçiyor ama neden 5 yıldız aldığını hiç anlamadım. Konseptte hiçbir şey yok. Banyoda şampuan, duş bonesi ve el sabunu hariç hiçbir şey yok. Oysaki önceden arayıp sorduğumda tüm buklet ürünlerin olduğu söylenmişti. Yemeklerin, özellikle de zeytinyağlıların tadı bir tuhaf. Söylediğimde 'hakiki zeytinyağı kullanıyoruz, ondandır' dediler. Zaten çeşit yok ve lezzetli değiller. Çerez yok, cips yok, enerji içeceği bile yok. Pastanede ise ürün neredeyse yok gibi. Plaj ve havuzdaki şezlonglara insanlar havlularını atıp bırakmışlar. Saysanız orada o kadar insan yok. 10-11 arası geç kahvaltı diyorlar, gidiyorsunuz bir şey kalmamış. Bu saatler arasında geç kahvaltı varmış ama menü daralıyormuş. Böyle bir şeyi ilk defa duydum. Bunun bilgisi en başta verilmeli. Manzarası ve masajı harika, oraya sadece masaj için gidebilirim ama ona da gerek kalmadı çünkü bana masaj yapan bayan da oradan ayrılıyormuş. Zaten onlar da karnımı doyurmuyor. Odalarda sivrisinek var. Ayrıca çarşaflarda bilmediğim küçük böcek, sinek arası bir şey geziyor. Klima gerçekten çok ses yapıyor. Ucuza tatil yapacağız diye seçmeyin, gerçekten paranızla rezil olursunuz. Birazcık kendinizi ya da yanınızdakileri seviyorsanız bir tık pahalı yere gidin, hiç değilse iyi eğlenirsiniz.",8 Haziran 2025 13:07,1.847,,,,True,8 Haziran 2025 13:18,"Merhabalar
 tesis taahhüt ettiği tüm hizmetleri yerine getirmiştir geç kahvaltı tüm otellede aynı şekildedir menü daralır buklet malzemeleri sürdürülebilir turizn kapsamında kaldırılmış olup sabit sabuluk ve şampuan olarak kullanılması talimatı tesisilere gelmiştir. Otelimiz fiyat performans oteli olup alınan ücretin fazlası hizmet vermektedir",False,,,0,,,COMPLAINT_MATCHED,,Dedicated single-property source page,https://www.sikayetvar.com/kadikale-resort,2026-08-25T12:58:29.219502+00:00,Otelinde Beklentilerin Altında Bir Deneyim,"Kadıkale Resort otele 05-08 Haziran arasında gittim. Ve inanın, gittiğim ultra her şey dahil otellerin içinde en kötü olanıydı. Otel 5 yıldızlı olarak geçiyor ama neden 5 yıldız aldığını hiç anlamadım. Konseptte hiçbir şey yok. Banyoda şampuan, duş bonesi ve el sabunu hariç hiçbir şey yok. Oysaki önceden arayıp sorduğumda tüm buklet ürünlerin olduğu söylenmişti. Yemeklerin, özellikle de zeytinyağlıların tadı bir tuhaf. Söylediğimde 'hakiki zeytinyağı kullanıyoruz, ondandır' dediler. Zaten çeşit yok ve lezzetli değiller. Çerez yok, cips yok, enerji içeceği bile yok. Pastanede ise ürün neredeyse yok gibi. Plaj ve havuzdaki şezlonglara insanlar havlularını atıp bırakmışlar. Saysanız orada o kadar insan yok. 10-11 arası geç kahvaltı diyorlar, gidiyorsunuz bir şey kalmamış. Bu saatler arasında geç kahvaltı varmış ama menü daralıyormuş. Böyle bir şeyi ilk defa duydum. Bunun bilgisi en başta verilmeli. Manzarası ve masajı harika, oraya sadece masaj için gidebilirim ama ona da gerek kalmadı çünkü bana masaj yapan bayan da oradan ayrılıyormuş. Zaten onlar da karnımı doyurmuyor. Odalarda sivrisinek var. Ayrıca çarşaflarda bilmediğim küçük böcek, sinek arası bir şey geziyor. Klima gerçekten çok ses yapıyor. Ucuza tatil yapacağız diye seçmeyin, gerçekten paranızla rezil olursunuz. Birazcık kendinizi ya da yanınızdakileri seviyorsanız bir tık pahalı yere gidin, hiç değilse iyi eğlenirsiniz.",Merhabalar tesis taahhüt ettiği tüm hizmetleri yerine getirmiştir geç kahvaltı tüm otellede aynı şekildedir menü daralır buklet malzemeleri sürdürülebilir turizn kapsamında kaldırılmış olup sabit sabuluk ve şampuan olarak kullanılması talimatı tesisilere gelmiştir. Otelimiz fiyat performans oteli olup alınan ücretin fazlası hizmet vermektedir,,1400,200,42,5,344,42,,,False,False,False,False,False,False,False,False,False,2026-08-25 12:58:29.219502,2025-06-08 13:07:00,False,DAY_MONTH_YEAR_TIME,False,False,False,False,2025,6,2025-06,2025-06-08 13:18:00,,1847,,0,False,True,False,False,False,False,Kadıkale Resort,Kadıkalesi,4.0,2121,5.0,197.0,406.0,,False,False,False,1,1,0,0,2025-06-08 13:18:00,2025-06-08 13:18:00,True,False,False
kadikale-resort-hotelde-hayal-kirikligi-yasadik,https://www.sikayetvar.com/kadikale-resort/kadikale-resort-hotelde-hayal-kirikligi-yasadik,https://www.sikayetvar.com/kadikale-resort/kadikale-resort-hotelde-hayal-kirikligi-yasadik,BOD113,Kadıkale Resort,Kadıkalesi,Kadıkale Resort,kadikale-resort-hotelde-hayal-kirikligi-yasadik,https://www.sikayetvar.com/kadikale-resort/kadikale-resort-hotelde-hayal-kirikligi-yasadik,Hotel'de Hayal Kırıklığı Yaşadık,"9 Temmuz ile 11 Temmuz tarihleri arasında konaklamak için geldiğimiz kadıkale Resort Hotel, daha ilk gün dolmadan tam bir hüsranla sonuçlanmıştır. Lobi alanına girdiğimiz anda klimasız ve bunaltıcı bir sıcak ortamla karşılaştık. Klimalar bozuk herhalde diye düşündük ancak etrafta daha önce de klimanın hiç olmadığını fark ettik.
Henüz ilk etapta karşılaştığımız odanın tesise en uzak noktada olması probleminden sonra, mini barın konaklama süreci boyunca sadece su dahilinde yenileceği haberi ile tatilin negatif sinyallerini almaya başladık. Sıcaktan bunalarak soluğu aldığımız bar kısmında bulunan alkoller vasattı, insanlara viski diye aromalı likör veriyorlar ve servis ettikleri bardaklar aşınmış ve sağlığı tehdit eder durumda plastik bardaklardı. Fotoğraflarda da göreceğiniz gibi Beach kısmı çamur ve sular içindedir.
Ayrıca yüzme havuzları muhtemelen temizlenmiyor, çünkü yanından geçtiğimizde suyun içeriğinde yabancı maddeler ve ağır bir koku ile karşılaşıyoruz. Yemek kısmına gelirsek eğer; öncelikle yemekhanede havalandırma veya klima bulunmamaktadır. Ter içerisinde sıkış tıkış yemek zorunda kalıyorsunuz. Ayrıca yemekler aşırı lezzetsiz ve çeşit çok az. Köfte bile vermiyorlar, tavuk yerine de saçma sapan hindi yemekleri çıkıyor. Havuz kartı uygulamasında ıslanan havlularımızı değiştirmek istediğimizde, gün içerisinde sadece 1 defa havlu verildiğini öğreniyoruz.
Yani ıslak havlularımızı kurutmaya çalışarak yeniden kullanmak zorunda kalıyoruz. Sabahları otel yürüyüş yollarında yerlere saçılmış havlular ile karşılaşmanız çok olası. Bu otel Ultra her şey dahil konseptinde satılmakta fakat konsept ne içerik, ne de ilgi açısından bunu yansıtmamaktadır.",10 Temmuz 2024 11:15,2.277,,,,False,,,False,,,0,,,COMPLAINT_MATCHED,,Dedicated single-property source page,https://www.sikayetvar.com/kadikale-resort,2026-08-25T12:58:29.219502+00:00,Hotel'de Hayal Kırıklığı Yaşadık,"9 Temmuz ile 11 Temmuz tarihleri arasında konaklamak için geldiğimiz kadıkale Resort Hotel, daha ilk gün dolmadan tam bir hüsranla sonuçlanmıştır. Lobi alanına girdiğimiz anda klimasız ve bunaltıcı bir sıcak ortamla karşılaştık. Klimalar bozuk herhalde diye düşündük ancak etrafta daha önce de klimanın hiç olmadığını fark ettik. Henüz ilk etapta karşılaştığımız odanın tesise en uzak noktada olması probleminden sonra, mini barın konaklama süreci boyunca sadece su dahilinde yenileceği haberi ile tatilin negatif sinyallerini almaya başladık. Sıcaktan bunalarak soluğu aldığımız bar kısmında bulunan alkoller vasattı, insanlara viski diye aromalı likör veriyorlar ve servis ettikleri bardaklar aşınmış ve sağlığı tehdit eder durumda plastik bardaklardı. Fotoğraflarda da göreceğiniz gibi Beach kısmı çamur ve sular içindedir. Ayrıca yüzme havuzları muhtemelen temizlenmiyor, çünkü yanından geçtiğimizde suyun içeriğinde yabancı maddeler ve ağır bir koku ile karşılaşıyoruz. Yemek kısmına gelirsek eğer; öncelikle yemekhanede havalandırma veya klima bulunmamaktadır. Ter içerisinde sıkış tıkış yemek zorunda kalıyorsunuz. Ayrıca yemekler aşırı lezzetsiz ve çeşit çok az. Köfte bile vermiyorlar, tavuk yerine de saçma sapan hindi yemekleri çıkıyor. Havuz kartı uygulamasında ıslanan havlularımızı değiştirmek istediğimizde, gün içerisinde sadece 1 defa havlu verildiğini öğreniyoruz. Yani ıslak havlularımızı kurutmaya çalışarak yeniden kullanmak zorunda kalıyoruz. Sabahları otel yürüyüş yollarında yerlere saçılmış havlular ile karşılaşmanız çok olası. Bu otel Ultra her şey dahil konseptinde satılmakta fakat konsept ne içerik, ne de ilgi açısından bunu yansıtmamaktadır.",,,1673,219,32,4,,,,,False,False,False,False,False,False,False,False,False,2026-08-25 12:58:29.219502,2024-07-10 11:15:00,False,DAY_MONTH_YEAR_TIME,False,False,False,False,2024,7,2024-07,,,2277,,0,False,False,False,False,False,False,Kadıkale Resort,Kadıkalesi,4.0,2121,5.0,197.0,406.0,,False,False,False,0,0,0,0,,,False,False,False
kefaluka-resortta-ultra-her-sey-dahil-konseptinde-yiyecek-ve-havlu-eksikligi,https://www.sikayetvar.com/kefaluka-resort/kefaluka-resortta-ultra-her-sey-dahil-konseptinde-yiyecek-ve-havlu-eksikligi,https://www.sikayetvar.com/kefaluka-resort/kefaluka-resortta-ultra-her-sey-dahil-konseptinde-yiyecek-ve-havlu-eksikligi,BOD007,Kefaluka Resort,Akyarlar,Kefaluka Resort,kefaluka-resortta-ultra-her-sey-dahil-konseptinde-yiyecek-ve-havlu-eksikligi,https://www.sikayetvar.com/kefaluka-resort/kefaluka-resortta-ultra-her-sey-dahil-konseptinde-yiyecek-ve-havlu-eksikligi,’ta Ultra Her Şey Dahil Konseptinde Yiyecek Ve Havlu Eksikliği,"Kefaluka Resort oteline 21 Ağustos 2026 tarihinde, otelin kendi sitesi üzerinden Pazarlama Birimi’nde görevli G***** Hanım ile görüşerek Ultra Her Şey Dahil konseptiyle rezervasyon yaptırdım. 271.000 TL tutarındaki bu konaklama için, yenilendiği ve konseptinin üst segmente taşındığı söylenerek tercihimi bu otelden yana kullandım. Şu an ailemle birlikte 2005 numaralı odada konaklamaya devam ediyorum.
Otele dün saat 17:00 civarında giriş yaptım. Buna rağmen, saat 19:00’daki ana akşam yemeğine kadar Ultra Her Şey Dahil konseptine yakışır nitelikte ve yeterlilikte bir yiyecek hizmetinden faydalanamadık. Bu saat diliminde misafirlerin yararlanabileceği alternatif yiyecek noktalarının olmaması, ödediğimiz ücret ve satın aldığımız konsept ile bağdaşmıyor.
Yiyecek alabilmek için pastaneye yönlendirildiğimizde ise karşımıza sadece son derece sınırlı bir ikram, üstelik köpük tabak içinde sunularak çıktı. Bu sunum şekli ve çeşitlilik, tarafımıza satılan Ultra Her Şey Dahil konseptinin beklenen hizmet standardını kesinlikle karşılamıyor.
Bununla birlikte, odaya yerleşmemizin hemen ardından temiz havlu temininde de problem yaşadık. Havlu almak istediğimizde otelin çok kalabalık olduğu, havluların yetişmediği, kurumasının beklendiği ve ancak daha sonra havlu alabileceğimiz söylendi. Otelin yoğunluğu, misafirin satın aldığı hizmetin eksik ya da geç sunulmasının gerekçesi olamaz.
Tüm bu yaşadıklarımı dün saat 18:30 civarında Otel Müdürü K**** Bey’e ve Misafir İlişkileri’ne bizzat ilettim. Sorunların farkında olduklarını ve ilgileneceklerini söylemelerine rağmen, şu ana kadar somut bir çözüm veya tatmin edici bir dönüş alamadım. Ailem de bu durumdan rahatsız olmuş durumda ve ben hâlâ otel odasında net bir çözüm bekliyorum.
Özetle; Ultra Her Şey Dahil konsepti kapsamında yeterli yiyecek hizmetinden yararlanamamış olmak, pastane hizmetinin son derece sınırlı ve düşük standartlı bir ikram şeklinde sunulması, temiz havlu temininde yaşanan aksaklıklar ve tüm bu sorunların otelin yoğunluğu gerekçe gösterilerek açıklanmaya çalışılması nedeniyle, ödediğim 271.000 TL’lik konaklama bedelinin karşılığını kesinlikle almadığımı düşünüyorum. Pazarlama aşamasında anlatılan ve taahhüt edilen otel ve konsept ile şu an fiilen sunulan hizmet arasında ciddi bir fark olduğunu açıkça belirtmek istiyorum.
Bu nedenle, öncelikle konaklamamızın geri kalanında tarafımıza satılan Ultra Her Şey Dahil konseptinin eksiksiz, ilan edilen standartlarda ve kesintisiz biçimde sunulmasını talep ediyorum. Ayrıca, yaşadığımız ilk gün hizmet eksiklikleri ve memnuniyetsizlikler nedeniyle konaklama bedeli üzerinden makul bir kısmi iade yapılmasını, bu mağduriyetin maddi olarak da telafi edilmesini istiyorum.
Şikayetimin Misafir İlişkileri ve Genel Müdürlük tarafından resmi olarak kayıt altına alınmasını, tarafıma bir kayıt/şikayet numarası verilmesini ve sürecin yazılı olarak, mümkün olan en kısa sürede tarafıma bildirilmesini talep ederim. Aksi halde, satış ve tanıtım aşamasında taahhüt edilen hizmetler ile fiilen sunulan hizmetler arasındaki farkı belgeleyerek ilgili tüketici mercileri nezdinde yasal haklarımı kullanacağımı belirtmek isterim.",22 Ağustos 11:58,104,,,,True,22 Ağustos 18:29,"Sayın Misafirimiz, 

Öncelikle tesisimizi tercih ettiğiniz için teşekkür ederiz. Tarafınızca iletilen bildirimler ilgili departmanlarımız tarafından incelenmiş olup, konuya ilişkin açıklamalarımız aşağıda bilgilerinize sunulmuştur.

Ultra Her Şey Dahil konseptimiz kapsamında tesisimizde gün içerisinde farklı saatlerde hizmet veren yiyecek noktaları bulunmaktadır. Pastane ve Teras Bar'da belirli saatlerde ikramlar sunulmakta, ayrıca 4 ayrı snack restoranımız 12:00–17:00 saatleri arasında yiyecek hizmeti vermektedir. Ana restoranımız ise 07:00–13:45 ve 19:00–21:30 saatleri arasında hizmet vermektedir. Dolayısıyla Ultra Her Şey Dahil konsepti kapsamında tesisimizde gün içerisinde farklı noktalardan yiyecek hizmeti sunulmaktadır.

Pastane bölümünde sunulan ikramların köpük tabak ile servis edilmesi ise havuz çevresinde cam ve kırılabilir servis ekipmanlarının kullanımının misafir güvenliği ve Health & Safety kuralları açısından uygun olmaması nedeniyle tercih edilen bir uygulamadır. Havuz çevresinde cam kırılması sonucu oluşabilecek yaralanma ve hijyen risklerinin önlenmesi amacıyla kırılabilir servis ekipmanlarının kullanımından kaçınılmaktadır. Pastane ürün ve ikram çeşitliliği ise tesisimizde uygulanmakta olan Ultra Her Şey Dahil konsepti kapsamında sunulmaktadır.

Havlu talebiniz ile ilgili yapılan değerlendirmede, tarafınıza havlu temin edildiği, ancak mevcut havlunun nemli olduğunu bildirmeniz üzerine yeni havluların temin edilmesinin beklendiği anlaşılmıştır. Bu süreçte tarafınıza yeni havluların temin edileceği ve dilerseniz bekleyebileceğiniz bilgisi verilmiştir. Dolayısıyla yaşanan durum, havlu hizmetinin sunulmaması şeklinde olmayıp, talebiniz doğrultusunda havlu değişimi ve yeni havluların temini sürecinde yaşanan kısa süreli operasyonel bir aksaklık niteliğindedir.

Şikâyetiniz, tesisimizde mevcut prosedürler doğrultusunda yürütülen şikayet yönetimi süreci kapsamında kayıt altına alınarak ilgili departmanlara iletilmiş olup, konu ilgili birimler tarafından takip edilmektedir. Misafir İlişkileri ekibimiz tarafından tarafınızla iletişim kurulmaya çalışılmış, ancak devam eden süreçte iletişim sağlanamamıştır.

Tarafınızca iletilen ücret iadesi talebi de ilgili birimlerimiz tarafından değerlendirilmiştir. Yapılan değerlendirmede, tesisimizde Ultra Her Şey Dahil konsepti kapsamında sunulması öngörülen hizmetlerin mevcut olduğu, bildirilen hususların ise hizmetin tamamen sunulmaması niteliğinde olmayıp geçici operasyonel aksaklıklar kapsamında değerlendirildiği görülmüştür. Bu doğrultuda, mevcut değerlendirmeler kapsamında konaklama bedelinin kısmen veya tamamen iadesini gerektiren bir durum oluşmadığı değerlendirilmiş olup, ücret iadesi talebinizin karşılanması yönünde bir işlem yapılamamıştır.

Tesisimizde misafirlerimize sunulan hizmetler belirlenen konsept ve operasyonel planlama doğrultusunda yürütülmekte olup, tarafınızca bildirilen hususlar ilgili departmanlarımız tarafından değerlendirilmiştir. Geri bildiriminiz için teşekkür eder, konaklamanızın geri kalanının memnuniyetiniz doğrultusunda devam etmesini dileriz.

Saygılarımızla

Kefaluka Resort 
Misafir İlişkileri Departmanı",False,,,2,22 Ağustos 18:46,"Konu: Kefaluka Resort – Ücret İadesi Talebime Verilen Cevaba İtiraz ve resmi Başvuru Bildirimi

Sayın Kefaluka Resort Yetkilileri, 

Tarafıma göndermiş olduğunuz cevabı okudum. Ancak cevabınızın, konaklama süresince tarafımdan bildirilen sorunların tamamına cevap vermediğini ve mevcut durumun yalnızca “geçici operasyonel aksaklık” şeklinde nitelendirilmesinin gerçeği yansıtmadığını belirtmek isterim.

Öncelikle açıkça ifade ediyorum: Tarafımdan ödenen konaklama bedeli 271.000 TL’dir. Bu bedel karşılığında satın alınan hizmetin yalnızca tesis bünyesinde teorik olarak bazı hizmet noktalarının mevcut olup olmadığı üzerinden değerlendirilmesini kabul etmiyorum.

1. Ultra Her Şey Dahil konsepti

Cevabınızda farklı yiyecek noktalarının bulunduğunu belirterek Ultra Her Şey Dahil konseptinin yerine getirildiğini ifade etmişsiniz.

Ancak benim itirazım tesis içerisinde kağıt üzerinde hangi noktaların bulunduğu değildir. Esas mesele, tarafıma satılan ve bedeli ödenen hizmetin fiilen hangi kalite, çeşitlilik, süreklilik ve standartta sunulduğudur.

Bu nedenle “4 snack restoranımız bulunmaktadır” şeklindeki açıklamanız, tarafımdan bildirilen somut hizmet problemlerine tek başına cevap teşkil etmemektedir.

2. Karton ve sert plastik kullanımına ilişkin açıklamanız

Pastane bölümündeki köpük tabak kullanımını yalnızca havuz çevresindeki cam güvenliği ile açıklamışsınız.

Ancak burada özellikle belirtmek isterim ki tesis genelinde yalnızca havuz çevresinde değil, farklı alanlarda karton, mika ve sert plastik servis ekipmanlarının kullanıldığı tarafımdan gözlemlenmiştir.

Dolayısıyla “havuz çevresinde cam kullanılamaması” gerekçesiyle yapılan açıklamanız, tesis genelindeki uygulamayı açıklamamaktadır.

Eğer bu uygulama gerçekten yalnızca Health & Safety gerekçesiyle ve yalnızca havuz çevresine özgü ise, tesisin diğer alanlarında neden aynı veya benzer servis ekipmanlarının kullanıldığının da açıklanmasını bekliyorum.

3. Oda içerisindeki rutubet ve koku

Tarafımdan bildirilen odadaki rutubet ve koku problemi hakkında cevabınızda herhangi bir açıklama bulunmamaktadır.

Bu hususun cevabınızda tamamen karşılıksız bırakılmış olması özellikle dikkat çekicidir.

Konaklama hizmetinin en temel unsurlarından biri, misafire temiz, sağlıklı ve konaklamaya elverişli bir oda sunulmasıdır.

Bu nedenle;

* Oda içerisindeki rutubet ve koku iddiamın, 
* Bu durumun tesis tarafından tespit edilip edilmediğinin, 
* Odaya ilişkin teknik/housekeeping kayıtlarının, 
* Tarafımdan yapılan bildirimler",COMPLAINT_MATCHED,,Dedicated single-property source page,https://www.sikayetvar.com/kefaluka-resort,2026-08-25T12:58:29.219502+00:00,’ta Ultra Her Şey Dahil Konseptinde Yiyecek Ve Havlu Eksikliği,"Kefaluka Resort oteline 21 Ağustos 2026 tarihinde, otelin kendi sitesi üzerinden Pazarlama Birimi’nde görevli G***** Hanım ile görüşerek Ultra Her Şey Dahil konseptiyle rezervasyon yaptırdım. 271.000 TL tutarındaki bu konaklama için, yenilendiği ve konseptinin üst segmente taşındığı söylenerek tercihimi bu otelden yana kullandım. Şu an ailemle birlikte 2005 numaralı odada konaklamaya devam ediyorum. Otele dün saat 17:00 civarında giriş yaptım. Buna rağmen, saat 19:00’daki ana akşam yemeğine kadar Ultra Her Şey Dahil konseptine yakışır nitelikte ve yeterlilikte bir yiyecek hizmetinden faydalanamadık. Bu saat diliminde misafirlerin yararlanabileceği alternatif yiyecek noktalarının olmaması, ödediğimiz ücret ve satın aldığımız konsept ile bağdaşmıyor. Yiyecek alabilmek için pastaneye yönlendirildiğimizde ise karşımıza sadece son derece sınırlı bir ikram, üstelik köpük tabak içinde sunularak çıktı. Bu sunum şekli ve çeşitlilik, tarafımıza satılan Ultra Her Şey Dahil konseptinin beklenen hizmet standardını kesinlikle karşılamıyor. Bununla birlikte, odaya yerleşmemizin hemen ardından temiz havlu temininde de problem yaşadık. Havlu almak istediğimizde otelin çok kalabalık olduğu, havluların yetişmediği, kurumasının beklendiği ve ancak daha sonra havlu alabileceğimiz söylendi. Otelin yoğunluğu, misafirin satın aldığı hizmetin eksik ya da geç sunulmasının gerekçesi olamaz. Tüm bu yaşadıklarımı dün saat 18:30 civarında Otel Müdürü K**** Bey’e ve Misafir İlişkileri’ne bizzat ilettim. Sorunların farkında olduklarını ve ilgileneceklerini söylemelerine rağmen, şu ana kadar somut bir çözüm veya tatmin edici bir dönüş alamadım. Ailem de bu durumdan rahatsız olmuş durumda ve ben hâlâ otel odasında net bir çözüm bekliyorum. Özetle; Ultra Her Şey Dahil konsepti kapsamında yeterli yiyecek hizmetinden yararlanamamış olmak, pastane hizmetinin son derece sınırlı ve düşük standartlı bir ikram şeklinde sunulması, temiz havlu temininde yaşanan aksaklıklar ve tüm bu sorunların otelin yoğunluğu gerekçe gösterilerek açıklanmaya çalışılması nedeniyle, ödediğim 271.000 TL’lik konaklama bedelinin karşılığını kesinlikle almadığımı düşünüyorum. Pazarlama aşamasında anlatılan ve taahhüt edilen otel ve konsept ile şu an fiilen sunulan hizmet arasında ciddi bir fark olduğunu açıkça belirtmek istiyorum. Bu nedenle, öncelikle konaklamamızın geri kalanında tarafımıza satılan Ultra Her Şey Dahil konseptinin eksiksiz, ilan edilen standartlarda ve kesintisiz biçimde sunulmasını talep ediyorum. Ayrıca, yaşadığımız ilk gün hizmet eksiklikleri ve memnuniyetsizlikler nedeniyle konaklama bedeli üzerinden makul bir kısmi iade yapılmasını, bu mağduriyetin maddi olarak da telafi edilmesini istiyorum. Şikayetimin Misafir İlişkileri ve Genel Müdürlük tarafından resmi olarak kayıt altına alınmasını, tarafıma bir kayıt/şikayet numarası verilmesini ve sürecin yazılı olarak, mümkün olan en kısa sürede tarafıma bildirilmesini talep ederim. Aksi halde, satış ve tanıtım aşamasında taahhüt edilen hizmetler ile fiilen sunulan hizmetler arasındaki farkı belgeleyerek ilgili tüketici mercileri nezdinde yasal haklarımı kullanacağımı belirtmek isterim.","Sayın Misafirimiz, Öncelikle tesisimizi tercih ettiğiniz için teşekkür ederiz. Tarafınızca iletilen bildirimler ilgili departmanlarımız tarafından incelenmiş olup, konuya ilişkin açıklamalarımız aşağıda bilgilerinize sunulmuştur. Ultra Her Şey Dahil konseptimiz kapsamında tesisimizde gün içerisinde farklı saatlerde hizmet veren yiyecek noktaları bulunmaktadır. Pastane ve Teras Bar'da belirli saatlerde ikramlar sunulmakta, ayrıca 4 ayrı snack restoranımız 12:00–17:00 saatleri arasında yiyecek hizmeti vermektedir. Ana restoranımız ise 07:00–13:45 ve 19:00–21:30 saatleri arasında hizmet vermektedir. Dolayısıyla Ultra Her Şey Dahil konsepti kapsamında tesisimizde gün içerisinde farklı noktalardan yiyecek hizmeti sunulmaktadır. Pastane bölümünde sunulan ikramların köpük tabak ile servis edilmesi ise havuz çevresinde cam ve kırılabilir servis ekipmanlarının kullanımının misafir güvenliği ve Health & Safety kuralları açısından uygun olmaması nedeniyle tercih edilen bir uygulamadır. Havuz çevresinde cam kırılması sonucu oluşabilecek yaralanma ve hijyen risklerinin önlenmesi amacıyla kırılabilir servis ekipmanlarının kullanımından kaçınılmaktadır. Pastane ürün ve ikram çeşitliliği ise tesisimizde uygulanmakta olan Ultra Her Şey Dahil konsepti kapsamında sunulmaktadır. Havlu talebiniz ile ilgili yapılan değerlendirmede, tarafınıza havlu temin edildiği, ancak mevcut havlunun nemli olduğunu bildirmeniz üzerine yeni havluların temin edilmesinin beklendiği anlaşılmıştır. Bu süreçte tarafınıza yeni havluların temin edileceği ve dilerseniz bekleyebileceğiniz bilgisi verilmiştir. Dolayısıyla yaşanan durum, havlu hizmetinin sunulmaması şeklinde olmayıp, talebiniz doğrultusunda havlu değişimi ve yeni havluların temini sürecinde yaşanan kısa süreli operasyonel bir aksaklık niteliğindedir. Şikâyetiniz, tesisimizde mevcut prosedürler doğrultusunda yürütülen şikayet yönetimi süreci kapsamında kayıt altına alınarak ilgili departmanlara iletilmiş olup, konu ilgili birimler tarafından takip edilmektedir. Misafir İlişkileri ekibimiz tarafından tarafınızla iletişim kurulmaya çalışılmış, ancak devam eden süreçte iletişim sağlanamamıştır. Tarafınızca iletilen ücret iadesi talebi de ilgili birimlerimiz tarafından değerlendirilmiştir. Yapılan değerlendirmede, tesisimizde Ultra Her Şey Dahil konsepti kapsamında sunulması öngörülen hizmetlerin mevcut olduğu, bildirilen hususların ise hizmetin tamamen sunulmaması niteliğinde olmayıp geçici operasyonel aksaklıklar kapsamında değerlendirildiği görülmüştür. Bu doğrultuda, mevcut değerlendirmeler kapsamında konaklama bedelinin kısmen veya tamamen iadesini gerektiren bir durum oluşmadığı değerlendirilmiş olup, ücret iadesi talebinizin karşılanması yönünde bir işlem yapılamamıştır. Tesisimizde misafirlerimize sunulan hizmetler belirlenen konsept ve operasyonel planlama doğrultusunda yürütülmekte olup, tarafınızca bildirilen hususlar ilgili departmanlarımız tarafından değerlendirilmiştir. Geri bildiriminiz için teşekkür eder, konaklamanızın geri kalanının memnuniyetiniz doğrultusunda devam etmesini dileriz. Saygılarımızla Kefaluka Resort Misafir İlişkileri Departmanı",,3143,403,62,10,3132,346,,,False,False,False,False,False,False,False,False,False,2026-08-25 12:58:29.219502,2026-08-22 11:58:00,True,DAY_MONTH_TIME_NO_YEAR,False,False,True,False,2026,8,2026-08,2026-08-22 18:29:00,,104,,2,False,True,False,False,False,False,Kefaluka Resort,Akyarlar,4.4,4293,,,,,False,False,False,3,1,2,0,2026-08-22 18:29:00,2026-08-22 18:55:00,True,False,False
guvenlik-sorunu-ve-aile-saldirisi-nedeniyle-tatil-iptali-ve-ucret-iadesi-talebi,https://www.sikayetvar.com/kefaluka-resort/guvenlik-sorunu-ve-aile-saldirisi-nedeniyle-tatil-iptali-ve-ucret-iadesi-talebi,https://www.sikayetvar.com/kefaluka-resort/guvenlik-sorunu-ve-aile-saldirisi-nedeniyle-tatil-iptali-ve-ucret-iadesi-talebi,BOD007,Kefaluka Resort,Akyarlar,Kefaluka Resort,guvenlik-sorunu-ve-aile-saldirisi-nedeniyle-tatil-iptali-ve-ucret-iadesi-talebi,https://www.sikayetvar.com/kefaluka-resort/guvenlik-sorunu-ve-aile-saldirisi-nedeniyle-tatil-iptali-ve-ucret-iadesi-talebi,Güvenlik Sorunu Ve Aile Saldırısı Nedeniyle Tatil İptali Ve Ücret İadesi Talebi,"08.08.2026 tarihinde Kefaluka Resort Akyarlar’da 4221 numaralı odada konaklarken, başka bir misafirin çocuğu oğluma saldırdı. Olayı ayırmak için gittiğimde çocuğun ailesi ortada yoktu; daha sonra geldiklerinde ise bu kez aile bize sözlü ve fiili şekilde saldırdı.
Olay sonrası otelde herhangi bir güvenlik görevlisinin bulunmaması nedeniyle önce kendi imkanlarımızla duruma müdahale etmek zorunda kaldık, ardından lobiye çıkıp durumu otele bildirdim ve müdüre şikayette bulundum. Diğer çocuğun babasının oğluma vurması sebebiyle konu jandarmaya intikal etti, resmi olarak şikayetçi oldum. Ertesi sabah uyanır uyanmaz otel yönetimine bu ailenin saldırgan ve küfürbaz olduğunu, tekrar bize saldırma ihtimalinden endişe ettiğimizi, ne tür bir güvenlik önlemi alındığını sordum ve ya onları otelden çıkarmalarını ya da bizi çıkarmalarını teklif ettim; ancak böyle bir şeyin söz konusu olmayacağı söylendi.
Uyarılarıma rağmen ertesi sabah aynı aile tekrar saldırdı, restoranı birbirine kattı, ağır küfürler havada uçuştu, ablamın üstünü yırttılar, yüzünü, omzunu ve göğsünü tırnakladılar. Biz hiçbir şekilde karşılık vermeden doğrudan jandarmayı aradık ve böylece olay ikinci kez jandarmaya taşındı.
Bu süreçte kendimizi güvende hissetmediğimiz, çocuğumun darp edildiği, ailece iki kez saldırıya maruz kaldığımız ve tüm bunlar olurken tesisin etkin bir güvenlik ve kriz yönetimi sağlayamadığı bir ortamda kaldık. Saldırgan ailenin daha sonra otelden çıkarılmasına rağmen, onlar çıkana kadar tüm günü güvenlik gerekçesiyle odamızda geçirmemizin istenmesi nedeniyle otel olanaklarından yararlanamadık ve tatilimiz fiilen son buldu.
Yaşadığımız travma, jandarmaya yansıyan resmi süreçler, aile bireylerimin fiziksel ve psikolojik olarak yıpranması ve iptal olan tatilimiz nedeniyle, Kefaluka Resort yönetiminden hem ailemden ve özellikle çocuğumdan özür dilenmesini hem de konaklama ücretimizin iadesini talep ediyorum.",21 Ağustos 01:39,121,,,,True,22 Ağustos 20:07,"Sayın Misafirimiz, 

Tesisimize iletmiş olduğunuz şikayet ve talepleriniz, otel yönetimimiz ve hukuk müşavirliğimiz tarafından titizlikle incelenmiştir.

Yaşanan olaylara ilişkin tesisimizce yapılan değerlendirme, olayların gelişimi ve konuya dair açıklamalarımız ekte yer alan resmi yazımızda detaylı şekilde bilgilerinize sunulmuştur.

Saygılarımızla, 
Kefaluka Resort Otel Yönetimi",False,,,2,21 Ağustos 02:14,Diğer bir misafir tanığın ifadesi. Tüm aileler haklı oldupumuzu sakinliğimizi koruduğumuzu söylerken otelin yanımızda olmaması üzücü. Elbette otel bir yargı mecrisi değil ama biraz daha duyarlı ve adil davranabilirdi :(,COMPLAINT_MATCHED,,Dedicated single-property source page,https://www.sikayetvar.com/kefaluka-resort,2026-08-25T12:58:29.219502+00:00,Güvenlik Sorunu Ve Aile Saldırısı Nedeniyle Tatil İptali Ve Ücret İadesi Talebi,"08.08.2026 tarihinde Kefaluka Resort Akyarlar’da 4221 numaralı odada konaklarken, başka bir misafirin çocuğu oğluma saldırdı. Olayı ayırmak için gittiğimde çocuğun ailesi ortada yoktu; daha sonra geldiklerinde ise bu kez aile bize sözlü ve fiili şekilde saldırdı. Olay sonrası otelde herhangi bir güvenlik görevlisinin bulunmaması nedeniyle önce kendi imkanlarımızla duruma müdahale etmek zorunda kaldık, ardından lobiye çıkıp durumu otele bildirdim ve müdüre şikayette bulundum. Diğer çocuğun babasının oğluma vurması sebebiyle konu jandarmaya intikal etti, resmi olarak şikayetçi oldum. Ertesi sabah uyanır uyanmaz otel yönetimine bu ailenin saldırgan ve küfürbaz olduğunu, tekrar bize saldırma ihtimalinden endişe ettiğimizi, ne tür bir güvenlik önlemi alındığını sordum ve ya onları otelden çıkarmalarını ya da bizi çıkarmalarını teklif ettim; ancak böyle bir şeyin söz konusu olmayacağı söylendi. Uyarılarıma rağmen ertesi sabah aynı aile tekrar saldırdı, restoranı birbirine kattı, ağır küfürler havada uçuştu, ablamın üstünü yırttılar, yüzünü, omzunu ve göğsünü tırnakladılar. Biz hiçbir şekilde karşılık vermeden doğrudan jandarmayı aradık ve böylece olay ikinci kez jandarmaya taşındı. Bu süreçte kendimizi güvende hissetmediğimiz, çocuğumun darp edildiği, ailece iki kez saldırıya maruz kaldığımız ve tüm bunlar olurken tesisin etkin bir güvenlik ve kriz yönetimi sağlayamadığı bir ortamda kaldık. Saldırgan ailenin daha sonra otelden çıkarılmasına rağmen, onlar çıkana kadar tüm günü güvenlik gerekçesiyle odamızda geçirmemizin istenmesi nedeniyle otel olanaklarından yararlanamadık ve tatilimiz fiilen son buldu. Yaşadığımız travma, jandarmaya yansıyan resmi süreçler, aile bireylerimin fiziksel ve psikolojik olarak yıpranması ve iptal olan tatilimiz nedeniyle, Kefaluka Resort yönetiminden hem ailemden ve özellikle çocuğumdan özür dilenmesini hem de konaklama ücretimizin iadesini talep ediyorum.","Sayın Misafirimiz, Tesisimize iletmiş olduğunuz şikayet ve talepleriniz, otel yönetimimiz ve hukuk müşavirliğimiz tarafından titizlikle incelenmiştir. Yaşanan olaylara ilişkin tesisimizce yapılan değerlendirme, olayların gelişimi ve konuya dair açıklamalarımız ekte yer alan resmi yazımızda detaylı şekilde bilgilerinize sunulmuştur. Saygılarımızla, Kefaluka Resort Otel Yönetimi",,1911,249,79,12,379,42,,,False,False,False,False,False,False,False,False,False,2026-08-25 12:58:29.219502,2026-08-21 01:39:00,True,DAY_MONTH_TIME_NO_YEAR,False,False,True,False,2026,8,2026-08,2026-08-22 20:07:00,,121,,2,False,True,False,True,False,False,Kefaluka Resort,Akyarlar,4.4,4293,,,,,False,False,False,3,1,2,0,2026-08-21 02:14:00,2026-08-23 04:35:00,True,False,False
kefaluka-resortta-sahte-rezervasyon-ve-115-bin-tl-kayip,https://www.sikayetvar.com/kefaluka-resort/kefaluka-resortta-sahte-rezervasyon-ve-115-bin-tl-kayip,https://www.sikayetvar.com/kefaluka-resort/kefaluka-resortta-sahte-rezervasyon-ve-115-bin-tl-kayip,BOD007,Kefaluka Resort,Akyarlar,Kefaluka Resort,kefaluka-resortta-sahte-rezervasyon-ve-115-bin-tl-kayip,https://www.sikayetvar.com/kefaluka-resort/kefaluka-resortta-sahte-rezervasyon-ve-115-bin-tl-kayip,’ta Sahte Rezervasyon Ve 115 Bin TL Kayıp,"Kefaluka Resort’ta konaklamak amacıyla 08–13 Ağustos 2026 tarihleri için 5 gecelik rezervasyon yaptırmak istedim. Google’da “Kefaluka Resort” araması yaptığımda karşıma otelin resmi sitesi veya resmi iletişim kanalı olduğunu düşündüğüm bir internet sitesi çıktı. Bu sitede yer alan 0 (252) 697 61 81 numaralı telefonu arayarak rezervasyon yaptım ve görüşme sonrasında bana Kefaluka adına düzenlenmiş görünen bir voucher gönderildi.
Toplam 115.000 TL’lik konaklama ücretini, açıklama kısmına “kefaluka otel 8-13 Ağustos ücreti” yazarak Miranda Turizm Otelcilik ve Ticaret Limited Şirketi adına kayıtlı banka hesabına 31 Temmuz 2026 tarihinde havale ettim. Otele 8 Ağustos 2026 tarihinde giriş yapmak üzere geldiğimizde, yaptığımız rezervasyonun sistemlerinde görünmediğini ve elimizdeki voucher’ın otele ait olmadığını öğrendik.
Otel personeli, bu şekilde sahte rezervasyon olaylarının daha önce de defalarca yaşandığını, hatta yurt dışından gelen müşterilerin de benzer şekilde mağdur olduğunu ifade etti. Eğer otel bu hile vakalarından daha önce haberdarsa, tüketicilerin korunması için bugüne kadar ne tür önlemler aldıkları ve hangi girişimlerde bulundukları konusunda açıklama bekliyorum.
Olayın yaşandığı gün, 115.000 TL kaybetmiş ve uzun bir yol gelmiş müşteriler olarak hiçbir otel yöneticisinin bizimle doğrudan görüşmemiş olmasını da anlamlandıramıyorum. Bize yalnızca “avukatımız ilgileniyor” denildi, ancak sonrasında bir hafta boyunca otel tarafından bir kez bile aranmadık, olayın akıbeti sorulmadı ve herhangi bir çözüm ya da telafi önerisi sunulmadı. Konaklayabilmek için aynı tarih aralığı için 5 gecelik oda ücretini 8 Ağustos 2026 tarihinde ikinci kez ödemek zorunda kaldık.
Otele ve ismine güvenerek yaptığımız rezervasyon sonucunda bu derece mağdur olmamıza rağmen, otel yönetiminden müşteriyi sahiplenen, zararımızı hafifletmeye yönelik veya en azından süreci şeffaf şekilde anlatan bir yaklaşım göremedim. Konuyla ilgili olarak savcılığa başvuruda bulunduk; elimizde banka dekontu, telefon kayıtları, sahte internet sitesi ekran görüntüleri, gönderilen voucher ve ilgili Ticaret Sicili belgeleri mevcuttur.
Bu şikayeti oteli karalamak amacıyla değil, yaşadığım somut mağduriyetin kayda geçmesi ve başka müşterilerin aynı durumla karşılaşmamasına katkı sağlamak için oluşturuyorum. Kefaluka Resort yönetiminden, otel adının kullanılarak gerçekleştirilen bu tür sahte rezervasyonlarla ilgili bugüne kadar hangi adımları attıkları, kaç müşterinin mağdur olduğunu bilip bilmedikleri, resmi mercilere ve ilgili platformlara ne tür başvurular yaptıkları ve bu olay özelinde neden hiçbir telafi veya iletişim girişiminde bulunulmadığı konusunda somut ve yazılı bir açıklama bekliyorum.
İlgili marka ve yetkililerin benimle O*** A***, 0542********42 numaralı telefondan iletişime geçerek hem bilgi vermesini hem de yaşadığımız mağduriyete dair tatmin edici bir açıklama ve çözüm sunmasını talep ediyorum.",13 Ağustos 20:11,105,,,,True,14 Ağustos 21:05,"Değerli Misafirimiz, 

Öncelikle yaşadığınız mağduriyet nedeniyle üzüntümüzü belirtmek isteriz. Uzun bir yolculuk sonrasında rezervasyonunuzun tesis sistemimizde bulunmadığını öğrenmeniz ve konaklamanızı gerçekleştirebilmek için aynı tarihler için yeniden ödeme yapmak zorunda kalmanızın sizin açınızdan son derece zorlayıcı bir durum olduğunu anlıyoruz.

Bununla birlikte, yaşanan olayın tesisimiz tarafından gerçekleştirilmiş veya tesisimizin resmi rezervasyon kanalları üzerinden oluşturulmuş bir işlem olmadığını özellikle belirtmek isteriz. Tarafımıza ilettiğiniz bilgiler doğrultusunda işlemin, tesisimizin adı ve markası kullanılarak gerçekleştirilen sahte bir rezervasyon girişimi olduğu anlaşılmaktadır.

Kefaluka Resort olarak bu tür sahte rezervasyon ve dolandırıcılık girişimlerine karşı gerekli aksiyonları almaktayız. Tesisimizin adı kullanılarak yayımlanan ücretli sponsorlu reklamlar ve sahte yönlendirmeler tespit edildiğinde, ivedilikle bildirilmektedir ve ilgili sahte içeriklerin erişime engellenmesi için gerekli girişimler yapılmaktadır.

Ayrıca misafirlerimizin bu tür mağduriyetler yaşamaması amacıyla resmi Instagram hesabımız olan  üzerinde, sahte rezervasyonlara karşı uyarı niteliğindeki bilgilendirmemiz sabitlenmiş ilk gönderi olarak yayınlanmaktadır. Misafirlerimizin rezervasyon işlemlerini yalnızca tesisimizin doğrulanmış ve resmi iletişim kanalları üzerinden gerçekleştirmeleri konusunda düzenli olarak bilgilendirme yapılmaktadır.

Özellikle belirtmek isteriz ki, bu tür sahte rezervasyon girişimleri yalnızca tesisimize özgü bir durum değildir. Otel, havayolu, seyahat acentesi ve farklı turizm markalarının isimleri kullanılarak benzer yöntemlerle gerçekleştirilen dolandırıcılık vakaları sektör genelinde yaşanabilmektedir. Bu nedenle Google gibi arama motorlarında görülen ve resmi otel sitesi izlenimi veren üçüncü taraf internet siteleri veya telefon numaraları üzerinden işlem yapılması önemli riskler taşıyabilmektedir.

Yaşadığınız olayın ardından tarafınıza doğrudan bir yönetici tarafından yeterli bilgilendirme yapılmamış olmasından dolayı ayrıca üzgünüz. Olayın hukuki boyutu bulunduğu ve konuyla ilgili resmi mercilere başvuru yapıldığı için süreç hukuk birimlerimiz tarafından da takip edilmektedir. Bu durum, yaşadığınız mağduriyeti önemsemediğimiz anlamına gelmemektedir.

Ancak sahte rezervasyon işlemi tesisimizin sistemlerinde oluşturulmadığından ve ödemenin de tesisimizin resmi banka hesaplarına yapılmadığından, söz konusu 115.000 TL'lik ödemenin tesisimiz tarafından tahsil edilmiş bir konaklama bedeli olmadığını özellikle belirtmek isteriz. Bu nedenle ortaya çıkan maddi zararın doğrudan tesisimiz tarafından oluşturulduğu veya tesisimizin bu bedeli aldığı yönünde bir değerlendirme yapılması doğru olmayacaktır.

Bununla birlikte, yaşanan durumun ciddiyetinin farkındayız ve başka misafirlerimizin benzer bir mağduriyet yaşamaması için gerekli uyarı ve bildirim çalışmalarımızı sürdürmekteyiz. Tarafınızdan sunulan bilgi ve belgelerin de ilgili hukuki süreç kapsamında değerlendirilmesini önemsiyoruz.

Yaşadığınız mağduriyet için tekrar üzgün olduğumuzu belirtir, resmi kanallarımız dışında yapılan rezervasyon işlemlerinde misafirlerimizin son derece dikkatli olmalarını önemle rica ederiz.

Saygılarımızla, 
Kefaluka Resort
Misafir İlişkileri Ekibi",False,,,0,,,COMPLAINT_MATCHED,,Dedicated single-property source page,https://www.sikayetvar.com/kefaluka-resort,2026-08-25T12:58:29.219502+00:00,’ta Sahte Rezervasyon Ve 115 Bin TL Kayıp,"Kefaluka Resort’ta konaklamak amacıyla 08–13 Ağustos 2026 tarihleri için 5 gecelik rezervasyon yaptırmak istedim. Google’da “Kefaluka Resort” araması yaptığımda karşıma otelin resmi sitesi veya resmi iletişim kanalı olduğunu düşündüğüm bir internet sitesi çıktı. Bu sitede yer alan 0 (252) 697 61 81 numaralı telefonu arayarak rezervasyon yaptım ve görüşme sonrasında bana Kefaluka adına düzenlenmiş görünen bir voucher gönderildi. Toplam 115.000 TL’lik konaklama ücretini, açıklama kısmına “kefaluka otel 8-13 Ağustos ücreti” yazarak Miranda Turizm Otelcilik ve Ticaret Limited Şirketi adına kayıtlı banka hesabına 31 Temmuz 2026 tarihinde havale ettim. Otele 8 Ağustos 2026 tarihinde giriş yapmak üzere geldiğimizde, yaptığımız rezervasyonun sistemlerinde görünmediğini ve elimizdeki voucher’ın otele ait olmadığını öğrendik. Otel personeli, bu şekilde sahte rezervasyon olaylarının daha önce de defalarca yaşandığını, hatta yurt dışından gelen müşterilerin de benzer şekilde mağdur olduğunu ifade etti. Eğer otel bu hile vakalarından daha önce haberdarsa, tüketicilerin korunması için bugüne kadar ne tür önlemler aldıkları ve hangi girişimlerde bulundukları konusunda açıklama bekliyorum. Olayın yaşandığı gün, 115.000 TL kaybetmiş ve uzun bir yol gelmiş müşteriler olarak hiçbir otel yöneticisinin bizimle doğrudan görüşmemiş olmasını da anlamlandıramıyorum. Bize yalnızca “avukatımız ilgileniyor” denildi, ancak sonrasında bir hafta boyunca otel tarafından bir kez bile aranmadık, olayın akıbeti sorulmadı ve herhangi bir çözüm ya da telafi önerisi sunulmadı. Konaklayabilmek için aynı tarih aralığı için 5 gecelik oda ücretini 8 Ağustos 2026 tarihinde ikinci kez ödemek zorunda kaldık. Otele ve ismine güvenerek yaptığımız rezervasyon sonucunda bu derece mağdur olmamıza rağmen, otel yönetiminden müşteriyi sahiplenen, zararımızı hafifletmeye yönelik veya en azından süreci şeffaf şekilde anlatan bir yaklaşım göremedim. Konuyla ilgili olarak savcılığa başvuruda bulunduk; elimizde banka dekontu, telefon kayıtları, sahte internet sitesi ekran görüntüleri, gönderilen voucher ve ilgili Ticaret Sicili belgeleri mevcuttur. Bu şikayeti oteli karalamak amacıyla değil, yaşadığım somut mağduriyetin kayda geçmesi ve başka müşterilerin aynı durumla karşılaşmamasına katkı sağlamak için oluşturuyorum. Kefaluka Resort yönetiminden, otel adının kullanılarak gerçekleştirilen bu tür sahte rezervasyonlarla ilgili bugüne kadar hangi adımları attıkları, kaç müşterinin mağdur olduğunu bilip bilmedikleri, resmi mercilere ve ilgili platformlara ne tür başvurular yaptıkları ve bu olay özelinde neden hiçbir telafi veya iletişim girişiminde bulunulmadığı konusunda somut ve yazılı bir açıklama bekliyorum. İlgili marka ve yetkililerin benimle O*** A***, 0542********42 numaralı telefondan iletişime geçerek hem bilgi vermesini hem de yaşadığımız mağduriyete dair tatmin edici bir açıklama ve çözüm sunmasını talep ediyorum.","Değerli Misafirimiz, Öncelikle yaşadığınız mağduriyet nedeniyle üzüntümüzü belirtmek isteriz. Uzun bir yolculuk sonrasında rezervasyonunuzun tesis sistemimizde bulunmadığını öğrenmeniz ve konaklamanızı gerçekleştirebilmek için aynı tarihler için yeniden ödeme yapmak zorunda kalmanızın sizin açınızdan son derece zorlayıcı bir durum olduğunu anlıyoruz. Bununla birlikte, yaşanan olayın tesisimiz tarafından gerçekleştirilmiş veya tesisimizin resmi rezervasyon kanalları üzerinden oluşturulmuş bir işlem olmadığını özellikle belirtmek isteriz. Tarafımıza ilettiğiniz bilgiler doğrultusunda işlemin, tesisimizin adı ve markası kullanılarak gerçekleştirilen sahte bir rezervasyon girişimi olduğu anlaşılmaktadır. Kefaluka Resort olarak bu tür sahte rezervasyon ve dolandırıcılık girişimlerine karşı gerekli aksiyonları almaktayız. Tesisimizin adı kullanılarak yayımlanan ücretli sponsorlu reklamlar ve sahte yönlendirmeler tespit edildiğinde, ivedilikle bildirilmektedir ve ilgili sahte içeriklerin erişime engellenmesi için gerekli girişimler yapılmaktadır. Ayrıca misafirlerimizin bu tür mağduriyetler yaşamaması amacıyla resmi Instagram hesabımız olan üzerinde, sahte rezervasyonlara karşı uyarı niteliğindeki bilgilendirmemiz sabitlenmiş ilk gönderi olarak yayınlanmaktadır. Misafirlerimizin rezervasyon işlemlerini yalnızca tesisimizin doğrulanmış ve resmi iletişim kanalları üzerinden gerçekleştirmeleri konusunda düzenli olarak bilgilendirme yapılmaktadır. Özellikle belirtmek isteriz ki, bu tür sahte rezervasyon girişimleri yalnızca tesisimize özgü bir durum değildir. Otel, havayolu, seyahat acentesi ve farklı turizm markalarının isimleri kullanılarak benzer yöntemlerle gerçekleştirilen dolandırıcılık vakaları sektör genelinde yaşanabilmektedir. Bu nedenle Google gibi arama motorlarında görülen ve resmi otel sitesi izlenimi veren üçüncü taraf internet siteleri veya telefon numaraları üzerinden işlem yapılması önemli riskler taşıyabilmektedir. Yaşadığınız olayın ardından tarafınıza doğrudan bir yönetici tarafından yeterli bilgilendirme yapılmamış olmasından dolayı ayrıca üzgünüz. Olayın hukuki boyutu bulunduğu ve konuyla ilgili resmi mercilere başvuru yapıldığı için süreç hukuk birimlerimiz tarafından da takip edilmektedir. Bu durum, yaşadığınız mağduriyeti önemsemediğimiz anlamına gelmemektedir. Ancak sahte rezervasyon işlemi tesisimizin sistemlerinde oluşturulmadığından ve ödemenin de tesisimizin resmi banka hesaplarına yapılmadığından, söz konusu 115.000 TL'lik ödemenin tesisimiz tarafından tahsil edilmiş bir konaklama bedeli olmadığını özellikle belirtmek isteriz. Bu nedenle ortaya çıkan maddi zararın doğrudan tesisimiz tarafından oluşturulduğu veya tesisimizin bu bedeli aldığı yönünde bir değerlendirme yapılması doğru olmayacaktır. Bununla birlikte, yaşanan durumun ciddiyetinin farkındayız ve başka misafirlerimizin benzer bir mağduriyet yaşamaması için gerekli uyarı ve bildirim çalışmalarımızı sürdürmekteyiz. Tarafınızdan sunulan bilgi ve belgelerin de ilgili hukuki süreç kapsamında değerlendirilmesini önemsiyoruz. Yaşadığınız mağduriyet için tekrar üzgün olduğumuzu belirtir, resmi kanallarımız dışında yapılan rezervasyon işlemlerinde misafirlerimizin son derece dikkatli olmalarını önemle rica ederiz. Saygılarımızla, Kefaluka Resort Misafir İlişkileri Ekibi",,2918,378,41,8,3301,365,,,False,False,False,False,False,False,False,False,False,2026-08-25 12:58:29.219502,2026-08-13 20:11:00,True,DAY_MONTH_TIME_NO_YEAR,False,False,True,False,2026,8,2026-08,2026-08-14 21:05:00,,105,,0,False,True,False,True,False,False,Kefaluka Resort,Akyarlar,4.4,4293,,,,,False,False,False,1,1,0,0,2026-08-14 21:05:00,2026-08-14 21:05:00,True,False,False
kefaluka-resort-havuz-kenarlari-temizlenmiyor-bir-suru-sinekler-var-video,https://www.sikayetvar.com/kefaluka-resort/kefaluka-resort-havuz-kenarlari-temizlenmiyor-bir-suru-sinekler-var-video,https://www.sikayetvar.com/kefaluka-resort/kefaluka-resort-havuz-kenarlari-temizlenmiyor-bir-suru-sinekler-var-video,BOD007,Kefaluka Resort,Akyarlar,Kefaluka Resort,kefaluka-resort-havuz-kenarlari-temizlenmiyor-bir-suru-sinekler-var-video,https://www.sikayetvar.com/kefaluka-resort/kefaluka-resort-havuz-kenarlari-temizlenmiyor-bir-suru-sinekler-var-video,Havuz Kenarları Temizlenmiyor Bir Sürü Sinekler Var!,,3 Ağustos 13:51,97,,,,True,3 Ağustos 18:26,"Sayın Misafirimiz, 

Öncelikle görüşlerinizi bizlerle paylaştığınız için teşekkür ederiz.

Sıcak yaz aylarında açık alanlarda, özellikle de havuz çevresinde doğa kaynaklı sinek ve böcek hareketliliği mevsimsel koşullar gereği artış gösterebilmektedir. Ancak tesisimizde hijyen standartları en üst düzeyde tutulmakta olup, havuz çevresi ve genel kullanım alanları gün boyunca belirli periyotlarla ve düzenli olarak temizlik ekiplerimiz tarafından titizlikle temizlenmektedir. Ayrıca açık alanlarımızda periyodik ilaçlama çalışmaları da kesintisiz sürdürülmektedir.

Geri bildiriminizi ilgili departman yöneticilerimizle paylaştığımızı ve konunun takibinde olduğumuzu belirtmek isteriz. Tatilinizin kalan kısmını çok daha keyifli geçirmenizi dileriz.

Saygılarımızla, 

Misafir İlişkileri Departmanı
Kefaluka Resort",False,,,1,3 Ağustos 08:31,Havuz kenarları pislik ten ve sinekten geçilmiyor tam 4 gündür buradayım defalarca söylememe rağmen temizlik yapan yok,COMPLAINT_MATCHED,,Dedicated single-property source page,https://www.sikayetvar.com/kefaluka-resort,2026-08-25T12:58:29.219502+00:00,Havuz Kenarları Temizlenmiyor Bir Sürü Sinekler Var!,,"Sayın Misafirimiz, Öncelikle görüşlerinizi bizlerle paylaştığınız için teşekkür ederiz. Sıcak yaz aylarında açık alanlarda, özellikle de havuz çevresinde doğa kaynaklı sinek ve böcek hareketliliği mevsimsel koşullar gereği artış gösterebilmektedir. Ancak tesisimizde hijyen standartları en üst düzeyde tutulmakta olup, havuz çevresi ve genel kullanım alanları gün boyunca belirli periyotlarla ve düzenli olarak temizlik ekiplerimiz tarafından titizlikle temizlenmektedir. Ayrıca açık alanlarımızda periyodik ilaçlama çalışmaları da kesintisiz sürdürülmektedir. Geri bildiriminizi ilgili departman yöneticilerimizle paylaştığımızı ve konunun takibinde olduğumuzu belirtmek isteriz. Tatilinizin kalan kısmını çok daha keyifli geçirmenizi dileriz. Saygılarımızla, Misafir İlişkileri Departmanı Kefaluka Resort",,,,52,7,806,91,,,True,False,False,True,False,False,False,False,False,2026-08-25 12:58:29.219502,2026-08-03 13:51:00,True,DAY_MONTH_TIME_NO_YEAR,False,False,True,False,2026,8,2026-08,2026-08-03 18:26:00,,97,,1,False,True,False,False,False,False,Kefaluka Resort,Akyarlar,4.4,4293,,,,,False,False,False,2,1,1,0,2026-08-03 08:31:00,2026-08-03 18:26:00,True,False,False
bodrum-kefalukada-gida-zehirlenmesi-ve-destek-yoklugu,https://www.sikayetvar.com/kefaluka-resort/bodrum-kefalukada-gida-zehirlenmesi-ve-destek-yoklugu,https://www.sikayetvar.com/kefaluka-resort/bodrum-kefalukada-gida-zehirlenmesi-ve-destek-yoklugu,BOD007,Kefaluka Resort,Akyarlar,Kefaluka Resort,bodrum-kefalukada-gida-zehirlenmesi-ve-destek-yoklugu,https://www.sikayetvar.com/kefaluka-resort/bodrum-kefalukada-gida-zehirlenmesi-ve-destek-yoklugu,Bodrum Kefaluka’da Gıda Zehirlenmesi Ve Destek Yokluğu,"21–26 Temmuz tarihleri arasında Bodrum Kefaluka Resort Otel’de, 1001 numaralı odada konakladım. Bu otele üçüncü gelişimiz olmasına rağmen yaşadığımız bu son deneyim hem sağlık hem de ilgi açısından bizi çok hayal kırıklığına uğrattı.
24 Temmuz akşamı akşam yemeğinde otelin İtalyan restoranında yediğimiz yemek sonrası besin zehirlenmesi yaşadım. Kusma, ishal, ateş ve titreme şikayetleriyle Muğla Devlet Hastanesi’ne başvurmak zorunda kaldım. Hastaneye giderken de dönerken de resepsiyonda herhangi bir görevli yoktu, bu süreçte otelden hiçbir destek alamadım. Otelde doktor da yoktu, ayrıca otel hemşiresiyle telefonda görüştüğümüzde de yapabileceği hiçbir şey olmadığını söyleyip odamıza bile gelmeyerek bizi tamamen kendi halimize bıraktı.
Yaşadığım ciddi sağlık sorununa rağmen dönüşte otel yönetimi tarafından ne bir telafi, ne bir ilgi ne de bir geçmiş olsun yaklaşımı gördüm. Üstüne bir de akşam yemeğinde eşimin yediği haydari’nin içinden yoğurdun plastik kapağından kopmuş bir parça çıkması, hijyen ve kontrol anlamında ne kadar ciddi sorunlar olduğunu gösterdi.
Otel yönetiminden herhangi bir maddi beklentim yok, sadece bu yaşadıklarımın görünür olmasını ve başka misafirlerin benzer bir sağlık sorunu yaşamamasını istiyorum.",26 Temmuz 15:06,316,,,,False,,,False,,,0,,,COMPLAINT_MATCHED,,Dedicated single-property source page,https://www.sikayetvar.com/kefaluka-resort,2026-08-25T12:58:29.219502+00:00,Bodrum Kefaluka’da Gıda Zehirlenmesi Ve Destek Yokluğu,"21–26 Temmuz tarihleri arasında Bodrum Kefaluka Resort Otel’de, 1001 numaralı odada konakladım. Bu otele üçüncü gelişimiz olmasına rağmen yaşadığımız bu son deneyim hem sağlık hem de ilgi açısından bizi çok hayal kırıklığına uğrattı. 24 Temmuz akşamı akşam yemeğinde otelin İtalyan restoranında yediğimiz yemek sonrası besin zehirlenmesi yaşadım. Kusma, ishal, ateş ve titreme şikayetleriyle Muğla Devlet Hastanesi’ne başvurmak zorunda kaldım. Hastaneye giderken de dönerken de resepsiyonda herhangi bir görevli yoktu, bu süreçte otelden hiçbir destek alamadım. Otelde doktor da yoktu, ayrıca otel hemşiresiyle telefonda görüştüğümüzde de yapabileceği hiçbir şey olmadığını söyleyip odamıza bile gelmeyerek bizi tamamen kendi halimize bıraktı. Yaşadığım ciddi sağlık sorununa rağmen dönüşte otel yönetimi tarafından ne bir telafi, ne bir ilgi ne de bir geçmiş olsun yaklaşımı gördüm. Üstüne bir de akşam yemeğinde eşimin yediği haydari’nin içinden yoğurdun plastik kapağından kopmuş bir parça çıkması, hijyen ve kontrol anlamında ne kadar ciddi sorunlar olduğunu gösterdi. Otel yönetiminden herhangi bir maddi beklentim yok, sadece bu yaşadıklarımın görünür olmasını ve başka misafirlerin benzer bir sağlık sorunu yaşamamasını istiyorum.",,,1237,167,54,7,,,,,False,False,False,False,False,False,False,False,False,2026-08-25 12:58:29.219502,2026-07-26 15:06:00,True,DAY_MONTH_TIME_NO_YEAR,False,False,True,False,2026,7,2026-07,,,316,,0,False,False,False,False,False,False,Kefaluka Resort,Akyarlar,4.4,4293,,,,,False,False,False,0,0,0,0,,,False,False,False
sezlong-ve-havlu-takibinde-sorumluluk-almayan-otel-yonetimi,https://www.sikayetvar.com/kefaluka-resort/sezlong-ve-havlu-takibinde-sorumluluk-almayan-otel-yonetimi,https://www.sikayetvar.com/kefaluka-resort/sezlong-ve-havlu-takibinde-sorumluluk-almayan-otel-yonetimi,BOD007,Kefaluka Resort,Akyarlar,Kefaluka Resort,sezlong-ve-havlu-takibinde-sorumluluk-almayan-otel-yonetimi,https://www.sikayetvar.com/kefaluka-resort/sezlong-ve-havlu-takibinde-sorumluluk-almayan-otel-yonetimi,Şezlong Ve Havlu Takibinde Sorumluluk Almayan Otel Yönetimi,"17.07.2026 günü saat 11.00 civarında Kefaluka Resort’ta havuz başında yaşadığımız bir sorunla ilgili şikayetimi paylaşmak istiyorum. Eşim şezlongları ayarlayıp havluları bırakmıştı, biz daha sonra havuza indiğimizde havlularımızın üzerinde başka misafirlerin oturduğunu gördük. Bu durumu görevlilere ilettiğimizde “bizlik bir durum yok” dendi, sadece yeni havlu vermeyi teklif ettiler.
Benim itirazım havludan çok, önceden ayrılmış olan şezlong ve şemsiyelerin bu kadar kolay şekilde başkalarına bırakılmış olması ve bununla ilgili hiçbir sorumluluk alınmaması. Biz bu oteli ikinci kez tercih ettik ancak önceki gelişimize göre ciddi anlamda sınıf ve kalite düşüşü olduğunu hissettik.
Olayın netleşmesi için kamera kaydı olup olmadığını sordum. “Kamera yok” denildi, oysa eğer kamera varsa görüntülerle durum rahatlıkla ortaya konabilirdi. Ne doğru düzgün bir açıklama yapıldı ne de yaşadığımız mağduriyeti giderecek bir çözüm üretildi.
Otel yönetiminden, havuz ve plaj alanlarında şezlong düzeni ve havlu takibi konusunda daha ciddi bir sistem kurulmasını, misafirlerin emanet ettiği eşyaların ve ayrılmış alanların korunmasını ve bu yaşanan olayla ilgili tarafıma açıklama ve uygun bir telafi sunulmasını bekliyorum.",17 Temmuz 13:38,357,,,,False,,,False,,,0,,,COMPLAINT_MATCHED,,Dedicated single-property source page,https://www.sikayetvar.com/kefaluka-resort,2026-08-25T12:58:29.219502+00:00,Şezlong Ve Havlu Takibinde Sorumluluk Almayan Otel Yönetimi,"17.07.2026 günü saat 11.00 civarında Kefaluka Resort’ta havuz başında yaşadığımız bir sorunla ilgili şikayetimi paylaşmak istiyorum. Eşim şezlongları ayarlayıp havluları bırakmıştı, biz daha sonra havuza indiğimizde havlularımızın üzerinde başka misafirlerin oturduğunu gördük. Bu durumu görevlilere ilettiğimizde “bizlik bir durum yok” dendi, sadece yeni havlu vermeyi teklif ettiler. Benim itirazım havludan çok, önceden ayrılmış olan şezlong ve şemsiyelerin bu kadar kolay şekilde başkalarına bırakılmış olması ve bununla ilgili hiçbir sorumluluk alınmaması. Biz bu oteli ikinci kez tercih ettik ancak önceki gelişimize göre ciddi anlamda sınıf ve kalite düşüşü olduğunu hissettik. Olayın netleşmesi için kamera kaydı olup olmadığını sordum. “Kamera yok” denildi, oysa eğer kamera varsa görüntülerle durum rahatlıkla ortaya konabilirdi. Ne doğru düzgün bir açıklama yapıldı ne de yaşadığımız mağduriyeti giderecek bir çözüm üretildi. Otel yönetiminden, havuz ve plaj alanlarında şezlong düzeni ve havlu takibi konusunda daha ciddi bir sistem kurulmasını, misafirlerin emanet ettiği eşyaların ve ayrılmış alanların korunmasını ve bu yaşanan olayla ilgili tarafıma açıklama ve uygun bir telafi sunulmasını bekliyorum.",,,1218,161,59,8,,,,,False,False,False,False,False,False,False,False,False,2026-08-25 12:58:29.219502,2026-07-17 13:38:00,True,DAY_MONTH_TIME_NO_YEAR,False,False,True,False,2026,7,2026-07,,,357,,0,False,False,False,True,False,False,Kefaluka Resort,Akyarlar,4.4,4293,,,,,False,False,False,0,0,0,0,,,False,False,False
kefaluka-otelde-unutulan-gozlugun-bulunamamasi-ve-guvenlik-ihmali,https://www.sikayetvar.com/kefaluka-resort/kefaluka-otelde-unutulan-gozlugun-bulunamamasi-ve-guvenlik-ihmali,https://www.sikayetvar.com/kefaluka-resort/kefaluka-otelde-unutulan-gozlugun-bulunamamasi-ve-guvenlik-ihmali,BOD007,Kefaluka Resort,Akyarlar,Kefaluka Resort,kefaluka-otelde-unutulan-gozlugun-bulunamamasi-ve-guvenlik-ihmali,https://www.sikayetvar.com/kefaluka-resort/kefaluka-otelde-unutulan-gozlugun-bulunamamasi-ve-guvenlik-ihmali,Kefaluka Otel’de Unutulan Gözlüğün Bulunamaması Ve Güvenlik İhmali,"3 Temmuz Cuma günü Kefaluka Otel’de çocuk havuzunun yanındaki şezlongda güneş gözlüğümü unuttum. Fark ettiğimde aynı yere geri dönüp durumu personele ilettim, gözlüğü bıraktığım yeri açıkça tarif etmeme rağmen bulunamadığını söylediler. Güvenlik kameralarına bakılmasını talep etmeme rağmen kameraya bile bakılmadı ve konuya karşı herhangi bir ilgi gösterilmedi.
Görüşme sırasında bana yalnızca “Hayır, bize gelmedi, gelirse bilgi veririz” denildi, bunun dışında ne detaylı bir kayıt alındı ne de bir form doldurtuldu. Ertesi gün, cumartesi günü tatilim bitti ve otelden çıkış yaptım, aradan günler geçmesine rağmen gözlüğümle ilgili hiçbir şekilde tarafıma geri dönüş yapılmadı.
Hem eşyamın kaybolması hem de güvenlik ve ilgi anlamında ciddi bir zafiyet olduğunu düşünüyorum. Gözlüğümün akıbetinin araştırılmasını, güvenlik kameralarının incelenmesini, tarafıma resmi bir açıklama ve özür ile birlikte gözlüğümün bedelinin karşılanmasını talep ediyorum.",7 Temmuz 13:36,498,,,,True,8 Temmuz 00:38,"Sayın Misafir, 

Kefaluka Resort’ta gerçekleştirdiğiniz konaklamanın ardından paylaştığınız geri bildiriminiz için teşekkür ederiz.

Çocuk havuzu kenarında unuttuğunuz güneş gözlüğünüz, bildiriminiz anından itibaren resmi kayıtlarımıza alınmış ve titizlikle yürütülen kamera/saha incelemelerimiz neticesinde bugün itibarıyla bulunarak Kayıp Eşya (Lost & Found) birimimizde koruma altına alınmıştır. Güvenlik kameralarının geriye dönük incelenmesi teknik bir süreç gerektirdiğinden, eşyanızın tespiti doğal olarak bugünü bulmuştur; dolayısıyla süreçte herhangi bir zafiyet ya da ilgisizlik söz konusu değildir.

Gözlüğünüzün bulunduğu bilgisini paylaşmak adına çıkış gününüzde ve bugün kayıtlı numaranızdan size ulaşılmaya çalışılmış, ancak aramalarımız yanıtsız kalmıştır.

Eşyanız tesisimizde güvenle muhafaza edilmektedir. Yarın gün içinde, teslimat detaylarını netleştirmek adına sizinle tekrar iletişime geçilecektir.

Saygılarımızla, 

Misafir İlişkileri Yönetimi",False,,,1,9 Temmuz 15:17,"Evet sonunda nasıl olduysa bulunmuş orada 6 günde, gözlüğün sap kısımları sanki taş ile ezilmiş çizilmiş. Alici ödeme yoluyla 850 TL bedelle İstanbul'a gönderilmiş. Yazık sizin gibi 5 yıldızlı otele tanıdığın tanımadığım herkese aldığım hizmeti tavırınızı anlatacağım!",COMPLAINT_MATCHED,,Dedicated single-property source page,https://www.sikayetvar.com/kefaluka-resort,2026-08-25T12:58:29.219502+00:00,Kefaluka Otel’de Unutulan Gözlüğün Bulunamaması Ve Güvenlik İhmali,"3 Temmuz Cuma günü Kefaluka Otel’de çocuk havuzunun yanındaki şezlongda güneş gözlüğümü unuttum. Fark ettiğimde aynı yere geri dönüp durumu personele ilettim, gözlüğü bıraktığım yeri açıkça tarif etmeme rağmen bulunamadığını söylediler. Güvenlik kameralarına bakılmasını talep etmeme rağmen kameraya bile bakılmadı ve konuya karşı herhangi bir ilgi gösterilmedi. Görüşme sırasında bana yalnızca “Hayır, bize gelmedi, gelirse bilgi veririz” denildi, bunun dışında ne detaylı bir kayıt alındı ne de bir form doldurtuldu. Ertesi gün, cumartesi günü tatilim bitti ve otelden çıkış yaptım, aradan günler geçmesine rağmen gözlüğümle ilgili hiçbir şekilde tarafıma geri dönüş yapılmadı. Hem eşyamın kaybolması hem de güvenlik ve ilgi anlamında ciddi bir zafiyet olduğunu düşünüyorum. Gözlüğümün akıbetinin araştırılmasını, güvenlik kameralarının incelenmesini, tarafıma resmi bir açıklama ve özür ile birlikte gözlüğümün bedelinin karşılanmasını talep ediyorum.","Sayın Misafir, Kefaluka Resort’ta gerçekleştirdiğiniz konaklamanın ardından paylaştığınız geri bildiriminiz için teşekkür ederiz. Çocuk havuzu kenarında unuttuğunuz güneş gözlüğünüz, bildiriminiz anından itibaren resmi kayıtlarımıza alınmış ve titizlikle yürütülen kamera/saha incelemelerimiz neticesinde bugün itibarıyla bulunarak Kayıp Eşya (Lost & Found) birimimizde koruma altına alınmıştır. Güvenlik kameralarının geriye dönük incelenmesi teknik bir süreç gerektirdiğinden, eşyanızın tespiti doğal olarak bugünü bulmuştur; dolayısıyla süreçte herhangi bir zafiyet ya da ilgisizlik söz konusu değildir. Gözlüğünüzün bulunduğu bilgisini paylaşmak adına çıkış gününüzde ve bugün kayıtlı numaranızdan size ulaşılmaya çalışılmış, ancak aramalarımız yanıtsız kalmıştır. Eşyanız tesisimizde güvenle muhafaza edilmektedir. Yarın gün içinde, teslimat detaylarını netleştirmek adına sizinle tekrar iletişime geçilecektir. Saygılarımızla, Misafir İlişkileri Yönetimi",,954,125,66,8,960,107,,,False,False,False,False,False,False,False,False,False,2026-08-25 12:58:29.219502,2026-07-07 13:36:00,True,DAY_MONTH_TIME_NO_YEAR,False,False,True,False,2026,7,2026-07,2026-07-08 00:38:00,,498,,1,False,True,False,False,False,False,Kefaluka Resort,Akyarlar,4.4,4293,,,,,False,False,False,2,1,1,0,2026-07-08 00:38:00,2026-07-09 15:17:00,True,False,False
kefaluka-resortta-cokmus-altyapi-ve-yetersiz-yonetim,https://www.sikayetvar.com/kefaluka-resort/kefaluka-resortta-cokmus-altyapi-ve-yetersiz-yonetim,https://www.sikayetvar.com/kefaluka-resort/kefaluka-resortta-cokmus-altyapi-ve-yetersiz-yonetim,BOD007,Kefaluka Resort,Akyarlar,Kefaluka Resort,kefaluka-resortta-cokmus-altyapi-ve-yetersiz-yonetim,https://www.sikayetvar.com/kefaluka-resort/kefaluka-resortta-cokmus-altyapi-ve-yetersiz-yonetim,'ta Çökmüş Altyapı Ve Yetersiz Yönetim,"Kefaluka Resort Bodrum: Vasat Ötesi Yönetim ve Çökmüş Altyapı!
22-25 Haziran 2026 tarihleri arasında Ultra Her Şey Dahil konseptiyle konakladığım Kefaluka Resort (Oda: 5108), 5 yıldız standartlarının fersah fersah uzağında, tamamen bakımsızlık ve yönetim zafiyetiyle dolu bir hayal kırıklığıdır. Ödediğimiz yüksek meblağın karşılığında paramızla rezil oluyoruz. Yaşadığımız rezaletler:
İnternet (Wi-Fi) : Otelin bir çok yerinde internet çekmiyor. Çağ dışı bir altyapı var. Odalarda ve ortak alanlarda sürekli bağlantı kopuyor, işlerimizi takip etmek imkansız.
Kabus Gibi Asansörler: Katlar arası asansörler hem yetersiz hem teknik olarak felaket. O kadar ağır ve yavaş ki, her an düşecekmiş gibi sallanıyor ve güvensizlik hissi veriyor. Dahası, asansörlerde havalandırma yok. İçeri girdiğiniz an nefessiz kalıp terliyorsunuz. Kuyruklar tam bir çile.
Öğle Yemeği Yok : Onay belgemde açıkça “Öğle yemeği dahil” yazmasına rağmen otelde öğle yemeği konsepti yok. 13:30’a kadar geç kahvaltıyla geçiştirip ana restoranı kapatıyorlar. Yemekler lezzetsiz ve sürekli kendini tekrar ediyor.
Tıbbi Mazerete Sıfır Saygı: Güneş yanıklarım nedeniyle omuzlarımda açık yara, ayağımda ileri derece su toplaması varken, canım acıdığı için t-shirt ve kapalı ayakkabı giyemeyeceğimi belirterek fitnessa girdim. Beni salondan çıkardılar. Durumu izah ettiğim Misafir İlişkileri personelleri İ*** Hanım ve G**** Hanım beni saatlerce oyalayıp dönmedi. Müdür K**** A******* ise sağlık mazeretimi hiçe sayarak katı kuralların arkasına sığındı. Resepsiyondaki M*** Bey ise üst yönetimle görüşme talebimi “Yardımcı olamıyorum” diyerek yüzüme kestirip attı.
Bakımsızlık: Otel genel olarak çok eski, dökülüyor ve bakımsız, ayrıca plajda denize girişte kullanılan merdivenlerin yosun tutmuş ve son derece kaygan olması ciddi bir güvenlik riski yaratıyor.
Plaj : Burada yüzmek imkansız aşırı derecede rüzgar var neredeyse telefonları uçurabilecek kadar şiddetli gerisini siz düşünün. İsminide rüzgardan dolayı almış.
Kültür ve Turizm Bakanlığı ile ilgili il müdürlüğü nezdinde resmi şikayet süreçlerini başlattığımı ve bu sürecin halen devam ettiğini bildiririm. Tekrar gelinmesi imkansız, vasat bir işletme olduğunu görüyorum.",23 Haziran 18:51,631,,,,True,25 Haziran 12:02,"Sayın Misafirimiz, 
Tesisimizde gerçekleştirdiğiniz konaklama sürecinize ve dijital platformlar üzerinden paylaştığınız değerli geri bildirimlerinize ilişkin detaylar, yönetimimiz tarafından büyük bir titizlikle incelenmiştir.
Öncelikle tatiliniz sırasında yaşamış olduğunuz güneş yanığı rahatsızlığı nedeniyle geçmiş olsun dileklerimizi samimiyetle iletmek isteriz. Ortak kullanım alanlarımızdan fitness salonumuzda uygulanan kapalı spor ayakkabısı ve uygun spor kıyafeti zorunluluğu; sizlerin de takdir edeceği üzere yalnızca tesis içi basit bir kuraldan ibaret olmayıp, 6331 sayılı İş Sağlığı ve Güvenliği Kanunu, genel hijyen yönetmelikleri ve uluslararası emniyet standartları gereği tüm misafirlerimizin sağlığını ve can güvenliğini korumak adına tavizsiz uygulanması gereken yasal bir yükümlülüktür.
Sağlık durumunuz nedeniyle bu kuralların esnetilmesini talep ettiğiniz süreçte, sizleri spordan uzak bırakmamak ve tatil konforunuzu korumak adına Misafir İlişkileri ekibimiz son derece yapıcı bir yaklaşımla yaklaşmıştır. Bu doğrultuda, açık hava Yoga alanımızda kullanabileceğiniz size özel serbest ağırlıklar (dumbbell) ve taşınabilir spor ekipmanları alternatif bir çözüm olarak sunulmuş, ancak bu önerimiz kabul görmemiştir. Bununla birlikte, yapılan bilgilendirmelerin hemen akabinde, şahsınızın uygun spor kıyafetlerini ve kapalı spor ayakkabılarını giyerek fitness salonumuzu ziyaret ettiği, tesis imkanlarından herhangi bir sağlık konforu kaybı yaşamadan, rutin ve güvenli bir şekilde faydalandığı kronolojik hizmet kayıtlarımız ve departman tutanaklarımızla sabittir. Bu durum, paylaşımlarınızda yer alan mağduriyet iddialarının aksine, tesisimizin misafir güvenliğini ön planda tutarken hizmet sunmaya devam ettiğini göstermektedir.
Otelimiz, ""Ultra Her Şey Dahil"" konseptinde hizmet vermekte olup; ana restoranımızın yanı sıra gün boyu kesintisiz hizmet sunan snack restoranlarımız, pastanemiz ve alternatif yiyecek alanlarımızla öğle yemeği dahil tüm ikramlar uluslararası standartlarda eksiksiz şekilde misafirlerimize ulaştırılmaktadır. Bölgemizin kendine has coğrafi bir zenginliği olan Bodrum rüzgarını veya periyodik uluslararası denetimlerden başarıyla geçen altyapı ve asansör sistemlerimizi, kuralların uygulanmasına duyulan bir sitem nedeniyle ""yetersiz"" olarak nitelendirmenin objektif eleştiri sınırlarının ötesinde kaldığını üzülerek belirtmek isteriz.
Son olarak; görevlerini yasal mevzuata ve misafir memnuniyeti ilkelerine uygun olarak nezaketle yürüten çalışanlarımızın isimlerinin, rızaları olmaksızın dijital mecralarda açıkça zikredilerek hedef gösterilmesi, 6698 sayılı Kişisel Verilerin Korunması Kanunu (KVKK) kapsamında yasal bir ihlal niteliği taşımaktadır. Tesisimizin ticari itibarına ve özveriyle çalışan personellerimizin şahsi haklarına yönelik gerçekleştirilen bu haksız paylaşımlara karşı, her kurumsal işletme gibi tüm yasal haklarımızı saklı tuttuğumuzu bilgilerinize sunarız.
Yaşadığınız rahatsızlığın tekrar geçmiş olmasını diler, sağlıklı günler dileriz.
Saygılarımızla, 
Kefaluka Resort Yönetimi",False,,,1,3 Temmuz 19:27,Restorant alanında öğlen yemeği var savınız bizzat sizin tabelalarınız ile doğrulanmazken aksini iddaa etmeniz ilginç bundan dolayı diğer doğru olmayan iddalariniza cevap vermeyi uygun görmedim.,COMPLAINT_MATCHED,,Dedicated single-property source page,https://www.sikayetvar.com/kefaluka-resort,2026-08-25T12:58:29.219502+00:00,'ta Çökmüş Altyapı Ve Yetersiz Yönetim,"Kefaluka Resort Bodrum: Vasat Ötesi Yönetim ve Çökmüş Altyapı! 22-25 Haziran 2026 tarihleri arasında Ultra Her Şey Dahil konseptiyle konakladığım Kefaluka Resort (Oda: 5108), 5 yıldız standartlarının fersah fersah uzağında, tamamen bakımsızlık ve yönetim zafiyetiyle dolu bir hayal kırıklığıdır. Ödediğimiz yüksek meblağın karşılığında paramızla rezil oluyoruz. Yaşadığımız rezaletler: İnternet (Wi-Fi) : Otelin bir çok yerinde internet çekmiyor. Çağ dışı bir altyapı var. Odalarda ve ortak alanlarda sürekli bağlantı kopuyor, işlerimizi takip etmek imkansız. Kabus Gibi Asansörler: Katlar arası asansörler hem yetersiz hem teknik olarak felaket. O kadar ağır ve yavaş ki, her an düşecekmiş gibi sallanıyor ve güvensizlik hissi veriyor. Dahası, asansörlerde havalandırma yok. İçeri girdiğiniz an nefessiz kalıp terliyorsunuz. Kuyruklar tam bir çile. Öğle Yemeği Yok : Onay belgemde açıkça “Öğle yemeği dahil” yazmasına rağmen otelde öğle yemeği konsepti yok. 13:30’a kadar geç kahvaltıyla geçiştirip ana restoranı kapatıyorlar. Yemekler lezzetsiz ve sürekli kendini tekrar ediyor. Tıbbi Mazerete Sıfır Saygı: Güneş yanıklarım nedeniyle omuzlarımda açık yara, ayağımda ileri derece su toplaması varken, canım acıdığı için t-shirt ve kapalı ayakkabı giyemeyeceğimi belirterek fitnessa girdim. Beni salondan çıkardılar. Durumu izah ettiğim Misafir İlişkileri personelleri İ*** Hanım ve G**** Hanım beni saatlerce oyalayıp dönmedi. Müdür K**** A******* ise sağlık mazeretimi hiçe sayarak katı kuralların arkasına sığındı. Resepsiyondaki M*** Bey ise üst yönetimle görüşme talebimi “Yardımcı olamıyorum” diyerek yüzüme kestirip attı. Bakımsızlık: Otel genel olarak çok eski, dökülüyor ve bakımsız, ayrıca plajda denize girişte kullanılan merdivenlerin yosun tutmuş ve son derece kaygan olması ciddi bir güvenlik riski yaratıyor. Plaj : Burada yüzmek imkansız aşırı derecede rüzgar var neredeyse telefonları uçurabilecek kadar şiddetli gerisini siz düşünün. İsminide rüzgardan dolayı almış. Kültür ve Turizm Bakanlığı ile ilgili il müdürlüğü nezdinde resmi şikayet süreçlerini başlattığımı ve bu sürecin halen devam ettiğini bildiririm. Tekrar gelinmesi imkansız, vasat bir işletme olduğunu görüyorum.","Sayın Misafirimiz, Tesisimizde gerçekleştirdiğiniz konaklama sürecinize ve dijital platformlar üzerinden paylaştığınız değerli geri bildirimlerinize ilişkin detaylar, yönetimimiz tarafından büyük bir titizlikle incelenmiştir. Öncelikle tatiliniz sırasında yaşamış olduğunuz güneş yanığı rahatsızlığı nedeniyle geçmiş olsun dileklerimizi samimiyetle iletmek isteriz. Ortak kullanım alanlarımızdan fitness salonumuzda uygulanan kapalı spor ayakkabısı ve uygun spor kıyafeti zorunluluğu; sizlerin de takdir edeceği üzere yalnızca tesis içi basit bir kuraldan ibaret olmayıp, 6331 sayılı İş Sağlığı ve Güvenliği Kanunu, genel hijyen yönetmelikleri ve uluslararası emniyet standartları gereği tüm misafirlerimizin sağlığını ve can güvenliğini korumak adına tavizsiz uygulanması gereken yasal bir yükümlülüktür. Sağlık durumunuz nedeniyle bu kuralların esnetilmesini talep ettiğiniz süreçte, sizleri spordan uzak bırakmamak ve tatil konforunuzu korumak adına Misafir İlişkileri ekibimiz son derece yapıcı bir yaklaşımla yaklaşmıştır. Bu doğrultuda, açık hava Yoga alanımızda kullanabileceğiniz size özel serbest ağırlıklar (dumbbell) ve taşınabilir spor ekipmanları alternatif bir çözüm olarak sunulmuş, ancak bu önerimiz kabul görmemiştir. Bununla birlikte, yapılan bilgilendirmelerin hemen akabinde, şahsınızın uygun spor kıyafetlerini ve kapalı spor ayakkabılarını giyerek fitness salonumuzu ziyaret ettiği, tesis imkanlarından herhangi bir sağlık konforu kaybı yaşamadan, rutin ve güvenli bir şekilde faydalandığı kronolojik hizmet kayıtlarımız ve departman tutanaklarımızla sabittir. Bu durum, paylaşımlarınızda yer alan mağduriyet iddialarının aksine, tesisimizin misafir güvenliğini ön planda tutarken hizmet sunmaya devam ettiğini göstermektedir. Otelimiz, ""Ultra Her Şey Dahil"" konseptinde hizmet vermekte olup; ana restoranımızın yanı sıra gün boyu kesintisiz hizmet sunan snack restoranlarımız, pastanemiz ve alternatif yiyecek alanlarımızla öğle yemeği dahil tüm ikramlar uluslararası standartlarda eksiksiz şekilde misafirlerimize ulaştırılmaktadır. Bölgemizin kendine has coğrafi bir zenginliği olan Bodrum rüzgarını veya periyodik uluslararası denetimlerden başarıyla geçen altyapı ve asansör sistemlerimizi, kuralların uygulanmasına duyulan bir sitem nedeniyle ""yetersiz"" olarak nitelendirmenin objektif eleştiri sınırlarının ötesinde kaldığını üzülerek belirtmek isteriz. Son olarak; görevlerini yasal mevzuata ve misafir memnuniyeti ilkelerine uygun olarak nezaketle yürüten çalışanlarımızın isimlerinin, rızaları olmaksızın dijital mecralarda açıkça zikredilerek hedef gösterilmesi, 6698 sayılı Kişisel Verilerin Korunması Kanunu (KVKK) kapsamında yasal bir ihlal niteliği taşımaktadır. Tesisimizin ticari itibarına ve özveriyle çalışan personellerimizin şahsi haklarına yönelik gerçekleştirilen bu haksız paylaşımlara karşı, her kurumsal işletme gibi tüm yasal haklarımızı saklı tuttuğumuzu bilgilerinize sunarız. Yaşadığınız rahatsızlığın tekrar geçmiş olmasını diler, sağlıklı günler dileriz. Saygılarımızla, Kefaluka Resort Yönetimi",,2195,293,38,6,3049,352,,,False,False,False,False,False,False,False,False,False,2026-08-25 12:58:29.219502,2026-06-23 18:51:00,True,DAY_MONTH_TIME_NO_YEAR,False,False,True,False,2026,6,2026-06,2026-06-25 12:02:00,,631,,1,False,True,False,False,False,False,Kefaluka Resort,Akyarlar,4.4,4293,,,,,False,False,False,2,1,1,0,2026-06-25 12:02:00,2026-07-03 19:27:00,True,False,False
kefaluka-otelinde-televizyon-arizasi-ve-vasat-yemek-hizmeti,https://www.sikayetvar.com/kefaluka-resort/kefaluka-otelinde-televizyon-arizasi-ve-vasat-yemek-hizmeti,https://www.sikayetvar.com/kefaluka-resort/kefaluka-otelinde-televizyon-arizasi-ve-vasat-yemek-hizmeti,BOD007,Kefaluka Resort,Akyarlar,Kefaluka Resort,kefaluka-otelinde-televizyon-arizasi-ve-vasat-yemek-hizmeti,https://www.sikayetvar.com/kefaluka-resort/kefaluka-otelinde-televizyon-arizasi-ve-vasat-yemek-hizmeti,Kefaluka Otelinde Televizyon Arızası Ve Vasat Yemek Hizmeti,"Haziran ayında Kefaluka otelde 4 günlük bir konaklama yaptım. Konaklama sürecinde hem oda hem de yemekler konusunda ciddi hayal kırıklığı yaşadım. Yemekler oldukça vasattı ve özellikle alakart restorana girmek son derece zordu, randevu sistemi nedeniyle neredeyse kullanma imkanı bulamadık.
Kaldığımız odada 2 adet televizyon bulunmasına rağmen ikisi de çalışmıyordu. Durumu otele ilettim, ilgilendiklerini söylediler ancak ertesi gün yine aynı sorun devam etti ve televizyonlar hâlâ çalışmıyordu. Bu kadar ücret ödenen bir tesiste bu tür temel hizmetlerin aksaması ve kalıcı olarak çözülmemesi kabul edilebilir değil.
Herhangi bir maddi talebim yok, sadece bu yaşananların ciddiye alınmasını ve başka misafirlerin benzer sorunları yaşamaması için gerekli düzenlemelerin yapılmasını istiyorum.",14 Haziran 09:32,462,,,,True,14 Haziran 16:58,"Değerli Misafirimiz, 

Öncelikle geri bildiriminizi bizimle paylaştığınız için teşekkür ederiz.

Konaklamanız sırasında beklentilerinizi tam olarak karşılayamamış olmaktan dolayı üzüntü duyduğumuzu belirtmek isteriz. Yemek çeşitliliği ve lezzet algısı kişisel tercihlere göre farklılık gösterebilmekle birlikte, yorumlarınızı ilgili departmanlarımızla paylaşacağımızdan emin olabilirsiniz.

A la carte restoranlarımızla ilgili olarak ise, konseptimiz gereği ücretsiz kullanım hakkı 5 gece ve üzeri konaklayan misafirlerimize sunulmaktadır. Bununla birlikte, misafir memnuniyetini ön planda tutarak zaman zaman inisiyatif kullanılarak farklı uygulamalar gerçekleştirilebilmektedir. Ancak bu durum tamamen restoranlarımızın müsaitlik durumuna bağlı olup garanti edilememektedir. Bu nedenle talep edilen tarihlerde yer bulunamaması söz konusu olabilmektedir.

Televizyonlarla ilgili yaşadığınız sorun konusunda kayıtlarımız incelendiğinde, tarafımıza yalnızca bir kez arıza bildirimi yapıldığı görülmektedir. İlgili talep teknik ekibimize iletilmiş ve gerekli kontroller gerçekleştirilmiştir. Konaklamanız süresince sorunun devam etmesi halinde tekrar bilgi verilmesi durumunda ek müdahale sağlanabilirdi. Bununla birlikte, yaşadığınız memnuniyetsizliği anlıyor ve geri bildiriminizi dikkate alıyoruz.

Yorumlarınız, hizmet kalitemizi geliştirmemiz açısından bizim için değerlidir. Görüşlerinizi paylaştığınız için tekrar teşekkür ederiz.

Saygılarımızla, 

Kefaluka Resort Bodrum Misafir İlişkileri Ekibi",False,,,0,,,COMPLAINT_MATCHED,,Dedicated single-property source page,https://www.sikayetvar.com/kefaluka-resort,2026-08-25T12:58:29.219502+00:00,Kefaluka Otelinde Televizyon Arızası Ve Vasat Yemek Hizmeti,"Haziran ayında Kefaluka otelde 4 günlük bir konaklama yaptım. Konaklama sürecinde hem oda hem de yemekler konusunda ciddi hayal kırıklığı yaşadım. Yemekler oldukça vasattı ve özellikle alakart restorana girmek son derece zordu, randevu sistemi nedeniyle neredeyse kullanma imkanı bulamadık. Kaldığımız odada 2 adet televizyon bulunmasına rağmen ikisi de çalışmıyordu. Durumu otele ilettim, ilgilendiklerini söylediler ancak ertesi gün yine aynı sorun devam etti ve televizyonlar hâlâ çalışmıyordu. Bu kadar ücret ödenen bir tesiste bu tür temel hizmetlerin aksaması ve kalıcı olarak çözülmemesi kabul edilebilir değil. Herhangi bir maddi talebim yok, sadece bu yaşananların ciddiye alınmasını ve başka misafirlerin benzer sorunları yaşamaması için gerekli düzenlemelerin yapılmasını istiyorum.","Değerli Misafirimiz, Öncelikle geri bildiriminizi bizimle paylaştığınız için teşekkür ederiz. Konaklamanız sırasında beklentilerinizi tam olarak karşılayamamış olmaktan dolayı üzüntü duyduğumuzu belirtmek isteriz. Yemek çeşitliliği ve lezzet algısı kişisel tercihlere göre farklılık gösterebilmekle birlikte, yorumlarınızı ilgili departmanlarımızla paylaşacağımızdan emin olabilirsiniz. A la carte restoranlarımızla ilgili olarak ise, konseptimiz gereği ücretsiz kullanım hakkı 5 gece ve üzeri konaklayan misafirlerimize sunulmaktadır. Bununla birlikte, misafir memnuniyetini ön planda tutarak zaman zaman inisiyatif kullanılarak farklı uygulamalar gerçekleştirilebilmektedir. Ancak bu durum tamamen restoranlarımızın müsaitlik durumuna bağlı olup garanti edilememektedir. Bu nedenle talep edilen tarihlerde yer bulunamaması söz konusu olabilmektedir. Televizyonlarla ilgili yaşadığınız sorun konusunda kayıtlarımız incelendiğinde, tarafımıza yalnızca bir kez arıza bildirimi yapıldığı görülmektedir. İlgili talep teknik ekibimize iletilmiş ve gerekli kontroller gerçekleştirilmiştir. Konaklamanız süresince sorunun devam etmesi halinde tekrar bilgi verilmesi durumunda ek müdahale sağlanabilirdi. Bununla birlikte, yaşadığınız memnuniyetsizliği anlıyor ve geri bildiriminizi dikkate alıyoruz. Yorumlarınız, hizmet kalitemizi geliştirmemiz açısından bizim için değerlidir. Görüşlerinizi paylaştığınız için tekrar teşekkür ederiz. Saygılarımızla, Kefaluka Resort Bodrum Misafir İlişkileri Ekibi",,793,105,59,8,1493,161,,,False,False,False,False,False,False,False,False,False,2026-08-25 12:58:29.219502,2026-06-14 09:32:00,True,DAY_MONTH_TIME_NO_YEAR,False,False,True,False,2026,6,2026-06,2026-06-14 16:58:00,,462,,0,False,True,False,False,False,False,Kefaluka Resort,Akyarlar,4.4,4293,,,,,False,False,False,1,1,0,0,2026-06-14 16:58:00,2026-06-14 16:58:00,True,False,False
kefaluka-resort-hijyen-acisindan-endiselendirdi,https://www.sikayetvar.com/kefaluka-resort/kefaluka-resort-hijyen-acisindan-endiselendirdi,https://www.sikayetvar.com/kefaluka-resort/kefaluka-resort-hijyen-acisindan-endiselendirdi,BOD007,Kefaluka Resort,Akyarlar,Kefaluka Resort,kefaluka-resort-hijyen-acisindan-endiselendirdi,https://www.sikayetvar.com/kefaluka-resort/kefaluka-resort-hijyen-acisindan-endiselendirdi,Hijyen Açısından Endişelendirdi,"Haziran ayında ailemle birlikte Kefaluka Otel’de 5 gece konakladım ve internet üzerinde gördüğüm tanıtımlarla otelin gerçek durumu arasında ciddi farklar olduğunu üzülerek deneyimledim. Özellikle çocuklu aileleri hedefleyen paylaşımlarına rağmen, çocuk parkının küf içinde ve bakımsız olması beni hem hayal kırıklığına uğrattı hem de hijyen açısından endişelendirdi.
Otelin genel işleyişinde de sürekli bir acele ve koşturma hali hissettik. A la carte restoran konusunda ise misafirlere sunulan vaatler ile yaşatılan deneyim örtüşmedi; ya açılmadı ya da tercih edilmeyen seçeneklere yönlendirilerek misafir adeta zorlandı. Sahil kısmında da garson hizmeti son derece yetersizdi, kaldığımız süre boyunca bütün içeceklerimizi kendimiz almak zorunda kaldık ve bu durum tatil konforumuzu ciddi şekilde azalttı.
Tüm bu olumsuzlukları otel yetkililerine ve misafir ilişkilerine iletmeme rağmen sadece not alındı ve sonrasında olumsuz bir dönüş yapıldı, herhangi bir çözüm veya telafi sunulmadı. Bu konaklamadan memnun kalmadım ve bir daha bu oteli tercih etmeyeceğim.
Yaşadığım bu deneyimin dikkate alınmasını, özellikle çocuk alanlarının hijyen ve bakımının acilen gözden geçirilmesini, sahil ve garson hizmetlerinin iyileştirilmesini ve a la carte restoran uygulamalarının misafirleri mağdur etmeyecek şekilde düzeltilmesini, ayrıca benzer şekilde tatil planlayan ailelerin de bu konularda bilgilendirilmesini talep ediyorum.",12 Haziran 15:40,425,,,,True,13 Haziran 16:21,"Değerli Misafirimiz Barış Bey, 

Yorumunuzu üzülerek okuduk. Ancak paylaşımınızda yer alan bazı hususların gerçeği tam olarak yansıtmadığını belirtmek isteriz.

Çocuk oyun alanlarıyla ilgili tarafımıza ilettiğiniz geri bildiriminiz üzerine gerekli kontroller ilgili departmanlarımız tarafından gerçekleştirilmiştir. Yapılan incelemelerde, iddia ettiğiniz şekilde bir hijyen veya güvenlik sorunu tespit edilmemiştir. Çocuk alanlarımız düzenli bakım ve temizlik programları kapsamında kontrol edilmekte olup, misafirlerimizin güvenliği ve konforu konusunda taviz verilmemektedir.

A la carte restoranlarımızla ilgili olarak ise tüm rezervasyon süreçleri, misafirlerimize giriş sırasında ve bilgi materyallerimizde açıkça belirtilen kurallar doğrultusunda yürütülmektedir. Restoranlarımızın kullanım hakkı müsaitlik ve rezervasyon durumuna bağlıdır. Talebiniz üzerine ekibimiz sizlere yardımcı olmaya çalışmış, ancak ilgili gün için müsaitlik bulunmadığından alternatif seçenekler sunulmuştur. Bu durum misafirlerimizi zorlamak amacıyla değil, tüm misafirlerimize eşit hizmet verebilmek adına uygulanan standart operasyon prosedürüdür.

Sahil ve yiyecek-içecek hizmetleri konusunda ise tesisimizde belirlenmiş servis noktaları ve görevli ekiplerimiz bulunmaktadır. Yoğun dönemlerde kısa süreli beklemeler yaşanabilse de, misafirlerimizin hizmet alamadığı yönündeki değerlendirmenize katılmamaktayız.

Ayrıca konaklamanız sırasında görüşlerinizi bizimle paylaşmanız üzerine ilgili departman yöneticilerimiz tarafından konu değerlendirilmiş ve tarafınıza gerekli bilgilendirme yapılmıştır. Talebinizin karşılanamaması, konunun dikkate alınmadığı anlamına gelmemektedir.

Her misafirimizin görüşüne saygı duyuyor, hizmet kalitemizi geliştirmek adına tüm geri bildirimleri değerlendirmeye devam ediyoruz.

Saygılarımızla, 

Kefaluka Resort Bodrum Misafir İlişkileri Ekibi",False,,,0,,,COMPLAINT_MATCHED,,Dedicated single-property source page,https://www.sikayetvar.com/kefaluka-resort,2026-08-25T12:58:29.219502+00:00,Hijyen Açısından Endişelendirdi,"Haziran ayında ailemle birlikte Kefaluka Otel’de 5 gece konakladım ve internet üzerinde gördüğüm tanıtımlarla otelin gerçek durumu arasında ciddi farklar olduğunu üzülerek deneyimledim. Özellikle çocuklu aileleri hedefleyen paylaşımlarına rağmen, çocuk parkının küf içinde ve bakımsız olması beni hem hayal kırıklığına uğrattı hem de hijyen açısından endişelendirdi. Otelin genel işleyişinde de sürekli bir acele ve koşturma hali hissettik. A la carte restoran konusunda ise misafirlere sunulan vaatler ile yaşatılan deneyim örtüşmedi; ya açılmadı ya da tercih edilmeyen seçeneklere yönlendirilerek misafir adeta zorlandı. Sahil kısmında da garson hizmeti son derece yetersizdi, kaldığımız süre boyunca bütün içeceklerimizi kendimiz almak zorunda kaldık ve bu durum tatil konforumuzu ciddi şekilde azalttı. Tüm bu olumsuzlukları otel yetkililerine ve misafir ilişkilerine iletmeme rağmen sadece not alındı ve sonrasında olumsuz bir dönüş yapıldı, herhangi bir çözüm veya telafi sunulmadı. Bu konaklamadan memnun kalmadım ve bir daha bu oteli tercih etmeyeceğim. Yaşadığım bu deneyimin dikkate alınmasını, özellikle çocuk alanlarının hijyen ve bakımının acilen gözden geçirilmesini, sahil ve garson hizmetlerinin iyileştirilmesini ve a la carte restoran uygulamalarının misafirleri mağdur etmeyecek şekilde düzeltilmesini, ayrıca benzer şekilde tatil planlayan ailelerin de bu konularda bilgilendirilmesini talep ediyorum.","Değerli Misafirimiz Barış Bey, Yorumunuzu üzülerek okuduk. Ancak paylaşımınızda yer alan bazı hususların gerçeği tam olarak yansıtmadığını belirtmek isteriz. Çocuk oyun alanlarıyla ilgili tarafımıza ilettiğiniz geri bildiriminiz üzerine gerekli kontroller ilgili departmanlarımız tarafından gerçekleştirilmiştir. Yapılan incelemelerde, iddia ettiğiniz şekilde bir hijyen veya güvenlik sorunu tespit edilmemiştir. Çocuk alanlarımız düzenli bakım ve temizlik programları kapsamında kontrol edilmekte olup, misafirlerimizin güvenliği ve konforu konusunda taviz verilmemektedir. A la carte restoranlarımızla ilgili olarak ise tüm rezervasyon süreçleri, misafirlerimize giriş sırasında ve bilgi materyallerimizde açıkça belirtilen kurallar doğrultusunda yürütülmektedir. Restoranlarımızın kullanım hakkı müsaitlik ve rezervasyon durumuna bağlıdır. Talebiniz üzerine ekibimiz sizlere yardımcı olmaya çalışmış, ancak ilgili gün için müsaitlik bulunmadığından alternatif seçenekler sunulmuştur. Bu durum misafirlerimizi zorlamak amacıyla değil, tüm misafirlerimize eşit hizmet verebilmek adına uygulanan standart operasyon prosedürüdür. Sahil ve yiyecek-içecek hizmetleri konusunda ise tesisimizde belirlenmiş servis noktaları ve görevli ekiplerimiz bulunmaktadır. Yoğun dönemlerde kısa süreli beklemeler yaşanabilse de, misafirlerimizin hizmet alamadığı yönündeki değerlendirmenize katılmamaktayız. Ayrıca konaklamanız sırasında görüşlerinizi bizimle paylaşmanız üzerine ilgili departman yöneticilerimiz tarafından konu değerlendirilmiş ve tarafınıza gerekli bilgilendirme yapılmıştır. Talebinizin karşılanamaması, konunun dikkate alınmadığı anlamına gelmemektedir. Her misafirimizin görüşüne saygı duyuyor, hizmet kalitemizi geliştirmek adına tüm geri bildirimleri değerlendirmeye devam ediyoruz. Saygılarımızla, Kefaluka Resort Bodrum Misafir İlişkileri Ekibi",,1421,184,31,3,1854,199,,,False,False,False,False,False,False,False,False,False,2026-08-25 12:58:29.219502,2026-06-12 15:40:00,True,DAY_MONTH_TIME_NO_YEAR,False,False,True,False,2026,6,2026-06,2026-06-13 16:21:00,,425,,0,False,True,False,False,False,False,Kefaluka Resort,Akyarlar,4.4,4293,,,,,False,False,False,1,1,0,0,2026-06-13 16:21:00,2026-06-13 16:21:00,True,False,False
balayi-konseptinde-sunulan-haklarin-eksikligi-ve-ilgisiz-otel-yonetimi,https://www.sikayetvar.com/kefaluka-resort/balayi-konseptinde-sunulan-haklarin-eksikligi-ve-ilgisiz-otel-yonetimi,https://www.sikayetvar.com/kefaluka-resort/balayi-konseptinde-sunulan-haklarin-eksikligi-ve-ilgisiz-otel-yonetimi,BOD007,Kefaluka Resort,Akyarlar,Kefaluka Resort,balayi-konseptinde-sunulan-haklarin-eksikligi-ve-ilgisiz-otel-yonetimi,https://www.sikayetvar.com/kefaluka-resort/balayi-konseptinde-sunulan-haklarin-eksikligi-ve-ilgisiz-otel-yonetimi,Balayı Konseptinde Sunulan Hakların Eksikliği Ve İlgisiz Otel Yönetimi,"6-12 Ekim tarihleri arasında eşimle birlikte balayı çifti olarak Kefaluka Resort Otel Bodrum’da, 2221 numaralı odada konakladık. Rezervasyonumuzu online olarak gerçekleştirdik ve toplamda 50.000 TL’lik ödememizi kredi kartı ile yaptık. Konaklamamız balayı konsepti kapsamında gerçekleşti ve bize, balayı çiftlerine bir gün ücretsiz alakart restoranda yemek hakkı sunulacağı yazılı olarak iletildi.
Ancak bu hakkımızı kullanmak istediğimizde, masa seçmemiz gerektiği söylendi fakat bize herhangi bir seçenek sunulmadı. Sonrasında ise çok kötü bir masa verildi ve bu masa, sanki en iyi masaymış gibi dalga geçilerek tarafımıza gösterildi. Özellikle misafir ilişkilerinden K**** Bey, yaşadığımız olumsuzluklara karşı gerçek dışı açıklamalar yaptı ve sorunumuzun çözümü için hiçbir şekilde yardımcı olmadı. Ne yazık ki, otel yönetimi tarafından özür dahi dilenmedi ve herhangi bir çözüm üretilmedi.
Yıllardır hizmet sektöründe çalışan kişiler olarak, bu yaklaşım bizi son derece hayal kırıklığına uğrattı. Bir daha bu oteli tercih etmeyeceğimiz gibi, çevremize de kesinlikle önermeyeceğiz. Balayı konsepti kapsamında sunulan hakkımızdan faydalanamadığımız ve herhangi bir telafi sağlanmadığı için, ücret iadesi ve tarafımıza resmi bir özür talep ediyoruz. Gereğinin hızla yapılmasını ve tarafımıza dönüş sağlanmasını rica ederiz.",18 Ekim 2025 13:19,499,,,,True,19 Ekim 2025 21:23,"Sayın Misafirimiz, 

Konaklamanızla ilgili detaylı incelememiz tamamlanmıştır.
Belirtmiş olduğunuz konuların tamamı kayıtlar, sistem raporları ve kamera görüntüleri üzerinden değerlendirilmiştir.

Öncelikle, otelimiz doğayla iç içe bir konumda yer almakta olup bu durum açıkça hem tanıtım materyallerinde hem de rezervasyon öncesi tüm platformlarda belirtilmektedir. Konumdan kaynaklı erişim koşulları, tesisimizin doğa temalı yapısının doğal bir sonucudur.

Hizmet kalitemiz, misafir değerlendirmeleriyle de açık biçimde görüleceği üzere, bölgemizdeki en yüksek standarttadır.

Minibarınız 07.10, 08.10 ve 09.10 tarihlerinde yenilenmiştir. 10.10 ve 11.10 tarihlerinde ise kapınızda dnd (Rahatsız Etmeyiniz) kartı bulunduğundan oda servisi yapılmamıştır. Çıkış günü yapılan son kontrolde sıvı sabun dolumunun eksiksiz şekilde tamamlandığı tespit edilmiştir.

Banyonuzla ilgili teknik ekibimiz tarafından yapılan incelemede herhangi bir akıntı veya arıza tespit edilmemiştir. “Banyo göl gibiydi” ifadesi mevcut bulgularla örtüşmemektedir.

Ana restoran saatlerinde kısa süreli yoğunluk yaşanabilmektedir; bu durum tüm büyük tesislerde görülen olağan bir süreçtir. Ayrıca tarafınıza tahsis edilen oda, ana restoran bölgesine en yakın konumlardan biridir.

A La Carte restoran konusuna gelince; rezervasyon esnasında her iki misafir de Misafir İlişkileri Departmanımızda bulunmaktaydı. Bu sırada, “masa fark etmez, yeter ki restoranda yerimiz olsun” şeklinde bir beyanda bulunulmuştur. Buna rağmen, akşam yemeği öncesinde tarafınıza farklı masa alternatifleri de sunulmuş, ancak bu seçenekler kabul edilmemiştir.
Size ayrılan masa, çam kenarında, açık manzaralı ve iki kişi olmanıza rağmen dört kişilik olarak ö. Şekilde düzenlenmiştir.

Personelimizin hiçbir aşamada kaba ya da ilgisiz davrandığına dair herhangi bir kanıt bulunmamaktadır. Tüm süreç boyunca ekip, çözüm üretmek ve sizi memnun etmek adına azami çabayı göstermiştir.

Tarafımıza ilettiğiniz “ücretsiz konaklama uzatımı” talebiniz, yaşanan durumların gerçeğe dayalı olmadığı kanaatiyle uygun bulunmamıştır.
Konaklamanız boyunca personelimize yönelik haksız ithamların yanı sıra, odada içeceklerin yere döküldüğü ve düzenin bozulduğu da kayıt altına alınmıştır. Bu durum, tesis kurallarımıza açıkça aykırıdır.

Yaşanan memnuniyetsizliğinizin otel kaynaklı olmadığı net şekilde tespit edilmiştir. Bu nedenle, tarafımızdan herhangi bir telafi uygulaması yapılmayacaktır.

Saygılarımızla, 
Kefaluka Resort Yönetimi",False,,,0,,,COMPLAINT_MATCHED,,Dedicated single-property source page,https://www.sikayetvar.com/kefaluka-resort,2026-08-25T12:58:29.219502+00:00,Balayı Konseptinde Sunulan Hakların Eksikliği Ve İlgisiz Otel Yönetimi,"6-12 Ekim tarihleri arasında eşimle birlikte balayı çifti olarak Kefaluka Resort Otel Bodrum’da, 2221 numaralı odada konakladık. Rezervasyonumuzu online olarak gerçekleştirdik ve toplamda 50.000 TL’lik ödememizi kredi kartı ile yaptık. Konaklamamız balayı konsepti kapsamında gerçekleşti ve bize, balayı çiftlerine bir gün ücretsiz alakart restoranda yemek hakkı sunulacağı yazılı olarak iletildi. Ancak bu hakkımızı kullanmak istediğimizde, masa seçmemiz gerektiği söylendi fakat bize herhangi bir seçenek sunulmadı. Sonrasında ise çok kötü bir masa verildi ve bu masa, sanki en iyi masaymış gibi dalga geçilerek tarafımıza gösterildi. Özellikle misafir ilişkilerinden K**** Bey, yaşadığımız olumsuzluklara karşı gerçek dışı açıklamalar yaptı ve sorunumuzun çözümü için hiçbir şekilde yardımcı olmadı. Ne yazık ki, otel yönetimi tarafından özür dahi dilenmedi ve herhangi bir çözüm üretilmedi. Yıllardır hizmet sektöründe çalışan kişiler olarak, bu yaklaşım bizi son derece hayal kırıklığına uğrattı. Bir daha bu oteli tercih etmeyeceğimiz gibi, çevremize de kesinlikle önermeyeceğiz. Balayı konsepti kapsamında sunulan hakkımızdan faydalanamadığımız ve herhangi bir telafi sağlanmadığı için, ücret iadesi ve tarafımıza resmi bir özür talep ediyoruz. Gereğinin hızla yapılmasını ve tarafımıza dönüş sağlanmasını rica ederiz.","Sayın Misafirimiz, Konaklamanızla ilgili detaylı incelememiz tamamlanmıştır. Belirtmiş olduğunuz konuların tamamı kayıtlar, sistem raporları ve kamera görüntüleri üzerinden değerlendirilmiştir. Öncelikle, otelimiz doğayla iç içe bir konumda yer almakta olup bu durum açıkça hem tanıtım materyallerinde hem de rezervasyon öncesi tüm platformlarda belirtilmektedir. Konumdan kaynaklı erişim koşulları, tesisimizin doğa temalı yapısının doğal bir sonucudur. Hizmet kalitemiz, misafir değerlendirmeleriyle de açık biçimde görüleceği üzere, bölgemizdeki en yüksek standarttadır. Minibarınız 07.10, 08.10 ve 09.10 tarihlerinde yenilenmiştir. 10.10 ve 11.10 tarihlerinde ise kapınızda dnd (Rahatsız Etmeyiniz) kartı bulunduğundan oda servisi yapılmamıştır. Çıkış günü yapılan son kontrolde sıvı sabun dolumunun eksiksiz şekilde tamamlandığı tespit edilmiştir. Banyonuzla ilgili teknik ekibimiz tarafından yapılan incelemede herhangi bir akıntı veya arıza tespit edilmemiştir. “Banyo göl gibiydi” ifadesi mevcut bulgularla örtüşmemektedir. Ana restoran saatlerinde kısa süreli yoğunluk yaşanabilmektedir; bu durum tüm büyük tesislerde görülen olağan bir süreçtir. Ayrıca tarafınıza tahsis edilen oda, ana restoran bölgesine en yakın konumlardan biridir. A La Carte restoran konusuna gelince; rezervasyon esnasında her iki misafir de Misafir İlişkileri Departmanımızda bulunmaktaydı. Bu sırada, “masa fark etmez, yeter ki restoranda yerimiz olsun” şeklinde bir beyanda bulunulmuştur. Buna rağmen, akşam yemeği öncesinde tarafınıza farklı masa alternatifleri de sunulmuş, ancak bu seçenekler kabul edilmemiştir. Size ayrılan masa, çam kenarında, açık manzaralı ve iki kişi olmanıza rağmen dört kişilik olarak ö. Şekilde düzenlenmiştir. Personelimizin hiçbir aşamada kaba ya da ilgisiz davrandığına dair herhangi bir kanıt bulunmamaktadır. Tüm süreç boyunca ekip, çözüm üretmek ve sizi memnun etmek adına azami çabayı göstermiştir. Tarafımıza ilettiğiniz “ücretsiz konaklama uzatımı” talebiniz, yaşanan durumların gerçeğe dayalı olmadığı kanaatiyle uygun bulunmamıştır. Konaklamanız boyunca personelimize yönelik haksız ithamların yanı sıra, odada içeceklerin yere döküldüğü ve düzenin bozulduğu da kayıt altına alınmıştır. Bu durum, tesis kurallarımıza açıkça aykırıdır. Yaşanan memnuniyetsizliğinizin otel kaynaklı olmadığı net şekilde tespit edilmiştir. Bu nedenle, tarafımızdan herhangi bir telafi uygulaması yapılmayacaktır. Saygılarımızla, Kefaluka Resort Yönetimi",,1325,173,70,9,2459,300,,,False,False,False,False,False,False,False,False,False,2026-08-25 12:58:29.219502,2025-10-18 13:19:00,False,DAY_MONTH_YEAR_TIME,False,False,False,False,2025,10,2025-10,2025-10-19 21:23:00,,499,,0,False,True,False,False,False,False,Kefaluka Resort,Akyarlar,4.4,4293,,,,,False,False,False,1,1,0,0,2025-10-19 21:23:00,2025-10-19 21:23:00,True,False,False
kefaluka-resort-balayi-tatilimizde-buyuk-hayal-kirikligi-hizmet-ve-ilgi-sifir,https://www.sikayetvar.com/kefaluka-resort/kefaluka-resort-balayi-tatilimizde-buyuk-hayal-kirikligi-hizmet-ve-ilgi-sifir,https://www.sikayetvar.com/kefaluka-resort/kefaluka-resort-balayi-tatilimizde-buyuk-hayal-kirikligi-hizmet-ve-ilgi-sifir,BOD007,Kefaluka Resort,Akyarlar,Kefaluka Resort,kefaluka-resort-balayi-tatilimizde-buyuk-hayal-kirikligi-hizmet-ve-ilgi-sifir,https://www.sikayetvar.com/kefaluka-resort/kefaluka-resort-balayi-tatilimizde-buyuk-hayal-kirikligi-hizmet-ve-ilgi-sifir,Balayı Tatilimizde Büyük Hayal Kırıklığı: Hizmet Ve İlgi Sıfır,"6-12 Ekim tarihleri arasında balayı tatilimiz için 2221 numaralı odada konakladık, ödemeyi en başta yaptık. Otele ulaşımımız oldukça zordu; minibüsten indikten sonra yarım saat yürümek zorunda kaldık ve Ekim ayında soğuk havada otele ulaşımın bu kadar zahmetli olmasını beklemiyorduk.
Otelin hizmet kalitesi de beklentimizin çok altındaydı. Mini bar her gün yenilenmesi gerekirken yenilenmedi, sıvı sabun dahi doldurulmadı. Duş akıtıyor ve banyo göl gibi oluyordu; bunu defalarca iletmemize rağmen sadece bakmaya gelip herhangi bir çözüm sunulmadı. Asansörler çok yavaş ve yetersizdi, her defasında uzun süre beklemek zorunda kaldık. Odalar eski ve lüks değil, ödediğimiz ücrete kesinlikle değmiyor.
Balayı çiftlerine özel sunulması gereken a la carte akşam yemeğinde de sorun yaşadık. Masa seçimi yapacağımızı söyleyip seçtirtmediler, deniz kenarı yerine duvar kenarında oturtulduk. Lobide rezervasyonumuzu alan f*** Bey bize masaları sunmadı. Misafir ilişkilerinden a*** Hanım ve müdürü k**** Bey’e durumu ilettik ancak herhangi bir çözüm sunulmadı. K**** Bey’in ilgisiz ve çözüm odaklı olmayan tavrı bizi ayrıca hayal kırıklığına uğrattı. O akşam yemeğimizi yemeden masadan kalkmak zorunda kaldık.
Otel yönetiminden herhangi bir ilgi ya da çözüm göremedik. Balayı tatilimizde yaşadığımız bu olumsuzluklar nedeniyle çok üzgünüz. Biz yarın gidiyoruz, telafi etmelerini beklediğimi söyledim ancak hiçbir aksiyon almadılar. K**** Bey’in hiçbir sözüne inanmıyorum ve doğruyu söylemediğini düşünüyorum.",11 Ekim 2025 23:47,350,,,,True,12 Ekim 2025 14:17,"Sayın Misafirimiz, 

Konaklamanızla ilgili detaylı incelememiz tamamlanmıştır.
Belirtmiş olduğunuz konuların tamamı kayıtlar, sistem raporları ve kamera görüntüleri üzerinden değerlendirilmiştir.

Öncelikle, otelimiz doğayla iç içe bir konumda yer almakta olup bu durum açıkça hem tanıtım materyallerinde hem de rezervasyon öncesi tüm platformlarda belirtilmektedir. Konumdan kaynaklı erişim koşulları, tesisimizin doğa temalı yapısının doğal bir sonucudur.

Hizmet kalitemiz, misafir değerlendirmeleriyle de açık biçimde görüleceği üzere, bölgemizdeki en yüksek standarttadır.

Minibarınız 07.10, 08.10 ve 09.10 tarihlerinde yenilenmiştir. 10.10 ve 11.10 tarihlerinde ise kapınızda dnd (Rahatsız Etmeyiniz) kartı bulunduğundan oda servisi yapılmamıştır. Çıkış günü yapılan son kontrolde sıvı sabun dolumunun eksiksiz şekilde tamamlandığı tespit edilmiştir.

Banyonuzla ilgili teknik ekibimiz tarafından yapılan incelemede herhangi bir akıntı veya arıza tespit edilmemiştir. “Banyo göl gibiydi” ifadesi mevcut bulgularla örtüşmemektedir.

Ana restoran saatlerinde kısa süreli yoğunluk yaşanabilmektedir; bu durum tüm büyük tesislerde görülen olağan bir süreçtir. Ayrıca tarafınıza tahsis edilen oda, ana restoran bölgesine en yakın konumlardan biridir.

A La Carte restoran konusuna gelince; rezervasyon esnasında her iki misafir de Misafir İlişkileri Departmanımızda bulunmaktaydı. Bu sırada, “masa fark etmez, yeter ki restoranda yerimiz olsun” şeklinde bir beyanda bulunulmuştur. Buna rağmen, akşam yemeği öncesinde tarafınıza farklı masa alternatifleri de sunulmuş, ancak bu seçenekler kabul edilmemiştir.
Size ayrılan masa, çam kenarında, açık manzaralı ve iki kişi olmanıza rağmen dört kişilik olarak ö. Şekilde düzenlenmiştir.

Personelimizin hiçbir aşamada kaba ya da ilgisiz davrandığına dair herhangi bir kanıt bulunmamaktadır. Tüm süreç boyunca ekip, çözüm üretmek ve sizi memnun etmek adına azami çabayı göstermiştir.

Tarafımıza ilettiğiniz “ücretsiz konaklama uzatımı” talebiniz, yaşanan durumların gerçeğe dayalı olmadığı kanaatiyle uygun bulunmamıştır.
Konaklamanız boyunca personelimize yönelik haksız ithamların yanı sıra, odada içeceklerin yere döküldüğü ve düzenin bozulduğu da kayıt altına alınmıştır. Bu durum, tesis kurallarımıza açıkça aykırıdır.

Yaşanan memnuniyetsizliğinizin otel kaynaklı olmadığı net şekilde tespit edilmiştir. Bu nedenle, tarafımızdan herhangi bir telafi uygulaması yapılmayacaktır.

Saygılarımızla, 
Kefaluka Resort Yönetimi",False,,,4,12 Ekim 2025 14:51,"Ben misafirler için yazıyorum inan ki yazdıklarımın hepsi doğru. Sıvı sabun günlerce doldurulmadı biz söylemeden. Aşağı arayıp da dolduruldu. Biz ellerimizi banyodaki şampuanla yıkadık. Mini bar asla yenilenmedi. Sadece 1 kez yenilendi odada su bile yok raporlarınızı kayıtlarınızı yanlış tutmuşsunuz ya da tutmamışsınız çoğu konuda birbirinizden haberiniz olmadığı gibi bu konuda da birbirinizden haberiniz yok. Ya da anlamak istemiyor. Ben A*** hanımdan teyit almak için soru yöneltirken sözünü kesiyor A*** hanımı konuşturmadı ve en sonunda masadan kalkıp gitti. Bugün çıkış için ayrılırken resepsiyon, misafir ilişkileri sizinle görüşmek istiyor dedi k*** bey buyurun benimle görüşmek istemişsiniz dedi hayır resepsiyon sizin görüşmek istediğinizi söyledi dedim ve yazdığım şikayetlerden konuyu açtı buradan ne kadar değişik olduklarını anlayabilirsiniz. Sizinle de asla görüşmek istemiyoruz zaten konuşmak istemediğimi bile yüzünüze de belirttim. Biz buraya kavgaya gelmedik balayı tatiline geldik keşke gelmeseydik. Biz bu sabah 5,5 gibi susuzluktan telefon açmak zorunda kaldık dolapta kalan son 1 gazozu içmek zorunda kaldık ilk önce. Odaya kırmızı yazıyı asmıyoruz ki temizliğe geliniyor o zaman yarım yamalak olan temizliğinizi de yapamazdınız. Bizim su için kaç defa aradığımızı bir kontrol edin edebiliyorsanız onu da tabii. İnsanız ya bir su içiyoruz bir yemek yiyoruz ihtiyaç olarak onu bile karşılayamıyorsunuz. Temizliğe gelinip mini bar doldurulmadı üstüne basa basa tekrar ediyorum. Biz sizden ne kola ne gazoz ne bira istiyoruz odaya su koyun yeterli.
Banyo konusunda bizim en az 2 ya da 3 kez aradığımız benim hatırladığım. Banyo tamamen göl gibiydi kesinlikle doğru teknik ekibinizle görüşün ben görmedim ama 2 ayrı kişi görmüş olmalı ben odadaydım hazırlandığım için konuşamadım. Bir de bizi yalancı konumuna mı sokacaksınız midem bulandı artık bu otelden bir an önce kurtulmak istiyorum. Oteldeyiz mümkünse müdür k*** beyin yöneticisi ya da üstü birisiyle görüşüp şikayette bulunmak istiyoruz. Bu kadarına pes artık inanılır gibi değilsiniz. Resmen dalga geçiyor bizimle.",COMPLAINT_MATCHED,,Dedicated single-property source page,https://www.sikayetvar.com/kefaluka-resort,2026-08-25T12:58:29.219502+00:00,Balayı Tatilimizde Büyük Hayal Kırıklığı: Hizmet Ve İlgi Sıfır,"6-12 Ekim tarihleri arasında balayı tatilimiz için 2221 numaralı odada konakladık, ödemeyi en başta yaptık. Otele ulaşımımız oldukça zordu; minibüsten indikten sonra yarım saat yürümek zorunda kaldık ve Ekim ayında soğuk havada otele ulaşımın bu kadar zahmetli olmasını beklemiyorduk. Otelin hizmet kalitesi de beklentimizin çok altındaydı. Mini bar her gün yenilenmesi gerekirken yenilenmedi, sıvı sabun dahi doldurulmadı. Duş akıtıyor ve banyo göl gibi oluyordu; bunu defalarca iletmemize rağmen sadece bakmaya gelip herhangi bir çözüm sunulmadı. Asansörler çok yavaş ve yetersizdi, her defasında uzun süre beklemek zorunda kaldık. Odalar eski ve lüks değil, ödediğimiz ücrete kesinlikle değmiyor. Balayı çiftlerine özel sunulması gereken a la carte akşam yemeğinde de sorun yaşadık. Masa seçimi yapacağımızı söyleyip seçtirtmediler, deniz kenarı yerine duvar kenarında oturtulduk. Lobide rezervasyonumuzu alan f*** Bey bize masaları sunmadı. Misafir ilişkilerinden a*** Hanım ve müdürü k**** Bey’e durumu ilettik ancak herhangi bir çözüm sunulmadı. K**** Bey’in ilgisiz ve çözüm odaklı olmayan tavrı bizi ayrıca hayal kırıklığına uğrattı. O akşam yemeğimizi yemeden masadan kalkmak zorunda kaldık. Otel yönetiminden herhangi bir ilgi ya da çözüm göremedik. Balayı tatilimizde yaşadığımız bu olumsuzluklar nedeniyle çok üzgünüz. Biz yarın gidiyoruz, telafi etmelerini beklediğimi söyledim ancak hiçbir aksiyon almadılar. K**** Bey’in hiçbir sözüne inanmıyorum ve doğruyu söylemediğini düşünüyorum.","Sayın Misafirimiz, Konaklamanızla ilgili detaylı incelememiz tamamlanmıştır. Belirtmiş olduğunuz konuların tamamı kayıtlar, sistem raporları ve kamera görüntüleri üzerinden değerlendirilmiştir. Öncelikle, otelimiz doğayla iç içe bir konumda yer almakta olup bu durum açıkça hem tanıtım materyallerinde hem de rezervasyon öncesi tüm platformlarda belirtilmektedir. Konumdan kaynaklı erişim koşulları, tesisimizin doğa temalı yapısının doğal bir sonucudur. Hizmet kalitemiz, misafir değerlendirmeleriyle de açık biçimde görüleceği üzere, bölgemizdeki en yüksek standarttadır. Minibarınız 07.10, 08.10 ve 09.10 tarihlerinde yenilenmiştir. 10.10 ve 11.10 tarihlerinde ise kapınızda dnd (Rahatsız Etmeyiniz) kartı bulunduğundan oda servisi yapılmamıştır. Çıkış günü yapılan son kontrolde sıvı sabun dolumunun eksiksiz şekilde tamamlandığı tespit edilmiştir. Banyonuzla ilgili teknik ekibimiz tarafından yapılan incelemede herhangi bir akıntı veya arıza tespit edilmemiştir. “Banyo göl gibiydi” ifadesi mevcut bulgularla örtüşmemektedir. Ana restoran saatlerinde kısa süreli yoğunluk yaşanabilmektedir; bu durum tüm büyük tesislerde görülen olağan bir süreçtir. Ayrıca tarafınıza tahsis edilen oda, ana restoran bölgesine en yakın konumlardan biridir. A La Carte restoran konusuna gelince; rezervasyon esnasında her iki misafir de Misafir İlişkileri Departmanımızda bulunmaktaydı. Bu sırada, “masa fark etmez, yeter ki restoranda yerimiz olsun” şeklinde bir beyanda bulunulmuştur. Buna rağmen, akşam yemeği öncesinde tarafınıza farklı masa alternatifleri de sunulmuş, ancak bu seçenekler kabul edilmemiştir. Size ayrılan masa, çam kenarında, açık manzaralı ve iki kişi olmanıza rağmen dört kişilik olarak ö. Şekilde düzenlenmiştir. Personelimizin hiçbir aşamada kaba ya da ilgisiz davrandığına dair herhangi bir kanıt bulunmamaktadır. Tüm süreç boyunca ekip, çözüm üretmek ve sizi memnun etmek adına azami çabayı göstermiştir. Tarafımıza ilettiğiniz “ücretsiz konaklama uzatımı” talebiniz, yaşanan durumların gerçeğe dayalı olmadığı kanaatiyle uygun bulunmamıştır. Konaklamanız boyunca personelimize yönelik haksız ithamların yanı sıra, odada içeceklerin yere döküldüğü ve düzenin bozulduğu da kayıt altına alınmıştır. Bu durum, tesis kurallarımıza açıkça aykırıdır. Yaşanan memnuniyetsizliğinizin otel kaynaklı olmadığı net şekilde tespit edilmiştir. Bu nedenle, tarafımızdan herhangi bir telafi uygulaması yapılmayacaktır. Saygılarımızla, Kefaluka Resort Yönetimi",,1499,201,62,9,2459,300,,,False,False,False,False,False,False,False,False,False,2026-08-25 12:58:29.219502,2025-10-11 23:47:00,False,DAY_MONTH_YEAR_TIME,False,False,False,False,2025,10,2025-10,2025-10-12 14:17:00,,350,,4,False,True,False,False,False,False,Kefaluka Resort,Akyarlar,4.4,4293,,,,,False,False,False,6,2,4,0,2025-10-12 14:17:00,2025-10-14 01:59:00,True,False,False
otel-odasinda-kapi-calmadan-girilmesi-mahremiyetimi-zedeledi,https://www.sikayetvar.com/kefaluka-resort/otel-odasinda-kapi-calmadan-girilmesi-mahremiyetimi-zedeledi,https://www.sikayetvar.com/kefaluka-resort/otel-odasinda-kapi-calmadan-girilmesi-mahremiyetimi-zedeledi,BOD007,Kefaluka Resort,Akyarlar,Kefaluka Resort,otel-odasinda-kapi-calmadan-girilmesi-mahremiyetimi-zedeledi,https://www.sikayetvar.com/kefaluka-resort/otel-odasinda-kapi-calmadan-girilmesi-mahremiyetimi-zedeledi,Otel Odasında Kapı Çalmadan Girilmesi Mahremiyetimi Zedeledi,"11.10.2025 Cumartesi günü, Bodrum Kefaluka Resort otelde 1107 numaralı odada konaklarken sabah saat 08:15’te, kapıda temizlik yapılmasını belirten herhangi bir işaret olmamasına rağmen, erkek bir görevli kapıyı tıklamadan odamıza girdi. Bu durum, mahremiyet ve güvenlik açısından beni son derece rahatsız etti. Özellikle panik atak rahatsızlığım olduğu için bu olay psikolojimi olumsuz etkiledi ve işim gereği eşimle sık sık seyahat ediyor olmamız nedeniyle yaşadığım endişe daha da arttı.
Olayı otel yönetimine ilettiğimde, ilgili personelin işten çıkarılacağı belirtildi. Ancak bu kadar prestijli ve yüksek standartlara sahip bir otelde böyle bir durumla ilk kez karşılaşmak beni şaşırttı ve derinden üzdü. Mahremiyetin bizim için çok önemli olduğunu vurgulamak isterim; bu olayın herkes tarafından bilinmesini ve benzer durumların tekrar yaşanmaması için gerekli önlemlerin alınmasını talep ediyorum.",11 Ekim 2025 10:47,664,,,,True,12 Ekim 2025 18:47,"Sayın Misafirimiz, 

Öncelikle yaşadığınız deneyim için üzüntülerimizi belirtmek isteriz. Otelimizde, misafirlerimizin mahremiyeti ve güvenliği her zaman önceliğimizdir ve standart prosedürlerimiz doğrultusunda temizlik hizmetleri, misafirlerimizin konforunu aksatmayacak şekilde yürütülmektedir. 11.10.2025 tarihinde yaşanan istem dışı durum, kesinlikle alışılmış uygulamalarımızın dışında gerçekleşmiştir. İlgili personelimize gerekli uyarılar yapılmış ve benzer bir durumun tekrar yaşanmaması için tüm önlemler alınmıştır.

Yaşadığınız olumsuz deneyimi telafi etmek amacıyla konaklamanız süresince ücretsiz geç çıkış hakkı sağlanmıştır. Mahremiyetiniz ve güvenliğiniz bizim için son derece önemlidir; bu nedenle, benzer bir durumun tekrar yaşanmaması için tüm süreçlerimizi gözden geçirdik.

Sizi tekrar otelimizde ağırlamayı ve çok daha güvenli, huzurlu bir konaklama deneyimi sunmayı temenni ederiz.

Saygılarımızla, 
Kefaluka Resort Yönetimi",False,,,0,,,COMPLAINT_MATCHED,,Dedicated single-property source page,https://www.sikayetvar.com/kefaluka-resort,2026-08-25T12:58:29.219502+00:00,Otel Odasında Kapı Çalmadan Girilmesi Mahremiyetimi Zedeledi,"11.10.2025 Cumartesi günü, Bodrum Kefaluka Resort otelde 1107 numaralı odada konaklarken sabah saat 08:15’te, kapıda temizlik yapılmasını belirten herhangi bir işaret olmamasına rağmen, erkek bir görevli kapıyı tıklamadan odamıza girdi. Bu durum, mahremiyet ve güvenlik açısından beni son derece rahatsız etti. Özellikle panik atak rahatsızlığım olduğu için bu olay psikolojimi olumsuz etkiledi ve işim gereği eşimle sık sık seyahat ediyor olmamız nedeniyle yaşadığım endişe daha da arttı. Olayı otel yönetimine ilettiğimde, ilgili personelin işten çıkarılacağı belirtildi. Ancak bu kadar prestijli ve yüksek standartlara sahip bir otelde böyle bir durumla ilk kez karşılaşmak beni şaşırttı ve derinden üzdü. Mahremiyetin bizim için çok önemli olduğunu vurgulamak isterim; bu olayın herkes tarafından bilinmesini ve benzer durumların tekrar yaşanmaması için gerekli önlemlerin alınmasını talep ediyorum.","Sayın Misafirimiz, Öncelikle yaşadığınız deneyim için üzüntülerimizi belirtmek isteriz. Otelimizde, misafirlerimizin mahremiyeti ve güvenliği her zaman önceliğimizdir ve standart prosedürlerimiz doğrultusunda temizlik hizmetleri, misafirlerimizin konforunu aksatmayacak şekilde yürütülmektedir. 11.10.2025 tarihinde yaşanan istem dışı durum, kesinlikle alışılmış uygulamalarımızın dışında gerçekleşmiştir. İlgili personelimize gerekli uyarılar yapılmış ve benzer bir durumun tekrar yaşanmaması için tüm önlemler alınmıştır. Yaşadığınız olumsuz deneyimi telafi etmek amacıyla konaklamanız süresince ücretsiz geç çıkış hakkı sağlanmıştır. Mahremiyetiniz ve güvenliğiniz bizim için son derece önemlidir; bu nedenle, benzer bir durumun tekrar yaşanmaması için tüm süreçlerimizi gözden geçirdik. Sizi tekrar otelimizde ağırlamayı ve çok daha güvenli, huzurlu bir konaklama deneyimi sunmayı temenni ederiz. Saygılarımızla, Kefaluka Resort Yönetimi",,903,121,60,7,941,106,,,False,False,False,False,False,False,False,False,False,2026-08-25 12:58:29.219502,2025-10-11 10:47:00,False,DAY_MONTH_YEAR_TIME,False,False,False,False,2025,10,2025-10,2025-10-12 18:47:00,,664,,0,False,True,False,True,False,False,Kefaluka Resort,Akyarlar,4.4,4293,,,,,False,False,False,1,1,0,0,2025-10-12 18:47:00,2025-10-12 18:47:00,True,False,False
oda-temizligi-ve-hijyen-eksikligi-nedeniyle-tatil-planimizi-degistirdik,https://www.sikayetvar.com/kefaluka-resort/oda-temizligi-ve-hijyen-eksikligi-nedeniyle-tatil-planimizi-degistirdik,https://www.sikayetvar.com/kefaluka-resort/oda-temizligi-ve-hijyen-eksikligi-nedeniyle-tatil-planimizi-degistirdik,BOD007,Kefaluka Resort,Akyarlar,Kefaluka Resort,oda-temizligi-ve-hijyen-eksikligi-nedeniyle-tatil-planimizi-degistirdik,https://www.sikayetvar.com/kefaluka-resort/oda-temizligi-ve-hijyen-eksikligi-nedeniyle-tatil-planimizi-degistirdik,Oda Temizliği Ve Hijyen Eksikliği Nedeniyle Tatil Planımızı Değiştirdik,"Dün Kefaluka Resort oteline giriş yaptık. Bugün saat 18.00 civarında odamıza döndüğümüzde, odamızın hiç toparlanmadığını ve aynı şekilde dağınık bırakıldığını gördük. Özellikle küvetin çok pis olması hijyen açısından bizi oldukça rahatsız etti. Oda temizliği yapılmamıştı ve genel olarak hijyen konusunda beklentimizin çok altında kaldık.
Yaşadığımız bu sorunu resepsiyona ilettik ancak herhangi bir çözüm sunulmadı ve odamızda hiçbir değişiklik olmadı. Oda numaramız 1119’dur. Tatilimizi uzatmayı planlıyorduk bu manzaradan sonra vazgeçtik
Kefaluka Resort’tan, oda temizliğinin acilen yapılmasını ve hijyen konusunda daha özenli davranılmasını bekliyoruz. Konuyla ilgili mağduriyetimizin giderilmesini rica ederiz.",6 Eylül 2025 19:01,444,,,,False,,,False,,,0,,,COMPLAINT_MATCHED,,Dedicated single-property source page,https://www.sikayetvar.com/kefaluka-resort,2026-08-25T12:58:29.219502+00:00,Oda Temizliği Ve Hijyen Eksikliği Nedeniyle Tatil Planımızı Değiştirdik,"Dün Kefaluka Resort oteline giriş yaptık. Bugün saat 18.00 civarında odamıza döndüğümüzde, odamızın hiç toparlanmadığını ve aynı şekilde dağınık bırakıldığını gördük. Özellikle küvetin çok pis olması hijyen açısından bizi oldukça rahatsız etti. Oda temizliği yapılmamıştı ve genel olarak hijyen konusunda beklentimizin çok altında kaldık. Yaşadığımız bu sorunu resepsiyona ilettik ancak herhangi bir çözüm sunulmadı ve odamızda hiçbir değişiklik olmadı. Oda numaramız 1119’dur. Tatilimizi uzatmayı planlıyorduk bu manzaradan sonra vazgeçtik Kefaluka Resort’tan, oda temizliğinin acilen yapılmasını ve hijyen konusunda daha özenli davranılmasını bekliyoruz. Konuyla ilgili mağduriyetimizin giderilmesini rica ederiz.",,,715,88,71,9,,,,,False,False,False,False,False,False,False,False,False,2026-08-25 12:58:29.219502,2025-09-06 19:01:00,False,DAY_MONTH_YEAR_TIME,False,False,False,False,2025,9,2025-09,,,444,,0,False,False,False,False,False,False,Kefaluka Resort,Akyarlar,4.4,4293,,,,,False,False,False,0,0,0,0,,,False,False,False
sahte-rezervasyon-sitesi-nedeniyle-magduriyet-yasadim,https://www.sikayetvar.com/kefaluka-resort/sahte-rezervasyon-sitesi-nedeniyle-magduriyet-yasadim,https://www.sikayetvar.com/kefaluka-resort/sahte-rezervasyon-sitesi-nedeniyle-magduriyet-yasadim,BOD007,Kefaluka Resort,Akyarlar,Kefaluka Resort,sahte-rezervasyon-sitesi-nedeniyle-magduriyet-yasadim,https://www.sikayetvar.com/kefaluka-resort/sahte-rezervasyon-sitesi-nedeniyle-magduriyet-yasadim,Sahte Rezervasyon Sitesi Nedeniyle Mağduriyet Yaşadım,"18.08.2025 tarihinde, https://kefalukabodrumresort.com/pages/iletisim.php adresi üzerinden Kefaluka Resort Bodrum’da 2 kişilik rezervasyon yaptım. Rezervasyon işlemini E. T. adına gerçekleştirdim ve toplamda 100.000 TL’lik ödemeyi Oku Otelcilik Turizm Gayrimenkul İnş. ve Tic. Ltd. Şti. adına, TR27**************************27 TEB hesabına havale yoluyla gönderdim. Ödeme sonrası rezervasyon formu gönderildi ve onay maili aldım.
Ancak, tarihlerimizi değiştirmek için rezervasyon yaptığım sitedeki iletişim numarasını aradığımda kimseye ulaşamadım. Sonrasında otelin gerçek web sitesini ve iletişim numarasını buldum. Orayla görüştüğümde ise böyle bir rezervasyonun olmadığını, rezervasyon yaptığım sitenin sahte olduğunu öğrendim. Olayı bugün akşam fark ettim ve henüz resmi bir başvuru yapmadım.
Bu süreçte hem ödediğim 100.000 TL’nin tarafıma iadesini, hem de gerçek otel yönetiminin ve yetkililerin bu sahte site hakkında bilgilendirilmesini talep ediyorum. Açıkça otel sitesi taklit edilerek ciddi meblağlarla haksızlık yapılmaktadır. Bu tarz olayların önüne geçilmesi için gerekli önlemlerin alınmasını istiyorum.
Olay İstanbul Üsküdar’da gerçekleşmiştir.",22 Ağustos 2025 23:48,1.782,,,,False,,,False,,,0,,,COMPLAINT_MATCHED,,Dedicated single-property source page,https://www.sikayetvar.com/kefaluka-resort,2026-08-25T12:58:29.219502+00:00,Sahte Rezervasyon Sitesi Nedeniyle Mağduriyet Yaşadım,"18.08.2025 tarihinde, https://kefalukabodrumresort.com/pages/iletisim.php adresi üzerinden Kefaluka Resort Bodrum’da 2 kişilik rezervasyon yaptım. Rezervasyon işlemini E. T. adına gerçekleştirdim ve toplamda 100.000 TL’lik ödemeyi Oku Otelcilik Turizm Gayrimenkul İnş. ve Tic. Ltd. Şti. adına, TR27**************************27 TEB hesabına havale yoluyla gönderdim. Ödeme sonrası rezervasyon formu gönderildi ve onay maili aldım. Ancak, tarihlerimizi değiştirmek için rezervasyon yaptığım sitedeki iletişim numarasını aradığımda kimseye ulaşamadım. Sonrasında otelin gerçek web sitesini ve iletişim numarasını buldum. Orayla görüştüğümde ise böyle bir rezervasyonun olmadığını, rezervasyon yaptığım sitenin sahte olduğunu öğrendim. Olayı bugün akşam fark ettim ve henüz resmi bir başvuru yapmadım. Bu süreçte hem ödediğim 100.000 TL’nin tarafıma iadesini, hem de gerçek otel yönetiminin ve yetkililerin bu sahte site hakkında bilgilendirilmesini talep ediyorum. Açıkça otel sitesi taklit edilerek ciddi meblağlarla haksızlık yapılmaktadır. Bu tarz olayların önüne geçilmesi için gerekli önlemlerin alınmasını istiyorum. Olay İstanbul Üsküdar’da gerçekleşmiştir.",,,1161,138,53,6,,,,,False,False,False,False,False,False,False,False,False,2026-08-25 12:58:29.219502,2025-08-22 23:48:00,False,DAY_MONTH_YEAR_TIME,False,False,False,False,2025,8,2025-08,,,1782,,0,False,False,False,True,False,False,Kefaluka Resort,Akyarlar,4.4,4293,,,,,False,False,False,0,0,0,0,,,False,False,False
hijyen-ve-guvenlik-sorunlari-nedeniyle-hayal-kirikligi-yaratan-tatil-deneyimi,https://www.sikayetvar.com/kefaluka-resort/hijyen-ve-guvenlik-sorunlari-nedeniyle-hayal-kirikligi-yaratan-tatil-deneyimi,https://www.sikayetvar.com/kefaluka-resort/hijyen-ve-guvenlik-sorunlari-nedeniyle-hayal-kirikligi-yaratan-tatil-deneyimi,BOD007,Kefaluka Resort,Akyarlar,Kefaluka Resort,hijyen-ve-guvenlik-sorunlari-nedeniyle-hayal-kirikligi-yaratan-tatil-deneyimi,https://www.sikayetvar.com/kefaluka-resort/hijyen-ve-guvenlik-sorunlari-nedeniyle-hayal-kirikligi-yaratan-tatil-deneyimi,Hijyen Ve Güvenlik Sorunları Nedeniyle Hayal Kırıklığı Yaratan Tatil Deneyimi,"17–20 Ağustos 2025 tarihleri arasında ETS Tur üzerinden Kefaluka Resort Bodrum’da 115197291 numaralı rezervasyon ile konakladık. Odaya ilk girdiğimizde, odanın gündüz vakti dahi gün ışığı almadığını ve yoğun rutubet kokusu olduğunu fark ettik. Oda hijyen açısından yetersizdi; giriş gününde oda hiç temizlenmemişti, yatağın içinde saç tomarı çıktı ve havlu bulunmuyordu. Banyodaki duş jelinin içine su doldurulmuştu. Sonraki günlerde de temizlik yapılmadı; akşam denizden döndüğümüzde resepsiyonu arayıp şikayet açmamız üzerine zoraki temizlik yapıldı.
Fiziksel sorunlar da yaşadık: Giriş gününde dolap kapağının bozuk olduğunu fark ettik ve akşam yemeği saatinde teknisyen beklemek zorunda kaldık. Ertesi gün ise gece 00:30’da kucağımızda uyuyan 3 yaşındaki ikiz çocuklarımızla odaya geldiğimizde kapı kartları çalışmadı, odanın kapısı açılmadı ve resepsiyona telefonla ulaşarak teknisyen çağırmak zorunda kaldık.
Tüm bu sorunları hem otel yönetimine hem de ETS Tur yetkililerine defalarca ilettik ancak herhangi bir kalıcı çözüm sunulmadı. 69.375 TL ödeme yaptığımız bu konaklamada, çocuklarımızla birlikte hijyenik ve güvenli olmayan koşullarda tatil yapmak zorunda bırakıldık.
Yaşadığımız mağduriyetin telafisi için ETS Tur’dan kısmi ücret iadesi talep ediyorum.",20 Ağustos 2025 01:01,1.260,,,,True,20 Ağustos 2025 17:34,"Sayın Misafirimiz, 

Görüşlerinizi bizimle paylaştığınız için teşekkür ederiz. Öncelikle, konaklamanız sırasında yaşadığınız deneyimin beklentilerinizi karşılamamış olmasından dolayı üzüntü duyduğumuzu belirtmek isteriz.

Belirtmiş olduğunuz konularla ilgili kayıtlarımız incelendiğinde, üç günlük konaklamanız boyunca odanıza her gün düzenli olarak temizlik hizmeti verildiği görülmektedir. Ayrıca tarafınızdan iki kez ekstra temizlik talebi alınmış olup, görevli personelimiz odaya gittiğinde tarafınızca “daha sonra gelin” denilerek temizlik ertelenmiştir.

Teknik veya temizlik ile ilgili bildirdiğiniz her konuya, departmanlarımız tarafından anında müdahale edilmiş ve gerekli işlemler yapılmıştır. Bunun yanı sıra, tarafınızla iki kez yüz yüze görüşme talebimiz ne yazık ki karşılanmamıştır. Odanızla ilgili şikayetiniz üzerine tarafınıza oda değişikliği seçeneği de sunulmuş, ancak bu teklif tarafınızca kabul edilmemiştir.

İlk giriş yaptığınız gün, oda ile ilgili memnuniyetsizliğinizi Misafir İlişkileri ekibimizle paylaştığınızda, çalışanımıza telefonda yüksek sesle hitap etmiş olmanız ise üzüntüyle not edilmiştir.

Tüm bu süreçte ekibimiz, konforlu bir konaklama geçirmeniz için gereken desteği sağlamış ve her türlü çözümü sunmuştur. Misafirlerimizin memnuniyeti her zaman önceliğimizdir; geri bildiriminizi hizmet standartlarımızı geliştirme yönünde dikkate aldığımızı bilmenizi isteriz.

Saygılarımızla, 
Kefaluka Resort Misafir İlişkileri",False,,,0,,,COMPLAINT_MATCHED,,Dedicated single-property source page,https://www.sikayetvar.com/kefaluka-resort,2026-08-25T12:58:29.219502+00:00,Hijyen Ve Güvenlik Sorunları Nedeniyle Hayal Kırıklığı Yaratan Tatil Deneyimi,"17–20 Ağustos 2025 tarihleri arasında ETS Tur üzerinden Kefaluka Resort Bodrum’da 115197291 numaralı rezervasyon ile konakladık. Odaya ilk girdiğimizde, odanın gündüz vakti dahi gün ışığı almadığını ve yoğun rutubet kokusu olduğunu fark ettik. Oda hijyen açısından yetersizdi; giriş gününde oda hiç temizlenmemişti, yatağın içinde saç tomarı çıktı ve havlu bulunmuyordu. Banyodaki duş jelinin içine su doldurulmuştu. Sonraki günlerde de temizlik yapılmadı; akşam denizden döndüğümüzde resepsiyonu arayıp şikayet açmamız üzerine zoraki temizlik yapıldı. Fiziksel sorunlar da yaşadık: Giriş gününde dolap kapağının bozuk olduğunu fark ettik ve akşam yemeği saatinde teknisyen beklemek zorunda kaldık. Ertesi gün ise gece 00:30’da kucağımızda uyuyan 3 yaşındaki ikiz çocuklarımızla odaya geldiğimizde kapı kartları çalışmadı, odanın kapısı açılmadı ve resepsiyona telefonla ulaşarak teknisyen çağırmak zorunda kaldık. Tüm bu sorunları hem otel yönetimine hem de ETS Tur yetkililerine defalarca ilettik ancak herhangi bir kalıcı çözüm sunulmadı. 69.375 TL ödeme yaptığımız bu konaklamada, çocuklarımızla birlikte hijyenik ve güvenli olmayan koşullarda tatil yapmak zorunda bırakıldık. Yaşadığımız mağduriyetin telafisi için ETS Tur’dan kısmi ücret iadesi talep ediyorum.","Sayın Misafirimiz, Görüşlerinizi bizimle paylaştığınız için teşekkür ederiz. Öncelikle, konaklamanız sırasında yaşadığınız deneyimin beklentilerinizi karşılamamış olmasından dolayı üzüntü duyduğumuzu belirtmek isteriz. Belirtmiş olduğunuz konularla ilgili kayıtlarımız incelendiğinde, üç günlük konaklamanız boyunca odanıza her gün düzenli olarak temizlik hizmeti verildiği görülmektedir. Ayrıca tarafınızdan iki kez ekstra temizlik talebi alınmış olup, görevli personelimiz odaya gittiğinde tarafınızca “daha sonra gelin” denilerek temizlik ertelenmiştir. Teknik veya temizlik ile ilgili bildirdiğiniz her konuya, departmanlarımız tarafından anında müdahale edilmiş ve gerekli işlemler yapılmıştır. Bunun yanı sıra, tarafınızla iki kez yüz yüze görüşme talebimiz ne yazık ki karşılanmamıştır. Odanızla ilgili şikayetiniz üzerine tarafınıza oda değişikliği seçeneği de sunulmuş, ancak bu teklif tarafınızca kabul edilmemiştir. İlk giriş yaptığınız gün, oda ile ilgili memnuniyetsizliğinizi Misafir İlişkileri ekibimizle paylaştığınızda, çalışanımıza telefonda yüksek sesle hitap etmiş olmanız ise üzüntüyle not edilmiştir. Tüm bu süreçte ekibimiz, konforlu bir konaklama geçirmeniz için gereken desteği sağlamış ve her türlü çözümü sunmuştur. Misafirlerimizin memnuniyeti her zaman önceliğimizdir; geri bildiriminizi hizmet standartlarımızı geliştirme yönünde dikkate aldığımızı bilmenizi isteriz. Saygılarımızla, Kefaluka Resort Misafir İlişkileri",,1266,166,77,10,1448,167,,,False,False,False,False,False,False,False,False,False,2026-08-25 12:58:29.219502,2025-08-20 01:01:00,False,DAY_MONTH_YEAR_TIME,False,False,False,False,2025,8,2025-08,2025-08-20 17:34:00,,1260,,0,False,True,False,False,False,False,Kefaluka Resort,Akyarlar,4.4,4293,,,,,False,False,False,1,1,0,0,2025-08-20 17:34:00,2025-08-20 17:34:00,True,False,False
yemek-saatleri-bilgilendirilmemesi-ve-cocuklu-aileler-icin-yetersiz-karsilama,https://www.sikayetvar.com/kefaluka-resort/yemek-saatleri-bilgilendirilmemesi-ve-cocuklu-aileler-icin-yetersiz-karsilama,https://www.sikayetvar.com/kefaluka-resort/yemek-saatleri-bilgilendirilmemesi-ve-cocuklu-aileler-icin-yetersiz-karsilama,BOD007,Kefaluka Resort,Akyarlar,Kefaluka Resort,yemek-saatleri-bilgilendirilmemesi-ve-cocuklu-aileler-icin-yetersiz-karsilama,https://www.sikayetvar.com/kefaluka-resort/yemek-saatleri-bilgilendirilmemesi-ve-cocuklu-aileler-icin-yetersiz-karsilama,Yemek Saatleri Bilgilendirilmemesi Ve Çocuklu Aileler İçin Yetersiz Karşılama,"4 gece konaklamak üzere 16:20’de Bodrum Akyarlar’daki Kefaluka Otel’e giriş yaptık. Giriş sırasında yaklaşık 10 dakika bekledik ve otelle ilgili bilgilendirme yapıldı. Odamıza geçtiğimizde saat 16:40’tı ve bize yemeklerin 17:00’de biteceği bilgisi verilmemişti. 17:08’de odadan çıktığımızda tüm restoranların kapalı olduğunu gördük. Yanımızda beş yaşında bir çocuğumuz vardı ve yemek alabileceğimiz bir yer olup olmadığını sorduğumuzda, sadece saat 19:00’u beklememiz gerektiği söylendi. Uzun yolculuktan gelen bir çocuk için bu durum oldukça zordu.
Durumu hem resepsiyondaki müşteri ilişkileri yöneticisiyle hem de telefonla müdür beyle görüşme isteğimi ileterek paylaştım, fakat hiçbir şekilde geri dönüş alamadım. Beş yıldızlı, Ultra her şey dahil bir otelde, özellikle küçük çocuklu ailelerin mağdur olmaması için yemek saatinin kapanmak üzere olduğunun belirtilmesi gerektiğini düşünüyorum. Ayrıca, mağduriyetimizin giderilmesi adına herhangi bir çaba gösterilmemesi ve sadece beklememizin istenmesi bizi hayal kırıklığına uğrattı. Günlük neredeyse 30.000 TL ödediğimiz bir otelde bu şekilde karşılanmak kabul edilemez.
Yaşadığımız bu mağduriyet için otelden özür ve bir günlük ücret iadesi talep ediyorum. Rezervasyon numaram: CC20755.",8 Ağustos 2025 18:25,1.344,,,,True,9 Ağustos 2025 10:48,"Değerli Misafirimiz, 

Öncelikle görüşlerinizi bizimle paylaştığınız için teşekkür ederiz. Konaklamanız sırasında yaşadığınız memnuniyetsizliği üzüntüyle karşıladığımızı belirtmek isteriz.

Sabah 08:00’den gece 00:00’a kadar açık olan Teras Barımızda tatlı ve atıştırmalık ikramlarımız, içecek çeşitlerimiz her zaman hazırdır. Bu alanımızdan, oda teslim saatinizi beklerken faydalanmanız mümkündür.

Küçük çocuğunuzdan bahsederek yaşadığınız durumu özellikle dile getirmenizi anlıyoruz; ancak personelimiz, aynı anda pek çok süreci yönetmekte ve tüm misafirlerimize adil yaklaşmaya özen göstermektedir. Restoranlarımızın kapanış saatleri bellidir ve bu saatler içinde yönlendirme yapılması için azami gayret gösterilmektedir.

Görüşleriniz tarafımızca değerlendirilmiş olup, operasyon süreçlerimiz belirlenmiş standartlar çerçevesinde devam etmektedir. Sizleri tekrar ağırlamaktan memnuniyet duyarız.

Saygılarımızla, 
Kefaluka Resort Bodrum
Misafir İlişkileri Departmanı",False,,,2,8 Ağustos 2025 20:33,"Adil yaklaşım derken 11'den itibaren otelinize gelebilecekken 16:30'da giriş yaptık ve mevcut haklarımızdan zaten yararlanmadık. Savunma yapıp size bir buket verdik diyorsunuz orada yoldan gelmiş insanların 20 dakika sonra restoranların kapatacağını ikaz Edip önce restorana geçer misiniz demek neden aklınıza gelmedi, 10 dakika içerisinde makinalı tüfek gibi her şeyi arka arkaya sıralarken buna dikkat etmemizi beklemekten ziyade yanımızda küçük çocuğumuz varken sizin bu uyarıyı yapacak tecrübeye sahip olmanızı beklerdim. Hadi bu aklınıza gelmedi peki Otelinizde on'a yakın restoran varken küçük çocuğuyla yoldan gelmiş insanlara sizin için ne hazırlatalım demek sanırım size adaletsiz geldi. Ücretini aldığınız bir hizmetin nezaket içinde karşılığını vermek kalite göstergesidir.",COMPLAINT_MATCHED,,Dedicated single-property source page,https://www.sikayetvar.com/kefaluka-resort,2026-08-25T12:58:29.219502+00:00,Yemek Saatleri Bilgilendirilmemesi Ve Çocuklu Aileler İçin Yetersiz Karşılama,"4 gece konaklamak üzere 16:20’de Bodrum Akyarlar’daki Kefaluka Otel’e giriş yaptık. Giriş sırasında yaklaşık 10 dakika bekledik ve otelle ilgili bilgilendirme yapıldı. Odamıza geçtiğimizde saat 16:40’tı ve bize yemeklerin 17:00’de biteceği bilgisi verilmemişti. 17:08’de odadan çıktığımızda tüm restoranların kapalı olduğunu gördük. Yanımızda beş yaşında bir çocuğumuz vardı ve yemek alabileceğimiz bir yer olup olmadığını sorduğumuzda, sadece saat 19:00’u beklememiz gerektiği söylendi. Uzun yolculuktan gelen bir çocuk için bu durum oldukça zordu. Durumu hem resepsiyondaki müşteri ilişkileri yöneticisiyle hem de telefonla müdür beyle görüşme isteğimi ileterek paylaştım, fakat hiçbir şekilde geri dönüş alamadım. Beş yıldızlı, Ultra her şey dahil bir otelde, özellikle küçük çocuklu ailelerin mağdur olmaması için yemek saatinin kapanmak üzere olduğunun belirtilmesi gerektiğini düşünüyorum. Ayrıca, mağduriyetimizin giderilmesi adına herhangi bir çaba gösterilmemesi ve sadece beklememizin istenmesi bizi hayal kırıklığına uğrattı. Günlük neredeyse 30.000 TL ödediğimiz bir otelde bu şekilde karşılanmak kabul edilemez. Yaşadığımız bu mağduriyet için otelden özür ve bir günlük ücret iadesi talep ediyorum. Rezervasyon numaram: CC20755.","Değerli Misafirimiz, Öncelikle görüşlerinizi bizimle paylaştığınız için teşekkür ederiz. Konaklamanız sırasında yaşadığınız memnuniyetsizliği üzüntüyle karşıladığımızı belirtmek isteriz. Sabah 08:00’den gece 00:00’a kadar açık olan Teras Barımızda tatlı ve atıştırmalık ikramlarımız, içecek çeşitlerimiz her zaman hazırdır. Bu alanımızdan, oda teslim saatinizi beklerken faydalanmanız mümkündür. Küçük çocuğunuzdan bahsederek yaşadığınız durumu özellikle dile getirmenizi anlıyoruz; ancak personelimiz, aynı anda pek çok süreci yönetmekte ve tüm misafirlerimize adil yaklaşmaya özen göstermektedir. Restoranlarımızın kapanış saatleri bellidir ve bu saatler içinde yönlendirme yapılması için azami gayret gösterilmektedir. Görüşleriniz tarafımızca değerlendirilmiş olup, operasyon süreçlerimiz belirlenmiş standartlar çerçevesinde devam etmektedir. Sizleri tekrar ağırlamaktan memnuniyet duyarız. Saygılarımızla, Kefaluka Resort Bodrum Misafir İlişkileri Departmanı",,1241,159,77,9,964,104,,,False,False,False,False,False,False,False,False,False,2026-08-25 12:58:29.219502,2025-08-08 18:25:00,False,DAY_MONTH_YEAR_TIME,False,False,False,False,2025,8,2025-08,2025-08-09 10:48:00,,1344,,2,False,True,False,False,False,False,Kefaluka Resort,Akyarlar,4.4,4293,,,,,False,False,False,3,1,2,0,2025-08-08 20:33:00,2025-08-09 16:45:00,True,False,False
otel-rezervasyonunda-yasanan-buyuk-magduriyet-1,https://www.sikayetvar.com/kefaluka-resort/otel-rezervasyonunda-yasanan-buyuk-magduriyet-1,https://www.sikayetvar.com/kefaluka-resort/otel-rezervasyonunda-yasanan-buyuk-magduriyet-1,BOD007,Kefaluka Resort,Akyarlar,Kefaluka Resort,otel-rezervasyonunda-yasanan-buyuk-magduriyet-1,https://www.sikayetvar.com/kefaluka-resort/otel-rezervasyonunda-yasanan-buyuk-magduriyet-1,Otel Rezervasyonunda Yaşanan Büyük Mağduriyet,"Kefaluka Oteli’ni internette arattığımızda, ilk çıkan web sitesindeki numaradan aradık. Telefonda oldukça profesyonel (hatta otel çalışanlarından daha profesyonel şekilde) konuşarak bize fiyat verdiler. Ücretsiz iptal opsiyonlu ve nakit ödemede indirimli bir seçenek sunarak konaklamayı oldukça cazip hale getirdiler. Tüm yazışmalar WhatsApp hattı üzerinden ilerledi. Sonradan öğrendik ki otelin böyle bir WhatsApp hattı yokmuş. Bütün işlemler standart bir otel rezervasyon işlemi gibiydi; antetli kayıtlarda WhatsApp üzerinden yazışmalar yapıldı ve bize voucher bile gönderildi. Otele gittiğimizde ise mağduriyet yaşadığımızı anladık. Otel yönetimi bunun sık sık gerçekleştiğini, hatta Bodrum’daki otellerin %30’unda benzer sorunlar yaşandığını, fakat yapan kişinin hâlâ yakalanamadığını söyledi. Bu süreçte maddi olarak ciddi zarara uğradık ve çok zor durumda kaldık. Kaç kişinin bu şekilde mağdur olduğunu düşününce, ortada büyük bir mağduriyet olduğunu fark ettik. Arkasında kimin olduğu ise hâlâ belirsiz. Madem bu kadar fazla kişi mağdur oluyor, otelin kendi ismiyle internette çıkan sahte linkleri kontrol ederek düzenli olarak şikayet etmesini beklerdim. İnsanlar yaşadıkları mağduriyetle baş başa kalıyor. Bankalar, savcılık gibi kurumlar üzerinden süreci takip etmeye çalışıyoruz.",,,,,,True,4 Ağustos 2025 11:19,"Sayın Misafirimiz,

Öncelikle yaşamış olduğunuz bu talihsiz durumdan dolayı büyük bir üzüntü duyduğumuzuzu içtenlikle belirtmek isteriz. Her ne kadar bu olay otelimizin resmî kanallarının tamamen dışında gerçekleşmiş olsa da, markamızın adının böyle bir dolandırıcılık girişiminde kullanılması hem bizi hem de turizm sektörünü derinden yaralamaktadır.

Maalesef, son yıllarda turizm sektöründe artan dijital dolandırıcılık faaliyetleri nedeniyle birçok tesisin adı ve kurumsal kimliği kötü niyetli kişiler tarafından izinsiz ve sahte yollarla kullanılmaktadır. Bu durumdan bizim gibi birçok otel etkilenmekte ve ne yazık ki bazı misafirlerimiz mağduriyet yaşayabilmektedir.

Şunun altını özellikle çizmek isteriz:
🔹 Resmî rezervasyon ve iletişim yalnızca bu site üzerindeki sabit telefon numaramız ve kurumsal e-posta adreslerimiz aracılığıyla yürütülmektedir.
🔹 Otelimizin hiçbir şekilde resmî bir WhatsApp rezervasyon hattı yoktur.

Bu ve benzeri dolandırıcılık girişimleriyle ilgili olarak tarafımızca hem BTK hem de siber suçlar birimlerine defalarca bildirimde bulunulmuş, gerekli teknik ve hukuki adımlar atılmıştır. Ancak ilgili kişi ya da kişilerin bulunması ve adalete teslim edilmesi, kolluk kuvvetleri ve adli makamların yürüttüğü soruşturmalarla mümkündür.

Yaşadığınız mağduriyetin farkındayız ve bu süreçte her türlü bilgi ve belge paylaşımı konusunda size destek olmaya hazır olduğumuzu bilmenizi isteriz. Elinizdeki sahte rezervasyon belgelerini bizimle paylaşırsanız, resmi kurumlara yapılacak başvurular için dosyanıza destek olabilecek ek bilgiler sağlayabiliriz.

Tüm kalbimizle diliyoruz ki bu durumu en kısa zamanda ve en az zararla atlatırsınız. Yaşadığınız bu olumsuz deneyime rağmen sizi ileride gerçek Kefaluka Resort deneyimi ile ağırlamaktan büyük memnuniyet duyacağımızı belirtmek isteriz.

Saygılarımızla,
Kefaluka Resort Otel Yönetimi",False,,,0,,,COMPLAINT_MATCHED,,Dedicated single-property source page,https://www.sikayetvar.com/kefaluka-resort,2026-08-25T12:58:29.219502+00:00,Otel Rezervasyonunda Yaşanan Büyük Mağduriyet,"Kefaluka Oteli’ni internette arattığımızda, ilk çıkan web sitesindeki numaradan aradık. Telefonda oldukça profesyonel (hatta otel çalışanlarından daha profesyonel şekilde) konuşarak bize fiyat verdiler. Ücretsiz iptal opsiyonlu ve nakit ödemede indirimli bir seçenek sunarak konaklamayı oldukça cazip hale getirdiler. Tüm yazışmalar WhatsApp hattı üzerinden ilerledi. Sonradan öğrendik ki otelin böyle bir WhatsApp hattı yokmuş. Bütün işlemler standart bir otel rezervasyon işlemi gibiydi; antetli kayıtlarda WhatsApp üzerinden yazışmalar yapıldı ve bize voucher bile gönderildi. Otele gittiğimizde ise mağduriyet yaşadığımızı anladık. Otel yönetimi bunun sık sık gerçekleştiğini, hatta Bodrum’daki otellerin %30’unda benzer sorunlar yaşandığını, fakat yapan kişinin hâlâ yakalanamadığını söyledi. Bu süreçte maddi olarak ciddi zarara uğradık ve çok zor durumda kaldık. Kaç kişinin bu şekilde mağdur olduğunu düşününce, ortada büyük bir mağduriyet olduğunu fark ettik. Arkasında kimin olduğu ise hâlâ belirsiz. Madem bu kadar fazla kişi mağdur oluyor, otelin kendi ismiyle internette çıkan sahte linkleri kontrol ederek düzenli olarak şikayet etmesini beklerdim. İnsanlar yaşadıkları mağduriyetle baş başa kalıyor. Bankalar, savcılık gibi kurumlar üzerinden süreci takip etmeye çalışıyoruz.","Sayın Misafirimiz, Öncelikle yaşamış olduğunuz bu talihsiz durumdan dolayı büyük bir üzüntü duyduğumuzuzu içtenlikle belirtmek isteriz. Her ne kadar bu olay otelimizin resmî kanallarının tamamen dışında gerçekleşmiş olsa da, markamızın adının böyle bir dolandırıcılık girişiminde kullanılması hem bizi hem de turizm sektörünü derinden yaralamaktadır. Maalesef, son yıllarda turizm sektöründe artan dijital dolandırıcılık faaliyetleri nedeniyle birçok tesisin adı ve kurumsal kimliği kötü niyetli kişiler tarafından izinsiz ve sahte yollarla kullanılmaktadır. Bu durumdan bizim gibi birçok otel etkilenmekte ve ne yazık ki bazı misafirlerimiz mağduriyet yaşayabilmektedir. Şunun altını özellikle çizmek isteriz: 🔹 Resmî rezervasyon ve iletişim yalnızca bu site üzerindeki sabit telefon numaramız ve kurumsal e-posta adreslerimiz aracılığıyla yürütülmektedir. 🔹 Otelimizin hiçbir şekilde resmî bir WhatsApp rezervasyon hattı yoktur. Bu ve benzeri dolandırıcılık girişimleriyle ilgili olarak tarafımızca hem BTK hem de siber suçlar birimlerine defalarca bildirimde bulunulmuş, gerekli teknik ve hukuki adımlar atılmıştır. Ancak ilgili kişi ya da kişilerin bulunması ve adalete teslim edilmesi, kolluk kuvvetleri ve adli makamların yürüttüğü soruşturmalarla mümkündür. Yaşadığınız mağduriyetin farkındayız ve bu süreçte her türlü bilgi ve belge paylaşımı konusunda size destek olmaya hazır olduğumuzu bilmenizi isteriz. Elinizdeki sahte rezervasyon belgelerini bizimle paylaşırsanız, resmi kurumlara yapılacak başvurular için dosyanıza destek olabilecek ek bilgiler sağlayabiliriz. Tüm kalbimizle diliyoruz ki bu durumu en kısa zamanda ve en az zararla atlatırsınız. Yaşadığınız bu olumsuz deneyime rağmen sizi ileride gerçek Kefaluka Resort deneyimi ile ağırlamaktan büyük memnuniyet duyacağımızı belirtmek isteriz. Saygılarımızla, Kefaluka Resort Otel Yönetimi",,1290,165,45,5,1858,234,,,False,False,False,False,False,False,False,False,False,2026-08-25 12:58:29.219502,,False,MISSING,True,True,False,False,,,,2025-08-04 11:19:00,,,,0,False,True,False,False,False,False,Kefaluka Resort,Akyarlar,4.4,4293,,,,,False,False,False,1,1,0,0,2025-08-04 11:19:00,2025-08-04 11:19:00,True,False,False
sahte-web-sitesi-uzerinden-kefaluka-otel-rezervasyonunda-magduriyet,https://www.sikayetvar.com/kefaluka-resort/sahte-web-sitesi-uzerinden-kefaluka-otel-rezervasyonunda-magduriyet,https://www.sikayetvar.com/kefaluka-resort/sahte-web-sitesi-uzerinden-kefaluka-otel-rezervasyonunda-magduriyet,BOD007,Kefaluka Resort,Akyarlar,Kefaluka Resort,sahte-web-sitesi-uzerinden-kefaluka-otel-rezervasyonunda-magduriyet,https://www.sikayetvar.com/kefaluka-resort/sahte-web-sitesi-uzerinden-kefaluka-otel-rezervasyonunda-magduriyet,Sahte Web Sitesi Üzerinden Kefaluka Otel Rezervasyonunda Mağduriyet,"Kefaluka Otele internetten rezervasyon yaptırdık. İlk çıkan web sitesindeki numaradan aradığımızda, oteli anlatarak fiyat verdiler. Bütün işlemler standart bir otel rezervasyon işlemi gibiydi; ardından mail geldi. Antetli kayıtlarda WhatsApp üzerinden yazışmalar yapıldı. İlk 3 gün her aradığımda internette aynı numara çıktı ve görüşüp teyitleri yaptım. Son gün geldiğinde ise cevap alamadım. Yeniden oteli arayınca, Google'da başka bir numara çıktı ve rezervasyonumuzun olmadığını söylediler. Dolandırılmıştık. Bu otelin bütün bilgilerine nasıl ulaşıyorlar ve ismini kullanarak reklam verebiliyorlar? Otelin bunun peşine düşmesi gerekiyor. Biz Kefaluka Otele güvenerek rezervasyon yaptırdık. Otelde yer olmadığı için de mağdur olduk.",3 Ağustos 2025 14:29,1.179,,,,True,4 Ağustos 2025 11:41,"Sayın Misafirimiz, 

Öncelikle yaşadığınız bu üzücü durumdan dolayı geçmiş olsun dileklerimizi iletmek isteriz.

Belirttiğiniz şekilde, otelimizin adı ve kurumsal kimliği kullanılarak gerçekleştirilen bu tür dolandırıcılık girişimleri son zamanlarda artış göstermiştir. Ne yazık ki bazı kişi ya da gruplar, internet ortamında sahte web siteleri, reklamlar ve telefon numaraları aracılığıyla otelimizi temsil ediyormuş gibi davranarak misafirleri yanıltmaktadır.

Tarafımızca bu sahte oluşumlarla ilgili olarak defalarca BTK, Emniyet ve ilgili yasal mercilere başvurularda bulunulmuş, konu düzenli olarak takip edilmektedir. Ancak bu yapıların hızlı biçimde yayılabilmesi, otelimizin bilgisi dışında gelişen dolandırıcılıkları maalesef tamamen engelleyememektedir.

Şunu önemle belirtmek isteriz:
✅ Otelimizin tek resmî web sitesi adresidir.
✅ Hiçbir şekilde WhatsApp üzerinden rezervasyon ya da ödeme alınmamaktadır.
✅ İletişim yalnızca resmî telefon ve e-posta adresleri üzerinden sağlanmaktadır.

Yaşadığınız bu durum bizim için de hassastır. Konuya gösterdiğiniz duyarlılık için teşekkür eder, ilgili kişi veya kişilerin adalete teslim edilmesi için gerekli tüm desteği vermeye hazır olduğumuzu bildiririz.

Saygılarımızla, 
Kefaluka Resort Bodrum Yönetim",False,,,1,6 Ağustos 2025 21:15,Çok kez aramanız ve nazik yaklaşımınız için teşekkür ederiz umarım bu kişilerin bulunması için bir gelişme sağlayabilirsiniz.,COMPLAINT_MATCHED,,Dedicated single-property source page,https://www.sikayetvar.com/kefaluka-resort,2026-08-25T12:58:29.219502+00:00,Sahte Web Sitesi Üzerinden Kefaluka Otel Rezervasyonunda Mağduriyet,"Kefaluka Otele internetten rezervasyon yaptırdık. İlk çıkan web sitesindeki numaradan aradığımızda, oteli anlatarak fiyat verdiler. Bütün işlemler standart bir otel rezervasyon işlemi gibiydi; ardından mail geldi. Antetli kayıtlarda WhatsApp üzerinden yazışmalar yapıldı. İlk 3 gün her aradığımda internette aynı numara çıktı ve görüşüp teyitleri yaptım. Son gün geldiğinde ise cevap alamadım. Yeniden oteli arayınca, Google'da başka bir numara çıktı ve rezervasyonumuzun olmadığını söylediler. Dolandırılmıştık. Bu otelin bütün bilgilerine nasıl ulaşıyorlar ve ismini kullanarak reklam verebiliyorlar? Otelin bunun peşine düşmesi gerekiyor. Biz Kefaluka Otele güvenerek rezervasyon yaptırdık. Otelde yer olmadığı için de mağdur olduk.","Sayın Misafirimiz, Öncelikle yaşadığınız bu üzücü durumdan dolayı geçmiş olsun dileklerimizi iletmek isteriz. Belirttiğiniz şekilde, otelimizin adı ve kurumsal kimliği kullanılarak gerçekleştirilen bu tür dolandırıcılık girişimleri son zamanlarda artış göstermiştir. Ne yazık ki bazı kişi ya da gruplar, internet ortamında sahte web siteleri, reklamlar ve telefon numaraları aracılığıyla otelimizi temsil ediyormuş gibi davranarak misafirleri yanıltmaktadır. Tarafımızca bu sahte oluşumlarla ilgili olarak defalarca BTK, Emniyet ve ilgili yasal mercilere başvurularda bulunulmuş, konu düzenli olarak takip edilmektedir. Ancak bu yapıların hızlı biçimde yayılabilmesi, otelimizin bilgisi dışında gelişen dolandırıcılıkları maalesef tamamen engelleyememektedir. Şunu önemle belirtmek isteriz: ✅ Otelimizin tek resmî web sitesi adresidir. ✅ Hiçbir şekilde WhatsApp üzerinden rezervasyon ya da ödeme alınmamaktadır. ✅ İletişim yalnızca resmî telefon ve e-posta adresleri üzerinden sağlanmaktadır. Yaşadığınız bu durum bizim için de hassastır. Konuya gösterdiğiniz duyarlılık için teşekkür eder, ilgili kişi veya kişilerin adalete teslim edilmesi için gerekli tüm desteği vermeye hazır olduğumuzu bildiririz. Saygılarımızla, Kefaluka Resort Bodrum Yönetim",,735,93,67,8,1250,153,,,False,False,False,False,False,False,False,False,False,2026-08-25 12:58:29.219502,2025-08-03 14:29:00,False,DAY_MONTH_YEAR_TIME,False,False,False,False,2025,8,2025-08,2025-08-04 11:41:00,,1179,,1,False,True,False,False,False,False,Kefaluka Resort,Akyarlar,4.4,4293,,,,,False,False,False,2,1,1,0,2025-08-04 11:41:00,2025-08-06 21:15:00,True,False,False
kefaluka-resort-dogum-gunumde-yasadigimiz-hayal-kirikligi-ve-ilgisizlik,https://www.sikayetvar.com/kefaluka-resort/kefaluka-resort-dogum-gunumde-yasadigimiz-hayal-kirikligi-ve-ilgisizlik,https://www.sikayetvar.com/kefaluka-resort/kefaluka-resort-dogum-gunumde-yasadigimiz-hayal-kirikligi-ve-ilgisizlik,BOD007,Kefaluka Resort,Akyarlar,Kefaluka Resort,kefaluka-resort-dogum-gunumde-yasadigimiz-hayal-kirikligi-ve-ilgisizlik,https://www.sikayetvar.com/kefaluka-resort/kefaluka-resort-dogum-gunumde-yasadigimiz-hayal-kirikligi-ve-ilgisizlik,Doğum Günümde Yaşadığımız Hayal Kırıklığı Ve İlgisizlik,"19 Temmuz doğum günümde eşim bana sürpriz yapmak için Kefaluka Otel’de rezervasyon yaptırmıştı. Sabah otele girişte, a la carte restoran sürprizi için insan ilişkilerindeki beyefendi, 'i*** Hanım gelsin, müsaitlik varsa yardımcı oluruz' dedi. Asansöre binerken i*** Hanım geldi ve kaba bir şekilde beyefendiye bağırmaya başladı. Henüz ekranına bile bakmadan, 'a la carte ile uğraşamam' dedi. O anda tüm motivasyonumuz bitti, sürprizimiz mahvoldu.
Odaya çıktığımızda iki tek kişilik yatak birleştirilmişti. Şikayet ettiğimizde, 'Bu şekilde çift kişilik odamız yok' dediler. Sonra, 'Var ama kirli, isterseniz geçin' dediler. Kimse kirli bir odaya geçmek istemez.
Öğle yemeğinde hamburger söyledik; ekmek bayat, patates buz gibi ve yağ içindeydi. Kumpir almak istedik, 'Masada servis yapılıyor' dendi, oturduk. Sonra, 'Kalmadı, aşağıdan alın' dendi. Tatil için değil, sanki koşturmak için gelmiş gibiydik.
Şikayetimizi lobide dile getirdik, insan kaynakları müdürü i**** Hanım bize hakaret etti. Kolluk kuvvetlerini çağıracağımızı söyledik, 'Çağırın' diye bağırarak ortamı daha da gerdi. Polis geldi, çözüm yerine sorun büyüdü. Saat 16:00’da otelden çıkmak zorunda kaldık.
Bu kadar saygısızlık ve ilgisizlik hiçbir 5 yıldızlı otele yakışmaz. Ne özel günümüz kaldı, ne tatilimiz.",21 Temmuz 2025 22:27,1.504,,,,True,22 Temmuz 2025 09:26,"Değerli Misafirimiz, 

Öncelikle otelimizi tercih ettiğiniz ve geri bildiriminizi bizlerle paylaştığınız için teşekkür ederiz. Misafir memnuniyetini en üst seviyede tutmayı hedefleyen bir işletme olarak, yaşadığınız deneyimi üzülerek okuduk.
Bahsettiğiniz bazı konulara açıklık getirmek isteriz. Rezervasyonunuz kara manzaralı standart oda olmasına rağmen, misafir memnuniyetini ön planda tutarak sizlere deniz manzaralı bir oda tahsis edildiğini hatırlatmak isteriz. Ayrıca, konaklamanız iki gece ile sınırlı olmasına rağmen, normalde en az beş gece konaklayan misafirlerimizin yararlanabildiği a la carte restoranımıza, özel gününüz vesilesiyle istisnai olarak rezervasyon yapıldı.
Otelimizdeki standart odaların büyük bir kısmı twin bed (iki ayrı yatak) şeklindedir ve bu bilgi tüm rezervasyon kanallarında açıkça belirtilmektedir. Talebiniz üzerine yataklar birleştirilerek yardımcı olunmak istenmiş, ancak bu önerimiz kabul görmemiştir. “Var ama kirli” şeklinde bir ifade hiçbir personelimiz tarafından kullanılmamıştır; çünkü prosedürümüz gereği, oda değişikliği talebi olduğunda uygun oda temizletilerek misafirlerimize sunulmaktadır.
Snack restoranlarımız, misafirlerimizden sıklıkla olumlu geri dönüşler almakta olup, yaşadığınız olumsuz deneyimi yerinde değerlendirebilmek adına sizden detay rica edilmiş, ancak yeterli bilgiye ulaşılamamıştır.
Lobide yaşanan olayla ilgili olarak, orada bulunan personelimizin de çok net şekilde şahit olduğu üzere, belirttiklerinizin gerçeği yansıtmadığını üzülerek söylemek zorundayız. Olabilecek basit bir aksaklığı bu kadar anlaşılmaz bir gerginlikle karşılamanız ve sizden farkı yalnızca burada görevini yerine getirmeye çalışan bir misafir ilişkileri yöneticimize, üstelik birçok insanın önünde, hiç hak etmediği bir tonda gösterdiğiniz şiddetli reaksiyon karşısında personelimizin bu duruma verdiği tepkiyi her ne kadar misafir–çalışan ilişkisine yakıştırmasak da, maalesef olay bu şekilde yaşanmıştır. Netice itibarıyla, çağırdığınız kolluk kuvvetine “biz davacı değiliz ama o da olmasın” diyerek olayın tek taraflı olmadığını ifade etmiş oldunuz.
Otellerde görev yapan çalışanların da birer ailesi, sorumlulukları ve duyguları olduğunu; zaman zaman hata yapabileceklerini kabul etmek, insani ve yapıcı bir yaklaşım olacaktır.
Tarafınızca kamuya açık bir platformda paylaşılan video içeriğinde, otelimiz çalışanının izinsiz şekilde görüntüsünün yer alması, 6698 sayılı Kişisel Verilerin Korunması Kanunu (KVKK) kapsamında kişisel veri ihlali teşkil etmektedir. İlgili kişinin açık rızası olmaksızın gerçekleştirilen bu paylaşım, hem çalışanın kişilik haklarını hem de kurumumuzun itibarını etkileyebilecek mahiyettedir. Bu nedenle, söz konusu içeriğin kaldırılması yönünde gerekli yasal başvuru hakkımızın saklı olduğu durumunu bilgilerinize sunarız.
Saygılarımızla, 
Kefaluka Resort Bodrum Yönetimi",False,,,1,22 Temmuz 2025 11:10,Öncelikle ilginize teşekkür ederiz otelde kaldığımız sürece çünkü cevap veren bir yetkili bulamadık gönderdiğimiz videoda çalışanınızı rencide etmek için olmadığını sadece marka ile paylaşıldığını 3. Şahısların ulaşamadığı bir video dur bunu da otel yönetiminin bize cevap vermeyen suratımıza dahi bakmayan misafir ilişkileri müdürünün davranışlarını kanıtlamak için olduğunu belirtmek içindir...,COMPLAINT_MATCHED,,Dedicated single-property source page,https://www.sikayetvar.com/kefaluka-resort,2026-08-25T12:58:29.219502+00:00,Doğum Günümde Yaşadığımız Hayal Kırıklığı Ve İlgisizlik,"19 Temmuz doğum günümde eşim bana sürpriz yapmak için Kefaluka Otel’de rezervasyon yaptırmıştı. Sabah otele girişte, a la carte restoran sürprizi için insan ilişkilerindeki beyefendi, 'i*** Hanım gelsin, müsaitlik varsa yardımcı oluruz' dedi. Asansöre binerken i*** Hanım geldi ve kaba bir şekilde beyefendiye bağırmaya başladı. Henüz ekranına bile bakmadan, 'a la carte ile uğraşamam' dedi. O anda tüm motivasyonumuz bitti, sürprizimiz mahvoldu. Odaya çıktığımızda iki tek kişilik yatak birleştirilmişti. Şikayet ettiğimizde, 'Bu şekilde çift kişilik odamız yok' dediler. Sonra, 'Var ama kirli, isterseniz geçin' dediler. Kimse kirli bir odaya geçmek istemez. Öğle yemeğinde hamburger söyledik; ekmek bayat, patates buz gibi ve yağ içindeydi. Kumpir almak istedik, 'Masada servis yapılıyor' dendi, oturduk. Sonra, 'Kalmadı, aşağıdan alın' dendi. Tatil için değil, sanki koşturmak için gelmiş gibiydik. Şikayetimizi lobide dile getirdik, insan kaynakları müdürü i**** Hanım bize hakaret etti. Kolluk kuvvetlerini çağıracağımızı söyledik, 'Çağırın' diye bağırarak ortamı daha da gerdi. Polis geldi, çözüm yerine sorun büyüdü. Saat 16:00’da otelden çıkmak zorunda kaldık. Bu kadar saygısızlık ve ilgisizlik hiçbir 5 yıldızlı otele yakışmaz. Ne özel günümüz kaldı, ne tatilimiz.","Değerli Misafirimiz, Öncelikle otelimizi tercih ettiğiniz ve geri bildiriminizi bizlerle paylaştığınız için teşekkür ederiz. Misafir memnuniyetini en üst seviyede tutmayı hedefleyen bir işletme olarak, yaşadığınız deneyimi üzülerek okuduk. Bahsettiğiniz bazı konulara açıklık getirmek isteriz. Rezervasyonunuz kara manzaralı standart oda olmasına rağmen, misafir memnuniyetini ön planda tutarak sizlere deniz manzaralı bir oda tahsis edildiğini hatırlatmak isteriz. Ayrıca, konaklamanız iki gece ile sınırlı olmasına rağmen, normalde en az beş gece konaklayan misafirlerimizin yararlanabildiği a la carte restoranımıza, özel gününüz vesilesiyle istisnai olarak rezervasyon yapıldı. Otelimizdeki standart odaların büyük bir kısmı twin bed (iki ayrı yatak) şeklindedir ve bu bilgi tüm rezervasyon kanallarında açıkça belirtilmektedir. Talebiniz üzerine yataklar birleştirilerek yardımcı olunmak istenmiş, ancak bu önerimiz kabul görmemiştir. “Var ama kirli” şeklinde bir ifade hiçbir personelimiz tarafından kullanılmamıştır; çünkü prosedürümüz gereği, oda değişikliği talebi olduğunda uygun oda temizletilerek misafirlerimize sunulmaktadır. Snack restoranlarımız, misafirlerimizden sıklıkla olumlu geri dönüşler almakta olup, yaşadığınız olumsuz deneyimi yerinde değerlendirebilmek adına sizden detay rica edilmiş, ancak yeterli bilgiye ulaşılamamıştır. Lobide yaşanan olayla ilgili olarak, orada bulunan personelimizin de çok net şekilde şahit olduğu üzere, belirttiklerinizin gerçeği yansıtmadığını üzülerek söylemek zorundayız. Olabilecek basit bir aksaklığı bu kadar anlaşılmaz bir gerginlikle karşılamanız ve sizden farkı yalnızca burada görevini yerine getirmeye çalışan bir misafir ilişkileri yöneticimize, üstelik birçok insanın önünde, hiç hak etmediği bir tonda gösterdiğiniz şiddetli reaksiyon karşısında personelimizin bu duruma verdiği tepkiyi her ne kadar misafir–çalışan ilişkisine yakıştırmasak da, maalesef olay bu şekilde yaşanmıştır. Netice itibarıyla, çağırdığınız kolluk kuvvetine “biz davacı değiliz ama o da olmasın” diyerek olayın tek taraflı olmadığını ifade etmiş oldunuz. Otellerde görev yapan çalışanların da birer ailesi, sorumlulukları ve duyguları olduğunu; zaman zaman hata yapabileceklerini kabul etmek, insani ve yapıcı bir yaklaşım olacaktır. Tarafınızca kamuya açık bir platformda paylaşılan video içeriğinde, otelimiz çalışanının izinsiz şekilde görüntüsünün yer alması, 6698 sayılı Kişisel Verilerin Korunması Kanunu (KVKK) kapsamında kişisel veri ihlali teşkil etmektedir. İlgili kişinin açık rızası olmaksızın gerçekleştirilen bu paylaşım, hem çalışanın kişilik haklarını hem de kurumumuzun itibarını etkileyebilecek mahiyettedir. Bu nedenle, söz konusu içeriğin kaldırılması yönünde gerekli yasal başvuru hakkımızın saklı olduğu durumunu bilgilerinize sunarız. Saygılarımızla, Kefaluka Resort Bodrum Yönetimi",,1275,175,55,7,2848,343,,,False,False,False,False,False,False,False,False,False,2026-08-25 12:58:29.219502,2025-07-21 22:27:00,False,DAY_MONTH_YEAR_TIME,False,False,False,False,2025,7,2025-07,2025-07-22 09:26:00,,1504,,1,False,True,False,False,False,False,Kefaluka Resort,Akyarlar,4.4,4293,,,,,False,False,False,2,1,1,0,2025-07-22 09:26:00,2025-07-22 11:10:00,True,False,False
otel-icindeki-kiralik-hizmetlerde-yasanan-iletisim-ve-odeme-sorunlari-huzurumuzu-kacirdi,https://www.sikayetvar.com/kefaluka-resort/otel-icindeki-kiralik-hizmetlerde-yasanan-iletisim-ve-odeme-sorunlari-huzurumuzu-kacirdi,https://www.sikayetvar.com/kefaluka-resort/otel-icindeki-kiralik-hizmetlerde-yasanan-iletisim-ve-odeme-sorunlari-huzurumuzu-kacirdi,BOD007,Kefaluka Resort,Akyarlar,Kefaluka Resort,otel-icindeki-kiralik-hizmetlerde-yasanan-iletisim-ve-odeme-sorunlari-huzurumuzu-kacirdi,https://www.sikayetvar.com/kefaluka-resort/otel-icindeki-kiralik-hizmetlerde-yasanan-iletisim-ve-odeme-sorunlari-huzurumuzu-kacirdi,Otel İçindeki Kiralık Hizmetlerde Yaşanan İletişim Ve Ödeme Sorunları Huzurumuzu Kaçırdı,"Şu an hâlâ otelde konaklamaktayız. Öğle saatlerinde havuz başında tarafımıza masaj satıldı. Özel olarak sormamıza rağmen ödeme ile ilgili herhangi bir bilgi verilmedi ve biz de bir gün arayla, akşam yediye eşimin ve kendime masaj satın aldık. Akşam 19.00'da SPA bölümüne gittiğimizde iki bölüm vardı ve bir bölümde kimse yoktu, dakikalarca bekledim. Sonrasında karşı taraftan el işaretiyle beni çağırdılar ve ödemeyi şimdi almazsak sizi masaja alamayız dediler. Biz, Bodrum merkeze inme planını masajdan dolayı iptal etmiştik ve bunu söyleyerek, havuzdan da geldiğimizi, otel müşterisi olduğumuzu belirttik. Şu an yanımızda kartın olmadığını, eşimin de telefonu kapalı olduğu için ulaşamadığımı belirtmeme rağmen, bu şekilde alamıyoruz dediler. Yetkili bir kişi istedik. Hemen bizi dinleyen bir beyefendi gelerek, burasının otelin yeri değil, özel kiralanmış bir yer olduğunu, kuralların bu şekilde olduğunu söyledi ve üslubu oldukça rahatsız ediciydi. Bütün tadımızı, huzurumuzu kaçırdı. Otel yetkililerine söylediğimizde de 'Doğru söylemişler, orası kiralık ama bu şekilde yapmamaları lazımdı, özür dileriz' demekten başka bir şey yapmadılar. Otelin içinde özel olarak kiralanmış birçok hizmet veren bölüm var ve bu şekilde üsluplar olabiliyor. Bundan dolayı da tadınız kaçacaktır. Böylesine büyük ve konumu güzel bir otelin, kendi seçimleriyle kiraladığı alt esnaflarının kontrolünün elinde olmayışı ve bu gibi durumlarda çare bulamamış olmaları gerçekten içler acısı.",21 Temmuz 2025 15:09,4.397,,,,False,,,False,,,0,,,COMPLAINT_MATCHED,,Dedicated single-property source page,https://www.sikayetvar.com/kefaluka-resort,2026-08-25T12:58:29.219502+00:00,Otel İçindeki Kiralık Hizmetlerde Yaşanan İletişim Ve Ödeme Sorunları Huzurumuzu Kaçırdı,"Şu an hâlâ otelde konaklamaktayız. Öğle saatlerinde havuz başında tarafımıza masaj satıldı. Özel olarak sormamıza rağmen ödeme ile ilgili herhangi bir bilgi verilmedi ve biz de bir gün arayla, akşam yediye eşimin ve kendime masaj satın aldık. Akşam 19.00'da SPA bölümüne gittiğimizde iki bölüm vardı ve bir bölümde kimse yoktu, dakikalarca bekledim. Sonrasında karşı taraftan el işaretiyle beni çağırdılar ve ödemeyi şimdi almazsak sizi masaja alamayız dediler. Biz, Bodrum merkeze inme planını masajdan dolayı iptal etmiştik ve bunu söyleyerek, havuzdan da geldiğimizi, otel müşterisi olduğumuzu belirttik. Şu an yanımızda kartın olmadığını, eşimin de telefonu kapalı olduğu için ulaşamadığımı belirtmeme rağmen, bu şekilde alamıyoruz dediler. Yetkili bir kişi istedik. Hemen bizi dinleyen bir beyefendi gelerek, burasının otelin yeri değil, özel kiralanmış bir yer olduğunu, kuralların bu şekilde olduğunu söyledi ve üslubu oldukça rahatsız ediciydi. Bütün tadımızı, huzurumuzu kaçırdı. Otel yetkililerine söylediğimizde de 'Doğru söylemişler, orası kiralık ama bu şekilde yapmamaları lazımdı, özür dileriz' demekten başka bir şey yapmadılar. Otelin içinde özel olarak kiralanmış birçok hizmet veren bölüm var ve bu şekilde üsluplar olabiliyor. Bundan dolayı da tadınız kaçacaktır. Böylesine büyük ve konumu güzel bir otelin, kendi seçimleriyle kiraladığı alt esnaflarının kontrolünün elinde olmayışı ve bu gibi durumlarda çare bulamamış olmaları gerçekten içler acısı.",,,1471,202,88,11,,,,,False,False,False,False,False,False,False,False,False,2026-08-25 12:58:29.219502,2025-07-21 15:09:00,False,DAY_MONTH_YEAR_TIME,False,False,False,False,2025,7,2025-07,,,4397,,0,False,False,False,False,False,False,Kefaluka Resort,Akyarlar,4.4,4293,,,,,False,False,False,0,0,0,0,,,False,False,False
bodrum-kefaluka-resort-otelde-hijyen-ve-hizmet-sorunlari,https://www.sikayetvar.com/kefaluka-resort/bodrum-kefaluka-resort-otelde-hijyen-ve-hizmet-sorunlari,https://www.sikayetvar.com/kefaluka-resort/bodrum-kefaluka-resort-otelde-hijyen-ve-hizmet-sorunlari,BOD007,Kefaluka Resort,Akyarlar,Kefaluka Resort,bodrum-kefaluka-resort-otelde-hijyen-ve-hizmet-sorunlari,https://www.sikayetvar.com/kefaluka-resort/bodrum-kefaluka-resort-otelde-hijyen-ve-hizmet-sorunlari,Bodrum,"Bodrum Kefaluka Resort Otel'de hijyen, hizmet ve sağlık açısından ciddi sorunlar yaşadık. Yüksek bir ücret ödememize rağmen, çocuklarımız perişan oldu. Yatak çarşafları kanlıydı ve revirde yardımcı olabilecek kimse yoktu. Sadece ücret karşılığında ambulans çağırabileceklerini belirttiler. Güvenlik hizmeti de yetersizdi; bazı müşterilere vale hizmeti sunulmuyordu.",17 Temmuz 2025 11:52,1.854,,,,True,17 Temmuz 2025 14:37,"Sayın Misafirimiz, 

Öncelikle yaşadığınız durum nedeniyle üzgün olduğumuzu belirtmek isteriz. Ancak konaklamanız süresince tarafımıza iletmiş olduğunuz iddialarla ilgili detaylı bir değerlendirme yapılmıştır ve kayıtlar doğrultusunda durumun tamamen farklı şekilde geliştiği tespit edilmiştir.
Otelimizde konakladığınız süre boyunca tarafınızdan bildirilen her konuya gerekli hassasiyet gösterilmiş, sağlık ve güvenlik açısından gereken tüm prosedürler eksiksiz olarak uygulanmıştır.

14.07.2025 Pazartesi Akşamı
Saat 19:29’da çocuğunuzla birlikte revirimize başvurdunuz. Yapılan değerlendirmede, çocuğunuzun başka bir misafirimizin taşıdığı tabakla yüzüne çarpması sonucu yüz bölgesinde hafif şişlik ve kızarıklık oluştuğu, sağlık personelimizce buz uygulaması yapıldığı ve ciddi bir sağlık problemi bulunmadığı tespit edilmiştir. Bölge bandajlanarak destek sunulmuştur.
Kamera kayıtları incelenmiş, olayın çocuğunuzun Scooter ile restoran içerisinde ilerlerken başka bir misafirin yakınından geçerken tabakla çarpışması sonucu meydana geldiği, durmadan Scooter sürmeye devam ettiği gözlemlenmiştir. Tarafınıza bu kayıtlar KVKK gereği ancak resmi makamlar (polis, jandarma, mahkeme) talep ederse verilebileceği açıkça iletilmiştir. O esnada jandarmayı arayarak şikayetçi olduğunuzu ve bu konuda izlenecek resmi yol hakkında bilgi verildiği kayıt altındadır. Ayrıca, olay sonrası misafir ilişkileri yöneticimize teşekkür ettiğiniz de tarafımızca not edilmiştir.

15.07.2025 Saat 05:34
Çocuğunuzun mide bulantısı şikayetiyle revirimize tekrar başvurmanız üzerine, sağlık personelimizce muayene gerektiği ifade edilerek, dilerseniz devlet hastanesine, dilerseniz özel hastaneye yönlendirme yapılabileceği ya da ambulans çağrılabileceği tarafınıza bildirilmiştir. Siz ise çocuğunuzu kendiniz hastaneye götüreceğinizi belirtmişsinizdir. Aynı gün içerisinde tarafınıza ulaşılmış, çocuğunuzun durumu sorulmuş, ağrı kesici verdiğinizi ve şu anda daha iyi olduğunu beyan etmişsinizdir.

17.07.2025 Sabahı
İlaç temini talebiniz üzerine tarafınıza otel içerisinde eczane bulunmadığı, en yakın eczanenin araçla 10 dakika mesafede olduğu ve ulaşımın özel hizmet kapsamında ücretli olduğu bilgisi aktarılmıştır. Bu bilgilendirme sonrası misafir ilişkileri personelimize yüksek sesle ve hakaret içerikli söylemlerde bulunduğunuz ve telefonu kapattığınız, ardından lobide de benzer şekilde personelimize bağırarak tehdit ve hakaret içeren sözler sarf ettiğiniz tespit edilmiştir.

Otelimizde 1200’e yakın misafir konaklamakta olup, herhangi bir gıda kaynaklı zehirlenme veya hijyen problemi yaşanmamıştır. Hijyen, sağlık ve kalite kontrollerimiz düzenli olarak gerçekleştirilmekte ve ilgili tüm sertifikasyonlara sahibiz.

Sağlık personelimiz tarafından doktor muayenesi şiddetle önerilmiş olmasına rağmen bu konuda inisiyatif tamamen sizde kalmış ve herhangi bir muayene gerçekleştirilmemiştir. Kendi temin ettiğiniz ilaçları kullanmanız ise tarafımızdan yönlendirilmemiştir.

Misafir güvenliği, hijyen ve hizmet kalitesi otelimizin en öncelikli değerleridir. Ancak yanlış bilgi, yönlendirme dışı müdahale ve çalışanlarımıza yönelik hakaret içerikli davranışlar kabul edilemez niteliktedir.

Yine de konuya yaklaşımınız ve görüşlerinizi bizimle paylaştığınız için teşekkür eder, sağlıklı günler dileriz.

Saygılarımızla, 

Kefaluka Resort Bodrum Yönetimi",False,,,1,25 Ağustos 2025 20:31,"Yüklenen fotoğraflarda çarpma sonucu göz altında patlama olduğu açıkça gözüküyor buz kompresin buna uygun bir tedavi olmadığı, devlet Hastanesi ve Bodrum american Hastanesi hekimlerince yaranın dikiş veya yapıştırmayla kapatılmasının şart olduğu söylendi. 
Kamera kayıtlarını daha detaylı izlerseniz ne olduğunu göreceksiniz. 
Ertesi gün çocuğum lobide kusarken müşteri ilişkileri sorumlunuzun vale hizmeti olmadığına dair benimle yerinden kalkmadan kavga ettiğinide görmüşsünüzdür tabii. Otel sayfasında 7/24 vale hizmeti bulunduğunu belirtip vale hizmeti vermeyen vaatlerini kesinlikle yerine getirmeyen pis bir otel.",COMPLAINT_MATCHED,,Dedicated single-property source page,https://www.sikayetvar.com/kefaluka-resort,2026-08-25T12:58:29.219502+00:00,Bodrum,"Bodrum Kefaluka Resort Otel'de hijyen, hizmet ve sağlık açısından ciddi sorunlar yaşadık. Yüksek bir ücret ödememize rağmen, çocuklarımız perişan oldu. Yatak çarşafları kanlıydı ve revirde yardımcı olabilecek kimse yoktu. Sadece ücret karşılığında ambulans çağırabileceklerini belirttiler. Güvenlik hizmeti de yetersizdi; bazı müşterilere vale hizmeti sunulmuyordu.","Sayın Misafirimiz, Öncelikle yaşadığınız durum nedeniyle üzgün olduğumuzu belirtmek isteriz. Ancak konaklamanız süresince tarafımıza iletmiş olduğunuz iddialarla ilgili detaylı bir değerlendirme yapılmıştır ve kayıtlar doğrultusunda durumun tamamen farklı şekilde geliştiği tespit edilmiştir. Otelimizde konakladığınız süre boyunca tarafınızdan bildirilen her konuya gerekli hassasiyet gösterilmiş, sağlık ve güvenlik açısından gereken tüm prosedürler eksiksiz olarak uygulanmıştır. 14.07.2025 Pazartesi Akşamı Saat 19:29’da çocuğunuzla birlikte revirimize başvurdunuz. Yapılan değerlendirmede, çocuğunuzun başka bir misafirimizin taşıdığı tabakla yüzüne çarpması sonucu yüz bölgesinde hafif şişlik ve kızarıklık oluştuğu, sağlık personelimizce buz uygulaması yapıldığı ve ciddi bir sağlık problemi bulunmadığı tespit edilmiştir. Bölge bandajlanarak destek sunulmuştur. Kamera kayıtları incelenmiş, olayın çocuğunuzun Scooter ile restoran içerisinde ilerlerken başka bir misafirin yakınından geçerken tabakla çarpışması sonucu meydana geldiği, durmadan Scooter sürmeye devam ettiği gözlemlenmiştir. Tarafınıza bu kayıtlar KVKK gereği ancak resmi makamlar (polis, jandarma, mahkeme) talep ederse verilebileceği açıkça iletilmiştir. O esnada jandarmayı arayarak şikayetçi olduğunuzu ve bu konuda izlenecek resmi yol hakkında bilgi verildiği kayıt altındadır. Ayrıca, olay sonrası misafir ilişkileri yöneticimize teşekkür ettiğiniz de tarafımızca not edilmiştir. 15.07.2025 Saat 05:34 Çocuğunuzun mide bulantısı şikayetiyle revirimize tekrar başvurmanız üzerine, sağlık personelimizce muayene gerektiği ifade edilerek, dilerseniz devlet hastanesine, dilerseniz özel hastaneye yönlendirme yapılabileceği ya da ambulans çağrılabileceği tarafınıza bildirilmiştir. Siz ise çocuğunuzu kendiniz hastaneye götüreceğinizi belirtmişsinizdir. Aynı gün içerisinde tarafınıza ulaşılmış, çocuğunuzun durumu sorulmuş, ağrı kesici verdiğinizi ve şu anda daha iyi olduğunu beyan etmişsinizdir. 17.07.2025 Sabahı İlaç temini talebiniz üzerine tarafınıza otel içerisinde eczane bulunmadığı, en yakın eczanenin araçla 10 dakika mesafede olduğu ve ulaşımın özel hizmet kapsamında ücretli olduğu bilgisi aktarılmıştır. Bu bilgilendirme sonrası misafir ilişkileri personelimize yüksek sesle ve hakaret içerikli söylemlerde bulunduğunuz ve telefonu kapattığınız, ardından lobide de benzer şekilde personelimize bağırarak tehdit ve hakaret içeren sözler sarf ettiğiniz tespit edilmiştir. Otelimizde 1200’e yakın misafir konaklamakta olup, herhangi bir gıda kaynaklı zehirlenme veya hijyen problemi yaşanmamıştır. Hijyen, sağlık ve kalite kontrollerimiz düzenli olarak gerçekleştirilmekte ve ilgili tüm sertifikasyonlara sahibiz. Sağlık personelimiz tarafından doktor muayenesi şiddetle önerilmiş olmasına rağmen bu konuda inisiyatif tamamen sizde kalmış ve herhangi bir muayene gerçekleştirilmemiştir. Kendi temin ettiğiniz ilaçları kullanmanız ise tarafımızdan yönlendirilmemiştir. Misafir güvenliği, hijyen ve hizmet kalitesi otelimizin en öncelikli değerleridir. Ancak yanlış bilgi, yönlendirme dışı müdahale ve çalışanlarımıza yönelik hakaret içerikli davranışlar kabul edilemez niteliktedir. Yine de konuya yaklaşımınız ve görüşlerinizi bizimle paylaştığınız için teşekkür eder, sağlıklı günler dileriz. Saygılarımızla, Kefaluka Resort Bodrum Yönetimi",,365,44,6,1,3329,385,,,False,False,False,False,False,False,False,False,False,2026-08-25 12:58:29.219502,2025-07-17 11:52:00,False,DAY_MONTH_YEAR_TIME,False,False,False,False,2025,7,2025-07,2025-07-17 14:37:00,,1854,,1,False,True,False,False,False,False,Kefaluka Resort,Akyarlar,4.4,4293,,,,,False,False,False,2,1,1,0,2025-07-17 14:37:00,2025-08-25 20:31:00,True,False,False
kefaluka-resortta-konaklama-sonrasi-gida-zehirlenmesi-ve-saglik-sorunlari,https://www.sikayetvar.com/kefaluka-resort/kefaluka-resortta-konaklama-sonrasi-gida-zehirlenmesi-ve-saglik-sorunlari,https://www.sikayetvar.com/kefaluka-resort/kefaluka-resortta-konaklama-sonrasi-gida-zehirlenmesi-ve-saglik-sorunlari,BOD007,Kefaluka Resort,Akyarlar,Kefaluka Resort,kefaluka-resortta-konaklama-sonrasi-gida-zehirlenmesi-ve-saglik-sorunlari,https://www.sikayetvar.com/kefaluka-resort/kefaluka-resortta-konaklama-sonrasi-gida-zehirlenmesi-ve-saglik-sorunlari,'ta Konaklama Sonrası Gıda Zehirlenmesi Ve Sağlık Sorunları,"114741159 ve 114741085 rezervasyon numaralı Kefaluka Resort konaklamalarımızda üç kişi birden zehirlendik. Otelde kaldığımız süre boyunca dışarıya ne arabayla ne de yürüyerek çıkmadık; kamera kayıtlarına bakabilirler. İkinci gün, kardeşim otelin revirine gitti ve derhal Bodrum'daki hastaneye yönlendirildi. Sonrasında defalarca kez arandık. Dördüncü gün ise ben, kusma, bulantı, ateş ve nefes darlığı şikayetleriyle evin dönüş yolundaki hastanemize başvurdum. Yapılan tetkiklerde, bağırsak enfeksiyonuna (bekletilmiş gıda ve su) bağlı olarak kana mikrop karışmış; CRP değerimiz 126, NEUT 75 ve diğer yedi değerimiz de ekte görüldüğü gibi düşük çıkmıştır. Otele toplam 75.000₺ ödeme yaptık. İnsan sağlığı şakaya gelmez. Doktor raporlarımız ve resimlerimiz ektedir.",22 Haziran 2025 14:37,2.002,,,,True,22 Haziran 2025 15:16,"Değerli Misafirimiz, 

Öncelikle otelimizi tercih ettiğiniz ve deneyimlerinizi paylaştığınız için teşekkür ederiz.

Konaklamanız süresince yaşamış olduğunuz sağlık sorunları nedeniyle geçmiş olsun dileklerimizi iletmek isteriz. Belirtmiş olduğunuz tarihlerde (17.06.2025 - 19.06.2025) 2 yetişkin ve 1 çocuk olarak acente aracılığıyla yaptığınız rezervasyonunuz kapsamında, 19.06.2025 tarihinde sabah saat 09:48'de revirimize başvurduğunuz kayıtlarımızda yer almaktadır. Sağlık personelimiz tarafından yapılan ilk değerlendirmede, çocuğunuzun ateşinin 37.5°c olduğu ve nabzının yüksek seyretmesi nedeniyle dış bir sağlık kuruluşuna yönlendirme yapılabileceği bilgisi tarafınıza iletilmiştir. Ailenizin özel sağlık sigortası bulunduğu için kendi tercihinizle Acıbadem Bodrum Hastanesi’ne gitmeyi tercih ettiğiniz tarafımıza aktarılmıştır. Devamında, Misafir İlişkileri ekibimiz sizi hastane sürecinde de yalnız bırakmamış, tarafınıza ulaşarak sağlık durumunuzu takip etmiştir. Dönüşünüzde tekrar iletişime geçilmiş ve çocuğunuzun durumunun iyi olduğu, ilaç verildiği ve enfeksiyon teşhisi konduğu bilgisi tarafınızdan paylaşılmıştır. Bu görüşmede, herhangi bir talebinizin bulunmadığı da yine sizin tarafınızdan ifade edilmiştir.

Konaklamanızı uzatma talebiniz üzerine resepsiyon personelimiz size o gün geçerli indirimli güncel fiyat üzerinden yardımcı olmuş, erken rezervasyon ve güncel fiyat farkları size detaylı olarak açıklanmıştır. 21.06.2025 tarihine kadar tatilinizi 1 gün daha uzattığınız kayıtlarımızda yer almaktadır.

20.06.2025 tarihinde yapılan telefon görüşmesinde tarafınızca herhangi bir sorun kalmadığı, oğlunuzun sağlığının iyi olduğu ve ilgimiz için teşekkür ettiğiniz tarafımızca memnuniyetle not edilmiştir. Ancak 21.06.2025 tarihinde yapılan son görüşmede, tatilinizin sağlık sorunlarıyla geçtiği ve bu nedenle bir telafi beklentiniz olduğu ifade edilmiştir. Misafir İlişkileri yöneticimizle yapılan görüşmede; otelimizin gıda ve hijyen kontrollerinin düzenli olarak hem iç denetim ekiplerimiz hem de resmi kurumlar tarafından gerçekleştirildiği, benzer bir sağlık şikayetinin başka misafirlerden alınmadığı ve bu nedenle otel yönetimi tarafından herhangi bir telafi sürecine gidilemeyeceği bilgisi sizlerle açıkça paylaşılmıştır.

Misafir memnuniyeti politikamız doğrultusunda, otelimizde yaşanan bir durumun yanıltıcı şekilde yorumlanarak diğer misafirlerimizin yanlış bilgilendirilmesine karşı net bir duruş sergilemekteyiz. Yaşadığınız sağlık problemleri nedeniyle üzüntü duyduğumuzu tekrar belirtir, sağlığınızın tamamen yerinde olduğunu duymaktan memnuniyet duyduğumuzu bilmenizi isteriz.

Saygılarımızla, 

Kefaluka Resort Bodrum Yönetimi",False,,,0,,,COMPLAINT_MATCHED,,Dedicated single-property source page,https://www.sikayetvar.com/kefaluka-resort,2026-08-25T12:58:29.219502+00:00,'ta Konaklama Sonrası Gıda Zehirlenmesi Ve Sağlık Sorunları,"114741159 ve 114741085 rezervasyon numaralı Kefaluka Resort konaklamalarımızda üç kişi birden zehirlendik. Otelde kaldığımız süre boyunca dışarıya ne arabayla ne de yürüyerek çıkmadık; kamera kayıtlarına bakabilirler. İkinci gün, kardeşim otelin revirine gitti ve derhal Bodrum'daki hastaneye yönlendirildi. Sonrasında defalarca kez arandık. Dördüncü gün ise ben, kusma, bulantı, ateş ve nefes darlığı şikayetleriyle evin dönüş yolundaki hastanemize başvurdum. Yapılan tetkiklerde, bağırsak enfeksiyonuna (bekletilmiş gıda ve su) bağlı olarak kana mikrop karışmış; CRP değerimiz 126, NEUT 75 ve diğer yedi değerimiz de ekte görüldüğü gibi düşük çıkmıştır. Otele toplam 75.000₺ ödeme yaptık. İnsan sağlığı şakaya gelmez. Doktor raporlarımız ve resimlerimiz ektedir.","Değerli Misafirimiz, Öncelikle otelimizi tercih ettiğiniz ve deneyimlerinizi paylaştığınız için teşekkür ederiz. Konaklamanız süresince yaşamış olduğunuz sağlık sorunları nedeniyle geçmiş olsun dileklerimizi iletmek isteriz. Belirtmiş olduğunuz tarihlerde (17.06.2025 - 19.06.2025) 2 yetişkin ve 1 çocuk olarak acente aracılığıyla yaptığınız rezervasyonunuz kapsamında, 19.06.2025 tarihinde sabah saat 09:48'de revirimize başvurduğunuz kayıtlarımızda yer almaktadır. Sağlık personelimiz tarafından yapılan ilk değerlendirmede, çocuğunuzun ateşinin 37.5°c olduğu ve nabzının yüksek seyretmesi nedeniyle dış bir sağlık kuruluşuna yönlendirme yapılabileceği bilgisi tarafınıza iletilmiştir. Ailenizin özel sağlık sigortası bulunduğu için kendi tercihinizle Acıbadem Bodrum Hastanesi’ne gitmeyi tercih ettiğiniz tarafımıza aktarılmıştır. Devamında, Misafir İlişkileri ekibimiz sizi hastane sürecinde de yalnız bırakmamış, tarafınıza ulaşarak sağlık durumunuzu takip etmiştir. Dönüşünüzde tekrar iletişime geçilmiş ve çocuğunuzun durumunun iyi olduğu, ilaç verildiği ve enfeksiyon teşhisi konduğu bilgisi tarafınızdan paylaşılmıştır. Bu görüşmede, herhangi bir talebinizin bulunmadığı da yine sizin tarafınızdan ifade edilmiştir. Konaklamanızı uzatma talebiniz üzerine resepsiyon personelimiz size o gün geçerli indirimli güncel fiyat üzerinden yardımcı olmuş, erken rezervasyon ve güncel fiyat farkları size detaylı olarak açıklanmıştır. 21.06.2025 tarihine kadar tatilinizi 1 gün daha uzattığınız kayıtlarımızda yer almaktadır. 20.06.2025 tarihinde yapılan telefon görüşmesinde tarafınızca herhangi bir sorun kalmadığı, oğlunuzun sağlığının iyi olduğu ve ilgimiz için teşekkür ettiğiniz tarafımızca memnuniyetle not edilmiştir. Ancak 21.06.2025 tarihinde yapılan son görüşmede, tatilinizin sağlık sorunlarıyla geçtiği ve bu nedenle bir telafi beklentiniz olduğu ifade edilmiştir. Misafir İlişkileri yöneticimizle yapılan görüşmede; otelimizin gıda ve hijyen kontrollerinin düzenli olarak hem iç denetim ekiplerimiz hem de resmi kurumlar tarafından gerçekleştirildiği, benzer bir sağlık şikayetinin başka misafirlerden alınmadığı ve bu nedenle otel yönetimi tarafından herhangi bir telafi sürecine gidilemeyeceği bilgisi sizlerle açıkça paylaşılmıştır. Misafir memnuniyeti politikamız doğrultusunda, otelimizde yaşanan bir durumun yanıltıcı şekilde yorumlanarak diğer misafirlerimizin yanlış bilgilendirilmesine karşı net bir duruş sergilemekteyiz. Yaşadığınız sağlık problemleri nedeniyle üzüntü duyduğumuzu tekrar belirtir, sağlığınızın tamamen yerinde olduğunu duymaktan memnuniyet duyduğumuzu bilmenizi isteriz. Saygılarımızla, Kefaluka Resort Bodrum Yönetimi",,764,99,59,8,2659,302,,,False,False,False,False,False,False,False,False,False,2026-08-25 12:58:29.219502,2025-06-22 14:37:00,False,DAY_MONTH_YEAR_TIME,False,False,False,False,2025,6,2025-06,2025-06-22 15:16:00,,2002,,0,False,True,False,False,False,False,Kefaluka Resort,Akyarlar,4.4,4293,,,,,False,False,False,1,1,0,0,2025-06-22 15:16:00,2025-06-22 15:16:00,True,False,False
alakart-rezervasyonunda-hayal-kirikligi,https://www.sikayetvar.com/kefaluka-resort/alakart-rezervasyonunda-hayal-kirikligi,https://www.sikayetvar.com/kefaluka-resort/alakart-rezervasyonunda-hayal-kirikligi,BOD007,Kefaluka Resort,Akyarlar,Kefaluka Resort,alakart-rezervasyonunda-hayal-kirikligi,https://www.sikayetvar.com/kefaluka-resort/alakart-rezervasyonunda-hayal-kirikligi,Alakart Rezervasyonunda Hayal Kırıklığı,"Rezervasyon yaptım, her şeyin geldiğimde kolaylıkla sağlanacağı ve alakartlar için çok yardımcı olacaklarını söylediler. Fakat siz geldiğinizde, sizin istediğiniz bir alakart değil de tercih edilmeyen yerleri önünüze sunuyorlar. Zaten tek bir seçenek veriyorlar. Diğerlerini genelde yabancılara veya ücretli insanların fazla tercih ettiği yerleri size asla alakart olarak vermiyorlar. Hiçbir şekilde yardımcı olmuyorlar. Pişmanlık yaşayacaksınız, tatiliniz de zehir olacak, bende olduğu gibi.",9 Ekim 2024 17:12,2.147,,,,True,10 Ekim 2024 12:15,"Sayın f, 
Sizler otelimize giriş yaptıktan sonra misafir ilişkileri masasına gelerek a la carte restoranlarımız hakkında bilgi almış ve kendi kararınızla 09.10.2024 Çarşamba akşamı açık olan İtalyan restorana rezervasyonunuzu gerçekleştirdiniz. Yine aynı akşam saat 19:00 civarında misafir ilişkilerini arayarak rezervasyon değişikliği talebinde bulunmanız üzerine görevli arkadaşımız bunun mümkün olmadığını ve Restoranın dolu olduğunun belirtmesi üzerine arkadaşımıza bilmiş bilmiş konuşma otele giriş çıkış saatini bilmiyorsun şeklindeki kırıcı tutumunuzu da nazikçe hatırlatmak isteriz. Otelimizde çalışan ekip arkadaşlarımız kendi alanlarında tecrübeli ve çoğu turizm otelcilik okumuş, doktora yapan, öğretmen o kariyer hedefleri olan genç çalışanlardır. 
Otelimiz uluslararası bir tesisi olup din, dil ve ırk ayrımı yapmadığımızı ve dünyanın her yerinde misafirler ağırladığımızı nazikçe belirtmek isteriz.
A la carte rezervasyonlarımız bir gün öncesinden diğer gün için ve saat 10:00-13:00 arasında yapılmaktadır. Müsaitliğimiz olduğu süre içerisinde de rezervasyonlarımızı yapmaktayız. Her restoranın belli bir kapasitesi bulunuyor ve ne yazık ki alanları nedeni ile bu kapasitenin üzerine çıkılamamaktadır. 
09.10.2024 tarihinde yine rezervasyon saati dışında misafir ilişkilerini arayarak ( saat 17:00 civarında ) İtalyan restoran rezervasyonunuzu iptal edip 10.10.2024 tarihinde Kebap a la carte ye gitmek istediğinizi belirttiniz. Müsaitlik doğrultusunda sizlere yardımcı olunmuştur. Tercih edilmeyeni değil sizlerin tercihine göre rezervasyonunuz gerçekleştirilmiştir. Yapmış olduğunuz şikayetin gerçekleri yansıtmadığını nazik bir şekilde belirtmek isteriz.
Saygılarımızla.",False,,,0,,,COMPLAINT_MATCHED,,Dedicated single-property source page,https://www.sikayetvar.com/kefaluka-resort,2026-08-25T12:58:29.219502+00:00,Alakart Rezervasyonunda Hayal Kırıklığı,"Rezervasyon yaptım, her şeyin geldiğimde kolaylıkla sağlanacağı ve alakartlar için çok yardımcı olacaklarını söylediler. Fakat siz geldiğinizde, sizin istediğiniz bir alakart değil de tercih edilmeyen yerleri önünüze sunuyorlar. Zaten tek bir seçenek veriyorlar. Diğerlerini genelde yabancılara veya ücretli insanların fazla tercih ettiği yerleri size asla alakart olarak vermiyorlar. Hiçbir şekilde yardımcı olmuyorlar. Pişmanlık yaşayacaksınız, tatiliniz de zehir olacak, bende olduğu gibi.","Sayın f, Sizler otelimize giriş yaptıktan sonra misafir ilişkileri masasına gelerek a la carte restoranlarımız hakkında bilgi almış ve kendi kararınızla 09.10.2024 Çarşamba akşamı açık olan İtalyan restorana rezervasyonunuzu gerçekleştirdiniz. Yine aynı akşam saat 19:00 civarında misafir ilişkilerini arayarak rezervasyon değişikliği talebinde bulunmanız üzerine görevli arkadaşımız bunun mümkün olmadığını ve Restoranın dolu olduğunun belirtmesi üzerine arkadaşımıza bilmiş bilmiş konuşma otele giriş çıkış saatini bilmiyorsun şeklindeki kırıcı tutumunuzu da nazikçe hatırlatmak isteriz. Otelimizde çalışan ekip arkadaşlarımız kendi alanlarında tecrübeli ve çoğu turizm otelcilik okumuş, doktora yapan, öğretmen o kariyer hedefleri olan genç çalışanlardır. Otelimiz uluslararası bir tesisi olup din, dil ve ırk ayrımı yapmadığımızı ve dünyanın her yerinde misafirler ağırladığımızı nazikçe belirtmek isteriz. A la carte rezervasyonlarımız bir gün öncesinden diğer gün için ve saat 10:00-13:00 arasında yapılmaktadır. Müsaitliğimiz olduğu süre içerisinde de rezervasyonlarımızı yapmaktayız. Her restoranın belli bir kapasitesi bulunuyor ve ne yazık ki alanları nedeni ile bu kapasitenin üzerine çıkılamamaktadır. 09.10.2024 tarihinde yine rezervasyon saati dışında misafir ilişkilerini arayarak ( saat 17:00 civarında ) İtalyan restoran rezervasyonunuzu iptal edip 10.10.2024 tarihinde Kebap a la carte ye gitmek istediğinizi belirttiniz. Müsaitlik doğrultusunda sizlere yardımcı olunmuştur. Tercih edilmeyeni değil sizlerin tercihine göre rezervasyonunuz gerçekleştirilmiştir. Yapmış olduğunuz şikayetin gerçekleri yansıtmadığını nazik bir şekilde belirtmek isteriz. Saygılarımızla.",,492,61,39,4,1684,204,,,False,False,False,False,False,False,False,False,False,2026-08-25 12:58:29.219502,2024-10-09 17:12:00,False,DAY_MONTH_YEAR_TIME,False,False,False,False,2024,10,2024-10,2024-10-10 12:15:00,,2147,,0,False,True,False,False,False,False,Kefaluka Resort,Akyarlar,4.4,4293,,,,,False,False,False,1,1,0,0,2024-10-10 12:15:00,2024-10-10 12:15:00,True,False,False
kefaluka-resort-kefaluka-otelde-yasadigim-buyuk-hayal-kirikligi,https://www.sikayetvar.com/kefaluka-resort/kefaluka-resort-kefaluka-otelde-yasadigim-buyuk-hayal-kirikligi,https://www.sikayetvar.com/kefaluka-resort/kefaluka-resort-kefaluka-otelde-yasadigim-buyuk-hayal-kirikligi,BOD007,Kefaluka Resort,Akyarlar,Kefaluka Resort,kefaluka-resort-kefaluka-otelde-yasadigim-buyuk-hayal-kirikligi,https://www.sikayetvar.com/kefaluka-resort/kefaluka-resort-kefaluka-otelde-yasadigim-buyuk-hayal-kirikligi,Kefaluka Otel'de Yaşadığım Büyük Hayal Kırıklığı,"Kefaluka OTEL’DE 61.000 TL’YE sandalyede uyumak zorunda bırakıldım!Uzun uzun şikayetimi yazacağım, görsellerini de (kanıtlarını da fotoğrafları ile) ekleyeceğim.Uzun uzun okumak istemeyenler doğrudan rezervasyonlarından vazgeçebilirler…
28 Ağustos giriş, 4 gece 5 gün konaklama için Kefaluka otele rezervasyon yaptırdık.27 Ağustos gecesi sırtım tutuldu ve raporum olmasına rağmen oteli arayarak sırtımın tutulduğunu, geç de olsa otele geleceğimizi ilettim.Ağrılarımdan dolayı saat 21:00 gibi otele varabildik.Ancak o da ne? Rezervasyonda belirtmemize rağmen odaya ek yatak konulmamış.Check-in saati 15:00 olan otele, saat 21:00’de gelmişiz ve odada yatak yok.Odaya bizimle gelen görevli durumu gördü ve panikle “size hemen yatak getireceğiz” dedi.Gidiş o gidiş.Odaya yatak getirmelerini beklerken akşam yemeğini kaçırıyorduk, apar topar bir şeyler yemek zorunda kaldık, yediklerimiz boğazımıza dizildi. Sonra resepsiyona gittik durumu ilettim. Yine yatak gelmedi.Müşteri ilişkilerine odamızda yatak yok dedik. Göndereceğiz dediler, yine gelmedi.Odaya gelecekler diye otelin hiçbir hizmetinden yararlanamadığımız gibi, odada da birileri gelecek yatak kuracak diye rahatça kalamadık, sabah 4:00'e kadar uyuyamadık.Tüm bunların sonunda gelen giden olmadı. Mail olarak şikayet ilettim, yine gelen olmadı.Sırt ağrılarım giderek arttı ve revire indim. Orada da görevli doktor veya hemşire olmadığı gibi iğnemi yaptırabileceğim bir yere yönlendirilmedim.Çaresiz bir şekilde sandalyede uyumak zorunda kaldım.Ertesi sabah resepsiyona indim, kimse yok.Otelde acil bir şey olsa temas kurabileceğiniz kimse yok.Tüm aksiliklere rağmen çalışmam lazımdı. Koca otele “business center” diye 3 masa koymuşlar,otelde internet yok. Masalar pis. Çalışma ortamının “ç” si yok.Pis masalarını kendim topladım çünkü çalışmam lazımdı.Kahvaltıdan sonra beni müşteri ilişkilerinden bir hanım aradı.Derdimi güzelce anlattım.Kadın sağ olsun doktor getirmiş, iğnemi 12 saat sonra yaptırabildim. Yatak da gelecek dedi.Alakart restoranda yemek ve Pavilion’da bir gün ayarladı.
Tam her şeyi unutalım, keyfimize bakalım dedik.Getirdikleri tekli son derece konforsuz yatak ben uyurken çöktü.Belim ters geldi.Sırt ağrılarına bel ağrılarım da eklendi.Fizik tedaviden randevu aldım.Psikolojik ve fiziken çöktüğümüz bir tatil oldu…",8 Eylül 2024 16:54,2.951,,,,True,9 Eylül 2024 13:34,"Sayın konuğumuz Onur y., 
Geri bildiriminiz için öncelikle teşekkür ederiz. Geldiğiniz ilk gece memnuniyetiniz sağlayamamış olmaktan dolayı üzgün olduğumuzu belirtmek isteriz. Hatamız ile ilgili sizlerden defalarca özür dilediğimizi ve sizleri memnun edebilmek adına elimizden gelen her şeyi sunduğumuzu da nazikçe hatırlatmak isteriz.
A la cartelerimiz 5 gece ve üzeri konaklayan misafirlerimize 1 gece ücretsiz olarak verilmektedir. Sizleri memnun edebilmek adına 3 ala carte ve ücretsiz olarak pavillionlarmız dan hizmetinize sunduk.
Otelimizde 24 saat görevli bir hemşiremiz bulunmaktadır. Herhangi bir reaksiyona karşı enjeksiyonlar otellerde yapılmamaktadır.
Her otelin çalıştığı bir klinik bulunmaktadır. Hangi otelde olursanız olun enjeksiyon için bu kliniklere yönlendirilirsiniz. Size özel olarak enjeksiyon yapması için klinik doktorumuzun otele geldiğini de hatırlatmak isteriz.

Misafirlerimize daha iyi bir hizmet sunmak için sizlerden aldığımız geri dönüşleri ilgili departman yöneticilerine iletmiş bulunmaktayız.
2009 yılından bu yana her sezonda sunduğumuz özenli hizmetin karşılığı olarak misafirlerimizin bizlere layık gördüğü %90 global misafir memnuniyet puanımızla elimizden gelenin en iyisini yapmaya devam edeceğiz.
Hizmet kalitemizden ödün vermediğimizi de belirterek, tüm acentelere iletmiş olduğumuz otel konseptimizde vermeyi taahhüt ettiğimiz her türlü hizmeti eksiltilmeden yerine getirmekteyiz.
Saygılarımızla, 
Kefaluka Ekibi.",False,,,1,10 Eylül 2024 06:53,"Defalarca özür diledik demişsiniz ancak sadece bir personeliniz yatak verilmeyen sabahın ertesi günü gelip bir kere özür diledi ve sonrasında durumumuzu, sağlığımızın nasıl olduğumu soran kimse olmadı. Şöyle anlatayım 2. Gece için verdiğiniz yatağın çöktüğünden buradan haberiniz oldu.
Hatta çıkarken de misafir ilişkilerinde ve resepsiyonda kimse yoktu videosunu ekleyeyim global standartlarınızı geliştirmek için bir katkısı olur belki.
(Kalp krizi geçiren bir misafir olsa, çocuğuna bir şey olsa, o anda resepsiyonda yardım edecek kimse yok, bunu 2. Sabah da şikayet etmiştim. İlk kez karşılaştığımız bir konu değil, kamera kayıtlarından bakarsınız.)
Global misafir memnuniyeti için, skandal bir konaklama sonrası misafirinize en azından check outta misafirinizin tatilinin nasıl geçtiğini sorabilirdiniz.
Ultra her şey dahil satın aldığımız bir pakette;
yemeğin, içkinin sınırsız olduğu bir ortamda alakart yemek verdiğiniz için teşekkür ederiz.
Alakart yemeğin 5 gece üzeri konaklamada verildiği bilgisi satış ekibiniz tarafından verilmediği için 4 gece konaklama aldık kusura bakmayın. Satış ekibinizin bu bilgiyi vermediğini ayrıca belirtmiş ve şikayet etmiştim. Satış ekibinin Upsell yeteneği sıfır.
(Otelinizin yaptıklarını da şikayete eklemiştim halbuki gayet şeffaf bir şekilde ama okumadınız sanırım.)
Hemşiremiz var diyorsunuz kamera var ise kaydı da vardır. Biz revire girdiğimizde adam ben doctor – hemşire değilim dedi. Enjeksiyon yapamam dedi ama bir telefon adres de vermedi yönlendirme için, verse zaten arardım veya giderdim neden şikayet edeyim? 
milyar dolarlık şirketlerin yöneticilerine, internetsiz business centerda kirli bardakları taşıtmak…",COMPLAINT_MATCHED,,Dedicated single-property source page,https://www.sikayetvar.com/kefaluka-resort,2026-08-25T12:58:29.219502+00:00,Kefaluka Otel'de Yaşadığım Büyük Hayal Kırıklığı,"Kefaluka OTEL’DE 61.000 TL’YE sandalyede uyumak zorunda bırakıldım!Uzun uzun şikayetimi yazacağım, görsellerini de (kanıtlarını da fotoğrafları ile) ekleyeceğim.Uzun uzun okumak istemeyenler doğrudan rezervasyonlarından vazgeçebilirler... 28 Ağustos giriş, 4 gece 5 gün konaklama için Kefaluka otele rezervasyon yaptırdık.27 Ağustos gecesi sırtım tutuldu ve raporum olmasına rağmen oteli arayarak sırtımın tutulduğunu, geç de olsa otele geleceğimizi ilettim.Ağrılarımdan dolayı saat 21:00 gibi otele varabildik.Ancak o da ne? Rezervasyonda belirtmemize rağmen odaya ek yatak konulmamış.Check-in saati 15:00 olan otele, saat 21:00’de gelmişiz ve odada yatak yok.Odaya bizimle gelen görevli durumu gördü ve panikle “size hemen yatak getireceğiz” dedi.Gidiş o gidiş.Odaya yatak getirmelerini beklerken akşam yemeğini kaçırıyorduk, apar topar bir şeyler yemek zorunda kaldık, yediklerimiz boğazımıza dizildi. Sonra resepsiyona gittik durumu ilettim. Yine yatak gelmedi.Müşteri ilişkilerine odamızda yatak yok dedik. Göndereceğiz dediler, yine gelmedi.Odaya gelecekler diye otelin hiçbir hizmetinden yararlanamadığımız gibi, odada da birileri gelecek yatak kuracak diye rahatça kalamadık, sabah 4:00'e kadar uyuyamadık.Tüm bunların sonunda gelen giden olmadı. Mail olarak şikayet ilettim, yine gelen olmadı.Sırt ağrılarım giderek arttı ve revire indim. Orada da görevli doktor veya hemşire olmadığı gibi iğnemi yaptırabileceğim bir yere yönlendirilmedim.Çaresiz bir şekilde sandalyede uyumak zorunda kaldım.Ertesi sabah resepsiyona indim, kimse yok.Otelde acil bir şey olsa temas kurabileceğiniz kimse yok.Tüm aksiliklere rağmen çalışmam lazımdı. Koca otele “business center” diye 3 masa koymuşlar,otelde internet yok. Masalar pis. Çalışma ortamının “ç” si yok.Pis masalarını kendim topladım çünkü çalışmam lazımdı.Kahvaltıdan sonra beni müşteri ilişkilerinden bir hanım aradı.Derdimi güzelce anlattım.Kadın sağ olsun doktor getirmiş, iğnemi 12 saat sonra yaptırabildim. Yatak da gelecek dedi.Alakart restoranda yemek ve Pavilion’da bir gün ayarladı. Tam her şeyi unutalım, keyfimize bakalım dedik.Getirdikleri tekli son derece konforsuz yatak ben uyurken çöktü.Belim ters geldi.Sırt ağrılarına bel ağrılarım da eklendi.Fizik tedaviden randevu aldım.Psikolojik ve fiziken çöktüğümüz bir tatil oldu...","Sayın konuğumuz Onur y., Geri bildiriminiz için öncelikle teşekkür ederiz. Geldiğiniz ilk gece memnuniyetiniz sağlayamamış olmaktan dolayı üzgün olduğumuzu belirtmek isteriz. Hatamız ile ilgili sizlerden defalarca özür dilediğimizi ve sizleri memnun edebilmek adına elimizden gelen her şeyi sunduğumuzu da nazikçe hatırlatmak isteriz. A la cartelerimiz 5 gece ve üzeri konaklayan misafirlerimize 1 gece ücretsiz olarak verilmektedir. Sizleri memnun edebilmek adına 3 ala carte ve ücretsiz olarak pavillionlarmız dan hizmetinize sunduk. Otelimizde 24 saat görevli bir hemşiremiz bulunmaktadır. Herhangi bir reaksiyona karşı enjeksiyonlar otellerde yapılmamaktadır. Her otelin çalıştığı bir klinik bulunmaktadır. Hangi otelde olursanız olun enjeksiyon için bu kliniklere yönlendirilirsiniz. Size özel olarak enjeksiyon yapması için klinik doktorumuzun otele geldiğini de hatırlatmak isteriz. Misafirlerimize daha iyi bir hizmet sunmak için sizlerden aldığımız geri dönüşleri ilgili departman yöneticilerine iletmiş bulunmaktayız. 2009 yılından bu yana her sezonda sunduğumuz özenli hizmetin karşılığı olarak misafirlerimizin bizlere layık gördüğü %90 global misafir memnuniyet puanımızla elimizden gelenin en iyisini yapmaya devam edeceğiz. Hizmet kalitemizden ödün vermediğimizi de belirterek, tüm acentelere iletmiş olduğumuz otel konseptimizde vermeyi taahhüt ettiğimiz her türlü hizmeti eksiltilmeden yerine getirmekteyiz. Saygılarımızla, Kefaluka Ekibi.",,2295,286,48,6,1456,179,,,False,False,False,False,False,False,False,False,False,2026-08-25 12:58:29.219502,2024-09-08 16:54:00,False,DAY_MONTH_YEAR_TIME,False,False,False,False,2024,9,2024-09,2024-09-09 13:34:00,,2951,,1,False,True,False,False,False,False,Kefaluka Resort,Akyarlar,4.4,4293,,,,,False,False,False,2,1,1,0,2024-09-09 13:34:00,2024-09-10 06:53:00,True,False,False
kefaluka-resortta-karinca-istilasi-ve-temizlik-sorunlari,https://www.sikayetvar.com/kefaluka-resort/kefaluka-resortta-karinca-istilasi-ve-temizlik-sorunlari,https://www.sikayetvar.com/kefaluka-resort/kefaluka-resortta-karinca-istilasi-ve-temizlik-sorunlari,BOD007,Kefaluka Resort,Akyarlar,Kefaluka Resort,kefaluka-resortta-karinca-istilasi-ve-temizlik-sorunlari,https://www.sikayetvar.com/kefaluka-resort/kefaluka-resortta-karinca-istilasi-ve-temizlik-sorunlari,'ta Karınca İstilası Ve Temizlik Sorunları,"Eşim ve bebeğimle beraber 5 gün önce Bodrum Akyarlar'daki Kefaluka Resort isimli bir otele giriş yaptık. Ortalama 1 hafta için ETS Tur aracılığıyla 84.000 TL gibi bir rakam ödedik. Geldiğimizde ilgi alaka iyiydi. Odalar çok eski dedik, sorun yok, yemeği denizi güzel olsun bize yeter. Yemekler genel olarak vasat. Temizlik adı altında her gün bir şeyler yapıyorlar. Personel bir dediğimizi ikiletmiyor derken bu akşam odamıza girdiğimizde yatağımızın arkası, içi, konsollar, duvarlar, bebeğimin beşiğinin başı karınca istilasındaydı. Hemen resepsiyonu aradık, birini gönderip temizletelim ya da odayı ilaçlayalım dedi. Ama ilaçlayıp bizim ve küçücük bebeğin bu odada kalmasını beklediler. 15 dakika sonra görevli geldi. Elinde faraş ve süpürgeyle, şaka gibi. Tekrar arayıp sorunu çözmelerini istedik. Yarın yapabiliriz dediler. Misafir ilişkilerini aradığımızda bize yarın temizlenir dediler. Süpürgeyle personel karıncaları çekti. Yatağı çektiğinde altından bonibon, çekirdek vs. Gibi şeyler çıktı. Biz 5 gündür kaldığımıza göre en az 5 gün öncesinden orada kalmış, temizlik yaptıklarını söylerken aslında göz boyamışlar. Bir daha bu otele gelir miyim? Asla. Animasyonlar facia. Havuz temiz değil. Yemekler kötü. Balkona çıkınca inanılmaz kötü bir koku var. Banyonun tavanı rutubetten dökülüyor, akıtıyor. Odanın olduğu koridorun tavanı akıyor. Denizinin güzelliği dışında asla esprisi olmayan bir otel. Bir sorun olduğunda çözemeyen bir otel. Biz Samsun'dan buraya bir bebekle çok zor bir yolculuk yaparak geldik ve şu an bakınca keşke ETS'de görevli ı** Hanım'ı dinleyip başka otel önerisini kabul etseydim diyorum.",30 Ağustos 2024 00:25,3.653,,,,False,,,False,,,2,30 Ağustos 2024 09:32,Sabah uyandığımızda tepemizde ve konsolda yeniden karıncalarla karşılaştık. Resepsiyona durumu ilettik ilaçlayın dedik kahvaltıdan döndüğümüzde temizlik görevlisi arkadaşın Raid sprey ile ilaçladığını gördük. Bu otelden hiçbir şey olmaz.,COMPLAINT_MATCHED,,Dedicated single-property source page,https://www.sikayetvar.com/kefaluka-resort,2026-08-25T12:58:29.219502+00:00,'ta Karınca İstilası Ve Temizlik Sorunları,"Eşim ve bebeğimle beraber 5 gün önce Bodrum Akyarlar'daki Kefaluka Resort isimli bir otele giriş yaptık. Ortalama 1 hafta için ETS Tur aracılığıyla 84.000 TL gibi bir rakam ödedik. Geldiğimizde ilgi alaka iyiydi. Odalar çok eski dedik, sorun yok, yemeği denizi güzel olsun bize yeter. Yemekler genel olarak vasat. Temizlik adı altında her gün bir şeyler yapıyorlar. Personel bir dediğimizi ikiletmiyor derken bu akşam odamıza girdiğimizde yatağımızın arkası, içi, konsollar, duvarlar, bebeğimin beşiğinin başı karınca istilasındaydı. Hemen resepsiyonu aradık, birini gönderip temizletelim ya da odayı ilaçlayalım dedi. Ama ilaçlayıp bizim ve küçücük bebeğin bu odada kalmasını beklediler. 15 dakika sonra görevli geldi. Elinde faraş ve süpürgeyle, şaka gibi. Tekrar arayıp sorunu çözmelerini istedik. Yarın yapabiliriz dediler. Misafir ilişkilerini aradığımızda bize yarın temizlenir dediler. Süpürgeyle personel karıncaları çekti. Yatağı çektiğinde altından bonibon, çekirdek vs. Gibi şeyler çıktı. Biz 5 gündür kaldığımıza göre en az 5 gün öncesinden orada kalmış, temizlik yaptıklarını söylerken aslında göz boyamışlar. Bir daha bu otele gelir miyim? Asla. Animasyonlar facia. Havuz temiz değil. Yemekler kötü. Balkona çıkınca inanılmaz kötü bir koku var. Banyonun tavanı rutubetten dökülüyor, akıtıyor. Odanın olduğu koridorun tavanı akıyor. Denizinin güzelliği dışında asla esprisi olmayan bir otel. Bir sorun olduğunda çözemeyen bir otel. Biz Samsun'dan buraya bir bebekle çok zor bir yolculuk yaparak geldik ve şu an bakınca keşke ETS'de görevli ı** Hanım'ı dinleyip başka otel önerisini kabul etseydim diyorum.",,,1618,226,42,6,,,,,False,False,False,False,False,False,False,False,False,2026-08-25 12:58:29.219502,2024-08-30 00:25:00,False,DAY_MONTH_YEAR_TIME,False,False,False,False,2024,8,2024-08,,,3653,,2,False,False,False,False,False,False,Kefaluka Resort,Akyarlar,4.4,4293,,,,,False,False,False,2,0,2,0,2024-08-30 09:32:00,2024-09-05 23:28:00,False,False,False
kefaluka-resort-bodrum-saygisiz-garson-video,https://www.sikayetvar.com/kefaluka-resort/kefaluka-resort-bodrum-saygisiz-garson-video,https://www.sikayetvar.com/kefaluka-resort/kefaluka-resort-bodrum-saygisiz-garson-video,BOD007,Kefaluka Resort,Akyarlar,Kefaluka Resort,kefaluka-resort-bodrum-saygisiz-garson-video,https://www.sikayetvar.com/kefaluka-resort/kefaluka-resort-bodrum-saygisiz-garson-video,Bodrum Saygısız Garson!,,18 Ağustos 2024 11:45,2.810,,,,True,18 Ağustos 2024 12:34,"Değerli Konuğumuz ö, 
Misafirlerimize her zaman en üst seviyede hizmet sunmak ve onların konforlu bir tatil geçirmelerini sağlayıp güzel anılarla uğurlamak önceliğimiz olmuştur.
Kalite standartlarımızı arttırmak ve misafirlerimize daha iyi bir hizmet sunmak için sizlerden aldığımız geri dönüşleri ilgili departman yöneticilerine iletmiş bulunmaktayız.
Sezonumuzu açtığımız günden beri hizmet kalitemizden ödün vermediğimizi de belirterek, tüm acentelere iletmiş olduğumuz otel konseptimizde vermeyi taahhüt ettiğimiz her türlü hizmeti eksiltilmeden yerine getirmekteyiz. 
Bahsi geçen ayrımcılık yapılmakta yorumunuza üzülerek katılmadığımızı belirtiriz.
Özellikle yabancılarla ilgilenen ve saygısızlık yaptığını belirttiğiniz ekip arkadaşımıza karşı yapmış olduğunuz yorumunuza da üzülerek katılamadığımız belirtmek isteriz. Zira kendisi yıllardır tesisimizde çalışmaktadır. Bizler hiçbir şekilde ırk, din, dil ayrımı gözetmeksizin hizmet vermekteyiz. Bu söyleminizle bizleri ırkçı olarak nitelendirdiğinizi ve bizlere haksız bir yorum yaptığınızı 400 personelimizle en iyi şekilde hizmet veren ve sezon başından beri ağırladığımız misafirlerimiz tarafından takdir edilen otelimizin, servis ve imkanlarının en iyi şekilde sunulduğunu belirtmek isteriz.
2009 yılından bu yana her sezonda sunduğumuz özenli hizmetin karşılığı olarak misafirlerimizin bizlere layık gördüğü %90 global misafir memnuniyet puanımızla elimizden gelenin en iyisini yapmaya devam edeceğiz.
Saygılarımızla, 
Kefaluka Ekibi.",False,,,2,3 Ekim 2024 11:08,"Bence şikayetimi bir daha okuyun! Otelinizden memnun kaldığımı ve sadece garsonla ilgili şikayetim olduğunu yazdım. Yüzlerce garson arasından bir tanesi. Onun dışında gerçekten işini hakkıyla yapan çok personeliniz var. Şikayet konusu bir personel, yani otel değil. Ayrıca otelinize hiçbir şekilde ayrımcı söylemim yok, bunu da nereden çıkarıyorsunuz!",COMPLAINT_MATCHED,,Dedicated single-property source page,https://www.sikayetvar.com/kefaluka-resort,2026-08-25T12:58:29.219502+00:00,Bodrum Saygısız Garson!,,"Değerli Konuğumuz ö, Misafirlerimize her zaman en üst seviyede hizmet sunmak ve onların konforlu bir tatil geçirmelerini sağlayıp güzel anılarla uğurlamak önceliğimiz olmuştur. Kalite standartlarımızı arttırmak ve misafirlerimize daha iyi bir hizmet sunmak için sizlerden aldığımız geri dönüşleri ilgili departman yöneticilerine iletmiş bulunmaktayız. Sezonumuzu açtığımız günden beri hizmet kalitemizden ödün vermediğimizi de belirterek, tüm acentelere iletmiş olduğumuz otel konseptimizde vermeyi taahhüt ettiğimiz her türlü hizmeti eksiltilmeden yerine getirmekteyiz. Bahsi geçen ayrımcılık yapılmakta yorumunuza üzülerek katılmadığımızı belirtiriz. Özellikle yabancılarla ilgilenen ve saygısızlık yaptığını belirttiğiniz ekip arkadaşımıza karşı yapmış olduğunuz yorumunuza da üzülerek katılamadığımız belirtmek isteriz. Zira kendisi yıllardır tesisimizde çalışmaktadır. Bizler hiçbir şekilde ırk, din, dil ayrımı gözetmeksizin hizmet vermekteyiz. Bu söyleminizle bizleri ırkçı olarak nitelendirdiğinizi ve bizlere haksız bir yorum yaptığınızı 400 personelimizle en iyi şekilde hizmet veren ve sezon başından beri ağırladığımız misafirlerimiz tarafından takdir edilen otelimizin, servis ve imkanlarının en iyi şekilde sunulduğunu belirtmek isteriz. 2009 yılından bu yana her sezonda sunduğumuz özenli hizmetin karşılığı olarak misafirlerimizin bizlere layık gördüğü %90 global misafir memnuniyet puanımızla elimizden gelenin en iyisini yapmaya devam edeceğiz. Saygılarımızla, Kefaluka Ekibi.",,,,23,3,1494,177,,,True,False,False,True,False,False,False,False,False,2026-08-25 12:58:29.219502,2024-08-18 11:45:00,False,DAY_MONTH_YEAR_TIME,False,False,False,False,2024,8,2024-08,2024-08-18 12:34:00,,2810,,2,False,True,False,False,False,False,Kefaluka Resort,Akyarlar,4.4,4293,,,,,False,False,False,3,1,2,0,2024-08-18 12:34:00,2024-10-03 11:28:00,True,False,False
kefaluka-resort-otelin-yemek-kalitesi-ve-hizmet-sorunlari,https://www.sikayetvar.com/kefaluka-resort/kefaluka-resort-otelin-yemek-kalitesi-ve-hizmet-sorunlari,https://www.sikayetvar.com/kefaluka-resort/kefaluka-resort-otelin-yemek-kalitesi-ve-hizmet-sorunlari,BOD007,Kefaluka Resort,Akyarlar,Kefaluka Resort,kefaluka-resort-otelin-yemek-kalitesi-ve-hizmet-sorunlari,https://www.sikayetvar.com/kefaluka-resort/kefaluka-resort-otelin-yemek-kalitesi-ve-hizmet-sorunlari,Otelin Yemek Kalitesi Ve Hizmet Sorunları,"5 gün kaldığım otelle ilgili yorum yapma gereği duydum. Otel manzarası, otel odası şahane, havuzu güzel; bunlara diyecek lafım yok. Ama yemekler kötü, 3 gün köfte yedik üst üste, öğle akşam tavuk, bir de kuzu şiş mi neydi anlayamadım. Çiğne Allah çiğne, çiğnenmiyor, baharatı basmışlar içine, ye yiyebilirsen. Bir de Agora diye bir restoranı var, bilenler bilir, çalışanları kibirli, yabancı-Türk ayrımı yapıyorlar. Türkler'in yüzüne bile bakmıyorlar. Ben 1 saat sipariş bekledim, ha geldi ha gelecek, en sonunda hamur bitti dediler. Şaşırdım kaldım, ama yabancılara şişe şişe şampanya götürdüler. Parasının hakkını vermiyor. Ben pişman oldum.",15 Temmuz 2024 14:01,2.542,,,,True,16 Temmuz 2024 09:00,"Sayın Misafirimiz
Misafirlerimize her zaman en üst seviyede hizmet sunmak ve onların konforlu bir tatil geçirmelerini sağlayıp güzel anılarla uğurlamak önceliğimiz olmuştur. Kalite standartlarımızı arttırmak ve misafirlerimize daha iyi bir hizmet sunmak için sizlerden aldığımız geri dönüşleri ilgili departman yöneticilerine ileteceğimizi bilmenizi isteriz.
Yemekler çok kötü yorumunuza üzülerek katılamadığımızı belirtmek isteriz.
Otelimizde seçkin yiyecek ve içecek markaları ile hizmet vermekteyiz. Yemeklerimiz günlük ve o öğünlere özel taze olarak pişirilmekte ve servis edilmektedir. Yemek lezzeti yoruma açık olup kişisel tercihe göre değişikliler göstermektedir. İnternational bir otel olarak onlarca ülkeden misafirler ağırlamaktayız. Konaklama süreniz boyunca yemeklerimizden memnun misafirler ağırladık. Her öğünde büfelerimizde 180 civarında yemek seçeneği bulunmaktadır. 1200 yakın misafirimiz kolayca yiyecek bir şeyler bulmakta ve titizlikle hazırlanan yemeklerden çok memnun kalmaktadırlar. Mutfak ekibimiz gerek sözlü gerek yazılı olarak bir çok misafirimizden övgüler almıştır. 
Bu bağlamda hizmet kalitemizden ödün vermediğimizi de belirterek, tüm acentelere iletmiş olduğumuz otel konseptimizde vermeyi taahhüt ettiğimiz her türlü hizmeti eksiltilmeden yerine getirmekteyiz.
Öğlen ve akşam büfelerimizde dönüşümlü olarak köfte, kırmızı et, tavuk, balık ızgara ve akşam büfemizde bunlara ek olarak içeride ve dışarıda kesim showlarımız yapılmaktadır.
400 personelimizle en iyi şekilde hizmet veren ve sezon başından beri ağırladığımız misafirlerimiz tarafından takdir edilen otelimizin, servis ve imkanlarının en iyi şekilde sunulduğunu belirtmek isteriz.
Bir de Agora diye bir restoranı var, bilenler bilir, çalışanları kibirli, yabancı-Türk ayrımı yapıyorlar. Türkler'in yüzüne bile bakmıyorlar şeklindeki yorumunuzun çok rahatsız edici olduğunu ve orada çalışan ve sizlere hizmet eden ekip arkadaşlarımıza haksız yapılmış bir yorum olduğunu düşünüyoruz. %90 global misafir memnuniyet puanımızla Türk ve yabancı misafir ayrımı yapmamaktayız. Agora snack barımızda a la carte usulü hizmet vermekteyiz. Siparişler sıraya konulmakta, her ürünün pişme ve hazırlanma süresi farklı olmaktadır dolayısı ile sizden önce yabancı bir misafirimiz sipariş verdiyse onların yiyecekleri öncelikli olarak servis edilecektir. Herhangi bir restorana gittiğinizde böyle bir durumla karşılaşabileceğinizi aralıklı olarak sipariş verdiğinizde bekleme süresinin olacağını size nazikçe hatırlatmak isteriz. 
2009 yılından bu yana her sezonda sunduğumuz özenli hizmetin karşılığı olarak misafirlerimizin bizlere layık gördüğü %90 global misafir memnuniyet puanımızla elimizden gelenin en iyisini yapmaya devam edeceğiz.
Saygılarımızla, 
Kefaluka Ekibi.",False,,,2,15 Temmuz 2024 14:04,Merhaba otelin çalışanları Türk müşterileri karşı umursamaz tavrı ilgi alaka yok garsona sipariş veriyorsun getirmiyor ama yabancılara masa başında şampanya bile açılıyor kısacası yemekleri olsun çalışanları olsun yaramaz,COMPLAINT_MATCHED,,Dedicated single-property source page,https://www.sikayetvar.com/kefaluka-resort,2026-08-25T12:58:29.219502+00:00,Otelin Yemek Kalitesi Ve Hizmet Sorunları,"5 gün kaldığım otelle ilgili yorum yapma gereği duydum. Otel manzarası, otel odası şahane, havuzu güzel; bunlara diyecek lafım yok. Ama yemekler kötü, 3 gün köfte yedik üst üste, öğle akşam tavuk, bir de kuzu şiş mi neydi anlayamadım. Çiğne Allah çiğne, çiğnenmiyor, baharatı basmışlar içine, ye yiyebilirsen. Bir de Agora diye bir restoranı var, bilenler bilir, çalışanları kibirli, yabancı-Türk ayrımı yapıyorlar. Türkler'in yüzüne bile bakmıyorlar. Ben 1 saat sipariş bekledim, ha geldi ha gelecek, en sonunda hamur bitti dediler. Şaşırdım kaldım, ama yabancılara şişe şişe şampanya götürdüler. Parasının hakkını vermiyor. Ben pişman oldum.","Sayın Misafirimiz Misafirlerimize her zaman en üst seviyede hizmet sunmak ve onların konforlu bir tatil geçirmelerini sağlayıp güzel anılarla uğurlamak önceliğimiz olmuştur. Kalite standartlarımızı arttırmak ve misafirlerimize daha iyi bir hizmet sunmak için sizlerden aldığımız geri dönüşleri ilgili departman yöneticilerine ileteceğimizi bilmenizi isteriz. Yemekler çok kötü yorumunuza üzülerek katılamadığımızı belirtmek isteriz. Otelimizde seçkin yiyecek ve içecek markaları ile hizmet vermekteyiz. Yemeklerimiz günlük ve o öğünlere özel taze olarak pişirilmekte ve servis edilmektedir. Yemek lezzeti yoruma açık olup kişisel tercihe göre değişikliler göstermektedir. İnternational bir otel olarak onlarca ülkeden misafirler ağırlamaktayız. Konaklama süreniz boyunca yemeklerimizden memnun misafirler ağırladık. Her öğünde büfelerimizde 180 civarında yemek seçeneği bulunmaktadır. 1200 yakın misafirimiz kolayca yiyecek bir şeyler bulmakta ve titizlikle hazırlanan yemeklerden çok memnun kalmaktadırlar. Mutfak ekibimiz gerek sözlü gerek yazılı olarak bir çok misafirimizden övgüler almıştır. Bu bağlamda hizmet kalitemizden ödün vermediğimizi de belirterek, tüm acentelere iletmiş olduğumuz otel konseptimizde vermeyi taahhüt ettiğimiz her türlü hizmeti eksiltilmeden yerine getirmekteyiz. Öğlen ve akşam büfelerimizde dönüşümlü olarak köfte, kırmızı et, tavuk, balık ızgara ve akşam büfemizde bunlara ek olarak içeride ve dışarıda kesim showlarımız yapılmaktadır. 400 personelimizle en iyi şekilde hizmet veren ve sezon başından beri ağırladığımız misafirlerimiz tarafından takdir edilen otelimizin, servis ve imkanlarının en iyi şekilde sunulduğunu belirtmek isteriz. Bir de Agora diye bir restoranı var, bilenler bilir, çalışanları kibirli, yabancı-Türk ayrımı yapıyorlar. Türkler'in yüzüne bile bakmıyorlar şeklindeki yorumunuzun çok rahatsız edici olduğunu ve orada çalışan ve sizlere hizmet eden ekip arkadaşlarımıza haksız yapılmış bir yorum olduğunu düşünüyoruz. %90 global misafir memnuniyet puanımızla Türk ve yabancı misafir ayrımı yapmamaktayız. Agora snack barımızda a la carte usulü hizmet vermekteyiz. Siparişler sıraya konulmakta, her ürünün pişme ve hazırlanma süresi farklı olmaktadır dolayısı ile sizden önce yabancı bir misafirimiz sipariş verdiyse onların yiyecekleri öncelikli olarak servis edilecektir. Herhangi bir restorana gittiğinizde böyle bir durumla karşılaşabileceğinizi aralıklı olarak sipariş verdiğinizde bekleme süresinin olacağını size nazikçe hatırlatmak isteriz. 2009 yılından bu yana her sezonda sunduğumuz özenli hizmetin karşılığı olarak misafirlerimizin bizlere layık gördüğü %90 global misafir memnuniyet puanımızla elimizden gelenin en iyisini yapmaya devam edeceğiz. Saygılarımızla, Kefaluka Ekibi.",,643,94,41,6,2748,339,,,False,False,False,False,False,False,False,False,False,2026-08-25 12:58:29.219502,2024-07-15 14:01:00,False,DAY_MONTH_YEAR_TIME,False,False,False,False,2024,7,2024-07,2024-07-16 09:00:00,,2542,,2,False,True,False,False,False,False,Kefaluka Resort,Akyarlar,4.4,4293,,,,,False,False,False,3,1,2,0,2024-07-15 14:04:00,2024-07-16 09:12:00,True,False,False
kefaluka-resort-kefaluka-bodrum-sikayet,https://www.sikayetvar.com/kefaluka-resort/kefaluka-resort-kefaluka-bodrum-sikayet,https://www.sikayetvar.com/kefaluka-resort/kefaluka-resort-kefaluka-bodrum-sikayet,BOD007,Kefaluka Resort,Akyarlar,Kefaluka Resort,kefaluka-resort-kefaluka-bodrum-sikayet,https://www.sikayetvar.com/kefaluka-resort/kefaluka-resort-kefaluka-bodrum-sikayet,Kefaluka Bodrum Şikayet,Kefaluka odalar ve restoranlar olarak ciddi bir hijyen sorunu var. Konaklamamızın ilk günü ve çok hayal kırıklığına uğradık ailece. 1 yıl beklediğimiz tatil bu konular yüzünden kötü geçiyor. Otel genel olarak verdiğiniz parayı hak etmiyor. Çok üzüldük,28 Ağustos 2023 21:04,3.432,,,,False,,,False,,,0,,,COMPLAINT_MATCHED,,Dedicated single-property source page,https://www.sikayetvar.com/kefaluka-resort,2026-08-25T12:58:29.219502+00:00,Kefaluka Bodrum Şikayet,Kefaluka odalar ve restoranlar olarak ciddi bir hijyen sorunu var. Konaklamamızın ilk günü ve çok hayal kırıklığına uğradık ailece. 1 yıl beklediğimiz tatil bu konular yüzünden kötü geçiyor. Otel genel olarak verdiğiniz parayı hak etmiyor. Çok üzüldük,,,251,37,23,3,,,,,False,False,True,False,False,True,False,False,False,2026-08-25 12:58:29.219502,2023-08-28 21:04:00,False,DAY_MONTH_YEAR_TIME,False,False,False,False,2023,8,2023-08,,,3432,,0,False,False,False,False,False,False,Kefaluka Resort,Akyarlar,4.4,4293,,,,,False,False,False,0,0,0,0,,,False,False,False
la-blanche-island-bodrum-hicbir-seyden-memnun-kalmadim,https://www.sikayetvar.com/la-blanche-island-bodrum/la-blanche-island-bodrum-hicbir-seyden-memnun-kalmadim,https://www.sikayetvar.com/la-blanche-island-bodrum/la-blanche-island-bodrum-hicbir-seyden-memnun-kalmadim,BOD106,La Blanche Island Bodrum,Güvercinlik,La Blanche Island Bodrum,la-blanche-island-bodrum-hicbir-seyden-memnun-kalmadim,https://www.sikayetvar.com/la-blanche-island-bodrum/la-blanche-island-bodrum-hicbir-seyden-memnun-kalmadim,Hiçbir Şeyden Memnun Kalmadım,"1 Ağustos giriş, 4 Ağustos çıkış olacak şekilde Bodrum Güvercinlik’teki La Blanche Island otelinde konakladım. Tesisi tercih etmemde deniz ve görsel ambiyans etkili oldu, ancak bunun dışında neredeyse hiçbir şeyden memnun kalmadım.
Rezervasyon aşamasında bize Ultra her şey dahil gibi anlatıldı, oda kahvaltı olduğu açık şekilde söylenmedi. Otele giriş yaptıktan sonra ise neredeyse her şeyin ücretli olduğunu gördük. İki adet kapalı Red Bull için 1.060 TL (yaklaşık 20 euro) ücret alınması bence son derece fahiş ve mantıksız bir uygulama.
Tesis içinde personel sayısı çok yetersizdi, temizlik konusunda da ciddi sorunlar vardı. Otele adım attıktan ve kayıt işlemi bittikten sonra kendimizi resmen yabancı gibi hissettik, kimse ilgilenmedi, yönlendirmedi. Hizmet, ilgi, temizlik ve fiyat politikası açısından beklentimin çok altında bir tatil oldu ve bu deneyimden dolayı ciddi anlamda pişmanım.
Yaşadığım bu olumsuzlukların dikkate alınmasını, fiyat ve sunulan hizmet politikalarının gözden geçirilmesini, benzer mağduriyetlerin başka misafirlerin başına gelmemesi için gerekli iyileştirmelerin yapılmasını talep ediyorum.",5 Ağustos 09:16,166,,,,False,,,False,,,0,,,COMPLAINT_MATCHED,,Dedicated single-property source page,https://www.sikayetvar.com/la-blanche-island-bodrum,2026-08-25T12:58:29.219502+00:00,Hiçbir Şeyden Memnun Kalmadım,"1 Ağustos giriş, 4 Ağustos çıkış olacak şekilde Bodrum Güvercinlik’teki La Blanche Island otelinde konakladım. Tesisi tercih etmemde deniz ve görsel ambiyans etkili oldu, ancak bunun dışında neredeyse hiçbir şeyden memnun kalmadım. Rezervasyon aşamasında bize Ultra her şey dahil gibi anlatıldı, oda kahvaltı olduğu açık şekilde söylenmedi. Otele giriş yaptıktan sonra ise neredeyse her şeyin ücretli olduğunu gördük. İki adet kapalı Red Bull için 1.060 TL (yaklaşık 20 euro) ücret alınması bence son derece fahiş ve mantıksız bir uygulama. Tesis içinde personel sayısı çok yetersizdi, temizlik konusunda da ciddi sorunlar vardı. Otele adım attıktan ve kayıt işlemi bittikten sonra kendimizi resmen yabancı gibi hissettik, kimse ilgilenmedi, yönlendirmedi. Hizmet, ilgi, temizlik ve fiyat politikası açısından beklentimin çok altında bir tatil oldu ve bu deneyimden dolayı ciddi anlamda pişmanım. Yaşadığım bu olumsuzlukların dikkate alınmasını, fiyat ve sunulan hizmet politikalarının gözden geçirilmesini, benzer mağduriyetlerin başka misafirlerin başına gelmemesi için gerekli iyileştirmelerin yapılmasını talep ediyorum.",,,1124,151,29,4,,,,,False,False,False,False,False,False,False,False,False,2026-08-25 12:58:29.219502,2026-08-05 09:16:00,True,DAY_MONTH_TIME_NO_YEAR,False,False,True,False,2026,8,2026-08,,,166,,0,False,False,False,False,False,False,La Blanche Island Bodrum,Güvercinlik,4.3,6594,,,,289.0,False,False,False,0,0,0,0,,,False,False,False
havlu-birakan-misafirlerin-sezlong-sahipligi-tartismasi-ve-kaba-tutumu,https://www.sikayetvar.com/la-blanche-island-bodrum/havlu-birakan-misafirlerin-sezlong-sahipligi-tartismasi-ve-kaba-tutumu,https://www.sikayetvar.com/la-blanche-island-bodrum/havlu-birakan-misafirlerin-sezlong-sahipligi-tartismasi-ve-kaba-tutumu,BOD106,La Blanche Island Bodrum,Güvercinlik,La Blanche Island Bodrum,havlu-birakan-misafirlerin-sezlong-sahipligi-tartismasi-ve-kaba-tutumu,https://www.sikayetvar.com/la-blanche-island-bodrum/havlu-birakan-misafirlerin-sezlong-sahipligi-tartismasi-ve-kaba-tutumu,Havlu Bırakan Misafirlerin Şezlong Sahipliği Tartışması Ve Kaba Tutumu,"La Blanche Island Bodrum’da şu an konaklarken yaklaşık 1 saat önce plajda hoş olmayan bir olay yaşadım. Otelde birçok misafir şezlonglara herhangi bir kişisel eşyasını bırakmadan sadece havlu bırakıp saatlerce ortadan kayboluyor, bu yüzden de boş şezlong bulmakta ciddi sıkıntı yaşıyoruz.
Plajda uzun süre şezlong aradıktan sonra üzerinde yalnızca havlu olan, sahipleri ortada görünmeyen bir şezlonga geçtik. Yaklaşık 2 saat sonra şezlongun asıl sahipleri gelip sanki tapulu mallarıymış gibi, son derece kaba ve sert bir üslupla buranın kendilerine ait olduğunu, şezlongu terk etmemiz gerektiğini söylediler. Bu tavır hem saygısızca hem de ortamın huzurunu bozan bir durumdu.
Durumu bir görevliye ilettiğimizde, çalışan kişi de o misafirlerin haksız olduğunu söyleyerek yalnızca gidip uyarıda bulundu. Ancak sistematik bir çözüm üretilmediği için benzer sorunların devam edeceğini düşünüyorum. Otelin, sadece havlu bırakıp saatlerce dönmeyen misafirlerin havlularını toplaması, bu konuda daha sıkı bir takip yapması ve gerekirse anonslarla bu davranışın kabul edilemez olduğunu duyurması gerektiğine inanıyorum.
La Blanche Island Bodrum’dan, plaj ve şezlong kullanımına dair adil ve net bir uygulama getirilmesini, havlu bırakıp uzun süre ortadan kaybolan misafirlere karşı yaptırım uygulanmasını ve bu tür saygısız davranışların önüne geçilmesini talep ediyorum.",28 Temmuz 14:59,177,,,,False,,,False,,,0,,,COMPLAINT_MATCHED,,Dedicated single-property source page,https://www.sikayetvar.com/la-blanche-island-bodrum,2026-08-25T12:58:29.219502+00:00,Havlu Bırakan Misafirlerin Şezlong Sahipliği Tartışması Ve Kaba Tutumu,"La Blanche Island Bodrum’da şu an konaklarken yaklaşık 1 saat önce plajda hoş olmayan bir olay yaşadım. Otelde birçok misafir şezlonglara herhangi bir kişisel eşyasını bırakmadan sadece havlu bırakıp saatlerce ortadan kayboluyor, bu yüzden de boş şezlong bulmakta ciddi sıkıntı yaşıyoruz. Plajda uzun süre şezlong aradıktan sonra üzerinde yalnızca havlu olan, sahipleri ortada görünmeyen bir şezlonga geçtik. Yaklaşık 2 saat sonra şezlongun asıl sahipleri gelip sanki tapulu mallarıymış gibi, son derece kaba ve sert bir üslupla buranın kendilerine ait olduğunu, şezlongu terk etmemiz gerektiğini söylediler. Bu tavır hem saygısızca hem de ortamın huzurunu bozan bir durumdu. Durumu bir görevliye ilettiğimizde, çalışan kişi de o misafirlerin haksız olduğunu söyleyerek yalnızca gidip uyarıda bulundu. Ancak sistematik bir çözüm üretilmediği için benzer sorunların devam edeceğini düşünüyorum. Otelin, sadece havlu bırakıp saatlerce dönmeyen misafirlerin havlularını toplaması, bu konuda daha sıkı bir takip yapması ve gerekirse anonslarla bu davranışın kabul edilemez olduğunu duyurması gerektiğine inanıyorum. La Blanche Island Bodrum’dan, plaj ve şezlong kullanımına dair adil ve net bir uygulama getirilmesini, havlu bırakıp uzun süre ortadan kaybolan misafirlere karşı yaptırım uygulanmasını ve bu tür saygısız davranışların önüne geçilmesini talep ediyorum.",,,1363,184,70,9,,,,,False,False,False,False,False,False,False,False,False,2026-08-25 12:58:29.219502,2026-07-28 14:59:00,True,DAY_MONTH_TIME_NO_YEAR,False,False,True,False,2026,7,2026-07,,,177,,0,False,False,False,False,False,False,La Blanche Island Bodrum,Güvercinlik,4.3,6594,,,,289.0,False,False,False,0,0,0,0,,,False,False,False
kucuk-ve-uzak-oda-saygisiz-personel-ve-kalitesiz-yemekler,https://www.sikayetvar.com/la-blanche-island-bodrum/kucuk-ve-uzak-oda-saygisiz-personel-ve-kalitesiz-yemekler,https://www.sikayetvar.com/la-blanche-island-bodrum/kucuk-ve-uzak-oda-saygisiz-personel-ve-kalitesiz-yemekler,BOD106,La Blanche Island Bodrum,Güvercinlik,La Blanche Island Bodrum,kucuk-ve-uzak-oda-saygisiz-personel-ve-kalitesiz-yemekler,https://www.sikayetvar.com/la-blanche-island-bodrum/kucuk-ve-uzak-oda-saygisiz-personel-ve-kalitesiz-yemekler,"Küçük Ve Uzak Oda, Saygısız Personel Ve Kalitesiz Yemekler","06.07.2026 - 13.07.2026 tarihleri arasında La Blanche Island Bodrum otelinde konaklıyorum. Rezervasyonumu 9 ay öncesinden Jolly Tur aracılığıyla yaptırdım, 3 aylık bebeğimizle ilk tatilimiz olacağı için özellikle güzel, çoğu yere daha yakın ve uygun bir oda rica ettim. Buna rağmen bize otelin 5. Katında, her yere çok uzak, en dipte ve oldukça küçük bir oda verildi. Bebeğimizi kendi getirdiğimiz yatağın üzerine yatırmak zorunda kalıyoruz.
Aynı tarihlerde ablam ve eniştem Setur üzerinden rezervasyon yaptırdı, onların da çocuğu olmasına rağmen kendilerine çok daha büyük ve daha iyi bir oda verilmişken bize bu şekilde kötü bir oda tahsis edilmesini asla kabul edemiyorum. Konuyu resepsiyonla görüştüğümüzde, onların şansına o odaların verildiği, normalde o odaların bizim olması gerektiği söylendi, hatta üstüne üstlük saygısızca, istersek onları da o odadan alıp bizim gibi bir odaya alabileceklerini ima eden bir yaklaşım sergilendi.
Otelde genel olarak yemekler çok kötü, lezzet ve çeşit anlamında beklentiyi kesinlikle karşılamıyor. Çalışanların büyük kısmı somurtkan ve kaba, kimsenin yüzü gülmüyor, misafire karşı ilgili ve çözüm odaklı bir tavır sergilenmiyor. Hem oda seçimi konusundaki adaletsizlik, hem personelin saygısız ve ilgisiz tavrı, hem de yemeklerin kalitesizliği nedeniyle bu otelden son derece mağdur ayrılıyorum ve bir daha ne bu otele gelmeyi ne de Jolly Tur üzerinden rezervasyon yapmayı düşünmüyorum.
Yaşadığım bu olumsuzlukların dikkate alınmasını, öncelikle hem otel hem de Jolly Tur tarafından yaşananlar için açıklama ve manevi anlamda tatmin edici bir dönüş yapılmasını, ayrıca oda tahsisi ve hizmet kalitesiyle ilgili mağduriyetimin telafisi için gerekli jest ve iade/indirim gibi adımların atılmasını talep ediyorum.",12 Temmuz 13:39,551,,,,False,,,False,,,1,19 Temmuz 14:47,"Otel odası çok küçük ve uzak, bebeğim için uygun değil, personel somurtkan ve kaba, yemekler kalitesiz, hiçbir arama ya da dönüş yapılmadı, bu durum beni rezalet olarak nitelendirmeme neden oldu.",COMPLAINT_MATCHED,,Dedicated single-property source page,https://www.sikayetvar.com/la-blanche-island-bodrum,2026-08-25T12:58:29.219502+00:00,"Küçük Ve Uzak Oda, Saygısız Personel Ve Kalitesiz Yemekler","06.07.2026 - 13.07.2026 tarihleri arasında La Blanche Island Bodrum otelinde konaklıyorum. Rezervasyonumu 9 ay öncesinden Jolly Tur aracılığıyla yaptırdım, 3 aylık bebeğimizle ilk tatilimiz olacağı için özellikle güzel, çoğu yere daha yakın ve uygun bir oda rica ettim. Buna rağmen bize otelin 5. Katında, her yere çok uzak, en dipte ve oldukça küçük bir oda verildi. Bebeğimizi kendi getirdiğimiz yatağın üzerine yatırmak zorunda kalıyoruz. Aynı tarihlerde ablam ve eniştem Setur üzerinden rezervasyon yaptırdı, onların da çocuğu olmasına rağmen kendilerine çok daha büyük ve daha iyi bir oda verilmişken bize bu şekilde kötü bir oda tahsis edilmesini asla kabul edemiyorum. Konuyu resepsiyonla görüştüğümüzde, onların şansına o odaların verildiği, normalde o odaların bizim olması gerektiği söylendi, hatta üstüne üstlük saygısızca, istersek onları da o odadan alıp bizim gibi bir odaya alabileceklerini ima eden bir yaklaşım sergilendi. Otelde genel olarak yemekler çok kötü, lezzet ve çeşit anlamında beklentiyi kesinlikle karşılamıyor. Çalışanların büyük kısmı somurtkan ve kaba, kimsenin yüzü gülmüyor, misafire karşı ilgili ve çözüm odaklı bir tavır sergilenmiyor. Hem oda seçimi konusundaki adaletsizlik, hem personelin saygısız ve ilgisiz tavrı, hem de yemeklerin kalitesizliği nedeniyle bu otelden son derece mağdur ayrılıyorum ve bir daha ne bu otele gelmeyi ne de Jolly Tur üzerinden rezervasyon yapmayı düşünmüyorum. Yaşadığım bu olumsuzlukların dikkate alınmasını, öncelikle hem otel hem de Jolly Tur tarafından yaşananlar için açıklama ve manevi anlamda tatmin edici bir dönüş yapılmasını, ayrıca oda tahsisi ve hizmet kalitesiyle ilgili mağduriyetimin telafisi için gerekli jest ve iade/indirim gibi adımların atılmasını talep ediyorum.",,,1752,245,58,9,,,,,False,False,False,False,False,False,False,False,False,2026-08-25 12:58:29.219502,2026-07-12 13:39:00,True,DAY_MONTH_TIME_NO_YEAR,False,False,True,False,2026,7,2026-07,,,551,,1,False,False,False,True,False,False,La Blanche Island Bodrum,Güvercinlik,4.3,6594,,,,289.0,False,False,False,1,0,1,0,2026-07-19 14:47:00,2026-07-19 14:47:00,False,False,False
la-blanche-island-bodrum-konaklamam-sirasinda-yasadigim-gida-zehirlenmesi,https://www.sikayetvar.com/la-blanche-island-bodrum/la-blanche-island-bodrum-konaklamam-sirasinda-yasadigim-gida-zehirlenmesi,https://www.sikayetvar.com/la-blanche-island-bodrum/la-blanche-island-bodrum-konaklamam-sirasinda-yasadigim-gida-zehirlenmesi,BOD106,La Blanche Island Bodrum,Güvercinlik,La Blanche Island Bodrum,la-blanche-island-bodrum-konaklamam-sirasinda-yasadigim-gida-zehirlenmesi,https://www.sikayetvar.com/la-blanche-island-bodrum/la-blanche-island-bodrum-konaklamam-sirasinda-yasadigim-gida-zehirlenmesi,Konaklamam Sırasında Yaşadığım Gıda Zehirlenmesi,"18–22 Haziran tarihleri arasında eşimle birlikte Bodrum la blanche ısland otelde konakladım. Konaklamam sırasında yaşadığım gıda zehirlenmesi nedeniyle ambulansla Bodrum devlet Hastanesi’ne kaldırıldım. Hastanede bana gıda zehirlenmesi tanısı konuldu, serum ve ilaç tedavisi aldım. İki gün boyunca dışarı çıkamadım, odadan çıkamayacak kadar kötü durumda, sürekli ishal ve kusma şikayetleriyle tatilimi odada geçirmek zorunda kaldım.
Otel yetkilileriyle görüştüğümde, gıdalarında böyle bir sorun olamayacağını, gıda mühendisleriyle çalıştıklarını söyleyerek kendilerini savundular. Ancak benim açımdan sonuç değişmedi, ben bu tesiste kaldığım süre içinde zehirlendim ve tatilimin büyük kısmı hastane ve odada geçti. Yanımda bulunan eşim de benimle birlikte odada kalmak zorunda kaldı, o da tatil yapamadı.
Otel çıkış günü, yaşananlardan dolayı çok üzgün olduklarını, bunu telafi edeceklerini ve ne zaman müsait olursak bizi tekrar misafir edeceklerini söylediler. Ancak daha sonra bu sözlerinin arkasında durmayarak, tek zehirlenen kişi ben olduğum için herhangi bir telafi yapamayacaklarını ilettiler. Başka kimlerin benzer şikayetler yaşadığını bilemeyiz, fakat benim açımdan yaşanan mağduriyet çok nettir.
Bu otele 1500 euro ödedim ve hem sağlık açısından hem de tatilimin büyük bir bölümü heba olduğu için ciddi şekilde mağdur oldum. En azından ödediğim ücretin yarısının tarafıma iade edilmesini ve yaşadığım bu sürecin ciddiyetinin kabul edilerek gereğinin yapılmasını talep ediyorum.",9 Temmuz 15:29,427,,,,False,,,False,,,0,,,COMPLAINT_MATCHED,,Dedicated single-property source page,https://www.sikayetvar.com/la-blanche-island-bodrum,2026-08-25T12:58:29.219502+00:00,Konaklamam Sırasında Yaşadığım Gıda Zehirlenmesi,"18–22 Haziran tarihleri arasında eşimle birlikte Bodrum la blanche ısland otelde konakladım. Konaklamam sırasında yaşadığım gıda zehirlenmesi nedeniyle ambulansla Bodrum devlet Hastanesi’ne kaldırıldım. Hastanede bana gıda zehirlenmesi tanısı konuldu, serum ve ilaç tedavisi aldım. İki gün boyunca dışarı çıkamadım, odadan çıkamayacak kadar kötü durumda, sürekli ishal ve kusma şikayetleriyle tatilimi odada geçirmek zorunda kaldım. Otel yetkilileriyle görüştüğümde, gıdalarında böyle bir sorun olamayacağını, gıda mühendisleriyle çalıştıklarını söyleyerek kendilerini savundular. Ancak benim açımdan sonuç değişmedi, ben bu tesiste kaldığım süre içinde zehirlendim ve tatilimin büyük kısmı hastane ve odada geçti. Yanımda bulunan eşim de benimle birlikte odada kalmak zorunda kaldı, o da tatil yapamadı. Otel çıkış günü, yaşananlardan dolayı çok üzgün olduklarını, bunu telafi edeceklerini ve ne zaman müsait olursak bizi tekrar misafir edeceklerini söylediler. Ancak daha sonra bu sözlerinin arkasında durmayarak, tek zehirlenen kişi ben olduğum için herhangi bir telafi yapamayacaklarını ilettiler. Başka kimlerin benzer şikayetler yaşadığını bilemeyiz, fakat benim açımdan yaşanan mağduriyet çok nettir. Bu otele 1500 euro ödedim ve hem sağlık açısından hem de tatilimin büyük bir bölümü heba olduğu için ciddi şekilde mağdur oldum. En azından ödediğim ücretin yarısının tarafıma iade edilmesini ve yaşadığım bu sürecin ciddiyetinin kabul edilerek gereğinin yapılmasını talep ediyorum.",,,1489,195,48,5,,,,,False,False,False,False,False,False,False,False,False,2026-08-25 12:58:29.219502,2026-07-09 15:29:00,True,DAY_MONTH_TIME_NO_YEAR,False,False,True,False,2026,7,2026-07,,,427,,0,False,False,False,False,False,False,La Blanche Island Bodrum,Güvercinlik,4.3,6594,,,,289.0,False,False,False,0,0,0,0,,,False,False,False
balayi-konsepti-eksik-acik-sarap-sisesi-ve-kucuk-sac-kremi,https://www.sikayetvar.com/la-blanche-island-bodrum/balayi-konsepti-eksik-acik-sarap-sisesi-ve-kucuk-sac-kremi,https://www.sikayetvar.com/la-blanche-island-bodrum/balayi-konsepti-eksik-acik-sarap-sisesi-ve-kucuk-sac-kremi,BOD106,La Blanche Island Bodrum,Güvercinlik,La Blanche Island Bodrum,balayi-konsepti-eksik-acik-sarap-sisesi-ve-kucuk-sac-kremi,https://www.sikayetvar.com/la-blanche-island-bodrum/balayi-konsepti-eksik-acik-sarap-sisesi-ve-kucuk-sac-kremi,"Balayı Konsepti Eksik, Açık Şarap Şişesi Ve Küçük Saç Kremi","04.06.2026–07.06.2026 tarihleri arasında La Blanch Bodrum’da 6404 numaralı odada balayı çifti olarak konakladık. Otele özellikle balayı rezervasyonu ile gelmemize rağmen ne bir balayı konsepti ne de odada herhangi bir süsleme vardı.
İkinci gün odamıza balayı kapsamında şarap ve meyve tabağı gönderildi, ancak şarap şişesi açık şekilde geldi. Ayrıca talep ettiğim saç kremi de son derece küçük bir miktarda gönderildi. Balayı gibi özel bir konaklamada yaşadığımız bu eksiklikler hem beklentimizi karşılamadı hem de kendimizi hiç özel hissetmedik.
Bu durumları otel personeli ve resepsiyona ilettiğimizde yoğunluktan kaynaklandığı söylendi. Ancak yoğunluk, özellikle balayı gibi önceden bildirilen ve teyit edilen bir konseptin eksiksiz yerine getirilmemesi için geçerli bir gerekçe değildir.
Yaşadığımız bu mağduriyetin giderilmesi için balayı konseptimizin eksiksiz ve özenli bir şekilde telafi edilmesini ve bu süreçteki aksaklıklarla ilgili tarafımıza açıklama yapılmasını talep ediyorum.",6 Haziran 19:45,616,,,,False,,,False,,,0,,,COMPLAINT_MATCHED,,Dedicated single-property source page,https://www.sikayetvar.com/la-blanche-island-bodrum,2026-08-25T12:58:29.219502+00:00,"Balayı Konsepti Eksik, Açık Şarap Şişesi Ve Küçük Saç Kremi","04.06.2026–07.06.2026 tarihleri arasında La Blanch Bodrum’da 6404 numaralı odada balayı çifti olarak konakladık. Otele özellikle balayı rezervasyonu ile gelmemize rağmen ne bir balayı konsepti ne de odada herhangi bir süsleme vardı. İkinci gün odamıza balayı kapsamında şarap ve meyve tabağı gönderildi, ancak şarap şişesi açık şekilde geldi. Ayrıca talep ettiğim saç kremi de son derece küçük bir miktarda gönderildi. Balayı gibi özel bir konaklamada yaşadığımız bu eksiklikler hem beklentimizi karşılamadı hem de kendimizi hiç özel hissetmedik. Bu durumları otel personeli ve resepsiyona ilettiğimizde yoğunluktan kaynaklandığı söylendi. Ancak yoğunluk, özellikle balayı gibi önceden bildirilen ve teyit edilen bir konseptin eksiksiz yerine getirilmemesi için geçerli bir gerekçe değildir. Yaşadığımız bu mağduriyetin giderilmesi için balayı konseptimizin eksiksiz ve özenli bir şekilde telafi edilmesini ve bu süreçteki aksaklıklarla ilgili tarafımıza açıklama yapılmasını talep ediyorum.",,,991,130,59,10,,,,,False,False,False,False,False,False,False,False,False,2026-08-25 12:58:29.219502,2026-06-06 19:45:00,True,DAY_MONTH_TIME_NO_YEAR,False,False,True,False,2026,6,2026-06,,,616,,0,False,False,False,True,False,False,La Blanche Island Bodrum,Güvercinlik,4.3,6594,,,,289.0,False,False,False,0,0,0,0,,,False,False,False
la-blanche-island-hotelde-telefon-gorusmesindeki-saygisiz-ve-kaba-uslup,https://www.sikayetvar.com/la-blanche-island-bodrum/la-blanche-island-hotelde-telefon-gorusmesindeki-saygisiz-ve-kaba-uslup,https://www.sikayetvar.com/la-blanche-island-bodrum/la-blanche-island-hotelde-telefon-gorusmesindeki-saygisiz-ve-kaba-uslup,BOD106,La Blanche Island Bodrum,Güvercinlik,La Blanche Island Bodrum,la-blanche-island-hotelde-telefon-gorusmesindeki-saygisiz-ve-kaba-uslup,https://www.sikayetvar.com/la-blanche-island-bodrum/la-blanche-island-hotelde-telefon-gorusmesindeki-saygisiz-ve-kaba-uslup,La Blanche Island Hotel'de Telefon Görüşmesindeki Saygısız Ve Kaba Üslup,"La Blanche Island Hotel’i rezervasyon için aradım, telefonda karşılaştığım tavırdan gerçekten rahatsız oldum. Görüşme sırasında karşımda çıkan personel son derece kaba bir üslup kullandı, “Hı, evet, demek ki…” tarzında cümleler kurarak konuştu ve hitap şekli olarak da son derece saygısızdı. Biz karşı taraftan “beyefendi” diye bahsederken, kendisi bir kere bile nezaket gösterip düzgün bir hitap kullanma gereği duymadı.
Telefon görüşmesinde, yabancı ve bol bahşişli turist bekledikleri izlenimini veren bir tavırla karşılaştım. Türk misafir olarak aradığımda bu tutum ve üslup beni çok şaşırttı ve üzdü. Aynı dakikalarda La Blanche Resort’u aradığımda ise son derece kibar ve ilgili bir yaklaşımla karşılaştım, bu da iki işletme arasındaki farkı çok net gösterdi.
Bu durumu, orayı tercih etmeyi düşünen insanların farkındalığı artsın diye paylaşıyorum. Misafirle ilk temas noktası olan telefon görüşmesinde bile bu kadar saygısız ve kaba bir iletişim diliyle karşılaşılmasının otelin kurumsal imajı açısından da son derece olumsuz olduğunu düşünüyorum.",15 Mart 16:09,783,,,,True,16 Mart 15:12,"Sayın Özlem Hanım, 

Öncelikle bizimle deneyiminizi paylaştığınız için teşekkür ederiz. Telefon görüşmeniz sırasında yaşadığınız olumsuz deneyimden dolayı üzüntü duyduğumuzu belirtmek isteriz. Misafirlerimizle kurduğumuz ilk temasın son derece önemli olduğunu biliyor ve her zaman saygılı, ilgili bir yaklaşım sergilemeyi hedefliyoruz.

Yaşadığınız durumun detaylarını ilgili birimimizle paylaşabilmemiz ve konuyu en doğru şekilde değerlendirebilmemiz için sizden ricamız, şikayetinizi ve iletişim bilgilerinizi iletmenizdir. Böylece konuyu titizlikle inceleyip gerekli aksiyonları alabiliriz.

Görüşlerinizi bizimle paylaştığınız için teşekkür eder, bir sonraki deneyiminizin çok daha olumlu ve konforlu olmasını temenni ederiz.

Saygılarımızla, 
La Blanche Island Hotel",False,,,1,16 Mart 17:04,Ne ararım sizi bir daha ne yazarım.,COMPLAINT_MATCHED,,Dedicated single-property source page,https://www.sikayetvar.com/la-blanche-island-bodrum,2026-08-25T12:58:29.219502+00:00,La Blanche Island Hotel'de Telefon Görüşmesindeki Saygısız Ve Kaba Üslup,"La Blanche Island Hotel’i rezervasyon için aradım, telefonda karşılaştığım tavırdan gerçekten rahatsız oldum. Görüşme sırasında karşımda çıkan personel son derece kaba bir üslup kullandı, “Hı, evet, demek ki...” tarzında cümleler kurarak konuştu ve hitap şekli olarak da son derece saygısızdı. Biz karşı taraftan “beyefendi” diye bahsederken, kendisi bir kere bile nezaket gösterip düzgün bir hitap kullanma gereği duymadı. Telefon görüşmesinde, yabancı ve bol bahşişli turist bekledikleri izlenimini veren bir tavırla karşılaştım. Türk misafir olarak aradığımda bu tutum ve üslup beni çok şaşırttı ve üzdü. Aynı dakikalarda La Blanche Resort’u aradığımda ise son derece kibar ve ilgili bir yaklaşımla karşılaştım, bu da iki işletme arasındaki farkı çok net gösterdi. Bu durumu, orayı tercih etmeyi düşünen insanların farkındalığı artsın diye paylaşıyorum. Misafirle ilk temas noktası olan telefon görüşmesinde bile bu kadar saygısız ve kaba bir iletişim diliyle karşılaşılmasının otelin kurumsal imajı açısından da son derece olumsuz olduğunu düşünüyorum.","Sayın Özlem Hanım, Öncelikle bizimle deneyiminizi paylaştığınız için teşekkür ederiz. Telefon görüşmeniz sırasında yaşadığınız olumsuz deneyimden dolayı üzüntü duyduğumuzu belirtmek isteriz. Misafirlerimizle kurduğumuz ilk temasın son derece önemli olduğunu biliyor ve her zaman saygılı, ilgili bir yaklaşım sergilemeyi hedefliyoruz. Yaşadığınız durumun detaylarını ilgili birimimizle paylaşabilmemiz ve konuyu en doğru şekilde değerlendirebilmemiz için sizden ricamız, şikayetinizi ve iletişim bilgilerinizi iletmenizdir. Böylece konuyu titizlikle inceleyip gerekli aksiyonları alabiliriz. Görüşlerinizi bizimle paylaştığınız için teşekkür eder, bir sonraki deneyiminizin çok daha olumlu ve konforlu olmasını temenni ederiz. Saygılarımızla, La Blanche Island Hotel",,1056,146,72,10,765,88,,,False,False,False,False,False,False,False,False,False,2026-08-25 12:58:29.219502,2026-03-15 16:09:00,True,DAY_MONTH_TIME_NO_YEAR,False,False,True,False,2026,3,2026-03,2026-03-16 15:12:00,,783,,1,False,True,False,False,False,False,La Blanche Island Bodrum,Güvercinlik,4.3,6594,,,,289.0,False,False,False,3,2,1,0,2026-03-16 15:12:00,2026-03-18 11:25:00,True,False,False
ilgisiz-personel-ve-ilgisiz-yonetim-misafirleri-magdur-ediyor,https://www.sikayetvar.com/la-blanche-island-bodrum/ilgisiz-personel-ve-ilgisiz-yonetim-misafirleri-magdur-ediyor,https://www.sikayetvar.com/la-blanche-island-bodrum/ilgisiz-personel-ve-ilgisiz-yonetim-misafirleri-magdur-ediyor,BOD106,La Blanche Island Bodrum,Güvercinlik,La Blanche Island Bodrum,ilgisiz-personel-ve-ilgisiz-yonetim-misafirleri-magdur-ediyor,https://www.sikayetvar.com/la-blanche-island-bodrum/ilgisiz-personel-ve-ilgisiz-yonetim-misafirleri-magdur-ediyor,İlgisiz Personel Ve İlgisiz Yönetim Misafirleri Mağdur Ediyor,"25.09.2025-30.09.2025 tarihleri arasında La Blanch Island Bodrum Oteli'nde 5214 numaralı odada konakladık. Sezon sonu olmasına rağmen otel müşteri almaya devam ediyor fakat personel sayısı oldukça azdı ve çalışanlar ilgisizdi. Özellikle barlarda görevli barmenlerin tecrübeleri yetersizdi, çoğu çalışan yarı zamanlı çalışıyor gibiydi ve otelde bir yerin adını sorduğumuzda çoğu bilmiyordu. Çalışanların mutsuz ve yorgun oldukları çok belliydi, çoğu zaman yardımcı olamadılar.
Temizlik konusunda ise günlük havlu değişimi ve havuz temizliği yeterliydi, şezlong sayısı da yeterliydi. Ancak yemek çeşitliliği azdı, yine de lezzetleri iyiydi. Tatlı ve salata çeşitleri de yeterliydi. Eğlence anlamında ise sezon sonu olduğu için çok zayıftı.
Son gün akşamı yağmur yağdı ve oteldeki restoranların oturma alanları tamamen ıslandı, misafirler lobide sıkışık şekilde oturmak zorunda kaldı. A la carte hizmetimiz vardı, yağmur nedeniyle ne olacağını öğrenmek için müşteri hizmetlerine gittiğimizde, Ö*** Hanım’ın tutumu hiç profesyonel değildi; bizimle gülerek ve kafa sallayarak konuştu, alternatif çözüm sunmadı. “Burası yaz oteli, yağmura ne yapabiliriz?” gibi cümleler kuruldu ve kendimizi hiç değerli hissetmedik.
Tüm bu yaşananlar nedeniyle otelden bir özür ve yetkili birinden iletişim bekledik fakat hiçbir şekilde dönüş yapılmadı. Görüntüsüne aldanıp gelen birçok kişinin benzer mağduriyetler yaşayacağını düşünüyorum. Bir daha tercih etmeyeceğimiz bir otel oldu.",30 Eylül 2025 16:51,1.126,,,,True,30 Eylül 2025 17:12,"Sayın p...

25.09.2025 – 30.09.2025 tarihleri arasında otelimizde gerçekleştirmiş olduğunuz konaklamaya dair geri bildiriminizi aldık. Öncelikle, deneyimlerinizi bizimle paylaştığınız için teşekkür ederiz. Misafir memnuniyetini her zaman önceliğimiz olarak görmekteyiz. Bu doğrultuda ilettiğiniz değerlendirmelere içtenlikle yanıt vermek isteriz.

Sezon sonuna yaklaşılmış olmasına rağmen, otelimiz hizmet kalitesinden ödün vermeden tüm misafirlerine en iyi deneyimi sunmak adına faaliyetlerine devam etmektedir. Tüm departmanlarımızda görev yapan personelimiz otel standartlarına uygun eğitimlerden geçmiş, alanında deneyimli kişilerden oluşmaktadır. Yoğunluk dönemlerinde bazı geçici personel desteği sağlanabilmektedir ancak bu durum hizmet kalitesinin düşmesine izin vermeyecek şekilde planlanmaktadır.

Yeme-içme alanındaki yorumlarınıza istinaden, damak tadının kişisel bir deneyim olduğunu da göz önünde bulundurarak, genel misafir memnuniyeti oranının yüksek olduğunu belirtmek isteriz. Ancak yine de yapıcı eleştirileriniz ilgili departmanlarla paylaşılmıştır.

29 Eylül tarihinde yaşanan ani yağış sonrası oluşan geçici aksaklıklar sebebiyle ortak alanlarda yaşanan sıkışıklık konusunda üzüntümüzü bildiririz. Yağmurun etkisiyle kapalı alanlarda yoğunluk oluşması neticesinde misafirlerimize uygun alternatif alanlar nazikçe önerilmiş, ancak önerilerimizin tarafınızca kabul edilmediği görülmüştür.

Ayrıca, a la carte hizmetiyle ilgili bilgi almak üzere müşteri ilişkileri masasına geldiğinizde, tarafınıza açıklamalar Müşteri İlişkileri Müdür Yardımcımız ö*** Hanım tarafından yapılmıştır. Kendisi görüşme boyunca nazik ve açıklayıcı bir tavır sergilemiş, yaşanan durumun doğal bir afet olduğu ifade edilmiştir. Bu esnada asla alaycı ya da küçümseyici bir tutum sergilenmemiştir. Söz konusu görüşme sırasında hem Misafir İlişkileri Müdür Yardımcımız, hem ilgili personellerimiz hem de Misafir İlişkileri Müdürümüz alanda hazır bulunmuş ve gerekli bilgilendirmeler yapılmıştır.

Otelimizde sekiz yıldır görev yapmakta olan ö*** Hanım, bugüne dek binlerce misafirimize özenli ve saygılı bir yaklaşımla hizmet vermiş, misafir ilişkilerinde profesyonelliği ile tanınmış bir çalışanımızdır. Bahsi geçen tutumun kişisel bir algı farklılığından kaynaklandığını düşünüyoruz.

Son olarak, otelimize ve çalışanlarımıza yönelik gerçek dışı ithamların kurum itibarımıza zarar verdiğini düşündüğümüzü belirtir, bu konuda daha yapıcı ve objektif bir yaklaşım sergilenmesini önemle rica ederiz.

Saygılarımızla, 
La Blanche Island Bodrum Otel Yönetimi",False,,,0,,,COMPLAINT_MATCHED,,Dedicated single-property source page,https://www.sikayetvar.com/la-blanche-island-bodrum,2026-08-25T12:58:29.219502+00:00,İlgisiz Personel Ve İlgisiz Yönetim Misafirleri Mağdur Ediyor,"25.09.2025-30.09.2025 tarihleri arasında La Blanch Island Bodrum Oteli'nde 5214 numaralı odada konakladık. Sezon sonu olmasına rağmen otel müşteri almaya devam ediyor fakat personel sayısı oldukça azdı ve çalışanlar ilgisizdi. Özellikle barlarda görevli barmenlerin tecrübeleri yetersizdi, çoğu çalışan yarı zamanlı çalışıyor gibiydi ve otelde bir yerin adını sorduğumuzda çoğu bilmiyordu. Çalışanların mutsuz ve yorgun oldukları çok belliydi, çoğu zaman yardımcı olamadılar. Temizlik konusunda ise günlük havlu değişimi ve havuz temizliği yeterliydi, şezlong sayısı da yeterliydi. Ancak yemek çeşitliliği azdı, yine de lezzetleri iyiydi. Tatlı ve salata çeşitleri de yeterliydi. Eğlence anlamında ise sezon sonu olduğu için çok zayıftı. Son gün akşamı yağmur yağdı ve oteldeki restoranların oturma alanları tamamen ıslandı, misafirler lobide sıkışık şekilde oturmak zorunda kaldı. A la carte hizmetimiz vardı, yağmur nedeniyle ne olacağını öğrenmek için müşteri hizmetlerine gittiğimizde, Ö*** Hanım’ın tutumu hiç profesyonel değildi; bizimle gülerek ve kafa sallayarak konuştu, alternatif çözüm sunmadı. “Burası yaz oteli, yağmura ne yapabiliriz?” gibi cümleler kuruldu ve kendimizi hiç değerli hissetmedik. Tüm bu yaşananlar nedeniyle otelden bir özür ve yetkili birinden iletişim bekledik fakat hiçbir şekilde dönüş yapılmadı. Görüntüsüne aldanıp gelen birçok kişinin benzer mağduriyetler yaşayacağını düşünüyorum. Bir daha tercih etmeyeceğimiz bir otel oldu.","Sayın p... 25.09.2025 – 30.09.2025 tarihleri arasında otelimizde gerçekleştirmiş olduğunuz konaklamaya dair geri bildiriminizi aldık. Öncelikle, deneyimlerinizi bizimle paylaştığınız için teşekkür ederiz. Misafir memnuniyetini her zaman önceliğimiz olarak görmekteyiz. Bu doğrultuda ilettiğiniz değerlendirmelere içtenlikle yanıt vermek isteriz. Sezon sonuna yaklaşılmış olmasına rağmen, otelimiz hizmet kalitesinden ödün vermeden tüm misafirlerine en iyi deneyimi sunmak adına faaliyetlerine devam etmektedir. Tüm departmanlarımızda görev yapan personelimiz otel standartlarına uygun eğitimlerden geçmiş, alanında deneyimli kişilerden oluşmaktadır. Yoğunluk dönemlerinde bazı geçici personel desteği sağlanabilmektedir ancak bu durum hizmet kalitesinin düşmesine izin vermeyecek şekilde planlanmaktadır. Yeme-içme alanındaki yorumlarınıza istinaden, damak tadının kişisel bir deneyim olduğunu da göz önünde bulundurarak, genel misafir memnuniyeti oranının yüksek olduğunu belirtmek isteriz. Ancak yine de yapıcı eleştirileriniz ilgili departmanlarla paylaşılmıştır. 29 Eylül tarihinde yaşanan ani yağış sonrası oluşan geçici aksaklıklar sebebiyle ortak alanlarda yaşanan sıkışıklık konusunda üzüntümüzü bildiririz. Yağmurun etkisiyle kapalı alanlarda yoğunluk oluşması neticesinde misafirlerimize uygun alternatif alanlar nazikçe önerilmiş, ancak önerilerimizin tarafınızca kabul edilmediği görülmüştür. Ayrıca, a la carte hizmetiyle ilgili bilgi almak üzere müşteri ilişkileri masasına geldiğinizde, tarafınıza açıklamalar Müşteri İlişkileri Müdür Yardımcımız ö*** Hanım tarafından yapılmıştır. Kendisi görüşme boyunca nazik ve açıklayıcı bir tavır sergilemiş, yaşanan durumun doğal bir afet olduğu ifade edilmiştir. Bu esnada asla alaycı ya da küçümseyici bir tutum sergilenmemiştir. Söz konusu görüşme sırasında hem Misafir İlişkileri Müdür Yardımcımız, hem ilgili personellerimiz hem de Misafir İlişkileri Müdürümüz alanda hazır bulunmuş ve gerekli bilgilendirmeler yapılmıştır. Otelimizde sekiz yıldır görev yapmakta olan ö*** Hanım, bugüne dek binlerce misafirimize özenli ve saygılı bir yaklaşımla hizmet vermiş, misafir ilişkilerinde profesyonelliği ile tanınmış bir çalışanımızdır. Bahsi geçen tutumun kişisel bir algı farklılığından kaynaklandığını düşünüyoruz. Son olarak, otelimize ve çalışanlarımıza yönelik gerçek dışı ithamların kurum itibarımıza zarar verdiğini düşündüğümüzü belirtir, bu konuda daha yapıcı ve objektif bir yaklaşım sergilenmesini önemle rica ederiz. Saygılarımızla, La Blanche Island Bodrum Otel Yönetimi",,1463,192,61,8,2539,298,,,False,False,False,False,False,False,False,False,False,2026-08-25 12:58:29.219502,2025-09-30 16:51:00,False,DAY_MONTH_YEAR_TIME,False,False,False,False,2025,9,2025-09,2025-09-30 17:12:00,,1126,,0,False,True,False,True,False,False,La Blanche Island Bodrum,Güvercinlik,4.3,6594,,,,289.0,False,False,False,1,1,0,0,2025-09-30 17:12:00,2025-09-30 17:12:00,True,False,False
la-blanche-island-otelinde-yasanan-hizmet-eksiklikleri-ve-musteri-iliskileri-sorunlari,https://www.sikayetvar.com/la-blanche-island-bodrum/la-blanche-island-otelinde-yasanan-hizmet-eksiklikleri-ve-musteri-iliskileri-sorunlari,https://www.sikayetvar.com/la-blanche-island-bodrum/la-blanche-island-otelinde-yasanan-hizmet-eksiklikleri-ve-musteri-iliskileri-sorunlari,BOD106,La Blanche Island Bodrum,Güvercinlik,La Blanche Island Bodrum,la-blanche-island-otelinde-yasanan-hizmet-eksiklikleri-ve-musteri-iliskileri-sorunlari,https://www.sikayetvar.com/la-blanche-island-bodrum/la-blanche-island-otelinde-yasanan-hizmet-eksiklikleri-ve-musteri-iliskileri-sorunlari,La Blanche Island Otelinde Yaşanan Hizmet Eksiklikleri Ve Müşteri İlişkileri Sorunları,"25.09.2025 – 30.09.2025 tarihleri arasında La Blanche Island otelinizde standart odada konakladık ve bu süre için 62.000 TL ödeme yaptık. Tatilimiz boyunca yaşadığımız olumsuzluklar, hizmet kalitesi ve müşteri ilişkileri açısından ciddi bir hayal kırıklığına neden oldu.
29 Eylül’de yağan yağmur nedeniyle ortak alanlar su altında kaldı ve lobide oturacak yer bulamadık. Akşamki à la carte rezervasyonumuzun durumunu öğrenmek için müşteri ilişkilerinden Ö*** Hanım’a başvurduğumuzda, kendisinin küçümseyici ve alaycı bir tavırla “Yağmur yağarsa yapacak bir şey yok, Allah’ın yağdırdığı yağmur, sigara içmek istiyorsanız çıkıp gelip buraya oturabilirsiniz.” şeklinde konuşması bizi son derece rahatsız etti. Bu yaklaşım misafiri küçümseyen ve kurumsallıktan uzak bir tavırdır.
Yağmur elbette doğal bir durumdur; fakat bu dönemde müşteri kabul eden bir tesisin önlem almamış olması ve misafirlerin hak ettiği hizmeti alamaması mağduriyet yaratmıştır. Ayrıca, tatil boyunca personel yetersizliği ve servis sorunları da yaşadık. Garsonların çoğu bilgisiz ve isteksizdi, tabaklar çoğu kez izin alınmadan masadan alındı. Plajda dondurma servisi yapan personelin eldivensiz, çıplak Elle külahlara dokunarak servis yapması ise hijyen açısından kabul edilemezdi.
Yaşadığımız bu sorunları otel yönetimine ilettik ancak şikayetimize yine Ö*** Hanım’ın kendisi dönüş yaptı ve üstüyle görüşmemize izin verilmedi. Kendisi bizden bir özür dahi dilemedi, aksine üstten konuşmaya devam etti. En azından yaşanan mağduriyetin farkında olup, bir özür ya da “kusura bakmayın” deme nezaketini dahi göstermemesi ayrıca üzücü olmuştur.
Oda temizliğinden genel olarak memnun kalsak da, yaşadığımız olumsuzluklar nedeniyle tatilimizin sonunda “bitsin de gidelim” diye düşündük. Bir daha tercih etmeyeceğimiz bir otel olduğunu üzülerek belirtmek isteriz.
Şikayetimizin resmi olarak kayıt altına alınmasını, Ö*** Hanım’ın tavrının incelenmesini, tarafımıza yazılı olarak özür dilenmesini ve yaşanan mağduriyetin telafisi için somut bir adım atılmasını talep ediyorum.",30 Eylül 2025 16:03,519,,,,True,30 Eylül 2025 17:09,"Sayın e...

25.09.2025 – 30.09.2025 tarihleri arasında otelimizde konaklayan misafirimizin iletmiş olduğu şikayetle ilgili durumu açıklamak ve bazı hususları netleştirmek isteriz.

Öncelikle, 29 Eylül’de yaşanan yağmur nedeniyle ortak alanlarda oluşan geçici olumsuzluktan dolayı misafirlerimizin konforunun etkilenmesinden dolayı üzgünüz. Ancak, bu tarihte misafirlerimize alternatif oturma alanları nazikçe önerilmiş, fakat bu alternatifler misafirlerimiz tarafından kabul edilmemiştir. Müşteri İlişkileri Müdür Yardımcısı ö*** Hanım, bu önerileri ve durumu açıklarken asla küçümseyici veya alaycı bir tavır takınmamış; nazik ve profesyonel bir üslupla iletişim kurmuştur.

Söz konusu görüşme sonrasında oteli arayarak bir yetkili ile görüşme talebinde bulunulmuştur. Ancak, iletişim numarasından tarafınızı aradığımızda, eşiniz yetkiliyle görüşme taleplerinin olmadığını, misafir ilişkileri masasına gelerek zaten görüşme yaptıklarını ve başka bir görüşme talebinde bulunmadıklarını belirtmiştir.

Bunun yanı sıra, misafir ilişkileri masasındaki görüşme sırasında hem Misafir İlişkileri Personellerimiz, hem Misafir İlişkileri Müdür Yardımcımız hem de Misafir İlişkileri Müdürümüz hali hazırda oradaydı ve sürecin en sağlıklı şekilde yürütülmesi için gerekli hassasiyet gösterilmiştir.

Otelimizde çalışan tüm personelimiz alanlarında profesyonel kişilerden oluşmakta olup, hiçbir misafirimize karşı kötü niyetli veya saygısız davranışta bulunmamaktadır. Ö*** Hanım da sekiz yıldır kurumumuzda görev yapmakta olup, bugüne kadar misafirlerimizle ilişkilerinde titiz ve özenli davranışları ile tanınmaktadır. Misafirlerimizin memnuniyeti için gerekli tüm iyileştirmeleri yapmaya devam etmekteyiz. Bu bağlamda, otelimizdeki hizmet kalitesini artırmak üzere çalışmalarımız sürmektedir.

Son olarak, bu tür asılsız iddiaların otelimizin ve personelimizin itibarını zedelemeye yönelik olduğunu üzülerek düşünmekteyiz ve gereken hassasiyetin gösterilmesini önemle rica ederiz.

Saygılarımızla, 
La Blanche Island Otel Yönetimi",False,,,1,30 Eylül 2025 21:26,"Sayın Yetkili,

Öncelikle belirtmek isteriz ki bu şikayet tarafımızca bizzat yaşanmış bir olaydır ve asılsız bir iddia değildir. Olay anında 4 kişi olarak oradaydık ve Ö*** Hanım’ın bize karşı sergilediği üslup son derece yanlıştır. 

Bu olayın dile getirilmesi bir “itibar zedeleme” amacı taşımamaktadır. Aksine, itibarınızı zedeleyen husus bizzat çalışanlarınızın ve yönetiminizin müşterilere yönelik davranışlarıdır. Dolayısıyla bu yaşananların sorumluluğu tamamen kurumunuza aittir.

Ayrıca yaşanan durum, “doğal afet” bahanesiyle geçiştirilemez. Profesyonel bir otel yönetimi, misafirlerini mağdur etmeyecek önlemleri almakla yükümlüdür.",COMPLAINT_MATCHED,,Dedicated single-property source page,https://www.sikayetvar.com/la-blanche-island-bodrum,2026-08-25T12:58:29.219502+00:00,La Blanche Island Otelinde Yaşanan Hizmet Eksiklikleri Ve Müşteri İlişkileri Sorunları,"25.09.2025 – 30.09.2025 tarihleri arasında La Blanche Island otelinizde standart odada konakladık ve bu süre için 62.000 TL ödeme yaptık. Tatilimiz boyunca yaşadığımız olumsuzluklar, hizmet kalitesi ve müşteri ilişkileri açısından ciddi bir hayal kırıklığına neden oldu. 29 Eylül’de yağan yağmur nedeniyle ortak alanlar su altında kaldı ve lobide oturacak yer bulamadık. Akşamki à la carte rezervasyonumuzun durumunu öğrenmek için müşteri ilişkilerinden Ö*** Hanım’a başvurduğumuzda, kendisinin küçümseyici ve alaycı bir tavırla “Yağmur yağarsa yapacak bir şey yok, Allah’ın yağdırdığı yağmur, sigara içmek istiyorsanız çıkıp gelip buraya oturabilirsiniz.” şeklinde konuşması bizi son derece rahatsız etti. Bu yaklaşım misafiri küçümseyen ve kurumsallıktan uzak bir tavırdır. Yağmur elbette doğal bir durumdur; fakat bu dönemde müşteri kabul eden bir tesisin önlem almamış olması ve misafirlerin hak ettiği hizmeti alamaması mağduriyet yaratmıştır. Ayrıca, tatil boyunca personel yetersizliği ve servis sorunları da yaşadık. Garsonların çoğu bilgisiz ve isteksizdi, tabaklar çoğu kez izin alınmadan masadan alındı. Plajda dondurma servisi yapan personelin eldivensiz, çıplak Elle külahlara dokunarak servis yapması ise hijyen açısından kabul edilemezdi. Yaşadığımız bu sorunları otel yönetimine ilettik ancak şikayetimize yine Ö*** Hanım’ın kendisi dönüş yaptı ve üstüyle görüşmemize izin verilmedi. Kendisi bizden bir özür dahi dilemedi, aksine üstten konuşmaya devam etti. En azından yaşanan mağduriyetin farkında olup, bir özür ya da “kusura bakmayın” deme nezaketini dahi göstermemesi ayrıca üzücü olmuştur. Oda temizliğinden genel olarak memnun kalsak da, yaşadığımız olumsuzluklar nedeniyle tatilimizin sonunda “bitsin de gidelim” diye düşündük. Bir daha tercih etmeyeceğimiz bir otel olduğunu üzülerek belirtmek isteriz. Şikayetimizin resmi olarak kayıt altına alınmasını, Ö*** Hanım’ın tavrının incelenmesini, tarafımıza yazılı olarak özür dilenmesini ve yaşanan mağduriyetin telafisi için somut bir adım atılmasını talep ediyorum.","Sayın e... 25.09.2025 – 30.09.2025 tarihleri arasında otelimizde konaklayan misafirimizin iletmiş olduğu şikayetle ilgili durumu açıklamak ve bazı hususları netleştirmek isteriz. Öncelikle, 29 Eylül’de yaşanan yağmur nedeniyle ortak alanlarda oluşan geçici olumsuzluktan dolayı misafirlerimizin konforunun etkilenmesinden dolayı üzgünüz. Ancak, bu tarihte misafirlerimize alternatif oturma alanları nazikçe önerilmiş, fakat bu alternatifler misafirlerimiz tarafından kabul edilmemiştir. Müşteri İlişkileri Müdür Yardımcısı ö*** Hanım, bu önerileri ve durumu açıklarken asla küçümseyici veya alaycı bir tavır takınmamış; nazik ve profesyonel bir üslupla iletişim kurmuştur. Söz konusu görüşme sonrasında oteli arayarak bir yetkili ile görüşme talebinde bulunulmuştur. Ancak, iletişim numarasından tarafınızı aradığımızda, eşiniz yetkiliyle görüşme taleplerinin olmadığını, misafir ilişkileri masasına gelerek zaten görüşme yaptıklarını ve başka bir görüşme talebinde bulunmadıklarını belirtmiştir. Bunun yanı sıra, misafir ilişkileri masasındaki görüşme sırasında hem Misafir İlişkileri Personellerimiz, hem Misafir İlişkileri Müdür Yardımcımız hem de Misafir İlişkileri Müdürümüz hali hazırda oradaydı ve sürecin en sağlıklı şekilde yürütülmesi için gerekli hassasiyet gösterilmiştir. Otelimizde çalışan tüm personelimiz alanlarında profesyonel kişilerden oluşmakta olup, hiçbir misafirimize karşı kötü niyetli veya saygısız davranışta bulunmamaktadır. Ö*** Hanım da sekiz yıldır kurumumuzda görev yapmakta olup, bugüne kadar misafirlerimizle ilişkilerinde titiz ve özenli davranışları ile tanınmaktadır. Misafirlerimizin memnuniyeti için gerekli tüm iyileştirmeleri yapmaya devam etmekteyiz. Bu bağlamda, otelimizdeki hizmet kalitesini artırmak üzere çalışmalarımız sürmektedir. Son olarak, bu tür asılsız iddiaların otelimizin ve personelimizin itibarını zedelemeye yönelik olduğunu üzülerek düşünmekteyiz ve gereken hassasiyetin gösterilmesini önemle rica ederiz. Saygılarımızla, La Blanche Island Otel Yönetimi",,2039,267,86,11,2014,233,,,False,False,False,False,False,False,False,False,False,2026-08-25 12:58:29.219502,2025-09-30 16:03:00,False,DAY_MONTH_YEAR_TIME,False,False,False,False,2025,9,2025-09,2025-09-30 17:09:00,,519,,1,False,True,False,True,False,False,La Blanche Island Bodrum,Güvercinlik,4.3,6594,,,,289.0,False,False,False,2,1,1,0,2025-09-30 17:09:00,2025-09-30 21:26:00,True,False,False
la-blanche-island-bodrum-plajda-guvenlik-eksikligi-ve-lakayit-personel-nedeniyle-yasanan-yaralanma,https://www.sikayetvar.com/la-blanche-island-bodrum/la-blanche-island-bodrum-plajda-guvenlik-eksikligi-ve-lakayit-personel-nedeniyle-yasanan-yaralanma,https://www.sikayetvar.com/la-blanche-island-bodrum/la-blanche-island-bodrum-plajda-guvenlik-eksikligi-ve-lakayit-personel-nedeniyle-yasanan-yaralanma,BOD106,La Blanche Island Bodrum,Güvercinlik,La Blanche Island Bodrum,la-blanche-island-bodrum-plajda-guvenlik-eksikligi-ve-lakayit-personel-nedeniyle-yasanan-yaralanma,https://www.sikayetvar.com/la-blanche-island-bodrum/la-blanche-island-bodrum-plajda-guvenlik-eksikligi-ve-lakayit-personel-nedeniyle-yasanan-yaralanma,Plajda Güvenlik Eksikliği ve Lakayıt Personel Nedeniyle Yaşanan Yaralanma,Pina Yarımadası / Güvercinlik / Bodrum – Muğla / Türkiye adresinde yer alan La blanche Island Bodrum otelinde 27.09.2025-28.09.2025 tarihinde konakladım. Ciddi birkaç sıkıntı yaşadım. Bunu bildirmek istiyorum. 27.09.2025 tarihinde giriş yaptırdıktan sonra aquapark'ın yanından inilen plajdan 17.30 civarı denize girdim ve daha 2 adım atmışken kayıp demirlere çarparak denize düştüm. Bu sırada acılı bir şekilde yaralandım neyse ki kırık-çıkık olmadı. Ekte fotoğraflar ektedir. Konaklamamızın bir gün olması nedeniyle tadımızın da kaçmaması adına herhangi bir adli veya cezai şikayette bulunmadım; ancak başka insanların yaralanmalarının önüne geçmeniz için gereken önlemlerin alınmasını ve gerekli yaptırımların ilgililere uygulanmasını talep ediyorum. Oradaki demirlerin tamamen yosun tuttuğunu olay sonrası fark ettim. Pas içinde ve yosundan resmen jilet gibi kayganmış. Yine oradaki beachte hizmet veren personel lakayıt ve resmen sarhoştu. Müşteri mi çalışan mı biri bara geçip ağzında sigarayla ve buz kutusuna elini sokarak bize kokteyl hazırladı. Ciddi şekilde bu otelin denetime ihtiyacı var bilginize.,28 Eylül 2025 22:45,538,,,,True,30 Eylül 2025 17:18,"Değerli Misafirimiz, 

Öncelikle, 27.09.2025 – 28.09.2025 tarihleri arasında gerçekleştirdiğiniz konaklamanız süresince yaşamış olduğunuz olumsuz deneyimden dolayı derin bir üzüntü duyduğumuzu içtenlikle belirtmek isteriz.

Yaşadığınız talihsiz kazanın herhangi bir kalıcı sağlık sorununa yol açmamış olmasına sevindik. Ancak, misafirlerimizin kendini her an güvende hissetmesi bizim için en öncelikli konudur. Bu nedenle, söz konusu plaj alanında yaşadığınız yaralanmaya sebep olan durum tarafımızca son derece ciddiyetle ele alınmış, olayın yaşandığı bölge detaylı şekilde incelenmiş ve gerekli tüm bakım ve güvenlik önlemleri derhal uygulanmaya başlanmıştır.

Ayrıca, sahil alanında hizmet veren personelle ilgili tarafınıza yansıyan davranışlar asla otelimizin hizmet ve etik standartlarıyla bağdaşmamaktadır. Belirttiğiniz tutumun kabul edilebilir bir açıklaması bulunmamakta olup, ilgili personel hakkında iç disiplin süreci başlatılmıştır. Misafirlerimize sunulan hizmetin her zaman en üst seviyede ve saygı çerçevesinde olması gerektiği anlayışıyla, tüm ekiplerimize gerekli hatırlatma ve eğitimler yeniden yapılacaktır.

Geri bildiriminizdeki açık ve net ifadeleriniz sayesinde, gözden kaçmış olabilecek önemli bir duruma müdahale etme imkanı bulduğumuzu belirtmek isteriz. Bu yaklaşımınız için ayrıca teşekkür ederiz.

Tüm samimiyetimizle, sizi yaşanan bu durum sebebiyle tekrar misafir edememiş olmanın üzüntüsünü yaşıyoruz. Umuyoruz ki gelecekte sizleri otelimizde yeniden ağırlama ve bu olumsuz izlenimi telafi etme şansı bulabiliriz.

Saygılarımızla, 
La Blanche Island Bodrum Otel Yönetimi",False,,,0,,,COMPLAINT_MATCHED,,Dedicated single-property source page,https://www.sikayetvar.com/la-blanche-island-bodrum,2026-08-25T12:58:29.219502+00:00,Plajda Güvenlik Eksikliği ve Lakayıt Personel Nedeniyle Yaşanan Yaralanma,Pina Yarımadası / Güvercinlik / Bodrum – Muğla / Türkiye adresinde yer alan La blanche Island Bodrum otelinde 27.09.2025-28.09.2025 tarihinde konakladım. Ciddi birkaç sıkıntı yaşadım. Bunu bildirmek istiyorum. 27.09.2025 tarihinde giriş yaptırdıktan sonra aquapark'ın yanından inilen plajdan 17.30 civarı denize girdim ve daha 2 adım atmışken kayıp demirlere çarparak denize düştüm. Bu sırada acılı bir şekilde yaralandım neyse ki kırık-çıkık olmadı. Ekte fotoğraflar ektedir. Konaklamamızın bir gün olması nedeniyle tadımızın da kaçmaması adına herhangi bir adli veya cezai şikayette bulunmadım; ancak başka insanların yaralanmalarının önüne geçmeniz için gereken önlemlerin alınmasını ve gerekli yaptırımların ilgililere uygulanmasını talep ediyorum. Oradaki demirlerin tamamen yosun tuttuğunu olay sonrası fark ettim. Pas içinde ve yosundan resmen jilet gibi kayganmış. Yine oradaki beachte hizmet veren personel lakayıt ve resmen sarhoştu. Müşteri mi çalışan mı biri bara geçip ağzında sigarayla ve buz kutusuna elini sokarak bize kokteyl hazırladı. Ciddi şekilde bu otelin denetime ihtiyacı var bilginize.,"Değerli Misafirimiz, Öncelikle, 27.09.2025 – 28.09.2025 tarihleri arasında gerçekleştirdiğiniz konaklamanız süresince yaşamış olduğunuz olumsuz deneyimden dolayı derin bir üzüntü duyduğumuzu içtenlikle belirtmek isteriz. Yaşadığınız talihsiz kazanın herhangi bir kalıcı sağlık sorununa yol açmamış olmasına sevindik. Ancak, misafirlerimizin kendini her an güvende hissetmesi bizim için en öncelikli konudur. Bu nedenle, söz konusu plaj alanında yaşadığınız yaralanmaya sebep olan durum tarafımızca son derece ciddiyetle ele alınmış, olayın yaşandığı bölge detaylı şekilde incelenmiş ve gerekli tüm bakım ve güvenlik önlemleri derhal uygulanmaya başlanmıştır. Ayrıca, sahil alanında hizmet veren personelle ilgili tarafınıza yansıyan davranışlar asla otelimizin hizmet ve etik standartlarıyla bağdaşmamaktadır. Belirttiğiniz tutumun kabul edilebilir bir açıklaması bulunmamakta olup, ilgili personel hakkında iç disiplin süreci başlatılmıştır. Misafirlerimize sunulan hizmetin her zaman en üst seviyede ve saygı çerçevesinde olması gerektiği anlayışıyla, tüm ekiplerimize gerekli hatırlatma ve eğitimler yeniden yapılacaktır. Geri bildiriminizdeki açık ve net ifadeleriniz sayesinde, gözden kaçmış olabilecek önemli bir duruma müdahale etme imkanı bulduğumuzu belirtmek isteriz. Bu yaklaşımınız için ayrıca teşekkür ederiz. Tüm samimiyetimizle, sizi yaşanan bu durum sebebiyle tekrar misafir edememiş olmanın üzüntüsünü yaşıyoruz. Umuyoruz ki gelecekte sizleri otelimizde yeniden ağırlama ve bu olumsuz izlenimi telafi etme şansı bulabiliriz. Saygılarımızla, La Blanche Island Bodrum Otel Yönetimi",,1110,149,73,9,1596,194,,,False,False,False,False,False,False,False,False,False,2026-08-25 12:58:29.219502,2025-09-28 22:45:00,False,DAY_MONTH_YEAR_TIME,False,False,False,False,2025,9,2025-09,2025-09-30 17:18:00,,538,,0,False,True,False,True,False,False,La Blanche Island Bodrum,Güvercinlik,4.3,6594,,,,289.0,False,False,False,1,1,0,0,2025-09-30 17:18:00,2025-09-30 17:18:00,True,False,False
balayi-ciftine-ozel-hizmetlerde-gecikme-ve-guvenlik-sorunu,https://www.sikayetvar.com/la-blanche-island-bodrum/balayi-ciftine-ozel-hizmetlerde-gecikme-ve-guvenlik-sorunu,https://www.sikayetvar.com/la-blanche-island-bodrum/balayi-ciftine-ozel-hizmetlerde-gecikme-ve-guvenlik-sorunu,BOD106,La Blanche Island Bodrum,Güvercinlik,La Blanche Island Bodrum,balayi-ciftine-ozel-hizmetlerde-gecikme-ve-guvenlik-sorunu,https://www.sikayetvar.com/la-blanche-island-bodrum/balayi-ciftine-ozel-hizmetlerde-gecikme-ve-guvenlik-sorunu,Balayı Çiftine Özel Hizmetlerde Gecikme Ve Güvenlik Sorunu,"22 Eylül’de La Blanche Island Bodrum oteline balayı çifti olarak giriş yaptık. Saat 14.00’te odamız teslim edildi. Otel biraz yoğundu. Odaya girdiğimizde balayı çiftlerine özel herhangi bir süsleme yapılmamış ve ikramlık şarap bırakılmamıştı. İlgili birimi aradığımızda, yoğunluktan dolayı gecikme olduğu ve ilgilenileceği söylendi. Biz de yoğunluk nedeniyle anlayış gösterdik.
2-2,5 saatliğine odadan ayrılıp denize gittik. Bu süre zarfında odaya ikramlık şarap ve tatlı bırakılacağı belirtildi. Ancak odaya döndüğümüzde, kapının açık olduğunu fark ettik. İkramlıklar gelmişti fakat gelen personel kapıyı tam kapatmamış. Neyse ki tüm değerli eşyalarımız kasadaydı ve herhangi bir kayıp yaşanmadı, ancak bu durum yaşanabilirdi. Ayrıca, oda süslemesi de yapılmamıştı. Kapının açık unutulması güvenlik açısından büyük bir sorun ve ciddi bir sorumsuzluk örneği.
Sonrasında ilgili birimi tekrar aradık ve yüz yüze de görüştük. Ö*** Hanım sağ olsun, bu konuyla ilgilenip kamera görüntüleri, oda giriş çıkışları ve kart okuyucuları kontrol ederek içimizi rahatlatmaya çalıştı. Odaya herhangi bir şey alınmadığından emindim. Gece 23.00 civarında odaya döndüğümüzde, Ö*** Hanım süslemeyi yaptırmıştı. Ancak ilk izlenimin çok önemli olduğunu düşünüyorum ve bu anın büyüsünün ilk andan bozulması bizi üzdü.
Yemekler ve diğer hizmetlerle ilgili bir sorun yaşamadık. Fakat balayı çiftlerine bu konuda daha fazla özen gösterilmesi gerektiğine inanıyorum. Özellikle kapının açık bırakılması gibi sorumsuzlukların yaşanmaması için gerekli önlemlerin alınmasını rica ediyorum.",23 Eylül 2025 21:48,922,,,,True,30 Eylül 2025 17:22,"Değerli Misafirimiz, 

Öncelikle, en özel anlarınızdan biri olan balayınızı otelimizde geçirmeyi tercih ettiğiniz için sizlere içtenlikle teşekkür ederiz. Bu özel süreci sizin için unutulmaz kılmak isterken, bazı aksaklıklar sebebiyle hayal kırıklığına uğramış olmanız bizleri gerçekten çok üzdü.

Balayı çiftlerimize özel sunduğumuz süsleme ve ikramlıkların zamanında ulaştırılamaması, özellikle de ilk izleniminizde eksiklik yaratmış olması bizim açımızdan kabul edilebilir değildir. Oda kapısının açık bırakılması ise, tamamen dikkat ve sorumluluk gerektiren bir konuda yaşanmış ciddi bir hatadır ve bu durumun sizi endişelendirmiş olmasını tüm samimiyetimizle anlıyoruz.

Ne mutlu ki değerli eşyalarınızda herhangi bir kayıp yaşanmamış; ancak sizin de belirttiğiniz gibi, yaşanabilecek bir olumsuzluk düşüncesi dahi yeterince rahatsız edici bir durumdur. Bu konuyla ilgili olarak görevli ekibimizle gereken değerlendirme yapılmış ve benzer durumların tekrar yaşanmaması adına gerekli iç önlemler hızla alınmıştır.

Yaşanan süreçte ö*** Hanım’ın sürece dahil olarak sizlerle birebir ilgilenmiş olması ve elinden geleni yapması bizler için kıymetlidir.

Misafir memnuniyeti bizim için her zaman ön plandadır. Özellikle balayı çiftlerimiz gibi bizler için anlamı büyük olan konuklarımızın en mutlu günlerini huzur içinde geçirmesi en büyük arzumuzdur. Bu bağlamda geri bildiriminiz bizim için oldukça kıymetli olmuş, ilgili tüm birimlerle paylaşılmıştır.

Sizleri gelecekte yeniden otelimizde misafir ederek bu deneyimi telafi etme şansı bulabilmeyi içtenlikle diler, mutluluğunuzun ömür boyu sürmesini temenni ederiz.

Saygılarımızla, 
La Blanche Island Bodrum Otel Yönetimi",False,,,0,,,COMPLAINT_MATCHED,,Dedicated single-property source page,https://www.sikayetvar.com/la-blanche-island-bodrum,2026-08-25T12:58:29.219502+00:00,Balayı Çiftine Özel Hizmetlerde Gecikme Ve Güvenlik Sorunu,"22 Eylül’de La Blanche Island Bodrum oteline balayı çifti olarak giriş yaptık. Saat 14.00’te odamız teslim edildi. Otel biraz yoğundu. Odaya girdiğimizde balayı çiftlerine özel herhangi bir süsleme yapılmamış ve ikramlık şarap bırakılmamıştı. İlgili birimi aradığımızda, yoğunluktan dolayı gecikme olduğu ve ilgilenileceği söylendi. Biz de yoğunluk nedeniyle anlayış gösterdik. 2-2,5 saatliğine odadan ayrılıp denize gittik. Bu süre zarfında odaya ikramlık şarap ve tatlı bırakılacağı belirtildi. Ancak odaya döndüğümüzde, kapının açık olduğunu fark ettik. İkramlıklar gelmişti fakat gelen personel kapıyı tam kapatmamış. Neyse ki tüm değerli eşyalarımız kasadaydı ve herhangi bir kayıp yaşanmadı, ancak bu durum yaşanabilirdi. Ayrıca, oda süslemesi de yapılmamıştı. Kapının açık unutulması güvenlik açısından büyük bir sorun ve ciddi bir sorumsuzluk örneği. Sonrasında ilgili birimi tekrar aradık ve yüz yüze de görüştük. Ö*** Hanım sağ olsun, bu konuyla ilgilenip kamera görüntüleri, oda giriş çıkışları ve kart okuyucuları kontrol ederek içimizi rahatlatmaya çalıştı. Odaya herhangi bir şey alınmadığından emindim. Gece 23.00 civarında odaya döndüğümüzde, Ö*** Hanım süslemeyi yaptırmıştı. Ancak ilk izlenimin çok önemli olduğunu düşünüyorum ve bu anın büyüsünün ilk andan bozulması bizi üzdü. Yemekler ve diğer hizmetlerle ilgili bir sorun yaşamadık. Fakat balayı çiftlerine bu konuda daha fazla özen gösterilmesi gerektiğine inanıyorum. Özellikle kapının açık bırakılması gibi sorumsuzlukların yaşanmaması için gerekli önlemlerin alınmasını rica ediyorum.","Değerli Misafirimiz, Öncelikle, en özel anlarınızdan biri olan balayınızı otelimizde geçirmeyi tercih ettiğiniz için sizlere içtenlikle teşekkür ederiz. Bu özel süreci sizin için unutulmaz kılmak isterken, bazı aksaklıklar sebebiyle hayal kırıklığına uğramış olmanız bizleri gerçekten çok üzdü. Balayı çiftlerimize özel sunduğumuz süsleme ve ikramlıkların zamanında ulaştırılamaması, özellikle de ilk izleniminizde eksiklik yaratmış olması bizim açımızdan kabul edilebilir değildir. Oda kapısının açık bırakılması ise, tamamen dikkat ve sorumluluk gerektiren bir konuda yaşanmış ciddi bir hatadır ve bu durumun sizi endişelendirmiş olmasını tüm samimiyetimizle anlıyoruz. Ne mutlu ki değerli eşyalarınızda herhangi bir kayıp yaşanmamış; ancak sizin de belirttiğiniz gibi, yaşanabilecek bir olumsuzluk düşüncesi dahi yeterince rahatsız edici bir durumdur. Bu konuyla ilgili olarak görevli ekibimizle gereken değerlendirme yapılmış ve benzer durumların tekrar yaşanmaması adına gerekli iç önlemler hızla alınmıştır. Yaşanan süreçte ö*** Hanım’ın sürece dahil olarak sizlerle birebir ilgilenmiş olması ve elinden geleni yapması bizler için kıymetlidir. Misafir memnuniyeti bizim için her zaman ön plandadır. Özellikle balayı çiftlerimiz gibi bizler için anlamı büyük olan konuklarımızın en mutlu günlerini huzur içinde geçirmesi en büyük arzumuzdur. Bu bağlamda geri bildiriminiz bizim için oldukça kıymetli olmuş, ilgili tüm birimlerle paylaşılmıştır. Sizleri gelecekte yeniden otelimizde misafir ederek bu deneyimi telafi etme şansı bulabilmeyi içtenlikle diler, mutluluğunuzun ömür boyu sürmesini temenni ederiz. Saygılarımızla, La Blanche Island Bodrum Otel Yönetimi",,1560,207,58,8,1667,212,,,False,False,False,False,False,False,False,False,False,2026-08-25 12:58:29.219502,2025-09-23 21:48:00,False,DAY_MONTH_YEAR_TIME,False,False,False,False,2025,9,2025-09,2025-09-30 17:22:00,,922,,0,False,True,False,False,False,False,La Blanche Island Bodrum,Güvercinlik,4.3,6594,,,,289.0,False,False,False,1,1,0,0,2025-09-30 17:22:00,2025-09-30 17:22:00,True,False,False
vale-hizmetiyle-aracimiz-insaat-alanina-park-edildi-ve-kir-icinde-birakildi,https://www.sikayetvar.com/la-blanche-island-bodrum/vale-hizmetiyle-aracimiz-insaat-alanina-park-edildi-ve-kir-icinde-birakildi,https://www.sikayetvar.com/la-blanche-island-bodrum/vale-hizmetiyle-aracimiz-insaat-alanina-park-edildi-ve-kir-icinde-birakildi,BOD106,La Blanche Island Bodrum,Güvercinlik,La Blanche Island Bodrum,vale-hizmetiyle-aracimiz-insaat-alanina-park-edildi-ve-kir-icinde-birakildi,https://www.sikayetvar.com/la-blanche-island-bodrum/vale-hizmetiyle-aracimiz-insaat-alanina-park-edildi-ve-kir-icinde-birakildi,Vale Hizmetiyle Aracımız İnşaat Alanına Park Edildi Ve Kir İçinde Bırakıldı,"8-13 Eylül 2025 tarihleri arasında La Blanch Island Bodrum’da 2111 numaralı odada konakladık. Otelin vale hizmetini kullanmamıza rağmen aracımız, otelin dışındaki inşaat alanına park edilmiş. Tüm konaklama süresince aracımız burada kaldı ve inanılmaz derecede kirlendi; araçlarımızın hepsi toz ve kir içinde kaldı. Durumu otel yetkililerine bildirdiğimizde 'Biz hallederiz.' dediler ve aracı sadece hortumla yıkadılar, başka bir çözüm sunulmadı.
Böyle bir otelin araçları inşaat alanına park etmesi kesinlikle kabul edilemez. Böylesine iyi bir işletmeden çok daha profesyonel ve misafir odaklı bir yaklaşım beklerdim. Otele yakışmayan bu davranış nedeniyle büyük bir hayal kırıklığı yaşadık. Benzer sorunların diğer misafirlerin araçlarında da yaşandığını gözlemledik. Otel yönetiminin bu konuda çok daha dikkatli olmasını istiyorum.",13 Eylül 2025 23:17,571,,,,False,,,False,,,0,,,COMPLAINT_MATCHED,,Dedicated single-property source page,https://www.sikayetvar.com/la-blanche-island-bodrum,2026-08-25T12:58:29.219502+00:00,Vale Hizmetiyle Aracımız İnşaat Alanına Park Edildi Ve Kir İçinde Bırakıldı,"8-13 Eylül 2025 tarihleri arasında La Blanch Island Bodrum’da 2111 numaralı odada konakladık. Otelin vale hizmetini kullanmamıza rağmen aracımız, otelin dışındaki inşaat alanına park edilmiş. Tüm konaklama süresince aracımız burada kaldı ve inanılmaz derecede kirlendi; araçlarımızın hepsi toz ve kir içinde kaldı. Durumu otel yetkililerine bildirdiğimizde 'Biz hallederiz.' dediler ve aracı sadece hortumla yıkadılar, başka bir çözüm sunulmadı. Böyle bir otelin araçları inşaat alanına park etmesi kesinlikle kabul edilemez. Böylesine iyi bir işletmeden çok daha profesyonel ve misafir odaklı bir yaklaşım beklerdim. Otele yakışmayan bu davranış nedeniyle büyük bir hayal kırıklığı yaşadık. Benzer sorunların diğer misafirlerin araçlarında da yaşandığını gözlemledik. Otel yönetiminin bu konuda çok daha dikkatli olmasını istiyorum.",,,833,109,75,11,,,,,False,False,False,False,False,False,False,False,False,2026-08-25 12:58:29.219502,2025-09-13 23:17:00,False,DAY_MONTH_YEAR_TIME,False,False,False,False,2025,9,2025-09,,,571,,0,False,False,False,False,False,False,La Blanche Island Bodrum,Güvercinlik,4.3,6594,,,,289.0,False,False,False,0,0,0,0,,,False,False,False
otelin-yiyeceklerinden-kaynaklanan-zehirlenme-nedeniyle-magduriyet,https://www.sikayetvar.com/la-blanche-island-bodrum/otelin-yiyeceklerinden-kaynaklanan-zehirlenme-nedeniyle-magduriyet,https://www.sikayetvar.com/la-blanche-island-bodrum/otelin-yiyeceklerinden-kaynaklanan-zehirlenme-nedeniyle-magduriyet,BOD106,La Blanche Island Bodrum,Güvercinlik,La Blanche Island Bodrum,otelin-yiyeceklerinden-kaynaklanan-zehirlenme-nedeniyle-magduriyet,https://www.sikayetvar.com/la-blanche-island-bodrum/otelin-yiyeceklerinden-kaynaklanan-zehirlenme-nedeniyle-magduriyet,Otelin Yiyeceklerinden Kaynaklanan Zehirlenme Nedeniyle Mağduriyet,"02.08.2025 ile 04.08.2025 tarihleri arasında La Blanche Island Bodrum Oteli'ne 3 kişi olarak rezervasyon yaptırdık. 03.08.2025 tarihinde oda arkadaşımla birlikte bir barda yediğimiz, Akdeniz salatası adı altında sunulan haşlanmış kalamar ve karidesten oluşan bir salatadan sonra gece saat 12.00'de bulantı ve kusma başladı. Sabaha kadar ikimiz de yedi defadan fazla kustuk ve ishal olduk. Otelin hemşiresi ateşimizi ölçtü; 37,7 ve 37 derece çıktı. 04.08 son günümüz olduğu için odadan çıkış yapmamız gerektiği söylendi. Hastaneye gittik, kanımızda normal değerin 5 katı enfeksiyon tespit edildi ve serum ile antibiyotik tedavisi gördük. Şehir dışından geldiğimiz için bu şekilde dönemeyip, planımız dışında başka bir otelde konaklamak zorunda kaldık. Üç gün tatil yapıp dinleneceğimizi düşünürken, üç günümüz zehir oldu ve bu durum travmaya sebep oldu. Maalesef enfeksiyonun belirtileri oda arkadaşımda ve bende hâlâ devam ediyor. Ödediğim ücretin tarafıma iade edilmesini talep ediyorum.",5 Ağustos 2025 18:06,1.491,,,,False,,,False,,,0,,,COMPLAINT_MATCHED,,Dedicated single-property source page,https://www.sikayetvar.com/la-blanche-island-bodrum,2026-08-25T12:58:29.219502+00:00,Otelin Yiyeceklerinden Kaynaklanan Zehirlenme Nedeniyle Mağduriyet,"02.08.2025 ile 04.08.2025 tarihleri arasında La Blanche Island Bodrum Oteli'ne 3 kişi olarak rezervasyon yaptırdık. 03.08.2025 tarihinde oda arkadaşımla birlikte bir barda yediğimiz, Akdeniz salatası adı altında sunulan haşlanmış kalamar ve karidesten oluşan bir salatadan sonra gece saat 12.00'de bulantı ve kusma başladı. Sabaha kadar ikimiz de yedi defadan fazla kustuk ve ishal olduk. Otelin hemşiresi ateşimizi ölçtü; 37,7 ve 37 derece çıktı. 04.08 son günümüz olduğu için odadan çıkış yapmamız gerektiği söylendi. Hastaneye gittik, kanımızda normal değerin 5 katı enfeksiyon tespit edildi ve serum ile antibiyotik tedavisi gördük. Şehir dışından geldiğimiz için bu şekilde dönemeyip, planımız dışında başka bir otelde konaklamak zorunda kaldık. Üç gün tatil yapıp dinleneceğimizi düşünürken, üç günümüz zehir oldu ve bu durum travmaya sebep oldu. Maalesef enfeksiyonun belirtileri oda arkadaşımda ve bende hâlâ devam ediyor. Ödediğim ücretin tarafıma iade edilmesini talep ediyorum.",,,988,137,66,6,,,,,False,False,False,False,False,False,False,False,False,2026-08-25 12:58:29.219502,2025-08-05 18:06:00,False,DAY_MONTH_YEAR_TIME,False,False,False,False,2025,8,2025-08,,,1491,,0,False,False,False,True,False,False,La Blanche Island Bodrum,Güvercinlik,4.3,6594,,,,289.0,False,False,False,0,0,0,0,,,False,False,False
balayi-ciftine-oda-seciminde-haksizlik-ve-eksik-hizmet,https://www.sikayetvar.com/la-blanche-island-bodrum/balayi-ciftine-oda-seciminde-haksizlik-ve-eksik-hizmet,https://www.sikayetvar.com/la-blanche-island-bodrum/balayi-ciftine-oda-seciminde-haksizlik-ve-eksik-hizmet,BOD106,La Blanche Island Bodrum,Güvercinlik,La Blanche Island Bodrum,balayi-ciftine-oda-seciminde-haksizlik-ve-eksik-hizmet,https://www.sikayetvar.com/la-blanche-island-bodrum/balayi-ciftine-oda-seciminde-haksizlik-ve-eksik-hizmet,Balayı Çiftine Oda Seçiminde Haksızlık Ve Eksik Hizmet,"Otelin her odasının deniz manzaralı olduğunu bilmeme rağmen, daha büyük veya daha güzel bir odaya sahip olmak adına deniz manzaralı oda için ödeme yaptık. Fakat kara manzaralı olarak bizden daha az ücret ödeyen arkadaşlarımıza daha büyük bir oda verildi. Üstelik biz balayı misafiriydik ve müsaitliğe göre oda yükseltmesi yapılması gerekiyordu. Otelin hizmetlerinden genel olarak memnun kalmadık.",20 Haziran 2025 16:10,1.430,,,,False,,,False,,,0,,,COMPLAINT_MATCHED,,Dedicated single-property source page,https://www.sikayetvar.com/la-blanche-island-bodrum,2026-08-25T12:58:29.219502+00:00,Balayı Çiftine Oda Seçiminde Haksızlık Ve Eksik Hizmet,"Otelin her odasının deniz manzaralı olduğunu bilmeme rağmen, daha büyük veya daha güzel bir odaya sahip olmak adına deniz manzaralı oda için ödeme yaptık. Fakat kara manzaralı olarak bizden daha az ücret ödeyen arkadaşlarımıza daha büyük bir oda verildi. Üstelik biz balayı misafiriydik ve müsaitliğe göre oda yükseltmesi yapılması gerekiyordu. Otelin hizmetlerinden genel olarak memnun kalmadık.",,,396,56,54,8,,,,,False,False,False,False,False,False,False,False,False,2026-08-25 12:58:29.219502,2025-06-20 16:10:00,False,DAY_MONTH_YEAR_TIME,False,False,False,False,2025,6,2025-06,,,1430,,0,False,False,False,False,False,False,La Blanche Island Bodrum,Güvercinlik,4.3,6594,,,,289.0,False,False,False,0,0,0,0,,,False,False,False
la-blanche-island-bodrum-garson-yok-otelde-video,https://www.sikayetvar.com/la-blanche-island-bodrum/la-blanche-island-bodrum-garson-yok-otelde-video,https://www.sikayetvar.com/la-blanche-island-bodrum/la-blanche-island-bodrum-garson-yok-otelde-video,BOD106,La Blanche Island Bodrum,Güvercinlik,La Blanche Island Bodrum,la-blanche-island-bodrum-garson-yok-otelde-video,https://www.sikayetvar.com/la-blanche-island-bodrum/la-blanche-island-bodrum-garson-yok-otelde-video,Garson Yok Otelde!,,2 Haziran 2025 08:52,1.825,,,,False,,,False,,,0,,,COMPLAINT_MATCHED,,Dedicated single-property source page,https://www.sikayetvar.com/la-blanche-island-bodrum,2026-08-25T12:58:29.219502+00:00,Garson Yok Otelde!,,,,,,18,3,,,,,True,False,False,True,False,False,False,False,False,2026-08-25 12:58:29.219502,2025-06-02 08:52:00,False,DAY_MONTH_YEAR_TIME,False,False,False,False,2025,6,2025-06,,,1825,,0,False,False,False,False,False,False,La Blanche Island Bodrum,Güvercinlik,4.3,6594,,,,289.0,False,False,False,0,0,0,0,,,False,False,False
bellboyun-hatasi-ve-otelin-ilgisizligi,https://www.sikayetvar.com/la-blanche-island-bodrum/bellboyun-hatasi-ve-otelin-ilgisizligi,https://www.sikayetvar.com/la-blanche-island-bodrum/bellboyun-hatasi-ve-otelin-ilgisizligi,BOD106,La Blanche Island Bodrum,Güvercinlik,La Blanche Island Bodrum,bellboyun-hatasi-ve-otelin-ilgisizligi,https://www.sikayetvar.com/la-blanche-island-bodrum/bellboyun-hatasi-ve-otelin-ilgisizligi,Bellboy'un Hatası Ve Otelin İlgisizliği,"Otelin önüne parkettiğim arabamdan otel içine 2 metrelik yolda bellboy, keten elbisemi yerlerde sürüyerek valizin tekerleri altında zedeledi. 2 gün boyunca konuşarak zorla kuru temizlemeye elbisemi göndermelerini sağlayabildim. Elbisem gelince lekenin hiçbir şekilde çıkmadığını gördüm. Müşteri ilişkilerine maddi manevi kaybım olduğunu defalarca ilettim. Setup göndereceklerini söylediler. Ne demek bilemiyorum. Onu da göndermediler. Tekrar hatırlatmama rağmen yine göndermediler. Bu kadar ilgisiz, müşteriyi gözetmeyen bir otel görmedim. Muhtemelen Türk müşteriye bu şekilde davranıyorlar.",20 Ekim 2024 23:37,2.605,,,,False,,,False,,,0,,,COMPLAINT_MATCHED,,Dedicated single-property source page,https://www.sikayetvar.com/la-blanche-island-bodrum,2026-08-25T12:58:29.219502+00:00,Bellboy'un Hatası Ve Otelin İlgisizliği,"Otelin önüne parkettiğim arabamdan otel içine 2 metrelik yolda bellboy, keten elbisemi yerlerde sürüyerek valizin tekerleri altında zedeledi. 2 gün boyunca konuşarak zorla kuru temizlemeye elbisemi göndermelerini sağlayabildim. Elbisem gelince lekenin hiçbir şekilde çıkmadığını gördüm. Müşteri ilişkilerine maddi manevi kaybım olduğunu defalarca ilettim. Setup göndereceklerini söylediler. Ne demek bilemiyorum. Onu da göndermediler. Tekrar hatırlatmama rağmen yine göndermediler. Bu kadar ilgisiz, müşteriyi gözetmeyen bir otel görmedim. Muhtemelen Türk müşteriye bu şekilde davranıyorlar.",,,591,71,39,5,,,,,False,False,False,False,False,False,False,False,False,2026-08-25 12:58:29.219502,2024-10-20 23:37:00,False,DAY_MONTH_YEAR_TIME,False,False,False,False,2024,10,2024-10,,,2605,,0,False,False,False,False,False,False,La Blanche Island Bodrum,Güvercinlik,4.3,6594,,,,289.0,False,False,False,0,0,0,0,,,False,False,False
la-blanche-island-bodrum-la-blanche-island-pismanligi,https://www.sikayetvar.com/la-blanche-island-bodrum/la-blanche-island-bodrum-la-blanche-island-pismanligi,https://www.sikayetvar.com/la-blanche-island-bodrum/la-blanche-island-bodrum-la-blanche-island-pismanligi,BOD106,La Blanche Island Bodrum,Güvercinlik,La Blanche Island Bodrum,la-blanche-island-bodrum-la-blanche-island-pismanligi,https://www.sikayetvar.com/la-blanche-island-bodrum/la-blanche-island-bodrum-la-blanche-island-pismanligi,La Blanche Island Pişmanlığı,"Ben 16-21 Eylül tarihleri arasında La Blanche Island otelinde eşimle beraber konaklama yaptım. Otele Jolly Tur üzerinden ulaştım. Onların tavsiyesi üzerine 2-3 seçenekten bu otele karar verdim. Ancak seçimim için çok pişman oldum. Konaklama boyunca bir kere de olsa minibar değişimi olmadı. Sıcak veya soğuk her seferinde kendim 5555 numaralı resepsiyonu arayarak istedim. Hatta bir keresinde telefon açtıktan sonra görevli bir hanımefendi nedenini anlamadığım bir şekilde kontrol edebilir miyim, içeriye bakabilir miyim dedi ve ben de zamanında bakacaktınız, şimdi değil diyerek reddettim.İkinci konu olarak ise yemekler. Pişman olmamdaki en büyük neden bu. Otelde ana restoran ve snack restoranlar dahil olmak üzere yemek hizmeti aldığımız her yerde aynı sorun vardı. Yemeklerde kullanılan malzemelerin 2. sınıf kalitesiz olması. Ana yemek restoranda her sabah aynı şeylerin aynı kalitesizlikte çıkması. Yemeklerin kalitesi o kadar kötü ki örnek vermem gerekirse:Ana Restoran- Bamyanın ayıklanması gereken sapları ayıklanmadan servis edilmiş,- Zeytinyağlıların çoğu lapa ve ezilmiş,- Karides cipsi vardı bir gün, resmen sanki 1-2 gün önceden yapılmış da öyle konulmuş gibi bayat ve çiğnenmeyecek derecede sert,- Şerbetli tatlıların büyük sıkıntısı var, şekerli su var sanki içerisinde,- Pastalar bayat ve çok basit, tatları yok.Mexican Snack: Burada taco yedik ve takonun ekmeği tahta gibi bayat, hamburgerlerin etleri yanık olarak geliyor.Barlarda verilen kuruyemişlerin en kalitesiz olması.Yani bunları bilerek teker teker yazıyorum ama dahası da var. Konuyu şuraya getirmek istiyorum: Biz tatilimizi her anlamda kaliteli geçirmek için La Blanche Island otelini tercih ettik. Tavsiyeler üzerine kaliteli olduğunu düşündüğümüz için o kadar parayı bu otele verdik. Bölgenin en kaliteli otellerinden olduğunuz için çoğu insan da bizim gibi düşünüp diğer otellerde yarı paraya kalabiliyorken bu oteli tercih ettik.
Bu kadar paralara bu kadar kalitesizlik ve ilgisizlik nasıl oluyor? Size söylediğim şikayetleri müşteri ilişkilerine söylemeye gittiğimde insanlar şikayet için sıraya girmiş şekildeydi. Resmen şikayet etmek için sıra bekliyorlardı. Şikayet edildiğinde de mağduriyetinizi gidermek için sizi İtalyan restoranında bir gece misafir edelim oldu. 65.000 TL'nin mağduriyeti gerçekten bir akşam yemeği midir, size soruyorum? Tatil dönüşünde ilgili yerlere bu şikayetlerimi ve mağduriyetlerimi aktarmak için gerekli her yere mail attım. Bir tane bile geri dönüş almadım.",30 Eylül 2024 09:51,5.820,,,,False,,,False,,,0,,,COMPLAINT_MATCHED,,Dedicated single-property source page,https://www.sikayetvar.com/la-blanche-island-bodrum,2026-08-25T12:58:29.219502+00:00,La Blanche Island Pişmanlığı,"Ben 16-21 Eylül tarihleri arasında La Blanche Island otelinde eşimle beraber konaklama yaptım. Otele Jolly Tur üzerinden ulaştım. Onların tavsiyesi üzerine 2-3 seçenekten bu otele karar verdim. Ancak seçimim için çok pişman oldum. Konaklama boyunca bir kere de olsa minibar değişimi olmadı. Sıcak veya soğuk her seferinde kendim 5555 numaralı resepsiyonu arayarak istedim. Hatta bir keresinde telefon açtıktan sonra görevli bir hanımefendi nedenini anlamadığım bir şekilde kontrol edebilir miyim, içeriye bakabilir miyim dedi ve ben de zamanında bakacaktınız, şimdi değil diyerek reddettim.İkinci konu olarak ise yemekler. Pişman olmamdaki en büyük neden bu. Otelde ana restoran ve snack restoranlar dahil olmak üzere yemek hizmeti aldığımız her yerde aynı sorun vardı. Yemeklerde kullanılan malzemelerin 2. sınıf kalitesiz olması. Ana yemek restoranda her sabah aynı şeylerin aynı kalitesizlikte çıkması. Yemeklerin kalitesi o kadar kötü ki örnek vermem gerekirse:Ana Restoran- Bamyanın ayıklanması gereken sapları ayıklanmadan servis edilmiş,- Zeytinyağlıların çoğu lapa ve ezilmiş,- Karides cipsi vardı bir gün, resmen sanki 1-2 gün önceden yapılmış da öyle konulmuş gibi bayat ve çiğnenmeyecek derecede sert,- Şerbetli tatlıların büyük sıkıntısı var, şekerli su var sanki içerisinde,- Pastalar bayat ve çok basit, tatları yok.Mexican Snack: Burada taco yedik ve takonun ekmeği tahta gibi bayat, hamburgerlerin etleri yanık olarak geliyor.Barlarda verilen kuruyemişlerin en kalitesiz olması.Yani bunları bilerek teker teker yazıyorum ama dahası da var. Konuyu şuraya getirmek istiyorum: Biz tatilimizi her anlamda kaliteli geçirmek için La Blanche Island otelini tercih ettik. Tavsiyeler üzerine kaliteli olduğunu düşündüğümüz için o kadar parayı bu otele verdik. Bölgenin en kaliteli otellerinden olduğunuz için çoğu insan da bizim gibi düşünüp diğer otellerde yarı paraya kalabiliyorken bu oteli tercih ettik. Bu kadar paralara bu kadar kalitesizlik ve ilgisizlik nasıl oluyor? Size söylediğim şikayetleri müşteri ilişkilerine söylemeye gittiğimde insanlar şikayet için sıraya girmiş şekildeydi. Resmen şikayet etmek için sıra bekliyorlardı. Şikayet edildiğinde de mağduriyetinizi gidermek için sizi İtalyan restoranında bir gece misafir edelim oldu. 65.000 TL'nin mağduriyeti gerçekten bir akşam yemeği midir, size soruyorum? Tatil dönüşünde ilgili yerlere bu şikayetlerimi ve mağduriyetlerimi aktarmak için gerekli her yere mail attım. Bir tane bile geri dönüş almadım.",,,2476,338,28,4,,,,,False,False,False,False,False,False,False,False,False,2026-08-25 12:58:29.219502,2024-09-30 09:51:00,False,DAY_MONTH_YEAR_TIME,False,False,False,False,2024,9,2024-09,,,5820,,0,False,False,False,False,False,False,La Blanche Island Bodrum,Güvercinlik,4.3,6594,,,,289.0,False,False,False,0,0,0,0,,,False,False,False
la-blanche-island-bodrum-tam-bir-hayal-kirikligi-1,https://www.sikayetvar.com/la-blanche-island-bodrum/la-blanche-island-bodrum-tam-bir-hayal-kirikligi-1,https://www.sikayetvar.com/la-blanche-island-bodrum/la-blanche-island-bodrum-tam-bir-hayal-kirikligi-1,BOD106,La Blanche Island Bodrum,Güvercinlik,La Blanche Island Bodrum,la-blanche-island-bodrum-tam-bir-hayal-kirikligi-1,https://www.sikayetvar.com/la-blanche-island-bodrum/la-blanche-island-bodrum-tam-bir-hayal-kirikligi-1,Tam Bir Hayal Kırıklığı,"Bugün giriş yaptığımız otelden daha odasına bile girmeden şu anda çıkış yapıyoruz. Üstelik bir suyunu dahi içmediğimiz otel için bir günlük ödememiz de kesildi. Yaşadıklarımızdan dolayı özür dileyip mahcup olmaları gereken yerde bir de bu davranış tuzu biberi oldu. Öncelikle otele giriş yaptıktan sonra restoran, plaj, havuz, oda ulaşımı her yer yokuş olan ta aşağılara iniyorsunuz. Tüm koylardaki şezlonglar dolu, iskeleye yürü, orada pavillon yarısı 200 Euro. Çık biraz yürü, boş şezlonglar gördük. Oturduk artık, güneşten bayıldık. Bir personel geldi. Burası ücretli, müdür gelirse laf söyler, söyleniş bu. Çay alalım dedik, sıra 20 dakika bekledim, alamadım. Snack restorana gittik oturalım diye, fotoğraf ekleyeceğim, plastik çatalla soğuk makarna getirildi. Garson bile tattırdık, yenmez dedi. Etstur yardımı ile odaya girmeden, hiç faydalanmadan çıkmak istedik çünkü güneş altında gezmekten eşimin tansiyonu çıktı. Ve bize ambulans gelip tansiyonun yükseldiğini gördükten sonra bile kesinti yapan, hayal kırıklığı yaşadığım işletme, merak edip gidilmesi hata olur. Paranıza yazık. Koca otelde sadece müşteri ilişkilerindeki A*** Hanım gelip görüştü bizimle, gerisi tam bir fiyasko.",13 Eylül 2024 14:40,4.861,,,,False,,,False,,,0,,,COMPLAINT_MATCHED,,Dedicated single-property source page,https://www.sikayetvar.com/la-blanche-island-bodrum,2026-08-25T12:58:29.219502+00:00,Tam Bir Hayal Kırıklığı,"Bugün giriş yaptığımız otelden daha odasına bile girmeden şu anda çıkış yapıyoruz. Üstelik bir suyunu dahi içmediğimiz otel için bir günlük ödememiz de kesildi. Yaşadıklarımızdan dolayı özür dileyip mahcup olmaları gereken yerde bir de bu davranış tuzu biberi oldu. Öncelikle otele giriş yaptıktan sonra restoran, plaj, havuz, oda ulaşımı her yer yokuş olan ta aşağılara iniyorsunuz. Tüm koylardaki şezlonglar dolu, iskeleye yürü, orada pavillon yarısı 200 Euro. Çık biraz yürü, boş şezlonglar gördük. Oturduk artık, güneşten bayıldık. Bir personel geldi. Burası ücretli, müdür gelirse laf söyler, söyleniş bu. Çay alalım dedik, sıra 20 dakika bekledim, alamadım. Snack restorana gittik oturalım diye, fotoğraf ekleyeceğim, plastik çatalla soğuk makarna getirildi. Garson bile tattırdık, yenmez dedi. Etstur yardımı ile odaya girmeden, hiç faydalanmadan çıkmak istedik çünkü güneş altında gezmekten eşimin tansiyonu çıktı. Ve bize ambulans gelip tansiyonun yükseldiğini gördükten sonra bile kesinti yapan, hayal kırıklığı yaşadığım işletme, merak edip gidilmesi hata olur. Paranıza yazık. Koca otelde sadece müşteri ilişkilerindeki A*** Hanım gelip görüştü bizimle, gerisi tam bir fiyasko.",,,1189,165,23,4,,,,,False,False,False,False,False,False,False,False,False,2026-08-25 12:58:29.219502,2024-09-13 14:40:00,False,DAY_MONTH_YEAR_TIME,False,False,False,False,2024,9,2024-09,,,4861,,0,False,False,False,False,False,False,La Blanche Island Bodrum,Güvercinlik,4.3,6594,,,,289.0,False,False,False,0,0,0,0,,,False,False,False
la-blanche-island-bodrum-oteldeki-personel-ilgisizligi-ve-sorumsuzluk,https://www.sikayetvar.com/la-blanche-island-bodrum/la-blanche-island-bodrum-oteldeki-personel-ilgisizligi-ve-sorumsuzluk,https://www.sikayetvar.com/la-blanche-island-bodrum/la-blanche-island-bodrum-oteldeki-personel-ilgisizligi-ve-sorumsuzluk,BOD106,La Blanche Island Bodrum,Güvercinlik,La Blanche Island Bodrum,la-blanche-island-bodrum-oteldeki-personel-ilgisizligi-ve-sorumsuzluk,https://www.sikayetvar.com/la-blanche-island-bodrum/la-blanche-island-bodrum-oteldeki-personel-ilgisizligi-ve-sorumsuzluk,Oteldeki Personel İlgisizliği Ve Sorumsuzluk,"Otele girişimizde saat 13.45 idi. Bizi karşılayan valeye yemeğe yetişmek istediğimiz için aracı sonra boşaltabileceğimi söyledim, ancak kendisi acele acele hemen aracı boşalttırdı ve bu yüzden yemeğe geç kaldık. 5412 numaralı oda bize verildi. Odanın orta ışığı yanmıyordu ve banyosu hem çok küçük hem de içerisindeki musluklar neredeyse yerinden çıkacak gibi eskiydi. Durumu resepsiyona bildirmek istedik, ancak resepsiyondaki kadın bizi azarlar gibi tüm odalar aynı deyip anında telefonla uğraşmaya başlayıp arka tarafta bir yere geçti. Yüzümüze bile bakmadı. Böyle bir oteldeki bu hoşgörüsüz tavırlar çok canımızı sıktı. Otelde sorununuzu çözecek muhatap dahi bulamıyorsunuz.",24 Temmuz 2024 23:24,3.810,,,,False,,,False,,,0,,,COMPLAINT_MATCHED,,Dedicated single-property source page,https://www.sikayetvar.com/la-blanche-island-bodrum,2026-08-25T12:58:29.219502+00:00,Oteldeki Personel İlgisizliği Ve Sorumsuzluk,"Otele girişimizde saat 13.45 idi. Bizi karşılayan valeye yemeğe yetişmek istediğimiz için aracı sonra boşaltabileceğimi söyledim, ancak kendisi acele acele hemen aracı boşalttırdı ve bu yüzden yemeğe geç kaldık. 5412 numaralı oda bize verildi. Odanın orta ışığı yanmıyordu ve banyosu hem çok küçük hem de içerisindeki musluklar neredeyse yerinden çıkacak gibi eskiydi. Durumu resepsiyona bildirmek istedik, ancak resepsiyondaki kadın bizi azarlar gibi tüm odalar aynı deyip anında telefonla uğraşmaya başlayıp arka tarafta bir yere geçti. Yüzümüze bile bakmadı. Böyle bir oteldeki bu hoşgörüsüz tavırlar çok canımızı sıktı. Otelde sorununuzu çözecek muhatap dahi bulamıyorsunuz.",,,678,93,44,5,,,,,False,False,False,False,False,False,False,False,False,2026-08-25 12:58:29.219502,2024-07-24 23:24:00,False,DAY_MONTH_YEAR_TIME,False,False,False,False,2024,7,2024-07,,,3810,,0,False,False,False,False,False,False,La Blanche Island Bodrum,Güvercinlik,4.3,6594,,,,289.0,False,False,False,0,0,0,0,,,False,False,False
la-blanche-island-bodrum-tam-bir-pismanlik,https://www.sikayetvar.com/la-blanche-island-bodrum/la-blanche-island-bodrum-tam-bir-pismanlik,https://www.sikayetvar.com/la-blanche-island-bodrum/la-blanche-island-bodrum-tam-bir-pismanlik,BOD106,La Blanche Island Bodrum,Güvercinlik,La Blanche Island Bodrum,la-blanche-island-bodrum-tam-bir-pismanlik,https://www.sikayetvar.com/la-blanche-island-bodrum/la-blanche-island-bodrum-tam-bir-pismanlik,Tam Bir Pişmanlık,"Daha girişte çok azınlıkta olan Türkler olarak çantanızı bile taşıtacak eleman bulamıyorsunuz, Çünkü bahşiş için turistlere koşuyorlar. Kumsal odalara çok uzak, yürümek imkansız. Sizi taşıması gereken Golf arabaları çok yetersiz koca otelde 2 Golf arabası çalışıyordu coğu zamanda tek araba vardı. Güneşin altında beklemek zorundasınız. 40 yaşına kadar konaklamadığı 5 yıldızlı otel kalmamış biri olarak bu kadar lezzetsiz bir açık büfe görmedim. Akşamları aç kaldık ailecek. Snack barlarda çok kötüydü. Kötü yorumlara kulak asmadan gittiğimize çok pişman olduk.",17 Haziran 2024 08:33,3.890,,,,False,,,False,,,0,,,COMPLAINT_MATCHED,,Dedicated single-property source page,https://www.sikayetvar.com/la-blanche-island-bodrum,2026-08-25T12:58:29.219502+00:00,Tam Bir Pişmanlık,"Daha girişte çok azınlıkta olan Türkler olarak çantanızı bile taşıtacak eleman bulamıyorsunuz, Çünkü bahşiş için turistlere koşuyorlar. Kumsal odalara çok uzak, yürümek imkansız. Sizi taşıması gereken Golf arabaları çok yetersiz koca otelde 2 Golf arabası çalışıyordu coğu zamanda tek araba vardı. Güneşin altında beklemek zorundasınız. 40 yaşına kadar konaklamadığı 5 yıldızlı otel kalmamış biri olarak bu kadar lezzetsiz bir açık büfe görmedim. Akşamları aç kaldık ailecek. Snack barlarda çok kötüydü. Kötü yorumlara kulak asmadan gittiğimize çok pişman olduk.",,,562,78,17,3,,,,,False,False,False,False,False,False,False,False,False,2026-08-25 12:58:29.219502,2024-06-17 08:33:00,False,DAY_MONTH_YEAR_TIME,False,False,False,False,2024,6,2024-06,,,3890,,0,False,False,False,False,False,False,La Blanche Island Bodrum,Güvercinlik,4.3,6594,,,,289.0,False,False,False,0,0,0,0,,,False,False,False
engelli-aile-icin-asansor-arizasi-ve-hizmet-cokusu,https://www.sikayetvar.com/la-blanche-resort-spa-bodrum/engelli-aile-icin-asansor-arizasi-ve-hizmet-cokusu,https://www.sikayetvar.com/la-blanche-resort-spa-bodrum/engelli-aile-icin-asansor-arizasi-ve-hizmet-cokusu,BOD160,La Blanche Resort Bodrum,Turgutreis,La Blanche Resort & Spa Bodrum,engelli-aile-icin-asansor-arizasi-ve-hizmet-cokusu,https://www.sikayetvar.com/la-blanche-resort-spa-bodrum/engelli-aile-icin-asansor-arizasi-ve-hizmet-cokusu,Engelli Aile İçin Asansör Arızası Ve Hizmet Çöküşü,"2024 yılında memnuniyetle konakladığım için bu yıl 13–20 Ağustos 2026 tarihleri arasında ailemle birlikte La Blanche Resort Bodrum Oteli'ni tekrar tercih ettim. Ancak bu kez yaşadıklarımız, önceki deneyimimizle kıyaslandığında arada ciddi anlamda ""dağlar kadar fark"" olduğunu gösterdi.
Öncelikle otelde engellilere yönelik neredeyse hiçbir düzenleme olmadığını gördük. Koskoca tesiste sadece bir tane küçük asansör bulunuyor ve bu asansör, kaldığımız bir haftanın neredeyse yarısında sık sık bozuldu. Özel gereksinimli kardeşimle birlikte inip çıkmakta büyük zorluk yaşadık, çaresiz kaldığımız anlar oldu ve bu durum tatilimizi doğrudan olumsuz etkiledi. Ayrıca otelde çok sık elektrik kesintisi yaşandı, su kesintisi de yaşadık, şaka gibi. Bu da hem konforu hem de güvenliği zedeledi.
Yemek konusunda da önceki gelişimize kıyasla ciddi bir kalite düşüşü vardı. Çeşit çok gibi görünmesine rağmen üç öğün neredeyse aynı ürünler sunuluyordu. Sabah yediğimiz peyniri öğlen ve akşam aynı şekilde peynir reyonunda tekrar gördük. Tatlılar bir hafta boyunca hep aynıydı, yemeklerin lezzeti de eskiye göre belirgin şekilde azalmıştı. Üstelik klima o kadar yoğun ve soğuk çalışıyordu ki, yaz günü olmasına rağmen otel içerisindeki alanlarda üşüdük; içerideki sıcaklık dışarıya göre uygunsuz ve rahatsız ediciydi.
1301 numaralı odada konakladık. Rezervasyon sırasında özel gereksinimi olan biriyle geleceğimizi belirtmemize rağmen, kaldığımız odadaki sifon çalışmıyordu, gider bozuktu ve tüm bu sorunlarla ilgili olarak Eyüp Yeşiltaş ve misafir ilişkileriyle görüşmemize rağmen, yaşadığımız mağduriyetleri telafi edecek bir çözüm sunulmadı. Kaldığımız son iki gün boyunca, asansör sorunu, elektrik kesintileri ve genel düzensizlik nedeniyle ne denize girebildik ne de havuzu kullanabildik; otelden beklediğimiz hizmeti fiilen alamadık.
Azımsanmayacak bir ücret ödeyerek geldiğimiz bu tatilde, önceki konaklamamıza göre hem hizmet hem kalite anlamında büyük hayal kırıklığı yaşadık. Bir daha bu otele gitmeyi kesinlikle düşünmüyorum. Yaşadığımız hizmet eksikliği ve mağduriyetler nedeniyle özellikle kullanamadığımız son iki günün ücretinin iadesini talep ediyorum.",22 Ağustos 15:55,39,,,,False,,,False,,,0,,,COMPLAINT_MATCHED,,Dedicated single-property source page,https://www.sikayetvar.com/la-blanche-resort-spa-bodrum,2026-08-25T12:58:29.219502+00:00,Engelli Aile İçin Asansör Arızası Ve Hizmet Çöküşü,"2024 yılında memnuniyetle konakladığım için bu yıl 13–20 Ağustos 2026 tarihleri arasında ailemle birlikte La Blanche Resort Bodrum Oteli'ni tekrar tercih ettim. Ancak bu kez yaşadıklarımız, önceki deneyimimizle kıyaslandığında arada ciddi anlamda ""dağlar kadar fark"" olduğunu gösterdi. Öncelikle otelde engellilere yönelik neredeyse hiçbir düzenleme olmadığını gördük. Koskoca tesiste sadece bir tane küçük asansör bulunuyor ve bu asansör, kaldığımız bir haftanın neredeyse yarısında sık sık bozuldu. Özel gereksinimli kardeşimle birlikte inip çıkmakta büyük zorluk yaşadık, çaresiz kaldığımız anlar oldu ve bu durum tatilimizi doğrudan olumsuz etkiledi. Ayrıca otelde çok sık elektrik kesintisi yaşandı, su kesintisi de yaşadık, şaka gibi. Bu da hem konforu hem de güvenliği zedeledi. Yemek konusunda da önceki gelişimize kıyasla ciddi bir kalite düşüşü vardı. Çeşit çok gibi görünmesine rağmen üç öğün neredeyse aynı ürünler sunuluyordu. Sabah yediğimiz peyniri öğlen ve akşam aynı şekilde peynir reyonunda tekrar gördük. Tatlılar bir hafta boyunca hep aynıydı, yemeklerin lezzeti de eskiye göre belirgin şekilde azalmıştı. Üstelik klima o kadar yoğun ve soğuk çalışıyordu ki, yaz günü olmasına rağmen otel içerisindeki alanlarda üşüdük; içerideki sıcaklık dışarıya göre uygunsuz ve rahatsız ediciydi. 1301 numaralı odada konakladık. Rezervasyon sırasında özel gereksinimi olan biriyle geleceğimizi belirtmemize rağmen, kaldığımız odadaki sifon çalışmıyordu, gider bozuktu ve tüm bu sorunlarla ilgili olarak Eyüp Yeşiltaş ve misafir ilişkileriyle görüşmemize rağmen, yaşadığımız mağduriyetleri telafi edecek bir çözüm sunulmadı. Kaldığımız son iki gün boyunca, asansör sorunu, elektrik kesintileri ve genel düzensizlik nedeniyle ne denize girebildik ne de havuzu kullanabildik; otelden beklediğimiz hizmeti fiilen alamadık. Azımsanmayacak bir ücret ödeyerek geldiğimiz bu tatilde, önceki konaklamamıza göre hem hizmet hem kalite anlamında büyük hayal kırıklığı yaşadık. Bir daha bu otele gitmeyi kesinlikle düşünmüyorum. Yaşadığımız hizmet eksikliği ve mağduriyetler nedeniyle özellikle kullanamadığımız son iki günün ücretinin iadesini talep ediyorum.",,,2154,284,50,8,,,,,False,False,False,False,False,False,False,False,False,2026-08-25 12:58:29.219502,2026-08-22 15:55:00,True,DAY_MONTH_TIME_NO_YEAR,False,False,True,False,2026,8,2026-08,,,39,,0,False,False,False,False,False,False,La Blanche Resort Bodrum,Turgutreis,4.6,5754,5.0,358.0,1002.0,391.0,False,False,False,0,0,0,0,,,False,False,False
balayi-cifti-kaba-otopark-personeli-kuf-kokulu-oda-ve-sikisik-sezlonglar,https://www.sikayetvar.com/la-blanche-resort-spa-bodrum/balayi-cifti-kaba-otopark-personeli-kuf-kokulu-oda-ve-sikisik-sezlonglar,https://www.sikayetvar.com/la-blanche-resort-spa-bodrum/balayi-cifti-kaba-otopark-personeli-kuf-kokulu-oda-ve-sikisik-sezlonglar,BOD160,La Blanche Resort Bodrum,Turgutreis,La Blanche Resort & Spa Bodrum,balayi-cifti-kaba-otopark-personeli-kuf-kokulu-oda-ve-sikisik-sezlonglar,https://www.sikayetvar.com/la-blanche-resort-spa-bodrum/balayi-cifti-kaba-otopark-personeli-kuf-kokulu-oda-ve-sikisik-sezlonglar,"Balayı Çifti Kaba Otopark Personeli, Küf Kokulu Oda Ve Sıkışık Şezlonglar","3–7 Ağustos tarihleri arasında La Blanche Resort & Spa Bodrum’da konaklamamız, daha otoparka girer girmez stresli bir şekilde başladı. Aracımın anahtarını teslim etmek istemediğimi, kendi aracımı kendim park etmeyi tercih ettiğimi kibarca belirtmeme rağmen görevli, çözüm üretmek yerine sert bir üslupla aracı otel dışına çıkarmam gerektiğini söyledi. Otoparktaki diğer araçlar çekilirken yapılan hızlı ve sert manevraları görünce, anahtarı teslim etmek istememe konusundaki kaygımın ne kadar haklı olduğunu anladım.
Ayrıca balayı çifti olduğumuzu otele önceden bildirmemize rağmen verilen oda tamamen standarttı. Oda hazırlığı denilen şey birkaç gül yaprağından ibaretti. Konforlu ve özel hissettirecek bir balayı düzenlemesi beklerken, sıradan bir oda ile karşılaştık. Odanın kliması da ciddi anlamda rahatsız edici bir ağır küf kokusu yayıyordu.
Tesisin plaj ve havuz alanında da benzer bir rahatsızlık yaşadık. Şezlonglar birbirine çok yakın yerleştirilmişti ve bu durum hem rahat hareket etmeyi hem de kendimize ait bir alan hissi yaşamamızı zorlaştırdı.
Bu yaşadığımız deneyim sonrasında bu oteli kimseye tavsiye etmiyorum.",16 Ağustos 19:36,81,,,,False,,,False,,,0,,,COMPLAINT_MATCHED,,Dedicated single-property source page,https://www.sikayetvar.com/la-blanche-resort-spa-bodrum,2026-08-25T12:58:29.219502+00:00,"Balayı Çifti Kaba Otopark Personeli, Küf Kokulu Oda Ve Sıkışık Şezlonglar","3–7 Ağustos tarihleri arasında La Blanche Resort & Spa Bodrum’da konaklamamız, daha otoparka girer girmez stresli bir şekilde başladı. Aracımın anahtarını teslim etmek istemediğimi, kendi aracımı kendim park etmeyi tercih ettiğimi kibarca belirtmeme rağmen görevli, çözüm üretmek yerine sert bir üslupla aracı otel dışına çıkarmam gerektiğini söyledi. Otoparktaki diğer araçlar çekilirken yapılan hızlı ve sert manevraları görünce, anahtarı teslim etmek istememe konusundaki kaygımın ne kadar haklı olduğunu anladım. Ayrıca balayı çifti olduğumuzu otele önceden bildirmemize rağmen verilen oda tamamen standarttı. Oda hazırlığı denilen şey birkaç gül yaprağından ibaretti. Konforlu ve özel hissettirecek bir balayı düzenlemesi beklerken, sıradan bir oda ile karşılaştık. Odanın kliması da ciddi anlamda rahatsız edici bir ağır küf kokusu yayıyordu. Tesisin plaj ve havuz alanında da benzer bir rahatsızlık yaşadık. Şezlonglar birbirine çok yakın yerleştirilmişti ve bu durum hem rahat hareket etmeyi hem de kendimize ait bir alan hissi yaşamamızı zorlaştırdı. Bu yaşadığımız deneyim sonrasında bu oteli kimseye tavsiye etmiyorum.",,,1129,153,73,11,,,,,False,False,False,False,False,False,False,False,False,2026-08-25 12:58:29.219502,2026-08-16 19:36:00,True,DAY_MONTH_TIME_NO_YEAR,False,False,True,False,2026,8,2026-08,,,81,,0,False,False,False,False,False,False,La Blanche Resort Bodrum,Turgutreis,4.6,5754,5.0,358.0,1002.0,391.0,False,False,False,0,0,0,0,,,False,False,False
la-blanche-resort-spa-bodrum-hijyen-ve-konfor-sifir,https://www.sikayetvar.com/la-blanche-resort-spa-bodrum/la-blanche-resort-spa-bodrum-hijyen-ve-konfor-sifir,https://www.sikayetvar.com/la-blanche-resort-spa-bodrum/la-blanche-resort-spa-bodrum-hijyen-ve-konfor-sifir,BOD160,La Blanche Resort Bodrum,Turgutreis,La Blanche Resort & Spa Bodrum,la-blanche-resort-spa-bodrum-hijyen-ve-konfor-sifir,https://www.sikayetvar.com/la-blanche-resort-spa-bodrum/la-blanche-resort-spa-bodrum-hijyen-ve-konfor-sifir,Hijyen ve Konfor Sıfır,"19–26 Temmuz 2026 tarihleri arasında La Blanche Resort Bodrum’da gerçekleştirdiğim konaklamada, ana binada yer alan 1. Kattaki 1200 numaralı aile odasından dolayı ciddi bir memnuniyetsizlik yaşadım.
Tarafıma tahsis edilen oda, 5 yıldızlı bir otelden beklenen kalite standartlarının oldukça gerisinde kaldı. Mobilyalar ve genel görünüm eski ve yıpranmış durumdaydı. Oda temizliği yeterli değildi ve hijyen konusunda beklentilerimizi karşılamadı.
Ayrıca oda, dış ortamdan yoğun şekilde ses ve koku alıyordu. Bu durum, tatil amacıyla tercih ettiğimiz tesiste hem dinlenmemizi hem de konaklama konforumuzu ciddi biçimde olumsuz etkiledi. Sessiz ve konforlu bir ortam beklerken bu şartlarla karşılaşmış olmamız büyük bir hayal kırıklığı yarattı.
Bu süreçte defalarca kez tesisin müşteri ilişkileri birimi ve tur yetkilileriyle görüşmeler yaptım. Tüm bu başvurulara rağmen, ancak konaklamamın 5. Gününün sonunda oda değişikliği önerildi. Ancak 5 gece boyunca yaşadığım mağduriyetin ardından sunulan bu teklif, sorun yaşadığım süreyi telafi etmemektedir.
La Blanche Resort Bodrum gibi 5 yıldızlı bir tesiste, bu şartlarda konaklamış olmayı kabul edilebilir bulmuyorum. Yaşadığım mağduriyetin dikkate alınmasını, gerekli incelemelerin yapılarak konaklama sürecimdeki aksaklıkların telafi edilmesini ve konu hakkında tarafıma yazılı bir geri dönüş yapılmasını talep ediyorum.",24 Temmuz 21:29,314,,,,False,,,False,,,0,,,COMPLAINT_MATCHED,,Dedicated single-property source page,https://www.sikayetvar.com/la-blanche-resort-spa-bodrum,2026-08-25T12:58:29.219502+00:00,Hijyen ve Konfor Sıfır,"19–26 Temmuz 2026 tarihleri arasında La Blanche Resort Bodrum’da gerçekleştirdiğim konaklamada, ana binada yer alan 1. Kattaki 1200 numaralı aile odasından dolayı ciddi bir memnuniyetsizlik yaşadım. Tarafıma tahsis edilen oda, 5 yıldızlı bir otelden beklenen kalite standartlarının oldukça gerisinde kaldı. Mobilyalar ve genel görünüm eski ve yıpranmış durumdaydı. Oda temizliği yeterli değildi ve hijyen konusunda beklentilerimizi karşılamadı. Ayrıca oda, dış ortamdan yoğun şekilde ses ve koku alıyordu. Bu durum, tatil amacıyla tercih ettiğimiz tesiste hem dinlenmemizi hem de konaklama konforumuzu ciddi biçimde olumsuz etkiledi. Sessiz ve konforlu bir ortam beklerken bu şartlarla karşılaşmış olmamız büyük bir hayal kırıklığı yarattı. Bu süreçte defalarca kez tesisin müşteri ilişkileri birimi ve tur yetkilileriyle görüşmeler yaptım. Tüm bu başvurulara rağmen, ancak konaklamamın 5. Gününün sonunda oda değişikliği önerildi. Ancak 5 gece boyunca yaşadığım mağduriyetin ardından sunulan bu teklif, sorun yaşadığım süreyi telafi etmemektedir. La Blanche Resort Bodrum gibi 5 yıldızlı bir tesiste, bu şartlarda konaklamış olmayı kabul edilebilir bulmuyorum. Yaşadığım mağduriyetin dikkate alınmasını, gerekli incelemelerin yapılarak konaklama sürecimdeki aksaklıkların telafi edilmesini ve konu hakkında tarafıma yazılı bir geri dönüş yapılmasını talep ediyorum.",,,1366,178,22,4,,,,,False,False,False,False,False,False,False,False,False,2026-08-25 12:58:29.219502,2026-07-24 21:29:00,True,DAY_MONTH_TIME_NO_YEAR,False,False,True,False,2026,7,2026-07,,,314,,0,False,False,False,False,False,False,La Blanche Resort Bodrum,Turgutreis,4.6,5754,5.0,358.0,1002.0,391.0,False,False,False,0,0,0,0,,,False,False,False
la-blanche-resort-spa-bodrum-musteri-memnuniyetsizligi,https://www.sikayetvar.com/la-blanche-resort-spa-bodrum/la-blanche-resort-spa-bodrum-musteri-memnuniyetsizligi,https://www.sikayetvar.com/la-blanche-resort-spa-bodrum/la-blanche-resort-spa-bodrum-musteri-memnuniyetsizligi,BOD160,La Blanche Resort Bodrum,Turgutreis,La Blanche Resort & Spa Bodrum,la-blanche-resort-spa-bodrum-musteri-memnuniyetsizligi,https://www.sikayetvar.com/la-blanche-resort-spa-bodrum/la-blanche-resort-spa-bodrum-musteri-memnuniyetsizligi,Müşteri Memnuniyetsizliği,"20 Haziran Cumartesi günü Bodrum La Blanche Resort oteline 3 kişi olarak giriş yaptık ve bu konaklama için toplam 114.000 TL ödedik. Bize “suit oda” diye verdikleri oda son derece bakımsız ve kirliydi, üstelik odada cam olmadığı için doğru düzgün hava alamıyorum. Anksiyete sorunu olan biri olarak odada kapalı ve havasız kalmak beni psikolojik olarak çok zorladı.
Durumu giriş yaptığımız gün resepsiyona ilettiğimde odanın değiştirileceğini söylediler. Ancak söz verdikleri halde Cumartesi gününden bu yana hiçbir aksiyon alınmadı. Bugün tekrar gidip şikayetimi ilettiğimde bu kez de yarın odayı değiştireceklerini söylediler, fakat sürekli ertelenen ve yerine getirilmeyen bu sözler sebebiyle kendimi hem mağdur hem de önemsenmemiş hissediyorum.
Bugün ayrıca banyodan gelen su taşması nedeniyle odayı su bastı ve zaten sorunlu olan konaklama iyice katlanılmaz bir hal aldı. Hem oda koşulları hem hijyen hem de verilen sözlerin tutulmaması sebebiyle yaşadığım bu süreç beni ciddi şekilde rahatsız etti.
Otel yönetiminden, anksiyete problemimi de dikkate alarak derhal gerçekten suit standartlarına uygun, temiz, havadar ve penceresi olan bir odaya geçişimin sağlanmasını ve yaşadığım mağduriyetin göz önünde bulundurularak gerekli iyileştirmenin yapılmasını talep ediyorum.",23 Haziran 22:39,547,,,,False,,,False,,,0,,,COMPLAINT_MATCHED,,Dedicated single-property source page,https://www.sikayetvar.com/la-blanche-resort-spa-bodrum,2026-08-25T12:58:29.219502+00:00,Müşteri Memnuniyetsizliği,"20 Haziran Cumartesi günü Bodrum La Blanche Resort oteline 3 kişi olarak giriş yaptık ve bu konaklama için toplam 114.000 TL ödedik. Bize “suit oda” diye verdikleri oda son derece bakımsız ve kirliydi, üstelik odada cam olmadığı için doğru düzgün hava alamıyorum. Anksiyete sorunu olan biri olarak odada kapalı ve havasız kalmak beni psikolojik olarak çok zorladı. Durumu giriş yaptığımız gün resepsiyona ilettiğimde odanın değiştirileceğini söylediler. Ancak söz verdikleri halde Cumartesi gününden bu yana hiçbir aksiyon alınmadı. Bugün tekrar gidip şikayetimi ilettiğimde bu kez de yarın odayı değiştireceklerini söylediler, fakat sürekli ertelenen ve yerine getirilmeyen bu sözler sebebiyle kendimi hem mağdur hem de önemsenmemiş hissediyorum. Bugün ayrıca banyodan gelen su taşması nedeniyle odayı su bastı ve zaten sorunlu olan konaklama iyice katlanılmaz bir hal aldı. Hem oda koşulları hem hijyen hem de verilen sözlerin tutulmaması sebebiyle yaşadığım bu süreç beni ciddi şekilde rahatsız etti. Otel yönetiminden, anksiyete problemimi de dikkate alarak derhal gerçekten suit standartlarına uygun, temiz, havadar ve penceresi olan bir odaya geçişimin sağlanmasını ve yaşadığım mağduriyetin göz önünde bulundurularak gerekli iyileştirmenin yapılmasını talep ediyorum.",,,1274,176,25,2,,,,,False,False,False,False,False,False,False,False,False,2026-08-25 12:58:29.219502,2026-06-23 22:39:00,True,DAY_MONTH_TIME_NO_YEAR,False,False,True,False,2026,6,2026-06,,,547,,0,False,False,False,False,False,False,La Blanche Resort Bodrum,Turgutreis,4.6,5754,5.0,358.0,1002.0,391.0,False,False,False,0,0,0,0,,,False,False,False
odamizda-kuf-kokusu-ve-su-sizintisi-sorunu-cozulmuyor,https://www.sikayetvar.com/la-blanche-resort-spa-bodrum/odamizda-kuf-kokusu-ve-su-sizintisi-sorunu-cozulmuyor,https://www.sikayetvar.com/la-blanche-resort-spa-bodrum/odamizda-kuf-kokusu-ve-su-sizintisi-sorunu-cozulmuyor,BOD160,La Blanche Resort Bodrum,Turgutreis,La Blanche Resort & Spa Bodrum,odamizda-kuf-kokusu-ve-su-sizintisi-sorunu-cozulmuyor,https://www.sikayetvar.com/la-blanche-resort-spa-bodrum/odamizda-kuf-kokusu-ve-su-sizintisi-sorunu-cozulmuyor,Odamızda Küf Kokusu Ve Su Sızıntısı Sorunu Çözülmüyor,"La Blanche Resort Bodrum’da 7316 numaralı odada, HD-2507RNLP rezervasyon numarasıyla konaklamaktayız. Otele giriş yaptığımız ilk günden beri odamızda yoğun bir küf kokusu var ve klima etrafından sürekli su damlıyor. Ayrıca tavan ve duvarlarda küflenme ve dökülme mevcut. Bu durumu hemen otel yönetimine ilettik, teknik servis gönderdiler; ancak sorun çözülmedi. Oda değişikliği talebimizi ise dikkate almıyorlar ve sürekli oyalıyorlar.
Dünden beri devam eden bu sorunlar nedeniyle hem sağlığımız hem de konforumuz ciddi şekilde olumsuz etkilendi. Oda değişikliği yapılmasını, eğer bu mümkün değilse ücret iadesi talep ediyorum. Mağduriyetimizin bir an önce giderilmesini rica ediyorum.",24 Ağustos 2025 12:16,794,,,,False,,,False,,,1,24 Ağustos 2025 13:25,Şu görüntüye küflenme yok boya hafif kararmış dedi teknik servis.,COMPLAINT_MATCHED,,Dedicated single-property source page,https://www.sikayetvar.com/la-blanche-resort-spa-bodrum,2026-08-25T12:58:29.219502+00:00,Odamızda Küf Kokusu Ve Su Sızıntısı Sorunu Çözülmüyor,"La Blanche Resort Bodrum’da 7316 numaralı odada, HD-2507RNLP rezervasyon numarasıyla konaklamaktayız. Otele giriş yaptığımız ilk günden beri odamızda yoğun bir küf kokusu var ve klima etrafından sürekli su damlıyor. Ayrıca tavan ve duvarlarda küflenme ve dökülme mevcut. Bu durumu hemen otel yönetimine ilettik, teknik servis gönderdiler; ancak sorun çözülmedi. Oda değişikliği talebimizi ise dikkate almıyorlar ve sürekli oyalıyorlar. Dünden beri devam eden bu sorunlar nedeniyle hem sağlığımız hem de konforumuz ciddi şekilde olumsuz etkilendi. Oda değişikliği yapılmasını, eğer bu mümkün değilse ücret iadesi talep ediyorum. Mağduriyetimizin bir an önce giderilmesini rica ediyorum.",,,685,92,53,8,,,,,False,False,False,False,False,False,False,False,False,2026-08-25 12:58:29.219502,2025-08-24 12:16:00,False,DAY_MONTH_YEAR_TIME,False,False,False,False,2025,8,2025-08,,,794,,1,False,False,False,False,False,False,La Blanche Resort Bodrum,Turgutreis,4.6,5754,5.0,358.0,1002.0,391.0,False,False,False,1,0,1,0,2025-08-24 13:25:00,2025-08-24 13:25:00,False,False,False
la-blanche-resortta-hayal-kirikligi-ve-hizmet-eksikligi,https://www.sikayetvar.com/la-blanche-resort-spa-bodrum/la-blanche-resortta-hayal-kirikligi-ve-hizmet-eksikligi,https://www.sikayetvar.com/la-blanche-resort-spa-bodrum/la-blanche-resortta-hayal-kirikligi-ve-hizmet-eksikligi,BOD160,La Blanche Resort Bodrum,Turgutreis,La Blanche Resort & Spa Bodrum,la-blanche-resortta-hayal-kirikligi-ve-hizmet-eksikligi,https://www.sikayetvar.com/la-blanche-resort-spa-bodrum/la-blanche-resortta-hayal-kirikligi-ve-hizmet-eksikligi,La Blanche Resort'ta Hayal Kırıklığı Ve Hizmet Eksikliği,"02.08.2025-07.08.2025 tarihleri arasında La Blanche Resort’ta konakladım. Rezervasyonum Gözde C****** adına, 36914045 numarasıyla yapıldı ve toplam 73.340 TL’lik ödemeyi kredi kartı ile gerçekleştirdim.
Konaklama sürem boyunca otelin tüm bölümlerinde ciddi sorunlar yaşadım. Odalar oldukça eskiydi ve temizlik yeterince özenli yapılmıyordu. Havuz ile çevresinde temizlik eksikleri vardı, ayrıca şezlong ve şemsiye sayısı yetersizdi. Denizi oldukça bulanık buldum. Yemek çeşidi yok denecek kadar azdı ve her gün aynı yemekler tekrar ediyordu. Animasyonlar da beklentinin çok altındaydı. İlk gün şişe bira servisi yapılırken, sonraki günlerde bu hizmet kaldırıldı ve talep ettiğimde ücretli olduğu cevabını aldım.
Yaşadığım tüm bu sorunları otel yönetimi ve müşteri hizmetleriyle paylaştım ancak herhangi bir çözüm sunulmadı ve sürekli farklı, tutarsız cevaplar verildi.
Tüm bu olumsuzluklar nedeniyle ödediğim ücretin iadesini talep ediyorum.",15 Ağustos 2025 17:48,748,,,,False,,,False,,,0,,,COMPLAINT_MATCHED,,Dedicated single-property source page,https://www.sikayetvar.com/la-blanche-resort-spa-bodrum,2026-08-25T12:58:29.219502+00:00,La Blanche Resort'ta Hayal Kırıklığı Ve Hizmet Eksikliği,"02.08.2025-07.08.2025 tarihleri arasında La Blanche Resort’ta konakladım. Rezervasyonum Gözde C****** adına, 36914045 numarasıyla yapıldı ve toplam 73.340 TL’lik ödemeyi kredi kartı ile gerçekleştirdim. Konaklama sürem boyunca otelin tüm bölümlerinde ciddi sorunlar yaşadım. Odalar oldukça eskiydi ve temizlik yeterince özenli yapılmıyordu. Havuz ile çevresinde temizlik eksikleri vardı, ayrıca şezlong ve şemsiye sayısı yetersizdi. Denizi oldukça bulanık buldum. Yemek çeşidi yok denecek kadar azdı ve her gün aynı yemekler tekrar ediyordu. Animasyonlar da beklentinin çok altındaydı. İlk gün şişe bira servisi yapılırken, sonraki günlerde bu hizmet kaldırıldı ve talep ettiğimde ücretli olduğu cevabını aldım. Yaşadığım tüm bu sorunları otel yönetimi ve müşteri hizmetleriyle paylaştım ancak herhangi bir çözüm sunulmadı ve sürekli farklı, tutarsız cevaplar verildi. Tüm bu olumsuzluklar nedeniyle ödediğim ücretin iadesini talep ediyorum.",,,941,122,56,8,,,,,False,False,False,False,False,False,False,False,False,2026-08-25 12:58:29.219502,2025-08-15 17:48:00,False,DAY_MONTH_YEAR_TIME,False,False,False,False,2025,8,2025-08,,,748,,0,False,False,False,True,False,False,La Blanche Resort Bodrum,Turgutreis,4.6,5754,5.0,358.0,1002.0,391.0,False,False,False,0,0,0,0,,,False,False,False
la-blanche-resort-spa-bodrum-otelin-guvenlik-acigi-tatil-huzurunu-tehlikeye-atiyor,https://www.sikayetvar.com/la-blanche-resort-spa-bodrum/la-blanche-resort-spa-bodrum-otelin-guvenlik-acigi-tatil-huzurunu-tehlikeye-atiyor,https://www.sikayetvar.com/la-blanche-resort-spa-bodrum/la-blanche-resort-spa-bodrum-otelin-guvenlik-acigi-tatil-huzurunu-tehlikeye-atiyor,BOD160,La Blanche Resort Bodrum,Turgutreis,La Blanche Resort & Spa Bodrum,la-blanche-resort-spa-bodrum-otelin-guvenlik-acigi-tatil-huzurunu-tehlikeye-atiyor,https://www.sikayetvar.com/la-blanche-resort-spa-bodrum/la-blanche-resort-spa-bodrum-otelin-guvenlik-acigi-tatil-huzurunu-tehlikeye-atiyor,Otelin Güvenlik Açığı Tatil Huzurunu Tehlikeye Atıyor,"Şu anda La Blanche Resort Bodrum Turgutreis Oteli'nde konaklıyoruz. Otelde büyük bir güvenlik açığı bulunuyor. Otelin sol tarafı Turgutreis halk plajına bakıyor ve bu plaj ile otel arasında sadece düz ve alçak seviyede bir duvar var. Halk plajından bu duvar üzerine özellikle genç yaştaki erkek çocuklar çıkarak otele giriş yapıyor ve otelde 3 gündür konaklamama rağmen birçok defa aynı durumu gözlemledim. Duvarda herhangi bir çit bulunmuyor, güvenlik kulübesi ise sürekli boş; kimse kontrol etmiyor. Çocuklar bugün o duvarın üzerine çıkıp otelin içine girip deniz yatağımı, ben denizdeyken göz göre göre çalıp alıp kaçtılar. Ben bu durumu fark ettiğimde denizin çok orta kısmında olduğum için yetişemedim ve müdahale edemedim.
Sahil kısmında çalışan personele durumu anlattığımda ve güvenliği çağırmasını istediğimde, kendi personelleri dahi güvenliği bulamadı. Dediğim gibi bir kulübe var ama boş, güvenlik yerinde durmuyor. İnsanlar, her şey dahil ve kaç yıldızlı güvenilir diye geldikleri, yüksek paralar ödedikleri, hepi topu bir hafta huzurlu tatil yapmak istedikleri bir otelde, sahilde huzurla havlularını ve eşyalarını bile bırakamıyor. Bu bir deniz yatağıydı ama telefon, cüzdan gibi kıymetli eşyalar da olabilirdi. Ayrıca dışarıdan bu kadar rahat otele giriş yapılabilmesi, başka alanlara da giriş yapılabildiğinin bir göstergesi. Duvara bir çit çekmek, alana bir güvenlik görevlisini sabit olarak görevlendirmek bu kadar zor olmamalı. Yeme içmeyi bir kenara bırakıyorum, temel güvenlik sorununu dahi çözemeyen bir yönetim olduğu belli. Bir daha asla gelmeyeceğim.",6 Ağustos 2025 01:13,976,,,,False,,,False,,,0,,,COMPLAINT_MATCHED,,Dedicated single-property source page,https://www.sikayetvar.com/la-blanche-resort-spa-bodrum,2026-08-25T12:58:29.219502+00:00,Otelin Güvenlik Açığı Tatil Huzurunu Tehlikeye Atıyor,"Şu anda La Blanche Resort Bodrum Turgutreis Oteli'nde konaklıyoruz. Otelde büyük bir güvenlik açığı bulunuyor. Otelin sol tarafı Turgutreis halk plajına bakıyor ve bu plaj ile otel arasında sadece düz ve alçak seviyede bir duvar var. Halk plajından bu duvar üzerine özellikle genç yaştaki erkek çocuklar çıkarak otele giriş yapıyor ve otelde 3 gündür konaklamama rağmen birçok defa aynı durumu gözlemledim. Duvarda herhangi bir çit bulunmuyor, güvenlik kulübesi ise sürekli boş; kimse kontrol etmiyor. Çocuklar bugün o duvarın üzerine çıkıp otelin içine girip deniz yatağımı, ben denizdeyken göz göre göre çalıp alıp kaçtılar. Ben bu durumu fark ettiğimde denizin çok orta kısmında olduğum için yetişemedim ve müdahale edemedim. Sahil kısmında çalışan personele durumu anlattığımda ve güvenliği çağırmasını istediğimde, kendi personelleri dahi güvenliği bulamadı. Dediğim gibi bir kulübe var ama boş, güvenlik yerinde durmuyor. İnsanlar, her şey dahil ve kaç yıldızlı güvenilir diye geldikleri, yüksek paralar ödedikleri, hepi topu bir hafta huzurlu tatil yapmak istedikleri bir otelde, sahilde huzurla havlularını ve eşyalarını bile bırakamıyor. Bu bir deniz yatağıydı ama telefon, cüzdan gibi kıymetli eşyalar da olabilirdi. Ayrıca dışarıdan bu kadar rahat otele giriş yapılabilmesi, başka alanlara da giriş yapılabildiğinin bir göstergesi. Duvara bir çit çekmek, alana bir güvenlik görevlisini sabit olarak görevlendirmek bu kadar zor olmamalı. Yeme içmeyi bir kenara bırakıyorum, temel güvenlik sorununu dahi çözemeyen bir yönetim olduğu belli. Bir daha asla gelmeyeceğim.",,,1576,223,53,7,,,,,False,False,False,False,False,False,False,False,False,2026-08-25 12:58:29.219502,2025-08-06 01:13:00,False,DAY_MONTH_YEAR_TIME,False,False,False,False,2025,8,2025-08,,,976,,0,False,False,False,False,False,False,La Blanche Resort Bodrum,Turgutreis,4.6,5754,5.0,358.0,1002.0,391.0,False,False,False,0,0,0,0,,,False,False,False
otelin-temizlik-personel-ve-hizmet-kalitesindeki-ciddi-eksiklikler,https://www.sikayetvar.com/la-blanche-resort-spa-bodrum/otelin-temizlik-personel-ve-hizmet-kalitesindeki-ciddi-eksiklikler,https://www.sikayetvar.com/la-blanche-resort-spa-bodrum/otelin-temizlik-personel-ve-hizmet-kalitesindeki-ciddi-eksiklikler,BOD160,La Blanche Resort Bodrum,Turgutreis,La Blanche Resort & Spa Bodrum,otelin-temizlik-personel-ve-hizmet-kalitesindeki-ciddi-eksiklikler,https://www.sikayetvar.com/la-blanche-resort-spa-bodrum/otelin-temizlik-personel-ve-hizmet-kalitesindeki-ciddi-eksiklikler,"Otelin Temizlik, Personel Ve Hizmet Kalitesindeki Ciddi Eksiklikler","Hangi sıkıntı ve aksaklıkları anlatsam bilemiyorum.Personel yetersiz.Ortak kullanım alanlarındaki tuvaletler temiz değil.Sahildeki bardaki çalışanların hizmet kalitesi çok düşük.Alakart hizmet beklentimi karşılamadı.Animatörler yetersiz.Animasyon alanı çok küçük.Yemeklerin kalitesi orta seviyede.Otel eski ve bakımsız.Güvenlik konusunda eksiklikler var.Tek olumlu yanı, koyda bulunmasından dolayı esintili olması.Klimalar yetersiz çalışıyor.Müşteri hizmetleri neredeyse yok gibi.Şu anda ailemle birlikte otelde tatildeyim, son 3 günümüz.Tavsiye eder miyim? Kesinlikle hayır.10 üzerinden 4 puan veriyorum, bu bile fazla olabilir.Saygılarımla.",17 Temmuz 2025 12:02,1.077,,,,False,,,False,,,0,,,COMPLAINT_MATCHED,,Dedicated single-property source page,https://www.sikayetvar.com/la-blanche-resort-spa-bodrum,2026-08-25T12:58:29.219502+00:00,"Otelin Temizlik, Personel Ve Hizmet Kalitesindeki Ciddi Eksiklikler","Hangi sıkıntı ve aksaklıkları anlatsam bilemiyorum.Personel yetersiz.Ortak kullanım alanlarındaki tuvaletler temiz değil.Sahildeki bardaki çalışanların hizmet kalitesi çok düşük.Alakart hizmet beklentimi karşılamadı.Animatörler yetersiz.Animasyon alanı çok küçük.Yemeklerin kalitesi orta seviyede.Otel eski ve bakımsız.Güvenlik konusunda eksiklikler var.Tek olumlu yanı, koyda bulunmasından dolayı esintili olması.Klimalar yetersiz çalışıyor.Müşteri hizmetleri neredeyse yok gibi.Şu anda ailemle birlikte otelde tatildeyim, son 3 günümüz.Tavsiye eder miyim? Kesinlikle hayır.10 üzerinden 4 puan veriyorum, bu bile fazla olabilir.Saygılarımla.",,,642,67,67,8,,,,,False,False,False,False,False,False,False,False,False,2026-08-25 12:58:29.219502,2025-07-17 12:02:00,False,DAY_MONTH_YEAR_TIME,False,False,False,False,2025,7,2025-07,,,1077,,0,False,False,False,False,False,False,La Blanche Resort Bodrum,Turgutreis,4.6,5754,5.0,358.0,1002.0,391.0,False,False,False,0,0,0,0,,,False,False,False
kucuk-cocugumuza-kahvalti-sonrasi-muz-verilmedi,https://www.sikayetvar.com/la-blanche-resort-spa-bodrum/kucuk-cocugumuza-kahvalti-sonrasi-muz-verilmedi,https://www.sikayetvar.com/la-blanche-resort-spa-bodrum/kucuk-cocugumuza-kahvalti-sonrasi-muz-verilmedi,BOD160,La Blanche Resort Bodrum,Turgutreis,La Blanche Resort & Spa Bodrum,kucuk-cocugumuza-kahvalti-sonrasi-muz-verilmedi,https://www.sikayetvar.com/la-blanche-resort-spa-bodrum/kucuk-cocugumuza-kahvalti-sonrasi-muz-verilmedi,Küçük Çocuğumuza Kahvaltı Sonrası Muz Verilmedi,Merhaba ; Bugün daha ilk günümüz ilk izlenimlerimiz güzeldi. 2 yaşında bebeğimiz ile kısa bir tatil planladık. Sabah kahvaltı servisi sonrası 11.00 gibi çocuğumuz muz istedi ve çalışanlardan muz istedik. Çocuğun ağlamasına rağmen yardımcı olmadılar. Saatinizi bekleyecekseniz hiçbir ürün veremeyiz diyerek cevap verdiler.,3 Temmuz 2025 11:49,1.230,,,,False,,,False,,,0,,,COMPLAINT_MATCHED,,Dedicated single-property source page,https://www.sikayetvar.com/la-blanche-resort-spa-bodrum,2026-08-25T12:58:29.219502+00:00,Küçük Çocuğumuza Kahvaltı Sonrası Muz Verilmedi,Merhaba ; Bugün daha ilk günümüz ilk izlenimlerimiz güzeldi. 2 yaşında bebeğimiz ile kısa bir tatil planladık. Sabah kahvaltı servisi sonrası 11.00 gibi çocuğumuz muz istedi ve çalışanlardan muz istedik. Çocuğun ağlamasına rağmen yardımcı olmadılar. Saatinizi bekleyecekseniz hiçbir ürün veremeyiz diyerek cevap verdiler.,,,321,43,47,6,,,,,False,False,False,False,False,False,False,False,False,2026-08-25 12:58:29.219502,2025-07-03 11:49:00,False,DAY_MONTH_YEAR_TIME,False,False,False,False,2025,7,2025-07,,,1230,,0,False,False,False,False,False,False,La Blanche Resort Bodrum,Turgutreis,4.6,5754,5.0,358.0,1002.0,391.0,False,False,False,0,0,0,0,,,False,False,False
hayal-kirikligiyla-dolu-bir-tatil-ve-cozum-bulunamayan-sorunlar,https://www.sikayetvar.com/la-blanche-resort-spa-bodrum/hayal-kirikligiyla-dolu-bir-tatil-ve-cozum-bulunamayan-sorunlar,https://www.sikayetvar.com/la-blanche-resort-spa-bodrum/hayal-kirikligiyla-dolu-bir-tatil-ve-cozum-bulunamayan-sorunlar,BOD160,La Blanche Resort Bodrum,Turgutreis,La Blanche Resort & Spa Bodrum,hayal-kirikligiyla-dolu-bir-tatil-ve-cozum-bulunamayan-sorunlar,https://www.sikayetvar.com/la-blanche-resort-spa-bodrum/hayal-kirikligiyla-dolu-bir-tatil-ve-cozum-bulunamayan-sorunlar,Hayal Kırıklığıyla Dolu Bir Tatil Ve Çözüm Bulunamayan Sorunlar,"La Blanch Resort denilen yer, tam anlamıyla başıboş bırakılmış durumda. Personel eksik, şemsiye eksik, yemekler yetersiz. Yemekte ve barda kuyruklar oluşuyor. Otelde herhangi bir sorun yaşarsanız çözüm bulmak çok zor. 3 gün boyunca şemsiye için uğraştım, koca otelde şemsiye bulunmuyor. İnanılır gibi değil. Hiçbir şekilde çözüm üretilmiyor. Yataklar eski, klima motorunun tahliye suyu odanın içine akıyor ve bunu söylememize rağmen ilgilenilmedi. Havuzdan yararlanmak için sabah 6'da kalkıp havlunuzu şezlonga bırakmalısınız, çünkü saat 8'de tüm şezlonglar dolmuş oluyor. Müşteri hizmetleri müdürüne bildirmeme rağmen sadece geçiştirdi ve hiçbir çözüm sunulmadı. Barmenler deneyimsiz, otel çalışanlarının çoğu yeni ve işlerini bilmiyorlar. Bebekler için mama sandalyeleri yetersiz, istediğinizde ise yok deniyor. Kısacası, hayatımın en kötü tatilini geçirdim diyebilirim. Bu sorunları yaşamak isterseniz otel orada.",19 Haziran 2025 05:11,1.627,,,,False,,,False,,,0,,,COMPLAINT_MATCHED,,Dedicated single-property source page,https://www.sikayetvar.com/la-blanche-resort-spa-bodrum,2026-08-25T12:58:29.219502+00:00,Hayal Kırıklığıyla Dolu Bir Tatil Ve Çözüm Bulunamayan Sorunlar,"La Blanch Resort denilen yer, tam anlamıyla başıboş bırakılmış durumda. Personel eksik, şemsiye eksik, yemekler yetersiz. Yemekte ve barda kuyruklar oluşuyor. Otelde herhangi bir sorun yaşarsanız çözüm bulmak çok zor. 3 gün boyunca şemsiye için uğraştım, koca otelde şemsiye bulunmuyor. İnanılır gibi değil. Hiçbir şekilde çözüm üretilmiyor. Yataklar eski, klima motorunun tahliye suyu odanın içine akıyor ve bunu söylememize rağmen ilgilenilmedi. Havuzdan yararlanmak için sabah 6'da kalkıp havlunuzu şezlonga bırakmalısınız, çünkü saat 8'de tüm şezlonglar dolmuş oluyor. Müşteri hizmetleri müdürüne bildirmeme rağmen sadece geçiştirdi ve hiçbir çözüm sunulmadı. Barmenler deneyimsiz, otel çalışanlarının çoğu yeni ve işlerini bilmiyorlar. Bebekler için mama sandalyeleri yetersiz, istediğinizde ise yok deniyor. Kısacası, hayatımın en kötü tatilini geçirdim diyebilirim. Bu sorunları yaşamak isterseniz otel orada.",,,916,119,63,9,,,,,False,False,False,False,False,False,False,False,False,2026-08-25 12:58:29.219502,2025-06-19 05:11:00,False,DAY_MONTH_YEAR_TIME,False,False,False,False,2025,6,2025-06,,,1627,,0,False,False,False,False,False,False,La Blanche Resort Bodrum,Turgutreis,4.6,5754,5.0,358.0,1002.0,391.0,False,False,False,0,0,0,0,,,False,False,False
guvenlik-ve-hizmette-buyuk-aciklar,https://www.sikayetvar.com/la-blanche-resort-spa-bodrum/guvenlik-ve-hizmette-buyuk-aciklar,https://www.sikayetvar.com/la-blanche-resort-spa-bodrum/guvenlik-ve-hizmette-buyuk-aciklar,BOD160,La Blanche Resort Bodrum,Turgutreis,La Blanche Resort & Spa Bodrum,guvenlik-ve-hizmette-buyuk-aciklar,https://www.sikayetvar.com/la-blanche-resort-spa-bodrum/guvenlik-ve-hizmette-buyuk-aciklar,Güvenlik Ve Hizmette Büyük Açıklar,"22.06.2014 tarihinde 2 aile giriş yapmış olduğumuz La Blench Resort Turgutreis'teki otelde yaşanmış olan aksilikler ve ilgisizlik had safhada. Güvenlik tedbirleri yok. Havuzun mazgalı kırıktı, bacağım içine girdi ve yarıldı. Doktor izin geçmeyeceğini söyledi. Otelde bizimle ilgilenen bir doktorun bile olmadığını söylemek isterim. Bizimle gelen diğer ailenin de çocuklarının ayağının üzerine dolap kapağı düştü, çocuğun tırnağı çıktı. Yine ilgilenen olmadı. Konu hakkında gerekli yerlere şikayette bulunduk ama geri dönüş alamadık. Otel kaliteli fakat hizmet ve güvenlikte çok büyük açıklar var.",27 Kasım 2024 12:24,2.842,,,,False,,,False,,,0,,,COMPLAINT_MATCHED,,Dedicated single-property source page,https://www.sikayetvar.com/la-blanche-resort-spa-bodrum,2026-08-25T12:58:29.219502+00:00,Güvenlik Ve Hizmette Büyük Açıklar,"22.06.2014 tarihinde 2 aile giriş yapmış olduğumuz La Blench Resort Turgutreis'teki otelde yaşanmış olan aksilikler ve ilgisizlik had safhada. Güvenlik tedbirleri yok. Havuzun mazgalı kırıktı, bacağım içine girdi ve yarıldı. Doktor izin geçmeyeceğini söyledi. Otelde bizimle ilgilenen bir doktorun bile olmadığını söylemek isterim. Bizimle gelen diğer ailenin de çocuklarının ayağının üzerine dolap kapağı düştü, çocuğun tırnağı çıktı. Yine ilgilenen olmadı. Konu hakkında gerekli yerlere şikayette bulunduk ama geri dönüş alamadık. Otel kaliteli fakat hizmet ve güvenlikte çok büyük açıklar var.",,,596,80,34,5,,,,,False,False,False,False,False,False,False,False,False,2026-08-25 12:58:29.219502,2024-11-27 12:24:00,False,DAY_MONTH_YEAR_TIME,False,False,False,False,2024,11,2024-11,,,2842,,0,False,False,False,True,False,False,La Blanche Resort Bodrum,Turgutreis,4.6,5754,5.0,358.0,1002.0,391.0,False,False,False,0,0,0,0,,,False,False,False
la-blanche-resort-spa-bodrum-bodrumda-sabah-bir-uyandik-aramizda-kedi-yatiyor-yatakta,https://www.sikayetvar.com/la-blanche-resort-spa-bodrum/la-blanche-resort-spa-bodrum-bodrumda-sabah-bir-uyandik-aramizda-kedi-yatiyor-yatakta,https://www.sikayetvar.com/la-blanche-resort-spa-bodrum/la-blanche-resort-spa-bodrum-bodrumda-sabah-bir-uyandik-aramizda-kedi-yatiyor-yatakta,BOD160,La Blanche Resort Bodrum,Turgutreis,La Blanche Resort & Spa Bodrum,la-blanche-resort-spa-bodrum-bodrumda-sabah-bir-uyandik-aramizda-kedi-yatiyor-yatakta,https://www.sikayetvar.com/la-blanche-resort-spa-bodrum/la-blanche-resort-spa-bodrum-bodrumda-sabah-bir-uyandik-aramizda-kedi-yatiyor-yatakta,Bodrum'da Sabah Bir Uyandık Aramızda Kedi Yatıyor Yatakta!,"5 yıldızlı diye geldiğimiz otelde konakladığımız ilk gece sabah bir uyandık aramızda kedi yatıyor yatakta. Böyle bir rezillik yok. Ben hamileyim belki alerjim var küçük çocuğum var belki bir anda görüp korkabilir. Bu nedir bu nasıl bir hizmet oteli ayarlarken 3 aile ayarlamamıza rağmen aynı katta olsun dememe rağmen birimiz alt katta birimiz üst katta ayrı yerlerdeyiz.
Bayağı intizamı ve dikkatli bir otel bir daha asla tercih etmem. Tabii ki de bizzat resepsiyona ileteceğim yazık dedim tabii ki resepsiyon daha fiyasko o odada yatamam dediğimizde sorduk ama boş oda yok kalmaya denildi bu nedir?",17 Ekim 2023 18:40,5.990,,,,False,,,False,,,0,,,COMPLAINT_MATCHED,,Dedicated single-property source page,https://www.sikayetvar.com/la-blanche-resort-spa-bodrum,2026-08-25T12:58:29.219502+00:00,Bodrum'da Sabah Bir Uyandık Aramızda Kedi Yatıyor Yatakta!,5 yıldızlı diye geldiğimiz otelde konakladığımız ilk gece sabah bir uyandık aramızda kedi yatıyor yatakta. Böyle bir rezillik yok. Ben hamileyim belki alerjim var küçük çocuğum var belki bir anda görüp korkabilir. Bu nedir bu nasıl bir hizmet oteli ayarlarken 3 aile ayarlamamıza rağmen aynı katta olsun dememe rağmen birimiz alt katta birimiz üst katta ayrı yerlerdeyiz. Bayağı intizamı ve dikkatli bir otel bir daha asla tercih etmem. Tabii ki de bizzat resepsiyona ileteceğim yazık dedim tabii ki resepsiyon daha fiyasko o odada yatamam dediğimizde sorduk ama boş oda yok kalmaya denildi bu nedir?,,,600,94,58,8,,,,,False,False,False,False,False,False,False,False,False,2026-08-25 12:58:29.219502,2023-10-17 18:40:00,False,DAY_MONTH_YEAR_TIME,False,False,False,False,2023,10,2023-10,,,5990,,0,False,False,False,False,False,False,La Blanche Resort Bodrum,Turgutreis,4.6,5754,5.0,358.0,1002.0,391.0,False,False,False,0,0,0,0,,,False,False,False
vale-hizmeti-sonrasi-olusan-arac-hasarina-cozum-sunulmadi,https://www.sikayetvar.com/la-quinta-by-wyndham-bodrum/vale-hizmeti-sonrasi-olusan-arac-hasarina-cozum-sunulmadi,https://www.sikayetvar.com/la-quinta-by-wyndham-bodrum/vale-hizmeti-sonrasi-olusan-arac-hasarina-cozum-sunulmadi,BOD041,La Quinta by Wyndham Bodrum,Bodrum Merkez,La Quinta By Wyndham Bodrum,vale-hizmeti-sonrasi-olusan-arac-hasarina-cozum-sunulmadi,https://www.sikayetvar.com/la-quinta-by-wyndham-bodrum/vale-hizmeti-sonrasi-olusan-arac-hasarina-cozum-sunulmadi,Vale Hizmeti Sonrası Oluşan Araç Hasarına Çözüm Sunulmadı,"26/08/2025 tarihinde Laquinta Bodrum otoparkında yaşadığımız vale hizmeti nedeniyle mağduriyet yaşadık. Eşimin kullandığı Hyundai Tucson CRDI Elite Plus marka aracımız, otoparka sadece vale ile alınabileceği belirtilerek ısrarla vale hizmeti kullanmamız istendi. Vale tarafından park edilen aracımızın teker yanağı ve jantında hasar oluştu.
Olayın ardından eşim, otel yönetimine yazılı olarak başvurdu ve olay günü geçici olarak çıkma bir lastik taktırmak zorunda kaldık. Bu işlem için 5000 TL ödeme yaptık ve ödemenin dekontu ile hasarın fotoğrafları elimizde mevcut. Ancak otel yönetimi zararı kabul etmedi ve herhangi bir çözüm sunmadı. Tatil dönüşünde tekrar iletişime geçmemize rağmen geri dönüş yapılmadı.
Yaşadığımız mağduriyetin giderilmesini, zarar gören jant ve tekerin değişiminin Laquinta Bodrum tarafından karşılanmasını talep ediyorum.",3 Eylül 2025 13:11,2.661,,,,False,,,False,,,0,,,COMPLAINT_MATCHED,,Dedicated single-property source page,https://www.sikayetvar.com/la-quinta-by-wyndham-bodrum,2026-08-25T12:58:29.219502+00:00,Vale Hizmeti Sonrası Oluşan Araç Hasarına Çözüm Sunulmadı,"26/08/2025 tarihinde Laquinta Bodrum otoparkında yaşadığımız vale hizmeti nedeniyle mağduriyet yaşadık. Eşimin kullandığı Hyundai Tucson CRDI Elite Plus marka aracımız, otoparka sadece vale ile alınabileceği belirtilerek ısrarla vale hizmeti kullanmamız istendi. Vale tarafından park edilen aracımızın teker yanağı ve jantında hasar oluştu. Olayın ardından eşim, otel yönetimine yazılı olarak başvurdu ve olay günü geçici olarak çıkma bir lastik taktırmak zorunda kaldık. Bu işlem için 5000 TL ödeme yaptık ve ödemenin dekontu ile hasarın fotoğrafları elimizde mevcut. Ancak otel yönetimi zararı kabul etmedi ve herhangi bir çözüm sunmadı. Tatil dönüşünde tekrar iletişime geçmemize rağmen geri dönüş yapılmadı. Yaşadığımız mağduriyetin giderilmesini, zarar gören jant ve tekerin değişiminin Laquinta Bodrum tarafından karşılanmasını talep ediyorum.",,,849,111,57,8,,,,,False,False,False,False,False,False,False,False,False,2026-08-25 12:58:29.219502,2025-09-03 13:11:00,False,DAY_MONTH_YEAR_TIME,False,False,False,False,2025,9,2025-09,,,2661,,0,False,False,False,False,False,False,La Quinta by Wyndham Bodrum,Bodrum Merkez,4.3,1764,4.0,173.0,346.0,169.0,False,False,False,0,0,0,0,,,False,False,False
soz-verilen-saatte-icecek-hizmeti-sunulmadi-magdur-edildik,https://www.sikayetvar.com/la-quinta-by-wyndham-bodrum/soz-verilen-saatte-icecek-hizmeti-sunulmadi-magdur-edildik,https://www.sikayetvar.com/la-quinta-by-wyndham-bodrum/soz-verilen-saatte-icecek-hizmeti-sunulmadi-magdur-edildik,BOD041,La Quinta by Wyndham Bodrum,Bodrum Merkez,La Quinta By Wyndham Bodrum,soz-verilen-saatte-icecek-hizmeti-sunulmadi-magdur-edildik,https://www.sikayetvar.com/la-quinta-by-wyndham-bodrum/soz-verilen-saatte-icecek-hizmeti-sunulmadi-magdur-edildik,"Söz Verilen Saatte İçecek Hizmeti Sunulmadı, Mağdur Edildik","La Quinta by Wyndham Bodrum otelinde 11 Ağustos 2025 tarihinde Ultra her şey dahil konseptiyle konakladık (Rezervasyon No: 437471088). Rezervasyon sırasında ve otelde, tesisin belirlemiş olduğu markalar dahilinde yerli ve yabancı alkollü/alkolsüz içeceklerin 02:00’a kadar ücretsiz olacağı bilgisi verildi. Ancak tüm barlarda hizmet saatinin 00:00’da sona erdiğini gördük ve 02:00’a kadar ücretsiz içecek alamadık.
Bu konuda hem otel personeliyle hem de Tatilbudur ile görüştük, ancak herhangi bir düzeltme yapılmadı ve otelden de aynı şekilde bilgi verildi. İlk kez böyle bir durumla karşılaşıyoruz ve mağduriyetimizin giderilmesini, hizmetin belirtilen şekilde sunulmasını talep ediyoruz.
Sorunun en kısa sürede çözülmesini bekliyoruz.",11 Ağustos 2025 17:29,374,,,,False,,,False,,,0,,,COMPLAINT_MATCHED,,Dedicated single-property source page,https://www.sikayetvar.com/la-quinta-by-wyndham-bodrum,2026-08-25T12:58:29.219502+00:00,"Söz Verilen Saatte İçecek Hizmeti Sunulmadı, Mağdur Edildik","La Quinta by Wyndham Bodrum otelinde 11 Ağustos 2025 tarihinde Ultra her şey dahil konseptiyle konakladık (Rezervasyon No: 437471088). Rezervasyon sırasında ve otelde, tesisin belirlemiş olduğu markalar dahilinde yerli ve yabancı alkollü/alkolsüz içeceklerin 02:00’a kadar ücretsiz olacağı bilgisi verildi. Ancak tüm barlarda hizmet saatinin 00:00’da sona erdiğini gördük ve 02:00’a kadar ücretsiz içecek alamadık. Bu konuda hem otel personeliyle hem de Tatilbudur ile görüştük, ancak herhangi bir düzeltme yapılmadı ve otelden de aynı şekilde bilgi verildi. İlk kez böyle bir durumla karşılaşıyoruz ve mağduriyetimizin giderilmesini, hizmetin belirtilen şekilde sunulmasını talep ediyoruz. Sorunun en kısa sürede çözülmesini bekliyoruz.",,,737,97,59,8,,,,,False,False,False,False,False,False,False,False,False,2026-08-25 12:58:29.219502,2025-08-11 17:29:00,False,DAY_MONTH_YEAR_TIME,False,False,False,False,2025,8,2025-08,,,374,,0,False,False,False,False,False,False,La Quinta by Wyndham Bodrum,Bodrum Merkez,4.3,1764,4.0,173.0,346.0,169.0,False,False,False,0,0,0,0,,,False,False,False
la-quinta-bodrumda-giriste-bekletilme-ve-oda-hijyeninde-ciddi-eksiklikler-yasadik,https://www.sikayetvar.com/la-quinta-by-wyndham-bodrum/la-quinta-bodrumda-giriste-bekletilme-ve-oda-hijyeninde-ciddi-eksiklikler-yasadik,https://www.sikayetvar.com/la-quinta-by-wyndham-bodrum/la-quinta-bodrumda-giriste-bekletilme-ve-oda-hijyeninde-ciddi-eksiklikler-yasadik,BOD041,La Quinta by Wyndham Bodrum,Bodrum Merkez,La Quinta By Wyndham Bodrum,la-quinta-bodrumda-giriste-bekletilme-ve-oda-hijyeninde-ciddi-eksiklikler-yasadik,https://www.sikayetvar.com/la-quinta-by-wyndham-bodrum/la-quinta-bodrumda-giriste-bekletilme-ve-oda-hijyeninde-ciddi-eksiklikler-yasadik,La Quinta Bodrum'da Girişte Bekletilme Ve Oda Hijyeninde Ciddi Eksiklikler Yaşadık,"Bugün La Quinta By Wyndham Bodrum otelinde konaklamamızın ilk günüydü ve daha girişte birçok sorunla karşılaştık. Otele girişte uzun süre beklemek zorunda kaldık; karşılama bölümünde personel sayısı yetersizdi. Saat 12:00’de giriş yapmamıza rağmen, odamızı ancak saat 16:00’da teslim alabildik. Bu süre zarfında restoranda yemek yemek istedik fakat oturduğumuz bölümde klimalar çalışmıyordu ve deniz manzarasına bakan camlar oldukça kirliydi.
Odamıza geçtiğimizde, 5 yıldızlı bir otelden beklenmeyecek eksikliklerle karşılaştık. Banyoda olması gereken malzemeler eksikti, diş fırçası koyulacak bir kap yoktu, askı sayısı yetersizdi, terlik yoktu ve gardırobun kapağı çalışmıyordu. Tuvalet ise bakımsız ve uzun süredir temizlenmemiş gibi koyu sarı bir görüntüye sahipti. Oda numaralarımız 529 ve 307’dir.
Bazı sorunların çözümü için iki kez otel yönetimiyle iletişime geçmek zorunda kaldık, ancak hâlâ çözülmeyen eksiklikler var. Ücretini ödediğimiz hizmetin karşılığını alamadığımızı düşünüyoruz. Bu standartta bir otelde bu tür sorunların yaşanmasını kabul edemiyoruz ve yaşadığımız olumsuzlukların devam etmesi bizi fazlasıyla hayal kırıklığına uğrattı.
Beklentimiz, otel yönetiminin bu sorunları hızla çözmesi ve müşterilere sunulan hizmetin gerçekten yüksek standartlarda olmasını sağlamasıdır. Ayrıca, otelin pazarlama ve yönetim tarzının da gözden geçirilmesini talep ediyorum.",9 Ağustos 2025 22:14,352,,,,False,,,False,,,0,,,COMPLAINT_MATCHED,,Dedicated single-property source page,https://www.sikayetvar.com/la-quinta-by-wyndham-bodrum,2026-08-25T12:58:29.219502+00:00,La Quinta Bodrum'da Girişte Bekletilme Ve Oda Hijyeninde Ciddi Eksiklikler Yaşadık,"Bugün La Quinta By Wyndham Bodrum otelinde konaklamamızın ilk günüydü ve daha girişte birçok sorunla karşılaştık. Otele girişte uzun süre beklemek zorunda kaldık; karşılama bölümünde personel sayısı yetersizdi. Saat 12:00’de giriş yapmamıza rağmen, odamızı ancak saat 16:00’da teslim alabildik. Bu süre zarfında restoranda yemek yemek istedik fakat oturduğumuz bölümde klimalar çalışmıyordu ve deniz manzarasına bakan camlar oldukça kirliydi. Odamıza geçtiğimizde, 5 yıldızlı bir otelden beklenmeyecek eksikliklerle karşılaştık. Banyoda olması gereken malzemeler eksikti, diş fırçası koyulacak bir kap yoktu, askı sayısı yetersizdi, terlik yoktu ve gardırobun kapağı çalışmıyordu. Tuvalet ise bakımsız ve uzun süredir temizlenmemiş gibi koyu sarı bir görüntüye sahipti. Oda numaralarımız 529 ve 307’dir. Bazı sorunların çözümü için iki kez otel yönetimiyle iletişime geçmek zorunda kaldık, ancak hâlâ çözülmeyen eksiklikler var. Ücretini ödediğimiz hizmetin karşılığını alamadığımızı düşünüyoruz. Bu standartta bir otelde bu tür sorunların yaşanmasını kabul edemiyoruz ve yaşadığımız olumsuzlukların devam etmesi bizi fazlasıyla hayal kırıklığına uğrattı. Beklentimiz, otel yönetiminin bu sorunları hızla çözmesi ve müşterilere sunulan hizmetin gerçekten yüksek standartlarda olmasını sağlamasıdır. Ayrıca, otelin pazarlama ve yönetim tarzının da gözden geçirilmesini talep ediyorum.",,,1383,175,82,11,,,,,False,False,False,False,False,False,False,False,False,2026-08-25 12:58:29.219502,2025-08-09 22:14:00,False,DAY_MONTH_YEAR_TIME,False,False,False,False,2025,8,2025-08,,,352,,0,False,False,False,False,False,False,La Quinta by Wyndham Bodrum,Bodrum Merkez,4.3,1764,4.0,173.0,346.0,169.0,False,False,False,0,0,0,0,,,False,False,False
la-quinta-by-wyndham-bodrum-odalar-cok-kotu,https://www.sikayetvar.com/la-quinta-by-wyndham-bodrum/la-quinta-by-wyndham-bodrum-odalar-cok-kotu,https://www.sikayetvar.com/la-quinta-by-wyndham-bodrum/la-quinta-by-wyndham-bodrum-odalar-cok-kotu,BOD041,La Quinta by Wyndham Bodrum,Bodrum Merkez,La Quinta By Wyndham Bodrum,la-quinta-by-wyndham-bodrum-odalar-cok-kotu,https://www.sikayetvar.com/la-quinta-by-wyndham-bodrum/la-quinta-by-wyndham-bodrum-odalar-cok-kotu,Odalar Çok Kötü,"3 arkadaş otele gittik. Ne hikmetse arkadaşlarıma 2 tane güzel oda verdiler. Bana da ""kara manzaralı"" olarak sattıkları oda merdiven altında bulunuyor. Klima su akıyor. Tüm odayı yakmadan banyo ışığı yanmıyor. Oda harabenin içinde gibi güneş ışığı yok.",26 Ağustos 2024 08:34,996,,,,False,,,False,,,0,,,COMPLAINT_MATCHED,,Dedicated single-property source page,https://www.sikayetvar.com/la-quinta-by-wyndham-bodrum,2026-08-25T12:58:29.219502+00:00,Odalar Çok Kötü,"3 arkadaş otele gittik. Ne hikmetse arkadaşlarıma 2 tane güzel oda verdiler. Bana da ""kara manzaralı"" olarak sattıkları oda merdiven altında bulunuyor. Klima su akıyor. Tüm odayı yakmadan banyo ışığı yanmıyor. Oda harabenin içinde gibi güneş ışığı yok.",,,252,38,15,3,,,,,False,False,True,False,False,True,False,False,False,2026-08-25 12:58:29.219502,2024-08-26 08:34:00,False,DAY_MONTH_YEAR_TIME,False,False,False,False,2024,8,2024-08,,,996,,0,False,False,False,False,False,False,La Quinta by Wyndham Bodrum,Bodrum Merkez,4.3,1764,4.0,173.0,346.0,169.0,False,False,False,0,0,0,0,,,False,False,False
la-quinta-by-wyndham-bodrum-tatilbudurcom-firmasi-ile-tatile-gitmek-ne-kadar-zormus,https://www.sikayetvar.com/la-quinta-by-wyndham-bodrum/la-quinta-by-wyndham-bodrum-tatilbudurcom-firmasi-ile-tatile-gitmek-ne-kadar-zormus,https://www.sikayetvar.com/la-quinta-by-wyndham-bodrum/la-quinta-by-wyndham-bodrum-tatilbudurcom-firmasi-ile-tatile-gitmek-ne-kadar-zormus,BOD041,La Quinta by Wyndham Bodrum,Bodrum Merkez,La Quinta By Wyndham Bodrum,la-quinta-by-wyndham-bodrum-tatilbudurcom-firmasi-ile-tatile-gitmek-ne-kadar-zormus,https://www.sikayetvar.com/la-quinta-by-wyndham-bodrum/la-quinta-by-wyndham-bodrum-tatilbudurcom-firmasi-ile-tatile-gitmek-ne-kadar-zormus,Tatilbudur.com Firması İle Tatile Gitmek Ne Kadar Zormuş,"Merhabalar,
Ekte göreceğiniz gibi, 08.04.2024 tarihinde La Quinta by Wyndham Bodrum oteline Tatilbudur.com firması üzerinde bir rezervasyon yaptırdım. Daha sonradan aynı rezervasyonuma bir kişi daha ilave ettim, fakat ilave ettiğim kişinin o tarihlerde gelemeyeceği ortaya çıktı ve ilave ettiğim kişinin rezervasyonunu ilave etmek istedim. Tatilbudur.com Çağrı Merkezin de görevli olan arkadaş tatile ilave ettiğim arkadaş ve kendi rezervasyonum dahil hepsini iptal etmiş ve para iadesi yapılmış (benim sözlü ve yazılı onayım olmadığı halde). Ne gariptir ki rezervasyon sahibi ben iken ve bütün rezervasyon bedellerini ben ödemişken, ve benden yazılı ve sözlü olarak onay alınmamışken rezervasyonun tamamı Tatilbudur.com tarafından iptal edilmiştir. Tatile ait olan uçak bedenlerimizde ayrıca heba olmuştur. Rezervasyon iptali sonrasında uçak biletlerimi açığa almak zorunda kaldım ve ceza ödemek zorunda kaldım.Kısacası hem tatilden mağdur oldum, hem de fazladan yol parası ödemiş oldum.İlginizi rica ederim.",10 Haziran 2024 10:15,1.405,,,,False,,,False,,,0,,,COMPLAINT_MATCHED,,Dedicated single-property source page,https://www.sikayetvar.com/la-quinta-by-wyndham-bodrum,2026-08-25T12:58:29.219502+00:00,Tatilbudur.com Firması İle Tatile Gitmek Ne Kadar Zormuş,"Merhabalar, Ekte göreceğiniz gibi, 08.04.2024 tarihinde La Quinta by Wyndham Bodrum oteline Tatilbudur.com firması üzerinde bir rezervasyon yaptırdım. Daha sonradan aynı rezervasyonuma bir kişi daha ilave ettim, fakat ilave ettiğim kişinin o tarihlerde gelemeyeceği ortaya çıktı ve ilave ettiğim kişinin rezervasyonunu ilave etmek istedim. Tatilbudur.com Çağrı Merkezin de görevli olan arkadaş tatile ilave ettiğim arkadaş ve kendi rezervasyonum dahil hepsini iptal etmiş ve para iadesi yapılmış (benim sözlü ve yazılı onayım olmadığı halde). Ne gariptir ki rezervasyon sahibi ben iken ve bütün rezervasyon bedellerini ben ödemişken, ve benden yazılı ve sözlü olarak onay alınmamışken rezervasyonun tamamı Tatilbudur.com tarafından iptal edilmiştir. Tatile ait olan uçak bedenlerimizde ayrıca heba olmuştur. Rezervasyon iptali sonrasında uçak biletlerimi açığa almak zorunda kaldım ve ceza ödemek zorunda kaldım.Kısacası hem tatilden mağdur oldum, hem de fazladan yol parası ödemiş oldum.İlginizi rica ederim.",,,1009,135,56,8,,,,,False,False,False,False,False,False,False,False,False,2026-08-25 12:58:29.219502,2024-06-10 10:15:00,False,DAY_MONTH_YEAR_TIME,False,False,False,False,2024,6,2024-06,,,1405,,0,False,False,False,True,False,False,La Quinta by Wyndham Bodrum,Bodrum Merkez,4.3,1764,4.0,173.0,346.0,169.0,False,False,False,0,0,0,0,,,False,False,False
ladonia-hotels-zemda-gumuslukte-odeme-gecikmesi-ve-aciklama-talebi,https://www.sikayetvar.com/ladonia-hotels-zemda/ladonia-hotels-zemda-gumuslukte-odeme-gecikmesi-ve-aciklama-talebi,https://www.sikayetvar.com/ladonia-hotels-zemda/ladonia-hotels-zemda-gumuslukte-odeme-gecikmesi-ve-aciklama-talebi,BOD077,Ladonia Hotels Zemda,Gümüşlük,Ladonia Hotels Zemda,ladonia-hotels-zemda-gumuslukte-odeme-gecikmesi-ve-aciklama-talebi,https://www.sikayetvar.com/ladonia-hotels-zemda/ladonia-hotels-zemda-gumuslukte-odeme-gecikmesi-ve-aciklama-talebi,Gümüşlük’te Ödeme Gecikmesi Ve Açıklama Talebi,"Zemda Hotel Gümüşlük ile 26 Haziran tarihinde telefonla iletişime geçerek rezervasyon yaptırdık ve rezervasyon ücretimizi ödedik. Daha sonra otelle yaptığımız görüşmelerde, ödemenin 28 gün içinde hesabımıza yatırılacağı bilgisi verildi.
Bugün 18 Ağustos olmasına rağmen aradan yaklaşık iki ay geçti ve hâlâ herhangi bir ödeme yapılmadı. Bu süreçte defalarca oteli aradık. Her aramamızda konunun muhasebe departmanına acil olarak iletildiği söyleniyor ancak somut hiçbir adım atılmıyor ve ödeme yapılmıyor.
Ödememizin neden hâlâ tarafımıza yapılmadığıyla ilgili net bir açıklama da alamıyoruz, sadece beklememiz söyleniyor. Konu ile ilgili Tüketici Hakem Heyeti’ne de başvuruda bulunduk.
Ödememizin artık daha fazla geciktirilmeden tarafımıza yatırılmasını ve bu gecikmenin sebebiyle ilgili net bir açıklama yapılmasını talep ediyor, yaşadığımız mağduriyetin giderilmesini istiyoruz.",18 Ağustos 20:55,9,,,,False,,,False,,,0,,,COMPLAINT_MATCHED,,Dedicated single-property source page,https://www.sikayetvar.com/ladonia-hotels-zemda,2026-08-25T12:58:29.219502+00:00,Gümüşlük’te Ödeme Gecikmesi Ve Açıklama Talebi,"Zemda Hotel Gümüşlük ile 26 Haziran tarihinde telefonla iletişime geçerek rezervasyon yaptırdık ve rezervasyon ücretimizi ödedik. Daha sonra otelle yaptığımız görüşmelerde, ödemenin 28 gün içinde hesabımıza yatırılacağı bilgisi verildi. Bugün 18 Ağustos olmasına rağmen aradan yaklaşık iki ay geçti ve hâlâ herhangi bir ödeme yapılmadı. Bu süreçte defalarca oteli aradık. Her aramamızda konunun muhasebe departmanına acil olarak iletildiği söyleniyor ancak somut hiçbir adım atılmıyor ve ödeme yapılmıyor. Ödememizin neden hâlâ tarafımıza yapılmadığıyla ilgili net bir açıklama da alamıyoruz, sadece beklememiz söyleniyor. Konu ile ilgili Tüketici Hakem Heyeti’ne de başvuruda bulunduk. Ödememizin artık daha fazla geciktirilmeden tarafımıza yatırılmasını ve bu gecikmenin sebebiyle ilgili net bir açıklama yapılmasını talep ediyor, yaşadığımız mağduriyetin giderilmesini istiyoruz.",,,882,112,46,6,,,,,False,False,False,False,False,False,False,False,False,2026-08-25 12:58:29.219502,2026-08-18 20:55:00,True,DAY_MONTH_TIME_NO_YEAR,False,False,True,False,2026,8,2026-08,,,9,,0,False,False,False,False,False,False,Ladonia Hotels Zemda,Gümüşlük,3.8,376,,,,70.0,False,False,False,0,0,0,0,,,False,False,False
ladonia-hotels-suit-oda-ucreti-iadesi-ve-musteri-hizmetleri-sorunu,https://www.sikayetvar.com/ladonia-hotels-zemda/ladonia-hotels-suit-oda-ucreti-iadesi-ve-musteri-hizmetleri-sorunu,https://www.sikayetvar.com/ladonia-hotels-zemda/ladonia-hotels-suit-oda-ucreti-iadesi-ve-musteri-hizmetleri-sorunu,BOD077,Ladonia Hotels Zemda,Gümüşlük,Ladonia Hotels Zemda,ladonia-hotels-suit-oda-ucreti-iadesi-ve-musteri-hizmetleri-sorunu,https://www.sikayetvar.com/ladonia-hotels-zemda/ladonia-hotels-suit-oda-ucreti-iadesi-ve-musteri-hizmetleri-sorunu,Ladonia Hotels Suit Oda Ücreti İadesi Ve Müşteri Hizmetleri Sorunu,"24 Temmuz giriş, 26 Temmuz çıkış olacak şekilde Ladonia Hotels Zemda Gümüşlük Bodrum tesisinde suit oda için rezervasyon yaptırdım ve buna göre ödeme gerçekleştirdim. Otele girişte rezervasyon tarihinde karışıklık yapıldığını, bu nedenle sadece standart odada konaklayabileceğimi söylediler. Suit oda ücreti ödediğim halde bu konaklamayı, aradaki suit oda farkının tarafıma iade edileceği söylenerek kabul ettim.
Aradan zaman geçmesine rağmen yaklaşık 1.900 TL tutarındaki suit oda farkı tarafıma iade edilmedi. 0 252 211 05 11 numaralı hattı defalarca aradım, 2 numaralı seçeneği tuşladığımda telefona hiçbir şekilde cevap verilmiyor. 1 numaralı seçeneği tuşladığımda ise sadece rezervasyon işlemi yapıldığını, bu konuda yardımcı olamayacaklarını söylüyorlar ve somut bir çözüm sunulmuyor. Bu nedenle muhatap bulamıyor, geri dönüş alamıyorum.
Hem söz verilen suit oda ücret farkının ivedilikle 0505********49 numaralı telefona dönüş yapılarak tarafıma iade edilmesini hem de yaşanan mağduriyetle ilgili bilgilendirme yapılmasını talep ediyorum.",10 Ağustos 10:55,38,,,,False,,,False,,,0,,,COMPLAINT_MATCHED,,Dedicated single-property source page,https://www.sikayetvar.com/ladonia-hotels-zemda,2026-08-25T12:58:29.219502+00:00,Ladonia Hotels Suit Oda Ücreti İadesi Ve Müşteri Hizmetleri Sorunu,"24 Temmuz giriş, 26 Temmuz çıkış olacak şekilde Ladonia Hotels Zemda Gümüşlük Bodrum tesisinde suit oda için rezervasyon yaptırdım ve buna göre ödeme gerçekleştirdim. Otele girişte rezervasyon tarihinde karışıklık yapıldığını, bu nedenle sadece standart odada konaklayabileceğimi söylediler. Suit oda ücreti ödediğim halde bu konaklamayı, aradaki suit oda farkının tarafıma iade edileceği söylenerek kabul ettim. Aradan zaman geçmesine rağmen yaklaşık 1.900 TL tutarındaki suit oda farkı tarafıma iade edilmedi. 0 252 211 05 11 numaralı hattı defalarca aradım, 2 numaralı seçeneği tuşladığımda telefona hiçbir şekilde cevap verilmiyor. 1 numaralı seçeneği tuşladığımda ise sadece rezervasyon işlemi yapıldığını, bu konuda yardımcı olamayacaklarını söylüyorlar ve somut bir çözüm sunulmuyor. Bu nedenle muhatap bulamıyor, geri dönüş alamıyorum. Hem söz verilen suit oda ücret farkının ivedilikle 0505********49 numaralı telefona dönüş yapılarak tarafıma iade edilmesini hem de yaşanan mağduriyetle ilgili bilgilendirme yapılmasını talep ediyorum.",,,1045,137,66,10,,,,,False,False,False,False,False,False,False,False,False,2026-08-25 12:58:29.219502,2026-08-10 10:55:00,True,DAY_MONTH_TIME_NO_YEAR,False,False,True,False,2026,8,2026-08,,,38,,0,False,False,False,True,False,False,Ladonia Hotels Zemda,Gümüşlük,3.8,376,,,,70.0,False,False,False,0,0,0,0,,,False,False,False
oda-hazir-degildi-konaklama-alinamadi-ve-iade-yapilmadi,https://www.sikayetvar.com/ladonia-hotels-zemda/oda-hazir-degildi-konaklama-alinamadi-ve-iade-yapilmadi,https://www.sikayetvar.com/ladonia-hotels-zemda/oda-hazir-degildi-konaklama-alinamadi-ve-iade-yapilmadi,BOD077,Ladonia Hotels Zemda,Gümüşlük,Ladonia Hotels Zemda,oda-hazir-degildi-konaklama-alinamadi-ve-iade-yapilmadi,https://www.sikayetvar.com/ladonia-hotels-zemda/oda-hazir-degildi-konaklama-alinamadi-ve-iade-yapilmadi,"Oda Hazır Değildi, Konaklama Alınamadı Ve İade Yapılmadı","Bodrum Gümüşlük’te bulunan Zemda Otel için 01.07.2026 tarihinde w108425 numaralı rezervasyonumu gerçekleştirdim. 12–18 Temmuz 2026 tarihleri arasında konaklamak üzere yaptığım bu rezervasyon kapsamında 01.07.2026 tarihinde 7.400 TL kapora, 02.07.2026 tarihinde ise kalan 60.000 TL’yi kredi kartı ile ödedim.
12.07.2026 tarihinde otele giriş yapmak üzere geldiğimde, tarafıma tahsis edilmesi gereken odanın hazır olmadığı, odanın temizlenmediği, temizlik personelinin bulunmadığı ve alternatif bir oda da verilemeyeceği tarafıma bildirildi. Bu nedenle tamamen işletmeden kaynaklanan sebeplerle konaklama hizmetinden hiç yararlanamadan otelden ayrılmak zorunda kaldım.
Otelden ayrılmadan önce rezervasyonu oluşturan S***** Bey, otel yetkililerinin onayıyla rezervasyonun iptal edildiğini ve ödediğim ücretin en geç 14 gün içerisinde iade edileceğini ifade etti. Kısa süre sonra Operasyon Birimi’nden G**** Hanım tarafından da aranarak iptal ve iade işleminin onaylandığı tekrar teyit edildi.
Bu süreçte tarafıma bildirilen 800 TL’lik kesintiyi de özellikle kabul etmiş olmama rağmen, aradan geçen süreye ve verilen iade süresinin çoktan dolmasına rağmen herhangi bir iade yapılmadı. Sonrasında otel yetkilileri ve operasyon birimi ile tekrar iletişime geçtiğimde, “muhasebeye bildireceğiz” denilmesine rağmen daha sonra telefonlarıma cevap verilmemeye başlandı. Ayrıca benzer konuda sıkıntı yaşadığını belirten pek çok müşteri olduğunu da görmekteyim.
Hiçbir şekilde hizmet alamadığım bu konaklama için, kesinti yapılmasını kabul ettiğim 800 TL dışındaki tüm ödemenin ivedilikle tarafıma iade edilmesini, bu hafta içinde sorunun giderilmemesi halinde diğer mağdurlar ile birlikte hukuki yollara başvurma hakkımı saklı tuttuğumun dikkate alınmasını ve süreçle ilgili tarafıma yazılı olarak bilgilendirme yapılmasını talep ediyorum.",4 Ağustos 00:08,31,,,,False,,,False,,,1,8 Ağustos 00:33,"Alınmayan hizmetin ücret iadesi 28 iş günü sonra yapılacağı söylendi. Yani toplamda 1 buçuk ay sonra demek oluyor. Bu yasal ve adil değil, ancak beklememizi istiyorlar.",COMPLAINT_MATCHED,,Dedicated single-property source page,https://www.sikayetvar.com/ladonia-hotels-zemda,2026-08-25T12:58:29.219502+00:00,"Oda Hazır Değildi, Konaklama Alınamadı Ve İade Yapılmadı","Bodrum Gümüşlük’te bulunan Zemda Otel için 01.07.2026 tarihinde w108425 numaralı rezervasyonumu gerçekleştirdim. 12–18 Temmuz 2026 tarihleri arasında konaklamak üzere yaptığım bu rezervasyon kapsamında 01.07.2026 tarihinde 7.400 TL kapora, 02.07.2026 tarihinde ise kalan 60.000 TL’yi kredi kartı ile ödedim. 12.07.2026 tarihinde otele giriş yapmak üzere geldiğimde, tarafıma tahsis edilmesi gereken odanın hazır olmadığı, odanın temizlenmediği, temizlik personelinin bulunmadığı ve alternatif bir oda da verilemeyeceği tarafıma bildirildi. Bu nedenle tamamen işletmeden kaynaklanan sebeplerle konaklama hizmetinden hiç yararlanamadan otelden ayrılmak zorunda kaldım. Otelden ayrılmadan önce rezervasyonu oluşturan S***** Bey, otel yetkililerinin onayıyla rezervasyonun iptal edildiğini ve ödediğim ücretin en geç 14 gün içerisinde iade edileceğini ifade etti. Kısa süre sonra Operasyon Birimi’nden G**** Hanım tarafından da aranarak iptal ve iade işleminin onaylandığı tekrar teyit edildi. Bu süreçte tarafıma bildirilen 800 TL’lik kesintiyi de özellikle kabul etmiş olmama rağmen, aradan geçen süreye ve verilen iade süresinin çoktan dolmasına rağmen herhangi bir iade yapılmadı. Sonrasında otel yetkilileri ve operasyon birimi ile tekrar iletişime geçtiğimde, “muhasebeye bildireceğiz” denilmesine rağmen daha sonra telefonlarıma cevap verilmemeye başlandı. Ayrıca benzer konuda sıkıntı yaşadığını belirten pek çok müşteri olduğunu da görmekteyim. Hiçbir şekilde hizmet alamadığım bu konaklama için, kesinti yapılmasını kabul ettiğim 800 TL dışındaki tüm ödemenin ivedilikle tarafıma iade edilmesini, bu hafta içinde sorunun giderilmemesi halinde diğer mağdurlar ile birlikte hukuki yollara başvurma hakkımı saklı tuttuğumun dikkate alınmasını ve süreçle ilgili tarafıma yazılı olarak bilgilendirme yapılmasını talep ediyorum.",,,1828,229,56,8,,,,,False,False,False,False,False,False,False,False,False,2026-08-25 12:58:29.219502,2026-08-04 00:08:00,True,DAY_MONTH_TIME_NO_YEAR,False,False,True,False,2026,8,2026-08,,,31,,1,False,False,False,True,False,False,Ladonia Hotels Zemda,Gümüşlük,3.8,376,,,,70.0,False,False,False,1,0,1,0,2026-08-08 00:33:00,2026-08-08 00:33:00,False,False,False
iptal-sonrasi-uzun-sureli-geri-odeme-bekleyisi-ve-finansal-magduriyet,https://www.sikayetvar.com/ladonia-hotels-zemda/iptal-sonrasi-uzun-sureli-geri-odeme-bekleyisi-ve-finansal-magduriyet,https://www.sikayetvar.com/ladonia-hotels-zemda/iptal-sonrasi-uzun-sureli-geri-odeme-bekleyisi-ve-finansal-magduriyet,BOD077,Ladonia Hotels Zemda,Gümüşlük,Ladonia Hotels Zemda,iptal-sonrasi-uzun-sureli-geri-odeme-bekleyisi-ve-finansal-magduriyet,https://www.sikayetvar.com/ladonia-hotels-zemda/iptal-sonrasi-uzun-sureli-geri-odeme-bekleyisi-ve-finansal-magduriyet,İptal Sonrası Uzun Süreli Geri Ödeme Bekleyişi Ve Finansal Mağduriyet,"Ladonia Hotels Zemda ile 15 Temmuz–21 Temmuz tarihleri arasını kapsayan bir konaklama için, haziran ayında iki oda, beş kişi olacak şekilde yaklaşık 80 bin tl tutarında direkt otel üzerinden rezervasyon yaptırdık. Daha sonra yine haziran ayında rezervasyonu iptal etmek zorunda kaldık ve telefonla otelle görüşerek iade talebimizi ilettik.
Otel, kredi kartımdan çekilen ödemenin iadesini 28 gün sonra yapabileceklerini söyledi. Bu süre zarfında kredi kartı ekstrem kesildi ve hiç konaklamadığımız, gitmediğimiz otelin ücretini ödemek zorunda kaldım. Bu durum nedeniyle maddi olarak zor durumda kaldım. Telefonda defalarca ricada bulunmama rağmen iadenin erken yapılması yönünde hiçbir yardımcı olmadılar ve paramı kullanmaya devam ettiler.
Aynı rezervasyonu arkadaşlarımla birlikte grup halinde yapmıştık ve sadece benim değil, Hasan Ali A***** ve M**** T******* adına yapılan rezervasyonlar dahil hiçbirimizin ücret iadesi yapılmadı. Otelin bu tutumu nedeniyle mağdur durumdayız.
Ödediğimiz tutarların, kredi kartına gereksiz yere bu kadar uzun süre bekletilmeden, en kısa sürede iade edilmesini ve benzer mağduriyetler yaşamamak adına bu süreçte yaşanan aksaklıkla ilgili tarafıma açıklama yapılmasını talep ediyorum.",22 Temmuz 20:03,31,,,,False,,,False,,,0,,,COMPLAINT_MATCHED,,Dedicated single-property source page,https://www.sikayetvar.com/ladonia-hotels-zemda,2026-08-25T12:58:29.219502+00:00,İptal Sonrası Uzun Süreli Geri Ödeme Bekleyişi Ve Finansal Mağduriyet,"Ladonia Hotels Zemda ile 15 Temmuz–21 Temmuz tarihleri arasını kapsayan bir konaklama için, haziran ayında iki oda, beş kişi olacak şekilde yaklaşık 80 bin tl tutarında direkt otel üzerinden rezervasyon yaptırdık. Daha sonra yine haziran ayında rezervasyonu iptal etmek zorunda kaldık ve telefonla otelle görüşerek iade talebimizi ilettik. Otel, kredi kartımdan çekilen ödemenin iadesini 28 gün sonra yapabileceklerini söyledi. Bu süre zarfında kredi kartı ekstrem kesildi ve hiç konaklamadığımız, gitmediğimiz otelin ücretini ödemek zorunda kaldım. Bu durum nedeniyle maddi olarak zor durumda kaldım. Telefonda defalarca ricada bulunmama rağmen iadenin erken yapılması yönünde hiçbir yardımcı olmadılar ve paramı kullanmaya devam ettiler. Aynı rezervasyonu arkadaşlarımla birlikte grup halinde yapmıştık ve sadece benim değil, Hasan Ali A***** ve M**** T******* adına yapılan rezervasyonlar dahil hiçbirimizin ücret iadesi yapılmadı. Otelin bu tutumu nedeniyle mağdur durumdayız. Ödediğimiz tutarların, kredi kartına gereksiz yere bu kadar uzun süre bekletilmeden, en kısa sürede iade edilmesini ve benzer mağduriyetler yaşamamak adına bu süreçte yaşanan aksaklıkla ilgili tarafıma açıklama yapılmasını talep ediyorum.",,,1219,162,69,10,,,,,False,False,False,False,False,False,False,False,False,2026-08-25 12:58:29.219502,2026-07-22 20:03:00,True,DAY_MONTH_TIME_NO_YEAR,False,False,True,False,2026,7,2026-07,,,31,,0,False,False,False,False,False,False,Ladonia Hotels Zemda,Gümüşlük,3.8,376,,,,70.0,False,False,False,0,0,0,0,,,False,False,False
iptal-edilen-otel-rezervasyonunun-iadesi-hala-beklemede,https://www.sikayetvar.com/ladonia-hotels-zemda/iptal-edilen-otel-rezervasyonunun-iadesi-hala-beklemede,https://www.sikayetvar.com/ladonia-hotels-zemda/iptal-edilen-otel-rezervasyonunun-iadesi-hala-beklemede,BOD077,Ladonia Hotels Zemda,Gümüşlük,Ladonia Hotels Zemda,iptal-edilen-otel-rezervasyonunun-iadesi-hala-beklemede,https://www.sikayetvar.com/ladonia-hotels-zemda/iptal-edilen-otel-rezervasyonunun-iadesi-hala-beklemede,İptal Edilen Otel Rezervasyonunun İadesi Hâlâ Beklemede,"28 Haziran tarihinde Bodrum’daki Ladonia Hotels Zemda Otel için kendi web sitesi üzerinden rezervasyon yaptık ve yaklaşık 32.500 TL tutarında ödeme gerçekleştirdik. Ertesi gün rezervasyonu iptal ettirmemize rağmen, üzerinden uzun süre geçmesine karşın ücret iadesi hâlâ hesabımıza yatırılmadı.
Yaklaşık bir aydır otelle görüşme halindeyiz. Otel yetkilileri, iadenin 28 iş günü içinde yapılacağını söylemekle birlikte, net ve kesin bir iade tarihi paylaşmıyor. İptal edilmiş bir rezervasyonun ücretinin bu kadar uzun süre bekletilmesini ve belirsiz bir süreye yayılmasını doğru bulmuyoruz.
Ödediğimiz tutarın daha fazla gecikme yaşanmadan tarafımıza iade edilmesini ve iade süreciyle ilgili açık, net ve yazılı bir bilgilendirme yapılmasını talep ediyoruz.",22 Temmuz 18:09,31,,,,False,,,False,,,0,,,COMPLAINT_MATCHED,,Dedicated single-property source page,https://www.sikayetvar.com/ladonia-hotels-zemda,2026-08-25T12:58:29.219502+00:00,İptal Edilen Otel Rezervasyonunun İadesi Hâlâ Beklemede,"28 Haziran tarihinde Bodrum’daki Ladonia Hotels Zemda Otel için kendi web sitesi üzerinden rezervasyon yaptık ve yaklaşık 32.500 TL tutarında ödeme gerçekleştirdik. Ertesi gün rezervasyonu iptal ettirmemize rağmen, üzerinden uzun süre geçmesine karşın ücret iadesi hâlâ hesabımıza yatırılmadı. Yaklaşık bir aydır otelle görüşme halindeyiz. Otel yetkilileri, iadenin 28 iş günü içinde yapılacağını söylemekle birlikte, net ve kesin bir iade tarihi paylaşmıyor. İptal edilmiş bir rezervasyonun ücretinin bu kadar uzun süre bekletilmesini ve belirsiz bir süreye yayılmasını doğru bulmuyoruz. Ödediğimiz tutarın daha fazla gecikme yaşanmadan tarafımıza iade edilmesini ve iade süreciyle ilgili açık, net ve yazılı bir bilgilendirme yapılmasını talep ediyoruz.",,,755,100,55,7,,,,,False,False,False,False,False,False,False,False,False,2026-08-25 12:58:29.219502,2026-07-22 18:09:00,True,DAY_MONTH_TIME_NO_YEAR,False,False,True,False,2026,7,2026-07,,,31,,0,False,False,False,False,False,False,Ladonia Hotels Zemda,Gümüşlük,3.8,376,,,,70.0,False,False,False,0,0,0,0,,,False,False,False
ladonia-hotels-zemda-oda-son-derece-kirliydi,https://www.sikayetvar.com/ladonia-hotels-zemda/ladonia-hotels-zemda-oda-son-derece-kirliydi,https://www.sikayetvar.com/ladonia-hotels-zemda/ladonia-hotels-zemda-oda-son-derece-kirliydi,BOD077,Ladonia Hotels Zemda,Gümüşlük,Ladonia Hotels Zemda,ladonia-hotels-zemda-oda-son-derece-kirliydi,https://www.sikayetvar.com/ladonia-hotels-zemda/ladonia-hotels-zemda-oda-son-derece-kirliydi,Oda Son Derece Kirliydi,"Bodrum’daki Ladonia Zemda Hotel’de 15–22 Temmuz tarihleri arasında, 7 gecelik konaklama için satış departmanından, b** Bey üzerinden toplam 42.500 TL’lik rezervasyon yaptırdım. Ancak daha ilk geceden itibaren yaşadıklarımız hem sağlık hem de hijyen açısından kabul edilemez boyuttaydı.
İlk gece bize verilen odaya girdiğimizde oda son derece kirliydi. Klozette dışkı vardı, odada bir kadına ait iç çamaşırı asılı duruyordu, her yer toz içindeydi ve temizlenmemişti. Odada kocaman örümcekler vardı ve ortam kalınacak gibi değildi. Bu durum karşısında oda hijyenine dair rahatsızlığımızı hemen otel yetkililerine ilettik.
Resepsiyon ve otel müdürü b** Hanım’a bu sorunları aktarmamıza rağmen zamanında geri dönüş yapılmadı, oda değişikliği talebimiz karşılanmadı. Bize başka bir oda ayarlanacağı söylendi ancak sonrasında “otel dolu” denilerek bu söz tutulmadı, oysa otel sakindi. İletişim numaramızı özellikle, oda hazır olduğunda bizi aramaları için bırakmamıza rağmen gece boyunca bize herhangi bir bilgi verilmedi, gece otele döndüğümüzde de yetkili kişi çoktan odasına çekilmişti.
İki kadın olarak dışarıda, bölgede domuzların dolaştığı bir ortamda geceyi geçirmek yerine, mecburen birkaç saat o odada kalmak zorunda kaldık. Buna rağmen, hijyen sorunu nedeniyle fiilen uyuyamadığımız, konforlu şekilde kullanamadığımız ilk gecenin ücretinde kesinti yapıldı ve satış departmanı da bu konuda hiçbir destek vermeyip kesinti yapılacağını belirtti.
Uyumadığım, hijyen sorunları nedeniyle kullanamadığım ve mağdur olduğum ilk gecenin ücretini kesinlikle kabul etmiyor, 15 Temmuz gecesine ait tutarın tarafıma iade edilmesini talep ediyorum. Yaşadığım bu olumsuz deneyimin dikkate alınmasını ve tarafıma en kısa sürede dönüş yapılmasını istiyorum.",17 Temmuz 13:38,32,,,,False,,,False,,,0,,,COMPLAINT_MATCHED,,Dedicated single-property source page,https://www.sikayetvar.com/ladonia-hotels-zemda,2026-08-25T12:58:29.219502+00:00,Oda Son Derece Kirliydi,"Bodrum’daki Ladonia Zemda Hotel’de 15–22 Temmuz tarihleri arasında, 7 gecelik konaklama için satış departmanından, b** Bey üzerinden toplam 42.500 TL’lik rezervasyon yaptırdım. Ancak daha ilk geceden itibaren yaşadıklarımız hem sağlık hem de hijyen açısından kabul edilemez boyuttaydı. İlk gece bize verilen odaya girdiğimizde oda son derece kirliydi. Klozette dışkı vardı, odada bir kadına ait iç çamaşırı asılı duruyordu, her yer toz içindeydi ve temizlenmemişti. Odada kocaman örümcekler vardı ve ortam kalınacak gibi değildi. Bu durum karşısında oda hijyenine dair rahatsızlığımızı hemen otel yetkililerine ilettik. Resepsiyon ve otel müdürü b** Hanım’a bu sorunları aktarmamıza rağmen zamanında geri dönüş yapılmadı, oda değişikliği talebimiz karşılanmadı. Bize başka bir oda ayarlanacağı söylendi ancak sonrasında “otel dolu” denilerek bu söz tutulmadı, oysa otel sakindi. İletişim numaramızı özellikle, oda hazır olduğunda bizi aramaları için bırakmamıza rağmen gece boyunca bize herhangi bir bilgi verilmedi, gece otele döndüğümüzde de yetkili kişi çoktan odasına çekilmişti. İki kadın olarak dışarıda, bölgede domuzların dolaştığı bir ortamda geceyi geçirmek yerine, mecburen birkaç saat o odada kalmak zorunda kaldık. Buna rağmen, hijyen sorunu nedeniyle fiilen uyuyamadığımız, konforlu şekilde kullanamadığımız ilk gecenin ücretinde kesinti yapıldı ve satış departmanı da bu konuda hiçbir destek vermeyip kesinti yapılacağını belirtti. Uyumadığım, hijyen sorunları nedeniyle kullanamadığım ve mağdur olduğum ilk gecenin ücretini kesinlikle kabul etmiyor, 15 Temmuz gecesine ait tutarın tarafıma iade edilmesini talep ediyorum. Yaşadığım bu olumsuz deneyimin dikkate alınmasını ve tarafıma en kısa sürede dönüş yapılmasını istiyorum.",,,1743,231,23,4,,,,,False,False,False,False,False,False,False,False,False,2026-08-25 12:58:29.219502,2026-07-17 13:38:00,True,DAY_MONTH_TIME_NO_YEAR,False,False,True,False,2026,7,2026-07,,,32,,0,False,False,False,False,False,False,Ladonia Hotels Zemda,Gümüşlük,3.8,376,,,,70.0,False,False,False,0,0,0,0,,,False,False,False
30-bin-tl-geri-odeme-yapilmiyor-ve-telefonlara-cevap-verilmiyor,https://www.sikayetvar.com/ladonia-hotels-zemda/30-bin-tl-geri-odeme-yapilmiyor-ve-telefonlara-cevap-verilmiyor,https://www.sikayetvar.com/ladonia-hotels-zemda/30-bin-tl-geri-odeme-yapilmiyor-ve-telefonlara-cevap-verilmiyor,BOD077,Ladonia Hotels Zemda,Gümüşlük,Ladonia Hotels Zemda,30-bin-tl-geri-odeme-yapilmiyor-ve-telefonlara-cevap-verilmiyor,https://www.sikayetvar.com/ladonia-hotels-zemda/30-bin-tl-geri-odeme-yapilmiyor-ve-telefonlara-cevap-verilmiyor,30 Bin TL Geri Ödeme Yapılmıyor Ve Telefonlara Cevap Verilmiyor,"Ladonia Hotels Zemda ile 26 Haziran tarihinde telefon üzerinden yaklaşık 30.000 TL tutarında bir rezervasyon yaptım. Aynı gün rezervasyonu iptal ettim ve iptal esnasında bana “günübirlik iade” yapılacağı söylendi. Bu bilgiye güvenerek bekledim ancak hesabıma herhangi bir iade geçilmedi.
Daha sonra tekrar aradığımda bu kez iadenin ayın 1’inde yapılabileceği söylendi. Mail ve IBAN bilgilerim istendi, bunları da eksiksiz ilettik. Buna rağmen ayın 6’sı olmasına karşın hâlâ iade yapılmadığı gibi artık telefonlarıma da cevap vermiyorlar, şikayet ve iade talebim tamamen görmezden geliniyor.
Bu süreçte hem maddi hem manevi olarak mağdur edildim. Ödediğim yaklaşık 30.000 TL tutarındaki ücretin derhal ve eksiksiz bir şekilde tarafıma iade edilmesini, ayrıca telefonlara cevap verilmeyerek müşterinin bu şekilde mağdur bırakılmasının açıklanmasını ve bir daha tekrarlanmaması için gerekli adımların atılmasını talep ediyorum.",6 Temmuz 14:50,47,,,,False,,,False,,,1,13 Temmuz 13:37,Bugün ayin 13 u tekrar aradığımda bana 21 günden önce iade yapamayacaklarını söyleyip tekrar uzattılar sureci. Dedim öncesinde günübirlik yapabiliriz dediniz yapmadınız ayin 1 inde dediniz yapmadınız bu sefer de 21 günden önce Yapamayız diyorsunuz ben inanmıyorum Savcılığa şikayette bulundum dediğimde bana hakaretler ve küfürler saydırmaya başladılar telefonda. Nereden düştüm bu batağa bilmiyorum insani bu kadar kendi parasıyla rezil eden sürükleyen başka bir isletme hayatımda görmedim duymadım,COMPLAINT_MATCHED,,Dedicated single-property source page,https://www.sikayetvar.com/ladonia-hotels-zemda,2026-08-25T12:58:29.219502+00:00,30 Bin TL Geri Ödeme Yapılmıyor Ve Telefonlara Cevap Verilmiyor,"Ladonia Hotels Zemda ile 26 Haziran tarihinde telefon üzerinden yaklaşık 30.000 TL tutarında bir rezervasyon yaptım. Aynı gün rezervasyonu iptal ettim ve iptal esnasında bana “günübirlik iade” yapılacağı söylendi. Bu bilgiye güvenerek bekledim ancak hesabıma herhangi bir iade geçilmedi. Daha sonra tekrar aradığımda bu kez iadenin ayın 1’inde yapılabileceği söylendi. Mail ve IBAN bilgilerim istendi, bunları da eksiksiz ilettik. Buna rağmen ayın 6’sı olmasına karşın hâlâ iade yapılmadığı gibi artık telefonlarıma da cevap vermiyorlar, şikayet ve iade talebim tamamen görmezden geliniyor. Bu süreçte hem maddi hem manevi olarak mağdur edildim. Ödediğim yaklaşık 30.000 TL tutarındaki ücretin derhal ve eksiksiz bir şekilde tarafıma iade edilmesini, ayrıca telefonlara cevap verilmeyerek müşterinin bu şekilde mağdur bırakılmasının açıklanmasını ve bir daha tekrarlanmaması için gerekli adımların atılmasını talep ediyorum.",,,924,124,63,10,,,,,False,False,False,False,False,False,False,False,False,2026-08-25 12:58:29.219502,2026-07-06 14:50:00,True,DAY_MONTH_TIME_NO_YEAR,False,False,True,False,2026,7,2026-07,,,47,,1,False,False,False,False,False,False,Ladonia Hotels Zemda,Gümüşlük,3.8,376,,,,70.0,False,False,False,1,0,1,0,2026-07-13 13:37:00,2026-07-13 13:37:00,False,False,False
ucret-iadesi-reddi-ve-sacma-bahanelerle-karsilasilan-ciddiyetsiz-otel,https://www.sikayetvar.com/le-meridien-bodrum-beach-resort/ucret-iadesi-reddi-ve-sacma-bahanelerle-karsilasilan-ciddiyetsiz-otel,https://www.sikayetvar.com/le-meridien-bodrum-beach-resort/ucret-iadesi-reddi-ve-sacma-bahanelerle-karsilasilan-ciddiyetsiz-otel,BOD107,Le Méridien Bodrum Beach Resort,Güvercinlik,Le Meridien Bodrum Beach Resort,ucret-iadesi-reddi-ve-sacma-bahanelerle-karsilasilan-ciddiyetsiz-otel,https://www.sikayetvar.com/le-meridien-bodrum-beach-resort/ucret-iadesi-reddi-ve-sacma-bahanelerle-karsilasilan-ciddiyetsiz-otel,Ücret İadesi Reddi Ve Saçma Bahanelerle Karşılaşılan Ciddiyetsiz Otel,Temizlikle hiçbir alakası olmayan işletme ücret iadesi yapmamak için kork takla atıp saçma sapan bahaneler sundu. Dünyanın parasını alıp hizmet verememek nasıl bir olaydır. İşletme hayatımda gördüğüm en ciddiyetsiz otel olabilir. Kurumsallıkla zaten hiçbir alakası yok,17 Temmuz 15:22,1,,,,False,,,False,,,0,,,COMPLAINT_MATCHED,,Dedicated single-property source page,https://www.sikayetvar.com/le-meridien-bodrum-beach-resort,2026-08-25T12:58:29.219502+00:00,Ücret İadesi Reddi Ve Saçma Bahanelerle Karşılaşılan Ciddiyetsiz Otel,Temizlikle hiçbir alakası olmayan işletme ücret iadesi yapmamak için kork takla atıp saçma sapan bahaneler sundu. Dünyanın parasını alıp hizmet verememek nasıl bir olaydır. İşletme hayatımda gördüğüm en ciddiyetsiz otel olabilir. Kurumsallıkla zaten hiçbir alakası yok,,,268,36,69,9,,,,,False,False,True,False,False,True,False,False,False,2026-08-25 12:58:29.219502,2026-07-17 15:22:00,True,DAY_MONTH_TIME_NO_YEAR,False,False,True,False,2026,7,2026-07,,,1,,0,False,False,False,False,False,False,Le Méridien Bodrum Beach Resort,Güvercinlik,4.2,848,,,,426.0,False,False,False,0,0,0,0,,,False,False,False
depozito-iadesi-bir-ay-gecmesine-ragmen-yapilmadi,https://www.sikayetvar.com/le-meridien-bodrum-beach-resort/depozito-iadesi-bir-ay-gecmesine-ragmen-yapilmadi,https://www.sikayetvar.com/le-meridien-bodrum-beach-resort/depozito-iadesi-bir-ay-gecmesine-ragmen-yapilmadi,BOD107,Le Méridien Bodrum Beach Resort,Güvercinlik,Le Meridien Bodrum Beach Resort,depozito-iadesi-bir-ay-gecmesine-ragmen-yapilmadi,https://www.sikayetvar.com/le-meridien-bodrum-beach-resort/depozito-iadesi-bir-ay-gecmesine-ragmen-yapilmadi,Depozito İadesi Bir Ay Geçmesine Rağmen Yapılmadı,"Bir ay önce eşimi detoks kampına gönderdim. Kalacağı her gün için oda bedelini ödememize rağmen, kredi kartından 350 Euro depozito talep edildi. Ödedik. Çıkış yapılacağı gün iade edilmesi gerekirken, aradan tam bir ay geçmesine ve defalarca aramamıza, yetkili kişilerle görüşmemize rağmen hâlen iade edilmedi. Biz zihin temizlemek isterken bu tür şeylerle zihnimizi bulandırmanız çok üzücü. Beni, ailemi ve elbette çevremi kaybettiniz.",7 Mayıs 2025 11:46,289,,,,False,,,False,,,0,,,COMPLAINT_MATCHED,,Dedicated single-property source page,https://www.sikayetvar.com/le-meridien-bodrum-beach-resort,2026-08-25T12:58:29.219502+00:00,Depozito İadesi Bir Ay Geçmesine Rağmen Yapılmadı,"Bir ay önce eşimi detoks kampına gönderdim. Kalacağı her gün için oda bedelini ödememize rağmen, kredi kartından 350 Euro depozito talep edildi. Ödedik. Çıkış yapılacağı gün iade edilmesi gerekirken, aradan tam bir ay geçmesine ve defalarca aramamıza, yetkili kişilerle görüşmemize rağmen hâlen iade edilmedi. Biz zihin temizlemek isterken bu tür şeylerle zihnimizi bulandırmanız çok üzücü. Beni, ailemi ve elbette çevremi kaybettiniz.",,,435,61,49,7,,,,,False,False,False,False,False,False,False,False,False,2026-08-25 12:58:29.219502,2025-05-07 11:46:00,False,DAY_MONTH_YEAR_TIME,False,False,False,False,2025,5,2025-05,,,289,,0,False,False,False,False,False,False,Le Méridien Bodrum Beach Resort,Güvercinlik,4.2,848,,,,426.0,False,False,False,0,0,0,0,,,False,False,False
bodrum-otelinde-hayal-kirikligi-bayat-kahvalti-ve-hizmet-sorunlari,https://www.sikayetvar.com/le-meridien-bodrum-beach-resort/bodrum-otelinde-hayal-kirikligi-bayat-kahvalti-ve-hizmet-sorunlari,https://www.sikayetvar.com/le-meridien-bodrum-beach-resort/bodrum-otelinde-hayal-kirikligi-bayat-kahvalti-ve-hizmet-sorunlari,BOD107,Le Méridien Bodrum Beach Resort,Güvercinlik,Le Meridien Bodrum Beach Resort,bodrum-otelinde-hayal-kirikligi-bayat-kahvalti-ve-hizmet-sorunlari,https://www.sikayetvar.com/le-meridien-bodrum-beach-resort/bodrum-otelinde-hayal-kirikligi-bayat-kahvalti-ve-hizmet-sorunlari,Bodrum Otelinde Hayal Kırıklığı: Bayat Kahvaltı Ve Hizmet Sorunları,"25-27 Ekim tarihinde Bodrum'da otelinizde konaklama yaptık. Fakat ne yazık ki hiç ama hiç mutlu olmadık. Şikayetimizi sorumlu kişilere ilettim, bir de mail yolu ile paylaşmak istedim.
Kahvaltı özellikle bayat ve beklemiş ürünlerden servis edildi. Çay tabakları su lekesi ve pisti.
Kumsalda istediğimiz bira sıcak servis edildi. Israrla soğuk olduğunu söylediler, fakat servis edilen bira bardağına hiçbir yerde buz parçası atılmaz.
Tüm bunlar yetmezmiş gibi gece sular kesildi. Sabah aradığımızda genel bir kesinti olduğunu, 1 saat içinde çözüm bulunacağını ilettiler. Halbuki elektrik kesilmiş.
Kısacası, otelinizi seçtiğime pişman oldum.",30 Ekim 2024 17:39,355,,,,False,,,False,,,0,,,COMPLAINT_MATCHED,,Dedicated single-property source page,https://www.sikayetvar.com/le-meridien-bodrum-beach-resort,2026-08-25T12:58:29.219502+00:00,Bodrum Otelinde Hayal Kırıklığı: Bayat Kahvaltı Ve Hizmet Sorunları,"25-27 Ekim tarihinde Bodrum'da otelinizde konaklama yaptık. Fakat ne yazık ki hiç ama hiç mutlu olmadık. Şikayetimizi sorumlu kişilere ilettim, bir de mail yolu ile paylaşmak istedim. Kahvaltı özellikle bayat ve beklemiş ürünlerden servis edildi. Çay tabakları su lekesi ve pisti. Kumsalda istediğimiz bira sıcak servis edildi. Israrla soğuk olduğunu söylediler, fakat servis edilen bira bardağına hiçbir yerde buz parçası atılmaz. Tüm bunlar yetmezmiş gibi gece sular kesildi. Sabah aradığımızda genel bir kesinti olduğunu, 1 saat içinde çözüm bulunacağını ilettiler. Halbuki elektrik kesilmiş. Kısacası, otelinizi seçtiğime pişman oldum.",,,639,88,67,9,,,,,False,False,False,False,False,False,False,False,False,2026-08-25 12:58:29.219502,2024-10-30 17:39:00,False,DAY_MONTH_YEAR_TIME,False,False,False,False,2024,10,2024-10,,,355,,0,False,False,False,False,False,False,Le Méridien Bodrum Beach Resort,Güvercinlik,4.2,848,,,,426.0,False,False,False,0,0,0,0,,,False,False,False
le-meridien-bodrum-beach-resort-le-meridien-bodrum,https://www.sikayetvar.com/le-meridien-bodrum-beach-resort/le-meridien-bodrum-beach-resort-le-meridien-bodrum,https://www.sikayetvar.com/le-meridien-bodrum-beach-resort/le-meridien-bodrum-beach-resort-le-meridien-bodrum,BOD107,Le Méridien Bodrum Beach Resort,Güvercinlik,Le Meridien Bodrum Beach Resort,le-meridien-bodrum-beach-resort-le-meridien-bodrum,https://www.sikayetvar.com/le-meridien-bodrum-beach-resort/le-meridien-bodrum-beach-resort-le-meridien-bodrum,Le Meridien Bodrum,"O kadar gereksiz pahalı bir otel ki ve etrafta gezecek hiçbir şey yok. Bir de diyelim çıkmak istiyorsunuz, asla para iadesi yapmıyorlar. Lahmacun 500 TL, su 160 TL, saçma sapan bir yer. Yazıklar olsun, bir de su kesildi diyorlar. Belki de suyu kesmişler, arkadaşlar tam bir komedi. Tüm her şey Euro ile ama belediye suyu kesmiş. Şaka gibiler.",19 Haziran 2024 08:51,416,,,,False,,,False,,,0,,,COMPLAINT_MATCHED,,Dedicated single-property source page,https://www.sikayetvar.com/le-meridien-bodrum-beach-resort,2026-08-25T12:58:29.219502+00:00,Le Meridien Bodrum,"O kadar gereksiz pahalı bir otel ki ve etrafta gezecek hiçbir şey yok. Bir de diyelim çıkmak istiyorsunuz, asla para iadesi yapmıyorlar. Lahmacun 500 TL, su 160 TL, saçma sapan bir yer. Yazıklar olsun, bir de su kesildi diyorlar. Belki de suyu kesmişler, arkadaşlar tam bir komedi. Tüm her şey Euro ile ama belediye suyu kesmiş. Şaka gibiler.",,,342,58,18,3,,,,,False,False,False,False,False,False,False,False,False,2026-08-25 12:58:29.219502,2024-06-19 08:51:00,False,DAY_MONTH_YEAR_TIME,False,False,False,False,2024,6,2024-06,,,416,,0,False,False,False,False,False,False,Le Méridien Bodrum Beach Resort,Güvercinlik,4.2,848,,,,426.0,False,False,False,0,0,0,0,,,False,False,False
rezervasyonlu-musteriye-giris-engelleyen-ve-kaba-davranan-guvenlik-personeli,https://www.sikayetvar.com/mandarin-oriental-bodrum/rezervasyonlu-musteriye-giris-engelleyen-ve-kaba-davranan-guvenlik-personeli,https://www.sikayetvar.com/mandarin-oriental-bodrum/rezervasyonlu-musteriye-giris-engelleyen-ve-kaba-davranan-guvenlik-personeli,BOD056,"Mandarin Oriental, Bodrum",Göltürkbükü,Mandarin Oriental Bodrum,rezervasyonlu-musteriye-giris-engelleyen-ve-kaba-davranan-guvenlik-personeli,https://www.sikayetvar.com/mandarin-oriental-bodrum/rezervasyonlu-musteriye-giris-engelleyen-ve-kaba-davranan-guvenlik-personeli,Rezervasyonlu Müşteriye Giriş Engelleyen Ve Kaba Davranan Güvenlik Personeli,"22.06.2026 tarihinde Golden Goose mağazasındaki rezervasyonum için Mandarin Oriental Bodrum’a gittim. Tüm bilgilerimle onaylanmış bir rezervasyonum olmasına rağmen, girişte güvenlik personeli tarafından içeri alınmadım. Defalarca rezervasyonum olduğunu ve içeri girmem gerektiğini belirtmeme rağmen girişim engellendi ve ancak mağaza yetkilisinin müdahalesiyle içeri girebildim.
Bu olumsuzluk sonrası buggy beklerken, güvenlik personelinin bana karşı son derece kaba, küçümseyici ve saygısız bir tavır sergilediğine bizzat şahit oldum. Konuyu çözmek ve durumu iletmek için güvenlikten sorumlu olduğu belirtilen Ş**** Bey ile görüştüğümde ise yaşadığım mağduriyet dinlenmek yerine, daha da üstten bakan ve saygı sınırlarını zorlayan bir üslupla karşılaştım.
Ben Yurdanur H***** olarak, Mandarin Oriental gibi lüks hizmet anlayışı ve misafir memnuniyetiyle öne çıkan bir markada, üstelik rezervasyonlu bir müşteriye bu şekilde davranılmasını son derece hayal kırıklığı yaratan ve kabul edilemez bir durum olarak görüyorum. Bu nedenle yaşanan olayın kamera kayıtları üzerinden detaylı şekilde incelenmesini, tarafıma yönelik tutum ve davranışların objektif olarak değerlendirilmesini ve ilgili personeller hakkında gerekli işlemlerin yapılmasını talep ediyorum.
Ayrıca müşteri ilişkileri biriminin tarafıma yazılı veya telefon yoluyla dönüş yaparak sürecin akıbeti hakkında bilgilendirme yapmasını istiyorum. Bana 0530********12 numaralı telefondan ulaşılabilir. Tüm bu yaşananlar nedeniyle kurum adına resmi bir özür beklediğimi, bu tür saygısız ve profesyonellikten uzak yaklaşımların başka misafirlerin başına gelmemesi için gerekli adımların atılmasını özellikle vurgulamak isterim.",24 Haziran 00:27,3,,,,False,,,False,,,0,,,COMPLAINT_MATCHED,,Dedicated single-property source page,https://www.sikayetvar.com/mandarin-oriental-bodrum,2026-08-25T12:58:29.219502+00:00,Rezervasyonlu Müşteriye Giriş Engelleyen Ve Kaba Davranan Güvenlik Personeli,"22.06.2026 tarihinde Golden Goose mağazasındaki rezervasyonum için Mandarin Oriental Bodrum’a gittim. Tüm bilgilerimle onaylanmış bir rezervasyonum olmasına rağmen, girişte güvenlik personeli tarafından içeri alınmadım. Defalarca rezervasyonum olduğunu ve içeri girmem gerektiğini belirtmeme rağmen girişim engellendi ve ancak mağaza yetkilisinin müdahalesiyle içeri girebildim. Bu olumsuzluk sonrası buggy beklerken, güvenlik personelinin bana karşı son derece kaba, küçümseyici ve saygısız bir tavır sergilediğine bizzat şahit oldum. Konuyu çözmek ve durumu iletmek için güvenlikten sorumlu olduğu belirtilen Ş**** Bey ile görüştüğümde ise yaşadığım mağduriyet dinlenmek yerine, daha da üstten bakan ve saygı sınırlarını zorlayan bir üslupla karşılaştım. Ben Yurdanur H***** olarak, Mandarin Oriental gibi lüks hizmet anlayışı ve misafir memnuniyetiyle öne çıkan bir markada, üstelik rezervasyonlu bir müşteriye bu şekilde davranılmasını son derece hayal kırıklığı yaratan ve kabul edilemez bir durum olarak görüyorum. Bu nedenle yaşanan olayın kamera kayıtları üzerinden detaylı şekilde incelenmesini, tarafıma yönelik tutum ve davranışların objektif olarak değerlendirilmesini ve ilgili personeller hakkında gerekli işlemlerin yapılmasını talep ediyorum. Ayrıca müşteri ilişkileri biriminin tarafıma yazılı veya telefon yoluyla dönüş yaparak sürecin akıbeti hakkında bilgilendirme yapmasını istiyorum. Bana 0530********12 numaralı telefondan ulaşılabilir. Tüm bu yaşananlar nedeniyle kurum adına resmi bir özür beklediğimi, bu tür saygısız ve profesyonellikten uzak yaklaşımların başka misafirlerin başına gelmemesi için gerekli adımların atılmasını özellikle vurgulamak isterim.",,,1683,206,76,9,,,,,False,False,False,False,False,False,False,False,False,2026-08-25 12:58:29.219502,2026-06-24 00:27:00,True,DAY_MONTH_TIME_NO_YEAR,False,False,True,False,2026,6,2026-06,,,3,,0,False,False,False,True,False,False,"Mandarin Oriental, Bodrum",Göltürkbükü,4.7,2728,5.0,120.0,324.0,1679.0,False,False,False,0,0,0,0,,,False,False,False
yavas-servis-ve-soguk-yemekler-nedeniyle-hayal-kirikligi,https://www.sikayetvar.com/mandarin-oriental-bodrum/yavas-servis-ve-soguk-yemekler-nedeniyle-hayal-kirikligi,https://www.sikayetvar.com/mandarin-oriental-bodrum/yavas-servis-ve-soguk-yemekler-nedeniyle-hayal-kirikligi,BOD056,"Mandarin Oriental, Bodrum",Göltürkbükü,Mandarin Oriental Bodrum,yavas-servis-ve-soguk-yemekler-nedeniyle-hayal-kirikligi,https://www.sikayetvar.com/mandarin-oriental-bodrum/yavas-servis-ve-soguk-yemekler-nedeniyle-hayal-kirikligi,Yavaş Servis Ve Soğuk Yemekler Nedeniyle Hayal Kırıklığı,"Açıkçası beklentim yüksekti ama hayal kırıklığına uğradım. Servis aşırı yavaştı; siparişi verdikten sonra yemeklerin gelmesi neredeyse bir saati buldu. Üstelik gelen yemekler soğuktu. Lezzet açısından ise ortalama bile diyemem. Fiyatlar, bu kaliteye göre oldukça yüksek. Garsonlar ilgisizdi; birkaç kez bir şey rica ettik ama sürekli unuttular. Ortam güzel olabilir ama bu hizmetle bir daha gelmem çok zor.",16 Haziran 2025 00:01,417,,,,False,,,False,,,0,,,COMPLAINT_MATCHED,,Dedicated single-property source page,https://www.sikayetvar.com/mandarin-oriental-bodrum,2026-08-25T12:58:29.219502+00:00,Yavaş Servis Ve Soğuk Yemekler Nedeniyle Hayal Kırıklığı,"Açıkçası beklentim yüksekti ama hayal kırıklığına uğradım. Servis aşırı yavaştı; siparişi verdikten sonra yemeklerin gelmesi neredeyse bir saati buldu. Üstelik gelen yemekler soğuktu. Lezzet açısından ise ortalama bile diyemem. Fiyatlar, bu kaliteye göre oldukça yüksek. Garsonlar ilgisizdi; birkaç kez bir şey rica ettik ama sürekli unuttular. Ortam güzel olabilir ama bu hizmetle bir daha gelmem çok zor.",,,406,57,56,8,,,,,False,False,False,False,False,False,False,False,False,2026-08-25 12:58:29.219502,2025-06-16 00:01:00,False,DAY_MONTH_YEAR_TIME,False,False,False,False,2025,6,2025-06,,,417,,0,False,False,False,False,False,False,"Mandarin Oriental, Bodrum",Göltürkbükü,4.7,2728,5.0,120.0,324.0,1679.0,False,False,False,0,0,0,0,,,False,False,False
izin-ucretlerim-odenmedi-magdur-edildim,https://www.sikayetvar.com/mare-garden-hotel/izin-ucretlerim-odenmedi-magdur-edildim,https://www.sikayetvar.com/mare-garden-hotel/izin-ucretlerim-odenmedi-magdur-edildim,BOD010,Mare Garden Hotel,Akyarlar,Mare Garden Hotel,izin-ucretlerim-odenmedi-magdur-edildim,https://www.sikayetvar.com/mare-garden-hotel/izin-ucretlerim-odenmedi-magdur-edildim,"İzin Ücretlerim Ödenmedi, Mağdur Edildim!","İyi günler. Ben, iki senedir çalıştığım Bodrum/Muğla'ya bağlı Akyarlar Mahallesi Karaincir Sokak Migros yanı Mare Garden Butik Otel'de bu sezon izinli günlerimde çalıştırıldım. İzin kullanmak istedim fakat 'yoğunluk var, izin kullandıramayız, ücretini maaşa yansıtacağız' deyip izin kullandırmadılar. Maaş günleri geldikçe 'diğer maaş' diye oyalayıp sezon bitimine doğru 'izin ücretleri sezon sonu verilecek' dediler. Sezon sonu geldi. Sezon bitti, işten ayrıldıktan sonra numaramı engellediler. Şikayetçiyim. Hakkımı, emeğimin karşılığını istiyorum. Bana engel attıkları itibariyle ben hakkımın sonuna kadar üstünde duracağım.",12 Kasım 2024 19:38,254,,,,False,,,False,,,1,25 Aralık 2024 02:01,Hiçbir şekilde dönüş yapılmıyor sevgili şikayet var ailesi lütfen yardımcı olun ben maddiyat derdinde değilim bu gibi durumlar artmasın ve her emekçi emeğinin karşılığını alsın biz böyle güzeliz teşekkürler,COMPLAINT_MATCHED,,Dedicated single-property source page,https://www.sikayetvar.com/mare-garden-hotel,2026-08-25T12:58:29.219502+00:00,"İzin Ücretlerim Ödenmedi, Mağdur Edildim!","İyi günler. Ben, iki senedir çalıştığım Bodrum/Muğla'ya bağlı Akyarlar Mahallesi Karaincir Sokak Migros yanı Mare Garden Butik Otel'de bu sezon izinli günlerimde çalıştırıldım. İzin kullanmak istedim fakat 'yoğunluk var, izin kullandıramayız, ücretini maaşa yansıtacağız' deyip izin kullandırmadılar. Maaş günleri geldikçe 'diğer maaş' diye oyalayıp sezon bitimine doğru 'izin ücretleri sezon sonu verilecek' dediler. Sezon sonu geldi. Sezon bitti, işten ayrıldıktan sonra numaramı engellediler. Şikayetçiyim. Hakkımı, emeğimin karşılığını istiyorum. Bana engel attıkları itibariyle ben hakkımın sonuna kadar üstünde duracağım.",,,627,78,41,5,,,,,False,False,False,False,False,False,False,False,False,2026-08-25 12:58:29.219502,2024-11-12 19:38:00,False,DAY_MONTH_YEAR_TIME,False,False,False,False,2024,11,2024-11,,,254,,1,False,False,False,False,False,False,Mare Garden Hotel,Akyarlar,4.2,288,,,,165.0,False,False,False,1,0,1,0,2024-12-25 02:01:00,2024-12-25 02:01:00,False,False,False
plajda-sezlong-ve-havlu-sorunlari-ve-personel-tutumu-tatili-bozdu,https://www.sikayetvar.com/petunya-beach-resort/plajda-sezlong-ve-havlu-sorunlari-ve-personel-tutumu-tatili-bozdu,https://www.sikayetvar.com/petunya-beach-resort/plajda-sezlong-ve-havlu-sorunlari-ve-personel-tutumu-tatili-bozdu,BOD130,Petunya Beach Resort,Ortakent-Yahşi,Petunya Beach Resort,plajda-sezlong-ve-havlu-sorunlari-ve-personel-tutumu-tatili-bozdu,https://www.sikayetvar.com/petunya-beach-resort/plajda-sezlong-ve-havlu-sorunlari-ve-personel-tutumu-tatili-bozdu,Plajda Şezlong Ve Havlu Sorunları Ve Personel Tutumu Tatili Bozdu,Otelde şezlongların tamamı diğer müşteriler tarafından geceden tutuluyor sabaha hiç şezlong kalmıyordu. Bende bunun üzerine sabahtan kalkıp iki otel havlusu iki tane de kendi havlumu şezlonga serdim. Kahvaltıdan sonra denize indiğimde otel havlularım şezlong üzerinden alınmıştı. Görevlilere sorduğumda otel havlularının diğer müşterilerin kullanımı için alındığını kendi havlularımı serersem kimsenin almayacağını söylediler. Yeni havlu istedim. Göndereceğiz demelerine rağmen havlu gelmedi. Ertesi gün kendi iki havlum ile 4 adet şezlongu ayırdım sabaha karşı. Kahvaltıdan sonra tekrar gittiğimde şezlonglarda başka müşterilerin oturduğunu gördüm. Havlumun birini otelin güvenlik görevlisinin yanında buldum. Diğeri ise kayıptı. Bana otel görevlisinin almayacağını söylediler. Ama müşterilerden görenler vardı. Güneşin altında deniz kenarından resepsiyona birçok kez gidip geldim. Şezlong ve şemsiye vereceklerini söyleyerek deniz kenarına gönderdiler. Bekledim ama söylediklerini yapmadılar. Pişkin pişkin otel görevlisi almamıştır demeye devam ettiler. Otel tatilim mahvoldu. Sonunda kayıp havlum kulübelerinde bulundu. Yemekler otel güzeldi. Resepsiyondaki gençlerin hakkını yiyemem çok ilgilendiler. Ama halkla ilişkiler ve plajla ilgilenen ekibin tutumu hiç hoş değildi,12 Ağustos 09:35,70,,,,False,,,False,,,0,,,COMPLAINT_MATCHED,,Dedicated single-property source page,https://www.sikayetvar.com/petunya-beach-resort,2026-08-25T12:58:29.219502+00:00,Plajda Şezlong Ve Havlu Sorunları Ve Personel Tutumu Tatili Bozdu,Otelde şezlongların tamamı diğer müşteriler tarafından geceden tutuluyor sabaha hiç şezlong kalmıyordu. Bende bunun üzerine sabahtan kalkıp iki otel havlusu iki tane de kendi havlumu şezlonga serdim. Kahvaltıdan sonra denize indiğimde otel havlularım şezlong üzerinden alınmıştı. Görevlilere sorduğumda otel havlularının diğer müşterilerin kullanımı için alındığını kendi havlularımı serersem kimsenin almayacağını söylediler. Yeni havlu istedim. Göndereceğiz demelerine rağmen havlu gelmedi. Ertesi gün kendi iki havlum ile 4 adet şezlongu ayırdım sabaha karşı. Kahvaltıdan sonra tekrar gittiğimde şezlonglarda başka müşterilerin oturduğunu gördüm. Havlumun birini otelin güvenlik görevlisinin yanında buldum. Diğeri ise kayıptı. Bana otel görevlisinin almayacağını söylediler. Ama müşterilerden görenler vardı. Güneşin altında deniz kenarından resepsiyona birçok kez gidip geldim. Şezlong ve şemsiye vereceklerini söyleyerek deniz kenarına gönderdiler. Bekledim ama söylediklerini yapmadılar. Pişkin pişkin otel görevlisi almamıştır demeye devam ettiler. Otel tatilim mahvoldu. Sonunda kayıp havlum kulübelerinde bulundu. Yemekler otel güzeldi. Resepsiyondaki gençlerin hakkını yiyemem çok ilgilendiler. Ama halkla ilişkiler ve plajla ilgilenen ekibin tutumu hiç hoş değildi,,,1276,156,65,10,,,,,False,False,False,False,False,False,False,False,False,2026-08-25 12:58:29.219502,2026-08-12 09:35:00,True,DAY_MONTH_TIME_NO_YEAR,False,False,True,False,2026,8,2026-08,,,70,,0,False,False,False,False,False,False,Petunya Beach Resort,Ortakent-Yahşi,3.7,2687,4.0,248.0,488.0,,False,False,False,0,0,0,0,,,False,False,False
petunya-beach-resorttan-28-gun-iade-suresi-asimi-ve-magduriyet,https://www.sikayetvar.com/petunya-beach-resort/petunya-beach-resorttan-28-gun-iade-suresi-asimi-ve-magduriyet,https://www.sikayetvar.com/petunya-beach-resort/petunya-beach-resorttan-28-gun-iade-suresi-asimi-ve-magduriyet,BOD130,Petunya Beach Resort,Ortakent-Yahşi,Petunya Beach Resort,petunya-beach-resorttan-28-gun-iade-suresi-asimi-ve-magduriyet,https://www.sikayetvar.com/petunya-beach-resort/petunya-beach-resorttan-28-gun-iade-suresi-asimi-ve-magduriyet,'tan 28 Gün İade Süresi Aşımı Ve Mağduriyet,"Petunya Beach Resort oteline 30 Mart 2026 tarihinde sanal kredi kartı ile toplam 48.000 TL ödeme yaparak rezervasyon yaptırdım. Daha sonra rezervasyonumu 10.06.2026 tarihinde iptal ettim. İptal sırasında benden 1.200 TL iptal bedeli kesileceği, kalan tutarın ise 28 iş günü içinde tarafıma iade edileceği özellikle söylendi.
Aradan bu süre fazlasıyla geçmesine rağmen herhangi bir iade ödemesi yapılmadı. Ödemenin alındığı ve rezervasyonun onaylandığına dair voucher, tahsilat makbuzu, sözleşme ve rezervasyon/iptal koşullarını içeren belgeler tarafımda mevcuttur. Buna rağmen tarafıma ne bir bilgilendirme yapılmış ne de iadem gerçekleştirilmiştir. Otel, kendi yazılı iptal ve iade şartlarına uymadığı için ciddi mağduriyet yaşamaktayım.
Petunya Beach Resort’un, yapılan 1.200 TL iptal kesintisi ninde mağduriyetim fazlasıyla alındığı için bu tutarında tarafıma göndermedikleri için kesilmemesini, en kısa sürede ödemenin yapıldığı karta iade etmesini ve süreçle ilgili tarafıma yazılı ve net bir açıklama yapılmasını talep ediyorum.",4 Ağustos 17:40,97,,,,False,,,False,,,0,,,COMPLAINT_MATCHED,,Dedicated single-property source page,https://www.sikayetvar.com/petunya-beach-resort,2026-08-25T12:58:29.219502+00:00,'tan 28 Gün İade Süresi Aşımı Ve Mağduriyet,"Petunya Beach Resort oteline 30 Mart 2026 tarihinde sanal kredi kartı ile toplam 48.000 TL ödeme yaparak rezervasyon yaptırdım. Daha sonra rezervasyonumu 10.06.2026 tarihinde iptal ettim. İptal sırasında benden 1.200 TL iptal bedeli kesileceği, kalan tutarın ise 28 iş günü içinde tarafıma iade edileceği özellikle söylendi. Aradan bu süre fazlasıyla geçmesine rağmen herhangi bir iade ödemesi yapılmadı. Ödemenin alındığı ve rezervasyonun onaylandığına dair voucher, tahsilat makbuzu, sözleşme ve rezervasyon/iptal koşullarını içeren belgeler tarafımda mevcuttur. Buna rağmen tarafıma ne bir bilgilendirme yapılmış ne de iadem gerçekleştirilmiştir. Otel, kendi yazılı iptal ve iade şartlarına uymadığı için ciddi mağduriyet yaşamaktayım. Petunya Beach Resort’un, yapılan 1.200 TL iptal kesintisi ninde mağduriyetim fazlasıyla alındığı için bu tutarında tarafıma göndermedikleri için kesilmemesini, en kısa sürede ödemenin yapıldığı karta iade etmesini ve süreçle ilgili tarafıma yazılı ve net bir açıklama yapılmasını talep ediyorum.",,,1034,136,43,8,,,,,False,False,False,False,False,False,False,False,False,2026-08-25 12:58:29.219502,2026-08-04 17:40:00,True,DAY_MONTH_TIME_NO_YEAR,False,False,True,False,2026,8,2026-08,,,97,,0,False,False,False,True,False,False,Petunya Beach Resort,Ortakent-Yahşi,3.7,2687,4.0,248.0,488.0,,False,False,False,0,0,0,0,,,False,False,False
petunya-beach-resort-iadesi-31000-tl-gecikmesi-ve-belirsiz-aciklama,https://www.sikayetvar.com/petunya-beach-resort/petunya-beach-resort-iadesi-31000-tl-gecikmesi-ve-belirsiz-aciklama,https://www.sikayetvar.com/petunya-beach-resort/petunya-beach-resort-iadesi-31000-tl-gecikmesi-ve-belirsiz-aciklama,BOD130,Petunya Beach Resort,Ortakent-Yahşi,Petunya Beach Resort,petunya-beach-resort-iadesi-31000-tl-gecikmesi-ve-belirsiz-aciklama,https://www.sikayetvar.com/petunya-beach-resort/petunya-beach-resort-iadesi-31000-tl-gecikmesi-ve-belirsiz-aciklama,İadesi 31.000 TL Gecikmesi Ve Belirsiz Açıklama,"Petunya Beach Resort ile doğrudan görüşerek 21–28 Haziran tarihleri arasındaki konaklamam için rezervasyon yaptırdım ve toplam 31.000 TL ödemeyi kredi kartıyla peşin olarak gerçekleştirdim. Daha sonra bu rezervasyonu 3 Haziran günü iptal ettirdim. İptal sırasında bana ödemenin 28 iş günü içinde iade edileceği açıkça söylendi.
Ancak 28 iş günü dolmasına rağmen herhangi bir iade gerçekleşmedi. Bunun üzerine tekrar aradığımda bu kez bankadan kaynaklı işlemlerin uzadığı ve ödemenin 3 iş günü içinde kredi kartıma yatacağı bilgisi verildi. Bu bilgi de 21 Temmuz günü tarafıma iletildi. 24 Temmuz Cuma günü tekrar aradığımda bu kez muhasebe bölümüne Ticket atıldığı söylendi. Son olarak 28 Temmuz günü görüştüğümde hâlâ net bir cevap alınamadığı belirtildi.
Bir iade sürecinin bu kadar kötü yönetildiğine ilk kez şahit oluyorum. Hiçbir şekilde yetkili bir kişiyle görüştürülmüyorum, her aradığımda farklı ve ucu açık yanıtlar alıyorum ve somut bir çözüm sunulmuyor. Bugün 29 Temmuz olmasına rağmen tarafıma hâlâ herhangi bir iade yapılmadı.
Kredi kartımla peşin olarak ödediğim ve tarafımdan kaynaklanmayan bu gecikmenin derhal giderilmesini, 31.000 TL tutarındaki iademin en kısa sürede eksiksiz olarak kredi kartı hesabıma yatırılmasını ve süreçle ilgili tarafıma yazılı ve net bir açıklama yapılmasını talep ediyorum.",30 Temmuz 00:13,127,,,,False,,,False,,,1,6 Ağustos 18:22,31 temmuzda muhasebe bölümü iletişime geçti ve 5 Ağustos tarihinde ödeme yapılacağı söylendi. Ödeme 6 ağustosta gerçekleşti. Sorun çözüldü ama süreç bu kadar uzun olmamalı ve geçiştirici cevaplar verilmemeli.,COMPLAINT_MATCHED,,Dedicated single-property source page,https://www.sikayetvar.com/petunya-beach-resort,2026-08-25T12:58:29.219502+00:00,İadesi 31.000 TL Gecikmesi Ve Belirsiz Açıklama,"Petunya Beach Resort ile doğrudan görüşerek 21–28 Haziran tarihleri arasındaki konaklamam için rezervasyon yaptırdım ve toplam 31.000 TL ödemeyi kredi kartıyla peşin olarak gerçekleştirdim. Daha sonra bu rezervasyonu 3 Haziran günü iptal ettirdim. İptal sırasında bana ödemenin 28 iş günü içinde iade edileceği açıkça söylendi. Ancak 28 iş günü dolmasına rağmen herhangi bir iade gerçekleşmedi. Bunun üzerine tekrar aradığımda bu kez bankadan kaynaklı işlemlerin uzadığı ve ödemenin 3 iş günü içinde kredi kartıma yatacağı bilgisi verildi. Bu bilgi de 21 Temmuz günü tarafıma iletildi. 24 Temmuz Cuma günü tekrar aradığımda bu kez muhasebe bölümüne Ticket atıldığı söylendi. Son olarak 28 Temmuz günü görüştüğümde hâlâ net bir cevap alınamadığı belirtildi. Bir iade sürecinin bu kadar kötü yönetildiğine ilk kez şahit oluyorum. Hiçbir şekilde yetkili bir kişiyle görüştürülmüyorum, her aradığımda farklı ve ucu açık yanıtlar alıyorum ve somut bir çözüm sunulmuyor. Bugün 29 Temmuz olmasına rağmen tarafıma hâlâ herhangi bir iade yapılmadı. Kredi kartımla peşin olarak ödediğim ve tarafımdan kaynaklanmayan bu gecikmenin derhal giderilmesini, 31.000 TL tutarındaki iademin en kısa sürede eksiksiz olarak kredi kartı hesabıma yatırılmasını ve süreçle ilgili tarafıma yazılı ve net bir açıklama yapılmasını talep ediyorum.",,,1319,187,47,7,,,,,False,False,False,False,False,False,False,False,False,2026-08-25 12:58:29.219502,2026-07-30 00:13:00,True,DAY_MONTH_TIME_NO_YEAR,False,False,True,False,2026,7,2026-07,,,127,,1,False,False,False,False,False,False,Petunya Beach Resort,Ortakent-Yahşi,3.7,2687,4.0,248.0,488.0,,False,False,False,1,0,1,0,2026-08-06 18:22:00,2026-08-06 18:22:00,False,False,False
bodrum-petunya-beach-resorttan-64-bin-tl-iade-bekleniyor,https://www.sikayetvar.com/petunya-beach-resort/bodrum-petunya-beach-resorttan-64-bin-tl-iade-bekleniyor,https://www.sikayetvar.com/petunya-beach-resort/bodrum-petunya-beach-resorttan-64-bin-tl-iade-bekleniyor,BOD130,Petunya Beach Resort,Ortakent-Yahşi,Petunya Beach Resort,bodrum-petunya-beach-resorttan-64-bin-tl-iade-bekleniyor,https://www.sikayetvar.com/petunya-beach-resort/bodrum-petunya-beach-resorttan-64-bin-tl-iade-bekleniyor,Bodrum,Reservemizi 14 haziranda iptal etmemize rağmen otel ödediğim 64 bin tl ücreti 28 is günü içinde tarafıma ödemedi. Bodrum petunya Beach Resort otel hala geri dönüş sağlamadı. Otelin whats app grubuna yazmama rağmen bir dönüş olmayınca güvenim sarsıldı. Paramın iade edilmesini istiyorum,12 Temmuz 21:25,251,,,,False,,,False,,,0,,,COMPLAINT_MATCHED,,Dedicated single-property source page,https://www.sikayetvar.com/petunya-beach-resort,2026-08-25T12:58:29.219502+00:00,Bodrum,Reservemizi 14 haziranda iptal etmemize rağmen otel ödediğim 64 bin tl ücreti 28 is günü içinde tarafıma ödemedi. Bodrum petunya Beach Resort otel hala geri dönüş sağlamadı. Otelin whats app grubuna yazmama rağmen bir dönüş olmayınca güvenim sarsıldı. Paramın iade edilmesini istiyorum,,,285,42,6,1,,,,,False,False,False,False,False,False,False,False,False,2026-08-25 12:58:29.219502,2026-07-12 21:25:00,True,DAY_MONTH_TIME_NO_YEAR,False,False,True,False,2026,7,2026-07,,,251,,0,False,False,False,False,False,False,Petunya Beach Resort,Ortakent-Yahşi,3.7,2687,4.0,248.0,488.0,,False,False,False,0,0,0,0,,,False,False,False
petunya-beach-resortta-resepsiyon-hatti-cevapsiz-misafir-memnuniyeti-tehlikede,https://www.sikayetvar.com/petunya-beach-resort/petunya-beach-resortta-resepsiyon-hatti-cevapsiz-misafir-memnuniyeti-tehlikede,https://www.sikayetvar.com/petunya-beach-resort/petunya-beach-resortta-resepsiyon-hatti-cevapsiz-misafir-memnuniyeti-tehlikede,BOD130,Petunya Beach Resort,Ortakent-Yahşi,Petunya Beach Resort,petunya-beach-resortta-resepsiyon-hatti-cevapsiz-misafir-memnuniyeti-tehlikede,https://www.sikayetvar.com/petunya-beach-resort/petunya-beach-resortta-resepsiyon-hatti-cevapsiz-misafir-memnuniyeti-tehlikede,'ta Resepsiyon Hattı Cevapsız; Misafir Memnuniyeti Tehlikede,"Petunya Beach Resort’ta başka bir satış acentasından yaptırmış olduğum rezervasyonla ilgili bilgi almak ve bazı sorularımı iletmek için günlerdir otele ulaşmaya çalışıyorum. Otelin kendi telefon numarası olan 0 252 348 45 48’i aradığımda her seferinde rezervasyon birimine bağlanıyorum, resepsiyonla kesinlikle görüşemiyorum ve rezervasyon birimi de hiçbir şekilde yardımcı olmuyor.
Özellikle dün itibarıyla aynı numarayı yaklaşık 30 kez aradım; arama kayıtlarımda da görüleceği üzere hiçbir aramam karşılanmadı. Üç gündür sabah, öğle, akşam ve gece olmak üzere günde dört farklı zaman diliminde defalarca aramama rağmen resepsiyon telefonları hiçbir zaman açılmıyor. Bu durum, daha otele giriş yapmadan misafir memnuniyetine verilen önemi net bir şekilde gösteriyor ve ciddi anlamda güvenimi sarsıyor.
Ben acilen resepsiyon biriminden veya otel yönetiminden dönüş bekliyorum. Tarafıma ulaşılmasını, sorularımın yanıtlanmasını ve resepsiyon hattının gerçekten misafirler için ulaşılabilir hâle getirilmesini talep ediyorum. Aksi halde konuyu Kültür ve Turizm Bakanlığı da dahil olmak üzere ilgili mecralara taşıyacağımı belirtmek isterim.",11 Temmuz 10:55,245,,,,False,,,False,,,0,,,COMPLAINT_MATCHED,,Dedicated single-property source page,https://www.sikayetvar.com/petunya-beach-resort,2026-08-25T12:58:29.219502+00:00,'ta Resepsiyon Hattı Cevapsız; Misafir Memnuniyeti Tehlikede,"Petunya Beach Resort’ta başka bir satış acentasından yaptırmış olduğum rezervasyonla ilgili bilgi almak ve bazı sorularımı iletmek için günlerdir otele ulaşmaya çalışıyorum. Otelin kendi telefon numarası olan 0 252 348 45 48’i aradığımda her seferinde rezervasyon birimine bağlanıyorum, resepsiyonla kesinlikle görüşemiyorum ve rezervasyon birimi de hiçbir şekilde yardımcı olmuyor. Özellikle dün itibarıyla aynı numarayı yaklaşık 30 kez aradım; arama kayıtlarımda da görüleceği üzere hiçbir aramam karşılanmadı. Üç gündür sabah, öğle, akşam ve gece olmak üzere günde dört farklı zaman diliminde defalarca aramama rağmen resepsiyon telefonları hiçbir zaman açılmıyor. Bu durum, daha otele giriş yapmadan misafir memnuniyetine verilen önemi net bir şekilde gösteriyor ve ciddi anlamda güvenimi sarsıyor. Ben acilen resepsiyon biriminden veya otel yönetiminden dönüş bekliyorum. Tarafıma ulaşılmasını, sorularımın yanıtlanmasını ve resepsiyon hattının gerçekten misafirler için ulaşılabilir hâle getirilmesini talep ediyorum. Aksi halde konuyu Kültür ve Turizm Bakanlığı da dahil olmak üzere ilgili mecralara taşıyacağımı belirtmek isterim.",,,1138,147,60,7,,,,,False,False,False,False,False,False,False,False,False,2026-08-25 12:58:29.219502,2026-07-11 10:55:00,True,DAY_MONTH_TIME_NO_YEAR,False,False,True,False,2026,7,2026-07,,,245,,0,False,False,False,True,False,False,Petunya Beach Resort,Ortakent-Yahşi,3.7,2687,4.0,248.0,488.0,,False,False,False,0,0,0,0,,,False,False,False
bodrum-petunyada-sozlesmesiz-odeme-ve-28-gun-bekleyen-iade-guvenimi-sarsiyor,https://www.sikayetvar.com/petunya-beach-resort/bodrum-petunyada-sozlesmesiz-odeme-ve-28-gun-bekleyen-iade-guvenimi-sarsiyor,https://www.sikayetvar.com/petunya-beach-resort/bodrum-petunyada-sozlesmesiz-odeme-ve-28-gun-bekleyen-iade-guvenimi-sarsiyor,BOD130,Petunya Beach Resort,Ortakent-Yahşi,Petunya Beach Resort,bodrum-petunyada-sozlesmesiz-odeme-ve-28-gun-bekleyen-iade-guvenimi-sarsiyor,https://www.sikayetvar.com/petunya-beach-resort/bodrum-petunyada-sozlesmesiz-odeme-ve-28-gun-bekleyen-iade-guvenimi-sarsiyor,Bodrum Petunya’da Sözleşmesiz Ödeme Ve 28 Gün Bekleyen İade Güvenimi Sarsıyor,"Bodrum Petunya Beach Resort’tan 18 Haziran’da doğrudan oteli arayarak kredi kartıyla tatil satın aldım. Ancak ödeme yaptıktan sonra ne tarafıma herhangi bir sözleşme iletildi ne de makbuz gönderildi. Rezervasyonumu 20 Haziran’da iptal ettiğimde, resepsiyondaki görevli ücret iadesinin sözleşmeye göre 28 iş günü içinde yapılacağını söyledi, fakat benim elimde bu bilgiye veya yaptığımız işleme dair hiçbir yazılı kanıt bulunmuyor.
Hem herhangi bir sözleşme ya da belge verilmemesi hem de paramın 28 iş günü boyunca sebepsiz yere kullanılacak olması beni ciddi şekilde rahatsız etti ve güvenimi tamamen sarstı. Ayrıca yetkili biriyle kesinlikle görüşemiyorum, yalnızca resepsiyon üzerinden geçiştirildiğimi hissediyorum ve bu durum kuruma olan güvenimi tamamen bitirdi.
Ödemesini kredi kartıyla yaptığım rezervasyona ait ücretin, bu kadar uzun süre bekletilmeden, en kısa sürede ve eksiksiz şekilde hesabıma iade edilmesini ve tarafıma yazılı bilgilendirme yapılmasını talep ediyorum.",Filiz'in Teşekkür Mesajı “ Ücret iadesi yqpildigi için teşekkürler ”,,,,,False,,,False,,,1,10 Temmuz 11:15,Ücret iadesi yqpildigi için teşekkürler,COMPLAINT_MATCHED,,Dedicated single-property source page,https://www.sikayetvar.com/petunya-beach-resort,2026-08-25T12:58:29.219502+00:00,Bodrum Petunya’da Sözleşmesiz Ödeme Ve 28 Gün Bekleyen İade Güvenimi Sarsıyor,"Bodrum Petunya Beach Resort’tan 18 Haziran’da doğrudan oteli arayarak kredi kartıyla tatil satın aldım. Ancak ödeme yaptıktan sonra ne tarafıma herhangi bir sözleşme iletildi ne de makbuz gönderildi. Rezervasyonumu 20 Haziran’da iptal ettiğimde, resepsiyondaki görevli ücret iadesinin sözleşmeye göre 28 iş günü içinde yapılacağını söyledi, fakat benim elimde bu bilgiye veya yaptığımız işleme dair hiçbir yazılı kanıt bulunmuyor. Hem herhangi bir sözleşme ya da belge verilmemesi hem de paramın 28 iş günü boyunca sebepsiz yere kullanılacak olması beni ciddi şekilde rahatsız etti ve güvenimi tamamen sarstı. Ayrıca yetkili biriyle kesinlikle görüşemiyorum, yalnızca resepsiyon üzerinden geçiştirildiğimi hissediyorum ve bu durum kuruma olan güvenimi tamamen bitirdi. Ödemesini kredi kartıyla yaptığım rezervasyona ait ücretin, bu kadar uzun süre bekletilmeden, en kısa sürede ve eksiksiz şekilde hesabıma iade edilmesini ve tarafıma yazılı bilgilendirme yapılmasını talep ediyorum.",,,983,132,77,11,,,,,False,False,False,False,False,False,False,False,False,2026-08-25 12:58:29.219502,,False,UNRECOGNIZED,True,True,False,False,,,,,,,,1,False,False,False,False,False,False,Petunya Beach Resort,Ortakent-Yahşi,3.7,2687,4.0,248.0,488.0,,False,False,False,1,0,1,0,2026-07-10 11:15:00,2026-07-10 11:15:00,False,False,False
petunya-otelde-hijyen-sorunlari-ve-kirli-bardaklar,https://www.sikayetvar.com/petunya-beach-resort/petunya-otelde-hijyen-sorunlari-ve-kirli-bardaklar,https://www.sikayetvar.com/petunya-beach-resort/petunya-otelde-hijyen-sorunlari-ve-kirli-bardaklar,BOD130,Petunya Beach Resort,Ortakent-Yahşi,Petunya Beach Resort,petunya-otelde-hijyen-sorunlari-ve-kirli-bardaklar,https://www.sikayetvar.com/petunya-beach-resort/petunya-otelde-hijyen-sorunlari-ve-kirli-bardaklar,Petunya Otel'de Hijyen Sorunları Ve Kirli Bardaklar,"1–6 Haziran 2026 tarihleri arasında Bodrum’daki Petunya Otel’de toplam 3 oda, oda başı 2 kişi olacak şekilde konakladık ve her oda için yaklaşık 38 bin tl ödedik. Otelde kaldığımız süre boyunca özellikle restoran ve bardaki hijyen konusunda ciddi hayal kırıklığı yaşadık.
Çay bardakları neredeyse hiç temiz yıkanmıyordu. Defalarca uyarıda bulunmamıza rağmen yemek artıklarıyla dolu, lekeli bardaklarda ikram yapıldı. Ben bu durumu birkaç kez restoran çalışanlarına ilettim, ayrıca ismini hatırladığım için özellikle belirtiyorum, şef garson O**** Bey’e de iki kez durumu anlattım. Ancak kendisi sadece “söylüyoruz ama böyle yıkıyorlar” diyerek geçiştirdi, kalıcı bir çözüm üretilmedi ve kirli bardaklar kullanılmaya devam etti.
Bunun yanında yemek çeşitliliği de son derece yetersizdi. Kırmızı et hiç çıkmadı, ana yemeklerde çeşit çok azdı. 6 gece 7 gün boyunca bir kez bile karpuz ikram edilmedi. Sürekli elma, Armut ve dilim portakal vardı, kayısı ise sona kalırsanız zaten kalmıyordu. Ödediğimiz ücrete ve otelin sunduğunu iddia ettiği hizmete göre beklediğimiz kaliteyi kesinlikle bulamadık.
Otel yönetiminden özellikle restoran ve bardaki hijyenin acilen düzeltilmesini, bardak ve bulaşıkların gerçekten temiz yıkanmasını ve gıda güvenliğine uygun şekilde servis yapılmasını istiyoruz. Ayrıca sunulan yemek çeşitliliğinin ve meyve ikramlarının da ödenen ücrete yakışır şekilde artırılmasını, bu yaşadığımız olumsuz deneyimin de yetkililer tarafından ciddiyetle incelenmesini talep ediyorum.",10 Haziran 21:12,632,,,,False,,,False,,,0,,,COMPLAINT_MATCHED,,Dedicated single-property source page,https://www.sikayetvar.com/petunya-beach-resort,2026-08-25T12:58:29.219502+00:00,Petunya Otel'de Hijyen Sorunları Ve Kirli Bardaklar,"1–6 Haziran 2026 tarihleri arasında Bodrum’daki Petunya Otel’de toplam 3 oda, oda başı 2 kişi olacak şekilde konakladık ve her oda için yaklaşık 38 bin tl ödedik. Otelde kaldığımız süre boyunca özellikle restoran ve bardaki hijyen konusunda ciddi hayal kırıklığı yaşadık. Çay bardakları neredeyse hiç temiz yıkanmıyordu. Defalarca uyarıda bulunmamıza rağmen yemek artıklarıyla dolu, lekeli bardaklarda ikram yapıldı. Ben bu durumu birkaç kez restoran çalışanlarına ilettim, ayrıca ismini hatırladığım için özellikle belirtiyorum, şef garson O**** Bey’e de iki kez durumu anlattım. Ancak kendisi sadece “söylüyoruz ama böyle yıkıyorlar” diyerek geçiştirdi, kalıcı bir çözüm üretilmedi ve kirli bardaklar kullanılmaya devam etti. Bunun yanında yemek çeşitliliği de son derece yetersizdi. Kırmızı et hiç çıkmadı, ana yemeklerde çeşit çok azdı. 6 gece 7 gün boyunca bir kez bile karpuz ikram edilmedi. Sürekli elma, Armut ve dilim portakal vardı, kayısı ise sona kalırsanız zaten kalmıyordu. Ödediğimiz ücrete ve otelin sunduğunu iddia ettiği hizmete göre beklediğimiz kaliteyi kesinlikle bulamadık. Otel yönetiminden özellikle restoran ve bardaki hijyenin acilen düzeltilmesini, bardak ve bulaşıkların gerçekten temiz yıkanmasını ve gıda güvenliğine uygun şekilde servis yapılmasını istiyoruz. Ayrıca sunulan yemek çeşitliliğinin ve meyve ikramlarının da ödenen ücrete yakışır şekilde artırılmasını, bu yaşadığımız olumsuz deneyimin de yetkililer tarafından ciddiyetle incelenmesini talep ediyorum.",,,1495,201,51,7,,,,,False,False,False,False,False,False,False,False,False,2026-08-25 12:58:29.219502,2026-06-10 21:12:00,True,DAY_MONTH_TIME_NO_YEAR,False,False,True,False,2026,6,2026-06,,,632,,0,False,False,False,False,False,False,Petunya Beach Resort,Ortakent-Yahşi,3.7,2687,4.0,248.0,488.0,,False,False,False,0,0,0,0,,,False,False,False
bodrum-petunya-beach-otel-sikayeti,https://www.sikayetvar.com/petunya-beach-resort/bodrum-petunya-beach-otel-sikayeti,https://www.sikayetvar.com/petunya-beach-resort/bodrum-petunya-beach-otel-sikayeti,BOD130,Petunya Beach Resort,Ortakent-Yahşi,Petunya Beach Resort,bodrum-petunya-beach-otel-sikayeti,https://www.sikayetvar.com/petunya-beach-resort/bodrum-petunya-beach-otel-sikayeti,Bodrum Petunya Beach Otel Şikayeti,"28 Mayıs–2 Haziran tarihleri arasında Bodrum Petunya Beach Otel’de konakladık. Dört yıl önce bir arkadaşımız bu otelde kalıp tavsiye ettiği için güvenerek tercih ettik ancak yaşadıklarımız tam bir hayal kırıklığı oldu. Daha ilk günden itibaren yemeklerin kalitesi ve hijyen seviyesi kabul edilemez düzeydeydi. Ekmekler bayattı, birçok yemek tam pişmemişti, sunulan yeşillikler yıpranmış ve çöpe atılacak gibiydi. Tatlılar ise sanki günlerdir açık reyonda beklemiş gibi kupkuru, bozulmaya yüz tutmuş ve ekşimsi bir tatta sunuluyordu.
Otelin genel hijyeni de son derece kötüydü. Havlular kullanılır durumda değildi, rutubet kokuyordu ve aynı durum çarşaflarda da vardı. Otele giriş yaptığımızda verilen odalarla ilgili sorunlarımız da buradan itibaren başladı. Grup halinde gittik ve iki oda tuttuk. Arkadaşımıza engelli odası verildi, bize ise internet sitesinde hiçbir şekilde gösterilmeyen, dümdüz duvara bakan bir oda tahsis edildi. Resepsiyonda yaklaşık bir saat uğraşmamız sonucunda odalarımızı değiştirebildik fakat bu kez de yoğun bir koku nedeniyle uyuyamadığımız odalara geçmek zorunda kaldık. Tüm otelin tuvalet kokusu adeta bizim odalarda toplanmış gibiydi, bu yüzden ne balkona çıkabildik ne de cam açabildik.
Toplamda 5 gece için, oda başı 28.000 TL ödedik ancak yaşadığımız koşullar sebebiyle konaklamamızı erken bitirmek zorunda kalıp 1 Haziran’da otelden çıkış yaptık. Tüm bu süreç boyunca resepsiyon ve yetkililer kesinlikle çözüm odaklı davranmadı, sorunlar uzadıkça da tutumları giderek daha umursamaz ve sert bir hale dönüştü. Odamız sadece zorla ve tavırlarla değiştirilmek istendi, yaşadığımız hijyen ve koku sorunlarına yönelik hiçbir kalıcı çözüm sunulmadı.
Bu yaşadıklarımız nedeniyle hem kalmadığımız gecenin ücretinin iadesini hem de mümkünse ödediğimiz tutar üzerinden kısmi bir iade talep ediyoruz. Ayrıca bu şartların ve yaşanan olumsuzlukların diğer misafirlerin de bilgisine sunulmasını, otel yönetiminin hijyen, oda standartları ve müşteri yaklaşımı konusunda acilen iyileştirme yapmasını diliyoruz",,,,,,False,,,False,,,0,,,COMPLAINT_MATCHED,,Dedicated single-property source page,https://www.sikayetvar.com/petunya-beach-resort,2026-08-25T12:58:29.219502+00:00,Bodrum Petunya Beach Otel Şikayeti,"28 Mayıs–2 Haziran tarihleri arasında Bodrum Petunya Beach Otel’de konakladık. Dört yıl önce bir arkadaşımız bu otelde kalıp tavsiye ettiği için güvenerek tercih ettik ancak yaşadıklarımız tam bir hayal kırıklığı oldu. Daha ilk günden itibaren yemeklerin kalitesi ve hijyen seviyesi kabul edilemez düzeydeydi. Ekmekler bayattı, birçok yemek tam pişmemişti, sunulan yeşillikler yıpranmış ve çöpe atılacak gibiydi. Tatlılar ise sanki günlerdir açık reyonda beklemiş gibi kupkuru, bozulmaya yüz tutmuş ve ekşimsi bir tatta sunuluyordu. Otelin genel hijyeni de son derece kötüydü. Havlular kullanılır durumda değildi, rutubet kokuyordu ve aynı durum çarşaflarda da vardı. Otele giriş yaptığımızda verilen odalarla ilgili sorunlarımız da buradan itibaren başladı. Grup halinde gittik ve iki oda tuttuk. Arkadaşımıza engelli odası verildi, bize ise internet sitesinde hiçbir şekilde gösterilmeyen, dümdüz duvara bakan bir oda tahsis edildi. Resepsiyonda yaklaşık bir saat uğraşmamız sonucunda odalarımızı değiştirebildik fakat bu kez de yoğun bir koku nedeniyle uyuyamadığımız odalara geçmek zorunda kaldık. Tüm otelin tuvalet kokusu adeta bizim odalarda toplanmış gibiydi, bu yüzden ne balkona çıkabildik ne de cam açabildik. Toplamda 5 gece için, oda başı 28.000 TL ödedik ancak yaşadığımız koşullar sebebiyle konaklamamızı erken bitirmek zorunda kalıp 1 Haziran’da otelden çıkış yaptık. Tüm bu süreç boyunca resepsiyon ve yetkililer kesinlikle çözüm odaklı davranmadı, sorunlar uzadıkça da tutumları giderek daha umursamaz ve sert bir hale dönüştü. Odamız sadece zorla ve tavırlarla değiştirilmek istendi, yaşadığımız hijyen ve koku sorunlarına yönelik hiçbir kalıcı çözüm sunulmadı. Bu yaşadıklarımız nedeniyle hem kalmadığımız gecenin ücretinin iadesini hem de mümkünse ödediğimiz tutar üzerinden kısmi bir iade talep ediyoruz. Ayrıca bu şartların ve yaşanan olumsuzlukların diğer misafirlerin de bilgisine sunulmasını, otel yönetiminin hijyen, oda standartları ve müşteri yaklaşımı konusunda acilen iyileştirme yapmasını diliyoruz",,,2030,273,34,5,,,,,False,False,False,False,False,False,False,False,False,2026-08-25 12:58:29.219502,,False,MISSING,True,True,False,False,,,,,,,,0,False,False,False,False,False,False,Petunya Beach Resort,Ortakent-Yahşi,3.7,2687,4.0,248.0,488.0,,False,False,False,0,0,0,0,,,False,False,False
otel-temsilcisinin-ilgisizligi-tatil-deneyimimizi-olumsuz-etkiledi,https://www.sikayetvar.com/petunya-beach-resort/otel-temsilcisinin-ilgisizligi-tatil-deneyimimizi-olumsuz-etkiledi,https://www.sikayetvar.com/petunya-beach-resort/otel-temsilcisinin-ilgisizligi-tatil-deneyimimizi-olumsuz-etkiledi,BOD130,Petunya Beach Resort,Ortakent-Yahşi,Petunya Beach Resort,otel-temsilcisinin-ilgisizligi-tatil-deneyimimizi-olumsuz-etkiledi,https://www.sikayetvar.com/petunya-beach-resort/otel-temsilcisinin-ilgisizligi-tatil-deneyimimizi-olumsuz-etkiledi,Otel Temsilcisinin İlgisizliği Tatil Deneyimimizi Olumsuz Etkiledi,"Jolly Tur Bodrum Petunya Beach Resort otel temsilcisinin bu otelde bulunmasına kanaatimizce gerek yok. Çünkü otelde karşılama yapılmadı, 5 günlük tatilin 3. gününde WhatsApp üzerinden bilgilendirme yapma gibi ilgisiz tavırlar sergileyen bu temsilciden memnun kalmadığımız gibi, şikayetimizi de oluşturmak istiyoruz.",5 Ağustos 2025 09:58,529,,,,False,,,False,,,0,,,COMPLAINT_MATCHED,,Dedicated single-property source page,https://www.sikayetvar.com/petunya-beach-resort,2026-08-25T12:58:29.219502+00:00,Otel Temsilcisinin İlgisizliği Tatil Deneyimimizi Olumsuz Etkiledi,"Jolly Tur Bodrum Petunya Beach Resort otel temsilcisinin bu otelde bulunmasına kanaatimizce gerek yok. Çünkü otelde karşılama yapılmadı, 5 günlük tatilin 3. gününde WhatsApp üzerinden bilgilendirme yapma gibi ilgisiz tavırlar sergileyen bu temsilciden memnun kalmadığımız gibi, şikayetimizi de oluşturmak istiyoruz.",,,315,40,66,7,,,,,False,False,True,False,False,True,False,False,False,2026-08-25 12:58:29.219502,2025-08-05 09:58:00,False,DAY_MONTH_YEAR_TIME,False,False,False,False,2025,8,2025-08,,,529,,0,False,False,False,False,False,False,Petunya Beach Resort,Ortakent-Yahşi,3.7,2687,4.0,248.0,488.0,,False,False,False,0,0,0,0,,,False,False,False
rezervasyon-iadesi-ve-saglik-kosullari-sorunu,https://www.sikayetvar.com/petunya-beach-resort/rezervasyon-iadesi-ve-saglik-kosullari-sorunu,https://www.sikayetvar.com/petunya-beach-resort/rezervasyon-iadesi-ve-saglik-kosullari-sorunu,BOD130,Petunya Beach Resort,Ortakent-Yahşi,Petunya Beach Resort,rezervasyon-iadesi-ve-saglik-kosullari-sorunu,https://www.sikayetvar.com/petunya-beach-resort/rezervasyon-iadesi-ve-saglik-kosullari-sorunu,Rezervasyon İadesi ve Sağlık Koşulları Sorunu,"Ortakentyahşi, Yalı Cd. No:72, 48420 Bodrum/Muğla adresinde bulunan 'Petunya Beach Resort' oteline 23.09.2024-27.09.2024 tarih aralığı için 30.830,58 TL karşılığında 3 kişilik rezervasyon yaptırdım (iptal sigortası ödeyerek). Tahsilat makbuzu ve rezervasyon için tarafıma iletilen mail görüntülerini ekliyorum. Ardından iptal sigortamdan faydalanarak rezervasyonumu iptal edip başka bir tarihe rezervasyon oluşturdum. Yeni tarih aralığından kaynaklı tarafıma iade edilecek bir tutar oluştu. Yeni rezervasyonumun tutarı 21.832,50 TL olarak tarafıma yine tahsilat makbuzu mail olarak iletildi.Arada oluşan farkın tarafıma 21 iş günü içerisinde yapılacağı bildirildi (sözleşmede de belirtilmiştir, ek olarak iletiyorum). 07.09.2024 tarihinde iptal ettiğim için 21 iş günü 07.10.2024'te dolacağı ve kesinlikle bugün tarafıma ödeneceği iletildi. Konaklama hizmetlerinde fatura kesimi için yasal sürenin otelden ayrıldığım günden 7 gün sonrası olmasını bildiğim için telefonda resmi kurumlara şikayet edeceğimi bildirerek 2 gün boyunca yalvarmamla faturamı kestiler, öncesinde 'fatura kesilir, mutlaka bekleyin' diyorlardı. Bugün tarafıma ödenmesi için son günü olan ilgili tutar hâlâ ödenmedi. Oteli arıyorum, ya açmıyorlar ya da açtıklarında 'bizim yapacağımız bir şey yok, muhasebeye iletelim talebinizi' deyip kapatıyorlar. Üstleri ve muhasebe ile görüşme talebim karşılanmıyor. Web sitesi üzerinden kontrol ettiğimde birçok kişi benimle aynı sorunu yaşamış, şikayetlerini yazmışlar. Hiçbir şekilde muhatap bulamıyorum, sözleşmeye göre bugün ödememin gelmesi gerekirdi. O paraya ihtiyacım olduğunu, zor durumda olduğumu defalarca ilettim, yapacakları bir şey olmadığını, talebimi ilettiklerini söylüyorlar.Tüm bunlara ek olarak, onkoloji hastası ve engelli anneannemi değişiklik olması için götürdüğüm bir tatildi fakat otel o kadar pisti ki kadın mikrop kaptı ve hastalığı tetiklendi. Yemek alanları, ortak alanları, bar alanları, tüm alanlar inanılmaz derecede pis ve ağır kokular var, odalar rutubet kokuyordu.Şikayetimin konusu, tarafıma yapılması gereken iadenin sözleşmeye göre bugün yapılması gerekmekteydi fakat iade gelmemesidir. Ek olarak, otelin sağlık koşullarına hiç uygun olmamasıdır.",7 Ekim 2024 22:18,2.377,,,,False,,,False,,,0,,,COMPLAINT_MATCHED,,Dedicated single-property source page,https://www.sikayetvar.com/petunya-beach-resort,2026-08-25T12:58:29.219502+00:00,Rezervasyon İadesi ve Sağlık Koşulları Sorunu,"Ortakentyahşi, Yalı Cd. No:72, 48420 Bodrum/Muğla adresinde bulunan 'Petunya Beach Resort' oteline 23.09.2024-27.09.2024 tarih aralığı için 30.830,58 TL karşılığında 3 kişilik rezervasyon yaptırdım (iptal sigortası ödeyerek). Tahsilat makbuzu ve rezervasyon için tarafıma iletilen mail görüntülerini ekliyorum. Ardından iptal sigortamdan faydalanarak rezervasyonumu iptal edip başka bir tarihe rezervasyon oluşturdum. Yeni tarih aralığından kaynaklı tarafıma iade edilecek bir tutar oluştu. Yeni rezervasyonumun tutarı 21.832,50 TL olarak tarafıma yine tahsilat makbuzu mail olarak iletildi.Arada oluşan farkın tarafıma 21 iş günü içerisinde yapılacağı bildirildi (sözleşmede de belirtilmiştir, ek olarak iletiyorum). 07.09.2024 tarihinde iptal ettiğim için 21 iş günü 07.10.2024'te dolacağı ve kesinlikle bugün tarafıma ödeneceği iletildi. Konaklama hizmetlerinde fatura kesimi için yasal sürenin otelden ayrıldığım günden 7 gün sonrası olmasını bildiğim için telefonda resmi kurumlara şikayet edeceğimi bildirerek 2 gün boyunca yalvarmamla faturamı kestiler, öncesinde 'fatura kesilir, mutlaka bekleyin' diyorlardı. Bugün tarafıma ödenmesi için son günü olan ilgili tutar hâlâ ödenmedi. Oteli arıyorum, ya açmıyorlar ya da açtıklarında 'bizim yapacağımız bir şey yok, muhasebeye iletelim talebinizi' deyip kapatıyorlar. Üstleri ve muhasebe ile görüşme talebim karşılanmıyor. Web sitesi üzerinden kontrol ettiğimde birçok kişi benimle aynı sorunu yaşamış, şikayetlerini yazmışlar. Hiçbir şekilde muhatap bulamıyorum, sözleşmeye göre bugün ödememin gelmesi gerekirdi. O paraya ihtiyacım olduğunu, zor durumda olduğumu defalarca ilettim, yapacakları bir şey olmadığını, talebimi ilettiklerini söylüyorlar.Tüm bunlara ek olarak, onkoloji hastası ve engelli anneannemi değişiklik olması için götürdüğüm bir tatildi fakat otel o kadar pisti ki kadın mikrop kaptı ve hastalığı tetiklendi. Yemek alanları, ortak alanları, bar alanları, tüm alanlar inanılmaz derecede pis ve ağır kokular var, odalar rutubet kokuyordu.Şikayetimin konusu, tarafıma yapılması gereken iadenin sözleşmeye göre bugün yapılması gerekmekteydi fakat iade gelmemesidir. Ek olarak, otelin sağlık koşullarına hiç uygun olmamasıdır.",,,2196,275,45,6,,,,,False,False,False,False,False,False,False,False,False,2026-08-25 12:58:29.219502,2024-10-07 22:18:00,False,DAY_MONTH_YEAR_TIME,False,False,False,False,2024,10,2024-10,,,2377,,0,False,False,False,True,False,False,Petunya Beach Resort,Ortakent-Yahşi,3.7,2687,4.0,248.0,488.0,,False,False,False,0,0,0,0,,,False,False,False
petunya-beach-resort-hijyen-sorunlari-ve-iade-surecindeki-magduriyet,https://www.sikayetvar.com/petunya-beach-resort/petunya-beach-resort-hijyen-sorunlari-ve-iade-surecindeki-magduriyet,https://www.sikayetvar.com/petunya-beach-resort/petunya-beach-resort-hijyen-sorunlari-ve-iade-surecindeki-magduriyet,BOD130,Petunya Beach Resort,Ortakent-Yahşi,Petunya Beach Resort,petunya-beach-resort-hijyen-sorunlari-ve-iade-surecindeki-magduriyet,https://www.sikayetvar.com/petunya-beach-resort/petunya-beach-resort-hijyen-sorunlari-ve-iade-surecindeki-magduriyet,Hijyen Sorunları Ve İade Sürecindeki Mağduriyet,"06.08.2024-10.08.2024 tarihleri arasındaki rezervasyonumuz nedeniyle 06.08.2024 tarihi saat 13.00-13.30 saatleri arasında otele giriş yaptık. Petunya Beach Resort'ta odamız henüz hazır olmadığından dolayı tesiste zaman geçirmek adına dolaşırken tuvaletlerin pis, açık büfe şeklinde servis edilen yemeklerin içinde ve çevresinde sineklerin gezdiği, çatal-bıçakların kirli olduğu, snack bar önündeki su dolabının hijyen eksikliği nedeniyle şoka uğradık. İstanbul-Bodrum arası yol yorgunluğu ile yaşadığımız şok birleşince bu otelde kalarak zaten kısıtlı olan zamanımızı bu tesiste heba etmek istemeyerek odamıza giriş yapmadan rezervasyonumuzun iptalini rica ettik. İlk konuşmada 2 günlük paramızın kesileceği ve 2 günlük paramızın iade edileceği söylendi. Otele giriş tarihimizin üç gün öncesinde bildirim yapmadığımız için ücret kesintisi olacağı bilgisi tarafımızla paylaşıldı. Yapıcı bir tavır ile bizim rahatsızlığımızın 3 gün önceden iptale söz konusu olamayacak bir konu olduğunu, otele geldiğimizden itibaren gördüklerimizin bizi rahatsız ettiğini dile getirerek bu konuda anlayış gösterilmesini rica ettik. Daha önce bu tarz şikayetler almadıklarını belirtmeleri üzerine benim tesisi beraber gezmek doğrultusunda soruma gerek olmadığı yönünde cevap verilmiştir. İptal talebimize karşılık ""En yoğun dönemdeyiz, sizden bir kesinti yapmak zorundayım"" diyerek bir gecelik ücretimizin kesilmesi gerektiği konusu tarafımıza iletilmiştir. Kısıtlı olan zamanımızı bir günlük ücretten dolayı mutsuz olacağımız bir tatil geçirmemek istemediğimizden dolayı mecburi şekilde kabul ettik. Otelde yaptığımız konuşmada bir gecelik ücret olarak 6 bin küsur liranın kesinti olarak yansıtılacağı bilgisi alınmıştır. Tarafımıza iadenin 14-21 iş günü içerisinde yapılacağı bilgisi alınmış olup 28.09.2024 tarihi itibariyle hala ücret tarafımıza iade edilmemiştir. Buna ek olarak yapılan konuşmada bir günlük ücret olarak otel yetkilileri ile konuştuğumuz tutar değil 8 bin lira civarlarında bir kesinti yapılacağı bilgisi tarafımızla paylaşılmıştır. Tesislerin pis olması ve yaptığımız sayısız arama nedeniyle mağduriyetimin giderilmemesi sebebiyle mağdur durumdayım. Müşteri hizmetleri ile yaptığım görüşmelerde sürekli olarak oyalandım. Sürekli olarak bir sonraki hafta işaret edilerek ödemenizi gerçekleştireceğiz dendi. Paramın dilencisi olmuş vaziyetteyim. Benzer şikayetlerden başkalarının muzdarip olduğunu çeşitli mecralarda gördüm.",28 Eylül 2024 21:59,3.355,,,,False,,,False,,,0,,,COMPLAINT_MATCHED,,Dedicated single-property source page,https://www.sikayetvar.com/petunya-beach-resort,2026-08-25T12:58:29.219502+00:00,Hijyen Sorunları Ve İade Sürecindeki Mağduriyet,"06.08.2024-10.08.2024 tarihleri arasındaki rezervasyonumuz nedeniyle 06.08.2024 tarihi saat 13.00-13.30 saatleri arasında otele giriş yaptık. Petunya Beach Resort'ta odamız henüz hazır olmadığından dolayı tesiste zaman geçirmek adına dolaşırken tuvaletlerin pis, açık büfe şeklinde servis edilen yemeklerin içinde ve çevresinde sineklerin gezdiği, çatal-bıçakların kirli olduğu, snack bar önündeki su dolabının hijyen eksikliği nedeniyle şoka uğradık. İstanbul-Bodrum arası yol yorgunluğu ile yaşadığımız şok birleşince bu otelde kalarak zaten kısıtlı olan zamanımızı bu tesiste heba etmek istemeyerek odamıza giriş yapmadan rezervasyonumuzun iptalini rica ettik. İlk konuşmada 2 günlük paramızın kesileceği ve 2 günlük paramızın iade edileceği söylendi. Otele giriş tarihimizin üç gün öncesinde bildirim yapmadığımız için ücret kesintisi olacağı bilgisi tarafımızla paylaşıldı. Yapıcı bir tavır ile bizim rahatsızlığımızın 3 gün önceden iptale söz konusu olamayacak bir konu olduğunu, otele geldiğimizden itibaren gördüklerimizin bizi rahatsız ettiğini dile getirerek bu konuda anlayış gösterilmesini rica ettik. Daha önce bu tarz şikayetler almadıklarını belirtmeleri üzerine benim tesisi beraber gezmek doğrultusunda soruma gerek olmadığı yönünde cevap verilmiştir. İptal talebimize karşılık ""En yoğun dönemdeyiz, sizden bir kesinti yapmak zorundayım"" diyerek bir gecelik ücretimizin kesilmesi gerektiği konusu tarafımıza iletilmiştir. Kısıtlı olan zamanımızı bir günlük ücretten dolayı mutsuz olacağımız bir tatil geçirmemek istemediğimizden dolayı mecburi şekilde kabul ettik. Otelde yaptığımız konuşmada bir gecelik ücret olarak 6 bin küsur liranın kesinti olarak yansıtılacağı bilgisi alınmıştır. Tarafımıza iadenin 14-21 iş günü içerisinde yapılacağı bilgisi alınmış olup 28.09.2024 tarihi itibariyle hala ücret tarafımıza iade edilmemiştir. Buna ek olarak yapılan konuşmada bir günlük ücret olarak otel yetkilileri ile konuştuğumuz tutar değil 8 bin lira civarlarında bir kesinti yapılacağı bilgisi tarafımızla paylaşılmıştır. Tesislerin pis olması ve yaptığımız sayısız arama nedeniyle mağduriyetimin giderilmemesi sebebiyle mağdur durumdayım. Müşteri hizmetleri ile yaptığım görüşmelerde sürekli olarak oyalandım. Sürekli olarak bir sonraki hafta işaret edilerek ödemenizi gerçekleştireceğiz dendi. Paramın dilencisi olmuş vaziyetteyim. Benzer şikayetlerden başkalarının muzdarip olduğunu çeşitli mecralarda gördüm.",,,2426,298,47,6,,,,,False,False,False,False,False,False,False,False,False,2026-08-25 12:58:29.219502,2024-09-28 21:59:00,False,DAY_MONTH_YEAR_TIME,False,False,False,False,2024,9,2024-09,,,3355,,0,False,False,False,True,False,False,Petunya Beach Resort,Ortakent-Yahşi,3.7,2687,4.0,248.0,488.0,,False,False,False,0,0,0,0,,,False,False,False
petunya-beach-resort-petunya-beach-bocek-istilasi-jolly-tur-ilgisizligi,https://www.sikayetvar.com/petunya-beach-resort/petunya-beach-resort-petunya-beach-bocek-istilasi-jolly-tur-ilgisizligi,https://www.sikayetvar.com/petunya-beach-resort/petunya-beach-resort-petunya-beach-bocek-istilasi-jolly-tur-ilgisizligi,BOD130,Petunya Beach Resort,Ortakent-Yahşi,Petunya Beach Resort,petunya-beach-resort-petunya-beach-bocek-istilasi-jolly-tur-ilgisizligi,https://www.sikayetvar.com/petunya-beach-resort/petunya-beach-resort-petunya-beach-bocek-istilasi-jolly-tur-ilgisizligi,Petunya Beach Böcek İstilası Jolly Tur İlgisizliği,"20.07.2024 tarihinde Jolly Tur üzerinden Petunya Beach Otelde 5 gün rezervasyon yaptırdık. Kaldığımız oda da hamam böcekleri cirit atıyor. Yetkiliyle görüştük odayı ilaçladılar odaya tekrar döndük, yine aynı sorun. Oda değişikliği yapmadılar. Daha sonra gece 12'de yerde yine haşere görünce zar zor bizi başka odaya aldılar. Burada da inanılmaz sivrisinek ve türevleri var. Arkadaşımın her yeri şişti. Jolly turu aradık işlem alındı diyor bir sonuç yok. Jolly turdan ücret iadesi istiyoruz. Lütfen yardımcı olun. Tatil burnumuzdan geldi.",31 Temmuz 2024 08:54,2.255,,,,False,,,False,,,0,,,COMPLAINT_MATCHED,,Dedicated single-property source page,https://www.sikayetvar.com/petunya-beach-resort,2026-08-25T12:58:29.219502+00:00,Petunya Beach Böcek İstilası Jolly Tur İlgisizliği,"20.07.2024 tarihinde Jolly Tur üzerinden Petunya Beach Otelde 5 gün rezervasyon yaptırdık. Kaldığımız oda da hamam böcekleri cirit atıyor. Yetkiliyle görüştük odayı ilaçladılar odaya tekrar döndük, yine aynı sorun. Oda değişikliği yapmadılar. Daha sonra gece 12'de yerde yine haşere görünce zar zor bizi başka odaya aldılar. Burada da inanılmaz sivrisinek ve türevleri var. Arkadaşımın her yeri şişti. Jolly turu aradık işlem alındı diyor bir sonuç yok. Jolly turdan ücret iadesi istiyoruz. Lütfen yardımcı olun. Tatil burnumuzdan geldi.",,,537,77,50,7,,,,,False,False,False,False,False,False,False,False,False,2026-08-25 12:58:29.219502,2024-07-31 08:54:00,False,DAY_MONTH_YEAR_TIME,False,False,False,False,2024,7,2024-07,,,2255,,0,False,False,False,True,False,False,Petunya Beach Resort,Ortakent-Yahşi,3.7,2687,4.0,248.0,488.0,,False,False,False,0,0,0,0,,,False,False,False
petunya-beach-resort-fiyaskosu,https://www.sikayetvar.com/petunya-beach-resort/petunya-beach-resort-fiyaskosu,https://www.sikayetvar.com/petunya-beach-resort/petunya-beach-resort-fiyaskosu,BOD130,Petunya Beach Resort,Ortakent-Yahşi,Petunya Beach Resort,petunya-beach-resort-fiyaskosu,https://www.sikayetvar.com/petunya-beach-resort/petunya-beach-resort-fiyaskosu,Fiyaskosu,Tatilimiz tam bir fiyasko şeklinde geçti. Otel çok kötü yemek sırası şezlong sırası böcekler saygısız personel küflü ve kaka kokan odalar tam anlamıyla fiyasko Turizm Bakanlığı'na şikayet edip ceza almasını sağlayacağım.,10 Eylül 2023 23:45,3.708,,,,False,,,False,,,0,,,COMPLAINT_MATCHED,,Dedicated single-property source page,https://www.sikayetvar.com/petunya-beach-resort,2026-08-25T12:58:29.219502+00:00,Fiyaskosu,Tatilimiz tam bir fiyasko şeklinde geçti. Otel çok kötü yemek sırası şezlong sırası böcekler saygısız personel küflü ve kaka kokan odalar tam anlamıyla fiyasko Turizm Bakanlığı'na şikayet edip ceza almasını sağlayacağım.,,,220,31,9,1,,,,,False,False,True,False,False,True,False,False,False,2026-08-25 12:58:29.219502,2023-09-10 23:45:00,False,DAY_MONTH_YEAR_TIME,False,False,False,False,2023,9,2023-09,,,3708,,0,False,False,False,False,False,False,Petunya Beach Resort,Ortakent-Yahşi,3.7,2687,4.0,248.0,488.0,,False,False,False,0,0,0,0,,,False,False,False
kotu-oda-kosullari-ve-resepsiyonun-umursamaz-tavri,https://www.sikayetvar.com/salmakis-resort-spa/kotu-oda-kosullari-ve-resepsiyonun-umursamaz-tavri,https://www.sikayetvar.com/salmakis-resort-spa/kotu-oda-kosullari-ve-resepsiyonun-umursamaz-tavri,BOD045,Salmakis Resort & Spa,Bodrum Merkez,Salmakis Resort & Spa,kotu-oda-kosullari-ve-resepsiyonun-umursamaz-tavri,https://www.sikayetvar.com/salmakis-resort-spa/kotu-oda-kosullari-ve-resepsiyonun-umursamaz-tavri,Kötü Oda Koşulları Ve Resepsiyonun Umursamaz Tavrı,"10.08.2026 tarihinde Salmakis Resort & Spa Bodrum’a giriş yaptık ve daha ilk saatlerden itibaren eşimle birlikte ciddi şekilde mağdur olduk. Öncelikle resepsiyonda görevli Zeynep Hanım’ın tavrından ve konuşma üslubundan çok rahatsız oldum. Odamızın ne zaman boşalacağını defalarca sormama rağmen bana net bir bilgi vermedi, ben sormadığım sürece kontrol etme ihtiyacı bile duymadı. Rahatsız olmama rağmen boş yere bekletildim ve sonunda “evet boşalmış ama ne zaman hazır olur belli olmaz o gibi” şeklinde, son derece kayıtsız ve umursamaz bir ifadeyle karşılaştım.
Sonuç olarak bize tahsis edilen ilk oda lağım kokusu gibi çok ağır ve hoş olmayan bir koku içindeydi. Özellikle bu odanın bilerek verildiğini düşünüyorum, çünkü bu odaya daha önce kalanların da aynı kokudan şikayet ettiği söylendiğini öğrendik. Daha önce teknik ekip gelip “sorun yok” diyerek gitmiş, bugün de yine gelip bir şey yok demişler. Oysa odadaki koku dayanılmayacak düzeydeydi, bu nedenle 711 numaralı odadan zorla odamı değiştirdim.
Daha sonra alındığımız yeni odada da bu kez klima düzgün çalışmıyor, soğutmuyor ve buzdolabı hiç çalışmıyor. Odaya geldiğimizden beri buzdolabı bozuk, klima da serinletmiyor. Teknik ekipten biri saat 22:15 civarında odaya geldi, sadece klimanın filtresini yıkayıp “filtre tıkanmış” diyerek gitti, buzdolabına ise doğru düzgün bakmadı bile. Buna rağmen odadaki sorunlar aynen devam ediyor. Bir günüm tamamen çöpe gitti, yemek bile rahatça yiyemedik, sürekli oda ve arızalarla uğraşmak zorunda kaldık ve eşimle birlikte kendimizi son derece kötü ve değersiz hissettik.
Tüm bu yaşananlar, resepsiyondaki Zeynep Hanım’ın ilgisiz ve kaba yaklaşımı, verilen odaların kokulu ve arızalı olması, teknik ekibin üstünkörü ve çözüm üretmeyen tavrı nedeniyle otelden hiç memnun kalmadım. Sizin aracılığınızla ciddi bir ücret ödeyerek aldığımız bu tatilin karşılığını kesinlikle alamadığımı düşünüyorum. Bu nedenle yaşadığım mağduriyet nedeniyle indirim veya iade gibi maddi bir telafi yapılmasını ve özellikle resepsiyondaki Zeynep Hanım’ın tutumuyla ilgili gerekli incelemenin yapılmasını talep ediyorum.",10 Ağustos 23:14,79,,,,False,,,False,,,0,,,COMPLAINT_MATCHED,,Dedicated single-property source page,https://www.sikayetvar.com/salmakis-resort-spa,2026-08-25T12:58:29.219502+00:00,Kötü Oda Koşulları Ve Resepsiyonun Umursamaz Tavrı,"10.08.2026 tarihinde Salmakis Resort & Spa Bodrum’a giriş yaptık ve daha ilk saatlerden itibaren eşimle birlikte ciddi şekilde mağdur olduk. Öncelikle resepsiyonda görevli Zeynep Hanım’ın tavrından ve konuşma üslubundan çok rahatsız oldum. Odamızın ne zaman boşalacağını defalarca sormama rağmen bana net bir bilgi vermedi, ben sormadığım sürece kontrol etme ihtiyacı bile duymadı. Rahatsız olmama rağmen boş yere bekletildim ve sonunda “evet boşalmış ama ne zaman hazır olur belli olmaz o gibi” şeklinde, son derece kayıtsız ve umursamaz bir ifadeyle karşılaştım. Sonuç olarak bize tahsis edilen ilk oda lağım kokusu gibi çok ağır ve hoş olmayan bir koku içindeydi. Özellikle bu odanın bilerek verildiğini düşünüyorum, çünkü bu odaya daha önce kalanların da aynı kokudan şikayet ettiği söylendiğini öğrendik. Daha önce teknik ekip gelip “sorun yok” diyerek gitmiş, bugün de yine gelip bir şey yok demişler. Oysa odadaki koku dayanılmayacak düzeydeydi, bu nedenle 711 numaralı odadan zorla odamı değiştirdim. Daha sonra alındığımız yeni odada da bu kez klima düzgün çalışmıyor, soğutmuyor ve buzdolabı hiç çalışmıyor. Odaya geldiğimizden beri buzdolabı bozuk, klima da serinletmiyor. Teknik ekipten biri saat 22:15 civarında odaya geldi, sadece klimanın filtresini yıkayıp “filtre tıkanmış” diyerek gitti, buzdolabına ise doğru düzgün bakmadı bile. Buna rağmen odadaki sorunlar aynen devam ediyor. Bir günüm tamamen çöpe gitti, yemek bile rahatça yiyemedik, sürekli oda ve arızalarla uğraşmak zorunda kaldık ve eşimle birlikte kendimizi son derece kötü ve değersiz hissettik. Tüm bu yaşananlar, resepsiyondaki Zeynep Hanım’ın ilgisiz ve kaba yaklaşımı, verilen odaların kokulu ve arızalı olması, teknik ekibin üstünkörü ve çözüm üretmeyen tavrı nedeniyle otelden hiç memnun kalmadım. Sizin aracılığınızla ciddi bir ücret ödeyerek aldığımız bu tatilin karşılığını kesinlikle alamadığımı düşünüyorum. Bu nedenle yaşadığım mağduriyet nedeniyle indirim veya iade gibi maddi bir telafi yapılmasını ve özellikle resepsiyondaki Zeynep Hanım’ın tutumuyla ilgili gerekli incelemenin yapılmasını talep ediyorum.",,,2101,292,50,7,,,,,False,False,False,False,False,False,False,False,False,2026-08-25 12:58:29.219502,2026-08-10 23:14:00,True,DAY_MONTH_TIME_NO_YEAR,False,False,True,False,2026,8,2026-08,,,79,,0,False,False,False,True,False,False,Salmakis Resort & Spa,Bodrum Merkez,4.2,2681,,,,142.0,False,False,False,0,0,0,0,,,False,False,False
salmakis-resort-spa-dusakabin-cami-patlamasi,https://www.sikayetvar.com/salmakis-resort-spa/salmakis-resort-spa-dusakabin-cami-patlamasi,https://www.sikayetvar.com/salmakis-resort-spa/salmakis-resort-spa-dusakabin-cami-patlamasi,BOD045,Salmakis Resort & Spa,Bodrum Merkez,Salmakis Resort & Spa,salmakis-resort-spa-dusakabin-cami-patlamasi,https://www.sikayetvar.com/salmakis-resort-spa/salmakis-resort-spa-dusakabin-cami-patlamasi,Duşakabin Camı Patlaması,"05.08.2026 tarihinde saat 18.15 civarında Salmakis Resort SPA otelinin 605 numaralı odasındaki banyoda bulunan duşakabin camı hiçbir darbe olmadan aniden patlayarak etrafa saçıldı ve kol, el ve ayak bölgelerim başta olmak üzere vücudumun birçok yerinde kesiklere sebep oldu. Bu olay hem sağlık açısından hem de güvenlik açısından son derece ciddi bir durumdur.Olayın ardından otelde yönetimden kimse benimle doğrudan iletişime geçmedi, yalnızca resepsiyon görevlileri bilgi vererek bir gecelik konaklama bedelinin iadesi ve sağlık masrafımın karşılanmasını teklif ettiklerini ilettiler. Bu yaklaşımı, yaşanan olayın ağırlığı ve ihmal boyutu dikkate alındığında yeterli ve tatmin edici bulmuyorum.
Otelin misafir güvenliğini sağlayacak şekilde gerekli bakım, kontrol ve önlemleri almadığını düşünüyorum ve bu durumun resmi olarak incelenmesini, sorumluların tespit edilmesini ve mağduriyetimin giderilmesi için tüm konaklama bedelim ve tüm sağlık giderlerimle birlikte uygun görülecek ek manevi telafinin de sağlanmasını talep ediyorum. Ayrıca benzer bir olayın başka misafirlerin başına gelmemesi için tüm duşakabinlerin acilen kontrol edilmesini ve gerekli önlemlerin alınmasını istiyorum.Yaşanan kazadan sonra odamız değiştirildi ve yeni odanın görsellerini de ekliyorum fön makinesinin kabloları kopuk, kapılar bakımsız duşakabinde güvenlik stopları yok. Otelde 7/24 doktor var denildiği halde bana tekerlekli sandalye bile verilmedi kendim yürüyerek ambulansa gitmek zorunda kaldım! Gerekenin yapılmasını talep ediyorum",8 Ağustos 23:37,190,,,,False,,,False,,,2,20 Ağustos 05:05,"Otel, bir gecelik konaklama ücretini iade edeceğini ve sağlık masraflarını karşılayacağını söylemiş, ancak ben tam iade ve ek tazminat talep ediyorum. Şu ana kadar hiçbir ödeme yapılmadı ve otelin ilgisizliği nedeniyle CİMER ve diğer kurumlara başvurdum.",COMPLAINT_MATCHED,,Dedicated single-property source page,https://www.sikayetvar.com/salmakis-resort-spa,2026-08-25T12:58:29.219502+00:00,Duşakabin Camı Patlaması,"05.08.2026 tarihinde saat 18.15 civarında Salmakis Resort SPA otelinin 605 numaralı odasındaki banyoda bulunan duşakabin camı hiçbir darbe olmadan aniden patlayarak etrafa saçıldı ve kol, el ve ayak bölgelerim başta olmak üzere vücudumun birçok yerinde kesiklere sebep oldu. Bu olay hem sağlık açısından hem de güvenlik açısından son derece ciddi bir durumdur.Olayın ardından otelde yönetimden kimse benimle doğrudan iletişime geçmedi, yalnızca resepsiyon görevlileri bilgi vererek bir gecelik konaklama bedelinin iadesi ve sağlık masrafımın karşılanmasını teklif ettiklerini ilettiler. Bu yaklaşımı, yaşanan olayın ağırlığı ve ihmal boyutu dikkate alındığında yeterli ve tatmin edici bulmuyorum. Otelin misafir güvenliğini sağlayacak şekilde gerekli bakım, kontrol ve önlemleri almadığını düşünüyorum ve bu durumun resmi olarak incelenmesini, sorumluların tespit edilmesini ve mağduriyetimin giderilmesi için tüm konaklama bedelim ve tüm sağlık giderlerimle birlikte uygun görülecek ek manevi telafinin de sağlanmasını talep ediyorum. Ayrıca benzer bir olayın başka misafirlerin başına gelmemesi için tüm duşakabinlerin acilen kontrol edilmesini ve gerekli önlemlerin alınmasını istiyorum.Yaşanan kazadan sonra odamız değiştirildi ve yeni odanın görsellerini de ekliyorum fön makinesinin kabloları kopuk, kapılar bakımsız duşakabinde güvenlik stopları yok. Otelde 7/24 doktor var denildiği halde bana tekerlekli sandalye bile verilmedi kendim yürüyerek ambulansa gitmek zorunda kaldım! Gerekenin yapılmasını talep ediyorum",,,1523,194,24,3,,,,,False,False,False,False,False,False,False,False,False,2026-08-25 12:58:29.219502,2026-08-08 23:37:00,True,DAY_MONTH_TIME_NO_YEAR,False,False,True,False,2026,8,2026-08,,,190,,2,False,False,False,True,False,False,Salmakis Resort & Spa,Bodrum Merkez,4.2,2681,,,,142.0,False,False,False,2,0,2,0,2026-08-20 05:05:00,2026-08-25 00:28:00,False,False,False
salmakis-resort-spa-hem-hizmetten-hem-de-otelden-son-derece-memnuniyetsiz-ayrildim,https://www.sikayetvar.com/salmakis-resort-spa/salmakis-resort-spa-hem-hizmetten-hem-de-otelden-son-derece-memnuniyetsiz-ayrildim,https://www.sikayetvar.com/salmakis-resort-spa/salmakis-resort-spa-hem-hizmetten-hem-de-otelden-son-derece-memnuniyetsiz-ayrildim,BOD045,Salmakis Resort & Spa,Bodrum Merkez,Salmakis Resort & Spa,salmakis-resort-spa-hem-hizmetten-hem-de-otelden-son-derece-memnuniyetsiz-ayrildim,https://www.sikayetvar.com/salmakis-resort-spa/salmakis-resort-spa-hem-hizmetten-hem-de-otelden-son-derece-memnuniyetsiz-ayrildim,Hem Hizmetten Hem De Otelden Son Derece Memnuniyetsiz Ayrıldım,"31 Temmuz 2026 – 6 Ağustos 2026 tarihleri arasında Bodrum Salmakis Otel’de standart odada konakladım. Konaklamam boyunca yaşadıklarımız nedeniyle hem hizmetten hem de otelden son derece memnuniyetsiz ayrıldım.
Otel kesinlikle “her şey dahil” konseptine uygun bir hizmet sunmuyor, adeta “her şeyi kendin yap” oteli gibi davranılıyor. Personel sayısı bariz şekilde yetersiz, kimse doğru düzgün ilgilenmiyor, taleplerimize karşı kayıtsız kalındı. Akşam yemekleri hem lezzet hem çeşit olarak çok kötüydü, neredeyse her gün dışarıda yemek zorunda kaldık. Sunulan içkiler de kalitesizdi ve içilecek gibi değildi.
Bu sene bölgede elektrik sıkıntıları yaşandığını biliyorum ancak otelde jeneratör dahi yoktu. Çevremizdeki diğer otellerde elektrik varken sadece bu otelde olmaması ve yaklaşık 2 saat boyunca elektriksiz bırakılmamız büyük bir sorumsuzluktu. Ayrıca akşam eğlencesi diye bir şey yoktu, herhangi bir animasyon ya da etkinlik sunulmadı.
Yaşadıklarım nedeniyle, bu otelin bırakın 5 yıldızı, 1 yıldızı bile hak etmediğini düşünüyorum. Yaşanan bu olumsuzluklarla ilgili gerekli incelemenin yapılarak hizmet kalitesinin düzeltilmesini ve bu mağduriyetin ciddiye alınmasını talep ediyorum.",6 Ağustos 10:59,84,,,,False,,,False,,,0,,,COMPLAINT_MATCHED,,Dedicated single-property source page,https://www.sikayetvar.com/salmakis-resort-spa,2026-08-25T12:58:29.219502+00:00,Hem Hizmetten Hem De Otelden Son Derece Memnuniyetsiz Ayrıldım,"31 Temmuz 2026 – 6 Ağustos 2026 tarihleri arasında Bodrum Salmakis Otel’de standart odada konakladım. Konaklamam boyunca yaşadıklarımız nedeniyle hem hizmetten hem de otelden son derece memnuniyetsiz ayrıldım. Otel kesinlikle “her şey dahil” konseptine uygun bir hizmet sunmuyor, adeta “her şeyi kendin yap” oteli gibi davranılıyor. Personel sayısı bariz şekilde yetersiz, kimse doğru düzgün ilgilenmiyor, taleplerimize karşı kayıtsız kalındı. Akşam yemekleri hem lezzet hem çeşit olarak çok kötüydü, neredeyse her gün dışarıda yemek zorunda kaldık. Sunulan içkiler de kalitesizdi ve içilecek gibi değildi. Bu sene bölgede elektrik sıkıntıları yaşandığını biliyorum ancak otelde jeneratör dahi yoktu. Çevremizdeki diğer otellerde elektrik varken sadece bu otelde olmaması ve yaklaşık 2 saat boyunca elektriksiz bırakılmamız büyük bir sorumsuzluktu. Ayrıca akşam eğlencesi diye bir şey yoktu, herhangi bir animasyon ya da etkinlik sunulmadı. Yaşadıklarım nedeniyle, bu otelin bırakın 5 yıldızı, 1 yıldızı bile hak etmediğini düşünüyorum. Yaşanan bu olumsuzluklarla ilgili gerekli incelemenin yapılarak hizmet kalitesinin düzeltilmesini ve bu mağduriyetin ciddiye alınmasını talep ediyorum.",,,1188,158,62,9,,,,,False,False,False,False,False,False,False,False,False,2026-08-25 12:58:29.219502,2026-08-06 10:59:00,True,DAY_MONTH_TIME_NO_YEAR,False,False,True,False,2026,8,2026-08,,,84,,0,False,False,False,False,False,False,Salmakis Resort & Spa,Bodrum Merkez,4.2,2681,,,,142.0,False,False,False,0,0,0,0,,,False,False,False
salmakis-resort-spa-son-derece-kotu-bir-deneyim-yasadik,https://www.sikayetvar.com/salmakis-resort-spa/salmakis-resort-spa-son-derece-kotu-bir-deneyim-yasadik,https://www.sikayetvar.com/salmakis-resort-spa/salmakis-resort-spa-son-derece-kotu-bir-deneyim-yasadik,BOD045,Salmakis Resort & Spa,Bodrum Merkez,Salmakis Resort & Spa,salmakis-resort-spa-son-derece-kotu-bir-deneyim-yasadik,https://www.sikayetvar.com/salmakis-resort-spa/salmakis-resort-spa-son-derece-kotu-bir-deneyim-yasadik,Son Derece Kötü Bir Deneyim Yaşadık,"12-14 Temmuz tarihleri arasında Salmakis Resort’ta Ultra her şey dahil konakladık ve ödediğimiz 35.815 TL’ye rağmen son derece kötü bir deneyim yaşadık. Otele girişten itibaren kendimizi misafir değil, adeta kendi haline bırakılmış insanlar gibi hissettik. Vale hizmeti yoktu, “kimseyi engellemeyecek bir yere park edin” denilerek yönlendirildik. Ne girişte ne de çıkışta kimse “bir isteğiniz var mı, bir şeye ihtiyacınız var mı, tatiliniz nasıl geçti, memnun kaldınız mı” gibi en temel insani ilgi cümlelerini dahi kurmadı.
Plajda yaşadıklarımız ise daha da incitici oldu. Öğle yemeği için saat 14.05’te restorana çıktık, yaklaşık 14.55’te geri döndüğümüzde eşyalarımız derdest edilmiş, adeta plajdan kovulmuş gibiydik. Sanki halk plajında kavga etmişiz de şezlonglardan atılmışız gibi bir muameleyle karşılaştık. Sonrasında öğrendiğimiz kadarıyla plaj planlamasını düzgün yapamadıkları için, bir saatten fazla boş duran şezlonglardaki eşyalar özel eşya bile olsa toplanıyormuş ve bu yönetimin kesin kararıymış. Ben tatile gidip denize girerken, yemek yerken, eğlenirken yarım saatte bir şezlong başına dönüp adeta yoklama vermek zorunda mıyım, bunu anlayamıyorum. Bu yaklaşım bizi derinden rahatsız etti.
Yemekler çeşit anlamında kısırdı ama lezzetliydi, bu nedenle mutfak ekibini ayrıca tebrik etmek isterim, bu yönetime rağmen iyi iş çıkarıyorlar. Ancak genel olarak personelin de işinden memnun olmadığını hissettik. Birkaç kez “bitiyor, kurtuluyorum” gibi cümleler kullanan genç çalışanlara bizzat şahit olduk, bu da oteldeki ruh halini ve çalışma ortamını açıkça gösteriyordu.
Tesisin genel hijyeni ve oda temizliği de son derece yetersizdi. Kaldığımız odanın koridorunda üst üste konmuş bir tabak ve bardak vardı, bardak düşüp kırılmış ve cam kırıklarıyla birlikte üç gün boyunca orası hiç süpürülmemişti, tabak da olduğu gibi kaldı. Oda içinde ise sadece gözle görünen yerler temizlenmiş, yatak altları, perdelerin arkası, aynaların üzerleri toz ve kir içindeydi. Temizlik konusunda böyle bir ihmali bu seviyede iddia edilen bir tesiste görmek gerçekten çok üzücüydü.
Plaj kısmında ise herhangi bir müzik veya atmosfer yoktu. Sadece havuz başında çok kısık çalan, plajdan neredeyse hiç duyulmayan bir müzik vardı. Denizde ve plajda, otelin sunduğu tek şey adeta sadece denizin orada olmasıydı, bunun dışında keyifli bir ortam veya hizmet hissi kesinlikle yoktu. Akşamları eğlence ve genel atmosfer de son derece vasattı, özellikle pazar akşamı ortam bomboştu, öyle ki sıkılıp odaya çıkıp Netflix açmak zorunda kaldık. Tatile gidip keyif almak, dinlenmek yerine bu kadar detayla uğraşmak ve sinir harbiyle dönmek bizi hem maddi hem manevi olarak fazlasıyla yıprattı. Verdiğimiz para ve ayırdığımız zaman karşılığını kesinlikle bulmadı.
Tüm bu yaşananlar nedeniyle Salmakis Resort yönetiminden hem resmi bir özür hem de bu konaklama için ödediğimiz bedelin iadesini talep ediyorum.",20 Temmuz 11:51,78,,,,False,,,False,,,0,,,COMPLAINT_MATCHED,,Dedicated single-property source page,https://www.sikayetvar.com/salmakis-resort-spa,2026-08-25T12:58:29.219502+00:00,Son Derece Kötü Bir Deneyim Yaşadık,"12-14 Temmuz tarihleri arasında Salmakis Resort’ta Ultra her şey dahil konakladık ve ödediğimiz 35.815 TL’ye rağmen son derece kötü bir deneyim yaşadık. Otele girişten itibaren kendimizi misafir değil, adeta kendi haline bırakılmış insanlar gibi hissettik. Vale hizmeti yoktu, “kimseyi engellemeyecek bir yere park edin” denilerek yönlendirildik. Ne girişte ne de çıkışta kimse “bir isteğiniz var mı, bir şeye ihtiyacınız var mı, tatiliniz nasıl geçti, memnun kaldınız mı” gibi en temel insani ilgi cümlelerini dahi kurmadı. Plajda yaşadıklarımız ise daha da incitici oldu. Öğle yemeği için saat 14.05’te restorana çıktık, yaklaşık 14.55’te geri döndüğümüzde eşyalarımız derdest edilmiş, adeta plajdan kovulmuş gibiydik. Sanki halk plajında kavga etmişiz de şezlonglardan atılmışız gibi bir muameleyle karşılaştık. Sonrasında öğrendiğimiz kadarıyla plaj planlamasını düzgün yapamadıkları için, bir saatten fazla boş duran şezlonglardaki eşyalar özel eşya bile olsa toplanıyormuş ve bu yönetimin kesin kararıymış. Ben tatile gidip denize girerken, yemek yerken, eğlenirken yarım saatte bir şezlong başına dönüp adeta yoklama vermek zorunda mıyım, bunu anlayamıyorum. Bu yaklaşım bizi derinden rahatsız etti. Yemekler çeşit anlamında kısırdı ama lezzetliydi, bu nedenle mutfak ekibini ayrıca tebrik etmek isterim, bu yönetime rağmen iyi iş çıkarıyorlar. Ancak genel olarak personelin de işinden memnun olmadığını hissettik. Birkaç kez “bitiyor, kurtuluyorum” gibi cümleler kullanan genç çalışanlara bizzat şahit olduk, bu da oteldeki ruh halini ve çalışma ortamını açıkça gösteriyordu. Tesisin genel hijyeni ve oda temizliği de son derece yetersizdi. Kaldığımız odanın koridorunda üst üste konmuş bir tabak ve bardak vardı, bardak düşüp kırılmış ve cam kırıklarıyla birlikte üç gün boyunca orası hiç süpürülmemişti, tabak da olduğu gibi kaldı. Oda içinde ise sadece gözle görünen yerler temizlenmiş, yatak altları, perdelerin arkası, aynaların üzerleri toz ve kir içindeydi. Temizlik konusunda böyle bir ihmali bu seviyede iddia edilen bir tesiste görmek gerçekten çok üzücüydü. Plaj kısmında ise herhangi bir müzik veya atmosfer yoktu. Sadece havuz başında çok kısık çalan, plajdan neredeyse hiç duyulmayan bir müzik vardı. Denizde ve plajda, otelin sunduğu tek şey adeta sadece denizin orada olmasıydı, bunun dışında keyifli bir ortam veya hizmet hissi kesinlikle yoktu. Akşamları eğlence ve genel atmosfer de son derece vasattı, özellikle pazar akşamı ortam bomboştu, öyle ki sıkılıp odaya çıkıp Netflix açmak zorunda kaldık. Tatile gidip keyif almak, dinlenmek yerine bu kadar detayla uğraşmak ve sinir harbiyle dönmek bizi hem maddi hem manevi olarak fazlasıyla yıprattı. Verdiğimiz para ve ayırdığımız zaman karşılığını kesinlikle bulmadı. Tüm bu yaşananlar nedeniyle Salmakis Resort yönetiminden hem resmi bir özür hem de bu konaklama için ödediğimiz bedelin iadesini talep ediyorum.",,,2888,405,35,6,,,,,False,False,False,False,False,False,False,False,False,2026-08-25 12:58:29.219502,2026-07-20 11:51:00,True,DAY_MONTH_TIME_NO_YEAR,False,False,True,False,2026,7,2026-07,,,78,,0,False,False,False,False,False,False,Salmakis Resort & Spa,Bodrum Merkez,4.2,2681,,,,142.0,False,False,False,0,0,0,0,,,False,False,False
plaj-sezlonglari-zorla-bosaltildi-ve-misafir-ihmal-edildi,https://www.sikayetvar.com/salmakis-resort-spa/plaj-sezlonglari-zorla-bosaltildi-ve-misafir-ihmal-edildi,https://www.sikayetvar.com/salmakis-resort-spa/plaj-sezlonglari-zorla-bosaltildi-ve-misafir-ihmal-edildi,BOD045,Salmakis Resort & Spa,Bodrum Merkez,Salmakis Resort & Spa,plaj-sezlonglari-zorla-bosaltildi-ve-misafir-ihmal-edildi,https://www.sikayetvar.com/salmakis-resort-spa/plaj-sezlonglari-zorla-bosaltildi-ve-misafir-ihmal-edildi,Plaj Şezlongları Zorla Boşaltıldı Ve Misafir İhmal Edildi,"12–14 Temmuz tarihleri arasında iki kişi, deniz manzaralı odada Ultra her şey dahil konseptiyle Salmakis Resort & Spa’da konakladık. Bu süre boyunca yaşadıklarımız sebebiyle hem ödediğimiz ücrete hem de heba olan tatilimize gerçekten çok üzgünüz.
Otele ilk girişimizden itibaren hiçbir çalışan bir kez bile “bir isteğiniz var mı, bir şeye ihtiyacınız var mı” diye sormadı. Vale hizmeti yoktu, sadece kimseyi engellemeyecek bir yere park etmemiz söylendi. Çıkış yaparken bile ne tatilimizin nasıl geçtiği soruldu ne de en ufak bir insani ilgi gösterildi. Ultra her şey dahil bir tesiste, kendimizi misafir gibi değil, adeta kimsenin umursamadığı kişiler gibi hissettik.
En ağır yaşadığımız sorun ise plajda oldu. Plajdan öğle yemeği için restorana 14.05 civarında çıktık, 14.55 gibi döndüğümüzde eşyalarımızın adeta derdest edilerek kaldırıldığını gördük. Kendimizi, halk plajında kavga edip kovulmuş insanlar gibi hissettik. Bize, plaj planlaması nedeniyle şezlongların yönetimin kesin kararıyla bu şekilde boşaltılacağı söylendi ve özürleri de en az yaptıkları kadar rahatsız ediciydi. Tatile eğlenmeye, denize girmeye, yemek yemeye gelmişken, yarım saatte bir şezlong başında hazır ola geçip bilgi vermek zorundaymışız gibi hissettirilmemiz kabul edilemez.
Yemek çeşitleri kısıtlı olsa da lezzetliydi, mutfak ekibinin bu yönetime rağmen iyi iş çıkardığını özellikle belirtmek isterim. Buna karşın, diğer personelin de işinden memnun olmadığını çok net şekilde hissettik; birkaç kez “bitiyor, kurtuluyorum” tarzında ulu orta serzenişlerine şahit olduk. Bu atmosfer de tatil keyfimizi tamamen bozdu.
Odanın bulunduğu koridorda üst üste bırakılmış tabak ve bardaklar vardı; bardaklardan biri düşüp kırılmış ve cam kırıklarıyla birlikte bu alan üç gün boyunca süpürülmedi, tabak da olduğu gibi kaldı. Oda temizliği ise yüzeysel yapılıyordu; gözle görünen yerler silinmiş olsa da yatağın altı, aynaların üst kısımları, perde arkaları toz ve kir içindeydi. Temizlik açısından da kendimizi güvende ve rahat hissetmedik.
Rezervasyonumuz Setur üzerinden yapılmış olup, elimizde 12.07.2026 giriş tarihli ve 1958901 numaralı konaklama onay belgesi bulunmaktadır. Tüm bu yaşananlar nedeniyle tatilimiz dinlenmek yerine tam bir sinir harbine döndü, ödediğimiz ücrete ve kaybettiğimiz zamana karşılık ciddi bir hayal kırıklığı yaşadık.
Salmakis Resort & Spa yönetiminden, öncelikle bu yaşananlar için açık ve net bir özür, ardından da tatilimiz boyunca aldığımız hizmetin karşılığı olmadığı için ödediğimiz ücretin iadesini talep ediyorum. Benzer mağduriyetlerin tekrar yaşanmaması adına plaj uygulamalarının, personel yaklaşımının ve temizlik standartlarının acilen gözden geçirilmesini istiyorum.",19 Temmuz 14:04,68,,,,False,,,False,,,0,,,COMPLAINT_MATCHED,,Dedicated single-property source page,https://www.sikayetvar.com/salmakis-resort-spa,2026-08-25T12:58:29.219502+00:00,Plaj Şezlongları Zorla Boşaltıldı Ve Misafir İhmal Edildi,"12–14 Temmuz tarihleri arasında iki kişi, deniz manzaralı odada Ultra her şey dahil konseptiyle Salmakis Resort & Spa’da konakladık. Bu süre boyunca yaşadıklarımız sebebiyle hem ödediğimiz ücrete hem de heba olan tatilimize gerçekten çok üzgünüz. Otele ilk girişimizden itibaren hiçbir çalışan bir kez bile “bir isteğiniz var mı, bir şeye ihtiyacınız var mı” diye sormadı. Vale hizmeti yoktu, sadece kimseyi engellemeyecek bir yere park etmemiz söylendi. Çıkış yaparken bile ne tatilimizin nasıl geçtiği soruldu ne de en ufak bir insani ilgi gösterildi. Ultra her şey dahil bir tesiste, kendimizi misafir gibi değil, adeta kimsenin umursamadığı kişiler gibi hissettik. En ağır yaşadığımız sorun ise plajda oldu. Plajdan öğle yemeği için restorana 14.05 civarında çıktık, 14.55 gibi döndüğümüzde eşyalarımızın adeta derdest edilerek kaldırıldığını gördük. Kendimizi, halk plajında kavga edip kovulmuş insanlar gibi hissettik. Bize, plaj planlaması nedeniyle şezlongların yönetimin kesin kararıyla bu şekilde boşaltılacağı söylendi ve özürleri de en az yaptıkları kadar rahatsız ediciydi. Tatile eğlenmeye, denize girmeye, yemek yemeye gelmişken, yarım saatte bir şezlong başında hazır ola geçip bilgi vermek zorundaymışız gibi hissettirilmemiz kabul edilemez. Yemek çeşitleri kısıtlı olsa da lezzetliydi, mutfak ekibinin bu yönetime rağmen iyi iş çıkardığını özellikle belirtmek isterim. Buna karşın, diğer personelin de işinden memnun olmadığını çok net şekilde hissettik; birkaç kez “bitiyor, kurtuluyorum” tarzında ulu orta serzenişlerine şahit olduk. Bu atmosfer de tatil keyfimizi tamamen bozdu. Odanın bulunduğu koridorda üst üste bırakılmış tabak ve bardaklar vardı; bardaklardan biri düşüp kırılmış ve cam kırıklarıyla birlikte bu alan üç gün boyunca süpürülmedi, tabak da olduğu gibi kaldı. Oda temizliği ise yüzeysel yapılıyordu; gözle görünen yerler silinmiş olsa da yatağın altı, aynaların üst kısımları, perde arkaları toz ve kir içindeydi. Temizlik açısından da kendimizi güvende ve rahat hissetmedik. Rezervasyonumuz Setur üzerinden yapılmış olup, elimizde 12.07.2026 giriş tarihli ve 1958901 numaralı konaklama onay belgesi bulunmaktadır. Tüm bu yaşananlar nedeniyle tatilimiz dinlenmek yerine tam bir sinir harbine döndü, ödediğimiz ücrete ve kaybettiğimiz zamana karşılık ciddi bir hayal kırıklığı yaşadık. Salmakis Resort & Spa yönetiminden, öncelikle bu yaşananlar için açık ve net bir özür, ardından da tatilimiz boyunca aldığımız hizmetin karşılığı olmadığı için ödediğimiz ücretin iadesini talep ediyorum. Benzer mağduriyetlerin tekrar yaşanmaması adına plaj uygulamalarının, personel yaklaşımının ve temizlik standartlarının acilen gözden geçirilmesini istiyorum.",,,2686,362,57,8,,,,,False,False,False,False,False,False,False,False,False,2026-08-25 12:58:29.219502,2026-07-19 14:04:00,True,DAY_MONTH_TIME_NO_YEAR,False,False,True,False,2026,7,2026-07,,,68,,0,False,False,False,True,False,False,Salmakis Resort & Spa,Bodrum Merkez,4.2,2681,,,,142.0,False,False,False,0,0,0,0,,,False,False,False
oda-temizligi-ve-personel-ilgisizligi-konaklamami-olumsuz-etkiledi,https://www.sikayetvar.com/salmakis-resort-spa/oda-temizligi-ve-personel-ilgisizligi-konaklamami-olumsuz-etkiledi,https://www.sikayetvar.com/salmakis-resort-spa/oda-temizligi-ve-personel-ilgisizligi-konaklamami-olumsuz-etkiledi,BOD045,Salmakis Resort & Spa,Bodrum Merkez,Salmakis Resort & Spa,oda-temizligi-ve-personel-ilgisizligi-konaklamami-olumsuz-etkiledi,https://www.sikayetvar.com/salmakis-resort-spa/oda-temizligi-ve-personel-ilgisizligi-konaklamami-olumsuz-etkiledi,Oda Temizliği Ve Personel İlgisizliği Konaklamamı Olumsuz Etkiledi,"25 Ağustos - 30 Ağustos tarihleri arasında Salmakis Otel’de 608 numaralı odada konakladım. Konaklama sürem boyunca odaların temizliğiyle ilgili ciddi sorunlar yaşadım. Defalarca belirtmemize rağmen odalar düzgün temizlenmedi, çöpler alınmadı ve kirli bardaklar yıkanmadan tekrar yerine kondu.
Otel çalışanlarının yaklaşımı oldukça kabaydı ve “parayı aldık. Zaten” tavrıyla ilgisiz davrandılar. Şikayetlerimizi ilettiğimizde ise “yapacak bir şey yok” şeklinde geçiştirici cevaplar aldık. Bu durum hem hizmet kalitesinden hem de yönetim anlayışından büyük hayal kırıklığı yaşamama neden oldu.
Ayrıca snack bar’da yiyeceklerin dışarı çıkarılması konusunda tutarsız ve keyfi bir uygulama ile karşılaştım. Arı olduğu gerekçesiyle bazı yiyeceklerin (örneğin pide) dışarı çıkarılmasına izin verilmiyor; fakat waffle ve karpuz gibi ürünler dışarı çıkabiliyor. Bu konuda herhangi bir tabela veya bilgilendirme de yok, garsonlar ise keyfi şekilde kural uyguluyor ve iletişim tarzları rahatsız edici.
Otel yetkilileriyle doğrudan görüşerek yaşadığım tüm bu sorunların ciddiyetle ele alınmasını ve çözüm üretilmesini talep ediyorum.",29 Ağustos 2025 13:57,701,,,,False,,,False,,,0,,,COMPLAINT_MATCHED,,Dedicated single-property source page,https://www.sikayetvar.com/salmakis-resort-spa,2026-08-25T12:58:29.219502+00:00,Oda Temizliği Ve Personel İlgisizliği Konaklamamı Olumsuz Etkiledi,"25 Ağustos - 30 Ağustos tarihleri arasında Salmakis Otel’de 608 numaralı odada konakladım. Konaklama sürem boyunca odaların temizliğiyle ilgili ciddi sorunlar yaşadım. Defalarca belirtmemize rağmen odalar düzgün temizlenmedi, çöpler alınmadı ve kirli bardaklar yıkanmadan tekrar yerine kondu. Otel çalışanlarının yaklaşımı oldukça kabaydı ve “parayı aldık. Zaten” tavrıyla ilgisiz davrandılar. Şikayetlerimizi ilettiğimizde ise “yapacak bir şey yok” şeklinde geçiştirici cevaplar aldık. Bu durum hem hizmet kalitesinden hem de yönetim anlayışından büyük hayal kırıklığı yaşamama neden oldu. Ayrıca snack bar’da yiyeceklerin dışarı çıkarılması konusunda tutarsız ve keyfi bir uygulama ile karşılaştım. Arı olduğu gerekçesiyle bazı yiyeceklerin (örneğin pide) dışarı çıkarılmasına izin verilmiyor; fakat waffle ve karpuz gibi ürünler dışarı çıkabiliyor. Bu konuda herhangi bir tabela veya bilgilendirme de yok, garsonlar ise keyfi şekilde kural uyguluyor ve iletişim tarzları rahatsız edici. Otel yetkilileriyle doğrudan görüşerek yaşadığım tüm bu sorunların ciddiyetle ele alınmasını ve çözüm üretilmesini talep ediyorum.",,,1120,144,66,8,,,,,False,False,False,False,False,False,False,False,False,2026-08-25 12:58:29.219502,2025-08-29 13:57:00,False,DAY_MONTH_YEAR_TIME,False,False,False,False,2025,8,2025-08,,,701,,0,False,False,False,False,False,False,Salmakis Resort & Spa,Bodrum Merkez,4.2,2681,,,,142.0,False,False,False,0,0,0,0,,,False,False,False
salmakis-resort-spa-salmakis-otel-bodrum-kufurlu-personel,https://www.sikayetvar.com/salmakis-resort-spa/salmakis-resort-spa-salmakis-otel-bodrum-kufurlu-personel,https://www.sikayetvar.com/salmakis-resort-spa/salmakis-resort-spa-salmakis-otel-bodrum-kufurlu-personel,BOD045,Salmakis Resort & Spa,Bodrum Merkez,Salmakis Resort & Spa,salmakis-resort-spa-salmakis-otel-bodrum-kufurlu-personel,https://www.sikayetvar.com/salmakis-resort-spa/salmakis-resort-spa-salmakis-otel-bodrum-kufurlu-personel,Salmakis Otel Bodrum - Küfürlü Personel,03.09.2024 / 06.09.2024 tarihleri arasında yaptığımız konaklamanın 2. Günü plaj havlusu alırken M***** K******* adındaki çalışan eşime “Havlu Beğendiremiyoruz a…. K….” Diyerek küfür etti.Yerinde onun üstüne gerekli şikayetimizi yaptık ama oradaki sorumlu bayan da “Özür Dile Misafirden” dedi ve bu şekilde kendince yapılan bu saygısızlığı ve terbiyesizliği kapattı. ETS Tur aracılığı ile biz yaşadığımız bu saçma sapan durumu izah ettik fakat “salmakis” yönetiminden hiçbir şekilde geri dönüş alamadık. Zaten otelde yabancı misafir olmadığımız için 2. Planda kaldığımız yetmemiş gibi bir de çalışan kişilerden küfür yedik.,9 Eylül 2024 14:09,1.323,,,,False,,,False,,,0,,,COMPLAINT_MATCHED,,Dedicated single-property source page,https://www.sikayetvar.com/salmakis-resort-spa,2026-08-25T12:58:29.219502+00:00,Salmakis Otel Bodrum - Küfürlü Personel,03.09.2024 / 06.09.2024 tarihleri arasında yaptığımız konaklamanın 2. Günü plaj havlusu alırken M***** K******* adındaki çalışan eşime “Havlu Beğendiremiyoruz a.... K....” Diyerek küfür etti.Yerinde onun üstüne gerekli şikayetimizi yaptık ama oradaki sorumlu bayan da “Özür Dile Misafirden” dedi ve bu şekilde kendince yapılan bu saygısızlığı ve terbiyesizliği kapattı. ETS Tur aracılığı ile biz yaşadığımız bu saçma sapan durumu izah ettik fakat “salmakis” yönetiminden hiçbir şekilde geri dönüş alamadık. Zaten otelde yabancı misafir olmadığımız için 2. Planda kaldığımız yetmemiş gibi bir de çalışan kişilerden küfür yedik.,,,626,85,39,6,,,,,False,False,False,False,False,False,False,False,False,2026-08-25 12:58:29.219502,2024-09-09 14:09:00,False,DAY_MONTH_YEAR_TIME,False,False,False,False,2024,9,2024-09,,,1323,,0,False,False,False,True,False,False,Salmakis Resort & Spa,Bodrum Merkez,4.2,2681,,,,142.0,False,False,False,0,0,0,0,,,False,False,False
rezervasyonda-aldatici-transfer-sozu-ve-tutulmayan-soz,https://www.sikayetvar.com/sami-beach-hotel/rezervasyonda-aldatici-transfer-sozu-ve-tutulmayan-soz,https://www.sikayetvar.com/sami-beach-hotel/rezervasyonda-aldatici-transfer-sozu-ve-tutulmayan-soz,BOD067,Sami Beach Hotel,Gümbet,Sami Beach Hotel,rezervasyonda-aldatici-transfer-sozu-ve-tutulmayan-soz,https://www.sikayetvar.com/sami-beach-hotel/rezervasyonda-aldatici-transfer-sozu-ve-tutulmayan-soz,Rezervasyonda Aldatıcı Transfer Sözü Ve Tutulmayan Söz,"Bodrum Sami Beach Otel’e 20 Temmuz – 24 Temmuz tarihleri için toplam 106.000 TL tutarında rezervasyon yapmak istedim. Tatilbudur uygulamasında peşin fiyatına dokuz taksit seçeneği görünüyordu, ancak ben rezervasyonumu doğrudan oteli arayarak yapmak istedim. Telefonda görüştüğüm görevli, kendilerinin en fazla altı taksit yapabildiğini, ancak havalimanı transfer ücretini otel ücretinin içine dahil ederek bana yardımcı olabileceklerini, böylece ekstra transfer ücreti ödemeyeceğimi söyledi. Ben de düşüneceğimi söyleyip telefonu kapattım.
Transfer ücreti dahil edilince avantajlı geldi. Tatilbudur.com yerine doğrudan otelden rezervasyon yapayım dedim; daha az taksit olmasına rağmen.
Öğleden sonra saat 15.00–16.00 civarında yaptığım bu ilk görüşmeden sonra tekrar oteli aradığımda, bu kez bana “Biz size transferi söylemedik” denildi. Ardından yaklaşık 10 dakika sonra beni tekrar arayıp, kendi aralarında konuştuklarını, personel arkadaşa sorduklarını ve transferde müsaitlik olmadığını, bu yüzden bana transfer veremeyeceklerini söylediler. Buna rağmen rezervasyonu iptal ettirmeden, “tamam olsun” diyerek rezervasyonu kabul ettim ve 106.000 TL’lik ödemenin tamamını gerçekleştirdim.
Daha sonra havalimanı transferi için ayrı bir arayışa girdiğimde tekrar otelle görüşmek istedim ve bu defa transferde müsaitliklerinin olduğunu söylediler. Yani rezervasyon sürecinde bana önce transfer dahil edileceği söylenip, sonra “müsaitlik yok” denilerek bu sözden dönülmüş, şimdi ise transferin aslında müsait olduğu ifade edilmektedir. Bu durum, müşteriyi sadece rezervasyon yaptırmak için yanlış yönlendiren, güven sarsıcı ve aldatıcı bir yaklaşım olarak beni son derece rahatsız etti.
Ben, rezervasyon öncesi telefonda açıkça belirtilen havalimanı transfer sözünün tutulmasını ve bu sürecin mağduriyetimi giderecek şekilde, ilk başta konuştuğumuz gibi transferin konaklama ücretine dahil edilerek sağlanmasını talep ediyorum.",8 Temmuz 16:30,67,,,,False,,,False,,,0,,,COMPLAINT_MATCHED,,Dedicated single-property source page,https://www.sikayetvar.com/sami-beach-hotel,2026-08-25T12:58:29.219502+00:00,Rezervasyonda Aldatıcı Transfer Sözü Ve Tutulmayan Söz,"Bodrum Sami Beach Otel’e 20 Temmuz – 24 Temmuz tarihleri için toplam 106.000 TL tutarında rezervasyon yapmak istedim. Tatilbudur uygulamasında peşin fiyatına dokuz taksit seçeneği görünüyordu, ancak ben rezervasyonumu doğrudan oteli arayarak yapmak istedim. Telefonda görüştüğüm görevli, kendilerinin en fazla altı taksit yapabildiğini, ancak havalimanı transfer ücretini otel ücretinin içine dahil ederek bana yardımcı olabileceklerini, böylece ekstra transfer ücreti ödemeyeceğimi söyledi. Ben de düşüneceğimi söyleyip telefonu kapattım. Transfer ücreti dahil edilince avantajlı geldi. Tatilbudur.com yerine doğrudan otelden rezervasyon yapayım dedim; daha az taksit olmasına rağmen. Öğleden sonra saat 15.00–16.00 civarında yaptığım bu ilk görüşmeden sonra tekrar oteli aradığımda, bu kez bana “Biz size transferi söylemedik” denildi. Ardından yaklaşık 10 dakika sonra beni tekrar arayıp, kendi aralarında konuştuklarını, personel arkadaşa sorduklarını ve transferde müsaitlik olmadığını, bu yüzden bana transfer veremeyeceklerini söylediler. Buna rağmen rezervasyonu iptal ettirmeden, “tamam olsun” diyerek rezervasyonu kabul ettim ve 106.000 TL’lik ödemenin tamamını gerçekleştirdim. Daha sonra havalimanı transferi için ayrı bir arayışa girdiğimde tekrar otelle görüşmek istedim ve bu defa transferde müsaitliklerinin olduğunu söylediler. Yani rezervasyon sürecinde bana önce transfer dahil edileceği söylenip, sonra “müsaitlik yok” denilerek bu sözden dönülmüş, şimdi ise transferin aslında müsait olduğu ifade edilmektedir. Bu durum, müşteriyi sadece rezervasyon yaptırmak için yanlış yönlendiren, güven sarsıcı ve aldatıcı bir yaklaşım olarak beni son derece rahatsız etti. Ben, rezervasyon öncesi telefonda açıkça belirtilen havalimanı transfer sözünün tutulmasını ve bu sürecin mağduriyetimi giderecek şekilde, ilk başta konuştuğumuz gibi transferin konaklama ücretine dahil edilerek sağlanmasını talep ediyorum.",,,1923,240,54,7,,,,,False,False,False,False,False,False,False,False,False,2026-08-25 12:58:29.219502,2026-07-08 16:30:00,True,DAY_MONTH_TIME_NO_YEAR,False,False,True,False,2026,7,2026-07,,,67,,0,False,False,False,False,False,False,Sami Beach Hotel,Gümbet,4.0,2089,,,,128.0,False,False,False,0,0,0,0,,,False,False,False
yuksek-ucret-ilgisiz-destek-ve-kayip-esya-tatilbudur-ve-sami-beach-hotel-magduriyeti,https://www.sikayetvar.com/sami-beach-hotel/yuksek-ucret-ilgisiz-destek-ve-kayip-esya-tatilbudur-ve-sami-beach-hotel-magduriyeti,https://www.sikayetvar.com/sami-beach-hotel/yuksek-ucret-ilgisiz-destek-ve-kayip-esya-tatilbudur-ve-sami-beach-hotel-magduriyeti,BOD067,Sami Beach Hotel,Gümbet,Sami Beach Hotel,yuksek-ucret-ilgisiz-destek-ve-kayip-esya-tatilbudur-ve-sami-beach-hotel-magduriyeti,https://www.sikayetvar.com/sami-beach-hotel/yuksek-ucret-ilgisiz-destek-ve-kayip-esya-tatilbudur-ve-sami-beach-hotel-magduriyeti,"Yüksek Ücret, İlgisiz Destek Ve Kayıp Eşya: Tatilbudur Ve","Kız kardeşimle birlikte Kurban Bayramı için Tatilbudur üzerinden Bodrum Gümbet’teki Sami Beach Hotel’e 25 Mayıs giriş, 30 Mayıs çıkış olacak şekilde toplam 5 gecelik, 47.500 TL tutarında bir paket tatil satın aldık. Ancak daha otele giriş yaptığımız andan itibaren hem Tatilbudur’un ilgisizliği hem de otel deneyimi nedeniyle büyük hayal kırıklığı yaşadık.
Otele vardığımızda Tatilbudur müşteri temsilcisi sadece telefonla arayıp numaramı kaydetmemi söyledi, otelde kendisini hiçbir şekilde bulamadım, telefonlarıma cevap vermedi. Ben uyarınca yanımıza geldi, sadece kısaca tanışıp ayrıldı, oteli gezdirmedi, herhangi bir bilgilendirme yapmadı. Turları yalnızca WhatsApp üzerinden gönderdi, konuşmaları hiç ikna edici değildi ve bir an önce işini bitirip gitme derdindeymiş gibi davrandı. Kısacası bizimle hiçbir şekilde ilgilenilmedi.
Şu an otelde unuttuğum bikini takımım için bile otele sağlıklı şekilde ulaşamıyorum, bu konuda da hiçbir destek alamıyorum. Hem bu kadar kötü bir otele bu kadar yüksek ücret ödemiş olmamız hem de Tatilbudur’un ilgisizliği ve sorumsuz yaklaşımı nedeniyle kendimi tamamen mağdur hissediyorum. Mail atarak da ulaşmaya çalıştım, “size geri dönüş yapılacak” denmesine rağmen hiçbir şekilde geri dönüş yapılmadı.
Yaşadığım bu olumsuz deneyim nedeniyle hem ödediğim ücretin karşılığını alamadığımı düşünüyorum hem de iletişim ve ilgi anlamında tamamen yalnız bırakıldım. Tatilbudur’un bu yaşanan süreci inceleyerek mağduriyetimi gidermesini, unuttuğum eşya konusunda da otele ulaşım ve eşyamın tarafıma ulaştırılması için yardımcı olmasını talep ediyorum.",2 Haziran 11:28,74,,,,False,,,False,,,0,,,COMPLAINT_MATCHED,,Dedicated single-property source page,https://www.sikayetvar.com/sami-beach-hotel,2026-08-25T12:58:29.219502+00:00,"Yüksek Ücret, İlgisiz Destek Ve Kayıp Eşya: Tatilbudur Ve","Kız kardeşimle birlikte Kurban Bayramı için Tatilbudur üzerinden Bodrum Gümbet’teki Sami Beach Hotel’e 25 Mayıs giriş, 30 Mayıs çıkış olacak şekilde toplam 5 gecelik, 47.500 TL tutarında bir paket tatil satın aldık. Ancak daha otele giriş yaptığımız andan itibaren hem Tatilbudur’un ilgisizliği hem de otel deneyimi nedeniyle büyük hayal kırıklığı yaşadık. Otele vardığımızda Tatilbudur müşteri temsilcisi sadece telefonla arayıp numaramı kaydetmemi söyledi, otelde kendisini hiçbir şekilde bulamadım, telefonlarıma cevap vermedi. Ben uyarınca yanımıza geldi, sadece kısaca tanışıp ayrıldı, oteli gezdirmedi, herhangi bir bilgilendirme yapmadı. Turları yalnızca WhatsApp üzerinden gönderdi, konuşmaları hiç ikna edici değildi ve bir an önce işini bitirip gitme derdindeymiş gibi davrandı. Kısacası bizimle hiçbir şekilde ilgilenilmedi. Şu an otelde unuttuğum bikini takımım için bile otele sağlıklı şekilde ulaşamıyorum, bu konuda da hiçbir destek alamıyorum. Hem bu kadar kötü bir otele bu kadar yüksek ücret ödemiş olmamız hem de Tatilbudur’un ilgisizliği ve sorumsuz yaklaşımı nedeniyle kendimi tamamen mağdur hissediyorum. Mail atarak da ulaşmaya çalıştım, “size geri dönüş yapılacak” denmesine rağmen hiçbir şekilde geri dönüş yapılmadı. Yaşadığım bu olumsuz deneyim nedeniyle hem ödediğim ücretin karşılığını alamadığımı düşünüyorum hem de iletişim ve ilgi anlamında tamamen yalnız bırakıldım. Tatilbudur’un bu yaşanan süreci inceleyerek mağduriyetimi gidermesini, unuttuğum eşya konusunda da otele ulaşım ve eşyamın tarafıma ulaştırılması için yardımcı olmasını talep ediyorum.",,,1584,209,57,9,,,,,False,False,False,False,False,False,False,False,False,2026-08-25 12:58:29.219502,2026-06-02 11:28:00,True,DAY_MONTH_TIME_NO_YEAR,False,False,True,False,2026,6,2026-06,,,74,,0,False,False,False,False,False,False,Sami Beach Hotel,Gümbet,4.0,2089,,,,128.0,False,False,False,0,0,0,0,,,False,False,False
kotu-temizlik-ilgisiz-personel-ve-saglik-sorunu-tatil-hayal-kirikligina-donustu,https://www.sikayetvar.com/sami-beach-hotel/kotu-temizlik-ilgisiz-personel-ve-saglik-sorunu-tatil-hayal-kirikligina-donustu,https://www.sikayetvar.com/sami-beach-hotel/kotu-temizlik-ilgisiz-personel-ve-saglik-sorunu-tatil-hayal-kirikligina-donustu,BOD067,Sami Beach Hotel,Gümbet,Sami Beach Hotel,kotu-temizlik-ilgisiz-personel-ve-saglik-sorunu-tatil-hayal-kirikligina-donustu,https://www.sikayetvar.com/sami-beach-hotel/kotu-temizlik-ilgisiz-personel-ve-saglik-sorunu-tatil-hayal-kirikligina-donustu,"Kötü Temizlik, İlgisiz Personel Ve Sağlık Sorunu: Tatil Hayal Kırıklığına Dönüştü","7-10 Ağustos 2024 tarihlerinde Sami Beach Otel’de (oda no: 716) konakladık. Otele vaktinde giriş yapmamıza rağmen, “Odanız hazırlanıyor” denilerek yaklaşık 45 dakika bekletildik ve 14.45’te odaya ancak geçebildik. Odaya götüren bellboy, “Zaten Tatilbudur’dan almışsınız, odanız ona göre” şeklinde bir ifade kullandı. Bu yaklaşım bizi oldukça rahatsız etti.
Odaya girdiğimizde, oda son derece küçüktü ve her yerde yıllanmış kirler vardı. Odanın tekrar temizlenmesini özellikle belirtmemize rağmen, sadece yüzeysel bir temizlik yapılmış; komodinlerin üzeri hâlâ yapış yapıştı. 2. Gün akşamı açık büfede yediğim yemek nedeniyle midem bozuldu ve hastanelik oldum. Ayrıca personelin tavırları oldukça kaba ve ilgisizdi; sadece Tatilbudur personeli yardımcı olmaya çalıştı.
Otelin genelinde temizlik büyük bir problem: şezlonglar kirli, her yerde sinek var, hatta açık büfedeki yemeklerin üzerinde bile sinekler vardı. 3 gece 4 gün için geceliğine 9.000 TL ödeyip bu şekilde bir hizmet almak bizi çok mağdur etti.
Yaşadığımız mağduriyetin telafi edilmesini talep ediyorum. Fotoğrafları da ekleyeceğim.",21 Ağustos 2025 12:04,437,,,,False,,,False,,,0,,,COMPLAINT_MATCHED,,Dedicated single-property source page,https://www.sikayetvar.com/sami-beach-hotel,2026-08-25T12:58:29.219502+00:00,"Kötü Temizlik, İlgisiz Personel Ve Sağlık Sorunu: Tatil Hayal Kırıklığına Dönüştü","7-10 Ağustos 2024 tarihlerinde Sami Beach Otel’de (oda no: 716) konakladık. Otele vaktinde giriş yapmamıza rağmen, “Odanız hazırlanıyor” denilerek yaklaşık 45 dakika bekletildik ve 14.45’te odaya ancak geçebildik. Odaya götüren bellboy, “Zaten Tatilbudur’dan almışsınız, odanız ona göre” şeklinde bir ifade kullandı. Bu yaklaşım bizi oldukça rahatsız etti. Odaya girdiğimizde, oda son derece küçüktü ve her yerde yıllanmış kirler vardı. Odanın tekrar temizlenmesini özellikle belirtmemize rağmen, sadece yüzeysel bir temizlik yapılmış; komodinlerin üzeri hâlâ yapış yapıştı. 2. Gün akşamı açık büfede yediğim yemek nedeniyle midem bozuldu ve hastanelik oldum. Ayrıca personelin tavırları oldukça kaba ve ilgisizdi; sadece Tatilbudur personeli yardımcı olmaya çalıştı. Otelin genelinde temizlik büyük bir problem: şezlonglar kirli, her yerde sinek var, hatta açık büfedeki yemeklerin üzerinde bile sinekler vardı. 3 gece 4 gün için geceliğine 9.000 TL ödeyip bu şekilde bir hizmet almak bizi çok mağdur etti. Yaşadığımız mağduriyetin telafi edilmesini talep ediyorum. Fotoğrafları da ekleyeceğim.",,,1095,148,81,11,,,,,False,False,False,False,False,False,False,False,False,2026-08-25 12:58:29.219502,2025-08-21 12:04:00,False,DAY_MONTH_YEAR_TIME,False,False,False,False,2025,8,2025-08,,,437,,0,False,False,False,False,False,False,Sami Beach Hotel,Gümbet,4.0,2089,,,,128.0,False,False,False,0,0,0,0,,,False,False,False
oda-ve-hizmet-eksiklikleri-hakkinda-sikayet,https://www.sikayetvar.com/sami-beach-hotel/oda-ve-hizmet-eksiklikleri-hakkinda-sikayet,https://www.sikayetvar.com/sami-beach-hotel/oda-ve-hizmet-eksiklikleri-hakkinda-sikayet,BOD067,Sami Beach Hotel,Gümbet,Sami Beach Hotel,oda-ve-hizmet-eksiklikleri-hakkinda-sikayet,https://www.sikayetvar.com/sami-beach-hotel/oda-ve-hizmet-eksiklikleri-hakkinda-sikayet,Oda ve Hizmet Eksiklikleri Hakkında Şikayet,"10-14 Ağustos tarihleri arasında Bodrum Sami Beach Otel’de deniz manzaralı oda için rezervasyon yaptırdım ve 1203 numaralı odada konakladım. Deniz manzaralı oda için ekstra ücret ödememe rağmen, verilen oda neredeyse hiç deniz görmüyordu. İtiraz ettiğimde ise otel yönetimi sadece bu odanın boş olduğunu belirtti ve başka bir çözüm sunulmadı.
Konaklamam boyunca her gün oda anahtarıyla ilgili sorun yaşadım ve anahtarı sürekli olarak resepsiyona gidip değiştirmek zorunda kaldım. Bu konuda bana, anahtarı cüzdanımda taşımamam veya telefonun yanında bulundurmamam gerektiği gibi yetersiz açıklamalar yapıldı. Ayrıca oda temizliği sırasında üç gün üst üste havlu bırakılmadı ve her seferinde tekrar tekrar resepsiyona giderek talepte bulunmak zorunda kaldım. Son gün ise resepsiyonun telefonu çalışmadığı için alternatif bir cep numarası verildi, fakat bu bilgi tatilimin son gününde paylaşıldı.
Ayrıca, Tatilbudur.com yetkilisi bu oda sorununu bildiği halde ne bizimle iletişime geçti ne de yardımcı oldu. Sadece WhatsApp üzerinden otomatik tur mesajları gönderildi, herhangi bir ilgi veya destek gösterilmedi. Bu durumdan oldukça rahatsız oldum; yetkiliyi sadece yemek sırasında görebildik, herhangi bir hal hatır sorulmadı.
Tüm bu olumsuzluklar nedeniyle ödediğim ekstra ücretin karşılığını alamadım. Standart bir odadan hiçbir farkı olmayan bir odada konakladım. Bu nedenle, deniz manzaralı oda için ödediğim farkın iade edilmesini talep ediyorum.",14 Ağustos 2025 12:31,589,,,,False,,,False,,,0,,,COMPLAINT_MATCHED,,Dedicated single-property source page,https://www.sikayetvar.com/sami-beach-hotel,2026-08-25T12:58:29.219502+00:00,Oda ve Hizmet Eksiklikleri Hakkında Şikayet,"10-14 Ağustos tarihleri arasında Bodrum Sami Beach Otel’de deniz manzaralı oda için rezervasyon yaptırdım ve 1203 numaralı odada konakladım. Deniz manzaralı oda için ekstra ücret ödememe rağmen, verilen oda neredeyse hiç deniz görmüyordu. İtiraz ettiğimde ise otel yönetimi sadece bu odanın boş olduğunu belirtti ve başka bir çözüm sunulmadı. Konaklamam boyunca her gün oda anahtarıyla ilgili sorun yaşadım ve anahtarı sürekli olarak resepsiyona gidip değiştirmek zorunda kaldım. Bu konuda bana, anahtarı cüzdanımda taşımamam veya telefonun yanında bulundurmamam gerektiği gibi yetersiz açıklamalar yapıldı. Ayrıca oda temizliği sırasında üç gün üst üste havlu bırakılmadı ve her seferinde tekrar tekrar resepsiyona giderek talepte bulunmak zorunda kaldım. Son gün ise resepsiyonun telefonu çalışmadığı için alternatif bir cep numarası verildi, fakat bu bilgi tatilimin son gününde paylaşıldı. Ayrıca, Tatilbudur.com yetkilisi bu oda sorununu bildiği halde ne bizimle iletişime geçti ne de yardımcı oldu. Sadece WhatsApp üzerinden otomatik tur mesajları gönderildi, herhangi bir ilgi veya destek gösterilmedi. Bu durumdan oldukça rahatsız oldum; yetkiliyi sadece yemek sırasında görebildik, herhangi bir hal hatır sorulmadı. Tüm bu olumsuzluklar nedeniyle ödediğim ekstra ücretin karşılığını alamadım. Standart bir odadan hiçbir farkı olmayan bir odada konakladım. Bu nedenle, deniz manzaralı oda için ödediğim farkın iade edilmesini talep ediyorum.",,,1449,196,43,6,,,,,False,False,False,False,False,False,False,False,False,2026-08-25 12:58:29.219502,2025-08-14 12:31:00,False,DAY_MONTH_YEAR_TIME,False,False,False,False,2025,8,2025-08,,,589,,0,False,False,False,False,False,False,Sami Beach Hotel,Gümbet,4.0,2089,,,,128.0,False,False,False,0,0,0,0,,,False,False,False
otel-rezervasyon-iptal-surecinde-yasanan-sorunlar,https://www.sikayetvar.com/sami-beach-hotel/otel-rezervasyon-iptal-surecinde-yasanan-sorunlar,https://www.sikayetvar.com/sami-beach-hotel/otel-rezervasyon-iptal-surecinde-yasanan-sorunlar,BOD067,Sami Beach Hotel,Gümbet,Sami Beach Hotel,otel-rezervasyon-iptal-surecinde-yasanan-sorunlar,https://www.sikayetvar.com/sami-beach-hotel/otel-rezervasyon-iptal-surecinde-yasanan-sorunlar,Otel Rezervasyon İptal Sürecinde Yaşanan Sorunlar,"1 aydan fazla bir süre önce Bodrum Gümbet'te Sami Beach Otel'de bu yaz için rezervasyon yaptırdım. İşim gereği yurt dışına çıkma durumu oluşunca arayıp iptal etmek istediğimi söyledim. Önce tamam dediler, sonrasında tatil iptal garanti paketim olmadığını ve hak kaybı yaşamamam için 500 küsur TL garanti paketi satın alıp o şekilde iptal gerçekleştirelim dediler (rezervasyon tarihine neredeyse 3 ay olan tatil için). Bunu kabul etmeyince kesinti olacağını söylediler (ki onları aramadan önce avukatımla görüştüm, söyledikleri şeylerin yasal dayanağı yok). Yasal yollara başvuracağımı belirtince iptali gerçekleştirdiklerini söylediler. Bu süreçte 2 defa banka ile iletişime geçtim, 20 gündür verilen herhangi bir iptal bildirimi yok bankaya. Büyük bir pişmanlık Sami Beach Otel.",10 Nisan 2025 15:54,1.798,,,,False,,,False,,,0,,,COMPLAINT_MATCHED,,Dedicated single-property source page,https://www.sikayetvar.com/sami-beach-hotel,2026-08-25T12:58:29.219502+00:00,Otel Rezervasyon İptal Sürecinde Yaşanan Sorunlar,"1 aydan fazla bir süre önce Bodrum Gümbet'te Sami Beach Otel'de bu yaz için rezervasyon yaptırdım. İşim gereği yurt dışına çıkma durumu oluşunca arayıp iptal etmek istediğimi söyledim. Önce tamam dediler, sonrasında tatil iptal garanti paketim olmadığını ve hak kaybı yaşamamam için 500 küsur TL garanti paketi satın alıp o şekilde iptal gerçekleştirelim dediler (rezervasyon tarihine neredeyse 3 ay olan tatil için). Bunu kabul etmeyince kesinti olacağını söylediler (ki onları aramadan önce avukatımla görüştüm, söyledikleri şeylerin yasal dayanağı yok). Yasal yollara başvuracağımı belirtince iptali gerçekleştirdiklerini söylediler. Bu süreçte 2 defa banka ile iletişime geçtim, 20 gündür verilen herhangi bir iptal bildirimi yok bankaya. Büyük bir pişmanlık Sami Beach Otel.",,,779,109,49,6,,,,,False,False,False,False,False,False,False,False,False,2026-08-25 12:58:29.219502,2025-04-10 15:54:00,False,DAY_MONTH_YEAR_TIME,False,False,False,False,2025,4,2025-04,,,1798,,0,False,False,False,False,False,False,Sami Beach Hotel,Gümbet,4.0,2089,,,,128.0,False,False,False,0,0,0,0,,,False,False,False
sami-beach-hotel-guvenligi-ve-hizmet-kalitesi-sorunlari,https://www.sikayetvar.com/sami-beach-hotel/sami-beach-hotel-guvenligi-ve-hizmet-kalitesi-sorunlari,https://www.sikayetvar.com/sami-beach-hotel/sami-beach-hotel-guvenligi-ve-hizmet-kalitesi-sorunlari,BOD067,Sami Beach Hotel,Gümbet,Sami Beach Hotel,sami-beach-hotel-guvenligi-ve-hizmet-kalitesi-sorunlari,https://www.sikayetvar.com/sami-beach-hotel/sami-beach-hotel-guvenligi-ve-hizmet-kalitesi-sorunlari,Güvenliği Ve Hizmet Kalitesi Sorunları!,"Otelde hem kızımın hem benim marka gözlüklerim çalındı. Otel yönetime bildirmeme rağmen yardımcı olmadılar. Otel çalışanı tarafından taciz edildim, yine yardımcı olmadılar. Otel giriş belgelerimi istedim. Turizm Bakanlığı'na şikayet etmek için polis çağırın, o zaman veririz dediler. Giriş belgemi bile vermediler. Odalar pis. Duşlar doğru düzgün akmıyor. Yerli yabancı turist ayrımı gözettikleri için, boş oda olmasına rağmen görsellerde olan odalara değil, yolun karşı tarafındaki bambaşka bir odaya sizi konaklamanız için yerleştiriyorlar.",5 Eylül 2024 15:22,2.010,,,,False,,,False,,,0,,,COMPLAINT_MATCHED,,Dedicated single-property source page,https://www.sikayetvar.com/sami-beach-hotel,2026-08-25T12:58:29.219502+00:00,Güvenliği Ve Hizmet Kalitesi Sorunları!,"Otelde hem kızımın hem benim marka gözlüklerim çalındı. Otel yönetime bildirmeme rağmen yardımcı olmadılar. Otel çalışanı tarafından taciz edildim, yine yardımcı olmadılar. Otel giriş belgelerimi istedim. Turizm Bakanlığı'na şikayet etmek için polis çağırın, o zaman veririz dediler. Giriş belgemi bile vermediler. Odalar pis. Duşlar doğru düzgün akmıyor. Yerli yabancı turist ayrımı gözettikleri için, boş oda olmasına rağmen görsellerde olan odalara değil, yolun karşı tarafındaki bambaşka bir odaya sizi konaklamanız için yerleştiriyorlar.",,,542,71,39,5,,,,,False,False,False,False,False,False,False,False,False,2026-08-25 12:58:29.219502,2024-09-05 15:22:00,False,DAY_MONTH_YEAR_TIME,False,False,False,False,2024,9,2024-09,,,2010,,0,False,False,False,False,False,False,Sami Beach Hotel,Gümbet,4.0,2089,,,,128.0,False,False,False,0,0,0,0,,,False,False,False
verilen-taahhutlerin-yerine-getirilmemesi-nedeniyle-ucret-iadesi-talebi,https://www.sikayetvar.com/siesta-beach-apart/verilen-taahhutlerin-yerine-getirilmemesi-nedeniyle-ucret-iadesi-talebi,https://www.sikayetvar.com/siesta-beach-apart/verilen-taahhutlerin-yerine-getirilmemesi-nedeniyle-ucret-iadesi-talebi,BOD069,Siesta Beach Apart,Gümbet,Siesta Beach Apart,verilen-taahhutlerin-yerine-getirilmemesi-nedeniyle-ucret-iadesi-talebi,https://www.sikayetvar.com/siesta-beach-apart/verilen-taahhutlerin-yerine-getirilmemesi-nedeniyle-ucret-iadesi-talebi,Verilen Taahhütlerin Yerine Getirilmemesi Nedeniyle Ücret İadesi Talebi,"25 Haziran 2026 tarihinde Bodrum Siesta Beach Apart Hotel için rezervasyon yaptım ve 26–27 Haziran tarihleri arasında konakladım. Rezervasyon esnasında verilen sözlerin neredeyse hiçbiri yerine getirilmediği için ciddi mağduriyet yaşadım.
Rezervasyon sırasında açık büfe kahvaltı vaat edilmesine rağmen, otele giriş yaptığımızda sadece kahvaltı tabağı verildi. Odalarda klima olduğu özellikle belirtilmişti, ancak kaldığımız yerde sadece tek odada tek klima vardı. Televizyon çalışmıyordu ve konaklama süremiz boyunca oda temizliği yapılmadı. Ayrıca sahil hizmeti olduğu söylenmişti fakat böyle bir hizmet de sunulmadı.
Bu konuları otel yetkililerine ilettiğimde, açık büfe kahvaltı yerine bu şekilde hizmet verildiği söylendi. Oda değişikliği talep ettiğimiz halde, boş oda olmasına rağmen “boş oda yok” denilerek talebimiz reddedildi. Rezervasyonumu kredi kartıyla 12.180 TL olarak ödedim. Rezervasyon no: 5347***84.
Verilen taahhütlerin yerine getirilmemesi ve yaşadığımız mağduriyet nedeniyle ödediğim 12.180 TL tutarındaki ücretin iadesini talep ediyorum.",29 Haziran 12:44,43,,,,False,,,False,,,1,8 Temmuz 23:20,"Şikayetimi ilettim ve 12.180 TL tutarındaki ücretin iadesini talep ediyorum. Otelde vaat edilen hizmetler (açık büfe kahvaltı, klima, televizyon, oda temizliği, sahil hizmeti) sağlanmadı ve talep ettiğim oda değişikliği reddedildi. Şu ana kadar bu konularla ilgili bir gelişme yaşamadım.",COMPLAINT_MATCHED,,Dedicated single-property source page,https://www.sikayetvar.com/siesta-beach-apart,2026-08-25T12:58:29.219502+00:00,Verilen Taahhütlerin Yerine Getirilmemesi Nedeniyle Ücret İadesi Talebi,"25 Haziran 2026 tarihinde Bodrum Siesta Beach Apart Hotel için rezervasyon yaptım ve 26–27 Haziran tarihleri arasında konakladım. Rezervasyon esnasında verilen sözlerin neredeyse hiçbiri yerine getirilmediği için ciddi mağduriyet yaşadım. Rezervasyon sırasında açık büfe kahvaltı vaat edilmesine rağmen, otele giriş yaptığımızda sadece kahvaltı tabağı verildi. Odalarda klima olduğu özellikle belirtilmişti, ancak kaldığımız yerde sadece tek odada tek klima vardı. Televizyon çalışmıyordu ve konaklama süremiz boyunca oda temizliği yapılmadı. Ayrıca sahil hizmeti olduğu söylenmişti fakat böyle bir hizmet de sunulmadı. Bu konuları otel yetkililerine ilettiğimde, açık büfe kahvaltı yerine bu şekilde hizmet verildiği söylendi. Oda değişikliği talep ettiğimiz halde, boş oda olmasına rağmen “boş oda yok” denilerek talebimiz reddedildi. Rezervasyonumu kredi kartıyla 12.180 TL olarak ödedim. Rezervasyon no: 5347***84. Verilen taahhütlerin yerine getirilmemesi ve yaşadığımız mağduriyet nedeniyle ödediğim 12.180 TL tutarındaki ücretin iadesini talep ediyorum.",,,1060,134,71,8,,,,,False,False,False,False,False,False,False,False,False,2026-08-25 12:58:29.219502,2026-06-29 12:44:00,True,DAY_MONTH_TIME_NO_YEAR,False,False,True,False,2026,6,2026-06,,,43,,1,False,False,False,False,False,False,Siesta Beach Apart,Gümbet,3.4,502,,,,65.0,False,False,False,1,0,1,0,2026-07-08 23:20:00,2026-07-08 23:20:00,False,False,False
sahte-rezervasyon-sitesi-nedeniyle-magduriyet-ve-iade-talebi,https://www.sikayetvar.com/the-oba-hotel/sahte-rezervasyon-sitesi-nedeniyle-magduriyet-ve-iade-talebi,https://www.sikayetvar.com/the-oba-hotel/sahte-rezervasyon-sitesi-nedeniyle-magduriyet-ve-iade-talebi,BOD153,The Oba Hotel,Torba,The Oba Hotel,sahte-rezervasyon-sitesi-nedeniyle-magduriyet-ve-iade-talebi,https://www.sikayetvar.com/the-oba-hotel/sahte-rezervasyon-sitesi-nedeniyle-magduriyet-ve-iade-talebi,Sahte Rezervasyon Sitesi Nedeniyle Mağduriyet Ve İade Talebi,"18 Ağustos tarihinde, Bodrum’da bulunan The Oba Otel’de konaklamak amacıyla, 'The Obo Otel' adıyla faaliyet gösteren bir internet sitesi üzerinden rezervasyon yaptım ve kredi kartımla toplam elli bin TL ödeme gerçekleştirdim. Ancak rezervasyon sonrası oteli aradığımda, böyle bir rezervasyonun sistemlerinde görünmediğini öğrendim.
Otel yetkilileriyle iletişime geçtiğimizde, bu tarz sahte sitelerden dolayı birçok kişinin mağdur olduğunu söylediler. Mağduriyetimin giderilmesi ve ödediğim tutarın tarafıma iade edilmesini talep ediyorum. Konuyla ilgili acil çözüm bekliyorum.",14 Eylül 2025 18:39,1.684,,,,False,,,False,,,0,,,COMPLAINT_MATCHED,,Dedicated single-property source page,https://www.sikayetvar.com/the-oba-hotel,2026-08-25T12:58:29.219502+00:00,Sahte Rezervasyon Sitesi Nedeniyle Mağduriyet Ve İade Talebi,"18 Ağustos tarihinde, Bodrum’da bulunan The Oba Otel’de konaklamak amacıyla, 'The Obo Otel' adıyla faaliyet gösteren bir internet sitesi üzerinden rezervasyon yaptım ve kredi kartımla toplam elli bin TL ödeme gerçekleştirdim. Ancak rezervasyon sonrası oteli aradığımda, böyle bir rezervasyonun sistemlerinde görünmediğini öğrendim. Otel yetkilileriyle iletişime geçtiğimizde, bu tarz sahte sitelerden dolayı birçok kişinin mağdur olduğunu söylediler. Mağduriyetimin giderilmesi ve ödediğim tutarın tarafıma iade edilmesini talep ediyorum. Konuyla ilgili acil çözüm bekliyorum.",,,576,71,60,8,,,,,False,False,False,False,False,False,False,False,False,2026-08-25 12:58:29.219502,2025-09-14 18:39:00,False,DAY_MONTH_YEAR_TIME,False,False,False,False,2025,9,2025-09,,,1684,,0,False,False,False,False,False,False,The Oba Hotel,Torba,4.0,603,,,,632.0,False,False,False,0,0,0,0,,,False,False,False
erken-cikista-kullanilmayan-gecenin-ucretinin-iade-edilmemesi-ve-yetersiz-bilgilendirme,https://www.sikayetvar.com/the-oba-hotel/erken-cikista-kullanilmayan-gecenin-ucretinin-iade-edilmemesi-ve-yetersiz-bilgilendirme,https://www.sikayetvar.com/the-oba-hotel/erken-cikista-kullanilmayan-gecenin-ucretinin-iade-edilmemesi-ve-yetersiz-bilgilendirme,BOD153,The Oba Hotel,Torba,The Oba Hotel,erken-cikista-kullanilmayan-gecenin-ucretinin-iade-edilmemesi-ve-yetersiz-bilgilendirme,https://www.sikayetvar.com/the-oba-hotel/erken-cikista-kullanilmayan-gecenin-ucretinin-iade-edilmemesi-ve-yetersiz-bilgilendirme,Erken Çıkışta Kullanılmayan Gecenin Ücretinin İade Edilmemesi Ve Yetersiz Bilgilendirme,"12.08.2025 – 16.08.2025 tarihleri arasında Bodrum The Oba Hotel’de iki oda için toplam 4 gecelik rezervasyon yaptırdım ve 78036105 numaralı rezervasyon ile 375.000 TL ödeme yaptım. Ancak 15.08.2025 tarihinde otelden erken ayrılmak zorunda kaldım ve sadece 3 gece konakladım. Kullanılmayan 1 gecelik (2 oda için) 93.750 TL tutarındaki ücretin iadesi yapılmamıştır.
Otel yönetimiyle WhatsApp üzerinden görüştüm ve erken ayrıldığım hususu yazışmalarla teyit edilmiştir. Ancak otel, haksız şekilde “no Show” gerekçesiyle iade yapmadı ve cenaze belgesi gibi mücbir sebep belgeleri talep etti. Oysa konaklama gerçekleşmiş olup, erken çıkışım otel tarafından da bilinmektedir. Hiçbir şekilde ödeme veya kısmi iade yapılmamıştır. Ayrıca rezervasyon sırasında iptal veya erken çıkış durumunda ücret iadesine dair herhangi bir bilgilendirme de yapılmamıştır.
Kullanmadığım 1 gecelik ücretin (93.750 TL) tarafıma iade edilmesini talep ediyorum.",17 Ağustos 2025 14:28,2.320,,,,False,,,False,,,0,,,COMPLAINT_MATCHED,,Dedicated single-property source page,https://www.sikayetvar.com/the-oba-hotel,2026-08-25T12:58:29.219502+00:00,Erken Çıkışta Kullanılmayan Gecenin Ücretinin İade Edilmemesi Ve Yetersiz Bilgilendirme,"12.08.2025 – 16.08.2025 tarihleri arasında Bodrum The Oba Hotel’de iki oda için toplam 4 gecelik rezervasyon yaptırdım ve 78036105 numaralı rezervasyon ile 375.000 TL ödeme yaptım. Ancak 15.08.2025 tarihinde otelden erken ayrılmak zorunda kaldım ve sadece 3 gece konakladım. Kullanılmayan 1 gecelik (2 oda için) 93.750 TL tutarındaki ücretin iadesi yapılmamıştır. Otel yönetimiyle WhatsApp üzerinden görüştüm ve erken ayrıldığım hususu yazışmalarla teyit edilmiştir. Ancak otel, haksız şekilde “no Show” gerekçesiyle iade yapmadı ve cenaze belgesi gibi mücbir sebep belgeleri talep etti. Oysa konaklama gerçekleşmiş olup, erken çıkışım otel tarafından da bilinmektedir. Hiçbir şekilde ödeme veya kısmi iade yapılmamıştır. Ayrıca rezervasyon sırasında iptal veya erken çıkış durumunda ücret iadesine dair herhangi bir bilgilendirme de yapılmamıştır. Kullanmadığım 1 gecelik ücretin (93.750 TL) tarafıma iade edilmesini talep ediyorum.",,,933,125,87,10,,,,,False,False,False,False,False,False,False,False,False,2026-08-25 12:58:29.219502,2025-08-17 14:28:00,False,DAY_MONTH_YEAR_TIME,False,False,False,False,2025,8,2025-08,,,2320,,0,False,False,False,True,False,False,The Oba Hotel,Torba,4.0,603,,,,632.0,False,False,False,0,0,0,0,,,False,False,False
otel-odasinda-buhar-eksik-hizmet-ve-iade-sorunu,https://www.sikayetvar.com/the-oba-hotel/otel-odasinda-buhar-eksik-hizmet-ve-iade-sorunu,https://www.sikayetvar.com/the-oba-hotel/otel-odasinda-buhar-eksik-hizmet-ve-iade-sorunu,BOD153,The Oba Hotel,Torba,The Oba Hotel,otel-odasinda-buhar-eksik-hizmet-ve-iade-sorunu,https://www.sikayetvar.com/the-oba-hotel/otel-odasinda-buhar-eksik-hizmet-ve-iade-sorunu,"Otel Odasında Buhar, Eksik Hizmet Ve İade Sorunu","27 Temmuz 2025'te otelin 1140 numaralı odasına giriş yaptık. Odaya girişimizle birlikte şikayetimiz başladı. Odanın içi sürekli buharlaşıyor ve camlar sürekli buharlanıyor. Banyo kapısını kapatırken rahatsız edici bir ses geliyor, ayrıca banyo kapısı tam olarak kapanmıyor. Odaya getirilen ek yatak yere çok yakın seviyede. Tatmin edici bir çözüm önerisi sunulmuyor ve sunulan öneriler verilen parayı karşılamıyor. Otelden çıkış yapmak istiyoruz ancak para iadesi yapılmıyor. Otelden şikayetçiyiz.",27 Temmuz 2025 16:20,1.738,,,,False,,,False,,,0,,,COMPLAINT_MATCHED,,Dedicated single-property source page,https://www.sikayetvar.com/the-oba-hotel,2026-08-25T12:58:29.219502+00:00,"Otel Odasında Buhar, Eksik Hizmet Ve İade Sorunu","27 Temmuz 2025'te otelin 1140 numaralı odasına giriş yaptık. Odaya girişimizle birlikte şikayetimiz başladı. Odanın içi sürekli buharlaşıyor ve camlar sürekli buharlanıyor. Banyo kapısını kapatırken rahatsız edici bir ses geliyor, ayrıca banyo kapısı tam olarak kapanmıyor. Odaya getirilen ek yatak yere çok yakın seviyede. Tatmin edici bir çözüm önerisi sunulmuyor ve sunulan öneriler verilen parayı karşılamıyor. Otelden çıkış yapmak istiyoruz ancak para iadesi yapılmıyor. Otelden şikayetçiyiz.",,,497,66,48,8,,,,,False,False,False,False,False,False,False,False,False,2026-08-25 12:58:29.219502,2025-07-27 16:20:00,False,DAY_MONTH_YEAR_TIME,False,False,False,False,2025,7,2025-07,,,1738,,0,False,False,False,False,False,False,The Oba Hotel,Torba,4.0,603,,,,632.0,False,False,False,0,0,0,0,,,False,False,False
erken-giriste-kahvalti-ucretli-olmasi-ve-misafir-karsilamasi-sorunu,https://www.sikayetvar.com/the-oba-hotel/erken-giriste-kahvalti-ucretli-olmasi-ve-misafir-karsilamasi-sorunu,https://www.sikayetvar.com/the-oba-hotel/erken-giriste-kahvalti-ucretli-olmasi-ve-misafir-karsilamasi-sorunu,BOD153,The Oba Hotel,Torba,The Oba Hotel,erken-giriste-kahvalti-ucretli-olmasi-ve-misafir-karsilamasi-sorunu,https://www.sikayetvar.com/the-oba-hotel/erken-giriste-kahvalti-ucretli-olmasi-ve-misafir-karsilamasi-sorunu,Erken Girişte Kahvaltı Ücretli Olması Ve Misafir Karşılaması Sorunu,"The Oba Otele dün akşam rezervasyon yaptırdık. Sabah biraz erken geldik. Otele, daha kapısından girişte, kahvaltının ücretli olduğu söylendi. Bugün için sadece öğle yemeğinden faydalanabileceğimiz, sadece kahvaltıdan yararlanabileceğimiz belirtildi. İslami konseptli tüm otellere gitmekteyim, sabah misafirine böyle kapıdan geri dönme olumsuzluğuyla başlatan başka bir mekan görmedim. Gittiğimiz tüm otellerde, erken de gitmiş olsak, otelin tüm olanaklarından faydalanabiliyoruz.",1 Haziran 2025 10:47,2.835,,,,False,,,False,,,0,,,COMPLAINT_MATCHED,,Dedicated single-property source page,https://www.sikayetvar.com/the-oba-hotel,2026-08-25T12:58:29.219502+00:00,Erken Girişte Kahvaltı Ücretli Olması Ve Misafir Karşılaması Sorunu,"The Oba Otele dün akşam rezervasyon yaptırdık. Sabah biraz erken geldik. Otele, daha kapısından girişte, kahvaltının ücretli olduğu söylendi. Bugün için sadece öğle yemeğinden faydalanabileceğimiz, sadece kahvaltıdan yararlanabileceğimiz belirtildi. İslami konseptli tüm otellere gitmekteyim, sabah misafirine böyle kapıdan geri dönme olumsuzluğuyla başlatan başka bir mekan görmedim. Gittiğimiz tüm otellerde, erken de gitmiş olsak, otelin tüm olanaklarından faydalanabiliyoruz.",,,479,57,67,9,,,,,False,False,False,False,False,False,False,False,False,2026-08-25 12:58:29.219502,2025-06-01 10:47:00,False,DAY_MONTH_YEAR_TIME,False,False,False,False,2025,6,2025-06,,,2835,,0,False,False,False,False,False,False,The Oba Hotel,Torba,4.0,603,,,,632.0,False,False,False,0,0,0,0,,,False,False,False
otele-giriste-sok-kahvalti-ucretli-surprizi,https://www.sikayetvar.com/the-oba-hotel/otele-giriste-sok-kahvalti-ucretli-surprizi,https://www.sikayetvar.com/the-oba-hotel/otele-giriste-sok-kahvalti-ucretli-surprizi,BOD153,The Oba Hotel,Torba,The Oba Hotel,otele-giriste-sok-kahvalti-ucretli-surprizi,https://www.sikayetvar.com/the-oba-hotel/otele-giriste-sok-kahvalti-ucretli-surprizi,Otele Girişte Şok: Kahvaltı Ücretli Sürprizi,"Otele girer girmez yaşadığımız şokla karşılaştık. Uzun yoldan gelmişiz, bize söylenen ilk söz 'Kahvaltımız ücretlidir.' oldu. İtiraz ettiğimizde ise 'Politikamız budur, rezervasyon yaparken böyle bir bilgilendirme yapılmadı mı?' dediler. Madem tam gün ücreti alıyorsunuz, o zaman ben de haklardan yararlanmak istiyorum dedim, ancak 'Böyle bir uygulama yok.' cevabını aldım. Çıkış saatimi de giriş saatimle eşitlemek istediğimde yine kabul edilmedi. Oda yok, yok, yok, yok. Bu kadar otele gittik, ilk defa böyle bir durumla karşılaştık. Aldıkları ücret ise 50 Euro, üstelik kişi başı. Bir daha asla gelmem.",1 Haziran 2025 10:09,2.523,,,,False,,,False,,,0,,,COMPLAINT_MATCHED,,Dedicated single-property source page,https://www.sikayetvar.com/the-oba-hotel,2026-08-25T12:58:29.219502+00:00,Otele Girişte Şok: Kahvaltı Ücretli Sürprizi,"Otele girer girmez yaşadığımız şokla karşılaştık. Uzun yoldan gelmişiz, bize söylenen ilk söz 'Kahvaltımız ücretlidir.' oldu. İtiraz ettiğimizde ise 'Politikamız budur, rezervasyon yaparken böyle bir bilgilendirme yapılmadı mı?' dediler. Madem tam gün ücreti alıyorsunuz, o zaman ben de haklardan yararlanmak istiyorum dedim, ancak 'Böyle bir uygulama yok.' cevabını aldım. Çıkış saatimi de giriş saatimle eşitlemek istediğimde yine kabul edilmedi. Oda yok, yok, yok, yok. Bu kadar otele gittik, ilk defa böyle bir durumla karşılaştık. Aldıkları ücret ise 50 Euro, üstelik kişi başı. Bir daha asla gelmem.",,,605,86,44,6,,,,,False,False,False,False,False,False,False,False,False,2026-08-25 12:58:29.219502,2025-06-01 10:09:00,False,DAY_MONTH_YEAR_TIME,False,False,False,False,2025,6,2025-06,,,2523,,0,False,False,False,False,False,False,The Oba Hotel,Torba,4.0,603,,,,632.0,False,False,False,0,0,0,0,,,False,False,False
the-oba-hotel-the-oba-otel,https://www.sikayetvar.com/the-oba-hotel/the-oba-hotel-the-oba-otel,https://www.sikayetvar.com/the-oba-hotel/the-oba-hotel-the-oba-otel,BOD153,The Oba Hotel,Torba,The Oba Hotel,the-oba-hotel-the-oba-otel,https://www.sikayetvar.com/the-oba-hotel/the-oba-hotel-the-oba-otel,The Oba Otel,"The Oba Otel Bodrum aldığı parayı hak etmeyen bir otel, tamamen fiyasko. 3 çocuğum, eşim, ben, annem herkes kusma, ishal, ateş hastalandık. Serumlarla ayağa kalktık. Akşam yemekleri yetişmeyeceği için önceden hazırlanıp sıcakta bekletiliyor. İstenince servis ediliyor. Yani antrikot 2 saat önce pişmiş, sonra servis ediliyor. Eşim bayanlar plajını beğenmedi, Wome Deluxe daha iyi dedi. Kesinlikle tavsiye edemiyorum.",8 Eylül 2024 15:16,3.991,,,,False,,,False,,,0,,,COMPLAINT_MATCHED,,Dedicated single-property source page,https://www.sikayetvar.com/the-oba-hotel,2026-08-25T12:58:29.219502+00:00,The Oba Otel,"The Oba Otel Bodrum aldığı parayı hak etmeyen bir otel, tamamen fiyasko. 3 çocuğum, eşim, ben, annem herkes kusma, ishal, ateş hastalandık. Serumlarla ayağa kalktık. Akşam yemekleri yetişmeyeceği için önceden hazırlanıp sıcakta bekletiliyor. İstenince servis ediliyor. Yani antrikot 2 saat önce pişmiş, sonra servis ediliyor. Eşim bayanlar plajını beğenmedi, Wome Deluxe daha iyi dedi. Kesinlikle tavsiye edemiyorum.",,,416,57,12,3,,,,,False,False,False,False,False,False,False,False,False,2026-08-25 12:58:29.219502,2024-09-08 15:16:00,False,DAY_MONTH_YEAR_TIME,False,False,False,False,2024,9,2024-09,,,3991,,0,False,False,False,False,False,False,The Oba Hotel,Torba,4.0,603,,,,632.0,False,False,False,0,0,0,0,,,False,False,False
the-oba-hotelde-saglik-ve-hijyen-sorunlari,https://www.sikayetvar.com/the-oba-hotel/the-oba-hotelde-saglik-ve-hijyen-sorunlari,https://www.sikayetvar.com/the-oba-hotel/the-oba-hotelde-saglik-ve-hijyen-sorunlari,BOD153,The Oba Hotel,Torba,The Oba Hotel,the-oba-hotelde-saglik-ve-hijyen-sorunlari,https://www.sikayetvar.com/the-oba-hotel/the-oba-hotelde-saglik-ve-hijyen-sorunlari,'de Sağlık Ve Hijyen Sorunları,"The Oba Otele 2 aile olarak 23.08.2024'de giriş yaptık. Gitmez olaydık. Benim çocuğum ve arkadaşların 3 çocuğu hastalıktan gözlerini açamadılar. Çocuklarda kusma, ateş ve ishal şikayetlerinden dolayı hastaneye yatırmak durumunda kaldık.
Arkadaşlarımız 36 saat hastanede kaldılar. Serumlarla çocukları bir nebze toparladık, odada tatil yapıyoruz. Hastanedeki görevliler, Oba Otel'den çok çocuk hasta geliyor, aynı şikayetlerden dediler. Akşam saat 16'dan sonra plaj lağım kokuyor, buram buram durulmayacak şekilde ağır kokuyor. Koku restorana geliyor.
Lağım kokusu eşliğinde akşam yemeği yedik. Kime sorsak herkes farklı bir şey söylüyor koku ile alakalı. Salatamızın içinden böcek çıktı, bildiğiniz böcek vardı salatada. Yemek tabakları bulaşık lekeleri var, temiz değil, muhtemelen suya batırıp çıkarıyorlar tabakları ve bardakları. Keşke resimlerini çekseydik, çok pişmanım bu hususta.
Hizmet kalitesindeki eksileri hiç anlatmıyorum bile, hizmet falan yok, 0 yani. Aldığı parayı hiçbir şekilde hak etmeyen bir otel. Bayanlar bölümünde güvenlik zaafiyeti var. Telefona güya kılıf takılıyor ama açılıyor kılıflar. SPA görevlisi kilitsiz bir şekilde telefonu içeriye sokmuş. Daha neler neler, yazmakla bitmez.",28 Ağustos 2024 01:04,3.495,,,,False,,,False,,,1,30 Ağustos 2024 18:25,"Salatada çıkan böceği yaşadığımız şok ile çekmemiştik makarnadan kıl çıkınca artık videosunu çektik
İşin en ilginç tarafı durumu ve videoyu tatil asistanlarına bildirmeme rağmen tenezzül edip cevap bile vermediler bırakın bir özürü cevap yazmaya tenezzül bile etmediler",COMPLAINT_MATCHED,,Dedicated single-property source page,https://www.sikayetvar.com/the-oba-hotel,2026-08-25T12:58:29.219502+00:00,'de Sağlık Ve Hijyen Sorunları,"The Oba Otele 2 aile olarak 23.08.2024'de giriş yaptık. Gitmez olaydık. Benim çocuğum ve arkadaşların 3 çocuğu hastalıktan gözlerini açamadılar. Çocuklarda kusma, ateş ve ishal şikayetlerinden dolayı hastaneye yatırmak durumunda kaldık. Arkadaşlarımız 36 saat hastanede kaldılar. Serumlarla çocukları bir nebze toparladık, odada tatil yapıyoruz. Hastanedeki görevliler, Oba Otel'den çok çocuk hasta geliyor, aynı şikayetlerden dediler. Akşam saat 16'dan sonra plaj lağım kokuyor, buram buram durulmayacak şekilde ağır kokuyor. Koku restorana geliyor. Lağım kokusu eşliğinde akşam yemeği yedik. Kime sorsak herkes farklı bir şey söylüyor koku ile alakalı. Salatamızın içinden böcek çıktı, bildiğiniz böcek vardı salatada. Yemek tabakları bulaşık lekeleri var, temiz değil, muhtemelen suya batırıp çıkarıyorlar tabakları ve bardakları. Keşke resimlerini çekseydik, çok pişmanım bu hususta. Hizmet kalitesindeki eksileri hiç anlatmıyorum bile, hizmet falan yok, 0 yani. Aldığı parayı hiçbir şekilde hak etmeyen bir otel. Bayanlar bölümünde güvenlik zaafiyeti var. Telefona güya kılıf takılıyor ama açılıyor kılıflar. SPA görevlisi kilitsiz bir şekilde telefonu içeriye sokmuş. Daha neler neler, yazmakla bitmez.",,,1208,160,30,5,,,,,False,False,False,False,False,False,False,False,False,2026-08-25 12:58:29.219502,2024-08-28 01:04:00,False,DAY_MONTH_YEAR_TIME,False,False,False,False,2024,8,2024-08,,,3495,,1,False,False,False,True,False,False,The Oba Hotel,Torba,4.0,603,,,,632.0,False,False,False,1,0,1,0,2024-08-30 18:25:00,2024-08-30 18:25:00,False,False,False
the-oba-hotelde-yasadigim-hayal-kirikligi,https://www.sikayetvar.com/the-oba-hotel/the-oba-hotelde-yasadigim-hayal-kirikligi,https://www.sikayetvar.com/the-oba-hotel/the-oba-hotelde-yasadigim-hayal-kirikligi,BOD153,The Oba Hotel,Torba,The Oba Hotel,the-oba-hotelde-yasadigim-hayal-kirikligi,https://www.sikayetvar.com/the-oba-hotel/the-oba-hotelde-yasadigim-hayal-kirikligi,'de Yaşadığım Hayal Kırıklığı,"The Oba Hotel'de bu sene yaşadığım olumsuz deneyimi hiçbir yerde yaşamadım. Bu kadar pahalı bir otelin böyle sorunlarının olması beni şaşırttı açıkçası. Yemeğin içinde plastik lastik çıktı, rokalar çamurluydu, yıkanmamıştı, odada banyo bölümünde su gitmiyordu, oda karınca doluydu ve daha niceleri. Konfor bu sene sıfırdı. Kaç kez uyarmama rağmen hiçbir değişiklik olmadı. The Oba Otel'e vereceğiniz parayı daha uygun bir muhafazakar kesim otelinde daha fazla konaklayabilirsiniz ve en azından bu kadar sorun yaşayacağınızı düşünmüyorum.",23 Ağustos 2024 10:24,3.326,,,,False,,,False,,,0,,,COMPLAINT_MATCHED,,Dedicated single-property source page,https://www.sikayetvar.com/the-oba-hotel,2026-08-25T12:58:29.219502+00:00,'de Yaşadığım Hayal Kırıklığı,"The Oba Hotel'de bu sene yaşadığım olumsuz deneyimi hiçbir yerde yaşamadım. Bu kadar pahalı bir otelin böyle sorunlarının olması beni şaşırttı açıkçası. Yemeğin içinde plastik lastik çıktı, rokalar çamurluydu, yıkanmamıştı, odada banyo bölümünde su gitmiyordu, oda karınca doluydu ve daha niceleri. Konfor bu sene sıfırdı. Kaç kez uyarmama rağmen hiçbir değişiklik olmadı. The Oba Otel'e vereceğiniz parayı daha uygun bir muhafazakar kesim otelinde daha fazla konaklayabilirsiniz ve en azından bu kadar sorun yaşayacağınızı düşünmüyorum.",,,537,74,29,4,,,,,False,False,False,False,False,False,False,False,False,2026-08-25 12:58:29.219502,2024-08-23 10:24:00,False,DAY_MONTH_YEAR_TIME,False,False,False,False,2024,8,2024-08,,,3326,,0,False,False,False,False,False,False,The Oba Hotel,Torba,4.0,603,,,,632.0,False,False,False,0,0,0,0,,,False,False,False
the-oba-hotel-musteri-memnuniyeti-sifir,https://www.sikayetvar.com/the-oba-hotel/the-oba-hotel-musteri-memnuniyeti-sifir,https://www.sikayetvar.com/the-oba-hotel/the-oba-hotel-musteri-memnuniyeti-sifir,BOD153,The Oba Hotel,Torba,The Oba Hotel,the-oba-hotel-musteri-memnuniyeti-sifir,https://www.sikayetvar.com/the-oba-hotel/the-oba-hotel-musteri-memnuniyeti-sifir,Müşteri Memnuniyeti Sıfır!,"Nereden başlayacağımı bilemedim. Otel personel eksikliğinden mi, otelde konaklamaya başlamadan önce aranarak erken gelirsek ekstra kahvaltı için kişi başı 50 euro ödeme alacaklarını söylemelerinden mi? Çıkışta odayı boşaltsak bile 12'den sonra otelden faydalanmak için kaldığımız süre boyunca ödeme almak istediklerini dile getirmelerinden mi? Yahu, ilk kez mi otele gidiyoruz? Şaka mısınız? Küçük hesaplara başlamışsınız ama talep ederken tatmin de etmeniz gerekir. Bir çay, bir su için 20 dakika beklemek komedi. Konser alanında 3 personel; restoranda tesadüfen göz göze gelebilirsek siparişinizi verebileceğiniz personel sayısı. Yahu, bayram tatilindeyiz. Bayram. En kalabalık dönemlerden biri. Müdürlerin liyakatsız tavırları, bilerek isteyerek yetersiz personel alımları görevlerini yerine getiremediklerini gösteriyor. Personelin şahsi sıkıntıları ayrı, onlardan bahsetmiyorum bile. Dondurma yemek istedim. Yerken garson arkadaşa vermek istedim; yemelerinin yasak olduğunu söylediler. Çalışma saatlerinde diye düşünerek hak vermiştim yönetime ama öğrendim ki tamamen yasakmış. Nerede yaşıyoruz arkadaşlar? Kendi işi gibi sahiplenmelerini istediğiniz çalışanınıza yasaklar getirip yasaklı olanı yapmaya sevk etmelerini istiyorsunuz. Nefis denen bir şey var. Göz hakkı denen bir olgu var bizim inancımızda, ben utandım bakış açınızdan. Konum olarak güzel olsa da otel, 5 yıldır günden güne kendini çukura sokan bir idare ile ne kadar ilerler bilemiyorum. Bu konsepte mecburuz diye alternatifsiz olduğumuz sanılmasın. Kendi ailesini mutlu edemeyen, misafirini hiç edemez. Bayanlar havuza telefonla giremiyorduk. Yeni bir kararla telefonları özel kendi sağladıkları kilitli kılıflarla sokabileceğimiz söylendi. Kılıf ilk 15. Dakikada açıldı. Hassasiyet gösterdim, yenilettim (göstermeyebilirdim), 20 dakika sonra tekrar açıldı. Belki sıcaktan genleşiyor, salıyor kendini. Hiç mi denemediniz? Ses yükseltmek mi gerekiyor? Ortalığı mı yıkmak gerekiyor? Ne desem karşılığı olacağını sanmıyorum.",19 Haziran 2024 11:58,3.517,,,,False,,,False,,,0,,,COMPLAINT_MATCHED,,Dedicated single-property source page,https://www.sikayetvar.com/the-oba-hotel,2026-08-25T12:58:29.219502+00:00,Müşteri Memnuniyeti Sıfır!,"Nereden başlayacağımı bilemedim. Otel personel eksikliğinden mi, otelde konaklamaya başlamadan önce aranarak erken gelirsek ekstra kahvaltı için kişi başı 50 euro ödeme alacaklarını söylemelerinden mi? Çıkışta odayı boşaltsak bile 12'den sonra otelden faydalanmak için kaldığımız süre boyunca ödeme almak istediklerini dile getirmelerinden mi? Yahu, ilk kez mi otele gidiyoruz? Şaka mısınız? Küçük hesaplara başlamışsınız ama talep ederken tatmin de etmeniz gerekir. Bir çay, bir su için 20 dakika beklemek komedi. Konser alanında 3 personel; restoranda tesadüfen göz göze gelebilirsek siparişinizi verebileceğiniz personel sayısı. Yahu, bayram tatilindeyiz. Bayram. En kalabalık dönemlerden biri. Müdürlerin liyakatsız tavırları, bilerek isteyerek yetersiz personel alımları görevlerini yerine getiremediklerini gösteriyor. Personelin şahsi sıkıntıları ayrı, onlardan bahsetmiyorum bile. Dondurma yemek istedim. Yerken garson arkadaşa vermek istedim; yemelerinin yasak olduğunu söylediler. Çalışma saatlerinde diye düşünerek hak vermiştim yönetime ama öğrendim ki tamamen yasakmış. Nerede yaşıyoruz arkadaşlar? Kendi işi gibi sahiplenmelerini istediğiniz çalışanınıza yasaklar getirip yasaklı olanı yapmaya sevk etmelerini istiyorsunuz. Nefis denen bir şey var. Göz hakkı denen bir olgu var bizim inancımızda, ben utandım bakış açınızdan. Konum olarak güzel olsa da otel, 5 yıldır günden güne kendini çukura sokan bir idare ile ne kadar ilerler bilemiyorum. Bu konsepte mecburuz diye alternatifsiz olduğumuz sanılmasın. Kendi ailesini mutlu edemeyen, misafirini hiç edemez. Bayanlar havuza telefonla giremiyorduk. Yeni bir kararla telefonları özel kendi sağladıkları kilitli kılıflarla sokabileceğimiz söylendi. Kılıf ilk 15. Dakikada açıldı. Hassasiyet gösterdim, yenilettim (göstermeyebilirdim), 20 dakika sonra tekrar açıldı. Belki sıcaktan genleşiyor, salıyor kendini. Hiç mi denemediniz? Ses yükseltmek mi gerekiyor? Ortalığı mı yıkmak gerekiyor? Ne desem karşılığı olacağını sanmıyorum.",,,1993,252,26,3,,,,,False,False,False,False,False,False,False,False,False,2026-08-25 12:58:29.219502,2024-06-19 11:58:00,False,DAY_MONTH_YEAR_TIME,False,False,False,False,2024,6,2024-06,,,3517,,0,False,False,False,False,False,False,The Oba Hotel,Torba,4.0,603,,,,632.0,False,False,False,0,0,0,0,,,False,False,False
the-oba-hotel-rezervasyon-iptalinde-haksiz-kesinti-ve-gecikmeli-iade,https://www.sikayetvar.com/the-oba-hotel/the-oba-hotel-rezervasyon-iptalinde-haksiz-kesinti-ve-gecikmeli-iade,https://www.sikayetvar.com/the-oba-hotel/the-oba-hotel-rezervasyon-iptalinde-haksiz-kesinti-ve-gecikmeli-iade,BOD153,The Oba Hotel,Torba,The Oba Hotel,the-oba-hotel-rezervasyon-iptalinde-haksiz-kesinti-ve-gecikmeli-iade,https://www.sikayetvar.com/the-oba-hotel/the-oba-hotel-rezervasyon-iptalinde-haksiz-kesinti-ve-gecikmeli-iade,Rezervasyon İptalinde Haksız Kesinti Ve Gecikmeli İade!,"The Oba Bodrum oteline rezervasyon yaptırdım. Aynı gün iptal talebinde bulunduğumda hem %5 kesinti yapıp hem de 20 iş günü içinde iade edeceklerini ilettiler. Benim kredi kartımın ödeme tarihi geliyor ve gitmediğim tatilin bedelini ödemek zorunda bırakılıyorum. Tüketici haklarında 14 gün içinde iade gerçekleştirmek zorunda olmasına rağmen, hukuk tanımayan otel 20 iş günü bedeli iade etmemektedir.",15 Haziran 2024 19:54,4.619,,,,False,,,False,,,0,,,COMPLAINT_MATCHED,,Dedicated single-property source page,https://www.sikayetvar.com/the-oba-hotel,2026-08-25T12:58:29.219502+00:00,Rezervasyon İptalinde Haksız Kesinti Ve Gecikmeli İade!,"The Oba Bodrum oteline rezervasyon yaptırdım. Aynı gün iptal talebinde bulunduğumda hem %5 kesinti yapıp hem de 20 iş günü içinde iade edeceklerini ilettiler. Benim kredi kartımın ödeme tarihi geliyor ve gitmediğim tatilin bedelini ödemek zorunda bırakılıyorum. Tüketici haklarında 14 gün içinde iade gerçekleştirmek zorunda olmasına rağmen, hukuk tanımayan otel 20 iş günü bedeli iade etmemektedir.",,,399,56,55,7,,,,,False,False,False,False,False,False,False,False,False,2026-08-25 12:58:29.219502,2024-06-15 19:54:00,False,DAY_MONTH_YEAR_TIME,False,False,False,False,2024,6,2024-06,,,4619,,0,False,False,False,False,False,False,The Oba Hotel,Torba,4.0,603,,,,632.0,False,False,False,0,0,0,0,,,False,False,False
titanic-luxury-collection-bodrum-herhangi-bir-geri-donus-yapilmadi,https://www.sikayetvar.com/titanic-luxury-collection-bodrum/titanic-luxury-collection-bodrum-herhangi-bir-geri-donus-yapilmadi,https://www.sikayetvar.com/titanic-luxury-collection-bodrum/titanic-luxury-collection-bodrum-herhangi-bir-geri-donus-yapilmadi,BOD110,Titanic Luxury Collection Bodrum,Güvercinlik,Titanic Luxury Collection Bodrum,titanic-luxury-collection-bodrum-herhangi-bir-geri-donus-yapilmadi,https://www.sikayetvar.com/titanic-luxury-collection-bodrum/titanic-luxury-collection-bodrum-herhangi-bir-geri-donus-yapilmadi,Herhangi Bir Geri Dönüş Yapılmadı,"05.07.2026 tarihinde Titanic Luxury Bodrum otelini telefonla arayarak 4 kişilik günlük kullanım için rezervasyon talebinde bulunmak istedim. Görüşme sırasında numaram alındı ve bana geri dönüş yapılacağı söylendi.
Ancak aramadan bu yana 1 gün geçmesine rağmen herhangi bir geri dönüş yapılmadı. En azından bilgilendirme amaçlı, kibar bir şekilde olumlu ya da olumsuz dönüş yapılmasını beklerdim. Bu şekilde yanıtsız bırakılmak hem hayal kırıklığına uğrattı hem de planlama yapmamı zorlaştırdı.
Otelin tarafıma en kısa sürede dönüş yaparak durum hakkında net bir bilgi vermesini beklerdim, benim için büyük hayal kırıklığı oldu Titanic için.",5 Temmuz 22:26,1,,,,False,,,False,,,0,,,COMPLAINT_MATCHED,,Dedicated single-property source page,https://www.sikayetvar.com/titanic-luxury-collection-bodrum,2026-08-25T12:58:29.219502+00:00,Herhangi Bir Geri Dönüş Yapılmadı,"05.07.2026 tarihinde Titanic Luxury Bodrum otelini telefonla arayarak 4 kişilik günlük kullanım için rezervasyon talebinde bulunmak istedim. Görüşme sırasında numaram alındı ve bana geri dönüş yapılacağı söylendi. Ancak aramadan bu yana 1 gün geçmesine rağmen herhangi bir geri dönüş yapılmadı. En azından bilgilendirme amaçlı, kibar bir şekilde olumlu ya da olumsuz dönüş yapılmasını beklerdim. Bu şekilde yanıtsız bırakılmak hem hayal kırıklığına uğrattı hem de planlama yapmamı zorlaştırdı. Otelin tarafıma en kısa sürede dönüş yaparak durum hakkında net bir bilgi vermesini beklerdim, benim için büyük hayal kırıklığı oldu Titanic için.",,,640,89,33,5,,,,,False,False,False,False,False,False,False,False,False,2026-08-25 12:58:29.219502,2026-07-05 22:26:00,True,DAY_MONTH_TIME_NO_YEAR,False,False,True,False,2026,7,2026-07,,,1,,0,False,False,False,True,False,False,Titanic Luxury Collection Bodrum,Güvercinlik,4.6,4656,,,,,False,False,False,0,0,0,0,,,False,False,False
titanic-luxury-bodrumda-rezervasyon-talebine-cevap-verilmemesi,https://www.sikayetvar.com/titanic-luxury-collection-bodrum/titanic-luxury-bodrumda-rezervasyon-talebine-cevap-verilmemesi,https://www.sikayetvar.com/titanic-luxury-collection-bodrum/titanic-luxury-bodrumda-rezervasyon-talebine-cevap-verilmemesi,BOD110,Titanic Luxury Collection Bodrum,Güvercinlik,Titanic Luxury Collection Bodrum,titanic-luxury-bodrumda-rezervasyon-talebine-cevap-verilmemesi,https://www.sikayetvar.com/titanic-luxury-collection-bodrum/titanic-luxury-bodrumda-rezervasyon-talebine-cevap-verilmemesi,Titanic Luxury Bodrum’da Rezervasyon Talebine Cevap Verilmemesi,"04.07.2026 tarihinde saat 14.00 civarında Titanic Luxury Bodrum’u telefonla arayarak 05.07.2026 tarihi için 4 kişilik günlük kullanım rezervasyon talebinde bulundum. Görüşmede telefon numaram alındı ve bana geri dönüş yapılacağı söylendi, ancak üzerinden zaman geçmesine rağmen hiçbir şekilde aranmadım ve bilgi verilmedi.
Herhangi bir onay, ret ya da açıklama yapılmaması ve numaram alınmasına rağmen dönüş sağlanmaması sebebiyle mağduriyet yaşadım ve kendimi ciddiye alınmamış hissettim. Bu konuda tarafıma bir açıklama yapılmasını ve benzer durumların yaşanmaması için rezervasyon süreçlerinin daha dikkatli, özenli ve şeffaf bir şekilde yürütülmesini beklerdim ama Titanic markasından büyük bir hayal kırıklığından başka bir şey görmedim. Üzücü oldu benim için.",4 Temmuz 15:50,3,,,,False,,,False,,,0,,,COMPLAINT_MATCHED,,Dedicated single-property source page,https://www.sikayetvar.com/titanic-luxury-collection-bodrum,2026-08-25T12:58:29.219502+00:00,Titanic Luxury Bodrum’da Rezervasyon Talebine Cevap Verilmemesi,"04.07.2026 tarihinde saat 14.00 civarında Titanic Luxury Bodrum’u telefonla arayarak 05.07.2026 tarihi için 4 kişilik günlük kullanım rezervasyon talebinde bulundum. Görüşmede telefon numaram alındı ve bana geri dönüş yapılacağı söylendi, ancak üzerinden zaman geçmesine rağmen hiçbir şekilde aranmadım ve bilgi verilmedi. Herhangi bir onay, ret ya da açıklama yapılmaması ve numaram alınmasına rağmen dönüş sağlanmaması sebebiyle mağduriyet yaşadım ve kendimi ciddiye alınmamış hissettim. Bu konuda tarafıma bir açıklama yapılmasını ve benzer durumların yaşanmaması için rezervasyon süreçlerinin daha dikkatli, özenli ve şeffaf bir şekilde yürütülmesini beklerdim ama Titanic markasından büyük bir hayal kırıklığından başka bir şey görmedim. Üzücü oldu benim için.",,,765,100,63,7,,,,,False,False,False,False,False,False,False,False,False,2026-08-25 12:58:29.219502,2026-07-04 15:50:00,True,DAY_MONTH_TIME_NO_YEAR,False,False,True,False,2026,7,2026-07,,,3,,0,False,False,False,True,False,False,Titanic Luxury Collection Bodrum,Güvercinlik,4.6,4656,,,,,False,False,False,0,0,0,0,,,False,False,False
titanic-luxury-collection-bodrum-saglik-durumum-hicbir-sekilde-dikkate-alinmadi,https://www.sikayetvar.com/titanic-luxury-collection-bodrum/titanic-luxury-collection-bodrum-saglik-durumum-hicbir-sekilde-dikkate-alinmadi,https://www.sikayetvar.com/titanic-luxury-collection-bodrum/titanic-luxury-collection-bodrum-saglik-durumum-hicbir-sekilde-dikkate-alinmadi,BOD110,Titanic Luxury Collection Bodrum,Güvercinlik,Titanic Luxury Collection Bodrum,titanic-luxury-collection-bodrum-saglik-durumum-hicbir-sekilde-dikkate-alinmadi,https://www.sikayetvar.com/titanic-luxury-collection-bodrum/titanic-luxury-collection-bodrum-saglik-durumum-hicbir-sekilde-dikkate-alinmadi,Sağlık Durumum Hiçbir Şekilde Dikkate Alınmadı,"27 Haziran’da Titanic Luxury Bodrum oteline 4 gecelik, toplam 125 bin tl tutarında bir tatil için giriş yaptık. Bize verilen oda, otelin havalandırma sisteminin hemen yanında, son derece gürültülü ve 2–3 kat merdiven çıkışlı bir konumda olduğu için ciddi şekilde rahatsız olduk. Bel fıtığım olduğunu, sol bacağımın ağrıdığını ve bu kadar merdiven inip çıkamayacağımı resepsiyona özellikle iletmeme rağmen, bu sağlık durumum hiçbir şekilde dikkate alınmadı.
Odayı görür görmez, yerleşmeden önce resepsiyona giderek hem merdivenler hem de yoğun gürültü sebebiyle oda değişikliği talep ettim. Sağlık problemimi ve ağrılarımı açıkça söylememe rağmen talebim önemsenmedi ve şu ana kadar herhangi bir oda değişimi yapılmadı. Şu an konaklamamızın 2. Günündeyiz, gürültüden ve yaşadığım ağrıdan dolayı neredeyse hiç uyuyamıyorum, aldığımız hizmet ödediğimiz ücretle kesinlikle örtüşmüyor.
Sağlık durumumu ve konforumu gözeten, merdiven çıkmak zorunda kalmayacağım ve gürültüden uzak bir odaya acilen geçişimin sağlanmasını talep ediyorum.",Melike'nin Teşekkür Mesajı “ Teşekkürler tatilimizin güzel geçmesi için uğraştınız ”,,,,,False,,,False,,,1,23 Temmuz 17:30,Teşekkürler tatilimizin güzel geçmesi için uğraştınız,COMPLAINT_MATCHED,,Dedicated single-property source page,https://www.sikayetvar.com/titanic-luxury-collection-bodrum,2026-08-25T12:58:29.219502+00:00,Sağlık Durumum Hiçbir Şekilde Dikkate Alınmadı,"27 Haziran’da Titanic Luxury Bodrum oteline 4 gecelik, toplam 125 bin tl tutarında bir tatil için giriş yaptık. Bize verilen oda, otelin havalandırma sisteminin hemen yanında, son derece gürültülü ve 2–3 kat merdiven çıkışlı bir konumda olduğu için ciddi şekilde rahatsız olduk. Bel fıtığım olduğunu, sol bacağımın ağrıdığını ve bu kadar merdiven inip çıkamayacağımı resepsiyona özellikle iletmeme rağmen, bu sağlık durumum hiçbir şekilde dikkate alınmadı. Odayı görür görmez, yerleşmeden önce resepsiyona giderek hem merdivenler hem de yoğun gürültü sebebiyle oda değişikliği talep ettim. Sağlık problemimi ve ağrılarımı açıkça söylememe rağmen talebim önemsenmedi ve şu ana kadar herhangi bir oda değişimi yapılmadı. Şu an konaklamamızın 2. Günündeyiz, gürültüden ve yaşadığım ağrıdan dolayı neredeyse hiç uyuyamıyorum, aldığımız hizmet ödediğimiz ücretle kesinlikle örtüşmüyor. Sağlık durumumu ve konforumu gözeten, merdiven çıkmak zorunda kalmayacağım ve gürültüden uzak bir odaya acilen geçişimin sağlanmasını talep ediyorum.",,,1030,139,46,6,,,,,False,False,False,False,False,False,False,False,False,2026-08-25 12:58:29.219502,,False,UNRECOGNIZED,True,True,False,False,,,,,,,,1,False,False,False,False,False,False,Titanic Luxury Collection Bodrum,Güvercinlik,4.6,4656,,,,,False,False,False,1,0,1,0,2026-07-23 17:30:00,2026-07-23 17:30:00,False,False,False
titanic-luxury-collection-bodrumda-mantar-yemekleri-nedeniyle-gida-zehirlenmesi-ve-sorumluluk-reddi,https://www.sikayetvar.com/titanic-luxury-collection-bodrum/titanic-luxury-collection-bodrumda-mantar-yemekleri-nedeniyle-gida-zehirlenmesi-ve-sorumluluk-reddi,https://www.sikayetvar.com/titanic-luxury-collection-bodrum/titanic-luxury-collection-bodrumda-mantar-yemekleri-nedeniyle-gida-zehirlenmesi-ve-sorumluluk-reddi,BOD110,Titanic Luxury Collection Bodrum,Güvercinlik,Titanic Luxury Collection Bodrum,titanic-luxury-collection-bodrumda-mantar-yemekleri-nedeniyle-gida-zehirlenmesi-ve-sorumluluk-reddi,https://www.sikayetvar.com/titanic-luxury-collection-bodrum/titanic-luxury-collection-bodrumda-mantar-yemekleri-nedeniyle-gida-zehirlenmesi-ve-sorumluluk-reddi,’da Mantar Yemekleri Nedeniyle Gıda Zehirlenmesi Ve Sorumluluk Reddi,"1 Eylül 2025 - 5 Eylül 2025 tarihleri arasında ailemle birlikte Titanic Luxury Collection Bodrum otelinde konakladık; ancak tatilimiz otelde yediğimiz yemekler nedeniyle tam anlamıyla kabusa döndü. Özellikle mantarlı yemekleri tükettikten sonra ben, annem ve bebeğim ciddi şekilde rahatsızlandık, şiddetli kusma ve kötüleşen şikayetler üzerine hastaneye gitmek zorunda kaldık. Karşı odamızda kalan başka bir misafir de mantarlı yemekleri tükettikten sonra aynı şekilde kusma yaşadığını belirtti; sadece eşim mantar tüketmediği için etkilenmedi.
Devlet hastanesinde uzman doktor tarafından bize gıda zehirlenmesi teşhisi konuldu ve elimizde bunu gösteren resmi raporlar mevcut. Otele iletildi. Tatil için ayırdığımız beş günün iki günü hastanede geçti, konaklamamızın önemli bir kısmı sağlık sorunları ve hastane süreciyle geçti; tatilden hiçbir şekilde fayda sağlayamadık, bütün planlarımız bozuldu.
Durumu otel yönetimine ve yetkililere ilettiğimizde ise bunun mümkün olmadığını, yani zehirlenmenin otelle ilgisi olamayacağını söyleyerek sorumluluk almayı reddettiler ve müşteri memnuniyetini kesinlikle önemseyen bir yaklaşım sergilemediler. Yaşadığımız mağduriyet ve ilgisizlik nedeniyle konuyu Tüketici Mahkemesi'ne taşıdık.
Bu süreçte hem sağlığımızın bozulması hem de tatilimizin hastane sürecine dönüşmesi sebebiyle ya tatilimizin aynı şartlarda yeniden ücretsiz olarak karşılanmasını ya da ödediğimiz konaklama ücretinin iadesini talep ediyorum. Elimdeki hastane raporları ve yaşanan sürecin ciddiyeti göz önünde bulundurularak mağduriyetimizin giderilmesini istiyorum.",4 Haziran 15:30,77,,,,False,,,False,,,0,,,COMPLAINT_MATCHED,,Dedicated single-property source page,https://www.sikayetvar.com/titanic-luxury-collection-bodrum,2026-08-25T12:58:29.219502+00:00,’da Mantar Yemekleri Nedeniyle Gıda Zehirlenmesi Ve Sorumluluk Reddi,"1 Eylül 2025 - 5 Eylül 2025 tarihleri arasında ailemle birlikte Titanic Luxury Collection Bodrum otelinde konakladık; ancak tatilimiz otelde yediğimiz yemekler nedeniyle tam anlamıyla kabusa döndü. Özellikle mantarlı yemekleri tükettikten sonra ben, annem ve bebeğim ciddi şekilde rahatsızlandık, şiddetli kusma ve kötüleşen şikayetler üzerine hastaneye gitmek zorunda kaldık. Karşı odamızda kalan başka bir misafir de mantarlı yemekleri tükettikten sonra aynı şekilde kusma yaşadığını belirtti; sadece eşim mantar tüketmediği için etkilenmedi. Devlet hastanesinde uzman doktor tarafından bize gıda zehirlenmesi teşhisi konuldu ve elimizde bunu gösteren resmi raporlar mevcut. Otele iletildi. Tatil için ayırdığımız beş günün iki günü hastanede geçti, konaklamamızın önemli bir kısmı sağlık sorunları ve hastane süreciyle geçti; tatilden hiçbir şekilde fayda sağlayamadık, bütün planlarımız bozuldu. Durumu otel yönetimine ve yetkililere ilettiğimizde ise bunun mümkün olmadığını, yani zehirlenmenin otelle ilgisi olamayacağını söyleyerek sorumluluk almayı reddettiler ve müşteri memnuniyetini kesinlikle önemseyen bir yaklaşım sergilemediler. Yaşadığımız mağduriyet ve ilgisizlik nedeniyle konuyu Tüketici Mahkemesi'ne taşıdık. Bu süreçte hem sağlığımızın bozulması hem de tatilimizin hastane sürecine dönüşmesi sebebiyle ya tatilimizin aynı şartlarda yeniden ücretsiz olarak karşılanmasını ya da ödediğimiz konaklama ücretinin iadesini talep ediyorum. Elimdeki hastane raporları ve yaşanan sürecin ciddiyeti göz önünde bulundurularak mağduriyetimizin giderilmesini istiyorum.",,,1577,194,68,9,,,,,False,False,False,False,False,False,False,False,False,2026-08-25 12:58:29.219502,2026-06-04 15:30:00,True,DAY_MONTH_TIME_NO_YEAR,False,False,True,False,2026,6,2026-06,,,77,,0,False,False,False,False,False,False,Titanic Luxury Collection Bodrum,Güvercinlik,4.6,4656,,,,,False,False,False,0,0,0,0,,,False,False,False
titanic-luxury-collection-bodrum-ortam-ve-bazi-hizmetler-beklentimi-karsiladi,https://www.sikayetvar.com/titanic-luxury-collection-bodrum/titanic-luxury-collection-bodrum-ortam-ve-bazi-hizmetler-beklentimi-karsiladi,https://www.sikayetvar.com/titanic-luxury-collection-bodrum/titanic-luxury-collection-bodrum-ortam-ve-bazi-hizmetler-beklentimi-karsiladi,BOD110,Titanic Luxury Collection Bodrum,Güvercinlik,Titanic Luxury Collection Bodrum,titanic-luxury-collection-bodrum-ortam-ve-bazi-hizmetler-beklentimi-karsiladi,https://www.sikayetvar.com/titanic-luxury-collection-bodrum/titanic-luxury-collection-bodrum-ortam-ve-bazi-hizmetler-beklentimi-karsiladi,Ortam ve Bazı Hizmetler Beklentimi Karşıladı,"23–26 Nisan tarihlerinde Bodrum’daki Titanic Bodrum otel’de konakladım. Otel genel olarak konforlu ve bazı yönleriyle memnun kaldığım bir deneyim sundu, ortam ve bazı hizmetler beklentimi karşıladı. Ancak çıkış sürecinde yaşadığım sorun ne yazık ki tüm olumlu izlenimimi gölgeledi.
26 Nisan günü çıkış yaparken valizlerimizin bize teslim edilmesi tam 2 saat 30 dakika sürdü. 11.30’dan yaklaşık 14.00’e kadar valizlerimizi beklemek zorunda kaldık. Bu süre içinde bizden sonra gelen birçok misafirin valizleri sorunsuz şekilde teslim edilirken, bizim valizlerimiz bir türlü getirilmedi. Bu süreçte görevli çalışanların tavrı da oldukça kaba ve umursamazdı, yardımcı olmaya yönelik bir çaba göremedim.
Otelin genel kalitesi iyi olsa da, özellikle çıkış ve valiz teslim sürecinin ciddi şekilde iyileştirilmesi gerektiğini düşünüyorum. Yaşadığım bu mağduriyet ve uzun bekleme süresinin telafisi için konaklama telafisi talep ediyorum.",28 Nisan 10:10,25,,,,False,,,False,,,0,,,COMPLAINT_MATCHED,,Dedicated single-property source page,https://www.sikayetvar.com/titanic-luxury-collection-bodrum,2026-08-25T12:58:29.219502+00:00,Ortam ve Bazı Hizmetler Beklentimi Karşıladı,"23–26 Nisan tarihlerinde Bodrum’daki Titanic Bodrum otel’de konakladım. Otel genel olarak konforlu ve bazı yönleriyle memnun kaldığım bir deneyim sundu, ortam ve bazı hizmetler beklentimi karşıladı. Ancak çıkış sürecinde yaşadığım sorun ne yazık ki tüm olumlu izlenimimi gölgeledi. 26 Nisan günü çıkış yaparken valizlerimizin bize teslim edilmesi tam 2 saat 30 dakika sürdü. 11.30’dan yaklaşık 14.00’e kadar valizlerimizi beklemek zorunda kaldık. Bu süre içinde bizden sonra gelen birçok misafirin valizleri sorunsuz şekilde teslim edilirken, bizim valizlerimiz bir türlü getirilmedi. Bu süreçte görevli çalışanların tavrı da oldukça kaba ve umursamazdı, yardımcı olmaya yönelik bir çaba göremedim. Otelin genel kalitesi iyi olsa da, özellikle çıkış ve valiz teslim sürecinin ciddi şekilde iyileştirilmesi gerektiğini düşünüyorum. Yaşadığım bu mağduriyet ve uzun bekleme süresinin telafisi için konaklama telafisi talep ediyorum.",,,929,125,44,6,,,,,False,False,False,False,False,False,False,False,False,2026-08-25 12:58:29.219502,2026-04-28 10:10:00,True,DAY_MONTH_TIME_NO_YEAR,False,False,True,False,2026,4,2026-04,,,25,,0,False,False,False,False,False,False,Titanic Luxury Collection Bodrum,Güvercinlik,4.6,4656,,,,,False,False,False,0,0,0,0,,,False,False,False
alakart-iddiasi-yalan-tekrarlayan-menu-ve-duzensiz-plaj,https://www.sikayetvar.com/very-chic-bodrum/alakart-iddiasi-yalan-tekrarlayan-menu-ve-duzensiz-plaj,https://www.sikayetvar.com/very-chic-bodrum/alakart-iddiasi-yalan-tekrarlayan-menu-ve-duzensiz-plaj,BOD072,VERY CHIC BODRUM,Gümbet,Very Chic Bodrum,alakart-iddiasi-yalan-tekrarlayan-menu-ve-duzensiz-plaj,https://www.sikayetvar.com/very-chic-bodrum/alakart-iddiasi-yalan-tekrarlayan-menu-ve-duzensiz-plaj,"Alakart İddiası Yalan, Tekrarlayan Menü Ve Düzensiz Plaj","13.07.2026–16.07.2026 tarihleri arasında Very Chic Otel Bodrum’da konakladım ve yaşadığım deneyim beklentimin çok altında kaldı. Odamız 512 numaralı odaydı ve bu otele Touristica üzerinden rezervasyon yaptırdık.
Otel güya alakart konseptinde çalıştığını söylüyor ancak üç gün boyunca neredeyse aynı yemeklerle karşılaştık. Barkod okutularak sipariş veriliyor fakat her gün klasik ve tekrar eden menü geliyor. Üç gün boyunca neredeyse sürekli balık servis edilmesi ve menüde kayda değer bir çeşitlilik olmaması hem kalite hem de misafir memnuniyeti açısından kabul edilebilir değildi.
Plaj kısmı da en az restoran kadar hayal kırıklığıydı. Alanın düzeni, temizlik ve mahremiyet konusunda ciddi sıkıntılar vardı. Erkek ve kadınların tuvaletlere yan yana girdiği, genel olarak düzensiz ve rahatsız edici bir ortamla karşılaştım. Tatil için seçtiğim bu otelde, hem yemek hem plaj deneyimi nedeniyle kendimi son derece rahatsız ve pişman hissettim.
Bu şikayetim vesilesiyle, otelin özellikle restoran konseptini, menü çeşitliliğini ve plaj/tuvalet düzenini acilen gözden geçirmesini, misafirlere yakışır bir hizmet standardına ulaşmasını talep ediyorum.",17 Temmuz 12:59,159,,,,False,,,False,,,1,24 Temmuz 13:43,"Very Chic Bodrum otelinde 13-16 Temmuz 2026 tarihleri arasında konakladım, odada ve restoran menüsünde tekrarlayan ve balık ağırlıklı yemekler, plaj ve tuvalet düzeninde rahatsızlık yaşadım, beklentilerim karşılanmadı.",COMPLAINT_MATCHED,,Dedicated single-property source page,https://www.sikayetvar.com/very-chic-bodrum,2026-08-25T12:58:29.219502+00:00,"Alakart İddiası Yalan, Tekrarlayan Menü Ve Düzensiz Plaj","13.07.2026–16.07.2026 tarihleri arasında Very Chic Otel Bodrum’da konakladım ve yaşadığım deneyim beklentimin çok altında kaldı. Odamız 512 numaralı odaydı ve bu otele Touristica üzerinden rezervasyon yaptırdık. Otel güya alakart konseptinde çalıştığını söylüyor ancak üç gün boyunca neredeyse aynı yemeklerle karşılaştık. Barkod okutularak sipariş veriliyor fakat her gün klasik ve tekrar eden menü geliyor. Üç gün boyunca neredeyse sürekli balık servis edilmesi ve menüde kayda değer bir çeşitlilik olmaması hem kalite hem de misafir memnuniyeti açısından kabul edilebilir değildi. Plaj kısmı da en az restoran kadar hayal kırıklığıydı. Alanın düzeni, temizlik ve mahremiyet konusunda ciddi sıkıntılar vardı. Erkek ve kadınların tuvaletlere yan yana girdiği, genel olarak düzensiz ve rahatsız edici bir ortamla karşılaştım. Tatil için seçtiğim bu otelde, hem yemek hem plaj deneyimi nedeniyle kendimi son derece rahatsız ve pişman hissettim. Bu şikayetim vesilesiyle, otelin özellikle restoran konseptini, menü çeşitliliğini ve plaj/tuvalet düzenini acilen gözden geçirmesini, misafirlere yakışır bir hizmet standardına ulaşmasını talep ediyorum.",,,1148,153,56,8,,,,,False,False,False,False,False,False,False,False,False,2026-08-25 12:58:29.219502,2026-07-17 12:59:00,True,DAY_MONTH_TIME_NO_YEAR,False,False,True,False,2026,7,2026-07,,,159,,1,False,False,False,True,False,False,VERY CHIC BODRUM,Gümbet,4.2,1670,5.0,149.0,298.0,241.0,False,False,False,1,0,1,0,2026-07-24 13:43:00,2026-07-24 13:43:00,False,False,False
very-chic-bodrum-barda-yasanan-ayrimci-muamele,https://www.sikayetvar.com/very-chic-bodrum/very-chic-bodrum-barda-yasanan-ayrimci-muamele,https://www.sikayetvar.com/very-chic-bodrum/very-chic-bodrum-barda-yasanan-ayrimci-muamele,BOD072,VERY CHIC BODRUM,Gümbet,Very Chic Bodrum,very-chic-bodrum-barda-yasanan-ayrimci-muamele,https://www.sikayetvar.com/very-chic-bodrum/very-chic-bodrum-barda-yasanan-ayrimci-muamele,Barda Yaşanan Ayrımcı Muamele,"Maalesef, konaklamam sırasında barda son derece rahatsız edici bir deneyim yaşadım. Kısa boylu ve biraz kilolu olan bir çalışan, bir Türk misafiri olarak tezgahtan iki şişe su almak istediğimde beni tamamen görmezden geldi ve siparişimi almakla ilgilenmedi.
Buna karşılık, aynı çalışan, yakında güneşlenen İngiliz misafirlere içeceklerini güler yüzle ve doğrudan ayağına kadar götürdü. Görünen o ki, sadece sarışın olup yarı çıplak dolaşırsanız fark ediliyorsunuz. Bu, açık bir şekilde ayrımcı bir muameleydi ve beni son derece hayal kırıklığına uğrattı.
Ayrıca, başka bir garsonun gözle görülür şekilde bir “aşk ısırığı” ile ortalıkta dolaşması da gerçekten utanç vericiydi. Bu kadar profesyonellikten uzak bir tutum, olumlu bir deneyim yaşamamıza hiç katkı sağlamadı.
Umarım gelecekte tüm misafirler, dış görünüşlerinden ya da kökenlerinden bağımsız olarak saygılı ve eşit şekilde muamele görürler.",17 Eylül 2024 14:53,1.116,,,,False,,,False,,,0,,,COMPLAINT_MATCHED,,Dedicated single-property source page,https://www.sikayetvar.com/very-chic-bodrum,2026-08-25T12:58:29.219502+00:00,Barda Yaşanan Ayrımcı Muamele,"Maalesef, konaklamam sırasında barda son derece rahatsız edici bir deneyim yaşadım. Kısa boylu ve biraz kilolu olan bir çalışan, bir Türk misafiri olarak tezgahtan iki şişe su almak istediğimde beni tamamen görmezden geldi ve siparişimi almakla ilgilenmedi. Buna karşılık, aynı çalışan, yakında güneşlenen İngiliz misafirlere içeceklerini güler yüzle ve doğrudan ayağına kadar götürdü. Görünen o ki, sadece sarışın olup yarı çıplak dolaşırsanız fark ediliyorsunuz. Bu, açık bir şekilde ayrımcı bir muameleydi ve beni son derece hayal kırıklığına uğrattı. Ayrıca, başka bir garsonun gözle görülür şekilde bir “aşk ısırığı” ile ortalıkta dolaşması da gerçekten utanç vericiydi. Bu kadar profesyonellikten uzak bir tutum, olumlu bir deneyim yaşamamıza hiç katkı sağlamadı. Umarım gelecekte tüm misafirler, dış görünüşlerinden ya da kökenlerinden bağımsız olarak saygılı ve eşit şekilde muamele görürler.",,,900,125,29,4,,,,,False,False,False,False,False,False,False,False,False,2026-08-25 12:58:29.219502,2024-09-17 14:53:00,False,DAY_MONTH_YEAR_TIME,False,False,False,False,2024,9,2024-09,,,1116,,0,False,False,False,False,False,False,VERY CHIC BODRUM,Gümbet,4.2,1670,5.0,149.0,298.0,241.0,False,False,False,0,0,0,0,,,False,False,False
coral-travel-usulsuz-rezervasyon-iptali-1,https://www.sikayetvar.com/very-chic-bodrum/coral-travel-usulsuz-rezervasyon-iptali-1,https://www.sikayetvar.com/very-chic-bodrum/coral-travel-usulsuz-rezervasyon-iptali-1,BOD072,VERY CHIC BODRUM,Gümbet,Very Chic Bodrum,coral-travel-usulsuz-rezervasyon-iptali-1,https://www.sikayetvar.com/very-chic-bodrum/coral-travel-usulsuz-rezervasyon-iptali-1,Coral Travel Usulsüz Rezervasyon İptali,"Marvida Şenses Very Chic isimli otelden ertesi gün için, iade edilemez şekilde yaptırdığım otel rezervasyonumuz hiçbir gerekçe olmadan, rezervasyon onay maili de gelmiş olmasına rağmen otel tarafından keyfi bir şekilde iptal edildi. İptal bilgisi verilmedi. Ayrıca konuyla alakalı ilgili otel yönetimine mail atmama rağmen hiçbir dönüş alamadım.",5 Ağustos 2024 16:29,1.115,,,,False,,,False,,,0,,,COMPLAINT_MATCHED,,Dedicated single-property source page,https://www.sikayetvar.com/very-chic-bodrum,2026-08-25T12:58:29.219502+00:00,Coral Travel Usulsüz Rezervasyon İptali,"Marvida Şenses Very Chic isimli otelden ertesi gün için, iade edilemez şekilde yaptırdığım otel rezervasyonumuz hiçbir gerekçe olmadan, rezervasyon onay maili de gelmiş olmasına rağmen otel tarafından keyfi bir şekilde iptal edildi. İptal bilgisi verilmedi. Ayrıca konuyla alakalı ilgili otel yönetimine mail atmama rağmen hiçbir dönüş alamadım.",,,345,47,39,5,,,,,False,False,False,False,False,False,False,False,False,2026-08-25 12:58:29.219502,2024-08-05 16:29:00,False,DAY_MONTH_YEAR_TIME,False,False,False,False,2024,8,2024-08,,,1115,,0,False,False,False,False,False,False,VERY CHIC BODRUM,Gümbet,4.2,1670,5.0,149.0,298.0,241.0,False,False,False,0,0,0,0,,,False,False,False
premium-king-suite-oda-hijyeninde-tekrarlayan-temizlik-problemleri,https://www.sikayetvar.com/xanadu-island/premium-king-suite-oda-hijyeninde-tekrarlayan-temizlik-problemleri,https://www.sikayetvar.com/xanadu-island/premium-king-suite-oda-hijyeninde-tekrarlayan-temizlik-problemleri,BOD016,Xanadu Island,Akyarlar,Xanadu Island,premium-king-suite-oda-hijyeninde-tekrarlayan-temizlik-problemleri,https://www.sikayetvar.com/xanadu-island/premium-king-suite-oda-hijyeninde-tekrarlayan-temizlik-problemleri,Premium King Suite Oda Hijyeninde Tekrarlayan Temizlik Problemleri,"30.06.2026 – 10.07.2026 tarihleri arasında Xanadu Island Bodrum otelinde, King Suite 4210/1 numaralı odada konakladık. Ne yazık ki konaklamamız boyunca oda hijyeni konusunda ciddi ve tekrarlayan problemler yaşadık.
Kaldığımız oda, tesisin Premium oda kategorisinde yer alan bir King Suite olmasına rağmen, hijyen seviyesi bizim için kabul edilemez düzeydeydi. Check-in yaptığımız ilk günden itibaren odada belirgin temizlik eksiklikleri vardı. Zemin yapış yapış durumdaydı, halı belli ki yeterince süpürülmemişti, camlar ve aynalar lekeli duruyordu, mobilyaların üzerinde toz birikintileri bulunuyordu.
Sonraki günlerde de bu durum değişmedi, aksine benzer hijyen problemleri devam etti. Tuvalet bazı günler hiç temizlenmemiş gibiydi, lavaboda diş macunu kalıntıları ve saçlar duruyordu. Duş bölümündeki filtrede saçlar gördük. Jakuzide saçlar ve sarı lekeler mevcuttu. Halı çoğu zaman düzgün süpürülmemiş, zemin ise ya hiç silinmemiş ya da sadece üstünkörü bir şekilde üzerinden geçilmiş gibiydi.
Her gün sabah saatlerinde, genellikle 09:00–10:00 civarında odadan çıkıp çoğunlukla 17:00–18:00 civarında geri döndük. Yani gün içinde odanın temizlik için yeterince uzun süre boş kaldığı çok net bir şekilde ortadaydı. Buna rağmen temizlik ya hiç yapılmadı, ya çok geç yapıldı ya da yalnızca havlu bırakılıp yatağın düzeltilmesiyle sınırlı, yüzeysel bir temizlikle geçiştirildi. Bu uygulamayı gerçek anlamda bir oda temizliği olarak kabul etmek mümkün değil.
Yaşadığımız hijyen sorunlarını konaklama süremiz boyunca defalarca resepsiyona ve ilgili personele ilettik. Bazı günler temizlik için akşam saatlerinde, bizim duş alıp akşam yemeğine hazırlanmak üzere olduğumuz zamanlarda, kısa süreli ve acele bir müdahale yapıldı. Ancak birkaç dakikalık hızlı bir temizlik, gün içinde yapılması gereken kapsamlı ve hijyenik oda temizliğinin yerini kesinlikle tutmadı. Tatilimizin önemli bir kısmını, eksik yapılan temizliği takip etmek ve sürekli aynı sorunları hatırlatmakla geçirmek zorunda kaldık.
Tüm bu yaşananlar sonrası otel yönetimi ile de görüştüm ancak bu konuda tatmin edici bir çözüm sunulmadı ve yardımcı olunmadı. Bu nedenle, özellikle Premium kategoride satılan bir King Suite odada böyle bir hijyen standardının kabul edilemeyeceğini, yaşadığımız tecrübeyi ve memnuniyetsizliğimizi kayıt altına almak amacıyla bu şikayeti yazıyorum.",Mesut'un Teşekkür Mesajı “ Yinede ibrahim Bey'e ve Sefa Beye ilgi ve çözüm görüşleri için tessekür ederim ”,,,,,True,14 Temmuz 16:28,"Değerli Mesut Bey, 

Görüşlerinizi bizimle paylaştığınız için teşekkür ederiz.

Konaklamanız süresince ekibimiz tarafından talepleriniz yakından takip edilmiş ve memnuniyetinizi sağlamak adına gerekli adımlar atılmış olmasına rağmen beklentilerinizi karşılayamamış olmaktan dolayı üzgün olduğumuzu belirtmek isteriz.

Paylaşmış olduğunuz tüm hususlar, ilgili departman yöneticilerimiz tarafından yeniden değerlendirilmiş olup, hizmet ve kalite standartlarımızın sürdürülebilirliği kapsamında gerekli incelemeler titizlikle yürütülmektedir. Misafirlerimizden gelen her geri bildirimi, hizmet süreçlerimizi geliştirmek adına önemli bir fırsat olarak görmekteyiz.

Yaşadığınız olumsuz deneyim nedeniyle üzüntümüzü bir kez daha ifade eder, görüşlerinizi bizimle paylaştığınız için teşekkür ederiz.

Saygılarımızla, 
Xanadu Ekibiniz",False,,,1,16 Temmuz 18:25,Yinede ibrahim Bey'e ve Sefa Beye ilgi ve çözüm görüşleri için tessekür ederim,COMPLAINT_MATCHED,,Dedicated single-property source page,https://www.sikayetvar.com/xanadu-island,2026-08-25T12:58:29.219502+00:00,Premium King Suite Oda Hijyeninde Tekrarlayan Temizlik Problemleri,"30.06.2026 – 10.07.2026 tarihleri arasında Xanadu Island Bodrum otelinde, King Suite 4210/1 numaralı odada konakladık. Ne yazık ki konaklamamız boyunca oda hijyeni konusunda ciddi ve tekrarlayan problemler yaşadık. Kaldığımız oda, tesisin Premium oda kategorisinde yer alan bir King Suite olmasına rağmen, hijyen seviyesi bizim için kabul edilemez düzeydeydi. Check-in yaptığımız ilk günden itibaren odada belirgin temizlik eksiklikleri vardı. Zemin yapış yapış durumdaydı, halı belli ki yeterince süpürülmemişti, camlar ve aynalar lekeli duruyordu, mobilyaların üzerinde toz birikintileri bulunuyordu. Sonraki günlerde de bu durum değişmedi, aksine benzer hijyen problemleri devam etti. Tuvalet bazı günler hiç temizlenmemiş gibiydi, lavaboda diş macunu kalıntıları ve saçlar duruyordu. Duş bölümündeki filtrede saçlar gördük. Jakuzide saçlar ve sarı lekeler mevcuttu. Halı çoğu zaman düzgün süpürülmemiş, zemin ise ya hiç silinmemiş ya da sadece üstünkörü bir şekilde üzerinden geçilmiş gibiydi. Her gün sabah saatlerinde, genellikle 09:00–10:00 civarında odadan çıkıp çoğunlukla 17:00–18:00 civarında geri döndük. Yani gün içinde odanın temizlik için yeterince uzun süre boş kaldığı çok net bir şekilde ortadaydı. Buna rağmen temizlik ya hiç yapılmadı, ya çok geç yapıldı ya da yalnızca havlu bırakılıp yatağın düzeltilmesiyle sınırlı, yüzeysel bir temizlikle geçiştirildi. Bu uygulamayı gerçek anlamda bir oda temizliği olarak kabul etmek mümkün değil. Yaşadığımız hijyen sorunlarını konaklama süremiz boyunca defalarca resepsiyona ve ilgili personele ilettik. Bazı günler temizlik için akşam saatlerinde, bizim duş alıp akşam yemeğine hazırlanmak üzere olduğumuz zamanlarda, kısa süreli ve acele bir müdahale yapıldı. Ancak birkaç dakikalık hızlı bir temizlik, gün içinde yapılması gereken kapsamlı ve hijyenik oda temizliğinin yerini kesinlikle tutmadı. Tatilimizin önemli bir kısmını, eksik yapılan temizliği takip etmek ve sürekli aynı sorunları hatırlatmakla geçirmek zorunda kaldık. Tüm bu yaşananlar sonrası otel yönetimi ile de görüştüm ancak bu konuda tatmin edici bir çözüm sunulmadı ve yardımcı olunmadı. Bu nedenle, özellikle Premium kategoride satılan bir King Suite odada böyle bir hijyen standardının kabul edilemeyeceğini, yaşadığımız tecrübeyi ve memnuniyetsizliğimizi kayıt altına almak amacıyla bu şikayeti yazıyorum.","Değerli Mesut Bey, Görüşlerinizi bizimle paylaştığınız için teşekkür ederiz. Konaklamanız süresince ekibimiz tarafından talepleriniz yakından takip edilmiş ve memnuniyetinizi sağlamak adına gerekli adımlar atılmış olmasına rağmen beklentilerinizi karşılayamamış olmaktan dolayı üzgün olduğumuzu belirtmek isteriz. Paylaşmış olduğunuz tüm hususlar, ilgili departman yöneticilerimiz tarafından yeniden değerlendirilmiş olup, hizmet ve kalite standartlarımızın sürdürülebilirliği kapsamında gerekli incelemeler titizlikle yürütülmektedir. Misafirlerimizden gelen her geri bildirimi, hizmet süreçlerimizi geliştirmek adına önemli bir fırsat olarak görmekteyiz. Yaşadığınız olumsuz deneyim nedeniyle üzüntümüzü bir kez daha ifade eder, görüşlerinizi bizimle paylaştığınız için teşekkür ederiz. Saygılarımızla, Xanadu Ekibiniz",,2340,312,66,8,820,88,,,False,False,False,False,False,False,False,False,False,2026-08-25 12:58:29.219502,,False,UNRECOGNIZED,True,True,False,False,,,,2026-07-14 16:28:00,,,,1,False,True,False,True,False,False,Xanadu Island,Akyarlar,4.6,2068,,,,1301.0,False,False,False,2,1,1,0,2026-07-14 16:28:00,2026-07-16 18:25:00,True,False,False
ultra-her-sey-dahil-otelde-servis-temizlik-ve-plaj-siparislerinde-surekli-aksakliklar,https://www.sikayetvar.com/xanadu-island/ultra-her-sey-dahil-otelde-servis-temizlik-ve-plaj-siparislerinde-surekli-aksakliklar,https://www.sikayetvar.com/xanadu-island/ultra-her-sey-dahil-otelde-servis-temizlik-ve-plaj-siparislerinde-surekli-aksakliklar,BOD016,Xanadu Island,Akyarlar,Xanadu Island,ultra-her-sey-dahil-otelde-servis-temizlik-ve-plaj-siparislerinde-surekli-aksakliklar,https://www.sikayetvar.com/xanadu-island/ultra-her-sey-dahil-otelde-servis-temizlik-ve-plaj-siparislerinde-surekli-aksakliklar,"Ultra Her Şey Dahil Otelde Servis, Temizlik Ve Plaj Siparişlerinde Sürekli Aksaklıklar","24–28 Mayıs 2026 tarihleri arasında Xanadu Island Akyarlar otelinde Ultra her şey dahil konaklıyoruz ve otele giriş yaptığımız günden beri yaşadığımız sorunlar nedeniyle ciddi anlamda hayal kırıklığı yaşıyoruz. Otelin puanlamasına baktığımızda oldukça yüksek olması tercih sebebimiz olmuştu ancak şu an için bu puanı kesinlikle hak etmediğini düşünüyoruz.
Öncelikle à la carte restoranlarda yemek yemek isterseniz bir akşam yemeği için en az 2 saatinizi ayırmanız gerekiyor. Servis son derece yavaş, organizasyon zayıf ve bu durum tatil keyfini ciddi şekilde bozuyor. Her gün benzer şekilde uzun beklemeler yaşanıyor.
Oda temizliği de büyük bir sorun. Akşam saat 18.00’de odaya gittiğimizde odanın hâlâ temizlenmemiş olduğunu gördük. Bu durum bir seferlik bir aksaklık değil, konaklama boyunca düzenli olarak yaşadığımız bir problem haline geldi.
Kumsal ve havuz başında karekod ile verdiğimiz siparişler neredeyse hiç gelmiyor. Sipariş durumunu sorduğumuzda sistem bozuk denilerek geçiştiriliyoruz. Plaj ve havuz hizmetleri bu şekilde aksayınca, Ultra her şey dahil konseptin anlamı kalmıyor.
Tüm bu yaşadıklarımızı otele ilettiğimizde ise sadece hazır bir özür mesajı gönderilmesi dışında hiçbir somut adım atılmadı, ne çözüm sunuldu ne de telafi anlamında bir girişimde bulunuldu. Misafir memnuniyetine önem verildiğini maalesef hissetmiyoruz.
Otelin mevcut hizmet kalitesinin ve özellikle oda temizliği, restoran servis süresi, plaj–havuz sipariş sistemi ve misafir şikayetlerine yaklaşımının acilen gözden geçirilmesini ve bu konularda iyileştirme yapılmasını bekliyorum. Şu anki haliyle bu oteli kesinlikle tavsiye etmiyorum.",26 Mayıs 21:28,32,,,,True,5 Haziran 14:28,"Değerli Misafirimiz, 

Xanadu Island’ı tercih ettiğiniz ve konaklamanıza ilişkin geri bildiriminizi bizlerle paylaştığınız için teşekkür ederiz.

Konaklamanız süresince özellikle restoran servis süreçleri, oda temizliği ve sipariş sistemi ile ilgili yaşamış olduğunuz memnuniyetsizlik nedeniyle üzgün olduğumuzu belirtmek isteriz. Misafirlerimize konforlu, özenli ve kesintisiz bir hizmet deneyimi sunmak bizim için büyük önem taşımaktadır.

Paylaşmış olduğunuz değerlendirmeler ilgili departmanlarımız tarafından dikkatle incelenmiş olup; servis operasyonları, housekeeping süreçleri, QR sipariş sistemi ve misafir deneyimine yönelik süreçler kapsamında gerekli değerlendirmeler yapılmıştır.

Ayrıca, geri bildiriminiz doğrultusunda tarafınızla iletişime geçilmiş ve memnuniyetinizi esas alan yaklaşımımız çerçevesinde size özel gerekli aksiyonlar alınmıştır.

Görüşleriniz bizim için son derece kıymetlidir. Dilerseniz bizimle her zaman iletişime geçebilirsiniz.

Sizleri gelecekte çok daha keyifli bir konaklama deneyimi için yeniden ağırlamayı arzu ederiz.

Saygılarımızla, 
Xanadu Ekibiniz",False,,,0,,,COMPLAINT_MATCHED,,Dedicated single-property source page,https://www.sikayetvar.com/xanadu-island,2026-08-25T12:58:29.219502+00:00,"Ultra Her Şey Dahil Otelde Servis, Temizlik Ve Plaj Siparişlerinde Sürekli Aksaklıklar","24–28 Mayıs 2026 tarihleri arasında Xanadu Island Akyarlar otelinde Ultra her şey dahil konaklıyoruz ve otele giriş yaptığımız günden beri yaşadığımız sorunlar nedeniyle ciddi anlamda hayal kırıklığı yaşıyoruz. Otelin puanlamasına baktığımızda oldukça yüksek olması tercih sebebimiz olmuştu ancak şu an için bu puanı kesinlikle hak etmediğini düşünüyoruz. Öncelikle à la carte restoranlarda yemek yemek isterseniz bir akşam yemeği için en az 2 saatinizi ayırmanız gerekiyor. Servis son derece yavaş, organizasyon zayıf ve bu durum tatil keyfini ciddi şekilde bozuyor. Her gün benzer şekilde uzun beklemeler yaşanıyor. Oda temizliği de büyük bir sorun. Akşam saat 18.00’de odaya gittiğimizde odanın hâlâ temizlenmemiş olduğunu gördük. Bu durum bir seferlik bir aksaklık değil, konaklama boyunca düzenli olarak yaşadığımız bir problem haline geldi. Kumsal ve havuz başında karekod ile verdiğimiz siparişler neredeyse hiç gelmiyor. Sipariş durumunu sorduğumuzda sistem bozuk denilerek geçiştiriliyoruz. Plaj ve havuz hizmetleri bu şekilde aksayınca, Ultra her şey dahil konseptin anlamı kalmıyor. Tüm bu yaşadıklarımızı otele ilettiğimizde ise sadece hazır bir özür mesajı gönderilmesi dışında hiçbir somut adım atılmadı, ne çözüm sunuldu ne de telafi anlamında bir girişimde bulunuldu. Misafir memnuniyetine önem verildiğini maalesef hissetmiyoruz. Otelin mevcut hizmet kalitesinin ve özellikle oda temizliği, restoran servis süresi, plaj–havuz sipariş sistemi ve misafir şikayetlerine yaklaşımının acilen gözden geçirilmesini ve bu konularda iyileştirme yapılmasını bekliyorum. Şu anki haliyle bu oteli kesinlikle tavsiye etmiyorum.","Değerli Misafirimiz, Xanadu Island’ı tercih ettiğiniz ve konaklamanıza ilişkin geri bildiriminizi bizlerle paylaştığınız için teşekkür ederiz. Konaklamanız süresince özellikle restoran servis süreçleri, oda temizliği ve sipariş sistemi ile ilgili yaşamış olduğunuz memnuniyetsizlik nedeniyle üzgün olduğumuzu belirtmek isteriz. Misafirlerimize konforlu, özenli ve kesintisiz bir hizmet deneyimi sunmak bizim için büyük önem taşımaktadır. Paylaşmış olduğunuz değerlendirmeler ilgili departmanlarımız tarafından dikkatle incelenmiş olup; servis operasyonları, housekeeping süreçleri, QR sipariş sistemi ve misafir deneyimine yönelik süreçler kapsamında gerekli değerlendirmeler yapılmıştır. Ayrıca, geri bildiriminiz doğrultusunda tarafınızla iletişime geçilmiş ve memnuniyetinizi esas alan yaklaşımımız çerçevesinde size özel gerekli aksiyonlar alınmıştır. Görüşleriniz bizim için son derece kıymetlidir. Dilerseniz bizimle her zaman iletişime geçebilirsiniz. Sizleri gelecekte çok daha keyifli bir konaklama deneyimi için yeniden ağırlamayı arzu ederiz. Saygılarımızla, Xanadu Ekibiniz",,1631,218,86,12,1085,122,,,False,False,False,False,False,False,False,False,False,2026-08-25 12:58:29.219502,2026-05-26 21:28:00,True,DAY_MONTH_TIME_NO_YEAR,False,False,True,False,2026,5,2026-05,2026-06-05 14:28:00,,32,,0,False,True,False,False,False,False,Xanadu Island,Akyarlar,4.6,2068,,,,1301.0,False,False,False,1,1,0,0,2026-06-05 14:28:00,2026-06-05 14:28:00,True,False,False
ultra-her-sey-dahil-otelde-bar-servisi-kabusa-donustu,https://www.sikayetvar.com/xanadu-island/ultra-her-sey-dahil-otelde-bar-servisi-kabusa-donustu,https://www.sikayetvar.com/xanadu-island/ultra-her-sey-dahil-otelde-bar-servisi-kabusa-donustu,BOD016,Xanadu Island,Akyarlar,Xanadu Island,ultra-her-sey-dahil-otelde-bar-servisi-kabusa-donustu,https://www.sikayetvar.com/xanadu-island/ultra-her-sey-dahil-otelde-bar-servisi-kabusa-donustu,Ultra Her Şey Dahil Otelde Bar Servisi Kabusa Dönüştü,"22–26 Mayıs 2024 tarihleri arasında Xanadu Island Bodrum otelde Ultra her şey dahil konseptinde, 4118 numaralı odada Bilgin C** adına 4 kişi konaklıyoruz. Otele girişimizden itibaren verilen hizmet, ödediğimiz ücreti ve vaat edilen “Ultra her şey dahil” konseptini kesinlikle karşılamıyor.
Otelin fiziki şartları ve çalışanların güler yüzü güzel olmasına rağmen özellikle bar ve servis personeli sayısı çok yetersiz. Ana havuz başında 3 gündür kokteyl ya da içecek sipariş etmek istediğimizde garson bulamıyoruz, bardan masalara sipariş gelmiyor. Bugün de havuzda yaklaşık 1 saat boyunca sipariş veremeden, sıcakta su bile içemeden bekledik. Ayağa kalkıp bara almaya gittiğimizde ise uzun kuyruklar oluyor. Akşam main barda da yaklaşık 1 saat garson bekledik, bizim bölgemize bakan garsonun bara geçip barmenlik yaptığını gördük, bu yüzden masaya servis tamamen aksadı. Siparişlerimiz nihayet geldiğinde hem üşümüş hem de sıkılmış durumdaydık, saat 22.00 gibi odaya dönmek zorunda kaldık.
Odanın konforu ve görünümü iyi olmasına rağmen, konsept adeta sadece “yemek dahil” gibi işliyor, içecek almak başlı başına bir eziyete dönüşmüş durumda. Ultra her şey dahil bir otelde bu kadar yetersiz servis ve bekleme süresi kabul edilemez. Ayrıca ilk gün odalarımız saat 15.30’a kadar hazır değildi ve resepsiyonda bekletildik. Akşam DJ performansında kullanılan ses sistemi de oldukça kötüydü, DJ performansı yarıda kesip adeta kasetten müzik çaldılar.
Bayram öncesi özellikle yoğunluk az olsun, daha rahat bir tatil geçirelim diye bu tarihlere geldik, ancak alınan ücrete rağmen hizmet kalitesi beklentimizin çok altında kaldı. Otel yönetiminden, ödemesini yaptığımız Ultra her şey dahil hizmetin gerektirdiği personel sayısının ve servis kalitesinin acilen sağlanmasını ve yaşadığımız mağduriyetin dikkate alınarak geri dönüş yapılmasını talep ediyorum.",25 Mayıs 12:57,41,,,,True,5 Haziran 14:33,"Değerli Misafirimiz, 

Xanadu Island’ı tercih ettiğiniz ve konaklamanıza ilişkin geri bildiriminizi bizlerle paylaştığınız için teşekkür ederiz.

Öncelikle, tatiliniz süresince özellikle bar servisi, bekleme süreleri ve operasyonel süreçlerle ilgili yaşamış olduğunuz memnuniyetsizlik nedeniyle üzgün olduğumuzu belirtmek isteriz. Misafirlerimize konforlu, ayrıcalıklı ve kesintisiz bir hizmet deneyimi sunmak bizim için büyük önem taşımaktadır.

Paylaşmış olduğunuz geri bildirimler; servis akışı, personel planlaması, oda teslim süreçleri ve akşam eğlence olanakları dahil olmak üzere ilgili departmanlarımız tarafından dikkatle incelenmiş olup gerekli değerlendirmeler yapılmaktadır.

Aynı zamanda tesisimizin fiziksel yapısı, oda konforu ve personel yaklaşımına ilişkin olumlu değerlendirmeleriniz için teşekkür ederiz.

Geri bildiriminizi daha detaylı değerlendirebilmek adına tarafınıza ulaşmaya çalıştık; ancak ne yazık ki sizinle görüşme fırsatı bulamadık. Dilerseniz bizimle iletişime geçebilirsiniz.

Sizleri gelecekte çok daha keyifli bir tatil deneyimi için yeniden ağırlamayı dileriz.

Saygılarımızla, 
Xanadu Ekibiniz",False,,,0,,,COMPLAINT_MATCHED,,Dedicated single-property source page,https://www.sikayetvar.com/xanadu-island,2026-08-25T12:58:29.219502+00:00,Ultra Her Şey Dahil Otelde Bar Servisi Kabusa Dönüştü,"22–26 Mayıs 2024 tarihleri arasında Xanadu Island Bodrum otelde Ultra her şey dahil konseptinde, 4118 numaralı odada Bilgin C** adına 4 kişi konaklıyoruz. Otele girişimizden itibaren verilen hizmet, ödediğimiz ücreti ve vaat edilen “Ultra her şey dahil” konseptini kesinlikle karşılamıyor. Otelin fiziki şartları ve çalışanların güler yüzü güzel olmasına rağmen özellikle bar ve servis personeli sayısı çok yetersiz. Ana havuz başında 3 gündür kokteyl ya da içecek sipariş etmek istediğimizde garson bulamıyoruz, bardan masalara sipariş gelmiyor. Bugün de havuzda yaklaşık 1 saat boyunca sipariş veremeden, sıcakta su bile içemeden bekledik. Ayağa kalkıp bara almaya gittiğimizde ise uzun kuyruklar oluyor. Akşam main barda da yaklaşık 1 saat garson bekledik, bizim bölgemize bakan garsonun bara geçip barmenlik yaptığını gördük, bu yüzden masaya servis tamamen aksadı. Siparişlerimiz nihayet geldiğinde hem üşümüş hem de sıkılmış durumdaydık, saat 22.00 gibi odaya dönmek zorunda kaldık. Odanın konforu ve görünümü iyi olmasına rağmen, konsept adeta sadece “yemek dahil” gibi işliyor, içecek almak başlı başına bir eziyete dönüşmüş durumda. Ultra her şey dahil bir otelde bu kadar yetersiz servis ve bekleme süresi kabul edilemez. Ayrıca ilk gün odalarımız saat 15.30’a kadar hazır değildi ve resepsiyonda bekletildik. Akşam DJ performansında kullanılan ses sistemi de oldukça kötüydü, DJ performansı yarıda kesip adeta kasetten müzik çaldılar. Bayram öncesi özellikle yoğunluk az olsun, daha rahat bir tatil geçirelim diye bu tarihlere geldik, ancak alınan ücrete rağmen hizmet kalitesi beklentimizin çok altında kaldı. Otel yönetiminden, ödemesini yaptığımız Ultra her şey dahil hizmetin gerektirdiği personel sayısının ve servis kalitesinin acilen sağlanmasını ve yaşadığımız mağduriyetin dikkate alınarak geri dönüş yapılmasını talep ediyorum.","Değerli Misafirimiz, Xanadu Island’ı tercih ettiğiniz ve konaklamanıza ilişkin geri bildiriminizi bizlerle paylaştığınız için teşekkür ederiz. Öncelikle, tatiliniz süresince özellikle bar servisi, bekleme süreleri ve operasyonel süreçlerle ilgili yaşamış olduğunuz memnuniyetsizlik nedeniyle üzgün olduğumuzu belirtmek isteriz. Misafirlerimize konforlu, ayrıcalıklı ve kesintisiz bir hizmet deneyimi sunmak bizim için büyük önem taşımaktadır. Paylaşmış olduğunuz geri bildirimler; servis akışı, personel planlaması, oda teslim süreçleri ve akşam eğlence olanakları dahil olmak üzere ilgili departmanlarımız tarafından dikkatle incelenmiş olup gerekli değerlendirmeler yapılmaktadır. Aynı zamanda tesisimizin fiziksel yapısı, oda konforu ve personel yaklaşımına ilişkin olumlu değerlendirmeleriniz için teşekkür ederiz. Geri bildiriminizi daha detaylı değerlendirebilmek adına tarafınıza ulaşmaya çalıştık; ancak ne yazık ki sizinle görüşme fırsatı bulamadık. Dilerseniz bizimle iletişime geçebilirsiniz. Sizleri gelecekte çok daha keyifli bir tatil deneyimi için yeniden ağırlamayı dileriz. Saygılarımızla, Xanadu Ekibiniz",,1848,257,53,9,1122,129,,,False,False,False,False,False,False,False,False,False,2026-08-25 12:58:29.219502,2026-05-25 12:57:00,True,DAY_MONTH_TIME_NO_YEAR,False,False,True,False,2026,5,2026-05,2026-06-05 14:33:00,,41,,0,False,True,False,False,False,False,Xanadu Island,Akyarlar,4.6,2068,,,,1301.0,False,False,False,1,1,0,0,2026-06-05 14:33:00,2026-06-05 14:33:00,True,False,False
otelde-yasanan-ciddi-olay-sonrasi-tatilimizin-yarida-kesilmesi-ve-manevi-magduriyet,https://www.sikayetvar.com/xanadu-island/otelde-yasanan-ciddi-olay-sonrasi-tatilimizin-yarida-kesilmesi-ve-manevi-magduriyet,https://www.sikayetvar.com/xanadu-island/otelde-yasanan-ciddi-olay-sonrasi-tatilimizin-yarida-kesilmesi-ve-manevi-magduriyet,BOD016,Xanadu Island,Akyarlar,Xanadu Island,otelde-yasanan-ciddi-olay-sonrasi-tatilimizin-yarida-kesilmesi-ve-manevi-magduriyet,https://www.sikayetvar.com/xanadu-island/otelde-yasanan-ciddi-olay-sonrasi-tatilimizin-yarida-kesilmesi-ve-manevi-magduriyet,Otelde Yaşanan Ciddi Olay Sonrası Tatilimizin Yarıda Kesilmesi Ve Manevi Mağduriyet,"30 Ağustos 2025 tarihinde ailemle birlikte Xanadu Bodrum Otel’e giriş yaptık ve aile odasında konaklamaya başladık. Aynı gün saat 16:00 civarında, deniz tarafındaki iskele bölümünde otelde çalışan bir cankurtaran ile aramızda ciddi bir polemik ve kavga yaşandı. Olayın ardından otel yönetimiyle görüşmemize izin verilmeden, yönetim tarafından oteli terk etmemiz istendi. Yaşanan bu olumsuzluk nedeniyle tatilimiz yarıda kesildi ve büyük bir zaman kaybı yaşadık. Rezervasyon numaramız: 115286074. Ödediğimiz ücret iade edildi ancak yaşadığımız manevi zarar ve tatilimizin zehir olması telafi edilmedi.
Bu tarz bir durumu ilk kez yaşadık ve özellikle eşim ve çocuğumun yaşadığı mağduriyet nedeniyle çok üzgünüz. Olayda adı geçen cankurtaranın taşeron firmada çalıştığını öğrendik, fakat tüm sorumluluğun konakladığımız Xanadu Bodrum Otel’e ait olduğunu düşünüyoruz. Hem otel yönetiminden hem de ilgili personelden ailemize yönelik bir özür ve manevi anlamda bir geri dönüş bekliyoruz. Eşimden ve çocuğumdan da ayrıca özür dilenmesini talep ediyorum. Yaşadığımız bu mağduriyetin dikkate alınmasını ve benzer olayların bir daha yaşanmaması için gerekli önlemlerin alınmasını rica ediyorum.",23 Eylül 2025 13:52,322,,,,True,23 Eylül 2025 16:08,"Sayın Misafirimiz, 

Öncelikle tatilinizin yarıda kesilmesi nedeniyle yaşamış olduğunuz memnuniyetsizlikten dolayı üzgün olduğumuzu belirtmek isteriz. Xanadu Island’da misafirlerimizin huzuru, güvenliği ve memnuniyeti daima önceliğimizdir.

Söz konusu olay yönetim ekiplerimiz tarafından titizlikle incelenmiş, durum ilgili prosedürler çerçevesinde değerlendirilmiş, süreç içerisinde tüm tarafların güvenliğini sağlamak amacıyla gerekli adımlar atılmıştır. Bu doğrultuda konaklamanıza ilişkin ücret tarafınıza iade edilmiştir.

Geri bildiriminiz özenle dikkate alınacak ve hizmet süreçlerimizin geliştirilmesinde yol gösterici olacaktır.

Saygılarımızla, 
Xanadu Ekibiniz",False,,,0,,,COMPLAINT_MATCHED,,Dedicated single-property source page,https://www.sikayetvar.com/xanadu-island,2026-08-25T12:58:29.219502+00:00,Otelde Yaşanan Ciddi Olay Sonrası Tatilimizin Yarıda Kesilmesi Ve Manevi Mağduriyet,"30 Ağustos 2025 tarihinde ailemle birlikte Xanadu Bodrum Otel’e giriş yaptık ve aile odasında konaklamaya başladık. Aynı gün saat 16:00 civarında, deniz tarafındaki iskele bölümünde otelde çalışan bir cankurtaran ile aramızda ciddi bir polemik ve kavga yaşandı. Olayın ardından otel yönetimiyle görüşmemize izin verilmeden, yönetim tarafından oteli terk etmemiz istendi. Yaşanan bu olumsuzluk nedeniyle tatilimiz yarıda kesildi ve büyük bir zaman kaybı yaşadık. Rezervasyon numaramız: 115286074. Ödediğimiz ücret iade edildi ancak yaşadığımız manevi zarar ve tatilimizin zehir olması telafi edilmedi. Bu tarz bir durumu ilk kez yaşadık ve özellikle eşim ve çocuğumun yaşadığı mağduriyet nedeniyle çok üzgünüz. Olayda adı geçen cankurtaranın taşeron firmada çalıştığını öğrendik, fakat tüm sorumluluğun konakladığımız Xanadu Bodrum Otel’e ait olduğunu düşünüyoruz. Hem otel yönetiminden hem de ilgili personelden ailemize yönelik bir özür ve manevi anlamda bir geri dönüş bekliyoruz. Eşimden ve çocuğumdan da ayrıca özür dilenmesini talep ediyorum. Yaşadığımız bu mağduriyetin dikkate alınmasını ve benzer olayların bir daha yaşanmaması için gerekli önlemlerin alınmasını rica ediyorum.","Sayın Misafirimiz, Öncelikle tatilinizin yarıda kesilmesi nedeniyle yaşamış olduğunuz memnuniyetsizlikten dolayı üzgün olduğumuzu belirtmek isteriz. Xanadu Island’da misafirlerimizin huzuru, güvenliği ve memnuniyeti daima önceliğimizdir. Söz konusu olay yönetim ekiplerimiz tarafından titizlikle incelenmiş, durum ilgili prosedürler çerçevesinde değerlendirilmiş, süreç içerisinde tüm tarafların güvenliğini sağlamak amacıyla gerekli adımlar atılmıştır. Bu doğrultuda konaklamanıza ilişkin ücret tarafınıza iade edilmiştir. Geri bildiriminiz özenle dikkate alınacak ve hizmet süreçlerimizin geliştirilmesinde yol gösterici olacaktır. Saygılarımızla, Xanadu Ekibiniz",,1185,159,83,11,665,70,,,False,False,False,False,False,False,False,False,False,2026-08-25 12:58:29.219502,2025-09-23 13:52:00,False,DAY_MONTH_YEAR_TIME,False,False,False,False,2025,9,2025-09,2025-09-23 16:08:00,,322,,0,False,True,False,False,False,False,Xanadu Island,Akyarlar,4.6,2068,,,,1301.0,False,False,False,1,1,0,0,2025-09-23 16:08:00,2025-09-23 16:08:00,True,False,False
250000-tl-alacagim-odenmedi-ve-iletisim-kesildi,https://www.sikayetvar.com/yasmin-bodrum-resort/250000-tl-alacagim-odenmedi-ve-iletisim-kesildi,https://www.sikayetvar.com/yasmin-bodrum-resort/250000-tl-alacagim-odenmedi-ve-iletisim-kesildi,BOD115,Yasmin Bodrum Resort,Kadıkalesi,Yasmin Bodrum Resort,250000-tl-alacagim-odenmedi-ve-iletisim-kesildi,https://www.sikayetvar.com/yasmin-bodrum-resort/250000-tl-alacagim-odenmedi-ve-iletisim-kesildi,250.000 TL Alacağım Ödenmedi Ve İletişim Kesildi,"Yaklaşık iki yıl önce Bodrum Turgutreis’te bulunan Yasmin Hotel’in seramik işlerini Ask adlı firma üzerinden S**** isimli kişiyle çalışarak yaptım. Metrekare başına 350 TL üzerinden anlaştık. İş süresince başlarda ufak tefek ödemeler yapıldı ancak işin sonunda yaklaşık 250.000 TL alacağımız ödenmedi.
Ödeme her ayın 15’inde yapılacak şekilde konuşulmuştu fakat uzun süredir hiçbir ödeme yapılmadı ve alacağım yaklaşık iki yıldır gecikmiş durumda. Telefonla ulaşmaya çalıştığımda da herhangi bir geri dönüş alamadım, hattımdan engellendiğim için muhatap bulamıyorum.
Yapmış olduğum işin karşılığı olan ödenmeyen yaklaşık 250.000 TL alacağımın tarafıma ödenmesini ve bu mağduriyetimin giderilmesini istiyorum.",23 Ağustos 11:09,46,,,,False,,,False,,,0,,,COMPLAINT_MATCHED,,Dedicated single-property source page,https://www.sikayetvar.com/yasmin-bodrum-resort,2026-08-25T12:58:29.219502+00:00,250.000 TL Alacağım Ödenmedi Ve İletişim Kesildi,"Yaklaşık iki yıl önce Bodrum Turgutreis’te bulunan Yasmin Hotel’in seramik işlerini Ask adlı firma üzerinden S**** isimli kişiyle çalışarak yaptım. Metrekare başına 350 TL üzerinden anlaştık. İş süresince başlarda ufak tefek ödemeler yapıldı ancak işin sonunda yaklaşık 250.000 TL alacağımız ödenmedi. Ödeme her ayın 15’inde yapılacak şekilde konuşulmuştu fakat uzun süredir hiçbir ödeme yapılmadı ve alacağım yaklaşık iki yıldır gecikmiş durumda. Telefonla ulaşmaya çalıştığımda da herhangi bir geri dönüş alamadım, hattımdan engellendiğim için muhatap bulamıyorum. Yapmış olduğum işin karşılığı olan ödenmeyen yaklaşık 250.000 TL alacağımın tarafıma ödenmesini ve bu mağduriyetimin giderilmesini istiyorum.",,,708,92,48,7,,,,,False,False,False,False,False,False,False,False,False,2026-08-25 12:58:29.219502,2026-08-23 11:09:00,True,DAY_MONTH_TIME_NO_YEAR,False,False,True,False,2026,8,2026-08,,,46,,0,False,False,False,False,False,False,Yasmin Bodrum Resort,Kadıkalesi,4.3,5589,,,,446.0,False,False,False,0,0,0,0,,,False,False,False
calisanlarin-mahremiyeti-ve-onuru-zedelenen-acik-canta-aramalari,https://www.sikayetvar.com/yasmin-bodrum-resort/calisanlarin-mahremiyeti-ve-onuru-zedelenen-acik-canta-aramalari,https://www.sikayetvar.com/yasmin-bodrum-resort/calisanlarin-mahremiyeti-ve-onuru-zedelenen-acik-canta-aramalari,BOD115,Yasmin Bodrum Resort,Kadıkalesi,Yasmin Bodrum Resort,calisanlarin-mahremiyeti-ve-onuru-zedelenen-acik-canta-aramalari,https://www.sikayetvar.com/yasmin-bodrum-resort/calisanlarin-mahremiyeti-ve-onuru-zedelenen-acik-canta-aramalari,Çalışanların Mahremiyeti Ve Onuru Zedelenen Açık Çanta Aramaları,"17 Ağustos Pazar günü saat 21.30 civarında Yasmin Bodrum’da lojman servisi kalkış noktasında tanık olduğum bir uygulamayı misafir olarak gerçekten çok rahatsız edici ve onur kırıcı bulduğum için paylaşmak istiyorum.
Lojmana gitmek için servis bekleyen bir otel çalışanının çantasının, güvenlikte görevli bir personel tarafından telefonunun ışığı açılarak arandığına bizzat şahit oldum. Bu duruma benzer bir sahneye daha önce de yine burada ikinci kez tanık oldum. Bu durum, dışarıdan izleyen bir misafir olarak bana hem çalışanlara duyulan güvenin olmadığını hissettirdi hem de çalışanların onurunu zedeleyen, çok çirkin bir görüntü oluşturdu.
Personelin bu şekilde, herkesin gözü önünde çanta aramasına maruz bırakılmasının, misafir gözünde de kurumun çalışanlarına saygı duymadığı izlenimi yarattığını belirtmek isterim. Çalışanların da insan olduğu, onur ve mahremiyetlerinin korunması gerektiği unutulmamalıdır.
Bu nedenle, çalışanlara yönelik çanta araması gibi uygulamaların, eğer zorunlu görülüyorsa bile en azından kapalı bir alanda, saygı ve mahremiyet çerçevesinde, insan onurunu zedelemeyecek şekilde düzenlenmesini ve mevcut uygulamanın yeniden gözden geçirilmesini talep ediyorum. Eğer olayla ilgili bir yanlış anlaşılma söz konusuysa, bunu açıklayıcı bir bilgilendirme yapılması halinde burada özür beyan etmeye hazırım, ancak ne yaşandığına dair en doğru açıklamayı da otel yönetiminin yapacağını düşünüyorum.",17 Ağustos 23:11,147,,,,False,,,False,,,0,,,COMPLAINT_MATCHED,,Dedicated single-property source page,https://www.sikayetvar.com/yasmin-bodrum-resort,2026-08-25T12:58:29.219502+00:00,Çalışanların Mahremiyeti Ve Onuru Zedelenen Açık Çanta Aramaları,"17 Ağustos Pazar günü saat 21.30 civarında Yasmin Bodrum’da lojman servisi kalkış noktasında tanık olduğum bir uygulamayı misafir olarak gerçekten çok rahatsız edici ve onur kırıcı bulduğum için paylaşmak istiyorum. Lojmana gitmek için servis bekleyen bir otel çalışanının çantasının, güvenlikte görevli bir personel tarafından telefonunun ışığı açılarak arandığına bizzat şahit oldum. Bu duruma benzer bir sahneye daha önce de yine burada ikinci kez tanık oldum. Bu durum, dışarıdan izleyen bir misafir olarak bana hem çalışanlara duyulan güvenin olmadığını hissettirdi hem de çalışanların onurunu zedeleyen, çok çirkin bir görüntü oluşturdu. Personelin bu şekilde, herkesin gözü önünde çanta aramasına maruz bırakılmasının, misafir gözünde de kurumun çalışanlarına saygı duymadığı izlenimi yarattığını belirtmek isterim. Çalışanların da insan olduğu, onur ve mahremiyetlerinin korunması gerektiği unutulmamalıdır. Bu nedenle, çalışanlara yönelik çanta araması gibi uygulamaların, eğer zorunlu görülüyorsa bile en azından kapalı bir alanda, saygı ve mahremiyet çerçevesinde, insan onurunu zedelemeyecek şekilde düzenlenmesini ve mevcut uygulamanın yeniden gözden geçirilmesini talep ediyorum. Eğer olayla ilgili bir yanlış anlaşılma söz konusuysa, bunu açıklayıcı bir bilgilendirme yapılması halinde burada özür beyan etmeye hazırım, ancak ne yaşandığına dair en doğru açıklamayı da otel yönetiminin yapacağını düşünüyorum.",,,1424,185,64,8,,,,,False,False,False,False,False,False,False,False,False,2026-08-25 12:58:29.219502,2026-08-17 23:11:00,True,DAY_MONTH_TIME_NO_YEAR,False,False,True,False,2026,8,2026-08,,,147,,0,False,False,False,False,False,False,Yasmin Bodrum Resort,Kadıkalesi,4.3,5589,,,,446.0,False,False,False,0,0,0,0,,,False,False,False
yasmin-bodrum-resortta-mac-izleme-talebimize-reddetme-ve-misafir-odakli-olmayan-yaklasim,https://www.sikayetvar.com/yasmin-bodrum-resort/yasmin-bodrum-resortta-mac-izleme-talebimize-reddetme-ve-misafir-odakli-olmayan-yaklasim,https://www.sikayetvar.com/yasmin-bodrum-resort/yasmin-bodrum-resortta-mac-izleme-talebimize-reddetme-ve-misafir-odakli-olmayan-yaklasim,BOD115,Yasmin Bodrum Resort,Kadıkalesi,Yasmin Bodrum Resort,yasmin-bodrum-resortta-mac-izleme-talebimize-reddetme-ve-misafir-odakli-olmayan-yaklasim,https://www.sikayetvar.com/yasmin-bodrum-resort/yasmin-bodrum-resortta-mac-izleme-talebimize-reddetme-ve-misafir-odakli-olmayan-yaklasim,’ta Maç İzleme Talebimize Reddetme Ve Misafir Odaklı Olmayan Yaklaşım,"05.08.2026 tarihinde konakladığımız Yasmin Bodrum Resort’ta, otel lobisi ve resepsiyon çevresinde Fenerbahçe maçını diğer misafirlerle birlikte izlemek istediğimizde yönetimin tutumuyla ciddi bir hayal kırıklığı yaşadık. Personel, talebimizi yönetime iletti ancak yönetim buna izin vermedi.
Toplu şekilde maç izleme talebimize karşılık olarak bize “Gidin odanızda izleyin” denildi. Kendimizi misafir olarak değer görmeyen, talepleri önemsemeyen bir yaklaşımla karşı karşıya kalmış hissettik. Üstelik bu durum, tatil için tercih ettiğimiz bir tesiste ortak alanlarda birlikte keyifli vakit geçirme beklentimizi tamamen boşa çıkardı.
Yasmin Bodrum Resort yönetiminden, misafirlerinin makul ve birlikte sosyalleşmeye yönelik taleplerinin dikkate alınmasını, bu tür durumlarda daha saygılı, misafir odaklı ve çözüm üreten bir yaklaşım benimsemelerini bekliyorum. Benzer bir olayın başka misafirlerin de başına gelmemesi için gerekli iç değerlendirmelerin yapılmasını ve bu anlayışın değiştirilmesini talep ediyorum.",5 Ağustos 21:39,207,,,,False,,,False,,,0,,,COMPLAINT_MATCHED,,Dedicated single-property source page,https://www.sikayetvar.com/yasmin-bodrum-resort,2026-08-25T12:58:29.219502+00:00,’ta Maç İzleme Talebimize Reddetme Ve Misafir Odaklı Olmayan Yaklaşım,"05.08.2026 tarihinde konakladığımız Yasmin Bodrum Resort’ta, otel lobisi ve resepsiyon çevresinde Fenerbahçe maçını diğer misafirlerle birlikte izlemek istediğimizde yönetimin tutumuyla ciddi bir hayal kırıklığı yaşadık. Personel, talebimizi yönetime iletti ancak yönetim buna izin vermedi. Toplu şekilde maç izleme talebimize karşılık olarak bize “Gidin odanızda izleyin” denildi. Kendimizi misafir olarak değer görmeyen, talepleri önemsemeyen bir yaklaşımla karşı karşıya kalmış hissettik. Üstelik bu durum, tatil için tercih ettiğimiz bir tesiste ortak alanlarda birlikte keyifli vakit geçirme beklentimizi tamamen boşa çıkardı. Yasmin Bodrum Resort yönetiminden, misafirlerinin makul ve birlikte sosyalleşmeye yönelik taleplerinin dikkate alınmasını, bu tür durumlarda daha saygılı, misafir odaklı ve çözüm üreten bir yaklaşım benimsemelerini bekliyorum. Benzer bir olayın başka misafirlerin de başına gelmemesi için gerekli iç değerlendirmelerin yapılmasını ve bu anlayışın değiştirilmesini talep ediyorum.",,,1011,124,69,10,,,,,False,False,False,False,False,False,False,False,False,2026-08-25 12:58:29.219502,2026-08-05 21:39:00,True,DAY_MONTH_TIME_NO_YEAR,False,False,True,False,2026,8,2026-08,,,207,,0,False,False,False,True,False,False,Yasmin Bodrum Resort,Kadıkalesi,4.3,5589,,,,446.0,False,False,False,0,0,0,0,,,False,False,False
yasmin-resort-otelinde-merkez-havalandirma-gurultusu-yasami-zorlastiriyor,https://www.sikayetvar.com/yasmin-bodrum-resort/yasmin-resort-otelinde-merkez-havalandirma-gurultusu-yasami-zorlastiriyor,https://www.sikayetvar.com/yasmin-bodrum-resort/yasmin-resort-otelinde-merkez-havalandirma-gurultusu-yasami-zorlastiriyor,BOD115,Yasmin Bodrum Resort,Kadıkalesi,Yasmin Bodrum Resort,yasmin-resort-otelinde-merkez-havalandirma-gurultusu-yasami-zorlastiriyor,https://www.sikayetvar.com/yasmin-bodrum-resort/yasmin-resort-otelinde-merkez-havalandirma-gurultusu-yasami-zorlastiriyor,Yasmin Resort Otelinde Merkez Havalandırma Gürültüsü Yaşamı Zorlaştırıyor,"Yasmin Resort Otel’in hemen arkasındaki sitede oturuyoruz ve otelin merkezi havalandırma sisteminin gürültüsü nedeniyle evde oturamaz hale geldik. Tüm yaz boyunca günün 24 saati boyunca kesintisiz süren çok kuvvetli bir uğultu var. Bu ses hem evin içinde oturmayı hem de uyumayı ciddi anlamda zorlaştırıyor.
Konu ile ilgili otelin teknik müdürleriyle görüştük, sorunu çözeceklerini söylediler ancak bugüne kadar herhangi bir gelişme olmadı ve gürültü aynı şekilde devam ediyor.
Otel yönetiminden, merkezi havalandırma sistemini iyileştirerek veya gerekli ses yalıtımını yaparak bu gürültüyü sona erdirmelerini, en azından yaşam alanlarımızı etkilemeyecek seviyeye indirmelerini talep ediyorum.",14 Temmuz 13:56,497,,,,False,,,False,,,0,,,COMPLAINT_MATCHED,,Dedicated single-property source page,https://www.sikayetvar.com/yasmin-bodrum-resort,2026-08-25T12:58:29.219502+00:00,Yasmin Resort Otelinde Merkez Havalandırma Gürültüsü Yaşamı Zorlaştırıyor,"Yasmin Resort Otel’in hemen arkasındaki sitede oturuyoruz ve otelin merkezi havalandırma sisteminin gürültüsü nedeniyle evde oturamaz hale geldik. Tüm yaz boyunca günün 24 saati boyunca kesintisiz süren çok kuvvetli bir uğultu var. Bu ses hem evin içinde oturmayı hem de uyumayı ciddi anlamda zorlaştırıyor. Konu ile ilgili otelin teknik müdürleriyle görüştük, sorunu çözeceklerini söylediler ancak bugüne kadar herhangi bir gelişme olmadı ve gürültü aynı şekilde devam ediyor. Otel yönetiminden, merkezi havalandırma sistemini iyileştirerek veya gerekli ses yalıtımını yaparak bu gürültüyü sona erdirmelerini, en azından yaşam alanlarımızı etkilemeyecek seviyeye indirmelerini talep ediyorum.",,,693,91,73,8,,,,,False,False,False,False,False,False,False,False,False,2026-08-25 12:58:29.219502,2026-07-14 13:56:00,True,DAY_MONTH_TIME_NO_YEAR,False,False,True,False,2026,7,2026-07,,,497,,0,False,False,False,False,False,False,Yasmin Bodrum Resort,Kadıkalesi,4.3,5589,,,,446.0,False,False,False,0,0,0,0,,,False,False,False
yasmin-bodrum-resortta-kalitesiz-konaklama-ve-haksiz-kesinti,https://www.sikayetvar.com/yasmin-bodrum-resort/yasmin-bodrum-resortta-kalitesiz-konaklama-ve-haksiz-kesinti,https://www.sikayetvar.com/yasmin-bodrum-resort/yasmin-bodrum-resortta-kalitesiz-konaklama-ve-haksiz-kesinti,BOD115,Yasmin Bodrum Resort,Kadıkalesi,Yasmin Bodrum Resort,yasmin-bodrum-resortta-kalitesiz-konaklama-ve-haksiz-kesinti,https://www.sikayetvar.com/yasmin-bodrum-resort/yasmin-bodrum-resortta-kalitesiz-konaklama-ve-haksiz-kesinti,’ta Kalitesiz Konaklama Ve Haksız Kesinti,"Yasmin Bodrum Resort otelinde Jolly Tur üzerinden 6 gece 7 gün konaklama satın aldık. 06 Temmuz giriş, 12 Temmuz çıkış olacak şekilde yaptığımız rezervasyona rağmen, otele 06 Temmuz günü saat 16.00 civarında giriş yaptığımız andan itibaren ciddi sorunlarla karşılaştık.
Bize verilen oda son derece vasattı, yastıklar kötü kokuyordu, yatak çökmüş durumdaydı. Yetişkin olan oğluma ise açılır kapanır koltuktan bozma bir yatak hazırlanmıştı. Odanın genel konforu ve hijyen seviyesi kesinlikle kabul edilebilir değildi. Ayrıca yemeklerin kalitesi de çok kötüydü; ne akşam yemeğini ne de sabah kahvaltısını düzgün şekilde yapabildik, yiyeceklerin kalitesi ve sunumu beklentinin çok altındaydı.
Bu şartlar altında otelde kalamayacağımızı anlayınca hemen tesisten ayrılmak istedik. Normalde 6 gece için ödeme yapmış olmamıza rağmen kötü bir odada sadece 1 gece konaklamamıza rağmen bizden 2 gecelik kesinti yaptılar. Otel, rutin olarak 3 gün kestiklerini, bize “iyilik” yapıp 2 gün keseceklerini söyledi. Ben de bir an önce otelden çıkıp zaman kaybetmeden başka bir otele geçebilmek için, süreci sonradan Jolly Tur ve otel ile çözerim düşüncesiyle bu duruma o an için onay vermek zorunda kaldım.
Toplam 149.000 TL ödediğimiz tatil için, tek gece konaklama karşılığında otel tarafından yaklaşık 54.000 TL kesinti yapıldı. Hem ciddi bir zaman kaybı, hem büyük bir moral ve sinir bozukluğu, hem de maddi kayıp yaşadık. Kendi hizmet yetersizlikleri ve oda–tesis kalitesinin düşüklüğü nedeniyle beni ve ailemi mağdur ettikleri halde, ekstra olarak bu kadar yüksek bir ücret almalarını kesinlikle kabul etmiyorum.
Bizim iyi niyetle “belki dayanırız” diye bir gece kalmamızın bedelinin alınmasını anlayabilirim; ancak yaşattıkları mağduriyetin üzerine fazladan kestikleri gün ücretlerinin iadesini talep ediyorum. Hem Yasmin Bodrum Resort’un hem de sürecin tarafı olan Jolly Tur’un bu haksız kesintiyi iptal ederek mağduriyetimizi gidermesini istiyorum.",8 Temmuz 00:03,874,,,,False,,,False,,,0,,,COMPLAINT_MATCHED,,Dedicated single-property source page,https://www.sikayetvar.com/yasmin-bodrum-resort,2026-08-25T12:58:29.219502+00:00,’ta Kalitesiz Konaklama Ve Haksız Kesinti,"Yasmin Bodrum Resort otelinde Jolly Tur üzerinden 6 gece 7 gün konaklama satın aldık. 06 Temmuz giriş, 12 Temmuz çıkış olacak şekilde yaptığımız rezervasyona rağmen, otele 06 Temmuz günü saat 16.00 civarında giriş yaptığımız andan itibaren ciddi sorunlarla karşılaştık. Bize verilen oda son derece vasattı, yastıklar kötü kokuyordu, yatak çökmüş durumdaydı. Yetişkin olan oğluma ise açılır kapanır koltuktan bozma bir yatak hazırlanmıştı. Odanın genel konforu ve hijyen seviyesi kesinlikle kabul edilebilir değildi. Ayrıca yemeklerin kalitesi de çok kötüydü; ne akşam yemeğini ne de sabah kahvaltısını düzgün şekilde yapabildik, yiyeceklerin kalitesi ve sunumu beklentinin çok altındaydı. Bu şartlar altında otelde kalamayacağımızı anlayınca hemen tesisten ayrılmak istedik. Normalde 6 gece için ödeme yapmış olmamıza rağmen kötü bir odada sadece 1 gece konaklamamıza rağmen bizden 2 gecelik kesinti yaptılar. Otel, rutin olarak 3 gün kestiklerini, bize “iyilik” yapıp 2 gün keseceklerini söyledi. Ben de bir an önce otelden çıkıp zaman kaybetmeden başka bir otele geçebilmek için, süreci sonradan Jolly Tur ve otel ile çözerim düşüncesiyle bu duruma o an için onay vermek zorunda kaldım. Toplam 149.000 TL ödediğimiz tatil için, tek gece konaklama karşılığında otel tarafından yaklaşık 54.000 TL kesinti yapıldı. Hem ciddi bir zaman kaybı, hem büyük bir moral ve sinir bozukluğu, hem de maddi kayıp yaşadık. Kendi hizmet yetersizlikleri ve oda–tesis kalitesinin düşüklüğü nedeniyle beni ve ailemi mağdur ettikleri halde, ekstra olarak bu kadar yüksek bir ücret almalarını kesinlikle kabul etmiyorum. Bizim iyi niyetle “belki dayanırız” diye bir gece kalmamızın bedelinin alınmasını anlayabilirim; ancak yaşattıkları mağduriyetin üzerine fazladan kestikleri gün ücretlerinin iadesini talep ediyorum. Hem Yasmin Bodrum Resort’un hem de sürecin tarafı olan Jolly Tur’un bu haksız kesintiyi iptal ederek mağduriyetimizi gidermesini istiyorum.",,,1939,272,41,6,,,,,False,False,False,False,False,False,False,False,False,2026-08-25 12:58:29.219502,2026-07-08 00:03:00,True,DAY_MONTH_TIME_NO_YEAR,False,False,True,False,2026,7,2026-07,,,874,,0,False,False,False,False,False,False,Yasmin Bodrum Resort,Kadıkalesi,4.3,5589,,,,446.0,False,False,False,0,0,0,0,,,False,False,False
giris-saati-sistem-hatasi-nedeniyle-yarim-gun-beklemek-zorunda-kaldik,https://www.sikayetvar.com/yasmin-bodrum-resort/giris-saati-sistem-hatasi-nedeniyle-yarim-gun-beklemek-zorunda-kaldik,https://www.sikayetvar.com/yasmin-bodrum-resort/giris-saati-sistem-hatasi-nedeniyle-yarim-gun-beklemek-zorunda-kaldik,BOD115,Yasmin Bodrum Resort,Kadıkalesi,Yasmin Bodrum Resort,giris-saati-sistem-hatasi-nedeniyle-yarim-gun-beklemek-zorunda-kaldik,https://www.sikayetvar.com/yasmin-bodrum-resort/giris-saati-sistem-hatasi-nedeniyle-yarim-gun-beklemek-zorunda-kaldik,Giriş Saati Sistem Hatası Nedeniyle Yarım Gün Beklemek Zorunda Kaldık,"Yasmin Bodrum Resort Hotel’e giriş yaptığımız gün saat 12.00’de otele geldik. Resepsiyondaki personeller oda girişinin saat 14.00’te olduğunu söyledi, bunu kabul edip bekledik. Ancak saat 14.00’ü ve üzerinden yaklaşık yarım saati geçmesine rağmen hâlâ odaya alınmadık ve bu süreçte yalnızca “sistem bozukluğu” gerekçe gösterildi.
Bu bekleme nedeniyle tatilimizin başlangıcında ciddi zaman kaybı yaşadık ve neredeyse yarım günümüzü resepsiyon alanında geçirmek zorunda kaldık. Yaşadığımız bu mağduriyetin telafi edilmesi için otelden ek hizmet sunulmasını ve bu süreçle ilgili tarafımıza açıklama yapılmasını talep ediyorum.",6 Temmuz 15:07,611,,,,False,,,False,,,0,,,COMPLAINT_MATCHED,,Dedicated single-property source page,https://www.sikayetvar.com/yasmin-bodrum-resort,2026-08-25T12:58:29.219502+00:00,Giriş Saati Sistem Hatası Nedeniyle Yarım Gün Beklemek Zorunda Kaldık,"Yasmin Bodrum Resort Hotel’e giriş yaptığımız gün saat 12.00’de otele geldik. Resepsiyondaki personeller oda girişinin saat 14.00’te olduğunu söyledi, bunu kabul edip bekledik. Ancak saat 14.00’ü ve üzerinden yaklaşık yarım saati geçmesine rağmen hâlâ odaya alınmadık ve bu süreçte yalnızca “sistem bozukluğu” gerekçe gösterildi. Bu bekleme nedeniyle tatilimizin başlangıcında ciddi zaman kaybı yaşadık ve neredeyse yarım günümüzü resepsiyon alanında geçirmek zorunda kaldık. Yaşadığımız bu mağduriyetin telafi edilmesi için otelden ek hizmet sunulmasını ve bu süreçle ilgili tarafımıza açıklama yapılmasını talep ediyorum.",,,623,81,69,10,,,,,False,False,False,False,False,False,False,False,False,2026-08-25 12:58:29.219502,2026-07-06 15:07:00,True,DAY_MONTH_TIME_NO_YEAR,False,False,True,False,2026,7,2026-07,,,611,,0,False,False,False,False,False,False,Yasmin Bodrum Resort,Kadıkalesi,4.3,5589,,,,446.0,False,False,False,0,0,0,0,,,False,False,False
balayi-tatilinde-fatura-sorunu-ve-ilgisiz-musteri-hizmeti,https://www.sikayetvar.com/yasmin-bodrum-resort/balayi-tatilinde-fatura-sorunu-ve-ilgisiz-musteri-hizmeti,https://www.sikayetvar.com/yasmin-bodrum-resort/balayi-tatilinde-fatura-sorunu-ve-ilgisiz-musteri-hizmeti,BOD115,Yasmin Bodrum Resort,Kadıkalesi,Yasmin Bodrum Resort,balayi-tatilinde-fatura-sorunu-ve-ilgisiz-musteri-hizmeti,https://www.sikayetvar.com/yasmin-bodrum-resort/balayi-tatilinde-fatura-sorunu-ve-ilgisiz-musteri-hizmeti,Balayı Tatilinde Fatura Sorunu Ve İlgisiz Müşteri Hizmeti,"22-27 Temmuz tarihleri arasında balayı tatili için Yasmin Bodrum Resort Oteli'ni 0252 440 03 30 numaralı hattan arayarak rezervasyon yaptırdım. Fiyatı farklı bir tatil uygulamasına göre biraz yüksek olmasına rağmen, ödemenin kurumsal fatura edilmesini talep edip fatura bilgilerini vererek ödemeyi yaptım. Sağ olsunlar, fiyatı farklı siteyle aynı yaptılar. Balayı çifti olduğumuz için ilk gün şarap ikramında bulunacaklarını, konaklama süresi uzun olacağı için de dünya mutfaklarında bir akşam yemeği hakkımız olduğunu ilettiler.
Tatil başladı. İkramlarımızı isteyerek aldık. Alakart restoranda rezervasyon yaptırdık. Diğer misafirler kahvelerini bitirdi, bizim ana yemeğimiz gelmedi. Yemek yemeden kalktık. Resepsiyondaki çalışanlar çok güler yüzlüydü, şikayetlerimizde haklı olduğumuzu söylediler. 27 Temmuz'da çıkış yaparken faturanın ne zaman kesileceğini sorduğumda, 10 gün içerisinde kesileceğini söyleyerek bizi uğurladılar.
Arayarak faturayı sorduğumuzda, kesildiğini söylediler. Ancak şahsi fatura olarak kesildiğini belirttiler. Kurumsal fatura kesilecekti dediğimizde, yanlışlık olduğunu ve kusura bakmamamızı söylediler. Ancak faturayı iptal edemeyeceklerini ve yeniden fatura kesemeyeceklerini de eklediler. Kestikleri faturayı nihai tüketici olarak benden iptal etmemi talep ettiler. Böyle bir durumun olmayacağını belirterek kendi hatalarını düzeltmelerini talep ettim. Dönüş sağlayacaklarını söyleyerek kapattılar.Dönüş olmadı. Tekrar aradım, aynı hikayeleri baştan anlattım, dönüş yapacaklarını söylediler. Yine dönüş olmadı. Muhasebeye aktardılar, oradaki çalışan en azından dönüş yaptığını belirterek telefonu açtı.
2 gün arayla bıkmadan resepsiyondan satışa kadar herkesle konuştum. Konuştuklarıma göre “çok haklıyım, olmaması gerekiyor, bizzat konu ile ilgilenip dönüş yapacağız” gibi cevapları defalarca tekrarladılar.Yaklaşık 1 ay olacak, hâlâ faturamı kesmediler, hâlâ konu ile ilgili bana en ufak bir dönüş yapmadılar.",23 Ağustos 2025 20:24,1.437,,,,False,,,False,,,0,,,COMPLAINT_MATCHED,,Dedicated single-property source page,https://www.sikayetvar.com/yasmin-bodrum-resort,2026-08-25T12:58:29.219502+00:00,Balayı Tatilinde Fatura Sorunu Ve İlgisiz Müşteri Hizmeti,"22-27 Temmuz tarihleri arasında balayı tatili için Yasmin Bodrum Resort Oteli'ni 0252 440 03 30 numaralı hattan arayarak rezervasyon yaptırdım. Fiyatı farklı bir tatil uygulamasına göre biraz yüksek olmasına rağmen, ödemenin kurumsal fatura edilmesini talep edip fatura bilgilerini vererek ödemeyi yaptım. Sağ olsunlar, fiyatı farklı siteyle aynı yaptılar. Balayı çifti olduğumuz için ilk gün şarap ikramında bulunacaklarını, konaklama süresi uzun olacağı için de dünya mutfaklarında bir akşam yemeği hakkımız olduğunu ilettiler. Tatil başladı. İkramlarımızı isteyerek aldık. Alakart restoranda rezervasyon yaptırdık. Diğer misafirler kahvelerini bitirdi, bizim ana yemeğimiz gelmedi. Yemek yemeden kalktık. Resepsiyondaki çalışanlar çok güler yüzlüydü, şikayetlerimizde haklı olduğumuzu söylediler. 27 Temmuz'da çıkış yaparken faturanın ne zaman kesileceğini sorduğumda, 10 gün içerisinde kesileceğini söyleyerek bizi uğurladılar. Arayarak faturayı sorduğumuzda, kesildiğini söylediler. Ancak şahsi fatura olarak kesildiğini belirttiler. Kurumsal fatura kesilecekti dediğimizde, yanlışlık olduğunu ve kusura bakmamamızı söylediler. Ancak faturayı iptal edemeyeceklerini ve yeniden fatura kesemeyeceklerini de eklediler. Kestikleri faturayı nihai tüketici olarak benden iptal etmemi talep ettiler. Böyle bir durumun olmayacağını belirterek kendi hatalarını düzeltmelerini talep ettim. Dönüş sağlayacaklarını söyleyerek kapattılar.Dönüş olmadı. Tekrar aradım, aynı hikayeleri baştan anlattım, dönüş yapacaklarını söylediler. Yine dönüş olmadı. Muhasebeye aktardılar, oradaki çalışan en azından dönüş yaptığını belirterek telefonu açtı. 2 gün arayla bıkmadan resepsiyondan satışa kadar herkesle konuştum. Konuştuklarıma göre “çok haklıyım, olmaması gerekiyor, bizzat konu ile ilgilenip dönüş yapacağız” gibi cevapları defalarca tekrarladılar.Yaklaşık 1 ay olacak, hâlâ faturamı kesmediler, hâlâ konu ile ilgili bana en ufak bir dönüş yapmadılar.",,,1943,236,57,8,,,,,False,False,False,False,False,False,False,False,False,2026-08-25 12:58:29.219502,2025-08-23 20:24:00,False,DAY_MONTH_YEAR_TIME,False,False,False,False,2025,8,2025-08,,,1437,,0,False,False,False,True,False,False,Yasmin Bodrum Resort,Kadıkalesi,4.3,5589,,,,446.0,False,False,False,0,0,0,0,,,False,False,False
yasmin-bodrum-resort-cozulmeyen-gurultu-problemi-video,https://www.sikayetvar.com/yasmin-bodrum-resort/yasmin-bodrum-resort-cozulmeyen-gurultu-problemi-video,https://www.sikayetvar.com/yasmin-bodrum-resort/yasmin-bodrum-resort-cozulmeyen-gurultu-problemi-video,BOD115,Yasmin Bodrum Resort,Kadıkalesi,Yasmin Bodrum Resort,yasmin-bodrum-resort-cozulmeyen-gurultu-problemi-video,https://www.sikayetvar.com/yasmin-bodrum-resort/yasmin-bodrum-resort-cozulmeyen-gurultu-problemi-video,Çözülmeyen Gürültü Problemi,,6 Ağustos 2025 11:32,1.169,,,,False,,,False,,,0,,,COMPLAINT_MATCHED,,Dedicated single-property source page,https://www.sikayetvar.com/yasmin-bodrum-resort,2026-08-25T12:58:29.219502+00:00,Çözülmeyen Gürültü Problemi,,,,,,27,3,,,,,True,False,False,True,False,False,False,False,False,2026-08-25 12:58:29.219502,2025-08-06 11:32:00,False,DAY_MONTH_YEAR_TIME,False,False,False,False,2025,8,2025-08,,,1169,,0,False,False,False,False,False,False,Yasmin Bodrum Resort,Kadıkalesi,4.3,5589,,,,446.0,False,False,False,0,0,0,0,,,False,False,False
bes-yildizli-otelde-hayal-kirikligi-ve-kaybolan-havlu-gizemi,https://www.sikayetvar.com/yasmin-bodrum-resort/bes-yildizli-otelde-hayal-kirikligi-ve-kaybolan-havlu-gizemi,https://www.sikayetvar.com/yasmin-bodrum-resort/bes-yildizli-otelde-hayal-kirikligi-ve-kaybolan-havlu-gizemi,BOD115,Yasmin Bodrum Resort,Kadıkalesi,Yasmin Bodrum Resort,bes-yildizli-otelde-hayal-kirikligi-ve-kaybolan-havlu-gizemi,https://www.sikayetvar.com/yasmin-bodrum-resort/bes-yildizli-otelde-hayal-kirikligi-ve-kaybolan-havlu-gizemi,Beş Yıldızlı Otelde Hayal Kırıklığı Ve Kaybolan Havlu Gizemi,"Bu iyi yorum yapanlar daha önce hiç 5 yıldızlı otele gitmemişler sanırım. Ben de gitmesem buraya 5 yıldızlı otel derdim.Yemekler çok kötüydü, yiyebilecek çok az şey bulabildik. Zaten çok az çeşit vardı. Ana restoranda havalandırma ve klima hiçbir şekilde çalışmıyordu. Hava zaten sıcak, içerisi daha da sıcak oluyordu. Yemek yemek çok zorlayıcıydı bu sıcakta. Ayrıca çatal, kaşık ve tabaklar pisti; sürekli kendimize temiz çatal kaşık aradık durduk.A la carte’da yediğimiz yemekler gerçekten vasattı. Yemeklerin içinden temizlenmemiş midye ve deniz kabuğu çıktı. Söylediğimizde, bunların dışarıdan geldiğini söylediler. Demek ki mutfakta kontrol edilmiyor.Çalışan personeller de sanki zorla çalıştırılıyormuş gibi bir surat ifadesine sahipti. Bir şey soruyorsunuz, hiçbir şeyden haberleri yok.Odalarda ise sadece yatakları ve havluları toplayıp gidiyorlar, temizlik sıfır.Ayrıca, otellerin zımpara gibi olmuş havlularını kullanmamak için kendi havlumuzu getirmiştik. Odamız ortak alana bakıyordu, camın önündeki sandalyelere kurusun diye bıraktığımız iki havludan biri çalındı. Çalan kişi de vizyonlu olacak ki 2500 TL’lik havluyu çalmış, ucuz olanı bırakmış. Ortak alan olmasına rağmen kamera yoktu. Bu durumu bildirdiğimizde, konuyla ilgileneceklerini söylediler ama sonuç alamadık. Bu sıcakta havlunun rüzgardan uçabileceğini söylediler. Yersen tabii. Son gün çıkarken konuyla ilgili aradığımızda ne telefonlara çıktılar ne de geri dönüş yaptılar. Biz de kartlarımızı resepsiyona teslim etmeye indik ama tenezzül edip suratımıza bile bakmadan kartları alıp başka müşterilerle ilgilenmeye başladılar. Eşyalarımızı arabaya yükleyip çıkış yapmaya hazırlanırken, sonrasında telefonla arayıp kartlarımızın olmadığını, teslim edip etmediğimizi sordular. Kimse işini düzgün yapmıyor, kimsenin kimseden haberi yok gerçekten.",3 Ağustos 2025 09:59,1.407,,,,False,,,False,,,0,,,COMPLAINT_MATCHED,,Dedicated single-property source page,https://www.sikayetvar.com/yasmin-bodrum-resort,2026-08-25T12:58:29.219502+00:00,Beş Yıldızlı Otelde Hayal Kırıklığı Ve Kaybolan Havlu Gizemi,"Bu iyi yorum yapanlar daha önce hiç 5 yıldızlı otele gitmemişler sanırım. Ben de gitmesem buraya 5 yıldızlı otel derdim.Yemekler çok kötüydü, yiyebilecek çok az şey bulabildik. Zaten çok az çeşit vardı. Ana restoranda havalandırma ve klima hiçbir şekilde çalışmıyordu. Hava zaten sıcak, içerisi daha da sıcak oluyordu. Yemek yemek çok zorlayıcıydı bu sıcakta. Ayrıca çatal, kaşık ve tabaklar pisti; sürekli kendimize temiz çatal kaşık aradık durduk.A la carte’da yediğimiz yemekler gerçekten vasattı. Yemeklerin içinden temizlenmemiş midye ve deniz kabuğu çıktı. Söylediğimizde, bunların dışarıdan geldiğini söylediler. Demek ki mutfakta kontrol edilmiyor.Çalışan personeller de sanki zorla çalıştırılıyormuş gibi bir surat ifadesine sahipti. Bir şey soruyorsunuz, hiçbir şeyden haberleri yok.Odalarda ise sadece yatakları ve havluları toplayıp gidiyorlar, temizlik sıfır.Ayrıca, otellerin zımpara gibi olmuş havlularını kullanmamak için kendi havlumuzu getirmiştik. Odamız ortak alana bakıyordu, camın önündeki sandalyelere kurusun diye bıraktığımız iki havludan biri çalındı. Çalan kişi de vizyonlu olacak ki 2500 TL’lik havluyu çalmış, ucuz olanı bırakmış. Ortak alan olmasına rağmen kamera yoktu. Bu durumu bildirdiğimizde, konuyla ilgileneceklerini söylediler ama sonuç alamadık. Bu sıcakta havlunun rüzgardan uçabileceğini söylediler. Yersen tabii. Son gün çıkarken konuyla ilgili aradığımızda ne telefonlara çıktılar ne de geri dönüş yaptılar. Biz de kartlarımızı resepsiyona teslim etmeye indik ama tenezzül edip suratımıza bile bakmadan kartları alıp başka müşterilerle ilgilenmeye başladılar. Eşyalarımızı arabaya yükleyip çıkış yapmaya hazırlanırken, sonrasında telefonla arayıp kartlarımızın olmadığını, teslim edip etmediğimizi sordular. Kimse işini düzgün yapmıyor, kimsenin kimseden haberi yok gerçekten.",,,1819,234,60,9,,,,,False,False,False,False,False,False,False,False,False,2026-08-25 12:58:29.219502,2025-08-03 09:59:00,False,DAY_MONTH_YEAR_TIME,False,False,False,False,2025,8,2025-08,,,1407,,0,False,False,False,False,False,False,Yasmin Bodrum Resort,Kadıkalesi,4.3,5589,,,,446.0,False,False,False,0,0,0,0,,,False,False,False
otel-kaynakli-surekli-gurultu-sorunu-ve-ilgisiz-yaklasim,https://www.sikayetvar.com/yasmin-bodrum-resort/otel-kaynakli-surekli-gurultu-sorunu-ve-ilgisiz-yaklasim,https://www.sikayetvar.com/yasmin-bodrum-resort/otel-kaynakli-surekli-gurultu-sorunu-ve-ilgisiz-yaklasim,BOD115,Yasmin Bodrum Resort,Kadıkalesi,Yasmin Bodrum Resort,otel-kaynakli-surekli-gurultu-sorunu-ve-ilgisiz-yaklasim,https://www.sikayetvar.com/yasmin-bodrum-resort/otel-kaynakli-surekli-gurultu-sorunu-ve-ilgisiz-yaklasim,Otel Kaynaklı Sürekli Gürültü Sorunu ve İlgisiz Yaklaşım,"Kadıkale Yasmin Resort Hotel, yıllardır bu gürültü kirliliğini gidermiyor. Arkasında bulunan ormancılar sitesinde tüm yazımız bahçeden helikopter kalkıyormuş gibi bir gürültüyle geçiyor. Her yıl kendilerinden rica ediyoruz, Bodrum belediyesine şikayet ediyoruz. Polisler geliyor gidiyor. Sonuç yapacağız. Edeceğiz deyip geçiştirilmekten ibaret. Aşağıdaki videoyu kapalı kapı arkasından çektim. Arızalı motorları var tamir ettirebilirler ama asla buna yatırım yapmıyorlar.",1 Ağustos 2025 16:00,1.432,,,,False,,,False,,,0,,,COMPLAINT_MATCHED,,Dedicated single-property source page,https://www.sikayetvar.com/yasmin-bodrum-resort,2026-08-25T12:58:29.219502+00:00,Otel Kaynaklı Sürekli Gürültü Sorunu ve İlgisiz Yaklaşım,"Kadıkale Yasmin Resort Hotel, yıllardır bu gürültü kirliliğini gidermiyor. Arkasında bulunan ormancılar sitesinde tüm yazımız bahçeden helikopter kalkıyormuş gibi bir gürültüyle geçiyor. Her yıl kendilerinden rica ediyoruz, Bodrum belediyesine şikayet ediyoruz. Polisler geliyor gidiyor. Sonuç yapacağız. Edeceğiz deyip geçiştirilmekten ibaret. Aşağıdaki videoyu kapalı kapı arkasından çektim. Arızalı motorları var tamir ettirebilirler ama asla buna yatırım yapmıyorlar.",,,471,56,56,8,,,,,False,False,False,False,False,False,False,False,False,2026-08-25 12:58:29.219502,2025-08-01 16:00:00,False,DAY_MONTH_YEAR_TIME,False,False,False,False,2025,8,2025-08,,,1432,,0,False,False,False,False,False,False,Yasmin Bodrum Resort,Kadıkalesi,4.3,5589,,,,446.0,False,False,False,0,0,0,0,,,False,False,False
elektrik-kesintileri-ve-klima-sorunlari-tatili-kabusa-cevirdi,https://www.sikayetvar.com/yasmin-bodrum-resort/elektrik-kesintileri-ve-klima-sorunlari-tatili-kabusa-cevirdi,https://www.sikayetvar.com/yasmin-bodrum-resort/elektrik-kesintileri-ve-klima-sorunlari-tatili-kabusa-cevirdi,BOD115,Yasmin Bodrum Resort,Kadıkalesi,Yasmin Bodrum Resort,elektrik-kesintileri-ve-klima-sorunlari-tatili-kabusa-cevirdi,https://www.sikayetvar.com/yasmin-bodrum-resort/elektrik-kesintileri-ve-klima-sorunlari-tatili-kabusa-cevirdi,Elektrik Kesintileri Ve Klima Sorunları Tatili Kabusa Çevirdi,"5 günlük tatil için geldik işkenceye dönüştü. Otelde her gün akşam saat 18.30 da elektrikler kesiliyor. Jeneratör devreye giriyor fakat klimalar çalışmıyor. Odalarda, restoranda, ortak alanlarda hiçbir yerde klima çalışmıyor. Böyle bir yerde hijyen aramak da maalesef mümkün değil. 40-50 derecelik restoranda açık büfede saatlerce yemekler, tatlılar, salatalar servis için bekletiliyor. Korkumuzdan yiyemiyoruz. Izgaralardan kömürleşmiş etler çıkıyor. Ultra her şey dahil denilen konsepte elektrik yok, klima yok, odalardaki minibara sadece su ve soda koyuyorlar o da her gün yenilenmiyor. Kesinlikle kimseye önermiyorum, paranıza yazık.",26 Temmuz 2025 21:57,1.418,,,,False,,,False,,,0,,,COMPLAINT_MATCHED,,Dedicated single-property source page,https://www.sikayetvar.com/yasmin-bodrum-resort,2026-08-25T12:58:29.219502+00:00,Elektrik Kesintileri Ve Klima Sorunları Tatili Kabusa Çevirdi,"5 günlük tatil için geldik işkenceye dönüştü. Otelde her gün akşam saat 18.30 da elektrikler kesiliyor. Jeneratör devreye giriyor fakat klimalar çalışmıyor. Odalarda, restoranda, ortak alanlarda hiçbir yerde klima çalışmıyor. Böyle bir yerde hijyen aramak da maalesef mümkün değil. 40-50 derecelik restoranda açık büfede saatlerce yemekler, tatlılar, salatalar servis için bekletiliyor. Korkumuzdan yiyemiyoruz. Izgaralardan kömürleşmiş etler çıkıyor. Ultra her şey dahil denilen konsepte elektrik yok, klima yok, odalardaki minibara sadece su ve soda koyuyorlar o da her gün yenilenmiyor. Kesinlikle kimseye önermiyorum, paranıza yazık.",,,637,84,61,8,,,,,False,False,False,False,False,False,False,False,False,2026-08-25 12:58:29.219502,2025-07-26 21:57:00,False,DAY_MONTH_YEAR_TIME,False,False,False,False,2025,7,2025-07,,,1418,,0,False,False,False,False,False,False,Yasmin Bodrum Resort,Kadıkalesi,4.3,5589,,,,446.0,False,False,False,0,0,0,0,,,False,False,False
uzak-oda-ve-buggy-sorunu-tatil-keyfini-bozdu,https://www.sikayetvar.com/yasmin-bodrum-resort/uzak-oda-ve-buggy-sorunu-tatil-keyfini-bozdu,https://www.sikayetvar.com/yasmin-bodrum-resort/uzak-oda-ve-buggy-sorunu-tatil-keyfini-bozdu,BOD115,Yasmin Bodrum Resort,Kadıkalesi,Yasmin Bodrum Resort,uzak-oda-ve-buggy-sorunu-tatil-keyfini-bozdu,https://www.sikayetvar.com/yasmin-bodrum-resort/uzak-oda-ve-buggy-sorunu-tatil-keyfini-bozdu,Uzak Oda Ve Buggy Sorunu Tatil Keyfini Bozdu,"Yürümeyi göze alırsanız doğrudan gidin.Geçen sene çocuğum için yakın oda vermişlerdi. Bu sene ise deniz manzaralı en uzak odayı verdiler. Bunda bir sorun yok, fakat (benim tercihim olmamasına rağmen) buggy problemi tatili olumsuz etkiliyor. Sadece bir buggy çA**şıyor ve uzun süre beklemek gerekiyor. Geçen yıl memnuniyetim üzerine tekrar gelmiş olmam tamamen hayal kırıklığı oldu.Otel sahibi A*** Bey'in hikayesinden etkilenmiştim ancak çA**şanların ilgisi bu durumla tamamen zıt. Yönetimden sorumlu müdür A** Bey'in olayları yönetme şekli de etkileşimsiz. Resepsiyonun numarası oda telefonunda 80 olarak görünüyor fakat açan yok. Alakalarına kuvvet.Gün içinde eşimle birlikte gelecek yıl da aynı yere geliriz diye düşünürken, bu düşüncemiz tamamen değişti. Bir daha asla gelmem.",23 Temmuz 2025 02:45,1.362,,,,False,,,False,,,0,,,COMPLAINT_MATCHED,,Dedicated single-property source page,https://www.sikayetvar.com/yasmin-bodrum-resort,2026-08-25T12:58:29.219502+00:00,Uzak Oda Ve Buggy Sorunu Tatil Keyfini Bozdu,"Yürümeyi göze alırsanız doğrudan gidin.Geçen sene çocuğum için yakın oda vermişlerdi. Bu sene ise deniz manzaralı en uzak odayı verdiler. Bunda bir sorun yok, fakat (benim tercihim olmamasına rağmen) buggy problemi tatili olumsuz etkiliyor. Sadece bir buggy çA**şıyor ve uzun süre beklemek gerekiyor. Geçen yıl memnuniyetim üzerine tekrar gelmiş olmam tamamen hayal kırıklığı oldu.Otel sahibi A*** Bey'in hikayesinden etkilenmiştim ancak çA**şanların ilgisi bu durumla tamamen zıt. Yönetimden sorumlu müdür A** Bey'in olayları yönetme şekli de etkileşimsiz. Resepsiyonun numarası oda telefonunda 80 olarak görünüyor fakat açan yok. Alakalarına kuvvet.Gün içinde eşimle birlikte gelecek yıl da aynı yere geliriz diye düşünürken, bu düşüncemiz tamamen değişti. Bir daha asla gelmem.",,,780,107,44,8,,,,,False,False,False,False,False,False,False,False,False,2026-08-25 12:58:29.219502,2025-07-23 02:45:00,False,DAY_MONTH_YEAR_TIME,False,False,False,False,2025,7,2025-07,,,1362,,0,False,False,False,False,False,False,Yasmin Bodrum Resort,Kadıkalesi,4.3,5589,,,,446.0,False,False,False,0,0,0,0,,,False,False,False
yasmin-bodrum-resort-otelinde-rezervasyon-surecinde-ilgisizlik-ve-ciddiyetsizlik,https://www.sikayetvar.com/yasmin-bodrum-resort/yasmin-bodrum-resort-otelinde-rezervasyon-surecinde-ilgisizlik-ve-ciddiyetsizlik,https://www.sikayetvar.com/yasmin-bodrum-resort/yasmin-bodrum-resort-otelinde-rezervasyon-surecinde-ilgisizlik-ve-ciddiyetsizlik,BOD115,Yasmin Bodrum Resort,Kadıkalesi,Yasmin Bodrum Resort,yasmin-bodrum-resort-otelinde-rezervasyon-surecinde-ilgisizlik-ve-ciddiyetsizlik,https://www.sikayetvar.com/yasmin-bodrum-resort/yasmin-bodrum-resort-otelinde-rezervasyon-surecinde-ilgisizlik-ve-ciddiyetsizlik,Otelinde Rezervasyon Sürecinde İlgisizlik Ve Ciddiyetsizlik,Yasmin Bodrum Resort oteli 15 Temmuz 2025 10:21 de rezervasyon için aradım. 7 gece konaklamak isteğimi belirttim. Kendi sınıfında Yasmin Resort otelden çok üstün olan Bodrum torba otellerinin fiyatlarıyla rezervasyon yaptırmak istediğim halde sizi arayacağız denilerek telefonu kapattılar. Bir daha da arayan olmadı. Bodrum Torba nın üst düzey birçok otelinde konaklamış birisi olarak Turgutreis in sıradan ve rüzgarlı denizinde yer alan bir tesisten böyle bir davranış görmek hiç tasvip edilecek bir durum değil. Ciddiyetten uzak bir yönetim anlayışına sahip Yasmin Resort Otel.,17 Temmuz 2025 22:26,2.677,,,,False,,,False,,,0,,,COMPLAINT_MATCHED,,Dedicated single-property source page,https://www.sikayetvar.com/yasmin-bodrum-resort,2026-08-25T12:58:29.219502+00:00,Otelinde Rezervasyon Sürecinde İlgisizlik Ve Ciddiyetsizlik,Yasmin Bodrum Resort oteli 15 Temmuz 2025 10:21 de rezervasyon için aradım. 7 gece konaklamak isteğimi belirttim. Kendi sınıfında Yasmin Resort otelden çok üstün olan Bodrum torba otellerinin fiyatlarıyla rezervasyon yaptırmak istediğim halde sizi arayacağız denilerek telefonu kapattılar. Bir daha da arayan olmadı. Bodrum Torba nın üst düzey birçok otelinde konaklamış birisi olarak Turgutreis in sıradan ve rüzgarlı denizinde yer alan bir tesisten böyle bir davranış görmek hiç tasvip edilecek bir durum değil. Ciddiyetten uzak bir yönetim anlayışına sahip Yasmin Resort Otel.,,,579,82,59,6,,,,,False,False,False,False,False,False,False,False,False,2026-08-25 12:58:29.219502,2025-07-17 22:26:00,False,DAY_MONTH_YEAR_TIME,False,False,False,False,2025,7,2025-07,,,2677,,0,False,False,False,False,False,False,Yasmin Bodrum Resort,Kadıkalesi,4.3,5589,,,,446.0,False,False,False,0,0,0,0,,,False,False,False
otel-hizmet-kalitesi-ve-musteri-memnuniyeti-sorunlari-hakkinda-sikayet,https://www.sikayetvar.com/yasmin-bodrum-resort/otel-hizmet-kalitesi-ve-musteri-memnuniyeti-sorunlari-hakkinda-sikayet,https://www.sikayetvar.com/yasmin-bodrum-resort/otel-hizmet-kalitesi-ve-musteri-memnuniyeti-sorunlari-hakkinda-sikayet,BOD115,Yasmin Bodrum Resort,Kadıkalesi,Yasmin Bodrum Resort,otel-hizmet-kalitesi-ve-musteri-memnuniyeti-sorunlari-hakkinda-sikayet,https://www.sikayetvar.com/yasmin-bodrum-resort/otel-hizmet-kalitesi-ve-musteri-memnuniyeti-sorunlari-hakkinda-sikayet,Otel Hizmet Kalitesi ve Müşteri Memnuniyeti Sorunları Hakkında Şikayet,"Bodrum Gümüşlük Yasmin Otel Hizmet Kalitesi ve Müşteri Memnuniyetsizliği
Sayın Yetkili,
Bodrum Gümüşlük’te bulunan Yasmin Otel’de konaklamaktayız. Ancak otel hizmetleriyle ilgili ciddi memnuniyetsizlikler yaşadığımızı belirtmek isteriz.
1. A la carte restoran rezervasyonu için dünya mutfağını talep ettik. Ancak Pazartesi gününden Çarşamba’ya kadar dolu olduğu, rezervasyonların iki gün önceden saat 09:00’da yapıldığı belirtildi. Bu saatlerde rezervasyon birimine geldiğimizde ancak tarafımıza “otel sahibinin doğum günü etkinliği yapılacağı” gerekçesiyle yer ayrılmadı. Bu durum, otel müşterisi olmanın hiçbir önem taşımadığını ve kişisel organizasyonların müşteri memnuniyetinin önüne geçtiğini göstermektedir.2. Mini bar hizmeti son derece yetersizdir. Sadece su ve soda Eğer TV izlerken ya da balkonda soğuk bir şey içmek istersen ; kola soğuk çay istersen yok. Bu düzeyde bir otelde böyle bir hizmet eksikliği kabul edilemez. Ayrıca mini buzdolabı yeterince soğutmamaktadır. Değişim talebimize rağmen getirilen cihaz da aynı şekilde işlevsizdir.Shuttle hizmeti hakkında “istediğiniz zaman kullanabilirsiniz” şeklinde bilgi verilmişti. Ancak shuttle boş olmasına rağmen bekletilmekteyiz. Bu da otel içi ulaşımda ciddi zaman kaybı ve mağduriyet yaşatmaktadır.Ödeme yapılmış, düşük fiyatlı olmayan bir otelde bu tür hizmet eksiklikleri, müşteriye verilen değerin sorgulanmasına neden olmaktadır. Müşteri memnuniyeti ilkesinden uzak bu yaklaşımı kınıyor, yaşadığımız olumsuzlukları ifade etmek istiyorum. Muhatap aldığımız kişiler yapıcı davranmıyor. Paranızla rezil olacağınız bir otel çünkü müşteri memnuniyeti önceliği yok.",9 Temmuz 2025 12:47,1.911,,,,False,,,False,,,0,,,COMPLAINT_MATCHED,,Dedicated single-property source page,https://www.sikayetvar.com/yasmin-bodrum-resort,2026-08-25T12:58:29.219502+00:00,Otel Hizmet Kalitesi ve Müşteri Memnuniyeti Sorunları Hakkında Şikayet,"Bodrum Gümüşlük Yasmin Otel Hizmet Kalitesi ve Müşteri Memnuniyetsizliği Sayın Yetkili, Bodrum Gümüşlük’te bulunan Yasmin Otel’de konaklamaktayız. Ancak otel hizmetleriyle ilgili ciddi memnuniyetsizlikler yaşadığımızı belirtmek isteriz. 1. A la carte restoran rezervasyonu için dünya mutfağını talep ettik. Ancak Pazartesi gününden Çarşamba’ya kadar dolu olduğu, rezervasyonların iki gün önceden saat 09:00’da yapıldığı belirtildi. Bu saatlerde rezervasyon birimine geldiğimizde ancak tarafımıza “otel sahibinin doğum günü etkinliği yapılacağı” gerekçesiyle yer ayrılmadı. Bu durum, otel müşterisi olmanın hiçbir önem taşımadığını ve kişisel organizasyonların müşteri memnuniyetinin önüne geçtiğini göstermektedir.2. Mini bar hizmeti son derece yetersizdir. Sadece su ve soda Eğer TV izlerken ya da balkonda soğuk bir şey içmek istersen ; kola soğuk çay istersen yok. Bu düzeyde bir otelde böyle bir hizmet eksikliği kabul edilemez. Ayrıca mini buzdolabı yeterince soğutmamaktadır. Değişim talebimize rağmen getirilen cihaz da aynı şekilde işlevsizdir.Shuttle hizmeti hakkında “istediğiniz zaman kullanabilirsiniz” şeklinde bilgi verilmişti. Ancak shuttle boş olmasına rağmen bekletilmekteyiz. Bu da otel içi ulaşımda ciddi zaman kaybı ve mağduriyet yaşatmaktadır.Ödeme yapılmış, düşük fiyatlı olmayan bir otelde bu tür hizmet eksiklikleri, müşteriye verilen değerin sorgulanmasına neden olmaktadır. Müşteri memnuniyeti ilkesinden uzak bu yaklaşımı kınıyor, yaşadığımız olumsuzlukları ifade etmek istiyorum. Muhatap aldığımız kişiler yapıcı davranmıyor. Paranızla rezil olacağınız bir otel çünkü müşteri memnuniyeti önceliği yok.",,,1629,203,70,9,,,,,False,False,False,False,False,False,False,False,False,2026-08-25 12:58:29.219502,2025-07-09 12:47:00,False,DAY_MONTH_YEAR_TIME,False,False,False,False,2025,7,2025-07,,,1911,,0,False,False,False,False,False,False,Yasmin Bodrum Resort,Kadıkalesi,4.3,5589,,,,446.0,False,False,False,0,0,0,0,,,False,False,False
yasmin-bodrum-resort-yemekler-cok-kotu,https://www.sikayetvar.com/yasmin-bodrum-resort/yasmin-bodrum-resort-yemekler-cok-kotu,https://www.sikayetvar.com/yasmin-bodrum-resort/yasmin-bodrum-resort-yemekler-cok-kotu,BOD115,Yasmin Bodrum Resort,Kadıkalesi,Yasmin Bodrum Resort,yasmin-bodrum-resort-yemekler-cok-kotu,https://www.sikayetvar.com/yasmin-bodrum-resort/yasmin-bodrum-resort-yemekler-cok-kotu,Yemekler Çok Kötü,Bodrum gümüşlük Yasmin Resort otelde konaklamaktayım.Sadece paylaşmak istediğim otelin denize sıfır otel olması denizin harika olması dışında başka bir esprisi yok.Akşam yemeğinde 3 gündür şehriyeli tavuklu çorba içiyoruz yemek servisi yapılan restoran sinek içinde 3. Gün uyarılara rağmen mercimek çorba yaptılar. İçli köftenin içinde kocaman bir kıl çıktı ve salata kısmındaki tüm yeşillikler çamuruyla tezgahta diyeceklerim bu kadar.,4 Temmuz 2025 10:59,2.467,,,,False,,,False,,,0,,,COMPLAINT_MATCHED,,Dedicated single-property source page,https://www.sikayetvar.com/yasmin-bodrum-resort,2026-08-25T12:58:29.219502+00:00,Yemekler Çok Kötü,Bodrum gümüşlük Yasmin Resort otelde konaklamaktayım.Sadece paylaşmak istediğim otelin denize sıfır otel olması denizin harika olması dışında başka bir esprisi yok.Akşam yemeğinde 3 gündür şehriyeli tavuklu çorba içiyoruz yemek servisi yapılan restoran sinek içinde 3. Gün uyarılara rağmen mercimek çorba yaptılar. İçli köftenin içinde kocaman bir kıl çıktı ve salata kısmındaki tüm yeşillikler çamuruyla tezgahta diyeceklerim bu kadar.,,,436,58,17,3,,,,,False,False,False,False,False,False,False,False,False,2026-08-25 12:58:29.219502,2025-07-04 10:59:00,False,DAY_MONTH_YEAR_TIME,False,False,False,False,2025,7,2025-07,,,2467,,0,False,False,False,False,False,False,Yasmin Bodrum Resort,Kadıkalesi,4.3,5589,,,,446.0,False,False,False,0,0,0,0,,,False,False,False
cocuklarimin-hastaligina-ragmen-ucret-iadem-reddedildi,https://www.sikayetvar.com/yasmin-bodrum-resort/cocuklarimin-hastaligina-ragmen-ucret-iadem-reddedildi,https://www.sikayetvar.com/yasmin-bodrum-resort/cocuklarimin-hastaligina-ragmen-ucret-iadem-reddedildi,BOD115,Yasmin Bodrum Resort,Kadıkalesi,Yasmin Bodrum Resort,cocuklarimin-hastaligina-ragmen-ucret-iadem-reddedildi,https://www.sikayetvar.com/yasmin-bodrum-resort/cocuklarimin-hastaligina-ragmen-ucret-iadem-reddedildi,Çocuklarımın Hastalığına Rağmen Ücret İadem Reddedildi,"Jolly Tur aracılığıyla Yasmin Bodrum Resort Otel'den 5 gecelik tatil satın almıştım. 4. günde, her iki çocuğumda başlayan hastalıklar nedeniyle (havuzun temiz olmamasından kaynaklı olarak) doktorlarla yaptığım görüşme sonucunda acil olarak İstanbul'a dönmem gerekti. Otel ve Jolly Tur, hastalık nedeniyle bir günlük ücretimin iade edilebileceğini, ancak sağlık raporlarını iletmem gerektiğini bildirdi. Buna karşın, çocuklarımın hastalıklarının takip edildiği doktorlar tarafından 24 saat içerisinde verilen raporlar, otel ve Jolly Tur tarafından kabul edilmedi ve maalesef ücret iadem reddedildi. Herkesin başına gelebilecek, özellikle çocukların sağlığının söz konusu olduğu bu tür mücbir sebepler için daha anlayışlı ve para odaklı olmayan bir yaklaşım beklemekteyim. Mağduriyetimin acilen giderilerek bir gecelik ücretimin tarafıma iade edilmesini talep ediyorum. Aksi halde tur firması ve otel ile ilgili tüm olumsuz tespitlerimi her mecrada dile getireceğim.",1 Haziran 2025 17:09,3.811,,,,False,,,False,,,0,,,COMPLAINT_MATCHED,,Dedicated single-property source page,https://www.sikayetvar.com/yasmin-bodrum-resort,2026-08-25T12:58:29.219502+00:00,Çocuklarımın Hastalığına Rağmen Ücret İadem Reddedildi,"Jolly Tur aracılığıyla Yasmin Bodrum Resort Otel'den 5 gecelik tatil satın almıştım. 4. günde, her iki çocuğumda başlayan hastalıklar nedeniyle (havuzun temiz olmamasından kaynaklı olarak) doktorlarla yaptığım görüşme sonucunda acil olarak İstanbul'a dönmem gerekti. Otel ve Jolly Tur, hastalık nedeniyle bir günlük ücretimin iade edilebileceğini, ancak sağlık raporlarını iletmem gerektiğini bildirdi. Buna karşın, çocuklarımın hastalıklarının takip edildiği doktorlar tarafından 24 saat içerisinde verilen raporlar, otel ve Jolly Tur tarafından kabul edilmedi ve maalesef ücret iadem reddedildi. Herkesin başına gelebilecek, özellikle çocukların sağlığının söz konusu olduğu bu tür mücbir sebepler için daha anlayışlı ve para odaklı olmayan bir yaklaşım beklemekteyim. Mağduriyetimin acilen giderilerek bir gecelik ücretimin tarafıma iade edilmesini talep ediyorum. Aksi halde tur firması ve otel ile ilgili tüm olumsuz tespitlerimi her mecrada dile getireceğim.",,,964,125,54,6,,,,,False,False,False,False,False,False,False,False,False,2026-08-25 12:58:29.219502,2025-06-01 17:09:00,False,DAY_MONTH_YEAR_TIME,False,False,False,False,2025,6,2025-06,,,3811,,0,False,False,False,False,False,False,Yasmin Bodrum Resort,Kadıkalesi,4.3,5589,,,,446.0,False,False,False,0,0,0,0,,,False,False,False
yasmin-bodrum-resort-otel-calisanlarinin-davranislari-ve-hijyen-sorunlari,https://www.sikayetvar.com/yasmin-bodrum-resort/yasmin-bodrum-resort-otel-calisanlarinin-davranislari-ve-hijyen-sorunlari,https://www.sikayetvar.com/yasmin-bodrum-resort/yasmin-bodrum-resort-otel-calisanlarinin-davranislari-ve-hijyen-sorunlari,BOD115,Yasmin Bodrum Resort,Kadıkalesi,Yasmin Bodrum Resort,yasmin-bodrum-resort-otel-calisanlarinin-davranislari-ve-hijyen-sorunlari,https://www.sikayetvar.com/yasmin-bodrum-resort/yasmin-bodrum-resort-otel-calisanlarinin-davranislari-ve-hijyen-sorunlari,Otel Çalışanlarının Davranışları Ve Hijyen Sorunları,"Otelin çalışan şefleri ve müdürleri insanlara nasıl davranacağını bilmiyor, çok kötü bir otel. Dikleniyorlar, üslupsuzca konuşuyorlar. Müdür değil de sanki müşteri gibi davranıyorlar. Hijyen olarak da hiç beğenmedim; lobinin oradaki kahve bölümünde üstteki pervazlar su dolu, küflenmiş ve pislenmiş, damlıyor üstümüze başımıza. Sanki bir pansiyona gitmiş gibi hissettim. Şefleri ve müdürleri M**** ve A**, sanki kahvede konuşuyormuş gibi iletişim kuruyorlar insanlarla. Böyle insanlarda hiç mütevazılık ve güzel yüzlülük yok.",14 Eylül 2024 11:28,3.474,,,,False,,,False,,,0,,,COMPLAINT_MATCHED,,Dedicated single-property source page,https://www.sikayetvar.com/yasmin-bodrum-resort,2026-08-25T12:58:29.219502+00:00,Otel Çalışanlarının Davranışları Ve Hijyen Sorunları,"Otelin çalışan şefleri ve müdürleri insanlara nasıl davranacağını bilmiyor, çok kötü bir otel. Dikleniyorlar, üslupsuzca konuşuyorlar. Müdür değil de sanki müşteri gibi davranıyorlar. Hijyen olarak da hiç beğenmedim; lobinin oradaki kahve bölümünde üstteki pervazlar su dolu, küflenmiş ve pislenmiş, damlıyor üstümüze başımıza. Sanki bir pansiyona gitmiş gibi hissettim. Şefleri ve müdürleri M**** ve A**, sanki kahvede konuşuyormuş gibi iletişim kuruyorlar insanlarla. Böyle insanlarda hiç mütevazılık ve güzel yüzlülük yok.",,,525,69,52,6,,,,,False,False,False,False,False,False,False,False,False,2026-08-25 12:58:29.219502,2024-09-14 11:28:00,False,DAY_MONTH_YEAR_TIME,False,False,False,False,2024,9,2024-09,,,3474,,0,False,False,False,False,False,False,Yasmin Bodrum Resort,Kadıkalesi,4.3,5589,,,,446.0,False,False,False,0,0,0,0,,,False,False,False
yasmin-bodrum-resort-bodrumda-tatil-hayal-kirikligi-oda-ve-hizmet-problemleri,https://www.sikayetvar.com/yasmin-bodrum-resort/yasmin-bodrum-resort-bodrumda-tatil-hayal-kirikligi-oda-ve-hizmet-problemleri,https://www.sikayetvar.com/yasmin-bodrum-resort/yasmin-bodrum-resort-bodrumda-tatil-hayal-kirikligi-oda-ve-hizmet-problemleri,BOD115,Yasmin Bodrum Resort,Kadıkalesi,Yasmin Bodrum Resort,yasmin-bodrum-resort-bodrumda-tatil-hayal-kirikligi-oda-ve-hizmet-problemleri,https://www.sikayetvar.com/yasmin-bodrum-resort/yasmin-bodrum-resort-bodrumda-tatil-hayal-kirikligi-oda-ve-hizmet-problemleri,Bodrum'da Tatil Hayal Kırıklığı: Oda Ve Hizmet Problemleri,"Jolly Tur aracılığı ile Bodrum Yasmin Otel'e 01.09.2024 - 08.09.2024 tarihleri arasında 1 haftalık tatil satın aldık. Club standart odada kaldık. 1. gün kaldığımız odada sorun olduğunu görevli personele ilettik. 2. gün oda değişikliği yapıldı. Değişiklik yapılan oda rutubet kokuyordu, mini bar çalışmıyordu. 2 gece rutubetli odada kaldık. Rutubet kokusundan kalamadık, tekrar oda değişikliği yapıldı. Mini bar çalışmıyordu, sonra tamiri yapıldı. Kasa çalışmıyordu. Kasaya bakılmadı. Toplamda bir haftalık tatilde 3 defa oda değişikliği yaşadık. Odalara ulaşımda ayrıca başka bir sorun: buggy istiyorsun, dakikalar sonra geliyor. Ana yemekler her gün aynı tür çıkıyor. Ayrıca Jolly personellerine aynı sorunları ilettik, çözüm üretemediler. Verilen paranın karşılığı 3 yıldız otel hizmetidir. Özellikle son yıllarda hizmet sektöründe fiyatlar çok yüksek, kalite çok düşük hale geldi maalesef.",10 Eylül 2024 10:48,4.971,,,,False,,,False,,,0,,,COMPLAINT_MATCHED,,Dedicated single-property source page,https://www.sikayetvar.com/yasmin-bodrum-resort,2026-08-25T12:58:29.219502+00:00,Bodrum'da Tatil Hayal Kırıklığı: Oda Ve Hizmet Problemleri,"Jolly Tur aracılığı ile Bodrum Yasmin Otel'e 01.09.2024 - 08.09.2024 tarihleri arasında 1 haftalık tatil satın aldık. Club standart odada kaldık. 1. gün kaldığımız odada sorun olduğunu görevli personele ilettik. 2. gün oda değişikliği yapıldı. Değişiklik yapılan oda rutubet kokuyordu, mini bar çalışmıyordu. 2 gece rutubetli odada kaldık. Rutubet kokusundan kalamadık, tekrar oda değişikliği yapıldı. Mini bar çalışmıyordu, sonra tamiri yapıldı. Kasa çalışmıyordu. Kasaya bakılmadı. Toplamda bir haftalık tatilde 3 defa oda değişikliği yaşadık. Odalara ulaşımda ayrıca başka bir sorun: buggy istiyorsun, dakikalar sonra geliyor. Ana yemekler her gün aynı tür çıkıyor. Ayrıca Jolly personellerine aynı sorunları ilettik, çözüm üretemediler. Verilen paranın karşılığı 3 yıldız otel hizmetidir. Özellikle son yıllarda hizmet sektöründe fiyatlar çok yüksek, kalite çok düşük hale geldi maalesef.",,,892,121,58,8,,,,,False,False,False,False,False,False,False,False,False,2026-08-25 12:58:29.219502,2024-09-10 10:48:00,False,DAY_MONTH_YEAR_TIME,False,False,False,False,2024,9,2024-09,,,4971,,0,False,False,False,True,False,False,Yasmin Bodrum Resort,Kadıkalesi,4.3,5589,,,,446.0,False,False,False,0,0,0,0,,,False,False,False
yasmin-bodrum-resort-otel-deneyimi-degerlendirmesi,https://www.sikayetvar.com/yasmin-bodrum-resort/yasmin-bodrum-resort-otel-deneyimi-degerlendirmesi,https://www.sikayetvar.com/yasmin-bodrum-resort/yasmin-bodrum-resort-otel-deneyimi-degerlendirmesi,BOD115,Yasmin Bodrum Resort,Kadıkalesi,Yasmin Bodrum Resort,yasmin-bodrum-resort-otel-deneyimi-degerlendirmesi,https://www.sikayetvar.com/yasmin-bodrum-resort/yasmin-bodrum-resort-otel-deneyimi-degerlendirmesi,Otel Deneyimi Değerlendirmesi,"Bir Jolly Tur aracılığıyla Yasmin Resort pişmanlığı...Aile odası verilmiyor, oysaki 5 yaşındaki kızıma ekstra para vererek aldığımız otelde bizim aile olmadığımız iddia ediliyor. Saat 14:00'te geldiğimiz otelde 15:00 oldu, hâlâ oda ayarlanamadı. Balık istifi gibi insanları yığıp, havasız, güneş görmeyen odalara mecbur bırakıyorlar. Jolly Tur yetkilisine odayı beğenmediğimizi ilettik, sadece kafa sallayıp geçti. Tam bir pişmanlık. 1 yıl boyunca tatil için beklediğimiz günü rezil ettiniz, tebrikler. Otelcilik planlamanız sıfır. Sağlık sorunlarından bahsettik. Çocuktan bahsettik. İşinize gelirse yapıldı. Asla önermeyeceğim bir otel, paranız çarçur olmasın. Kalçada kayma var, belde fıtık, skolyoz mevcut. Merdiven çıkmam bile sakıncalı, felç kalma riski var. Demek ki Yasmin Resort çalışanları bunu göze alıyor.",2 Eylül 2024 15:39,6.238,,,,False,,,False,,,0,,,COMPLAINT_MATCHED,,Dedicated single-property source page,https://www.sikayetvar.com/yasmin-bodrum-resort,2026-08-25T12:58:29.219502+00:00,Otel Deneyimi Değerlendirmesi,"Bir Jolly Tur aracılığıyla Yasmin Resort pişmanlığı...Aile odası verilmiyor, oysaki 5 yaşındaki kızıma ekstra para vererek aldığımız otelde bizim aile olmadığımız iddia ediliyor. Saat 14:00'te geldiğimiz otelde 15:00 oldu, hâlâ oda ayarlanamadı. Balık istifi gibi insanları yığıp, havasız, güneş görmeyen odalara mecbur bırakıyorlar. Jolly Tur yetkilisine odayı beğenmediğimizi ilettik, sadece kafa sallayıp geçti. Tam bir pişmanlık. 1 yıl boyunca tatil için beklediğimiz günü rezil ettiniz, tebrikler. Otelcilik planlamanız sıfır. Sağlık sorunlarından bahsettik. Çocuktan bahsettik. İşinize gelirse yapıldı. Asla önermeyeceğim bir otel, paranız çarçur olmasın. Kalçada kayma var, belde fıtık, skolyoz mevcut. Merdiven çıkmam bile sakıncalı, felç kalma riski var. Demek ki Yasmin Resort çalışanları bunu göze alıyor.",,,816,107,29,3,,,,,False,False,False,False,False,False,False,False,False,2026-08-25 12:58:29.219502,2024-09-02 15:39:00,False,DAY_MONTH_YEAR_TIME,False,False,False,False,2024,9,2024-09,,,6238,,0,False,False,False,False,False,False,Yasmin Bodrum Resort,Kadıkalesi,4.3,5589,,,,446.0,False,False,False,0,0,0,0,,,False,False,False
yasmin-bodrum-resort-verdigimiz-paranin-karsiligi-yok,https://www.sikayetvar.com/yasmin-bodrum-resort/yasmin-bodrum-resort-verdigimiz-paranin-karsiligi-yok,https://www.sikayetvar.com/yasmin-bodrum-resort/yasmin-bodrum-resort-verdigimiz-paranin-karsiligi-yok,BOD115,Yasmin Bodrum Resort,Kadıkalesi,Yasmin Bodrum Resort,yasmin-bodrum-resort-verdigimiz-paranin-karsiligi-yok,https://www.sikayetvar.com/yasmin-bodrum-resort/yasmin-bodrum-resort-verdigimiz-paranin-karsiligi-yok,Verdiğimiz Paranın Karşılığı Yok,"Biz yasmin Bodrum Resort otelde konaklıyoruz. Otel kesinlikle 5 yıldızlı falan değil. Karşılama personelinin dünyadan haberi yok, sadece paraya odaklanmış. 12 gün kalıyorsunuz, 1 kere akşam yemeği bedava, bize kimse hiçbir şekilde bilgilendirme yapmadı.
Havuzlar bakteri ve mikrop yuvası. 3 yaşında oğlum enfeksiyon ve alerji geçirdi. Ve havuz çok pis, mantar her köşesi. Otel yemekleri kesinlikle iyi değil. Temizlik mi, pardon ama sıfır nokta sıfır. Verdiğimiz paranın karşılığı kesinlikle yok.
Otel kendi kaderine bırakılmış, her yer kırık dökük. Servis çalışanları gerçekten çok iyi ama hepsi çok mutsuz, belli ki bedavaya çalıştırıyorlar. Gelen kaçıyor zaten buradan.",31 Temmuz 2024 11:48,3.633,,,,False,,,False,,,0,,,COMPLAINT_MATCHED,,Dedicated single-property source page,https://www.sikayetvar.com/yasmin-bodrum-resort,2026-08-25T12:58:29.219502+00:00,Verdiğimiz Paranın Karşılığı Yok,"Biz yasmin Bodrum Resort otelde konaklıyoruz. Otel kesinlikle 5 yıldızlı falan değil. Karşılama personelinin dünyadan haberi yok, sadece paraya odaklanmış. 12 gün kalıyorsunuz, 1 kere akşam yemeği bedava, bize kimse hiçbir şekilde bilgilendirme yapmadı. Havuzlar bakteri ve mikrop yuvası. 3 yaşında oğlum enfeksiyon ve alerji geçirdi. Ve havuz çok pis, mantar her köşesi. Otel yemekleri kesinlikle iyi değil. Temizlik mi, pardon ama sıfır nokta sıfır. Verdiğimiz paranın karşılığı kesinlikle yok. Otel kendi kaderine bırakılmış, her yer kırık dökük. Servis çalışanları gerçekten çok iyi ama hepsi çok mutsuz, belli ki bedavaya çalıştırıyorlar. Gelen kaçıyor zaten buradan.",,,672,95,32,4,,,,,False,False,False,False,False,False,False,False,False,2026-08-25 12:58:29.219502,2024-07-31 11:48:00,False,DAY_MONTH_YEAR_TIME,False,False,False,False,2024,7,2024-07,,,3633,,0,False,False,False,False,False,False,Yasmin Bodrum Resort,Kadıkalesi,4.3,5589,,,,446.0,False,False,False,0,0,0,0,,,False,False,False
yasmin-bodrum-resort-hijyen-ve-hizmet-eksikligi,https://www.sikayetvar.com/yasmin-bodrum-resort/yasmin-bodrum-resort-hijyen-ve-hizmet-eksikligi,https://www.sikayetvar.com/yasmin-bodrum-resort/yasmin-bodrum-resort-hijyen-ve-hizmet-eksikligi,BOD115,Yasmin Bodrum Resort,Kadıkalesi,Yasmin Bodrum Resort,yasmin-bodrum-resort-hijyen-ve-hizmet-eksikligi,https://www.sikayetvar.com/yasmin-bodrum-resort/yasmin-bodrum-resort-hijyen-ve-hizmet-eksikligi,Hijyen Ve Hizmet Eksikliği,"Haziran 4'te otele giriş yaptık. 5 gece 6 gün olarak rezervasyonumuz vardı. Ayın 4'ünde akşamüstü odamızın sifonu bozuldu ve o gün içinde 4 kere arama yaptık. Gelen olmadı. Ertesi gün öğlen 12'de aradık, gelen olmadı. Akşam 6'da tekrar aradık ve 2 günün sonunda geldiler. Ertesi gün tekrar bozuldu ve aradık, 1 gün geçti. Gelen kimse hala yok. 4 gündür kendi odamızın tuvaletine giremiyoruz, girsek de kendi imkanlarımızla tuvaleti temizlemek zorunda kalıyoruz. Odada sürekli büyük ayaklı siyah böcekler var, sürekli tetikteyiz bir yerden böcek çıkacak mı diye gece uyuyamıyoruz. 5 yıldızlı otele kesinlikle yakışmayacak şekilde hijyen problemi var otelde. Yemek masalarının üstü her zaman kirli, tabaklar kirli. Hem kirli masaya oturup hem de üstüne çatal getirmelerini bekliyoruz yemek yemek için. Masa temizlenip yeni servis açılmıyor, üstelik yemek saatinin bitmesine daha 1 buçuk saat varken. İçkiler aşırı kalitesiz, resmen su içiyoruz sanki her içkide ve daha aklıma gelmeyen bir sürü şey. Geldiğimiz ilk günden bu oteli bir daha asla tercih etmeyeceğimize karar verdik.",8 Haziran 2024 12:54,4.587,,,,False,,,False,,,0,,,COMPLAINT_MATCHED,,Dedicated single-property source page,https://www.sikayetvar.com/yasmin-bodrum-resort,2026-08-25T12:58:29.219502+00:00,Hijyen Ve Hizmet Eksikliği,"Haziran 4'te otele giriş yaptık. 5 gece 6 gün olarak rezervasyonumuz vardı. Ayın 4'ünde akşamüstü odamızın sifonu bozuldu ve o gün içinde 4 kere arama yaptık. Gelen olmadı. Ertesi gün öğlen 12'de aradık, gelen olmadı. Akşam 6'da tekrar aradık ve 2 günün sonunda geldiler. Ertesi gün tekrar bozuldu ve aradık, 1 gün geçti. Gelen kimse hala yok. 4 gündür kendi odamızın tuvaletine giremiyoruz, girsek de kendi imkanlarımızla tuvaleti temizlemek zorunda kalıyoruz. Odada sürekli büyük ayaklı siyah böcekler var, sürekli tetikteyiz bir yerden böcek çıkacak mı diye gece uyuyamıyoruz. 5 yıldızlı otele kesinlikle yakışmayacak şekilde hijyen problemi var otelde. Yemek masalarının üstü her zaman kirli, tabaklar kirli. Hem kirli masaya oturup hem de üstüne çatal getirmelerini bekliyoruz yemek yemek için. Masa temizlenip yeni servis açılmıyor, üstelik yemek saatinin bitmesine daha 1 buçuk saat varken. İçkiler aşırı kalitesiz, resmen su içiyoruz sanki her içkide ve daha aklıma gelmeyen bir sürü şey. Geldiğimiz ilk günden bu oteli bir daha asla tercih etmeyeceğimize karar verdik.",,,1077,161,26,4,,,,,False,False,False,False,False,False,False,False,False,2026-08-25 12:58:29.219502,2024-06-08 12:54:00,False,DAY_MONTH_YEAR_TIME,False,False,False,False,2024,6,2024-06,,,4587,,0,False,False,False,False,False,False,Yasmin Bodrum Resort,Kadıkalesi,4.3,5589,,,,446.0,False,False,False,0,0,0,0,,,False,False,False
jolly-tatil-ile-alinan-yasmin-bodrum-resort-pismanligi-video,https://www.sikayetvar.com/yasmin-bodrum-resort/jolly-tatil-ile-alinan-yasmin-bodrum-resort-pismanligi-video,https://www.sikayetvar.com/yasmin-bodrum-resort/jolly-tatil-ile-alinan-yasmin-bodrum-resort-pismanligi-video,BOD115,Yasmin Bodrum Resort,Kadıkalesi,Yasmin Bodrum Resort,jolly-tatil-ile-alinan-yasmin-bodrum-resort-pismanligi-video,https://www.sikayetvar.com/yasmin-bodrum-resort/jolly-tatil-ile-alinan-yasmin-bodrum-resort-pismanligi-video,Jolly Tatil İle Alınan,,6 Haziran 2024 16:41,6.935,,,,False,,,False,,,0,,,COMPLAINT_MATCHED,,Dedicated single-property source page,https://www.sikayetvar.com/yasmin-bodrum-resort,2026-08-25T12:58:29.219502+00:00,Jolly Tatil İle Alınan,,,,,,22,4,,,,,True,False,False,True,False,False,False,False,False,2026-08-25 12:58:29.219502,2024-06-06 16:41:00,False,DAY_MONTH_YEAR_TIME,False,False,False,False,2024,6,2024-06,,,6935,,0,False,False,False,False,False,False,Yasmin Bodrum Resort,Kadıkalesi,4.3,5589,,,,446.0,False,False,False,0,0,0,0,,,False,False,False
jolly-tatil-ve-yasmin-bodrum-resort-otel-pismanligi,https://www.sikayetvar.com/yasmin-bodrum-resort/jolly-tatil-ve-yasmin-bodrum-resort-otel-pismanligi,https://www.sikayetvar.com/yasmin-bodrum-resort/jolly-tatil-ve-yasmin-bodrum-resort-otel-pismanligi,BOD115,Yasmin Bodrum Resort,Kadıkalesi,Yasmin Bodrum Resort,jolly-tatil-ve-yasmin-bodrum-resort-otel-pismanligi,https://www.sikayetvar.com/yasmin-bodrum-resort/jolly-tatil-ve-yasmin-bodrum-resort-otel-pismanligi,Jolly Tatil Ve,"Jolly tatil, sattığı tatilde vaat edilen hiçbir özelliği sunmuyor. Müşteri temsilcisi arkadaş, kapalı otoparkın, balayı konseptinin ve plajda garson hizmetinin olduğunu belirtti. Ancak bunların hiçbiri mevcut değil. Gittiğimiz otel tam bir hayal kırıklığı. Satış sürecinde defalarca arandık ama tatile geldiğimizde balayı konsepti yoktu. 1333 numaralı odada kalıyoruz. Telefon çalışmıyor, buggy çağıramıyoruz, minibar çalışmıyor. Soğuk su için lobiye 500 metre yürüyoruz. Bu durumu 5 kez otel ve Jolly yetkilisine bildirmemize rağmen hiçbir aksiyon alınmadı. Snack bar servis saatinde çalışanlar pizzanın olmadığını söylüyorlar. Otelin 5 yıldızlı olmasıyla hiçbir alakası yok.",5 Haziran 2024 18:09,4.705,,,,False,,,False,,,0,,,COMPLAINT_MATCHED,,Dedicated single-property source page,https://www.sikayetvar.com/yasmin-bodrum-resort,2026-08-25T12:58:29.219502+00:00,Jolly Tatil Ve,"Jolly tatil, sattığı tatilde vaat edilen hiçbir özelliği sunmuyor. Müşteri temsilcisi arkadaş, kapalı otoparkın, balayı konseptinin ve plajda garson hizmetinin olduğunu belirtti. Ancak bunların hiçbiri mevcut değil. Gittiğimiz otel tam bir hayal kırıklığı. Satış sürecinde defalarca arandık ama tatile geldiğimizde balayı konsepti yoktu. 1333 numaralı odada kalıyoruz. Telefon çalışmıyor, buggy çağıramıyoruz, minibar çalışmıyor. Soğuk su için lobiye 500 metre yürüyoruz. Bu durumu 5 kez otel ve Jolly yetkilisine bildirmemize rağmen hiçbir aksiyon alınmadı. Snack bar servis saatinde çalışanlar pizzanın olmadığını söylüyorlar. Otelin 5 yıldızlı olmasıyla hiçbir alakası yok.",,,676,88,14,3,,,,,False,False,False,False,False,False,False,False,False,2026-08-25 12:58:29.219502,2024-06-05 18:09:00,False,DAY_MONTH_YEAR_TIME,False,False,False,False,2024,6,2024-06,,,4705,,0,False,False,False,False,False,False,Yasmin Bodrum Resort,Kadıkalesi,4.3,5589,,,,446.0,False,False,False,0,0,0,0,,,False,False,False
kahvaltida-kil-cikti-ozur-yetmedi,https://www.sikayetvar.com/selectum-hotels/kahvaltida-kil-cikti-ozur-yetmedi,https://www.sikayetvar.com/selectum-hotels/kahvaltida-kil-cikti-ozur-yetmedi,BOD068,Selectum Colours Bodrum,Gümbet,Selectum Hotels Selectum Bodrum,kahvaltida-kil-cikti-ozur-yetmedi,https://www.sikayetvar.com/selectum-hotels/kahvaltida-kil-cikti-ozur-yetmedi,"Kahvaltıda Kıl Çıktı, Özür Yetmedi","Selectum colours Bodrum 21/08/2026 tarihinde sabah kahvaltısı için restorana inin, kahvaltı için iki adet peynir, iki adet sosis, iki tane de pişi aldım. Bir tane fişini içerisinden kıl çıktı. Hemen restoran şefi S**** Bey'e tabağımı gösterdim, ikimiz de fotoğraf çektik. Kendileri misafir ilişkilerinde kim? S***** Bey, kendileri müdürü olduğu birime aktardı. Kendilerinin durumu fotoğraflarla gösterdim, özür dilemekle yetindiler.",21 Ağustos 14:54,62,,,,False,,,False,,,0,,,COMPLAINT_MATCHED,,Matched explicit reference: 'Selectum Colours Bodrum',https://www.sikayetvar.com/selectum-hotels/selectum-bodrum,2026-08-25T12:58:29.219502+00:00,"Kahvaltıda Kıl Çıktı, Özür Yetmedi","Selectum colours Bodrum 21/08/2026 tarihinde sabah kahvaltısı için restorana inin, kahvaltı için iki adet peynir, iki adet sosis, iki tane de pişi aldım. Bir tane fişini içerisinden kıl çıktı. Hemen restoran şefi S**** Bey'e tabağımı gösterdim, ikimiz de fotoğraf çektik. Kendileri misafir ilişkilerinde kim? S***** Bey, kendileri müdürü olduğu birime aktardı. Kendilerinin durumu fotoğraflarla gösterdim, özür dilemekle yetindiler.",,,432,58,34,5,,,,,False,False,False,False,False,False,False,False,False,2026-08-25 12:58:29.219502,2026-08-21 14:54:00,True,DAY_MONTH_TIME_NO_YEAR,False,False,True,False,2026,8,2026-08,,,62,,0,False,False,False,False,False,False,Selectum Colours Bodrum,Gümbet,4.8,13412,5.0,540.0,1080.0,473.0,False,False,False,0,0,0,0,,,False,False,False
selectum-hotels-aldigimiz-hizmetten-memnun-kalmadik,https://www.sikayetvar.com/selectum-hotels/selectum-hotels-aldigimiz-hizmetten-memnun-kalmadik,https://www.sikayetvar.com/selectum-hotels/selectum-hotels-aldigimiz-hizmetten-memnun-kalmadik,BOD068,Selectum Colours Bodrum,Gümbet,Selectum Hotels Selectum Bodrum,selectum-hotels-aldigimiz-hizmetten-memnun-kalmadik,https://www.sikayetvar.com/selectum-hotels/selectum-hotels-aldigimiz-hizmetten-memnun-kalmadik,Aldığımız Hizmetten Memnun Kalmadık,"13–17 Ağustos tarihleri arasında Selectum Colours Bodrum otelinde standart odada konakladık. Otelden genel olarak memnun kalmadığımızı özellikle belirtmek istiyorum.
Yemekler hem lezzet hem çeşitlilik açısından beklentimizin oldukça altında kaldı. Açık büfe olmasına rağmen seçenekler kısıtlıydı ve sunulan yemekler de tat olarak yetersizdi. Böyle bir konsept ve fiyat seviyesindeki bir otelde çok daha iyi bir mutfak performansı beklerken hayal kırıklığı yaşadık.
Aktiviteler konusunda da ciddi bir eksiklik vardı. Animasyon ekibi sabahtan akşama kadar neredeyse hiçbir şey yapmıyordu, gün boyu misafirleri eğlendirecek, otele hareket katacak bir etkinlik göremedik. Bir ara en azından kendi aramızda tavla oynayalım dedik, koca otelde tavla var ama zar yoktu, bu da işletme ciddiyeti açısından bizi şaşırttı.
Pazar günü ise ne düzgün bir aktivite programı vardı ne de sushi bar açıktı. Özellikle hafta sonu daha canlı ve dolu bir program beklerken, aksine hiçbir şeyin olmadığı, birçok alanın kapalı olduğu bir gün yaşadık. Bu durum, otelin kendi tanıtımları ve beklentiyle örtüşmüyor.
Bu yaşadıklarımız nedeniyle Selectum Colours Bodrum’dan aldığımız hizmeti kesinlikle yeterli bulmuyor, otel yönetiminden hem yemek kalitesi hem de aktiviteler konusunda misafir memnuniyetini gerçekten önemseyen ve hissedilir şekilde iyileştirmeye yönelik adımlar atmasını bekliyorum.",17 Ağustos 09:18,112,,,,False,,,False,,,0,,,COMPLAINT_MATCHED,,Matched explicit reference: 'Selectum Colours Bodrum',https://www.sikayetvar.com/selectum-hotels/selectum-bodrum,2026-08-25T12:58:29.219502+00:00,Aldığımız Hizmetten Memnun Kalmadık,"13–17 Ağustos tarihleri arasında Selectum Colours Bodrum otelinde standart odada konakladık. Otelden genel olarak memnun kalmadığımızı özellikle belirtmek istiyorum. Yemekler hem lezzet hem çeşitlilik açısından beklentimizin oldukça altında kaldı. Açık büfe olmasına rağmen seçenekler kısıtlıydı ve sunulan yemekler de tat olarak yetersizdi. Böyle bir konsept ve fiyat seviyesindeki bir otelde çok daha iyi bir mutfak performansı beklerken hayal kırıklığı yaşadık. Aktiviteler konusunda da ciddi bir eksiklik vardı. Animasyon ekibi sabahtan akşama kadar neredeyse hiçbir şey yapmıyordu, gün boyu misafirleri eğlendirecek, otele hareket katacak bir etkinlik göremedik. Bir ara en azından kendi aramızda tavla oynayalım dedik, koca otelde tavla var ama zar yoktu, bu da işletme ciddiyeti açısından bizi şaşırttı. Pazar günü ise ne düzgün bir aktivite programı vardı ne de sushi bar açıktı. Özellikle hafta sonu daha canlı ve dolu bir program beklerken, aksine hiçbir şeyin olmadığı, birçok alanın kapalı olduğu bir gün yaşadık. Bu durum, otelin kendi tanıtımları ve beklentiyle örtüşmüyor. Bu yaşadıklarımız nedeniyle Selectum Colours Bodrum’dan aldığımız hizmeti kesinlikle yeterli bulmuyor, otel yönetiminden hem yemek kalitesi hem de aktiviteler konusunda misafir memnuniyetini gerçekten önemseyen ve hissedilir şekilde iyileştirmeye yönelik adımlar atmasını bekliyorum.",,,1371,184,35,4,,,,,False,False,False,False,False,False,False,False,False,2026-08-25 12:58:29.219502,2026-08-17 09:18:00,True,DAY_MONTH_TIME_NO_YEAR,False,False,True,False,2026,8,2026-08,,,112,,0,False,False,False,False,False,False,Selectum Colours Bodrum,Gümbet,4.8,13412,5.0,540.0,1080.0,473.0,False,False,False,0,0,0,0,,,False,False,False
selectum-colors-bodrum-otelinde-kayip-airpods-teslim-edilmedi-ve-kullaniliyor,https://www.sikayetvar.com/selectum-hotels/selectum-colors-bodrum-otelinde-kayip-airpods-teslim-edilmedi-ve-kullaniliyor,https://www.sikayetvar.com/selectum-hotels/selectum-colors-bodrum-otelinde-kayip-airpods-teslim-edilmedi-ve-kullaniliyor,BOD068,Selectum Colours Bodrum,Gümbet,Selectum Hotels Selectum Bodrum,selectum-colors-bodrum-otelinde-kayip-airpods-teslim-edilmedi-ve-kullaniliyor,https://www.sikayetvar.com/selectum-hotels/selectum-colors-bodrum-otelinde-kayip-airpods-teslim-edilmedi-ve-kullaniliyor,Selectum Colors Bodrum Oteli'nde Kayıp AirPods Teslim Edilmedi Ve Kullanılıyor,"08–10 Ağustos 2026 tarihleri arasında Selectum Colors Bodrum Oteli’nde 4513 numaralı odada konakladım. Otelden ayrılırken Apple Airpods kulaklığımı odada unuttuğumu, İstanbul’a döndükten sonra fark ettim. Apple’ın “Bul” özelliği üzerinden kulaklığımın konumunu kontrol ettiğimde, cihazın konumunun otelin personel lojmanlarını gösterdiğini gördüm.
Bu durumu, konum ekran görüntüleriyle birlikte otel yönetimine açık ve net şekilde ilettim. Buna rağmen, konumu personel lojmanları ve sonrasında otel içindeki bir alanı işaret eden kulaklığım, bulan kişi tarafından otel yönetimine teslim edilmek yerine kullanılmaya devam ediyor gibi görünmektedir. Hâlihazırda da kulaklığın konumu otelin havuz barına yakın bir noktada kullanılıyor olarak görünmektedir.
Otel yönetimi ile telefon ve WhatsApp üzerinden, kendilerini temsilen görüştüğüm ve kayıtlarında B***** Bey olarak görünen kişi aracılığıyla iletişime geçtim. Bana bu konuda kendilerinin herhangi bir işlem yapamayacağı, polise şikayette bulunmam gerektiği söylendi. Polise başvurduğumda ise konunun savcılık yetkisinde olduğu ve Cumhuriyet Başsavcılığına başvurmam gerektiği belirtildi.
Sonuç olarak, konumu açıkça otelin personel lojmanlarını ve ardından otel içindeki bir alanı gösteren, otel yönetiminin de haberdar olduğu bir eşya söz konusu olmasına rağmen, Selectum Colors Bodrum Oteli müşterisinin mağduriyetini gidermek adına hiçbir çözüm üretmemiştir. Ben otelden imkansız bir şey talep etmiyorum; en azından konunun ciddiyetle araştırılmasını, personel lojmanlarında kalan kişilerin ve ilgili kamera kayıtlarının incelenmesini ve müşteriye ait olduğu açıkça bildirilen kulaklığın bulunması için gerekli desteğin verilmesini bekliyorum.
Bir müşterinin otelde unuttuğu eşyasının, konumu otelin personel lojmanlarını ve otel içini açıkça işaret etmesine rağmen teslim edilmemesi ve otel yönetiminin “bizim yapabileceğimiz bir şey yok” diyerek sorumluluğu tamamen müşteriye yüklemesi, 5 yıldızlı bir otel anlayışıyla bağdaşmamaktadır. Selectum Colors Bodrum Otel yönetiminden, yaşadığım bu mağduriyetle ilgili somut bir açıklama yapmalarını ve kulaklığımın bulunmasına yönelik net bir çözüm üretmelerini talep ediyorum.
İlgili marka yetkililerinin benimle Osman K************ adıyla, 0554*****73 numaralı telefon üzerinden iletişime geçmesini rica ederim.",12 Ağustos 10:24,57,,,,False,,,False,,,0,,,COMPLAINT_MATCHED,,Matched explicit reference: 'Selectum Colors Bodrum',https://www.sikayetvar.com/selectum-hotels/selectum-bodrum,2026-08-25T12:58:29.219502+00:00,Selectum Colors Bodrum Oteli'nde Kayıp AirPods Teslim Edilmedi Ve Kullanılıyor,"08–10 Ağustos 2026 tarihleri arasında Selectum Colors Bodrum Oteli’nde 4513 numaralı odada konakladım. Otelden ayrılırken Apple Airpods kulaklığımı odada unuttuğumu, İstanbul’a döndükten sonra fark ettim. Apple’ın “Bul” özelliği üzerinden kulaklığımın konumunu kontrol ettiğimde, cihazın konumunun otelin personel lojmanlarını gösterdiğini gördüm. Bu durumu, konum ekran görüntüleriyle birlikte otel yönetimine açık ve net şekilde ilettim. Buna rağmen, konumu personel lojmanları ve sonrasında otel içindeki bir alanı işaret eden kulaklığım, bulan kişi tarafından otel yönetimine teslim edilmek yerine kullanılmaya devam ediyor gibi görünmektedir. Hâlihazırda da kulaklığın konumu otelin havuz barına yakın bir noktada kullanılıyor olarak görünmektedir. Otel yönetimi ile telefon ve WhatsApp üzerinden, kendilerini temsilen görüştüğüm ve kayıtlarında B***** Bey olarak görünen kişi aracılığıyla iletişime geçtim. Bana bu konuda kendilerinin herhangi bir işlem yapamayacağı, polise şikayette bulunmam gerektiği söylendi. Polise başvurduğumda ise konunun savcılık yetkisinde olduğu ve Cumhuriyet Başsavcılığına başvurmam gerektiği belirtildi. Sonuç olarak, konumu açıkça otelin personel lojmanlarını ve ardından otel içindeki bir alanı gösteren, otel yönetiminin de haberdar olduğu bir eşya söz konusu olmasına rağmen, Selectum Colors Bodrum Oteli müşterisinin mağduriyetini gidermek adına hiçbir çözüm üretmemiştir. Ben otelden imkansız bir şey talep etmiyorum; en azından konunun ciddiyetle araştırılmasını, personel lojmanlarında kalan kişilerin ve ilgili kamera kayıtlarının incelenmesini ve müşteriye ait olduğu açıkça bildirilen kulaklığın bulunması için gerekli desteğin verilmesini bekliyorum. Bir müşterinin otelde unuttuğu eşyasının, konumu otelin personel lojmanlarını ve otel içini açıkça işaret etmesine rağmen teslim edilmemesi ve otel yönetiminin “bizim yapabileceğimiz bir şey yok” diyerek sorumluluğu tamamen müşteriye yüklemesi, 5 yıldızlı bir otel anlayışıyla bağdaşmamaktadır. Selectum Colors Bodrum Otel yönetiminden, yaşadığım bu mağduriyetle ilgili somut bir açıklama yapmalarını ve kulaklığımın bulunmasına yönelik net bir çözüm üretmelerini talep ediyorum. İlgili marka yetkililerinin benimle Osman K************ adıyla, 0554*****73 numaralı telefon üzerinden iletişime geçmesini rica ederim.",,,2315,284,78,10,,,,,False,False,False,False,False,False,False,False,False,2026-08-25 12:58:29.219502,2026-08-12 10:24:00,True,DAY_MONTH_TIME_NO_YEAR,False,False,True,False,2026,8,2026-08,,,57,,0,False,False,False,False,False,False,Selectum Colours Bodrum,Gümbet,4.8,13412,5.0,540.0,1080.0,473.0,False,False,False,0,0,0,0,,,False,False,False
selectum-hotels-turk-misafirlere-karsi-son-derece-saygisiz-ve-ayrimci-davrandigina-sahit-olduk,https://www.sikayetvar.com/selectum-hotels/selectum-hotels-turk-misafirlere-karsi-son-derece-saygisiz-ve-ayrimci-davrandigina-sahit-olduk,https://www.sikayetvar.com/selectum-hotels/selectum-hotels-turk-misafirlere-karsi-son-derece-saygisiz-ve-ayrimci-davrandigina-sahit-olduk,BOD068,Selectum Colours Bodrum,Gümbet,Selectum Hotels Selectum Bodrum,selectum-hotels-turk-misafirlere-karsi-son-derece-saygisiz-ve-ayrimci-davrandigina-sahit-olduk,https://www.sikayetvar.com/selectum-hotels/selectum-hotels-turk-misafirlere-karsi-son-derece-saygisiz-ve-ayrimci-davrandigina-sahit-olduk,Türk Misafirlere Karşı Son Derece Saygısız Ve Ayrımcı Davrandığına Şahit Olduk,"25.07.2026–29.07.2026 tarihleri arasında balayı çifti olarak Selectum Colours Bodrum Gümbet otelde, balayı her şey dahil konseptinde 2533 numaralı odada konakladık. Otele giriş yaptığımız ilk günden itibaren özellikle restoran bölümünde görevli garsonların Türk misafirlere karşı son derece saygısız ve ayrımcı davrandığına şahit olduk. Rus misafirlere gösterilen ilgi ve hizmet ile bize yapılan muamele arasında çok belirgin bir fark vardı. Kendi ülkemde ikinci sınıf insan muamelesi görmek hem kırıcı hem de son derece rencide ediciydi.
Konaklama süremiz boyunca aracımızı sürekli olarak otelin valesine teslim ettik. Çıkış yapacağımız gün aracımız getirildiğinde, aracımızın altındaki motor koruma plastiğinin paramparça olmuş şekilde kırık ve sarkar halde olduğunu gördük. Aracı valeye teslim ettiğimizde böyle bir hasar kesinlikle yoktu ve bunu orada açıkça belirttik. Kamera kayıtlarının incelenmesini istedik ve hatta kolaylık olması için otelde kaldığımız günlere ait giriş–çıkış saatlerimizi tek tek söyledik.
Tüm bunlara rağmen misafir ilişkileri müdürü son derece üslupsuz ve suçlayıcı bir tavırla bize yaklaştı. Ayın 27’sinde aracı teslim ederken kontrol etmişsiniz, neden önü kontrol ettiniz de arka kısmı kontrol etmediniz şeklinde konuşarak saygısız bir üslup kullandı ve hiçbir şekilde sorumluluk almadılar. Kendi imkanlarımızla geçici bir çözüm yaptırmak zorunda kaldık, bu süreçte yaklaşık 4 saatimiz boşa gitti ve önümüzde 800 km yol varken seyahatimizi bu stresle tamamlamak zorunda kaldık. Balayımızda güzel anılar biriktirmek isterken hem ayrımcı muameleye maruz kaldık hem de aracımızın zarar görmesiyle ciddi bir mağduriyet yaşadık.
Selectum Colours Bodrum Gümbet otel yönetiminden, vale tesliminde hasar gören aracımızın motor koruma plastiği ile ilgili tüm hasar ve onarım masraflarının eksiksiz şekilde karşılanmasını talep ediyorum. Ayrıca restoran personelinin Türk misafirlere karşı tutumuyla ve misafir ilişkileri müdürünün üslubuyla ilgili gerekli incelemenin yapılarak benzer bir durumun başka misafirlerin başına gelmemesi için gerekli adımların atılmasını istiyorum.",30 Temmuz 08:53,214,,,,False,,,False,,,0,,,COMPLAINT_MATCHED,,Matched explicit reference: 'Selectum Colours Bodrum',https://www.sikayetvar.com/selectum-hotels/selectum-bodrum,2026-08-25T12:58:29.219502+00:00,Türk Misafirlere Karşı Son Derece Saygısız Ve Ayrımcı Davrandığına Şahit Olduk,"25.07.2026–29.07.2026 tarihleri arasında balayı çifti olarak Selectum Colours Bodrum Gümbet otelde, balayı her şey dahil konseptinde 2533 numaralı odada konakladık. Otele giriş yaptığımız ilk günden itibaren özellikle restoran bölümünde görevli garsonların Türk misafirlere karşı son derece saygısız ve ayrımcı davrandığına şahit olduk. Rus misafirlere gösterilen ilgi ve hizmet ile bize yapılan muamele arasında çok belirgin bir fark vardı. Kendi ülkemde ikinci sınıf insan muamelesi görmek hem kırıcı hem de son derece rencide ediciydi. Konaklama süremiz boyunca aracımızı sürekli olarak otelin valesine teslim ettik. Çıkış yapacağımız gün aracımız getirildiğinde, aracımızın altındaki motor koruma plastiğinin paramparça olmuş şekilde kırık ve sarkar halde olduğunu gördük. Aracı valeye teslim ettiğimizde böyle bir hasar kesinlikle yoktu ve bunu orada açıkça belirttik. Kamera kayıtlarının incelenmesini istedik ve hatta kolaylık olması için otelde kaldığımız günlere ait giriş–çıkış saatlerimizi tek tek söyledik. Tüm bunlara rağmen misafir ilişkileri müdürü son derece üslupsuz ve suçlayıcı bir tavırla bize yaklaştı. Ayın 27’sinde aracı teslim ederken kontrol etmişsiniz, neden önü kontrol ettiniz de arka kısmı kontrol etmediniz şeklinde konuşarak saygısız bir üslup kullandı ve hiçbir şekilde sorumluluk almadılar. Kendi imkanlarımızla geçici bir çözüm yaptırmak zorunda kaldık, bu süreçte yaklaşık 4 saatimiz boşa gitti ve önümüzde 800 km yol varken seyahatimizi bu stresle tamamlamak zorunda kaldık. Balayımızda güzel anılar biriktirmek isterken hem ayrımcı muameleye maruz kaldık hem de aracımızın zarar görmesiyle ciddi bir mağduriyet yaşadık. Selectum Colours Bodrum Gümbet otel yönetiminden, vale tesliminde hasar gören aracımızın motor koruma plastiği ile ilgili tüm hasar ve onarım masraflarının eksiksiz şekilde karşılanmasını talep ediyorum. Ayrıca restoran personelinin Türk misafirlere karşı tutumuyla ve misafir ilişkileri müdürünün üslubuyla ilgili gerekli incelemenin yapılarak benzer bir durumun başka misafirlerin başına gelmemesi için gerekli adımların atılmasını istiyorum.",,,2101,276,78,11,,,,,False,False,False,False,False,False,False,False,False,2026-08-25 12:58:29.219502,2026-07-30 08:53:00,True,DAY_MONTH_TIME_NO_YEAR,False,False,True,False,2026,7,2026-07,,,214,,0,False,False,False,True,False,False,Selectum Colours Bodrum,Gümbet,4.8,13412,5.0,540.0,1080.0,473.0,False,False,False,0,0,0,0,,,False,False,False
selectum-collection-bodrumda-valesiz-giris-ve-koordinasyon-sorunlari,https://www.sikayetvar.com/selectum-hotels/selectum-collection-bodrumda-valesiz-giris-ve-koordinasyon-sorunlari,https://www.sikayetvar.com/selectum-hotels/selectum-collection-bodrumda-valesiz-giris-ve-koordinasyon-sorunlari,BOD012,Selectum Collection Bodrum,Akyarlar,Selectum Hotels Selectum Collection Bodrum,selectum-collection-bodrumda-valesiz-giris-ve-koordinasyon-sorunlari,https://www.sikayetvar.com/selectum-hotels/selectum-collection-bodrumda-valesiz-giris-ve-koordinasyon-sorunlari,Selectum Collection Bodrum’da Valesiz Giriş Ve Koordinasyon Sorunları,"28–31 Mayıs tarihleri arasında Selectum Collection Bodrum otelinde gerçekleştirdiğimiz konaklama, ne yazık ki 5 yıldızlı ve “Collection” konseptli bir tesisten beklediğimiz standartların altında kaldı. Bu deneyimi, otel yönetiminin hizmet kalitesini ve operasyonel süreçlerini geliştirmesine katkı sağlaması amacıyla paylaşmak istiyoruz.
Otele girişte vale hizmeti sunulmadı ve aracımızı kendimiz park etmek zorunda kaldık. Bu segmentte bir tesiste ilk karşılamanın daha konforlu ve yönlendirici olmasını beklerdik. Odamızın hazır olduğu bilgisi verildi ancak odaya girdiğimizde televizyon tamiri yapan bir teknik personelle karşılaştık. Personelin üslubu huzursuz ediciydi ve resepsiyonun bu durumdan haberdar olmaması, birimler arası koordinasyonun zayıf olduğunu gösterdi.
Snack barda verdiğimiz sipariş yaklaşık 45 dakika gibi uzun bir sürede geldi. Temel masa düzeni için dahi defalarca ricada bulunmak zorunda kalmamız servis deneyimini olumsuz etkiledi. Ayrıca bize kalmadığı söylenen bir yemeğin kısa süre sonra yan masaya servis edilmesi hem bilgilendirme açısından hem de misafir yaklaşımı anlamında bizi üzdü. Akşam yemeklerinde ana et seçeneklerinin çoğunlukla köfte, döner ve hindi biftekle sınırlı kalması da, hem çeşitlilik hem de konsept beklentilerimiz açısından yetersiz kaldı.
7/24 açık olan barda sürekli uzun kuyruklar vardı ve yoğun saatlerde tek bir miksolog görev yapıyordu. Bu sırada “vardiya değişimi” gibi tamamen iç operasyonla ilgili gerekçelerin misafire açıklama olarak sunulması, profesyonel bir yaklaşım olarak bize doğru gelmedi. Oda ve ortak alanlarda da benzer küçük ama toplamda rahatsız edici detaylar yaşadık; temizlik sonrası tuvalet kağıdının yenilenmemiş olması ve havuz başındaki şemsiye sayısının yetersizliği nedeniyle güneş altında yaklaşık 20 dakika şemsiye beklemek zorunda kalmamız bunlara örnek oldu.
Konaklamamız boyunca operasyonel problemler peş peşe geldiği için, kısa tatilimizi tamamen şikayet süreçleriyle geçirmek istemedik. Bu nedenle çok elzem durumlar dışında yetkililerden ekstra çözüm talep ederek vaktimizi sürekli problem anlatmakla harcamamayı tercih ettik. Asıl amacımız dinlenmek iken, yaşadığımız aksaklıkların tamamını tek tek takip etseydik tatilin ruhunun kaybolacağını düşündük.
Selectum markasının kalitesine güvenerek tercih ettiğimiz bu tesiste, özellikle personel eğitimi, iletişim dili ve departmanlar arası koordinasyon alanlarında geliştirme yapılması gerektiğini düşünüyoruz. Yaşadığımız bu deneyimin, misafir memnuniyetini artırmaya yönelik yapıcı bir geri bildirim olarak değerlendirilmesini ve benzer durumların tekrarının önlenmesi için gerekli adımların atılmasını rica ederiz.",31 Mayıs 20:33,458,,,,False,,,False,,,0,,,COMPLAINT_MATCHED,,Dedicated single-property source page,https://www.sikayetvar.com/selectum-hotels/selectum-collection-bodrum,2026-08-25T12:58:29.219502+00:00,Selectum Collection Bodrum’da Valesiz Giriş Ve Koordinasyon Sorunları,"28–31 Mayıs tarihleri arasında Selectum Collection Bodrum otelinde gerçekleştirdiğimiz konaklama, ne yazık ki 5 yıldızlı ve “Collection” konseptli bir tesisten beklediğimiz standartların altında kaldı. Bu deneyimi, otel yönetiminin hizmet kalitesini ve operasyonel süreçlerini geliştirmesine katkı sağlaması amacıyla paylaşmak istiyoruz. Otele girişte vale hizmeti sunulmadı ve aracımızı kendimiz park etmek zorunda kaldık. Bu segmentte bir tesiste ilk karşılamanın daha konforlu ve yönlendirici olmasını beklerdik. Odamızın hazır olduğu bilgisi verildi ancak odaya girdiğimizde televizyon tamiri yapan bir teknik personelle karşılaştık. Personelin üslubu huzursuz ediciydi ve resepsiyonun bu durumdan haberdar olmaması, birimler arası koordinasyonun zayıf olduğunu gösterdi. Snack barda verdiğimiz sipariş yaklaşık 45 dakika gibi uzun bir sürede geldi. Temel masa düzeni için dahi defalarca ricada bulunmak zorunda kalmamız servis deneyimini olumsuz etkiledi. Ayrıca bize kalmadığı söylenen bir yemeğin kısa süre sonra yan masaya servis edilmesi hem bilgilendirme açısından hem de misafir yaklaşımı anlamında bizi üzdü. Akşam yemeklerinde ana et seçeneklerinin çoğunlukla köfte, döner ve hindi biftekle sınırlı kalması da, hem çeşitlilik hem de konsept beklentilerimiz açısından yetersiz kaldı. 7/24 açık olan barda sürekli uzun kuyruklar vardı ve yoğun saatlerde tek bir miksolog görev yapıyordu. Bu sırada “vardiya değişimi” gibi tamamen iç operasyonla ilgili gerekçelerin misafire açıklama olarak sunulması, profesyonel bir yaklaşım olarak bize doğru gelmedi. Oda ve ortak alanlarda da benzer küçük ama toplamda rahatsız edici detaylar yaşadık; temizlik sonrası tuvalet kağıdının yenilenmemiş olması ve havuz başındaki şemsiye sayısının yetersizliği nedeniyle güneş altında yaklaşık 20 dakika şemsiye beklemek zorunda kalmamız bunlara örnek oldu. Konaklamamız boyunca operasyonel problemler peş peşe geldiği için, kısa tatilimizi tamamen şikayet süreçleriyle geçirmek istemedik. Bu nedenle çok elzem durumlar dışında yetkililerden ekstra çözüm talep ederek vaktimizi sürekli problem anlatmakla harcamamayı tercih ettik. Asıl amacımız dinlenmek iken, yaşadığımız aksaklıkların tamamını tek tek takip etseydik tatilin ruhunun kaybolacağını düşündük. Selectum markasının kalitesine güvenerek tercih ettiğimiz bu tesiste, özellikle personel eğitimi, iletişim dili ve departmanlar arası koordinasyon alanlarında geliştirme yapılması gerektiğini düşünüyoruz. Yaşadığımız bu deneyimin, misafir memnuniyetini artırmaya yönelik yapıcı bir geri bildirim olarak değerlendirilmesini ve benzer durumların tekrarının önlenmesi için gerekli adımların atılmasını rica ederiz.",,,2663,335,69,8,,,,,False,False,False,False,False,False,True,False,False,2026-08-25 12:58:29.219502,2026-05-31 20:33:00,True,DAY_MONTH_TIME_NO_YEAR,False,False,True,False,2026,5,2026-05,,,458,,0,False,False,False,False,True,True,Selectum Collection Bodrum,Akyarlar,4.5,6514,,,,387.0,False,False,False,0,0,0,0,,,False,False,False
selectum-hotels-odalar-eski-temizlik-yetersiz-yemek-kalitesi-dusuk-ve-yerli-misafirlere-ayrimcilik,https://www.sikayetvar.com/selectum-hotels/selectum-hotels-odalar-eski-temizlik-yetersiz-yemek-kalitesi-dusuk-ve-yerli-misafirlere-ayrimcilik,https://www.sikayetvar.com/selectum-hotels/selectum-hotels-odalar-eski-temizlik-yetersiz-yemek-kalitesi-dusuk-ve-yerli-misafirlere-ayrimcilik,BOD012,Selectum Collection Bodrum,Akyarlar,Selectum Hotels Selectum Collection Bodrum,selectum-hotels-odalar-eski-temizlik-yetersiz-yemek-kalitesi-dusuk-ve-yerli-misafirlere-ayrimcilik,https://www.sikayetvar.com/selectum-hotels/selectum-hotels-odalar-eski-temizlik-yetersiz-yemek-kalitesi-dusuk-ve-yerli-misafirlere-ayrimcilik,"Odalar Eski, Temizlik Yetersiz, Yemek Kalitesi Düşük ve Yerli Misafirlere Ayrımcılık","Selectum Collection Bodrum oteline üçüncü kez geldim. Daha önceki tatillerimizden bildiğimiz güzel sahili, denizi ve doğası aynı şekilde duruyor, bu anlamda söyleyebileceğim olumsuz bir şey yok. Ancak genel hizmet kalitesi ve tesisin durumu maalesef önceki gelişlerimize göre ciddi şekilde gerilemiş durumda.
17 Mayıs tarihinde 5 gece için standart oda konaklaması yaptık ve tatilimiz için yaklaşık 37 bin tl ödedik. Buna rağmen odalar oldukça eskimiş, bakım görmemiş ve temizlik konusunda ciddi sıkıntılar vardı. Hijyen seviyesi, bu segmentteki bir otele kesinlikle yakışmıyor.
Ana restoranda yemek çeşitliliği ve kalitesi son derece yetersizdi. Beş günlük tatilimizin sadece iki günü ana restoranda yemek yiyebildik, kalan üç gün yemekleri beğenmediğimiz için yiyemedik. Snack barda ise menüde yazmasına rağmen bir gün bile et döner çıkmadı, sorduğumuzda da sadece “sezon açılmadı” cevabını aldık. Ödediğimiz ücret karşısında bu durum kabul edilebilir değil.
Tesis içinde hizmet ve yaklaşım açısından da ciddi bir memnuniyetsizlik yaşadık. Yerli ve yabancı misafirlere karşı açık bir ayrımcılık hissediliyor. Türk misafirlere gösterilmeyen ilgi ve özen, yabancı turistlere fazlasıyla gösteriliyor. Bardan bir şey isterken bile sanki gereğinden fazla bir şey talep ediyormuşuz gibi, isteksiz ve rahatsız bir tavırla karşılaştık. Bu durum, insanı kendini değersiz ve “açgözlüymüş” gibi hissettiriyor.
Akşam aktiviteleri ve eğlence konusunda da otel beklentinin çok altında kaldı. Akşam etkinlikleri son derece yetersizdi, olan az sayıdaki aktivite de tamamen yabancı misafirlere yönelik planlanmıştı. Türk misafirler için düşünülmüş kayda değer bir eğlence ya da aktivite yoktu, neredeyse otelde hiç aktivite yok denilebilir.
Özetle, doğası ve denizi çok güzel olmasına rağmen, ödediğimiz ücret karşılığında odaların eski ve bakımsız olması, temizlik yetersizliği, yemek kalitesinin düşüklüğü, snack bardaki menüde olup servisi yapılmayan ürünler, yerli–yabancı misafir ayrımı ve aktivitelerin sadece yabancılara yönelik olması nedeniyle büyük bir hayal kırıklığı yaşadım. Bu konularda acilen iyileştirme yapılmasını ve özellikle yerli misafirlerin de aynı saygı ve özenle ağırlanmasını bekliyorum.",25 Mayıs 10:56,492,,,,False,,,False,,,1,1 Haziran 17:15,Ücret iadesi talebimle ilgili bir gelişme olmadı ve markanın bana yaklaşımı iyi değildi.,COMPLAINT_MATCHED,,Dedicated single-property source page,https://www.sikayetvar.com/selectum-hotels/selectum-collection-bodrum,2026-08-25T12:58:29.219502+00:00,"Odalar Eski, Temizlik Yetersiz, Yemek Kalitesi Düşük ve Yerli Misafirlere Ayrımcılık","Selectum Collection Bodrum oteline üçüncü kez geldim. Daha önceki tatillerimizden bildiğimiz güzel sahili, denizi ve doğası aynı şekilde duruyor, bu anlamda söyleyebileceğim olumsuz bir şey yok. Ancak genel hizmet kalitesi ve tesisin durumu maalesef önceki gelişlerimize göre ciddi şekilde gerilemiş durumda. 17 Mayıs tarihinde 5 gece için standart oda konaklaması yaptık ve tatilimiz için yaklaşık 37 bin tl ödedik. Buna rağmen odalar oldukça eskimiş, bakım görmemiş ve temizlik konusunda ciddi sıkıntılar vardı. Hijyen seviyesi, bu segmentteki bir otele kesinlikle yakışmıyor. Ana restoranda yemek çeşitliliği ve kalitesi son derece yetersizdi. Beş günlük tatilimizin sadece iki günü ana restoranda yemek yiyebildik, kalan üç gün yemekleri beğenmediğimiz için yiyemedik. Snack barda ise menüde yazmasına rağmen bir gün bile et döner çıkmadı, sorduğumuzda da sadece “sezon açılmadı” cevabını aldık. Ödediğimiz ücret karşısında bu durum kabul edilebilir değil. Tesis içinde hizmet ve yaklaşım açısından da ciddi bir memnuniyetsizlik yaşadık. Yerli ve yabancı misafirlere karşı açık bir ayrımcılık hissediliyor. Türk misafirlere gösterilmeyen ilgi ve özen, yabancı turistlere fazlasıyla gösteriliyor. Bardan bir şey isterken bile sanki gereğinden fazla bir şey talep ediyormuşuz gibi, isteksiz ve rahatsız bir tavırla karşılaştık. Bu durum, insanı kendini değersiz ve “açgözlüymüş” gibi hissettiriyor. Akşam aktiviteleri ve eğlence konusunda da otel beklentinin çok altında kaldı. Akşam etkinlikleri son derece yetersizdi, olan az sayıdaki aktivite de tamamen yabancı misafirlere yönelik planlanmıştı. Türk misafirler için düşünülmüş kayda değer bir eğlence ya da aktivite yoktu, neredeyse otelde hiç aktivite yok denilebilir. Özetle, doğası ve denizi çok güzel olmasına rağmen, ödediğimiz ücret karşılığında odaların eski ve bakımsız olması, temizlik yetersizliği, yemek kalitesinin düşüklüğü, snack bardaki menüde olup servisi yapılmayan ürünler, yerli–yabancı misafir ayrımı ve aktivitelerin sadece yabancılara yönelik olması nedeniyle büyük bir hayal kırıklığı yaşadım. Bu konularda acilen iyileştirme yapılmasını ve özellikle yerli misafirlerin de aynı saygı ve özenle ağırlanmasını bekliyorum.",,,2198,294,84,11,,,,,False,False,False,False,False,False,True,False,False,2026-08-25 12:58:29.219502,2026-05-25 10:56:00,True,DAY_MONTH_TIME_NO_YEAR,False,False,True,False,2026,5,2026-05,,,492,,1,False,False,False,False,True,True,Selectum Collection Bodrum,Akyarlar,4.5,6514,,,,387.0,False,False,False,1,0,1,0,2026-06-01 17:15:00,2026-06-01 17:15:00,False,False,False
selectum-colors-bodrumda-oda-temizligi-ve-musteri-iliskilerinde-yetersizlik,https://www.sikayetvar.com/selectum-hotels/selectum-colors-bodrumda-oda-temizligi-ve-musteri-iliskilerinde-yetersizlik,https://www.sikayetvar.com/selectum-hotels/selectum-colors-bodrumda-oda-temizligi-ve-musteri-iliskilerinde-yetersizlik,BOD068,Selectum Colours Bodrum,Gümbet,Selectum Hotels Selectum Bodrum,selectum-colors-bodrumda-oda-temizligi-ve-musteri-iliskilerinde-yetersizlik,https://www.sikayetvar.com/selectum-hotels/selectum-colors-bodrumda-oda-temizligi-ve-musteri-iliskilerinde-yetersizlik,Selectum Colors Bodrum'da  Oda Temizliği Ve Müşteri İlişkilerinde Yetersizlik,"29.08.2025 tarihinde Selectum Colors Bodrum Otel’de 5233 numaralı odada konaklamaya başladım. Odaya ilk giriş yaptığımda tavandan örümcek ağları sarkıyordu ve giysi dolabı tamamen toz içindeydi. İlk günün ardından bir sonraki temizlikte bu sorunların giderileceğini düşündüm, ancak temizlik yapıldıktan sonra da örümcek ağları ve tozlar aynı şekilde duruyordu. Konaklamamız boyunca temizlik konusunda hiçbir iyileşme olmadı.
Bunlara ek olarak, iki gün sonra odaya döndüğümüzde yatakta büyük bir böcek bulduk. Yetkili kişileri çağırdığımızda ise etrafa bakıp böcek yok diyerek şaka bir üslupla yaklaştılar. Hamile olduğumu belirterek konum olarak daha yakın bir oda talep ettiğimde, resepsiyondaki o** Bey sadece uzak bir oda olduğunu ve başka bir işlem yapamayacağını söyledi. Sadece oda değişikliği teklif edildi ve halkla ilişkilerden k** Bey özür diledi.
Konaklama süremiz boyunca hem temizlik hem de müşteri ilişkileri açısından büyük bir hayal kırıklığı yaşadık. Bu süreçte otelden daha fazla ilgi, anlayış ve samimi bir özür bekliyorum.",2 Ekim 2025 18:13,312,,,,False,,,False,,,0,,,COMPLAINT_MATCHED,,Matched explicit reference: 'Selectum Colors Bodrum',https://www.sikayetvar.com/selectum-hotels/selectum-bodrum,2026-08-25T12:58:29.219502+00:00,Selectum Colors Bodrum'da Oda Temizliği Ve Müşteri İlişkilerinde Yetersizlik,"29.08.2025 tarihinde Selectum Colors Bodrum Otel’de 5233 numaralı odada konaklamaya başladım. Odaya ilk giriş yaptığımda tavandan örümcek ağları sarkıyordu ve giysi dolabı tamamen toz içindeydi. İlk günün ardından bir sonraki temizlikte bu sorunların giderileceğini düşündüm, ancak temizlik yapıldıktan sonra da örümcek ağları ve tozlar aynı şekilde duruyordu. Konaklamamız boyunca temizlik konusunda hiçbir iyileşme olmadı. Bunlara ek olarak, iki gün sonra odaya döndüğümüzde yatakta büyük bir böcek bulduk. Yetkili kişileri çağırdığımızda ise etrafa bakıp böcek yok diyerek şaka bir üslupla yaklaştılar. Hamile olduğumu belirterek konum olarak daha yakın bir oda talep ettiğimde, resepsiyondaki o** Bey sadece uzak bir oda olduğunu ve başka bir işlem yapamayacağını söyledi. Sadece oda değişikliği teklif edildi ve halkla ilişkilerden k** Bey özür diledi. Konaklama süremiz boyunca hem temizlik hem de müşteri ilişkileri açısından büyük bir hayal kırıklığı yaşadık. Bu süreçte otelden daha fazla ilgi, anlayış ve samimi bir özür bekliyorum.",,,1042,144,76,9,,,,,False,False,False,False,False,False,False,False,False,2026-08-25 12:58:29.219502,2025-10-02 18:13:00,False,DAY_MONTH_YEAR_TIME,False,False,False,False,2025,10,2025-10,,,312,,0,False,False,False,True,False,False,Selectum Colours Bodrum,Gümbet,4.8,13412,5.0,540.0,1080.0,473.0,False,False,False,0,0,0,0,,,False,False,False
selectum-collection-hotel-bodrum-sorun-yasama,https://www.sikayetvar.com/selectum-hotels/selectum-collection-hotel-bodrum-sorun-yasama,https://www.sikayetvar.com/selectum-hotels/selectum-collection-hotel-bodrum-sorun-yasama,BOD012,Selectum Collection Bodrum,Akyarlar,Selectum Hotels Selectum Collection Bodrum,selectum-collection-hotel-bodrum-sorun-yasama,https://www.sikayetvar.com/selectum-hotels/selectum-collection-hotel-bodrum-sorun-yasama,Selectum Collection Hotel Bodrum Sorun Yaşama,Bodrum otellerden birinde tatil aldık 5 yıldızlı otel konseptinde ama bir bebek bir çocuk bir de yetişkin üç kişiye o kadar kötü ve kirli oda verildi ki değiştirmediler itirazıma rağmen. Sonra kapı problemi yaşamaya başladık defalarca kart ve kilit değiştirmelerine rağmen bizi ısrarla o kötü odada tutmaya devam etti. Sözde yetkililer bile o kadar alakasız davrandılar ki asla çözüm odaklı değildi. En son oteli terk ettirme seviyesine geldikten sonra hali hazırda nispeten daha iyi ve daha temiz bizden esirgedikleri odaya geçirdiler ama ben ilk iki gün bu sorunlarla uğraştım maalesef. Ayrıca yemekleri de başta çok kötüydü asla 5 yıldıza layık değildi restoran başındaki şefler garsonlar bile adeta saygısızca davranıyorlardı. Nitekim 15 günlük tatilimi erken sonlandırmak zorunda kaldığım halde bir günlük kalma ücret talebimi de bütün bu olumsuzluklara rağmen asla çözümcül olamayan müşteri hizmetleri ve otel yönetimi tarafından reddedildim. En azından bir günlük ücret iadesi talep ediyorum.,16 Temmuz 2025 08:41,1.878,,,,False,,,False,,,0,,,COMPLAINT_MATCHED,,Dedicated single-property source page,https://www.sikayetvar.com/selectum-hotels/selectum-collection-bodrum,2026-08-25T12:58:29.219502+00:00,Selectum Collection Hotel Bodrum Sorun Yaşama,Bodrum otellerden birinde tatil aldık 5 yıldızlı otel konseptinde ama bir bebek bir çocuk bir de yetişkin üç kişiye o kadar kötü ve kirli oda verildi ki değiştirmediler itirazıma rağmen. Sonra kapı problemi yaşamaya başladık defalarca kart ve kilit değiştirmelerine rağmen bizi ısrarla o kötü odada tutmaya devam etti. Sözde yetkililer bile o kadar alakasız davrandılar ki asla çözüm odaklı değildi. En son oteli terk ettirme seviyesine geldikten sonra hali hazırda nispeten daha iyi ve daha temiz bizden esirgedikleri odaya geçirdiler ama ben ilk iki gün bu sorunlarla uğraştım maalesef. Ayrıca yemekleri de başta çok kötüydü asla 5 yıldıza layık değildi restoran başındaki şefler garsonlar bile adeta saygısızca davranıyorlardı. Nitekim 15 günlük tatilimi erken sonlandırmak zorunda kaldığım halde bir günlük kalma ücret talebimi de bütün bu olumsuzluklara rağmen asla çözümcül olamayan müşteri hizmetleri ve otel yönetimi tarafından reddedildim. En azından bir günlük ücret iadesi talep ediyorum.,,,999,146,45,6,,,,,False,False,False,False,False,False,True,False,False,2026-08-25 12:58:29.219502,2025-07-16 08:41:00,False,DAY_MONTH_YEAR_TIME,False,False,False,False,2025,7,2025-07,,,1878,,0,False,False,False,False,True,True,Selectum Collection Bodrum,Akyarlar,4.5,6514,,,,387.0,False,False,False,0,0,0,0,,,False,False,False
bodrumda-kotu-hijyen-ve-yetersiz-hizmet-deneyimi,https://www.sikayetvar.com/selectum-hotels/bodrumda-kotu-hijyen-ve-yetersiz-hizmet-deneyimi,https://www.sikayetvar.com/selectum-hotels/bodrumda-kotu-hijyen-ve-yetersiz-hizmet-deneyimi,BOD068,Selectum Colours Bodrum,Gümbet,Selectum Hotels Selectum Bodrum,bodrumda-kotu-hijyen-ve-yetersiz-hizmet-deneyimi,https://www.sikayetvar.com/selectum-hotels/bodrumda-kotu-hijyen-ve-yetersiz-hizmet-deneyimi,Bodrum'da Kötü Hijyen Ve Yetersiz Hizmet Deneyimi,"3 gün Selectum Colours Bodrum Otel'de kaldık. Bugün ayrıldık, çok şükür. Odamızda böcekler ve karıncalar dolaşıyordu. Restoran kısmının tuvaleti pislik içindeydi. 3 gün boyunca öğlen ve akşam aralıksız ızgara köfte çıktı. Son gece et döner vardı, fakat yemek saati 21:30'da bitmesine rağmen saat 21:00'de döner bitti ve yenilenmeyeceği söylendi. Ultra her şey dahil konseptini geçtim, yarım pansiyon otellerde bile böyle bir şey görmedim. Yemek kalitesi çok kötüydü. Eşim dün akşam fıstıklı tatlı yedi, fıstık kabukları dişini kırdı, şu an diş hekimi randevusu arıyoruz. Plajda şezlong yok, sürekli yer aramak zorunda kaldık. Personel yüzümüze bakmadı. Şikayetimizi iletebileceğimiz herhangi bir yetkili yoktu. Google üzerinden yorum yapıyoruz, cevap veren yok; ancak olumlu yorumlara çok hızlı cevap veriliyor. Akdeniz'in ve Ege'nin belediye plajlarında, sosyal tesislerinde çok daha uygun fiyata daha iyi hizmet alabilirsiniz. Bir dünya para verip geldik, burnumuzdan geldi.",15 Temmuz 2025 16:36,1.592,,,,False,,,False,,,0,,,COMPLAINT_MATCHED,,Matched explicit reference: 'Selectum Colours Bodrum',https://www.sikayetvar.com/selectum-hotels/selectum-bodrum,2026-08-25T12:58:29.219502+00:00,Bodrum'da Kötü Hijyen Ve Yetersiz Hizmet Deneyimi,"3 gün Selectum Colours Bodrum Otel'de kaldık. Bugün ayrıldık, çok şükür. Odamızda böcekler ve karıncalar dolaşıyordu. Restoran kısmının tuvaleti pislik içindeydi. 3 gün boyunca öğlen ve akşam aralıksız ızgara köfte çıktı. Son gece et döner vardı, fakat yemek saati 21:30'da bitmesine rağmen saat 21:00'de döner bitti ve yenilenmeyeceği söylendi. Ultra her şey dahil konseptini geçtim, yarım pansiyon otellerde bile böyle bir şey görmedim. Yemek kalitesi çok kötüydü. Eşim dün akşam fıstıklı tatlı yedi, fıstık kabukları dişini kırdı, şu an diş hekimi randevusu arıyoruz. Plajda şezlong yok, sürekli yer aramak zorunda kaldık. Personel yüzümüze bakmadı. Şikayetimizi iletebileceğimiz herhangi bir yetkili yoktu. Google üzerinden yorum yapıyoruz, cevap veren yok; ancak olumlu yorumlara çok hızlı cevap veriliyor. Akdeniz'in ve Ege'nin belediye plajlarında, sosyal tesislerinde çok daha uygun fiyata daha iyi hizmet alabilirsiniz. Bir dünya para verip geldik, burnumuzdan geldi.",,,976,136,49,7,,,,,False,False,False,False,False,False,False,False,False,2026-08-25 12:58:29.219502,2025-07-15 16:36:00,False,DAY_MONTH_YEAR_TIME,False,False,False,False,2025,7,2025-07,,,1592,,0,False,False,False,False,False,False,Selectum Colours Bodrum,Gümbet,4.8,13412,5.0,540.0,1080.0,473.0,False,False,False,0,0,0,0,,,False,False,False
selectum-hotels-muthis-balayi-avantajlari,https://www.sikayetvar.com/selectum-hotels/selectum-hotels-muthis-balayi-avantajlari,https://www.sikayetvar.com/selectum-hotels/selectum-hotels-muthis-balayi-avantajlari,BOD068,Selectum Colours Bodrum,Gümbet,Selectum Hotels Selectum Bodrum,selectum-hotels-muthis-balayi-avantajlari,https://www.sikayetvar.com/selectum-hotels/selectum-hotels-muthis-balayi-avantajlari,Müthiş Balayi Avantajları,"Ekim ayında balayı için otel arayışındayken hem tesis hem de balayı avantajları için Gümbet'te bulunan Selectum Colours Bodrum Oteli'ni tercih ettik. Rezervasyonu balayı olarak belirterek yaptırdık. Gelmeden iki gün önce arayıp yine teyitleştik ancak otele vardığımızda resmen şoka uğradım. Bizim için ayrılan odada süsleme ve balayı ayrıcalıklarıyla karşılaşmayı planlarken muhtemelen depo kapısı olan ardiyeden bozma bir oda verdiler. Gerçekten bayağı kötüydü ve moralimiz çok bozuldu, yine de bir şey söylemedik. Ala carte için resepsiyonla konuşurken sorduk ve balayı olduğunu belirtmediniz dediler. Şaka gibi, isterseniz odadan çıktığınızda süsleyelim dediler. Onu da biz istemedik artık. Yani balayı ayrıcalıkları için seçtiğim otelde hiçbir ayrıcalıktan yararlanamadım. Beklentiye girmeden tercih ederseniz daha mutlu olabilirsiniz.",20 Haziran 2024 22:57,2.878,,,,False,,,False,,,0,,,COMPLAINT_MATCHED,,Matched explicit reference: 'Selectum Colours Bodrum',https://www.sikayetvar.com/selectum-hotels/selectum-bodrum,2026-08-25T12:58:29.219502+00:00,Müthiş Balayi Avantajları,"Ekim ayında balayı için otel arayışındayken hem tesis hem de balayı avantajları için Gümbet'te bulunan Selectum Colours Bodrum Oteli'ni tercih ettik. Rezervasyonu balayı olarak belirterek yaptırdık. Gelmeden iki gün önce arayıp yine teyitleştik ancak otele vardığımızda resmen şoka uğradım. Bizim için ayrılan odada süsleme ve balayı ayrıcalıklarıyla karşılaşmayı planlarken muhtemelen depo kapısı olan ardiyeden bozma bir oda verdiler. Gerçekten bayağı kötüydü ve moralimiz çok bozuldu, yine de bir şey söylemedik. Ala carte için resepsiyonla konuşurken sorduk ve balayı olduğunu belirtmediniz dediler. Şaka gibi, isterseniz odadan çıktığınızda süsleyelim dediler. Onu da biz istemedik artık. Yani balayı ayrıcalıkları için seçtiğim otelde hiçbir ayrıcalıktan yararlanamadım. Beklentiye girmeden tercih ederseniz daha mutlu olabilirsiniz.",,,839,109,25,3,,,,,False,False,False,False,False,False,False,False,False,2026-08-25 12:58:29.219502,2024-06-20 22:57:00,False,DAY_MONTH_YEAR_TIME,False,False,False,False,2024,6,2024-06,,,2878,,0,False,False,False,False,False,False,Selectum Colours Bodrum,Gümbet,4.8,13412,5.0,540.0,1080.0,473.0,False,False,False,0,0,0,0,,,False,False,False
selectum-colours-bodrum-otel,https://www.sikayetvar.com/selectum-hotels/selectum-colours-bodrum-otel,https://www.sikayetvar.com/selectum-hotels/selectum-colours-bodrum-otel,BOD068,Selectum Colours Bodrum,Gümbet,Selectum Hotels Selectum Bodrum,selectum-colours-bodrum-otel,https://www.sikayetvar.com/selectum-hotels/selectum-colours-bodrum-otel,Selectum Colours Bodrum Otel,"Selectum Colours Bodrum otelde 2 gecedir konaklıyorum. Önceki şikayetleri gördüğümde fiyat-performans olarak düşünüp önemsememiştim fakat hayatımda gittiğim en kötü otellerden birisi. Odamızdan böcek çıktı, odalar çok kirli ve saç dolu yerler var. Garsonlar her yerde yok, olanlar da aşırı kaba. Havuz barda 2 gündür oturarak cam fincanda kahve verilirken bugün bardak yıkamamak için köpük bardak uygulamasına geçtiklerini söylüyorlar. Bahane olarak da cam servisin insan sağlığına zararlı olduğunu savunuyorlar. Müşteri ilişkilerine şikayete gittiğimde asla yardımcı bir tavırla yaklaşılmıyor. Bu kadar kötü olduğunu bilseydik asla gelmezdik.",9 Haziran 2024 12:08,3.217,,,,False,,,False,,,0,,,COMPLAINT_MATCHED,,Matched explicit reference: 'Selectum Colours Bodrum',https://www.sikayetvar.com/selectum-hotels/selectum-bodrum,2026-08-25T12:58:29.219502+00:00,Selectum Colours Bodrum Otel,"Selectum Colours Bodrum otelde 2 gecedir konaklıyorum. Önceki şikayetleri gördüğümde fiyat-performans olarak düşünüp önemsememiştim fakat hayatımda gittiğim en kötü otellerden birisi. Odamızdan böcek çıktı, odalar çok kirli ve saç dolu yerler var. Garsonlar her yerde yok, olanlar da aşırı kaba. Havuz barda 2 gündür oturarak cam fincanda kahve verilirken bugün bardak yıkamamak için köpük bardak uygulamasına geçtiklerini söylüyorlar. Bahane olarak da cam servisin insan sağlığına zararlı olduğunu savunuyorlar. Müşteri ilişkilerine şikayete gittiğimde asla yardımcı bir tavırla yaklaşılmıyor. Bu kadar kötü olduğunu bilseydik asla gelmezdik.",,,643,84,28,4,,,,,False,False,False,False,False,False,False,False,False,2026-08-25 12:58:29.219502,2024-06-09 12:08:00,False,DAY_MONTH_YEAR_TIME,False,False,False,False,2024,6,2024-06,,,3217,,0,False,False,False,False,False,False,Selectum Colours Bodrum,Gümbet,4.8,13412,5.0,540.0,1080.0,473.0,False,False,False,0,0,0,0,,,False,False,False
yogun-idrar-kokusu-ve-yetersiz-temizlik-sikayeti,https://www.sikayetvar.com/selectum-hotels/yogun-idrar-kokusu-ve-yetersiz-temizlik-sikayeti,https://www.sikayetvar.com/selectum-hotels/yogun-idrar-kokusu-ve-yetersiz-temizlik-sikayeti,BOD012,Selectum Collection Bodrum,Akyarlar,Selectum Hotels Selectum Collection Bodrum,yogun-idrar-kokusu-ve-yetersiz-temizlik-sikayeti,https://www.sikayetvar.com/selectum-hotels/yogun-idrar-kokusu-ve-yetersiz-temizlik-sikayeti,Yoğun İdrar Kokusu Ve Yetersiz Temizlik Şikayeti,"20.07.2026 – 25.07.2026 tarihleri arasında Selectum Collection Bodrum’da 9210 numaralı odada konakladık ve odaya girdiğimiz ilk andan itibaren tuvaletten gelen yoğun idrar kokusu ile karşılaştık. Koku o kadar rahatsız ediciydi ki, her seferinde resepsiyonu arayıp durumu defalarca anlatmak zorunda kaldık.
Her aradığımızda tarafımıza detaylı temizlik yaptırılacağı söylenmesine rağmen odadaki koku hiçbir şekilde azalmadı. Ayrıca beklediğimiz gibi kapsamlı bir temizlik ya da banyo/tuvalet için uygun profesyonel bir çözüm yerine, sadece lavaboya ve banyo giderine pisuvarlarda kullanılan, idrar yapılınca koku veren türden bir ürün koymakla yetinildi. Bu uygulama kokuyu gidermediği gibi sorunu sadece yüzeysel olarak kapatmaya çalışan bir yaklaşım olarak kaldı.
Tüm bu süreç boyunca ne otel yönetiminden bu konuyla ilgili bilgilendirme amaçlı bir dönüş aldık ne de tarafımıza oda değişikliği imkanı sunuldu. Ödediğimiz yaklaşık 100 bin TL’ye rağmen, bizden önce odada kalan misafirlerin bıraktığı idrar kokusuna 5 gece 6 gün boyunca maruz bırakıldık ve konaklamamız ciddi anlamda konforsuz hale geldi.
Yaşadığımız bu hijyen ve Konfor sorununun ciddiyetle ele alınmasını, konu hakkında tarafıma açıklama yapılmasını ve mağduriyetimizin ücret iadesi ya da uygun görülecek başka bir telafi yöntemiyle giderilmesini talep ediyorum.",27 Temmuz 00:01,73,,,,False,,,False,,,0,,,COMPLAINT_MATCHED,,Dedicated single-property source page,https://www.sikayetvar.com/selectum-hotels/selectum-collection-bodrum,2026-08-25T12:58:29.219502+00:00,Yoğun İdrar Kokusu Ve Yetersiz Temizlik Şikayeti,"20.07.2026 – 25.07.2026 tarihleri arasında Selectum Collection Bodrum’da 9210 numaralı odada konakladık ve odaya girdiğimiz ilk andan itibaren tuvaletten gelen yoğun idrar kokusu ile karşılaştık. Koku o kadar rahatsız ediciydi ki, her seferinde resepsiyonu arayıp durumu defalarca anlatmak zorunda kaldık. Her aradığımızda tarafımıza detaylı temizlik yaptırılacağı söylenmesine rağmen odadaki koku hiçbir şekilde azalmadı. Ayrıca beklediğimiz gibi kapsamlı bir temizlik ya da banyo/tuvalet için uygun profesyonel bir çözüm yerine, sadece lavaboya ve banyo giderine pisuvarlarda kullanılan, idrar yapılınca koku veren türden bir ürün koymakla yetinildi. Bu uygulama kokuyu gidermediği gibi sorunu sadece yüzeysel olarak kapatmaya çalışan bir yaklaşım olarak kaldı. Tüm bu süreç boyunca ne otel yönetiminden bu konuyla ilgili bilgilendirme amaçlı bir dönüş aldık ne de tarafımıza oda değişikliği imkanı sunuldu. Ödediğimiz yaklaşık 100 bin TL’ye rağmen, bizden önce odada kalan misafirlerin bıraktığı idrar kokusuna 5 gece 6 gün boyunca maruz bırakıldık ve konaklamamız ciddi anlamda konforsuz hale geldi. Yaşadığımız bu hijyen ve Konfor sorununun ciddiyetle ele alınmasını, konu hakkında tarafıma açıklama yapılmasını ve mağduriyetimizin ücret iadesi ya da uygun görülecek başka bir telafi yöntemiyle giderilmesini talep ediyorum.",,,1329,178,48,7,,,,,False,False,False,False,False,False,False,False,False,2026-08-25 12:58:29.219502,2026-07-27 00:01:00,True,DAY_MONTH_TIME_NO_YEAR,False,False,True,False,2026,7,2026-07,,,73,,0,False,False,False,True,False,False,Selectum Collection Bodrum,Akyarlar,4.5,6514,,,,387.0,False,False,False,0,0,0,0,,,False,False,False
