complaint_id,hotel_id,hotel_name,area,company_response_exists_clean,complaint_date,google_rating,google_review_count,aspect,matched,matched_keywords
arin-resort-bodrum-memnuniyetsizligi,BOD158,Arin Resort Bodrum,Turgutreis,False,2025-06-27 11:39:00,4.6,1691,STAFF_SERVICE,True,personel|çalışan|ilgisiz
arin-resort-bodrum-memnuniyetsizligi,BOD158,Arin Resort Bodrum,Turgutreis,False,2025-06-27 11:39:00,4.6,1691,CLEANLINESS_HYGIENE,False,
arin-resort-bodrum-memnuniyetsizligi,BOD158,Arin Resort Bodrum,Turgutreis,False,2025-06-27 11:39:00,4.6,1691,FOOD_BEVERAGE,True,restoran
arin-resort-bodrum-memnuniyetsizligi,BOD158,Arin Resort Bodrum,Turgutreis,False,2025-06-27 11:39:00,4.6,1691,ROOM,True,oda değişikliği|banyo|oda
arin-resort-bodrum-memnuniyetsizligi,BOD158,Arin Resort Bodrum,Turgutreis,False,2025-06-27 11:39:00,4.6,1691,BEACH_SEA,False,
arin-resort-bodrum-memnuniyetsizligi,BOD158,Arin Resort Bodrum,Turgutreis,False,2025-06-27 11:39:00,4.6,1691,POOL,False,
arin-resort-bodrum-memnuniyetsizligi,BOD158,Arin Resort Bodrum,Turgutreis,False,2025-06-27 11:39:00,4.6,1691,FACILITIES_MAINTENANCE,False,
arin-resort-bodrum-memnuniyetsizligi,BOD158,Arin Resort Bodrum,Turgutreis,False,2025-06-27 11:39:00,4.6,1691,RESERVATION,False,
arin-resort-bodrum-memnuniyetsizligi,BOD158,Arin Resort Bodrum,Turgutreis,False,2025-06-27 11:39:00,4.6,1691,PAYMENT_REFUND,False,
arin-resort-bodrum-memnuniyetsizligi,BOD158,Arin Resort Bodrum,Turgutreis,False,2025-06-27 11:39:00,4.6,1691,PRICE_VALUE,False,
arin-resort-bodrum-memnuniyetsizligi,BOD158,Arin Resort Bodrum,Turgutreis,False,2025-06-27 11:39:00,4.6,1691,CHECKIN_CHECKOUT,False,
arin-resort-bodrum-memnuniyetsizligi,BOD158,Arin Resort Bodrum,Turgutreis,False,2025-06-27 11:39:00,4.6,1691,AIR_CONDITIONING,True,klimasız|klima
arin-resort-bodrum-memnuniyetsizligi,BOD158,Arin Resort Bodrum,Turgutreis,False,2025-06-27 11:39:00,4.6,1691,NOISE,False,
arin-resort-bodrum-memnuniyetsizligi,BOD158,Arin Resort Bodrum,Turgutreis,False,2025-06-27 11:39:00,4.6,1691,FAMILY_CHILDREN,False,
arin-resort-bodrum-memnuniyetsizligi,BOD158,Arin Resort Bodrum,Turgutreis,False,2025-06-27 11:39:00,4.6,1691,TRANSPORT_TRANSFER,False,
arin-resort-bodrum-memnuniyetsizligi,BOD158,Arin Resort Bodrum,Turgutreis,False,2025-06-27 11:39:00,4.6,1691,MANAGEMENT_COMMUNICATION,False,
arin-resort-bodrum-memnuniyetsizligi,BOD158,Arin Resort Bodrum,Turgutreis,False,2025-06-27 11:39:00,4.6,1691,SPA_WELLNESS,False,
arin-resort-bodrum-memnuniyetsizligi,BOD158,Arin Resort Bodrum,Turgutreis,False,2025-06-27 11:39:00,4.6,1691,SAFETY_SECURITY,False,
plaj-yaniltmasi-ve-guvenlik-endisesi-nedeniyle-tam-iptal-ve-80126-tl-iade-talebi,BOD112,Azure By Yelken Hotel,Kadıkalesi,False,2026-08-24 14:01:00,4.4,565,STAFF_SERVICE,True,personel|ilgisiz|hizmet
plaj-yaniltmasi-ve-guvenlik-endisesi-nedeniyle-tam-iptal-ve-80126-tl-iade-talebi,BOD112,Azure By Yelken Hotel,Kadıkalesi,False,2026-08-24 14:01:00,4.4,565,CLEANLINESS_HYGIENE,False,
plaj-yaniltmasi-ve-guvenlik-endisesi-nedeniyle-tam-iptal-ve-80126-tl-iade-talebi,BOD112,Azure By Yelken Hotel,Kadıkalesi,False,2026-08-24 14:01:00,4.4,565,FOOD_BEVERAGE,False,
plaj-yaniltmasi-ve-guvenlik-endisesi-nedeniyle-tam-iptal-ve-80126-tl-iade-talebi,BOD112,Azure By Yelken Hotel,Kadıkalesi,False,2026-08-24 14:01:00,4.4,565,ROOM,True,oda
plaj-yaniltmasi-ve-guvenlik-endisesi-nedeniyle-tam-iptal-ve-80126-tl-iade-talebi,BOD112,Azure By Yelken Hotel,Kadıkalesi,False,2026-08-24 14:01:00,4.4,565,BEACH_SEA,True,taşlı deniz|kum plaj|deniz|plaj
plaj-yaniltmasi-ve-guvenlik-endisesi-nedeniyle-tam-iptal-ve-80126-tl-iade-talebi,BOD112,Azure By Yelken Hotel,Kadıkalesi,False,2026-08-24 14:01:00,4.4,565,POOL,False,
plaj-yaniltmasi-ve-guvenlik-endisesi-nedeniyle-tam-iptal-ve-80126-tl-iade-talebi,BOD112,Azure By Yelken Hotel,Kadıkalesi,False,2026-08-24 14:01:00,4.4,565,FACILITIES_MAINTENANCE,True,kırık
plaj-yaniltmasi-ve-guvenlik-endisesi-nedeniyle-tam-iptal-ve-80126-tl-iade-talebi,BOD112,Azure By Yelken Hotel,Kadıkalesi,False,2026-08-24 14:01:00,4.4,565,RESERVATION,True,rezervasyon|tatilbudur|iptal
plaj-yaniltmasi-ve-guvenlik-endisesi-nedeniyle-tam-iptal-ve-80126-tl-iade-talebi,BOD112,Azure By Yelken Hotel,Kadıkalesi,False,2026-08-24 14:01:00,4.4,565,PAYMENT_REFUND,True,ödeme|tutar|iade
plaj-yaniltmasi-ve-guvenlik-endisesi-nedeniyle-tam-iptal-ve-80126-tl-iade-talebi,BOD112,Azure By Yelken Hotel,Kadıkalesi,False,2026-08-24 14:01:00,4.4,565,PRICE_VALUE,True,ücret
plaj-yaniltmasi-ve-guvenlik-endisesi-nedeniyle-tam-iptal-ve-80126-tl-iade-talebi,BOD112,Azure By Yelken Hotel,Kadıkalesi,False,2026-08-24 14:01:00,4.4,565,CHECKIN_CHECKOUT,False,
plaj-yaniltmasi-ve-guvenlik-endisesi-nedeniyle-tam-iptal-ve-80126-tl-iade-talebi,BOD112,Azure By Yelken Hotel,Kadıkalesi,False,2026-08-24 14:01:00,4.4,565,AIR_CONDITIONING,False,
plaj-yaniltmasi-ve-guvenlik-endisesi-nedeniyle-tam-iptal-ve-80126-tl-iade-talebi,BOD112,Azure By Yelken Hotel,Kadıkalesi,False,2026-08-24 14:01:00,4.4,565,NOISE,False,
plaj-yaniltmasi-ve-guvenlik-endisesi-nedeniyle-tam-iptal-ve-80126-tl-iade-talebi,BOD112,Azure By Yelken Hotel,Kadıkalesi,False,2026-08-24 14:01:00,4.4,565,FAMILY_CHILDREN,True,çocuk|aile
plaj-yaniltmasi-ve-guvenlik-endisesi-nedeniyle-tam-iptal-ve-80126-tl-iade-talebi,BOD112,Azure By Yelken Hotel,Kadıkalesi,False,2026-08-24 14:01:00,4.4,565,TRANSPORT_TRANSFER,False,
plaj-yaniltmasi-ve-guvenlik-endisesi-nedeniyle-tam-iptal-ve-80126-tl-iade-talebi,BOD112,Azure By Yelken Hotel,Kadıkalesi,False,2026-08-24 14:01:00,4.4,565,MANAGEMENT_COMMUNICATION,False,
plaj-yaniltmasi-ve-guvenlik-endisesi-nedeniyle-tam-iptal-ve-80126-tl-iade-talebi,BOD112,Azure By Yelken Hotel,Kadıkalesi,False,2026-08-24 14:01:00,4.4,565,SPA_WELLNESS,False,
plaj-yaniltmasi-ve-guvenlik-endisesi-nedeniyle-tam-iptal-ve-80126-tl-iade-talebi,BOD112,Azure By Yelken Hotel,Kadıkalesi,False,2026-08-24 14:01:00,4.4,565,SAFETY_SECURITY,True,güvenlik|güvenli|sağlık
soz-verilen-2500-tl-kampanya-odulu-alinmadi-ve-yaniltici-bilgilendirme,BOD112,Azure By Yelken Hotel,Kadıkalesi,False,2026-08-12 20:04:00,4.4,565,STAFF_SERVICE,True,çalışan|görevli|hizmet
soz-verilen-2500-tl-kampanya-odulu-alinmadi-ve-yaniltici-bilgilendirme,BOD112,Azure By Yelken Hotel,Kadıkalesi,False,2026-08-12 20:04:00,4.4,565,CLEANLINESS_HYGIENE,False,
soz-verilen-2500-tl-kampanya-odulu-alinmadi-ve-yaniltici-bilgilendirme,BOD112,Azure By Yelken Hotel,Kadıkalesi,False,2026-08-12 20:04:00,4.4,565,FOOD_BEVERAGE,False,
soz-verilen-2500-tl-kampanya-odulu-alinmadi-ve-yaniltici-bilgilendirme,BOD112,Azure By Yelken Hotel,Kadıkalesi,False,2026-08-12 20:04:00,4.4,565,ROOM,False,
soz-verilen-2500-tl-kampanya-odulu-alinmadi-ve-yaniltici-bilgilendirme,BOD112,Azure By Yelken Hotel,Kadıkalesi,False,2026-08-12 20:04:00,4.4,565,BEACH_SEA,False,
soz-verilen-2500-tl-kampanya-odulu-alinmadi-ve-yaniltici-bilgilendirme,BOD112,Azure By Yelken Hotel,Kadıkalesi,False,2026-08-12 20:04:00,4.4,565,POOL,False,
soz-verilen-2500-tl-kampanya-odulu-alinmadi-ve-yaniltici-bilgilendirme,BOD112,Azure By Yelken Hotel,Kadıkalesi,False,2026-08-12 20:04:00,4.4,565,FACILITIES_MAINTENANCE,False,
soz-verilen-2500-tl-kampanya-odulu-alinmadi-ve-yaniltici-bilgilendirme,BOD112,Azure By Yelken Hotel,Kadıkalesi,False,2026-08-12 20:04:00,4.4,565,RESERVATION,True,rezervasyon|tatilbudur
soz-verilen-2500-tl-kampanya-odulu-alinmadi-ve-yaniltici-bilgilendirme,BOD112,Azure By Yelken Hotel,Kadıkalesi,False,2026-08-12 20:04:00,4.4,565,PAYMENT_REFUND,True,ödeme|tutar
soz-verilen-2500-tl-kampanya-odulu-alinmadi-ve-yaniltici-bilgilendirme,BOD112,Azure By Yelken Hotel,Kadıkalesi,False,2026-08-12 20:04:00,4.4,565,PRICE_VALUE,False,
soz-verilen-2500-tl-kampanya-odulu-alinmadi-ve-yaniltici-bilgilendirme,BOD112,Azure By Yelken Hotel,Kadıkalesi,False,2026-08-12 20:04:00,4.4,565,CHECKIN_CHECKOUT,False,
soz-verilen-2500-tl-kampanya-odulu-alinmadi-ve-yaniltici-bilgilendirme,BOD112,Azure By Yelken Hotel,Kadıkalesi,False,2026-08-12 20:04:00,4.4,565,AIR_CONDITIONING,False,
soz-verilen-2500-tl-kampanya-odulu-alinmadi-ve-yaniltici-bilgilendirme,BOD112,Azure By Yelken Hotel,Kadıkalesi,False,2026-08-12 20:04:00,4.4,565,NOISE,False,
soz-verilen-2500-tl-kampanya-odulu-alinmadi-ve-yaniltici-bilgilendirme,BOD112,Azure By Yelken Hotel,Kadıkalesi,False,2026-08-12 20:04:00,4.4,565,FAMILY_CHILDREN,False,
soz-verilen-2500-tl-kampanya-odulu-alinmadi-ve-yaniltici-bilgilendirme,BOD112,Azure By Yelken Hotel,Kadıkalesi,False,2026-08-12 20:04:00,4.4,565,TRANSPORT_TRANSFER,False,
soz-verilen-2500-tl-kampanya-odulu-alinmadi-ve-yaniltici-bilgilendirme,BOD112,Azure By Yelken Hotel,Kadıkalesi,False,2026-08-12 20:04:00,4.4,565,MANAGEMENT_COMMUNICATION,True,müşteri hizmetleri|bilgilendirme
soz-verilen-2500-tl-kampanya-odulu-alinmadi-ve-yaniltici-bilgilendirme,BOD112,Azure By Yelken Hotel,Kadıkalesi,False,2026-08-12 20:04:00,4.4,565,SPA_WELLNESS,False,
soz-verilen-2500-tl-kampanya-odulu-alinmadi-ve-yaniltici-bilgilendirme,BOD112,Azure By Yelken Hotel,Kadıkalesi,False,2026-08-12 20:04:00,4.4,565,SAFETY_SECURITY,False,
azure-by-yelken-otelinde-temizlik-ve-hizmet-sorunlari-iade-talebi,BOD112,Azure By Yelken Hotel,Kadıkalesi,False,2026-07-29 02:59:00,4.4,565,STAFF_SERVICE,True,hizmet
azure-by-yelken-otelinde-temizlik-ve-hizmet-sorunlari-iade-talebi,BOD112,Azure By Yelken Hotel,Kadıkalesi,False,2026-07-29 02:59:00,4.4,565,CLEANLINESS_HYGIENE,True,temizlik|hijyen|çarşaf|temiz|koku
azure-by-yelken-otelinde-temizlik-ve-hizmet-sorunlari-iade-talebi,BOD112,Azure By Yelken Hotel,Kadıkalesi,False,2026-07-29 02:59:00,4.4,565,FOOD_BEVERAGE,True,yemek
azure-by-yelken-otelinde-temizlik-ve-hizmet-sorunlari-iade-talebi,BOD112,Azure By Yelken Hotel,Kadıkalesi,False,2026-07-29 02:59:00,4.4,565,ROOM,False,
azure-by-yelken-otelinde-temizlik-ve-hizmet-sorunlari-iade-talebi,BOD112,Azure By Yelken Hotel,Kadıkalesi,False,2026-07-29 02:59:00,4.4,565,BEACH_SEA,False,
azure-by-yelken-otelinde-temizlik-ve-hizmet-sorunlari-iade-talebi,BOD112,Azure By Yelken Hotel,Kadıkalesi,False,2026-07-29 02:59:00,4.4,565,POOL,False,
azure-by-yelken-otelinde-temizlik-ve-hizmet-sorunlari-iade-talebi,BOD112,Azure By Yelken Hotel,Kadıkalesi,False,2026-07-29 02:59:00,4.4,565,FACILITIES_MAINTENANCE,True,damlama|kapı
azure-by-yelken-otelinde-temizlik-ve-hizmet-sorunlari-iade-talebi,BOD112,Azure By Yelken Hotel,Kadıkalesi,False,2026-07-29 02:59:00,4.4,565,RESERVATION,False,
azure-by-yelken-otelinde-temizlik-ve-hizmet-sorunlari-iade-talebi,BOD112,Azure By Yelken Hotel,Kadıkalesi,False,2026-07-29 02:59:00,4.4,565,PAYMENT_REFUND,True,iade
azure-by-yelken-otelinde-temizlik-ve-hizmet-sorunlari-iade-talebi,BOD112,Azure By Yelken Hotel,Kadıkalesi,False,2026-07-29 02:59:00,4.4,565,PRICE_VALUE,True,hak etmeyen|ödediğimiz|ücret
azure-by-yelken-otelinde-temizlik-ve-hizmet-sorunlari-iade-talebi,BOD112,Azure By Yelken Hotel,Kadıkalesi,False,2026-07-29 02:59:00,4.4,565,CHECKIN_CHECKOUT,False,
azure-by-yelken-otelinde-temizlik-ve-hizmet-sorunlari-iade-talebi,BOD112,Azure By Yelken Hotel,Kadıkalesi,False,2026-07-29 02:59:00,4.4,565,AIR_CONDITIONING,False,
azure-by-yelken-otelinde-temizlik-ve-hizmet-sorunlari-iade-talebi,BOD112,Azure By Yelken Hotel,Kadıkalesi,False,2026-07-29 02:59:00,4.4,565,NOISE,False,
azure-by-yelken-otelinde-temizlik-ve-hizmet-sorunlari-iade-talebi,BOD112,Azure By Yelken Hotel,Kadıkalesi,False,2026-07-29 02:59:00,4.4,565,FAMILY_CHILDREN,True,bebek
azure-by-yelken-otelinde-temizlik-ve-hizmet-sorunlari-iade-talebi,BOD112,Azure By Yelken Hotel,Kadıkalesi,False,2026-07-29 02:59:00,4.4,565,TRANSPORT_TRANSFER,False,
azure-by-yelken-otelinde-temizlik-ve-hizmet-sorunlari-iade-talebi,BOD112,Azure By Yelken Hotel,Kadıkalesi,False,2026-07-29 02:59:00,4.4,565,MANAGEMENT_COMMUNICATION,True,yetkili
azure-by-yelken-otelinde-temizlik-ve-hizmet-sorunlari-iade-talebi,BOD112,Azure By Yelken Hotel,Kadıkalesi,False,2026-07-29 02:59:00,4.4,565,SPA_WELLNESS,False,
azure-by-yelken-otelinde-temizlik-ve-hizmet-sorunlari-iade-talebi,BOD112,Azure By Yelken Hotel,Kadıkalesi,False,2026-07-29 02:59:00,4.4,565,SAFETY_SECURITY,False,
ultra-her-sey-dahil-konseptinde-lobi-bar-ve-snack-bar-kapanmasi-ve-hamburger-ekmek-eksikligi-nedeniyle-ucret-iadesi-talebi,BOD112,Azure By Yelken Hotel,Kadıkalesi,False,2026-07-04 01:31:00,4.4,565,STAFF_SERVICE,True,hizmet
ultra-her-sey-dahil-konseptinde-lobi-bar-ve-snack-bar-kapanmasi-ve-hamburger-ekmek-eksikligi-nedeniyle-ucret-iadesi-talebi,BOD112,Azure By Yelken Hotel,Kadıkalesi,False,2026-07-04 01:31:00,4.4,565,CLEANLINESS_HYGIENE,False,
ultra-her-sey-dahil-konseptinde-lobi-bar-ve-snack-bar-kapanmasi-ve-hamburger-ekmek-eksikligi-nedeniyle-ucret-iadesi-talebi,BOD112,Azure By Yelken Hotel,Kadıkalesi,False,2026-07-04 01:31:00,4.4,565,FOOD_BEVERAGE,True,her şey dahil|yiyecek|içecek|yemek|snack|alkol|bar
ultra-her-sey-dahil-konseptinde-lobi-bar-ve-snack-bar-kapanmasi-ve-hamburger-ekmek-eksikligi-nedeniyle-ucret-iadesi-talebi,BOD112,Azure By Yelken Hotel,Kadıkalesi,False,2026-07-04 01:31:00,4.4,565,ROOM,False,
ultra-her-sey-dahil-konseptinde-lobi-bar-ve-snack-bar-kapanmasi-ve-hamburger-ekmek-eksikligi-nedeniyle-ucret-iadesi-talebi,BOD112,Azure By Yelken Hotel,Kadıkalesi,False,2026-07-04 01:31:00,4.4,565,BEACH_SEA,False,
ultra-her-sey-dahil-konseptinde-lobi-bar-ve-snack-bar-kapanmasi-ve-hamburger-ekmek-eksikligi-nedeniyle-ucret-iadesi-talebi,BOD112,Azure By Yelken Hotel,Kadıkalesi,False,2026-07-04 01:31:00,4.4,565,POOL,False,
ultra-her-sey-dahil-konseptinde-lobi-bar-ve-snack-bar-kapanmasi-ve-hamburger-ekmek-eksikligi-nedeniyle-ucret-iadesi-talebi,BOD112,Azure By Yelken Hotel,Kadıkalesi,False,2026-07-04 01:31:00,4.4,565,FACILITIES_MAINTENANCE,False,
ultra-her-sey-dahil-konseptinde-lobi-bar-ve-snack-bar-kapanmasi-ve-hamburger-ekmek-eksikligi-nedeniyle-ucret-iadesi-talebi,BOD112,Azure By Yelken Hotel,Kadıkalesi,False,2026-07-04 01:31:00,4.4,565,RESERVATION,False,
ultra-her-sey-dahil-konseptinde-lobi-bar-ve-snack-bar-kapanmasi-ve-hamburger-ekmek-eksikligi-nedeniyle-ucret-iadesi-talebi,BOD112,Azure By Yelken Hotel,Kadıkalesi,False,2026-07-04 01:31:00,4.4,565,PAYMENT_REFUND,True,ödeme|iade|para
ultra-her-sey-dahil-konseptinde-lobi-bar-ve-snack-bar-kapanmasi-ve-hamburger-ekmek-eksikligi-nedeniyle-ucret-iadesi-talebi,BOD112,Azure By Yelken Hotel,Kadıkalesi,False,2026-07-04 01:31:00,4.4,565,PRICE_VALUE,True,karşılığını|ödediğimiz|ücret
ultra-her-sey-dahil-konseptinde-lobi-bar-ve-snack-bar-kapanmasi-ve-hamburger-ekmek-eksikligi-nedeniyle-ucret-iadesi-talebi,BOD112,Azure By Yelken Hotel,Kadıkalesi,False,2026-07-04 01:31:00,4.4,565,CHECKIN_CHECKOUT,False,
ultra-her-sey-dahil-konseptinde-lobi-bar-ve-snack-bar-kapanmasi-ve-hamburger-ekmek-eksikligi-nedeniyle-ucret-iadesi-talebi,BOD112,Azure By Yelken Hotel,Kadıkalesi,False,2026-07-04 01:31:00,4.4,565,AIR_CONDITIONING,False,
ultra-her-sey-dahil-konseptinde-lobi-bar-ve-snack-bar-kapanmasi-ve-hamburger-ekmek-eksikligi-nedeniyle-ucret-iadesi-talebi,BOD112,Azure By Yelken Hotel,Kadıkalesi,False,2026-07-04 01:31:00,4.4,565,NOISE,False,
ultra-her-sey-dahil-konseptinde-lobi-bar-ve-snack-bar-kapanmasi-ve-hamburger-ekmek-eksikligi-nedeniyle-ucret-iadesi-talebi,BOD112,Azure By Yelken Hotel,Kadıkalesi,False,2026-07-04 01:31:00,4.4,565,FAMILY_CHILDREN,False,
ultra-her-sey-dahil-konseptinde-lobi-bar-ve-snack-bar-kapanmasi-ve-hamburger-ekmek-eksikligi-nedeniyle-ucret-iadesi-talebi,BOD112,Azure By Yelken Hotel,Kadıkalesi,False,2026-07-04 01:31:00,4.4,565,TRANSPORT_TRANSFER,False,
ultra-her-sey-dahil-konseptinde-lobi-bar-ve-snack-bar-kapanmasi-ve-hamburger-ekmek-eksikligi-nedeniyle-ucret-iadesi-talebi,BOD112,Azure By Yelken Hotel,Kadıkalesi,False,2026-07-04 01:31:00,4.4,565,MANAGEMENT_COMMUNICATION,False,
ultra-her-sey-dahil-konseptinde-lobi-bar-ve-snack-bar-kapanmasi-ve-hamburger-ekmek-eksikligi-nedeniyle-ucret-iadesi-talebi,BOD112,Azure By Yelken Hotel,Kadıkalesi,False,2026-07-04 01:31:00,4.4,565,SPA_WELLNESS,False,
ultra-her-sey-dahil-konseptinde-lobi-bar-ve-snack-bar-kapanmasi-ve-hamburger-ekmek-eksikligi-nedeniyle-ucret-iadesi-talebi,BOD112,Azure By Yelken Hotel,Kadıkalesi,False,2026-07-04 01:31:00,4.4,565,SAFETY_SECURITY,False,
yetersiz-yemek-ve-icecek-sikici-aksam-etkinlikleriyle-hayal-kirikligi,BOD112,Azure By Yelken Hotel,Kadıkalesi,True,2026-06-03 23:52:00,4.4,565,STAFF_SERVICE,True,hizmet
yetersiz-yemek-ve-icecek-sikici-aksam-etkinlikleriyle-hayal-kirikligi,BOD112,Azure By Yelken Hotel,Kadıkalesi,True,2026-06-03 23:52:00,4.4,565,CLEANLINESS_HYGIENE,False,
yetersiz-yemek-ve-icecek-sikici-aksam-etkinlikleriyle-hayal-kirikligi,BOD112,Azure By Yelken Hotel,Kadıkalesi,True,2026-06-03 23:52:00,4.4,565,FOOD_BEVERAGE,True,her şey dahil|içecek|lezzet|mutfak|yemek
yetersiz-yemek-ve-icecek-sikici-aksam-etkinlikleriyle-hayal-kirikligi,BOD112,Azure By Yelken Hotel,Kadıkalesi,True,2026-06-03 23:52:00,4.4,565,ROOM,False,
yetersiz-yemek-ve-icecek-sikici-aksam-etkinlikleriyle-hayal-kirikligi,BOD112,Azure By Yelken Hotel,Kadıkalesi,True,2026-06-03 23:52:00,4.4,565,BEACH_SEA,False,
yetersiz-yemek-ve-icecek-sikici-aksam-etkinlikleriyle-hayal-kirikligi,BOD112,Azure By Yelken Hotel,Kadıkalesi,True,2026-06-03 23:52:00,4.4,565,POOL,False,
yetersiz-yemek-ve-icecek-sikici-aksam-etkinlikleriyle-hayal-kirikligi,BOD112,Azure By Yelken Hotel,Kadıkalesi,True,2026-06-03 23:52:00,4.4,565,FACILITIES_MAINTENANCE,True,kırık
yetersiz-yemek-ve-icecek-sikici-aksam-etkinlikleriyle-hayal-kirikligi,BOD112,Azure By Yelken Hotel,Kadıkalesi,True,2026-06-03 23:52:00,4.4,565,RESERVATION,False,
yetersiz-yemek-ve-icecek-sikici-aksam-etkinlikleriyle-hayal-kirikligi,BOD112,Azure By Yelken Hotel,Kadıkalesi,True,2026-06-03 23:52:00,4.4,565,PAYMENT_REFUND,False,
yetersiz-yemek-ve-icecek-sikici-aksam-etkinlikleriyle-hayal-kirikligi,BOD112,Azure By Yelken Hotel,Kadıkalesi,True,2026-06-03 23:52:00,4.4,565,PRICE_VALUE,False,
yetersiz-yemek-ve-icecek-sikici-aksam-etkinlikleriyle-hayal-kirikligi,BOD112,Azure By Yelken Hotel,Kadıkalesi,True,2026-06-03 23:52:00,4.4,565,CHECKIN_CHECKOUT,False,
yetersiz-yemek-ve-icecek-sikici-aksam-etkinlikleriyle-hayal-kirikligi,BOD112,Azure By Yelken Hotel,Kadıkalesi,True,2026-06-03 23:52:00,4.4,565,AIR_CONDITIONING,False,
yetersiz-yemek-ve-icecek-sikici-aksam-etkinlikleriyle-hayal-kirikligi,BOD112,Azure By Yelken Hotel,Kadıkalesi,True,2026-06-03 23:52:00,4.4,565,NOISE,False,
yetersiz-yemek-ve-icecek-sikici-aksam-etkinlikleriyle-hayal-kirikligi,BOD112,Azure By Yelken Hotel,Kadıkalesi,True,2026-06-03 23:52:00,4.4,565,FAMILY_CHILDREN,False,
yetersiz-yemek-ve-icecek-sikici-aksam-etkinlikleriyle-hayal-kirikligi,BOD112,Azure By Yelken Hotel,Kadıkalesi,True,2026-06-03 23:52:00,4.4,565,TRANSPORT_TRANSFER,False,
yetersiz-yemek-ve-icecek-sikici-aksam-etkinlikleriyle-hayal-kirikligi,BOD112,Azure By Yelken Hotel,Kadıkalesi,True,2026-06-03 23:52:00,4.4,565,MANAGEMENT_COMMUNICATION,False,
yetersiz-yemek-ve-icecek-sikici-aksam-etkinlikleriyle-hayal-kirikligi,BOD112,Azure By Yelken Hotel,Kadıkalesi,True,2026-06-03 23:52:00,4.4,565,SPA_WELLNESS,False,
yetersiz-yemek-ve-icecek-sikici-aksam-etkinlikleriyle-hayal-kirikligi,BOD112,Azure By Yelken Hotel,Kadıkalesi,True,2026-06-03 23:52:00,4.4,565,SAFETY_SECURITY,False,
personel-yetersizligi-ve-hijyen-sorunlari-tatil-deneyimini-mahvediyor,BOD112,Azure By Yelken Hotel,Kadıkalesi,False,2026-05-31 12:34:00,4.4,565,STAFF_SERVICE,True,profesyonellik|tecrübesiz|personel|ilgisiz|hizmet
personel-yetersizligi-ve-hijyen-sorunlari-tatil-deneyimini-mahvediyor,BOD112,Azure By Yelken Hotel,Kadıkalesi,False,2026-05-31 12:34:00,4.4,565,CLEANLINESS_HYGIENE,True,hijyen
personel-yetersizligi-ve-hijyen-sorunlari-tatil-deneyimini-mahvediyor,BOD112,Azure By Yelken Hotel,Kadıkalesi,False,2026-05-31 12:34:00,4.4,565,FOOD_BEVERAGE,True,restoran|yiyecek|içecek|yemek|bar
personel-yetersizligi-ve-hijyen-sorunlari-tatil-deneyimini-mahvediyor,BOD112,Azure By Yelken Hotel,Kadıkalesi,False,2026-05-31 12:34:00,4.4,565,ROOM,True,oda
personel-yetersizligi-ve-hijyen-sorunlari-tatil-deneyimini-mahvediyor,BOD112,Azure By Yelken Hotel,Kadıkalesi,False,2026-05-31 12:34:00,4.4,565,BEACH_SEA,True,şezlong
personel-yetersizligi-ve-hijyen-sorunlari-tatil-deneyimini-mahvediyor,BOD112,Azure By Yelken Hotel,Kadıkalesi,False,2026-05-31 12:34:00,4.4,565,POOL,True,havuz
personel-yetersizligi-ve-hijyen-sorunlari-tatil-deneyimini-mahvediyor,BOD112,Azure By Yelken Hotel,Kadıkalesi,False,2026-05-31 12:34:00,4.4,565,FACILITIES_MAINTENANCE,True,asansör|arızalı
personel-yetersizligi-ve-hijyen-sorunlari-tatil-deneyimini-mahvediyor,BOD112,Azure By Yelken Hotel,Kadıkalesi,False,2026-05-31 12:34:00,4.4,565,RESERVATION,False,
personel-yetersizligi-ve-hijyen-sorunlari-tatil-deneyimini-mahvediyor,BOD112,Azure By Yelken Hotel,Kadıkalesi,False,2026-05-31 12:34:00,4.4,565,PAYMENT_REFUND,True,tutar
personel-yetersizligi-ve-hijyen-sorunlari-tatil-deneyimini-mahvediyor,BOD112,Azure By Yelken Hotel,Kadıkalesi,False,2026-05-31 12:34:00,4.4,565,PRICE_VALUE,True,ödediğimiz|ücret
personel-yetersizligi-ve-hijyen-sorunlari-tatil-deneyimini-mahvediyor,BOD112,Azure By Yelken Hotel,Kadıkalesi,False,2026-05-31 12:34:00,4.4,565,CHECKIN_CHECKOUT,False,
personel-yetersizligi-ve-hijyen-sorunlari-tatil-deneyimini-mahvediyor,BOD112,Azure By Yelken Hotel,Kadıkalesi,False,2026-05-31 12:34:00,4.4,565,AIR_CONDITIONING,False,
personel-yetersizligi-ve-hijyen-sorunlari-tatil-deneyimini-mahvediyor,BOD112,Azure By Yelken Hotel,Kadıkalesi,False,2026-05-31 12:34:00,4.4,565,NOISE,False,
personel-yetersizligi-ve-hijyen-sorunlari-tatil-deneyimini-mahvediyor,BOD112,Azure By Yelken Hotel,Kadıkalesi,False,2026-05-31 12:34:00,4.4,565,FAMILY_CHILDREN,False,
personel-yetersizligi-ve-hijyen-sorunlari-tatil-deneyimini-mahvediyor,BOD112,Azure By Yelken Hotel,Kadıkalesi,False,2026-05-31 12:34:00,4.4,565,TRANSPORT_TRANSFER,False,
personel-yetersizligi-ve-hijyen-sorunlari-tatil-deneyimini-mahvediyor,BOD112,Azure By Yelken Hotel,Kadıkalesi,False,2026-05-31 12:34:00,4.4,565,MANAGEMENT_COMMUNICATION,False,
personel-yetersizligi-ve-hijyen-sorunlari-tatil-deneyimini-mahvediyor,BOD112,Azure By Yelken Hotel,Kadıkalesi,False,2026-05-31 12:34:00,4.4,565,SPA_WELLNESS,False,
personel-yetersizligi-ve-hijyen-sorunlari-tatil-deneyimini-mahvediyor,BOD112,Azure By Yelken Hotel,Kadıkalesi,False,2026-05-31 12:34:00,4.4,565,SAFETY_SECURITY,False,
hijyen-ve-hizmet-cokusu-azur-by-yelken-bodrum-otelinde,BOD112,Azure By Yelken Hotel,Kadıkalesi,False,2026-05-27 00:24:00,4.4,565,STAFF_SERVICE,True,personel|çalışan|görevli|ilgisiz|garson|hizmet|servis
hijyen-ve-hizmet-cokusu-azur-by-yelken-bodrum-otelinde,BOD112,Azure By Yelken Hotel,Kadıkalesi,False,2026-05-27 00:24:00,4.4,565,CLEANLINESS_HYGIENE,True,hijyen|temiz|böcek|koku
hijyen-ve-hizmet-cokusu-azur-by-yelken-bodrum-otelinde,BOD112,Azure By Yelken Hotel,Kadıkalesi,False,2026-05-27 00:24:00,4.4,565,FOOD_BEVERAGE,True,a la carte|restoran|içecek|yemek
hijyen-ve-hizmet-cokusu-azur-by-yelken-bodrum-otelinde,BOD112,Azure By Yelken Hotel,Kadıkalesi,False,2026-05-27 00:24:00,4.4,565,ROOM,True,minibar|oda
hijyen-ve-hizmet-cokusu-azur-by-yelken-bodrum-otelinde,BOD112,Azure By Yelken Hotel,Kadıkalesi,False,2026-05-27 00:24:00,4.4,565,BEACH_SEA,False,
hijyen-ve-hizmet-cokusu-azur-by-yelken-bodrum-otelinde,BOD112,Azure By Yelken Hotel,Kadıkalesi,False,2026-05-27 00:24:00,4.4,565,POOL,False,
hijyen-ve-hizmet-cokusu-azur-by-yelken-bodrum-otelinde,BOD112,Azure By Yelken Hotel,Kadıkalesi,False,2026-05-27 00:24:00,4.4,565,FACILITIES_MAINTENANCE,True,kırık
hijyen-ve-hizmet-cokusu-azur-by-yelken-bodrum-otelinde,BOD112,Azure By Yelken Hotel,Kadıkalesi,False,2026-05-27 00:24:00,4.4,565,RESERVATION,False,
hijyen-ve-hizmet-cokusu-azur-by-yelken-bodrum-otelinde,BOD112,Azure By Yelken Hotel,Kadıkalesi,False,2026-05-27 00:24:00,4.4,565,PAYMENT_REFUND,True,para
hijyen-ve-hizmet-cokusu-azur-by-yelken-bodrum-otelinde,BOD112,Azure By Yelken Hotel,Kadıkalesi,False,2026-05-27 00:24:00,4.4,565,PRICE_VALUE,False,
hijyen-ve-hizmet-cokusu-azur-by-yelken-bodrum-otelinde,BOD112,Azure By Yelken Hotel,Kadıkalesi,False,2026-05-27 00:24:00,4.4,565,CHECKIN_CHECKOUT,False,
hijyen-ve-hizmet-cokusu-azur-by-yelken-bodrum-otelinde,BOD112,Azure By Yelken Hotel,Kadıkalesi,False,2026-05-27 00:24:00,4.4,565,AIR_CONDITIONING,False,
hijyen-ve-hizmet-cokusu-azur-by-yelken-bodrum-otelinde,BOD112,Azure By Yelken Hotel,Kadıkalesi,False,2026-05-27 00:24:00,4.4,565,NOISE,False,
hijyen-ve-hizmet-cokusu-azur-by-yelken-bodrum-otelinde,BOD112,Azure By Yelken Hotel,Kadıkalesi,False,2026-05-27 00:24:00,4.4,565,FAMILY_CHILDREN,False,
hijyen-ve-hizmet-cokusu-azur-by-yelken-bodrum-otelinde,BOD112,Azure By Yelken Hotel,Kadıkalesi,False,2026-05-27 00:24:00,4.4,565,TRANSPORT_TRANSFER,False,
hijyen-ve-hizmet-cokusu-azur-by-yelken-bodrum-otelinde,BOD112,Azure By Yelken Hotel,Kadıkalesi,False,2026-05-27 00:24:00,4.4,565,MANAGEMENT_COMMUNICATION,False,
hijyen-ve-hizmet-cokusu-azur-by-yelken-bodrum-otelinde,BOD112,Azure By Yelken Hotel,Kadıkalesi,False,2026-05-27 00:24:00,4.4,565,SPA_WELLNESS,False,
hijyen-ve-hizmet-cokusu-azur-by-yelken-bodrum-otelinde,BOD112,Azure By Yelken Hotel,Kadıkalesi,False,2026-05-27 00:24:00,4.4,565,SAFETY_SECURITY,True,güvenlik|güvenli|sağlık
azure-by-yelken-hotel-yoneticinin-ayrimci-sozleri,BOD112,Azure By Yelken Hotel,Kadıkalesi,False,2026-05-08 14:11:00,4.4,565,STAFF_SERVICE,False,
azure-by-yelken-hotel-yoneticinin-ayrimci-sozleri,BOD112,Azure By Yelken Hotel,Kadıkalesi,False,2026-05-08 14:11:00,4.4,565,CLEANLINESS_HYGIENE,False,
azure-by-yelken-hotel-yoneticinin-ayrimci-sozleri,BOD112,Azure By Yelken Hotel,Kadıkalesi,False,2026-05-08 14:11:00,4.4,565,FOOD_BEVERAGE,False,
azure-by-yelken-hotel-yoneticinin-ayrimci-sozleri,BOD112,Azure By Yelken Hotel,Kadıkalesi,False,2026-05-08 14:11:00,4.4,565,ROOM,False,
azure-by-yelken-hotel-yoneticinin-ayrimci-sozleri,BOD112,Azure By Yelken Hotel,Kadıkalesi,False,2026-05-08 14:11:00,4.4,565,BEACH_SEA,False,
azure-by-yelken-hotel-yoneticinin-ayrimci-sozleri,BOD112,Azure By Yelken Hotel,Kadıkalesi,False,2026-05-08 14:11:00,4.4,565,POOL,False,
azure-by-yelken-hotel-yoneticinin-ayrimci-sozleri,BOD112,Azure By Yelken Hotel,Kadıkalesi,False,2026-05-08 14:11:00,4.4,565,FACILITIES_MAINTENANCE,False,
azure-by-yelken-hotel-yoneticinin-ayrimci-sozleri,BOD112,Azure By Yelken Hotel,Kadıkalesi,False,2026-05-08 14:11:00,4.4,565,RESERVATION,False,
azure-by-yelken-hotel-yoneticinin-ayrimci-sozleri,BOD112,Azure By Yelken Hotel,Kadıkalesi,False,2026-05-08 14:11:00,4.4,565,PAYMENT_REFUND,False,
azure-by-yelken-hotel-yoneticinin-ayrimci-sozleri,BOD112,Azure By Yelken Hotel,Kadıkalesi,False,2026-05-08 14:11:00,4.4,565,PRICE_VALUE,False,
azure-by-yelken-hotel-yoneticinin-ayrimci-sozleri,BOD112,Azure By Yelken Hotel,Kadıkalesi,False,2026-05-08 14:11:00,4.4,565,CHECKIN_CHECKOUT,False,
azure-by-yelken-hotel-yoneticinin-ayrimci-sozleri,BOD112,Azure By Yelken Hotel,Kadıkalesi,False,2026-05-08 14:11:00,4.4,565,AIR_CONDITIONING,False,
azure-by-yelken-hotel-yoneticinin-ayrimci-sozleri,BOD112,Azure By Yelken Hotel,Kadıkalesi,False,2026-05-08 14:11:00,4.4,565,NOISE,False,
azure-by-yelken-hotel-yoneticinin-ayrimci-sozleri,BOD112,Azure By Yelken Hotel,Kadıkalesi,False,2026-05-08 14:11:00,4.4,565,FAMILY_CHILDREN,False,
azure-by-yelken-hotel-yoneticinin-ayrimci-sozleri,BOD112,Azure By Yelken Hotel,Kadıkalesi,False,2026-05-08 14:11:00,4.4,565,TRANSPORT_TRANSFER,False,
azure-by-yelken-hotel-yoneticinin-ayrimci-sozleri,BOD112,Azure By Yelken Hotel,Kadıkalesi,False,2026-05-08 14:11:00,4.4,565,MANAGEMENT_COMMUNICATION,True,yönetici|yönetim
azure-by-yelken-hotel-yoneticinin-ayrimci-sozleri,BOD112,Azure By Yelken Hotel,Kadıkalesi,False,2026-05-08 14:11:00,4.4,565,SPA_WELLNESS,False,
azure-by-yelken-hotel-yoneticinin-ayrimci-sozleri,BOD112,Azure By Yelken Hotel,Kadıkalesi,False,2026-05-08 14:11:00,4.4,565,SAFETY_SECURITY,True,ayrımcı
oda-temizligi-ve-eksik-malzeme-sorunlari-cozulmedi-kotu-koku-giderilmedi,BOD112,Azure By Yelken Hotel,Kadıkalesi,False,2025-09-02 21:07:00,4.4,565,STAFF_SERVICE,True,hizmet
oda-temizligi-ve-eksik-malzeme-sorunlari-cozulmedi-kotu-koku-giderilmedi,BOD112,Azure By Yelken Hotel,Kadıkalesi,False,2025-09-02 21:07:00,4.4,565,CLEANLINESS_HYGIENE,True,temiz|koku
oda-temizligi-ve-eksik-malzeme-sorunlari-cozulmedi-kotu-koku-giderilmedi,BOD112,Azure By Yelken Hotel,Kadıkalesi,False,2025-09-02 21:07:00,4.4,565,FOOD_BEVERAGE,False,
oda-temizligi-ve-eksik-malzeme-sorunlari-cozulmedi-kotu-koku-giderilmedi,BOD112,Azure By Yelken Hotel,Kadıkalesi,False,2025-09-02 21:07:00,4.4,565,ROOM,True,tuvalet|oda
oda-temizligi-ve-eksik-malzeme-sorunlari-cozulmedi-kotu-koku-giderilmedi,BOD112,Azure By Yelken Hotel,Kadıkalesi,False,2025-09-02 21:07:00,4.4,565,BEACH_SEA,False,
oda-temizligi-ve-eksik-malzeme-sorunlari-cozulmedi-kotu-koku-giderilmedi,BOD112,Azure By Yelken Hotel,Kadıkalesi,False,2025-09-02 21:07:00,4.4,565,POOL,False,
oda-temizligi-ve-eksik-malzeme-sorunlari-cozulmedi-kotu-koku-giderilmedi,BOD112,Azure By Yelken Hotel,Kadıkalesi,False,2025-09-02 21:07:00,4.4,565,FACILITIES_MAINTENANCE,False,
oda-temizligi-ve-eksik-malzeme-sorunlari-cozulmedi-kotu-koku-giderilmedi,BOD112,Azure By Yelken Hotel,Kadıkalesi,False,2025-09-02 21:07:00,4.4,565,RESERVATION,True,tatilbudur
oda-temizligi-ve-eksik-malzeme-sorunlari-cozulmedi-kotu-koku-giderilmedi,BOD112,Azure By Yelken Hotel,Kadıkalesi,False,2025-09-02 21:07:00,4.4,565,PAYMENT_REFUND,False,
oda-temizligi-ve-eksik-malzeme-sorunlari-cozulmedi-kotu-koku-giderilmedi,BOD112,Azure By Yelken Hotel,Kadıkalesi,False,2025-09-02 21:07:00,4.4,565,PRICE_VALUE,False,
oda-temizligi-ve-eksik-malzeme-sorunlari-cozulmedi-kotu-koku-giderilmedi,BOD112,Azure By Yelken Hotel,Kadıkalesi,False,2025-09-02 21:07:00,4.4,565,CHECKIN_CHECKOUT,False,
oda-temizligi-ve-eksik-malzeme-sorunlari-cozulmedi-kotu-koku-giderilmedi,BOD112,Azure By Yelken Hotel,Kadıkalesi,False,2025-09-02 21:07:00,4.4,565,AIR_CONDITIONING,False,
oda-temizligi-ve-eksik-malzeme-sorunlari-cozulmedi-kotu-koku-giderilmedi,BOD112,Azure By Yelken Hotel,Kadıkalesi,False,2025-09-02 21:07:00,4.4,565,NOISE,False,
oda-temizligi-ve-eksik-malzeme-sorunlari-cozulmedi-kotu-koku-giderilmedi,BOD112,Azure By Yelken Hotel,Kadıkalesi,False,2025-09-02 21:07:00,4.4,565,FAMILY_CHILDREN,False,
oda-temizligi-ve-eksik-malzeme-sorunlari-cozulmedi-kotu-koku-giderilmedi,BOD112,Azure By Yelken Hotel,Kadıkalesi,False,2025-09-02 21:07:00,4.4,565,TRANSPORT_TRANSFER,False,
oda-temizligi-ve-eksik-malzeme-sorunlari-cozulmedi-kotu-koku-giderilmedi,BOD112,Azure By Yelken Hotel,Kadıkalesi,False,2025-09-02 21:07:00,4.4,565,MANAGEMENT_COMMUNICATION,True,müşteri hizmetleri|çözüm sunulmadı|yetkili
oda-temizligi-ve-eksik-malzeme-sorunlari-cozulmedi-kotu-koku-giderilmedi,BOD112,Azure By Yelken Hotel,Kadıkalesi,False,2025-09-02 21:07:00,4.4,565,SPA_WELLNESS,False,
oda-temizligi-ve-eksik-malzeme-sorunlari-cozulmedi-kotu-koku-giderilmedi,BOD112,Azure By Yelken Hotel,Kadıkalesi,False,2025-09-02 21:07:00,4.4,565,SAFETY_SECURITY,False,
5-yildizli-otelde-temizlik-ve-ilgi-yok-odedigim-hizmetin-karsiligini-alamadim,BOD112,Azure By Yelken Hotel,Kadıkalesi,False,2025-08-31 22:35:00,4.4,565,STAFF_SERVICE,True,hizmet
5-yildizli-otelde-temizlik-ve-ilgi-yok-odedigim-hizmetin-karsiligini-alamadim,BOD112,Azure By Yelken Hotel,Kadıkalesi,False,2025-08-31 22:35:00,4.4,565,CLEANLINESS_HYGIENE,True,oda temizliği|temiz|kirli
5-yildizli-otelde-temizlik-ve-ilgi-yok-odedigim-hizmetin-karsiligini-alamadim,BOD112,Azure By Yelken Hotel,Kadıkalesi,False,2025-08-31 22:35:00,4.4,565,FOOD_BEVERAGE,True,yemek
5-yildizli-otelde-temizlik-ve-ilgi-yok-odedigim-hizmetin-karsiligini-alamadim,BOD112,Azure By Yelken Hotel,Kadıkalesi,False,2025-08-31 22:35:00,4.4,565,ROOM,True,oda
5-yildizli-otelde-temizlik-ve-ilgi-yok-odedigim-hizmetin-karsiligini-alamadim,BOD112,Azure By Yelken Hotel,Kadıkalesi,False,2025-08-31 22:35:00,4.4,565,BEACH_SEA,False,
5-yildizli-otelde-temizlik-ve-ilgi-yok-odedigim-hizmetin-karsiligini-alamadim,BOD112,Azure By Yelken Hotel,Kadıkalesi,False,2025-08-31 22:35:00,4.4,565,POOL,True,havuz
5-yildizli-otelde-temizlik-ve-ilgi-yok-odedigim-hizmetin-karsiligini-alamadim,BOD112,Azure By Yelken Hotel,Kadıkalesi,False,2025-08-31 22:35:00,4.4,565,FACILITIES_MAINTENANCE,True,bakımsız|bakım|eski
5-yildizli-otelde-temizlik-ve-ilgi-yok-odedigim-hizmetin-karsiligini-alamadim,BOD112,Azure By Yelken Hotel,Kadıkalesi,False,2025-08-31 22:35:00,4.4,565,RESERVATION,True,tatilbudur
5-yildizli-otelde-temizlik-ve-ilgi-yok-odedigim-hizmetin-karsiligini-alamadim,BOD112,Azure By Yelken Hotel,Kadıkalesi,False,2025-08-31 22:35:00,4.4,565,PAYMENT_REFUND,True,tutar
5-yildizli-otelde-temizlik-ve-ilgi-yok-odedigim-hizmetin-karsiligini-alamadim,BOD112,Azure By Yelken Hotel,Kadıkalesi,False,2025-08-31 22:35:00,4.4,565,PRICE_VALUE,True,hak etmeyen|ödediğimiz
5-yildizli-otelde-temizlik-ve-ilgi-yok-odedigim-hizmetin-karsiligini-alamadim,BOD112,Azure By Yelken Hotel,Kadıkalesi,False,2025-08-31 22:35:00,4.4,565,CHECKIN_CHECKOUT,False,
5-yildizli-otelde-temizlik-ve-ilgi-yok-odedigim-hizmetin-karsiligini-alamadim,BOD112,Azure By Yelken Hotel,Kadıkalesi,False,2025-08-31 22:35:00,4.4,565,AIR_CONDITIONING,False,
5-yildizli-otelde-temizlik-ve-ilgi-yok-odedigim-hizmetin-karsiligini-alamadim,BOD112,Azure By Yelken Hotel,Kadıkalesi,False,2025-08-31 22:35:00,4.4,565,NOISE,False,
5-yildizli-otelde-temizlik-ve-ilgi-yok-odedigim-hizmetin-karsiligini-alamadim,BOD112,Azure By Yelken Hotel,Kadıkalesi,False,2025-08-31 22:35:00,4.4,565,FAMILY_CHILDREN,False,
5-yildizli-otelde-temizlik-ve-ilgi-yok-odedigim-hizmetin-karsiligini-alamadim,BOD112,Azure By Yelken Hotel,Kadıkalesi,False,2025-08-31 22:35:00,4.4,565,TRANSPORT_TRANSFER,False,
5-yildizli-otelde-temizlik-ve-ilgi-yok-odedigim-hizmetin-karsiligini-alamadim,BOD112,Azure By Yelken Hotel,Kadıkalesi,False,2025-08-31 22:35:00,4.4,565,MANAGEMENT_COMMUNICATION,True,muhatap
5-yildizli-otelde-temizlik-ve-ilgi-yok-odedigim-hizmetin-karsiligini-alamadim,BOD112,Azure By Yelken Hotel,Kadıkalesi,False,2025-08-31 22:35:00,4.4,565,SPA_WELLNESS,False,
5-yildizli-otelde-temizlik-ve-ilgi-yok-odedigim-hizmetin-karsiligini-alamadim,BOD112,Azure By Yelken Hotel,Kadıkalesi,False,2025-08-31 22:35:00,4.4,565,SAFETY_SECURITY,False,
hayal-kirikligi-yaratan-oda-ve-eksik-hizmet-icin-tam-iade-talebim-var,BOD112,Azure By Yelken Hotel,Kadıkalesi,False,2025-08-26 00:19:00,4.4,565,STAFF_SERVICE,True,hizmet
hayal-kirikligi-yaratan-oda-ve-eksik-hizmet-icin-tam-iade-talebim-var,BOD112,Azure By Yelken Hotel,Kadıkalesi,False,2025-08-26 00:19:00,4.4,565,CLEANLINESS_HYGIENE,True,temiz|koku
hayal-kirikligi-yaratan-oda-ve-eksik-hizmet-icin-tam-iade-talebim-var,BOD112,Azure By Yelken Hotel,Kadıkalesi,False,2025-08-26 00:19:00,4.4,565,FOOD_BEVERAGE,True,a la carte|restoran
hayal-kirikligi-yaratan-oda-ve-eksik-hizmet-icin-tam-iade-talebim-var,BOD112,Azure By Yelken Hotel,Kadıkalesi,False,2025-08-26 00:19:00,4.4,565,ROOM,True,oda değişikliği|tuvalet|balkon|oda
hayal-kirikligi-yaratan-oda-ve-eksik-hizmet-icin-tam-iade-talebim-var,BOD112,Azure By Yelken Hotel,Kadıkalesi,False,2025-08-26 00:19:00,4.4,565,BEACH_SEA,False,
hayal-kirikligi-yaratan-oda-ve-eksik-hizmet-icin-tam-iade-talebim-var,BOD112,Azure By Yelken Hotel,Kadıkalesi,False,2025-08-26 00:19:00,4.4,565,POOL,False,
hayal-kirikligi-yaratan-oda-ve-eksik-hizmet-icin-tam-iade-talebim-var,BOD112,Azure By Yelken Hotel,Kadıkalesi,False,2025-08-26 00:19:00,4.4,565,FACILITIES_MAINTENANCE,False,
hayal-kirikligi-yaratan-oda-ve-eksik-hizmet-icin-tam-iade-talebim-var,BOD112,Azure By Yelken Hotel,Kadıkalesi,False,2025-08-26 00:19:00,4.4,565,RESERVATION,True,rezervasyon|tatilbudur|iptal
hayal-kirikligi-yaratan-oda-ve-eksik-hizmet-icin-tam-iade-talebim-var,BOD112,Azure By Yelken Hotel,Kadıkalesi,False,2025-08-26 00:19:00,4.4,565,PAYMENT_REFUND,True,ücret iadesi|ödeme|iade
hayal-kirikligi-yaratan-oda-ve-eksik-hizmet-icin-tam-iade-talebim-var,BOD112,Azure By Yelken Hotel,Kadıkalesi,False,2025-08-26 00:19:00,4.4,565,PRICE_VALUE,True,ücret
hayal-kirikligi-yaratan-oda-ve-eksik-hizmet-icin-tam-iade-talebim-var,BOD112,Azure By Yelken Hotel,Kadıkalesi,False,2025-08-26 00:19:00,4.4,565,CHECKIN_CHECKOUT,False,
hayal-kirikligi-yaratan-oda-ve-eksik-hizmet-icin-tam-iade-talebim-var,BOD112,Azure By Yelken Hotel,Kadıkalesi,False,2025-08-26 00:19:00,4.4,565,AIR_CONDITIONING,False,
hayal-kirikligi-yaratan-oda-ve-eksik-hizmet-icin-tam-iade-talebim-var,BOD112,Azure By Yelken Hotel,Kadıkalesi,False,2025-08-26 00:19:00,4.4,565,NOISE,False,
hayal-kirikligi-yaratan-oda-ve-eksik-hizmet-icin-tam-iade-talebim-var,BOD112,Azure By Yelken Hotel,Kadıkalesi,False,2025-08-26 00:19:00,4.4,565,FAMILY_CHILDREN,False,
hayal-kirikligi-yaratan-oda-ve-eksik-hizmet-icin-tam-iade-talebim-var,BOD112,Azure By Yelken Hotel,Kadıkalesi,False,2025-08-26 00:19:00,4.4,565,TRANSPORT_TRANSFER,False,
hayal-kirikligi-yaratan-oda-ve-eksik-hizmet-icin-tam-iade-talebim-var,BOD112,Azure By Yelken Hotel,Kadıkalesi,False,2025-08-26 00:19:00,4.4,565,MANAGEMENT_COMMUNICATION,True,bilgilendirme|iletişim
hayal-kirikligi-yaratan-oda-ve-eksik-hizmet-icin-tam-iade-talebim-var,BOD112,Azure By Yelken Hotel,Kadıkalesi,False,2025-08-26 00:19:00,4.4,565,SPA_WELLNESS,False,
hayal-kirikligi-yaratan-oda-ve-eksik-hizmet-icin-tam-iade-talebim-var,BOD112,Azure By Yelken Hotel,Kadıkalesi,False,2025-08-26 00:19:00,4.4,565,SAFETY_SECURITY,False,
azure-by-yelken-otel-bodrumda-hijyen-ve-hizmette-ciddi-eksiklikler-tatilbudurda-yaniltici-bilgilendirme,BOD112,Azure By Yelken Hotel,Kadıkalesi,False,2025-08-23 18:22:00,4.4,565,STAFF_SERVICE,True,personel|ilgisiz|hizmet|servis
azure-by-yelken-otel-bodrumda-hijyen-ve-hizmette-ciddi-eksiklikler-tatilbudurda-yaniltici-bilgilendirme,BOD112,Azure By Yelken Hotel,Kadıkalesi,False,2025-08-23 18:22:00,4.4,565,CLEANLINESS_HYGIENE,True,hijyen|temiz|kirli
azure-by-yelken-otel-bodrumda-hijyen-ve-hizmette-ciddi-eksiklikler-tatilbudurda-yaniltici-bilgilendirme,BOD112,Azure By Yelken Hotel,Kadıkalesi,False,2025-08-23 18:22:00,4.4,565,FOOD_BEVERAGE,True,açık büfe|restoran|yemek|büfe
azure-by-yelken-otel-bodrumda-hijyen-ve-hizmette-ciddi-eksiklikler-tatilbudurda-yaniltici-bilgilendirme,BOD112,Azure By Yelken Hotel,Kadıkalesi,False,2025-08-23 18:22:00,4.4,565,ROOM,True,oda
azure-by-yelken-otel-bodrumda-hijyen-ve-hizmette-ciddi-eksiklikler-tatilbudurda-yaniltici-bilgilendirme,BOD112,Azure By Yelken Hotel,Kadıkalesi,False,2025-08-23 18:22:00,4.4,565,BEACH_SEA,True,kum plaj|sahil|deniz|plaj
azure-by-yelken-otel-bodrumda-hijyen-ve-hizmette-ciddi-eksiklikler-tatilbudurda-yaniltici-bilgilendirme,BOD112,Azure By Yelken Hotel,Kadıkalesi,False,2025-08-23 18:22:00,4.4,565,POOL,False,
azure-by-yelken-otel-bodrumda-hijyen-ve-hizmette-ciddi-eksiklikler-tatilbudurda-yaniltici-bilgilendirme,BOD112,Azure By Yelken Hotel,Kadıkalesi,False,2025-08-23 18:22:00,4.4,565,FACILITIES_MAINTENANCE,True,kırık
azure-by-yelken-otel-bodrumda-hijyen-ve-hizmette-ciddi-eksiklikler-tatilbudurda-yaniltici-bilgilendirme,BOD112,Azure By Yelken Hotel,Kadıkalesi,False,2025-08-23 18:22:00,4.4,565,RESERVATION,True,rezervasyon|tatilbudur
azure-by-yelken-otel-bodrumda-hijyen-ve-hizmette-ciddi-eksiklikler-tatilbudurda-yaniltici-bilgilendirme,BOD112,Azure By Yelken Hotel,Kadıkalesi,False,2025-08-23 18:22:00,4.4,565,PAYMENT_REFUND,True,para
azure-by-yelken-otel-bodrumda-hijyen-ve-hizmette-ciddi-eksiklikler-tatilbudurda-yaniltici-bilgilendirme,BOD112,Azure By Yelken Hotel,Kadıkalesi,False,2025-08-23 18:22:00,4.4,565,PRICE_VALUE,True,karşılığını
azure-by-yelken-otel-bodrumda-hijyen-ve-hizmette-ciddi-eksiklikler-tatilbudurda-yaniltici-bilgilendirme,BOD112,Azure By Yelken Hotel,Kadıkalesi,False,2025-08-23 18:22:00,4.4,565,CHECKIN_CHECKOUT,False,
azure-by-yelken-otel-bodrumda-hijyen-ve-hizmette-ciddi-eksiklikler-tatilbudurda-yaniltici-bilgilendirme,BOD112,Azure By Yelken Hotel,Kadıkalesi,False,2025-08-23 18:22:00,4.4,565,AIR_CONDITIONING,False,
azure-by-yelken-otel-bodrumda-hijyen-ve-hizmette-ciddi-eksiklikler-tatilbudurda-yaniltici-bilgilendirme,BOD112,Azure By Yelken Hotel,Kadıkalesi,False,2025-08-23 18:22:00,4.4,565,NOISE,False,
azure-by-yelken-otel-bodrumda-hijyen-ve-hizmette-ciddi-eksiklikler-tatilbudurda-yaniltici-bilgilendirme,BOD112,Azure By Yelken Hotel,Kadıkalesi,False,2025-08-23 18:22:00,4.4,565,FAMILY_CHILDREN,False,
azure-by-yelken-otel-bodrumda-hijyen-ve-hizmette-ciddi-eksiklikler-tatilbudurda-yaniltici-bilgilendirme,BOD112,Azure By Yelken Hotel,Kadıkalesi,False,2025-08-23 18:22:00,4.4,565,TRANSPORT_TRANSFER,False,
azure-by-yelken-otel-bodrumda-hijyen-ve-hizmette-ciddi-eksiklikler-tatilbudurda-yaniltici-bilgilendirme,BOD112,Azure By Yelken Hotel,Kadıkalesi,False,2025-08-23 18:22:00,4.4,565,MANAGEMENT_COMMUNICATION,True,bilgilendirme|iletişim
azure-by-yelken-otel-bodrumda-hijyen-ve-hizmette-ciddi-eksiklikler-tatilbudurda-yaniltici-bilgilendirme,BOD112,Azure By Yelken Hotel,Kadıkalesi,False,2025-08-23 18:22:00,4.4,565,SPA_WELLNESS,False,
azure-by-yelken-otel-bodrumda-hijyen-ve-hizmette-ciddi-eksiklikler-tatilbudurda-yaniltici-bilgilendirme,BOD112,Azure By Yelken Hotel,Kadıkalesi,False,2025-08-23 18:22:00,4.4,565,SAFETY_SECURITY,True,güvenli|tehlike
bodrumda-yuksek-ucretle-karsilasilan-ciddi-hijyen-sorunlari,BOD112,Azure By Yelken Hotel,Kadıkalesi,False,2025-08-21 18:39:00,4.4,565,STAFF_SERVICE,True,personel
bodrumda-yuksek-ucretle-karsilasilan-ciddi-hijyen-sorunlari,BOD112,Azure By Yelken Hotel,Kadıkalesi,False,2025-08-21 18:39:00,4.4,565,CLEANLINESS_HYGIENE,True,temizlik|hijyen|temiz|kirli|leke
bodrumda-yuksek-ucretle-karsilasilan-ciddi-hijyen-sorunlari,BOD112,Azure By Yelken Hotel,Kadıkalesi,False,2025-08-21 18:39:00,4.4,565,FOOD_BEVERAGE,True,yemek
bodrumda-yuksek-ucretle-karsilasilan-ciddi-hijyen-sorunlari,BOD112,Azure By Yelken Hotel,Kadıkalesi,False,2025-08-21 18:39:00,4.4,565,ROOM,True,oda
bodrumda-yuksek-ucretle-karsilasilan-ciddi-hijyen-sorunlari,BOD112,Azure By Yelken Hotel,Kadıkalesi,False,2025-08-21 18:39:00,4.4,565,BEACH_SEA,False,
bodrumda-yuksek-ucretle-karsilasilan-ciddi-hijyen-sorunlari,BOD112,Azure By Yelken Hotel,Kadıkalesi,False,2025-08-21 18:39:00,4.4,565,POOL,True,havuz
bodrumda-yuksek-ucretle-karsilasilan-ciddi-hijyen-sorunlari,BOD112,Azure By Yelken Hotel,Kadıkalesi,False,2025-08-21 18:39:00,4.4,565,FACILITIES_MAINTENANCE,True,spor salonu|bakımsız|bakım|kırık
bodrumda-yuksek-ucretle-karsilasilan-ciddi-hijyen-sorunlari,BOD112,Azure By Yelken Hotel,Kadıkalesi,False,2025-08-21 18:39:00,4.4,565,RESERVATION,False,
bodrumda-yuksek-ucretle-karsilasilan-ciddi-hijyen-sorunlari,BOD112,Azure By Yelken Hotel,Kadıkalesi,False,2025-08-21 18:39:00,4.4,565,PAYMENT_REFUND,True,ücret iadesi|ödeme|iade
bodrumda-yuksek-ucretle-karsilasilan-ciddi-hijyen-sorunlari,BOD112,Azure By Yelken Hotel,Kadıkalesi,False,2025-08-21 18:39:00,4.4,565,PRICE_VALUE,True,ücret
bodrumda-yuksek-ucretle-karsilasilan-ciddi-hijyen-sorunlari,BOD112,Azure By Yelken Hotel,Kadıkalesi,False,2025-08-21 18:39:00,4.4,565,CHECKIN_CHECKOUT,False,
bodrumda-yuksek-ucretle-karsilasilan-ciddi-hijyen-sorunlari,BOD112,Azure By Yelken Hotel,Kadıkalesi,False,2025-08-21 18:39:00,4.4,565,AIR_CONDITIONING,False,
bodrumda-yuksek-ucretle-karsilasilan-ciddi-hijyen-sorunlari,BOD112,Azure By Yelken Hotel,Kadıkalesi,False,2025-08-21 18:39:00,4.4,565,NOISE,False,
bodrumda-yuksek-ucretle-karsilasilan-ciddi-hijyen-sorunlari,BOD112,Azure By Yelken Hotel,Kadıkalesi,False,2025-08-21 18:39:00,4.4,565,FAMILY_CHILDREN,True,çocuğum
bodrumda-yuksek-ucretle-karsilasilan-ciddi-hijyen-sorunlari,BOD112,Azure By Yelken Hotel,Kadıkalesi,False,2025-08-21 18:39:00,4.4,565,TRANSPORT_TRANSFER,False,
bodrumda-yuksek-ucretle-karsilasilan-ciddi-hijyen-sorunlari,BOD112,Azure By Yelken Hotel,Kadıkalesi,False,2025-08-21 18:39:00,4.4,565,MANAGEMENT_COMMUNICATION,True,çözüm sunulmadı|yönetim
bodrumda-yuksek-ucretle-karsilasilan-ciddi-hijyen-sorunlari,BOD112,Azure By Yelken Hotel,Kadıkalesi,False,2025-08-21 18:39:00,4.4,565,SPA_WELLNESS,False,
bodrumda-yuksek-ucretle-karsilasilan-ciddi-hijyen-sorunlari,BOD112,Azure By Yelken Hotel,Kadıkalesi,False,2025-08-21 18:39:00,4.4,565,SAFETY_SECURITY,False,
otelin-hijyen-eksikligi-nedeniyle-ailecek-ciddi-saglik-sorunlari-yasadik,BOD112,Azure By Yelken Hotel,Kadıkalesi,False,2025-08-21 12:54:00,4.4,565,STAFF_SERVICE,True,çalışan
otelin-hijyen-eksikligi-nedeniyle-ailecek-ciddi-saglik-sorunlari-yasadik,BOD112,Azure By Yelken Hotel,Kadıkalesi,False,2025-08-21 12:54:00,4.4,565,CLEANLINESS_HYGIENE,True,oda temizliği|temizlik|hijyen|çarşaf|temiz|pis
otelin-hijyen-eksikligi-nedeniyle-ailecek-ciddi-saglik-sorunlari-yasadik,BOD112,Azure By Yelken Hotel,Kadıkalesi,False,2025-08-21 12:54:00,4.4,565,FOOD_BEVERAGE,True,yemek
otelin-hijyen-eksikligi-nedeniyle-ailecek-ciddi-saglik-sorunlari-yasadik,BOD112,Azure By Yelken Hotel,Kadıkalesi,False,2025-08-21 12:54:00,4.4,565,ROOM,True,oda değişikliği|anahtar|oda
otelin-hijyen-eksikligi-nedeniyle-ailecek-ciddi-saglik-sorunlari-yasadik,BOD112,Azure By Yelken Hotel,Kadıkalesi,False,2025-08-21 12:54:00,4.4,565,BEACH_SEA,False,
otelin-hijyen-eksikligi-nedeniyle-ailecek-ciddi-saglik-sorunlari-yasadik,BOD112,Azure By Yelken Hotel,Kadıkalesi,False,2025-08-21 12:54:00,4.4,565,POOL,True,havuz
otelin-hijyen-eksikligi-nedeniyle-ailecek-ciddi-saglik-sorunlari-yasadik,BOD112,Azure By Yelken Hotel,Kadıkalesi,False,2025-08-21 12:54:00,4.4,565,FACILITIES_MAINTENANCE,True,bakımsız|bakım
otelin-hijyen-eksikligi-nedeniyle-ailecek-ciddi-saglik-sorunlari-yasadik,BOD112,Azure By Yelken Hotel,Kadıkalesi,False,2025-08-21 12:54:00,4.4,565,RESERVATION,False,
otelin-hijyen-eksikligi-nedeniyle-ailecek-ciddi-saglik-sorunlari-yasadik,BOD112,Azure By Yelken Hotel,Kadıkalesi,False,2025-08-21 12:54:00,4.4,565,PAYMENT_REFUND,True,kredi kartı|ödeme|iade
otelin-hijyen-eksikligi-nedeniyle-ailecek-ciddi-saglik-sorunlari-yasadik,BOD112,Azure By Yelken Hotel,Kadıkalesi,False,2025-08-21 12:54:00,4.4,565,PRICE_VALUE,True,ücret
otelin-hijyen-eksikligi-nedeniyle-ailecek-ciddi-saglik-sorunlari-yasadik,BOD112,Azure By Yelken Hotel,Kadıkalesi,False,2025-08-21 12:54:00,4.4,565,CHECKIN_CHECKOUT,False,
otelin-hijyen-eksikligi-nedeniyle-ailecek-ciddi-saglik-sorunlari-yasadik,BOD112,Azure By Yelken Hotel,Kadıkalesi,False,2025-08-21 12:54:00,4.4,565,AIR_CONDITIONING,False,
otelin-hijyen-eksikligi-nedeniyle-ailecek-ciddi-saglik-sorunlari-yasadik,BOD112,Azure By Yelken Hotel,Kadıkalesi,False,2025-08-21 12:54:00,4.4,565,NOISE,False,
otelin-hijyen-eksikligi-nedeniyle-ailecek-ciddi-saglik-sorunlari-yasadik,BOD112,Azure By Yelken Hotel,Kadıkalesi,False,2025-08-21 12:54:00,4.4,565,FAMILY_CHILDREN,True,oğlum
otelin-hijyen-eksikligi-nedeniyle-ailecek-ciddi-saglik-sorunlari-yasadik,BOD112,Azure By Yelken Hotel,Kadıkalesi,False,2025-08-21 12:54:00,4.4,565,TRANSPORT_TRANSFER,False,
otelin-hijyen-eksikligi-nedeniyle-ailecek-ciddi-saglik-sorunlari-yasadik,BOD112,Azure By Yelken Hotel,Kadıkalesi,False,2025-08-21 12:54:00,4.4,565,MANAGEMENT_COMMUNICATION,True,çözüm sunulmadı
otelin-hijyen-eksikligi-nedeniyle-ailecek-ciddi-saglik-sorunlari-yasadik,BOD112,Azure By Yelken Hotel,Kadıkalesi,False,2025-08-21 12:54:00,4.4,565,SPA_WELLNESS,False,
otelin-hijyen-eksikligi-nedeniyle-ailecek-ciddi-saglik-sorunlari-yasadik,BOD112,Azure By Yelken Hotel,Kadıkalesi,False,2025-08-21 12:54:00,4.4,565,SAFETY_SECURITY,True,hastane|sağlık|doktor
azure-by-yelken-hotel-kisa-sureli-konaklamada-yuksek-ucret-kesintisi-ve-deniz-sorunu,BOD112,Azure By Yelken Hotel,Kadıkalesi,False,2025-08-15 20:39:00,4.4,565,STAFF_SERVICE,False,
azure-by-yelken-hotel-kisa-sureli-konaklamada-yuksek-ucret-kesintisi-ve-deniz-sorunu,BOD112,Azure By Yelken Hotel,Kadıkalesi,False,2025-08-15 20:39:00,4.4,565,CLEANLINESS_HYGIENE,False,
azure-by-yelken-hotel-kisa-sureli-konaklamada-yuksek-ucret-kesintisi-ve-deniz-sorunu,BOD112,Azure By Yelken Hotel,Kadıkalesi,False,2025-08-15 20:39:00,4.4,565,FOOD_BEVERAGE,False,
azure-by-yelken-hotel-kisa-sureli-konaklamada-yuksek-ucret-kesintisi-ve-deniz-sorunu,BOD112,Azure By Yelken Hotel,Kadıkalesi,False,2025-08-15 20:39:00,4.4,565,ROOM,True,oda
azure-by-yelken-hotel-kisa-sureli-konaklamada-yuksek-ucret-kesintisi-ve-deniz-sorunu,BOD112,Azure By Yelken Hotel,Kadıkalesi,False,2025-08-15 20:39:00,4.4,565,BEACH_SEA,True,deniz
azure-by-yelken-hotel-kisa-sureli-konaklamada-yuksek-ucret-kesintisi-ve-deniz-sorunu,BOD112,Azure By Yelken Hotel,Kadıkalesi,False,2025-08-15 20:39:00,4.4,565,POOL,False,
azure-by-yelken-hotel-kisa-sureli-konaklamada-yuksek-ucret-kesintisi-ve-deniz-sorunu,BOD112,Azure By Yelken Hotel,Kadıkalesi,False,2025-08-15 20:39:00,4.4,565,FACILITIES_MAINTENANCE,False,
azure-by-yelken-hotel-kisa-sureli-konaklamada-yuksek-ucret-kesintisi-ve-deniz-sorunu,BOD112,Azure By Yelken Hotel,Kadıkalesi,False,2025-08-15 20:39:00,4.4,565,RESERVATION,True,rezervasyon|tatilbudur|acente|iptal
azure-by-yelken-hotel-kisa-sureli-konaklamada-yuksek-ucret-kesintisi-ve-deniz-sorunu,BOD112,Azure By Yelken Hotel,Kadıkalesi,False,2025-08-15 20:39:00,4.4,565,PAYMENT_REFUND,True,para iadesi|kesinti|ödeme|tutar|iade|para
azure-by-yelken-hotel-kisa-sureli-konaklamada-yuksek-ucret-kesintisi-ve-deniz-sorunu,BOD112,Azure By Yelken Hotel,Kadıkalesi,False,2025-08-15 20:39:00,4.4,565,PRICE_VALUE,True,ücret
azure-by-yelken-hotel-kisa-sureli-konaklamada-yuksek-ucret-kesintisi-ve-deniz-sorunu,BOD112,Azure By Yelken Hotel,Kadıkalesi,False,2025-08-15 20:39:00,4.4,565,CHECKIN_CHECKOUT,False,
azure-by-yelken-hotel-kisa-sureli-konaklamada-yuksek-ucret-kesintisi-ve-deniz-sorunu,BOD112,Azure By Yelken Hotel,Kadıkalesi,False,2025-08-15 20:39:00,4.4,565,AIR_CONDITIONING,False,
azure-by-yelken-hotel-kisa-sureli-konaklamada-yuksek-ucret-kesintisi-ve-deniz-sorunu,BOD112,Azure By Yelken Hotel,Kadıkalesi,False,2025-08-15 20:39:00,4.4,565,NOISE,False,
azure-by-yelken-hotel-kisa-sureli-konaklamada-yuksek-ucret-kesintisi-ve-deniz-sorunu,BOD112,Azure By Yelken Hotel,Kadıkalesi,False,2025-08-15 20:39:00,4.4,565,FAMILY_CHILDREN,False,
azure-by-yelken-hotel-kisa-sureli-konaklamada-yuksek-ucret-kesintisi-ve-deniz-sorunu,BOD112,Azure By Yelken Hotel,Kadıkalesi,False,2025-08-15 20:39:00,4.4,565,TRANSPORT_TRANSFER,False,
azure-by-yelken-hotel-kisa-sureli-konaklamada-yuksek-ucret-kesintisi-ve-deniz-sorunu,BOD112,Azure By Yelken Hotel,Kadıkalesi,False,2025-08-15 20:39:00,4.4,565,MANAGEMENT_COMMUNICATION,False,
azure-by-yelken-hotel-kisa-sureli-konaklamada-yuksek-ucret-kesintisi-ve-deniz-sorunu,BOD112,Azure By Yelken Hotel,Kadıkalesi,False,2025-08-15 20:39:00,4.4,565,SPA_WELLNESS,False,
azure-by-yelken-hotel-kisa-sureli-konaklamada-yuksek-ucret-kesintisi-ve-deniz-sorunu,BOD112,Azure By Yelken Hotel,Kadıkalesi,False,2025-08-15 20:39:00,4.4,565,SAFETY_SECURITY,False,
otelin-denizinin-kotu-olmasi-ve-haksiz-rezervasyon-kesintisi,BOD112,Azure By Yelken Hotel,Kadıkalesi,False,2025-08-12 16:37:00,4.4,565,STAFF_SERVICE,False,
otelin-denizinin-kotu-olmasi-ve-haksiz-rezervasyon-kesintisi,BOD112,Azure By Yelken Hotel,Kadıkalesi,False,2025-08-12 16:37:00,4.4,565,CLEANLINESS_HYGIENE,False,
otelin-denizinin-kotu-olmasi-ve-haksiz-rezervasyon-kesintisi,BOD112,Azure By Yelken Hotel,Kadıkalesi,False,2025-08-12 16:37:00,4.4,565,FOOD_BEVERAGE,False,
otelin-denizinin-kotu-olmasi-ve-haksiz-rezervasyon-kesintisi,BOD112,Azure By Yelken Hotel,Kadıkalesi,False,2025-08-12 16:37:00,4.4,565,ROOM,False,
otelin-denizinin-kotu-olmasi-ve-haksiz-rezervasyon-kesintisi,BOD112,Azure By Yelken Hotel,Kadıkalesi,False,2025-08-12 16:37:00,4.4,565,BEACH_SEA,True,deniz
otelin-denizinin-kotu-olmasi-ve-haksiz-rezervasyon-kesintisi,BOD112,Azure By Yelken Hotel,Kadıkalesi,False,2025-08-12 16:37:00,4.4,565,POOL,False,
otelin-denizinin-kotu-olmasi-ve-haksiz-rezervasyon-kesintisi,BOD112,Azure By Yelken Hotel,Kadıkalesi,False,2025-08-12 16:37:00,4.4,565,FACILITIES_MAINTENANCE,False,
otelin-denizinin-kotu-olmasi-ve-haksiz-rezervasyon-kesintisi,BOD112,Azure By Yelken Hotel,Kadıkalesi,False,2025-08-12 16:37:00,4.4,565,RESERVATION,True,rezervasyon|tatilbudur|acente|iptal
otelin-denizinin-kotu-olmasi-ve-haksiz-rezervasyon-kesintisi,BOD112,Azure By Yelken Hotel,Kadıkalesi,False,2025-08-12 16:37:00,4.4,565,PAYMENT_REFUND,True,kesinti|iade
otelin-denizinin-kotu-olmasi-ve-haksiz-rezervasyon-kesintisi,BOD112,Azure By Yelken Hotel,Kadıkalesi,False,2025-08-12 16:37:00,4.4,565,PRICE_VALUE,True,ödediğimiz|ücret
otelin-denizinin-kotu-olmasi-ve-haksiz-rezervasyon-kesintisi,BOD112,Azure By Yelken Hotel,Kadıkalesi,False,2025-08-12 16:37:00,4.4,565,CHECKIN_CHECKOUT,False,
otelin-denizinin-kotu-olmasi-ve-haksiz-rezervasyon-kesintisi,BOD112,Azure By Yelken Hotel,Kadıkalesi,False,2025-08-12 16:37:00,4.4,565,AIR_CONDITIONING,False,
otelin-denizinin-kotu-olmasi-ve-haksiz-rezervasyon-kesintisi,BOD112,Azure By Yelken Hotel,Kadıkalesi,False,2025-08-12 16:37:00,4.4,565,NOISE,False,
otelin-denizinin-kotu-olmasi-ve-haksiz-rezervasyon-kesintisi,BOD112,Azure By Yelken Hotel,Kadıkalesi,False,2025-08-12 16:37:00,4.4,565,FAMILY_CHILDREN,False,
otelin-denizinin-kotu-olmasi-ve-haksiz-rezervasyon-kesintisi,BOD112,Azure By Yelken Hotel,Kadıkalesi,False,2025-08-12 16:37:00,4.4,565,TRANSPORT_TRANSFER,False,
otelin-denizinin-kotu-olmasi-ve-haksiz-rezervasyon-kesintisi,BOD112,Azure By Yelken Hotel,Kadıkalesi,False,2025-08-12 16:37:00,4.4,565,MANAGEMENT_COMMUNICATION,True,yönetim
otelin-denizinin-kotu-olmasi-ve-haksiz-rezervasyon-kesintisi,BOD112,Azure By Yelken Hotel,Kadıkalesi,False,2025-08-12 16:37:00,4.4,565,SPA_WELLNESS,False,
otelin-denizinin-kotu-olmasi-ve-haksiz-rezervasyon-kesintisi,BOD112,Azure By Yelken Hotel,Kadıkalesi,False,2025-08-12 16:37:00,4.4,565,SAFETY_SECURITY,False,
oglum-icin-uygun-yatak-saglanmadi-personel-ilgisiz-ve-temizlik-sorunlari-var,BOD112,Azure By Yelken Hotel,Kadıkalesi,False,2025-08-11 23:08:00,4.4,565,STAFF_SERVICE,True,personel|ilgisiz
oglum-icin-uygun-yatak-saglanmadi-personel-ilgisiz-ve-temizlik-sorunlari-var,BOD112,Azure By Yelken Hotel,Kadıkalesi,False,2025-08-11 23:08:00,4.4,565,CLEANLINESS_HYGIENE,True,böcek
oglum-icin-uygun-yatak-saglanmadi-personel-ilgisiz-ve-temizlik-sorunlari-var,BOD112,Azure By Yelken Hotel,Kadıkalesi,False,2025-08-11 23:08:00,4.4,565,FOOD_BEVERAGE,True,her şey dahil
oglum-icin-uygun-yatak-saglanmadi-personel-ilgisiz-ve-temizlik-sorunlari-var,BOD112,Azure By Yelken Hotel,Kadıkalesi,False,2025-08-11 23:08:00,4.4,565,ROOM,True,yatak|oda
oglum-icin-uygun-yatak-saglanmadi-personel-ilgisiz-ve-temizlik-sorunlari-var,BOD112,Azure By Yelken Hotel,Kadıkalesi,False,2025-08-11 23:08:00,4.4,565,BEACH_SEA,True,deniz
oglum-icin-uygun-yatak-saglanmadi-personel-ilgisiz-ve-temizlik-sorunlari-var,BOD112,Azure By Yelken Hotel,Kadıkalesi,False,2025-08-11 23:08:00,4.4,565,POOL,False,
oglum-icin-uygun-yatak-saglanmadi-personel-ilgisiz-ve-temizlik-sorunlari-var,BOD112,Azure By Yelken Hotel,Kadıkalesi,False,2025-08-11 23:08:00,4.4,565,FACILITIES_MAINTENANCE,False,
oglum-icin-uygun-yatak-saglanmadi-personel-ilgisiz-ve-temizlik-sorunlari-var,BOD112,Azure By Yelken Hotel,Kadıkalesi,False,2025-08-11 23:08:00,4.4,565,RESERVATION,False,
oglum-icin-uygun-yatak-saglanmadi-personel-ilgisiz-ve-temizlik-sorunlari-var,BOD112,Azure By Yelken Hotel,Kadıkalesi,False,2025-08-11 23:08:00,4.4,565,PAYMENT_REFUND,True,kredi kartı|ödeme|tutar
oglum-icin-uygun-yatak-saglanmadi-personel-ilgisiz-ve-temizlik-sorunlari-var,BOD112,Azure By Yelken Hotel,Kadıkalesi,False,2025-08-11 23:08:00,4.4,565,PRICE_VALUE,True,ücret
oglum-icin-uygun-yatak-saglanmadi-personel-ilgisiz-ve-temizlik-sorunlari-var,BOD112,Azure By Yelken Hotel,Kadıkalesi,False,2025-08-11 23:08:00,4.4,565,CHECKIN_CHECKOUT,False,
oglum-icin-uygun-yatak-saglanmadi-personel-ilgisiz-ve-temizlik-sorunlari-var,BOD112,Azure By Yelken Hotel,Kadıkalesi,False,2025-08-11 23:08:00,4.4,565,AIR_CONDITIONING,False,
oglum-icin-uygun-yatak-saglanmadi-personel-ilgisiz-ve-temizlik-sorunlari-var,BOD112,Azure By Yelken Hotel,Kadıkalesi,False,2025-08-11 23:08:00,4.4,565,NOISE,False,
oglum-icin-uygun-yatak-saglanmadi-personel-ilgisiz-ve-temizlik-sorunlari-var,BOD112,Azure By Yelken Hotel,Kadıkalesi,False,2025-08-11 23:08:00,4.4,565,FAMILY_CHILDREN,True,oğlum
oglum-icin-uygun-yatak-saglanmadi-personel-ilgisiz-ve-temizlik-sorunlari-var,BOD112,Azure By Yelken Hotel,Kadıkalesi,False,2025-08-11 23:08:00,4.4,565,TRANSPORT_TRANSFER,False,
oglum-icin-uygun-yatak-saglanmadi-personel-ilgisiz-ve-temizlik-sorunlari-var,BOD112,Azure By Yelken Hotel,Kadıkalesi,False,2025-08-11 23:08:00,4.4,565,MANAGEMENT_COMMUNICATION,True,çözüm sunulmadı|yönetim|yetkili
oglum-icin-uygun-yatak-saglanmadi-personel-ilgisiz-ve-temizlik-sorunlari-var,BOD112,Azure By Yelken Hotel,Kadıkalesi,False,2025-08-11 23:08:00,4.4,565,SPA_WELLNESS,True,hamam
oglum-icin-uygun-yatak-saglanmadi-personel-ilgisiz-ve-temizlik-sorunlari-var,BOD112,Azure By Yelken Hotel,Kadıkalesi,False,2025-08-11 23:08:00,4.4,565,SAFETY_SECURITY,False,
hijyen-ve-hizmet-eksiklikleri-hayal-kirikligi-yaratti,BOD112,Azure By Yelken Hotel,Kadıkalesi,False,2025-08-10 15:13:00,4.4,565,STAFF_SERVICE,True,personel|hizmet
hijyen-ve-hizmet-eksiklikleri-hayal-kirikligi-yaratti,BOD112,Azure By Yelken Hotel,Kadıkalesi,False,2025-08-10 15:13:00,4.4,565,CLEANLINESS_HYGIENE,True,hijyen|temiz
hijyen-ve-hizmet-eksiklikleri-hayal-kirikligi-yaratti,BOD112,Azure By Yelken Hotel,Kadıkalesi,False,2025-08-10 15:13:00,4.4,565,FOOD_BEVERAGE,True,her şey dahil|yemek|çatal
hijyen-ve-hizmet-eksiklikleri-hayal-kirikligi-yaratti,BOD112,Azure By Yelken Hotel,Kadıkalesi,False,2025-08-10 15:13:00,4.4,565,ROOM,True,yatak
hijyen-ve-hizmet-eksiklikleri-hayal-kirikligi-yaratti,BOD112,Azure By Yelken Hotel,Kadıkalesi,False,2025-08-10 15:13:00,4.4,565,BEACH_SEA,False,
hijyen-ve-hizmet-eksiklikleri-hayal-kirikligi-yaratti,BOD112,Azure By Yelken Hotel,Kadıkalesi,False,2025-08-10 15:13:00,4.4,565,POOL,True,havuz
hijyen-ve-hizmet-eksiklikleri-hayal-kirikligi-yaratti,BOD112,Azure By Yelken Hotel,Kadıkalesi,False,2025-08-10 15:13:00,4.4,565,FACILITIES_MAINTENANCE,False,
hijyen-ve-hizmet-eksiklikleri-hayal-kirikligi-yaratti,BOD112,Azure By Yelken Hotel,Kadıkalesi,False,2025-08-10 15:13:00,4.4,565,RESERVATION,False,
hijyen-ve-hizmet-eksiklikleri-hayal-kirikligi-yaratti,BOD112,Azure By Yelken Hotel,Kadıkalesi,False,2025-08-10 15:13:00,4.4,565,PAYMENT_REFUND,True,ücret iadesi|iade
hijyen-ve-hizmet-eksiklikleri-hayal-kirikligi-yaratti,BOD112,Azure By Yelken Hotel,Kadıkalesi,False,2025-08-10 15:13:00,4.4,565,PRICE_VALUE,True,ücret
hijyen-ve-hizmet-eksiklikleri-hayal-kirikligi-yaratti,BOD112,Azure By Yelken Hotel,Kadıkalesi,False,2025-08-10 15:13:00,4.4,565,CHECKIN_CHECKOUT,False,
hijyen-ve-hizmet-eksiklikleri-hayal-kirikligi-yaratti,BOD112,Azure By Yelken Hotel,Kadıkalesi,False,2025-08-10 15:13:00,4.4,565,AIR_CONDITIONING,False,
hijyen-ve-hizmet-eksiklikleri-hayal-kirikligi-yaratti,BOD112,Azure By Yelken Hotel,Kadıkalesi,False,2025-08-10 15:13:00,4.4,565,NOISE,False,
hijyen-ve-hizmet-eksiklikleri-hayal-kirikligi-yaratti,BOD112,Azure By Yelken Hotel,Kadıkalesi,False,2025-08-10 15:13:00,4.4,565,FAMILY_CHILDREN,False,
hijyen-ve-hizmet-eksiklikleri-hayal-kirikligi-yaratti,BOD112,Azure By Yelken Hotel,Kadıkalesi,False,2025-08-10 15:13:00,4.4,565,TRANSPORT_TRANSFER,False,
hijyen-ve-hizmet-eksiklikleri-hayal-kirikligi-yaratti,BOD112,Azure By Yelken Hotel,Kadıkalesi,False,2025-08-10 15:13:00,4.4,565,MANAGEMENT_COMMUNICATION,False,
hijyen-ve-hizmet-eksiklikleri-hayal-kirikligi-yaratti,BOD112,Azure By Yelken Hotel,Kadıkalesi,False,2025-08-10 15:13:00,4.4,565,SPA_WELLNESS,False,
hijyen-ve-hizmet-eksiklikleri-hayal-kirikligi-yaratti,BOD112,Azure By Yelken Hotel,Kadıkalesi,False,2025-08-10 15:13:00,4.4,565,SAFETY_SECURITY,False,
hijyen-eksikligi-ve-cozum-sunulmayan-otelde-magduriyet-yasadim,BOD112,Azure By Yelken Hotel,Kadıkalesi,False,2025-08-09 12:48:00,4.4,565,STAFF_SERVICE,True,çalışan|hizmet
hijyen-eksikligi-ve-cozum-sunulmayan-otelde-magduriyet-yasadim,BOD112,Azure By Yelken Hotel,Kadıkalesi,False,2025-08-09 12:48:00,4.4,565,CLEANLINESS_HYGIENE,True,temizlik|hijyen|temiz|kirli|leke|koku|pis
hijyen-eksikligi-ve-cozum-sunulmayan-otelde-magduriyet-yasadim,BOD112,Azure By Yelken Hotel,Kadıkalesi,False,2025-08-09 12:48:00,4.4,565,FOOD_BEVERAGE,True,snack|bar
hijyen-eksikligi-ve-cozum-sunulmayan-otelde-magduriyet-yasadim,BOD112,Azure By Yelken Hotel,Kadıkalesi,False,2025-08-09 12:48:00,4.4,565,ROOM,True,nevresim|oda
hijyen-eksikligi-ve-cozum-sunulmayan-otelde-magduriyet-yasadim,BOD112,Azure By Yelken Hotel,Kadıkalesi,False,2025-08-09 12:48:00,4.4,565,BEACH_SEA,False,
hijyen-eksikligi-ve-cozum-sunulmayan-otelde-magduriyet-yasadim,BOD112,Azure By Yelken Hotel,Kadıkalesi,False,2025-08-09 12:48:00,4.4,565,POOL,False,
hijyen-eksikligi-ve-cozum-sunulmayan-otelde-magduriyet-yasadim,BOD112,Azure By Yelken Hotel,Kadıkalesi,False,2025-08-09 12:48:00,4.4,565,FACILITIES_MAINTENANCE,False,
hijyen-eksikligi-ve-cozum-sunulmayan-otelde-magduriyet-yasadim,BOD112,Azure By Yelken Hotel,Kadıkalesi,False,2025-08-09 12:48:00,4.4,565,RESERVATION,True,rezervasyon|tatilbudur
hijyen-eksikligi-ve-cozum-sunulmayan-otelde-magduriyet-yasadim,BOD112,Azure By Yelken Hotel,Kadıkalesi,False,2025-08-09 12:48:00,4.4,565,PAYMENT_REFUND,True,ücret iadesi|kredi kartı|ödeme|iade
hijyen-eksikligi-ve-cozum-sunulmayan-otelde-magduriyet-yasadim,BOD112,Azure By Yelken Hotel,Kadıkalesi,False,2025-08-09 12:48:00,4.4,565,PRICE_VALUE,True,ücret
hijyen-eksikligi-ve-cozum-sunulmayan-otelde-magduriyet-yasadim,BOD112,Azure By Yelken Hotel,Kadıkalesi,False,2025-08-09 12:48:00,4.4,565,CHECKIN_CHECKOUT,True,giriş saati
hijyen-eksikligi-ve-cozum-sunulmayan-otelde-magduriyet-yasadim,BOD112,Azure By Yelken Hotel,Kadıkalesi,False,2025-08-09 12:48:00,4.4,565,AIR_CONDITIONING,False,
hijyen-eksikligi-ve-cozum-sunulmayan-otelde-magduriyet-yasadim,BOD112,Azure By Yelken Hotel,Kadıkalesi,False,2025-08-09 12:48:00,4.4,565,NOISE,False,
hijyen-eksikligi-ve-cozum-sunulmayan-otelde-magduriyet-yasadim,BOD112,Azure By Yelken Hotel,Kadıkalesi,False,2025-08-09 12:48:00,4.4,565,FAMILY_CHILDREN,False,
hijyen-eksikligi-ve-cozum-sunulmayan-otelde-magduriyet-yasadim,BOD112,Azure By Yelken Hotel,Kadıkalesi,False,2025-08-09 12:48:00,4.4,565,TRANSPORT_TRANSFER,False,
hijyen-eksikligi-ve-cozum-sunulmayan-otelde-magduriyet-yasadim,BOD112,Azure By Yelken Hotel,Kadıkalesi,False,2025-08-09 12:48:00,4.4,565,MANAGEMENT_COMMUNICATION,True,çözüm sunulmadı|iletişim|yetkili
hijyen-eksikligi-ve-cozum-sunulmayan-otelde-magduriyet-yasadim,BOD112,Azure By Yelken Hotel,Kadıkalesi,False,2025-08-09 12:48:00,4.4,565,SPA_WELLNESS,False,
hijyen-eksikligi-ve-cozum-sunulmayan-otelde-magduriyet-yasadim,BOD112,Azure By Yelken Hotel,Kadıkalesi,False,2025-08-09 12:48:00,4.4,565,SAFETY_SECURITY,True,güvenli
azure-by-yelken-hotelde-zehirlenenler,BOD112,Azure By Yelken Hotel,Kadıkalesi,False,2025-08-08 16:03:00,4.4,565,STAFF_SERVICE,False,
azure-by-yelken-hotelde-zehirlenenler,BOD112,Azure By Yelken Hotel,Kadıkalesi,False,2025-08-08 16:03:00,4.4,565,CLEANLINESS_HYGIENE,True,hijyen
azure-by-yelken-hotelde-zehirlenenler,BOD112,Azure By Yelken Hotel,Kadıkalesi,False,2025-08-08 16:03:00,4.4,565,FOOD_BEVERAGE,True,zehirlenme|restoran
azure-by-yelken-hotelde-zehirlenenler,BOD112,Azure By Yelken Hotel,Kadıkalesi,False,2025-08-08 16:03:00,4.4,565,ROOM,False,
azure-by-yelken-hotelde-zehirlenenler,BOD112,Azure By Yelken Hotel,Kadıkalesi,False,2025-08-08 16:03:00,4.4,565,BEACH_SEA,False,
azure-by-yelken-hotelde-zehirlenenler,BOD112,Azure By Yelken Hotel,Kadıkalesi,False,2025-08-08 16:03:00,4.4,565,POOL,False,
azure-by-yelken-hotelde-zehirlenenler,BOD112,Azure By Yelken Hotel,Kadıkalesi,False,2025-08-08 16:03:00,4.4,565,FACILITIES_MAINTENANCE,False,
azure-by-yelken-hotelde-zehirlenenler,BOD112,Azure By Yelken Hotel,Kadıkalesi,False,2025-08-08 16:03:00,4.4,565,RESERVATION,False,
azure-by-yelken-hotelde-zehirlenenler,BOD112,Azure By Yelken Hotel,Kadıkalesi,False,2025-08-08 16:03:00,4.4,565,PAYMENT_REFUND,False,
azure-by-yelken-hotelde-zehirlenenler,BOD112,Azure By Yelken Hotel,Kadıkalesi,False,2025-08-08 16:03:00,4.4,565,PRICE_VALUE,False,
azure-by-yelken-hotelde-zehirlenenler,BOD112,Azure By Yelken Hotel,Kadıkalesi,False,2025-08-08 16:03:00,4.4,565,CHECKIN_CHECKOUT,False,
azure-by-yelken-hotelde-zehirlenenler,BOD112,Azure By Yelken Hotel,Kadıkalesi,False,2025-08-08 16:03:00,4.4,565,AIR_CONDITIONING,False,
azure-by-yelken-hotelde-zehirlenenler,BOD112,Azure By Yelken Hotel,Kadıkalesi,False,2025-08-08 16:03:00,4.4,565,NOISE,False,
azure-by-yelken-hotelde-zehirlenenler,BOD112,Azure By Yelken Hotel,Kadıkalesi,False,2025-08-08 16:03:00,4.4,565,FAMILY_CHILDREN,True,çocuk|aile
azure-by-yelken-hotelde-zehirlenenler,BOD112,Azure By Yelken Hotel,Kadıkalesi,False,2025-08-08 16:03:00,4.4,565,TRANSPORT_TRANSFER,False,
azure-by-yelken-hotelde-zehirlenenler,BOD112,Azure By Yelken Hotel,Kadıkalesi,False,2025-08-08 16:03:00,4.4,565,MANAGEMENT_COMMUNICATION,True,iletişim|yönetim|yetkili
azure-by-yelken-hotelde-zehirlenenler,BOD112,Azure By Yelken Hotel,Kadıkalesi,False,2025-08-08 16:03:00,4.4,565,SPA_WELLNESS,False,
azure-by-yelken-hotelde-zehirlenenler,BOD112,Azure By Yelken Hotel,Kadıkalesi,False,2025-08-08 16:03:00,4.4,565,SAFETY_SECURITY,True,zehirlenme|hastane|sağlık
rezervasyonum-eksik-oda-ve-yatakla-hayal-kirikligina-donustu,BOD112,Azure By Yelken Hotel,Kadıkalesi,False,2025-08-04 15:04:00,4.4,565,STAFF_SERVICE,False,
rezervasyonum-eksik-oda-ve-yatakla-hayal-kirikligina-donustu,BOD112,Azure By Yelken Hotel,Kadıkalesi,False,2025-08-04 15:04:00,4.4,565,CLEANLINESS_HYGIENE,False,
rezervasyonum-eksik-oda-ve-yatakla-hayal-kirikligina-donustu,BOD112,Azure By Yelken Hotel,Kadıkalesi,False,2025-08-04 15:04:00,4.4,565,FOOD_BEVERAGE,False,
rezervasyonum-eksik-oda-ve-yatakla-hayal-kirikligina-donustu,BOD112,Azure By Yelken Hotel,Kadıkalesi,False,2025-08-04 15:04:00,4.4,565,ROOM,True,yatak|oda
rezervasyonum-eksik-oda-ve-yatakla-hayal-kirikligina-donustu,BOD112,Azure By Yelken Hotel,Kadıkalesi,False,2025-08-04 15:04:00,4.4,565,BEACH_SEA,True,deniz
rezervasyonum-eksik-oda-ve-yatakla-hayal-kirikligina-donustu,BOD112,Azure By Yelken Hotel,Kadıkalesi,False,2025-08-04 15:04:00,4.4,565,POOL,False,
rezervasyonum-eksik-oda-ve-yatakla-hayal-kirikligina-donustu,BOD112,Azure By Yelken Hotel,Kadıkalesi,False,2025-08-04 15:04:00,4.4,565,FACILITIES_MAINTENANCE,False,
rezervasyonum-eksik-oda-ve-yatakla-hayal-kirikligina-donustu,BOD112,Azure By Yelken Hotel,Kadıkalesi,False,2025-08-04 15:04:00,4.4,565,RESERVATION,True,rezervasyon|tatilbudur
rezervasyonum-eksik-oda-ve-yatakla-hayal-kirikligina-donustu,BOD112,Azure By Yelken Hotel,Kadıkalesi,False,2025-08-04 15:04:00,4.4,565,PAYMENT_REFUND,False,
rezervasyonum-eksik-oda-ve-yatakla-hayal-kirikligina-donustu,BOD112,Azure By Yelken Hotel,Kadıkalesi,False,2025-08-04 15:04:00,4.4,565,PRICE_VALUE,True,ücret
rezervasyonum-eksik-oda-ve-yatakla-hayal-kirikligina-donustu,BOD112,Azure By Yelken Hotel,Kadıkalesi,False,2025-08-04 15:04:00,4.4,565,CHECKIN_CHECKOUT,False,
rezervasyonum-eksik-oda-ve-yatakla-hayal-kirikligina-donustu,BOD112,Azure By Yelken Hotel,Kadıkalesi,False,2025-08-04 15:04:00,4.4,565,AIR_CONDITIONING,False,
rezervasyonum-eksik-oda-ve-yatakla-hayal-kirikligina-donustu,BOD112,Azure By Yelken Hotel,Kadıkalesi,False,2025-08-04 15:04:00,4.4,565,NOISE,False,
rezervasyonum-eksik-oda-ve-yatakla-hayal-kirikligina-donustu,BOD112,Azure By Yelken Hotel,Kadıkalesi,False,2025-08-04 15:04:00,4.4,565,FAMILY_CHILDREN,True,çocuk
rezervasyonum-eksik-oda-ve-yatakla-hayal-kirikligina-donustu,BOD112,Azure By Yelken Hotel,Kadıkalesi,False,2025-08-04 15:04:00,4.4,565,TRANSPORT_TRANSFER,False,
rezervasyonum-eksik-oda-ve-yatakla-hayal-kirikligina-donustu,BOD112,Azure By Yelken Hotel,Kadıkalesi,False,2025-08-04 15:04:00,4.4,565,MANAGEMENT_COMMUNICATION,False,
rezervasyonum-eksik-oda-ve-yatakla-hayal-kirikligina-donustu,BOD112,Azure By Yelken Hotel,Kadıkalesi,False,2025-08-04 15:04:00,4.4,565,SPA_WELLNESS,False,
rezervasyonum-eksik-oda-ve-yatakla-hayal-kirikligina-donustu,BOD112,Azure By Yelken Hotel,Kadıkalesi,False,2025-08-04 15:04:00,4.4,565,SAFETY_SECURITY,False,
tatilbudurda-hayal-kirikligi-temizlik-hizmet-ve-konfor-sorunlari,BOD112,Azure By Yelken Hotel,Kadıkalesi,False,2025-08-01 09:41:00,4.4,565,STAFF_SERVICE,True,garson|hizmet
tatilbudurda-hayal-kirikligi-temizlik-hizmet-ve-konfor-sorunlari,BOD112,Azure By Yelken Hotel,Kadıkalesi,False,2025-08-01 09:41:00,4.4,565,CLEANLINESS_HYGIENE,True,temizlik|hijyen|temiz|kirli|havlu|böcek|koku
tatilbudurda-hayal-kirikligi-temizlik-hizmet-ve-konfor-sorunlari,BOD112,Azure By Yelken Hotel,Kadıkalesi,False,2025-08-01 09:41:00,4.4,565,FOOD_BEVERAGE,True,lezzet|yemek
tatilbudurda-hayal-kirikligi-temizlik-hizmet-ve-konfor-sorunlari,BOD112,Azure By Yelken Hotel,Kadıkalesi,False,2025-08-01 09:41:00,4.4,565,ROOM,True,yatak|banyo|oda|duş
tatilbudurda-hayal-kirikligi-temizlik-hizmet-ve-konfor-sorunlari,BOD112,Azure By Yelken Hotel,Kadıkalesi,False,2025-08-01 09:41:00,4.4,565,BEACH_SEA,True,şezlong|deniz|plaj
tatilbudurda-hayal-kirikligi-temizlik-hizmet-ve-konfor-sorunlari,BOD112,Azure By Yelken Hotel,Kadıkalesi,False,2025-08-01 09:41:00,4.4,565,POOL,True,havuz
tatilbudurda-hayal-kirikligi-temizlik-hizmet-ve-konfor-sorunlari,BOD112,Azure By Yelken Hotel,Kadıkalesi,False,2025-08-01 09:41:00,4.4,565,FACILITIES_MAINTENANCE,True,kırık|eski
tatilbudurda-hayal-kirikligi-temizlik-hizmet-ve-konfor-sorunlari,BOD112,Azure By Yelken Hotel,Kadıkalesi,False,2025-08-01 09:41:00,4.4,565,RESERVATION,True,tatilbudur
tatilbudurda-hayal-kirikligi-temizlik-hizmet-ve-konfor-sorunlari,BOD112,Azure By Yelken Hotel,Kadıkalesi,False,2025-08-01 09:41:00,4.4,565,PAYMENT_REFUND,False,
tatilbudurda-hayal-kirikligi-temizlik-hizmet-ve-konfor-sorunlari,BOD112,Azure By Yelken Hotel,Kadıkalesi,False,2025-08-01 09:41:00,4.4,565,PRICE_VALUE,False,
tatilbudurda-hayal-kirikligi-temizlik-hizmet-ve-konfor-sorunlari,BOD112,Azure By Yelken Hotel,Kadıkalesi,False,2025-08-01 09:41:00,4.4,565,CHECKIN_CHECKOUT,False,
tatilbudurda-hayal-kirikligi-temizlik-hizmet-ve-konfor-sorunlari,BOD112,Azure By Yelken Hotel,Kadıkalesi,False,2025-08-01 09:41:00,4.4,565,AIR_CONDITIONING,True,havalandırma|klima
tatilbudurda-hayal-kirikligi-temizlik-hizmet-ve-konfor-sorunlari,BOD112,Azure By Yelken Hotel,Kadıkalesi,False,2025-08-01 09:41:00,4.4,565,NOISE,True,uyuyamadık|ses
tatilbudurda-hayal-kirikligi-temizlik-hizmet-ve-konfor-sorunlari,BOD112,Azure By Yelken Hotel,Kadıkalesi,False,2025-08-01 09:41:00,4.4,565,FAMILY_CHILDREN,True,çocuk|bebek|aile
tatilbudurda-hayal-kirikligi-temizlik-hizmet-ve-konfor-sorunlari,BOD112,Azure By Yelken Hotel,Kadıkalesi,False,2025-08-01 09:41:00,4.4,565,TRANSPORT_TRANSFER,False,
tatilbudurda-hayal-kirikligi-temizlik-hizmet-ve-konfor-sorunlari,BOD112,Azure By Yelken Hotel,Kadıkalesi,False,2025-08-01 09:41:00,4.4,565,MANAGEMENT_COMMUNICATION,False,
tatilbudurda-hayal-kirikligi-temizlik-hizmet-ve-konfor-sorunlari,BOD112,Azure By Yelken Hotel,Kadıkalesi,False,2025-08-01 09:41:00,4.4,565,SPA_WELLNESS,False,
tatilbudurda-hayal-kirikligi-temizlik-hizmet-ve-konfor-sorunlari,BOD112,Azure By Yelken Hotel,Kadıkalesi,False,2025-08-01 09:41:00,4.4,565,SAFETY_SECURITY,False,
otel-yonetimi-ve-hizmet-kalitesi-hayal-kirikligi-yaratti,BOD112,Azure By Yelken Hotel,Kadıkalesi,False,2025-07-26 12:59:00,4.4,565,STAFF_SERVICE,False,
otel-yonetimi-ve-hizmet-kalitesi-hayal-kirikligi-yaratti,BOD112,Azure By Yelken Hotel,Kadıkalesi,False,2025-07-26 12:59:00,4.4,565,CLEANLINESS_HYGIENE,False,
otel-yonetimi-ve-hizmet-kalitesi-hayal-kirikligi-yaratti,BOD112,Azure By Yelken Hotel,Kadıkalesi,False,2025-07-26 12:59:00,4.4,565,FOOD_BEVERAGE,False,
otel-yonetimi-ve-hizmet-kalitesi-hayal-kirikligi-yaratti,BOD112,Azure By Yelken Hotel,Kadıkalesi,False,2025-07-26 12:59:00,4.4,565,ROOM,False,
otel-yonetimi-ve-hizmet-kalitesi-hayal-kirikligi-yaratti,BOD112,Azure By Yelken Hotel,Kadıkalesi,False,2025-07-26 12:59:00,4.4,565,BEACH_SEA,False,
otel-yonetimi-ve-hizmet-kalitesi-hayal-kirikligi-yaratti,BOD112,Azure By Yelken Hotel,Kadıkalesi,False,2025-07-26 12:59:00,4.4,565,POOL,False,
otel-yonetimi-ve-hizmet-kalitesi-hayal-kirikligi-yaratti,BOD112,Azure By Yelken Hotel,Kadıkalesi,False,2025-07-26 12:59:00,4.4,565,FACILITIES_MAINTENANCE,False,
otel-yonetimi-ve-hizmet-kalitesi-hayal-kirikligi-yaratti,BOD112,Azure By Yelken Hotel,Kadıkalesi,False,2025-07-26 12:59:00,4.4,565,RESERVATION,True,rezervasyon
otel-yonetimi-ve-hizmet-kalitesi-hayal-kirikligi-yaratti,BOD112,Azure By Yelken Hotel,Kadıkalesi,False,2025-07-26 12:59:00,4.4,565,PAYMENT_REFUND,True,para
otel-yonetimi-ve-hizmet-kalitesi-hayal-kirikligi-yaratti,BOD112,Azure By Yelken Hotel,Kadıkalesi,False,2025-07-26 12:59:00,4.4,565,PRICE_VALUE,False,
otel-yonetimi-ve-hizmet-kalitesi-hayal-kirikligi-yaratti,BOD112,Azure By Yelken Hotel,Kadıkalesi,False,2025-07-26 12:59:00,4.4,565,CHECKIN_CHECKOUT,False,
otel-yonetimi-ve-hizmet-kalitesi-hayal-kirikligi-yaratti,BOD112,Azure By Yelken Hotel,Kadıkalesi,False,2025-07-26 12:59:00,4.4,565,AIR_CONDITIONING,False,
otel-yonetimi-ve-hizmet-kalitesi-hayal-kirikligi-yaratti,BOD112,Azure By Yelken Hotel,Kadıkalesi,False,2025-07-26 12:59:00,4.4,565,NOISE,False,
otel-yonetimi-ve-hizmet-kalitesi-hayal-kirikligi-yaratti,BOD112,Azure By Yelken Hotel,Kadıkalesi,False,2025-07-26 12:59:00,4.4,565,FAMILY_CHILDREN,False,
otel-yonetimi-ve-hizmet-kalitesi-hayal-kirikligi-yaratti,BOD112,Azure By Yelken Hotel,Kadıkalesi,False,2025-07-26 12:59:00,4.4,565,TRANSPORT_TRANSFER,False,
otel-yonetimi-ve-hizmet-kalitesi-hayal-kirikligi-yaratti,BOD112,Azure By Yelken Hotel,Kadıkalesi,False,2025-07-26 12:59:00,4.4,565,MANAGEMENT_COMMUNICATION,True,müdür
otel-yonetimi-ve-hizmet-kalitesi-hayal-kirikligi-yaratti,BOD112,Azure By Yelken Hotel,Kadıkalesi,False,2025-07-26 12:59:00,4.4,565,SPA_WELLNESS,False,
otel-yonetimi-ve-hizmet-kalitesi-hayal-kirikligi-yaratti,BOD112,Azure By Yelken Hotel,Kadıkalesi,False,2025-07-26 12:59:00,4.4,565,SAFETY_SECURITY,False,
gece-gurultusu-ve-yetersiz-hizmetler-nedeniyle-memnuniyetsizlik,BOD112,Azure By Yelken Hotel,Kadıkalesi,False,2025-06-18 01:42:00,4.4,565,STAFF_SERVICE,True,personel|hizmet
gece-gurultusu-ve-yetersiz-hizmetler-nedeniyle-memnuniyetsizlik,BOD112,Azure By Yelken Hotel,Kadıkalesi,False,2025-06-18 01:42:00,4.4,565,CLEANLINESS_HYGIENE,True,temiz
gece-gurultusu-ve-yetersiz-hizmetler-nedeniyle-memnuniyetsizlik,BOD112,Azure By Yelken Hotel,Kadıkalesi,False,2025-06-18 01:42:00,4.4,565,FOOD_BEVERAGE,True,yemek|alkol
gece-gurultusu-ve-yetersiz-hizmetler-nedeniyle-memnuniyetsizlik,BOD112,Azure By Yelken Hotel,Kadıkalesi,False,2025-06-18 01:42:00,4.4,565,ROOM,True,balkon|oda
gece-gurultusu-ve-yetersiz-hizmetler-nedeniyle-memnuniyetsizlik,BOD112,Azure By Yelken Hotel,Kadıkalesi,False,2025-06-18 01:42:00,4.4,565,BEACH_SEA,True,deniz
gece-gurultusu-ve-yetersiz-hizmetler-nedeniyle-memnuniyetsizlik,BOD112,Azure By Yelken Hotel,Kadıkalesi,False,2025-06-18 01:42:00,4.4,565,POOL,True,havuz
gece-gurultusu-ve-yetersiz-hizmetler-nedeniyle-memnuniyetsizlik,BOD112,Azure By Yelken Hotel,Kadıkalesi,False,2025-06-18 01:42:00,4.4,565,FACILITIES_MAINTENANCE,True,kapı
gece-gurultusu-ve-yetersiz-hizmetler-nedeniyle-memnuniyetsizlik,BOD112,Azure By Yelken Hotel,Kadıkalesi,False,2025-06-18 01:42:00,4.4,565,RESERVATION,False,
gece-gurultusu-ve-yetersiz-hizmetler-nedeniyle-memnuniyetsizlik,BOD112,Azure By Yelken Hotel,Kadıkalesi,False,2025-06-18 01:42:00,4.4,565,PAYMENT_REFUND,False,
gece-gurultusu-ve-yetersiz-hizmetler-nedeniyle-memnuniyetsizlik,BOD112,Azure By Yelken Hotel,Kadıkalesi,False,2025-06-18 01:42:00,4.4,565,PRICE_VALUE,True,fiyat
gece-gurultusu-ve-yetersiz-hizmetler-nedeniyle-memnuniyetsizlik,BOD112,Azure By Yelken Hotel,Kadıkalesi,False,2025-06-18 01:42:00,4.4,565,CHECKIN_CHECKOUT,False,
gece-gurultusu-ve-yetersiz-hizmetler-nedeniyle-memnuniyetsizlik,BOD112,Azure By Yelken Hotel,Kadıkalesi,False,2025-06-18 01:42:00,4.4,565,AIR_CONDITIONING,False,
gece-gurultusu-ve-yetersiz-hizmetler-nedeniyle-memnuniyetsizlik,BOD112,Azure By Yelken Hotel,Kadıkalesi,False,2025-06-18 01:42:00,4.4,565,NOISE,True,gürültü
gece-gurultusu-ve-yetersiz-hizmetler-nedeniyle-memnuniyetsizlik,BOD112,Azure By Yelken Hotel,Kadıkalesi,False,2025-06-18 01:42:00,4.4,565,FAMILY_CHILDREN,False,
gece-gurultusu-ve-yetersiz-hizmetler-nedeniyle-memnuniyetsizlik,BOD112,Azure By Yelken Hotel,Kadıkalesi,False,2025-06-18 01:42:00,4.4,565,TRANSPORT_TRANSFER,True,otopark
gece-gurultusu-ve-yetersiz-hizmetler-nedeniyle-memnuniyetsizlik,BOD112,Azure By Yelken Hotel,Kadıkalesi,False,2025-06-18 01:42:00,4.4,565,MANAGEMENT_COMMUNICATION,False,
gece-gurultusu-ve-yetersiz-hizmetler-nedeniyle-memnuniyetsizlik,BOD112,Azure By Yelken Hotel,Kadıkalesi,False,2025-06-18 01:42:00,4.4,565,SPA_WELLNESS,False,
gece-gurultusu-ve-yetersiz-hizmetler-nedeniyle-memnuniyetsizlik,BOD112,Azure By Yelken Hotel,Kadıkalesi,False,2025-06-18 01:42:00,4.4,565,SAFETY_SECURITY,True,kasa
azure-by-yelken-hotel-sikayetciyim,BOD112,Azure By Yelken Hotel,Kadıkalesi,False,2024-08-07 12:24:00,4.4,565,STAFF_SERVICE,True,çalışan|hizmet|kaba
azure-by-yelken-hotel-sikayetciyim,BOD112,Azure By Yelken Hotel,Kadıkalesi,False,2024-08-07 12:24:00,4.4,565,CLEANLINESS_HYGIENE,True,hijyen|çarşaf
azure-by-yelken-hotel-sikayetciyim,BOD112,Azure By Yelken Hotel,Kadıkalesi,False,2024-08-07 12:24:00,4.4,565,FOOD_BEVERAGE,True,yemek
azure-by-yelken-hotel-sikayetciyim,BOD112,Azure By Yelken Hotel,Kadıkalesi,False,2024-08-07 12:24:00,4.4,565,ROOM,True,nevresim|yatak|oda
azure-by-yelken-hotel-sikayetciyim,BOD112,Azure By Yelken Hotel,Kadıkalesi,False,2024-08-07 12:24:00,4.4,565,BEACH_SEA,True,iskele
azure-by-yelken-hotel-sikayetciyim,BOD112,Azure By Yelken Hotel,Kadıkalesi,False,2024-08-07 12:24:00,4.4,565,POOL,False,
azure-by-yelken-hotel-sikayetciyim,BOD112,Azure By Yelken Hotel,Kadıkalesi,False,2024-08-07 12:24:00,4.4,565,FACILITIES_MAINTENANCE,False,
azure-by-yelken-hotel-sikayetciyim,BOD112,Azure By Yelken Hotel,Kadıkalesi,False,2024-08-07 12:24:00,4.4,565,RESERVATION,True,tatilbudur
azure-by-yelken-hotel-sikayetciyim,BOD112,Azure By Yelken Hotel,Kadıkalesi,False,2024-08-07 12:24:00,4.4,565,PAYMENT_REFUND,True,iade|para
azure-by-yelken-hotel-sikayetciyim,BOD112,Azure By Yelken Hotel,Kadıkalesi,False,2024-08-07 12:24:00,4.4,565,PRICE_VALUE,False,
azure-by-yelken-hotel-sikayetciyim,BOD112,Azure By Yelken Hotel,Kadıkalesi,False,2024-08-07 12:24:00,4.4,565,CHECKIN_CHECKOUT,False,
azure-by-yelken-hotel-sikayetciyim,BOD112,Azure By Yelken Hotel,Kadıkalesi,False,2024-08-07 12:24:00,4.4,565,AIR_CONDITIONING,False,
azure-by-yelken-hotel-sikayetciyim,BOD112,Azure By Yelken Hotel,Kadıkalesi,False,2024-08-07 12:24:00,4.4,565,NOISE,False,
azure-by-yelken-hotel-sikayetciyim,BOD112,Azure By Yelken Hotel,Kadıkalesi,False,2024-08-07 12:24:00,4.4,565,FAMILY_CHILDREN,False,
azure-by-yelken-hotel-sikayetciyim,BOD112,Azure By Yelken Hotel,Kadıkalesi,False,2024-08-07 12:24:00,4.4,565,TRANSPORT_TRANSFER,False,
azure-by-yelken-hotel-sikayetciyim,BOD112,Azure By Yelken Hotel,Kadıkalesi,False,2024-08-07 12:24:00,4.4,565,MANAGEMENT_COMMUNICATION,True,yönetim|telefon
azure-by-yelken-hotel-sikayetciyim,BOD112,Azure By Yelken Hotel,Kadıkalesi,False,2024-08-07 12:24:00,4.4,565,SPA_WELLNESS,False,
azure-by-yelken-hotel-sikayetciyim,BOD112,Azure By Yelken Hotel,Kadıkalesi,False,2024-08-07 12:24:00,4.4,565,SAFETY_SECURITY,True,yaralandı|güvenli|hastane|doktor|kaza
azure-by-yelken-hotel-azure-by-yelken-odamizin-baska-birine-ayni-anda-satilmasi-ve-magduriyet,BOD112,Azure By Yelken Hotel,Kadıkalesi,False,2024-06-06 19:39:00,4.4,565,STAFF_SERVICE,True,çalışan
azure-by-yelken-hotel-azure-by-yelken-odamizin-baska-birine-ayni-anda-satilmasi-ve-magduriyet,BOD112,Azure By Yelken Hotel,Kadıkalesi,False,2024-06-06 19:39:00,4.4,565,CLEANLINESS_HYGIENE,False,
azure-by-yelken-hotel-azure-by-yelken-odamizin-baska-birine-ayni-anda-satilmasi-ve-magduriyet,BOD112,Azure By Yelken Hotel,Kadıkalesi,False,2024-06-06 19:39:00,4.4,565,FOOD_BEVERAGE,False,
azure-by-yelken-hotel-azure-by-yelken-odamizin-baska-birine-ayni-anda-satilmasi-ve-magduriyet,BOD112,Azure By Yelken Hotel,Kadıkalesi,False,2024-06-06 19:39:00,4.4,565,ROOM,True,yatak|oda
azure-by-yelken-hotel-azure-by-yelken-odamizin-baska-birine-ayni-anda-satilmasi-ve-magduriyet,BOD112,Azure By Yelken Hotel,Kadıkalesi,False,2024-06-06 19:39:00,4.4,565,BEACH_SEA,False,
azure-by-yelken-hotel-azure-by-yelken-odamizin-baska-birine-ayni-anda-satilmasi-ve-magduriyet,BOD112,Azure By Yelken Hotel,Kadıkalesi,False,2024-06-06 19:39:00,4.4,565,POOL,True,havuz
azure-by-yelken-hotel-azure-by-yelken-odamizin-baska-birine-ayni-anda-satilmasi-ve-magduriyet,BOD112,Azure By Yelken Hotel,Kadıkalesi,False,2024-06-06 19:39:00,4.4,565,FACILITIES_MAINTENANCE,False,
azure-by-yelken-hotel-azure-by-yelken-odamizin-baska-birine-ayni-anda-satilmasi-ve-magduriyet,BOD112,Azure By Yelken Hotel,Kadıkalesi,False,2024-06-06 19:39:00,4.4,565,RESERVATION,True,tatilbudur
azure-by-yelken-hotel-azure-by-yelken-odamizin-baska-birine-ayni-anda-satilmasi-ve-magduriyet,BOD112,Azure By Yelken Hotel,Kadıkalesi,False,2024-06-06 19:39:00,4.4,565,PAYMENT_REFUND,True,para
azure-by-yelken-hotel-azure-by-yelken-odamizin-baska-birine-ayni-anda-satilmasi-ve-magduriyet,BOD112,Azure By Yelken Hotel,Kadıkalesi,False,2024-06-06 19:39:00,4.4,565,PRICE_VALUE,False,
azure-by-yelken-hotel-azure-by-yelken-odamizin-baska-birine-ayni-anda-satilmasi-ve-magduriyet,BOD112,Azure By Yelken Hotel,Kadıkalesi,False,2024-06-06 19:39:00,4.4,565,CHECKIN_CHECKOUT,False,
azure-by-yelken-hotel-azure-by-yelken-odamizin-baska-birine-ayni-anda-satilmasi-ve-magduriyet,BOD112,Azure By Yelken Hotel,Kadıkalesi,False,2024-06-06 19:39:00,4.4,565,AIR_CONDITIONING,False,
azure-by-yelken-hotel-azure-by-yelken-odamizin-baska-birine-ayni-anda-satilmasi-ve-magduriyet,BOD112,Azure By Yelken Hotel,Kadıkalesi,False,2024-06-06 19:39:00,4.4,565,NOISE,False,
azure-by-yelken-hotel-azure-by-yelken-odamizin-baska-birine-ayni-anda-satilmasi-ve-magduriyet,BOD112,Azure By Yelken Hotel,Kadıkalesi,False,2024-06-06 19:39:00,4.4,565,FAMILY_CHILDREN,True,aile
azure-by-yelken-hotel-azure-by-yelken-odamizin-baska-birine-ayni-anda-satilmasi-ve-magduriyet,BOD112,Azure By Yelken Hotel,Kadıkalesi,False,2024-06-06 19:39:00,4.4,565,TRANSPORT_TRANSFER,False,
azure-by-yelken-hotel-azure-by-yelken-odamizin-baska-birine-ayni-anda-satilmasi-ve-magduriyet,BOD112,Azure By Yelken Hotel,Kadıkalesi,False,2024-06-06 19:39:00,4.4,565,MANAGEMENT_COMMUNICATION,False,
azure-by-yelken-hotel-azure-by-yelken-odamizin-baska-birine-ayni-anda-satilmasi-ve-magduriyet,BOD112,Azure By Yelken Hotel,Kadıkalesi,False,2024-06-06 19:39:00,4.4,565,SPA_WELLNESS,False,
azure-by-yelken-hotel-azure-by-yelken-odamizin-baska-birine-ayni-anda-satilmasi-ve-magduriyet,BOD112,Azure By Yelken Hotel,Kadıkalesi,False,2024-06-06 19:39:00,4.4,565,SAFETY_SECURITY,False,
bendis-beach-otelde-hijyen-ve-yemek-kalitesindeki-buyuk-hayal-kirikligi,BOD004,Bendis Beach Hotel,Akyarlar,False,2026-08-11 10:24:00,3.9,2469,STAFF_SERVICE,True,personel|hizmet
bendis-beach-otelde-hijyen-ve-yemek-kalitesindeki-buyuk-hayal-kirikligi,BOD004,Bendis Beach Hotel,Akyarlar,False,2026-08-11 10:24:00,3.9,2469,CLEANLINESS_HYGIENE,True,oda temizliği|temizlik|hijyen|temiz
bendis-beach-otelde-hijyen-ve-yemek-kalitesindeki-buyuk-hayal-kirikligi,BOD004,Bendis Beach Hotel,Akyarlar,False,2026-08-11 10:24:00,3.9,2469,FOOD_BEVERAGE,True,yemek
bendis-beach-otelde-hijyen-ve-yemek-kalitesindeki-buyuk-hayal-kirikligi,BOD004,Bendis Beach Hotel,Akyarlar,False,2026-08-11 10:24:00,3.9,2469,ROOM,True,oda
bendis-beach-otelde-hijyen-ve-yemek-kalitesindeki-buyuk-hayal-kirikligi,BOD004,Bendis Beach Hotel,Akyarlar,False,2026-08-11 10:24:00,3.9,2469,BEACH_SEA,False,
bendis-beach-otelde-hijyen-ve-yemek-kalitesindeki-buyuk-hayal-kirikligi,BOD004,Bendis Beach Hotel,Akyarlar,False,2026-08-11 10:24:00,3.9,2469,POOL,False,
bendis-beach-otelde-hijyen-ve-yemek-kalitesindeki-buyuk-hayal-kirikligi,BOD004,Bendis Beach Hotel,Akyarlar,False,2026-08-11 10:24:00,3.9,2469,FACILITIES_MAINTENANCE,True,kırık
bendis-beach-otelde-hijyen-ve-yemek-kalitesindeki-buyuk-hayal-kirikligi,BOD004,Bendis Beach Hotel,Akyarlar,False,2026-08-11 10:24:00,3.9,2469,RESERVATION,False,
bendis-beach-otelde-hijyen-ve-yemek-kalitesindeki-buyuk-hayal-kirikligi,BOD004,Bendis Beach Hotel,Akyarlar,False,2026-08-11 10:24:00,3.9,2469,PAYMENT_REFUND,False,
bendis-beach-otelde-hijyen-ve-yemek-kalitesindeki-buyuk-hayal-kirikligi,BOD004,Bendis Beach Hotel,Akyarlar,False,2026-08-11 10:24:00,3.9,2469,PRICE_VALUE,True,ücret
bendis-beach-otelde-hijyen-ve-yemek-kalitesindeki-buyuk-hayal-kirikligi,BOD004,Bendis Beach Hotel,Akyarlar,False,2026-08-11 10:24:00,3.9,2469,CHECKIN_CHECKOUT,False,
bendis-beach-otelde-hijyen-ve-yemek-kalitesindeki-buyuk-hayal-kirikligi,BOD004,Bendis Beach Hotel,Akyarlar,False,2026-08-11 10:24:00,3.9,2469,AIR_CONDITIONING,False,
bendis-beach-otelde-hijyen-ve-yemek-kalitesindeki-buyuk-hayal-kirikligi,BOD004,Bendis Beach Hotel,Akyarlar,False,2026-08-11 10:24:00,3.9,2469,NOISE,False,
bendis-beach-otelde-hijyen-ve-yemek-kalitesindeki-buyuk-hayal-kirikligi,BOD004,Bendis Beach Hotel,Akyarlar,False,2026-08-11 10:24:00,3.9,2469,FAMILY_CHILDREN,False,
bendis-beach-otelde-hijyen-ve-yemek-kalitesindeki-buyuk-hayal-kirikligi,BOD004,Bendis Beach Hotel,Akyarlar,False,2026-08-11 10:24:00,3.9,2469,TRANSPORT_TRANSFER,False,
bendis-beach-otelde-hijyen-ve-yemek-kalitesindeki-buyuk-hayal-kirikligi,BOD004,Bendis Beach Hotel,Akyarlar,False,2026-08-11 10:24:00,3.9,2469,MANAGEMENT_COMMUNICATION,False,
bendis-beach-otelde-hijyen-ve-yemek-kalitesindeki-buyuk-hayal-kirikligi,BOD004,Bendis Beach Hotel,Akyarlar,False,2026-08-11 10:24:00,3.9,2469,SPA_WELLNESS,False,
bendis-beach-otelde-hijyen-ve-yemek-kalitesindeki-buyuk-hayal-kirikligi,BOD004,Bendis Beach Hotel,Akyarlar,False,2026-08-11 10:24:00,3.9,2469,SAFETY_SECURITY,False,
bendis-beach-otelde-dusakabin-cami-patladi-anne-ciddi-yaralandi-ve-iade-reddi,BOD004,Bendis Beach Hotel,Akyarlar,True,2026-08-08 11:06:00,3.9,2469,STAFF_SERVICE,True,personel|görevli
bendis-beach-otelde-dusakabin-cami-patladi-anne-ciddi-yaralandi-ve-iade-reddi,BOD004,Bendis Beach Hotel,Akyarlar,True,2026-08-08 11:06:00,3.9,2469,CLEANLINESS_HYGIENE,True,temizlik|hijyen|temiz|kirli|koku
bendis-beach-otelde-dusakabin-cami-patladi-anne-ciddi-yaralandi-ve-iade-reddi,BOD004,Bendis Beach Hotel,Akyarlar,True,2026-08-08 11:06:00,3.9,2469,FOOD_BEVERAGE,True,yemek
bendis-beach-otelde-dusakabin-cami-patladi-anne-ciddi-yaralandi-ve-iade-reddi,BOD004,Bendis Beach Hotel,Akyarlar,True,2026-08-08 11:06:00,3.9,2469,ROOM,True,banyo|oda
bendis-beach-otelde-dusakabin-cami-patladi-anne-ciddi-yaralandi-ve-iade-reddi,BOD004,Bendis Beach Hotel,Akyarlar,True,2026-08-08 11:06:00,3.9,2469,BEACH_SEA,False,
bendis-beach-otelde-dusakabin-cami-patladi-anne-ciddi-yaralandi-ve-iade-reddi,BOD004,Bendis Beach Hotel,Akyarlar,True,2026-08-08 11:06:00,3.9,2469,POOL,False,
bendis-beach-otelde-dusakabin-cami-patladi-anne-ciddi-yaralandi-ve-iade-reddi,BOD004,Bendis Beach Hotel,Akyarlar,True,2026-08-08 11:06:00,3.9,2469,FACILITIES_MAINTENANCE,False,
bendis-beach-otelde-dusakabin-cami-patladi-anne-ciddi-yaralandi-ve-iade-reddi,BOD004,Bendis Beach Hotel,Akyarlar,True,2026-08-08 11:06:00,3.9,2469,RESERVATION,True,rezervasyon
bendis-beach-otelde-dusakabin-cami-patladi-anne-ciddi-yaralandi-ve-iade-reddi,BOD004,Bendis Beach Hotel,Akyarlar,True,2026-08-08 11:06:00,3.9,2469,PAYMENT_REFUND,True,kesinti|fatura|ödeme|tutar|iade|para
bendis-beach-otelde-dusakabin-cami-patladi-anne-ciddi-yaralandi-ve-iade-reddi,BOD004,Bendis Beach Hotel,Akyarlar,True,2026-08-08 11:06:00,3.9,2469,PRICE_VALUE,True,ödediğimiz|fiyat|ücret
bendis-beach-otelde-dusakabin-cami-patladi-anne-ciddi-yaralandi-ve-iade-reddi,BOD004,Bendis Beach Hotel,Akyarlar,True,2026-08-08 11:06:00,3.9,2469,CHECKIN_CHECKOUT,False,
bendis-beach-otelde-dusakabin-cami-patladi-anne-ciddi-yaralandi-ve-iade-reddi,BOD004,Bendis Beach Hotel,Akyarlar,True,2026-08-08 11:06:00,3.9,2469,AIR_CONDITIONING,False,
bendis-beach-otelde-dusakabin-cami-patladi-anne-ciddi-yaralandi-ve-iade-reddi,BOD004,Bendis Beach Hotel,Akyarlar,True,2026-08-08 11:06:00,3.9,2469,NOISE,False,
bendis-beach-otelde-dusakabin-cami-patladi-anne-ciddi-yaralandi-ve-iade-reddi,BOD004,Bendis Beach Hotel,Akyarlar,True,2026-08-08 11:06:00,3.9,2469,FAMILY_CHILDREN,False,
bendis-beach-otelde-dusakabin-cami-patladi-anne-ciddi-yaralandi-ve-iade-reddi,BOD004,Bendis Beach Hotel,Akyarlar,True,2026-08-08 11:06:00,3.9,2469,TRANSPORT_TRANSFER,False,
bendis-beach-otelde-dusakabin-cami-patladi-anne-ciddi-yaralandi-ve-iade-reddi,BOD004,Bendis Beach Hotel,Akyarlar,True,2026-08-08 11:06:00,3.9,2469,MANAGEMENT_COMMUNICATION,True,yönetim|yetkili|telefon|müdür
bendis-beach-otelde-dusakabin-cami-patladi-anne-ciddi-yaralandi-ve-iade-reddi,BOD004,Bendis Beach Hotel,Akyarlar,True,2026-08-08 11:06:00,3.9,2469,SPA_WELLNESS,False,
bendis-beach-otelde-dusakabin-cami-patladi-anne-ciddi-yaralandi-ve-iade-reddi,BOD004,Bendis Beach Hotel,Akyarlar,True,2026-08-08 11:06:00,3.9,2469,SAFETY_SECURITY,True,can güvenliği|güvenli|tehlike
sahilde-dus-ve-tuvalet-yok-tekrarlanan-yemekler-ve-kaba-personel,BOD004,Bendis Beach Hotel,Akyarlar,True,2026-07-20 22:42:00,3.9,2469,STAFF_SERVICE,True,personel|garson
sahilde-dus-ve-tuvalet-yok-tekrarlanan-yemekler-ve-kaba-personel,BOD004,Bendis Beach Hotel,Akyarlar,True,2026-07-20 22:42:00,3.9,2469,CLEANLINESS_HYGIENE,True,hijyen
sahilde-dus-ve-tuvalet-yok-tekrarlanan-yemekler-ve-kaba-personel,BOD004,Bendis Beach Hotel,Akyarlar,True,2026-07-20 22:42:00,3.9,2469,FOOD_BEVERAGE,True,lezzet|yemek
sahilde-dus-ve-tuvalet-yok-tekrarlanan-yemekler-ve-kaba-personel,BOD004,Bendis Beach Hotel,Akyarlar,True,2026-07-20 22:42:00,3.9,2469,ROOM,True,tuvalet|duş
sahilde-dus-ve-tuvalet-yok-tekrarlanan-yemekler-ve-kaba-personel,BOD004,Bendis Beach Hotel,Akyarlar,True,2026-07-20 22:42:00,3.9,2469,BEACH_SEA,True,sahil|deniz
sahilde-dus-ve-tuvalet-yok-tekrarlanan-yemekler-ve-kaba-personel,BOD004,Bendis Beach Hotel,Akyarlar,True,2026-07-20 22:42:00,3.9,2469,POOL,False,
sahilde-dus-ve-tuvalet-yok-tekrarlanan-yemekler-ve-kaba-personel,BOD004,Bendis Beach Hotel,Akyarlar,True,2026-07-20 22:42:00,3.9,2469,FACILITIES_MAINTENANCE,True,kırık
sahilde-dus-ve-tuvalet-yok-tekrarlanan-yemekler-ve-kaba-personel,BOD004,Bendis Beach Hotel,Akyarlar,True,2026-07-20 22:42:00,3.9,2469,RESERVATION,True,rezervasyon
sahilde-dus-ve-tuvalet-yok-tekrarlanan-yemekler-ve-kaba-personel,BOD004,Bendis Beach Hotel,Akyarlar,True,2026-07-20 22:42:00,3.9,2469,PAYMENT_REFUND,False,
sahilde-dus-ve-tuvalet-yok-tekrarlanan-yemekler-ve-kaba-personel,BOD004,Bendis Beach Hotel,Akyarlar,True,2026-07-20 22:42:00,3.9,2469,PRICE_VALUE,True,ödediğimiz|ücret
sahilde-dus-ve-tuvalet-yok-tekrarlanan-yemekler-ve-kaba-personel,BOD004,Bendis Beach Hotel,Akyarlar,True,2026-07-20 22:42:00,3.9,2469,CHECKIN_CHECKOUT,False,
sahilde-dus-ve-tuvalet-yok-tekrarlanan-yemekler-ve-kaba-personel,BOD004,Bendis Beach Hotel,Akyarlar,True,2026-07-20 22:42:00,3.9,2469,AIR_CONDITIONING,False,
sahilde-dus-ve-tuvalet-yok-tekrarlanan-yemekler-ve-kaba-personel,BOD004,Bendis Beach Hotel,Akyarlar,True,2026-07-20 22:42:00,3.9,2469,NOISE,False,
sahilde-dus-ve-tuvalet-yok-tekrarlanan-yemekler-ve-kaba-personel,BOD004,Bendis Beach Hotel,Akyarlar,True,2026-07-20 22:42:00,3.9,2469,FAMILY_CHILDREN,False,
sahilde-dus-ve-tuvalet-yok-tekrarlanan-yemekler-ve-kaba-personel,BOD004,Bendis Beach Hotel,Akyarlar,True,2026-07-20 22:42:00,3.9,2469,TRANSPORT_TRANSFER,False,
sahilde-dus-ve-tuvalet-yok-tekrarlanan-yemekler-ve-kaba-personel,BOD004,Bendis Beach Hotel,Akyarlar,True,2026-07-20 22:42:00,3.9,2469,MANAGEMENT_COMMUNICATION,True,iletişim
sahilde-dus-ve-tuvalet-yok-tekrarlanan-yemekler-ve-kaba-personel,BOD004,Bendis Beach Hotel,Akyarlar,True,2026-07-20 22:42:00,3.9,2469,SPA_WELLNESS,False,
sahilde-dus-ve-tuvalet-yok-tekrarlanan-yemekler-ve-kaba-personel,BOD004,Bendis Beach Hotel,Akyarlar,True,2026-07-20 22:42:00,3.9,2469,SAFETY_SECURITY,False,
bendis-beach-akyarlar-otelinde-hijyen-ve-konfor-sorunlari,BOD004,Bendis Beach Hotel,Akyarlar,True,2026-07-13 00:08:00,3.9,2469,STAFF_SERVICE,True,hizmet|servis
bendis-beach-akyarlar-otelinde-hijyen-ve-konfor-sorunlari,BOD004,Bendis Beach Hotel,Akyarlar,True,2026-07-13 00:08:00,3.9,2469,CLEANLINESS_HYGIENE,True,temizlik|hijyen|temiz|kirli|koku|küf
bendis-beach-akyarlar-otelinde-hijyen-ve-konfor-sorunlari,BOD004,Bendis Beach Hotel,Akyarlar,True,2026-07-13 00:08:00,3.9,2469,FOOD_BEVERAGE,True,restoran|lezzet|yemek|tabak|büfe
bendis-beach-akyarlar-otelinde-hijyen-ve-konfor-sorunlari,BOD004,Bendis Beach Hotel,Akyarlar,True,2026-07-13 00:08:00,3.9,2469,ROOM,True,tuvalet|banyo|oda|duş
bendis-beach-akyarlar-otelinde-hijyen-ve-konfor-sorunlari,BOD004,Bendis Beach Hotel,Akyarlar,True,2026-07-13 00:08:00,3.9,2469,BEACH_SEA,True,deniz
bendis-beach-akyarlar-otelinde-hijyen-ve-konfor-sorunlari,BOD004,Bendis Beach Hotel,Akyarlar,True,2026-07-13 00:08:00,3.9,2469,POOL,False,
bendis-beach-akyarlar-otelinde-hijyen-ve-konfor-sorunlari,BOD004,Bendis Beach Hotel,Akyarlar,True,2026-07-13 00:08:00,3.9,2469,FACILITIES_MAINTENANCE,True,bakımsız|bakım|kırık|kapı
bendis-beach-akyarlar-otelinde-hijyen-ve-konfor-sorunlari,BOD004,Bendis Beach Hotel,Akyarlar,True,2026-07-13 00:08:00,3.9,2469,RESERVATION,False,
bendis-beach-akyarlar-otelinde-hijyen-ve-konfor-sorunlari,BOD004,Bendis Beach Hotel,Akyarlar,True,2026-07-13 00:08:00,3.9,2469,PAYMENT_REFUND,True,iade
bendis-beach-akyarlar-otelinde-hijyen-ve-konfor-sorunlari,BOD004,Bendis Beach Hotel,Akyarlar,True,2026-07-13 00:08:00,3.9,2469,PRICE_VALUE,True,ödediğimiz|ücret
bendis-beach-akyarlar-otelinde-hijyen-ve-konfor-sorunlari,BOD004,Bendis Beach Hotel,Akyarlar,True,2026-07-13 00:08:00,3.9,2469,CHECKIN_CHECKOUT,False,
bendis-beach-akyarlar-otelinde-hijyen-ve-konfor-sorunlari,BOD004,Bendis Beach Hotel,Akyarlar,True,2026-07-13 00:08:00,3.9,2469,AIR_CONDITIONING,False,
bendis-beach-akyarlar-otelinde-hijyen-ve-konfor-sorunlari,BOD004,Bendis Beach Hotel,Akyarlar,True,2026-07-13 00:08:00,3.9,2469,NOISE,False,
bendis-beach-akyarlar-otelinde-hijyen-ve-konfor-sorunlari,BOD004,Bendis Beach Hotel,Akyarlar,True,2026-07-13 00:08:00,3.9,2469,FAMILY_CHILDREN,False,
bendis-beach-akyarlar-otelinde-hijyen-ve-konfor-sorunlari,BOD004,Bendis Beach Hotel,Akyarlar,True,2026-07-13 00:08:00,3.9,2469,TRANSPORT_TRANSFER,False,
bendis-beach-akyarlar-otelinde-hijyen-ve-konfor-sorunlari,BOD004,Bendis Beach Hotel,Akyarlar,True,2026-07-13 00:08:00,3.9,2469,MANAGEMENT_COMMUNICATION,True,yönetim
bendis-beach-akyarlar-otelinde-hijyen-ve-konfor-sorunlari,BOD004,Bendis Beach Hotel,Akyarlar,True,2026-07-13 00:08:00,3.9,2469,SPA_WELLNESS,False,
bendis-beach-akyarlar-otelinde-hijyen-ve-konfor-sorunlari,BOD004,Bendis Beach Hotel,Akyarlar,True,2026-07-13 00:08:00,3.9,2469,SAFETY_SECURITY,False,
menu-cesitliligi-eksikligi-ve-lezzet-sorunu,BOD004,Bendis Beach Hotel,Akyarlar,True,2026-06-05 14:02:00,3.9,2469,STAFF_SERVICE,True,servis
menu-cesitliligi-eksikligi-ve-lezzet-sorunu,BOD004,Bendis Beach Hotel,Akyarlar,True,2026-06-05 14:02:00,3.9,2469,CLEANLINESS_HYGIENE,False,
menu-cesitliligi-eksikligi-ve-lezzet-sorunu,BOD004,Bendis Beach Hotel,Akyarlar,True,2026-06-05 14:02:00,3.9,2469,FOOD_BEVERAGE,True,lezzet|yemek
menu-cesitliligi-eksikligi-ve-lezzet-sorunu,BOD004,Bendis Beach Hotel,Akyarlar,True,2026-06-05 14:02:00,3.9,2469,ROOM,False,
menu-cesitliligi-eksikligi-ve-lezzet-sorunu,BOD004,Bendis Beach Hotel,Akyarlar,True,2026-06-05 14:02:00,3.9,2469,BEACH_SEA,False,
menu-cesitliligi-eksikligi-ve-lezzet-sorunu,BOD004,Bendis Beach Hotel,Akyarlar,True,2026-06-05 14:02:00,3.9,2469,POOL,False,
menu-cesitliligi-eksikligi-ve-lezzet-sorunu,BOD004,Bendis Beach Hotel,Akyarlar,True,2026-06-05 14:02:00,3.9,2469,FACILITIES_MAINTENANCE,False,
menu-cesitliligi-eksikligi-ve-lezzet-sorunu,BOD004,Bendis Beach Hotel,Akyarlar,True,2026-06-05 14:02:00,3.9,2469,RESERVATION,False,
menu-cesitliligi-eksikligi-ve-lezzet-sorunu,BOD004,Bendis Beach Hotel,Akyarlar,True,2026-06-05 14:02:00,3.9,2469,PAYMENT_REFUND,False,
menu-cesitliligi-eksikligi-ve-lezzet-sorunu,BOD004,Bendis Beach Hotel,Akyarlar,True,2026-06-05 14:02:00,3.9,2469,PRICE_VALUE,False,
menu-cesitliligi-eksikligi-ve-lezzet-sorunu,BOD004,Bendis Beach Hotel,Akyarlar,True,2026-06-05 14:02:00,3.9,2469,CHECKIN_CHECKOUT,False,
menu-cesitliligi-eksikligi-ve-lezzet-sorunu,BOD004,Bendis Beach Hotel,Akyarlar,True,2026-06-05 14:02:00,3.9,2469,AIR_CONDITIONING,False,
menu-cesitliligi-eksikligi-ve-lezzet-sorunu,BOD004,Bendis Beach Hotel,Akyarlar,True,2026-06-05 14:02:00,3.9,2469,NOISE,False,
menu-cesitliligi-eksikligi-ve-lezzet-sorunu,BOD004,Bendis Beach Hotel,Akyarlar,True,2026-06-05 14:02:00,3.9,2469,FAMILY_CHILDREN,False,
menu-cesitliligi-eksikligi-ve-lezzet-sorunu,BOD004,Bendis Beach Hotel,Akyarlar,True,2026-06-05 14:02:00,3.9,2469,TRANSPORT_TRANSFER,False,
menu-cesitliligi-eksikligi-ve-lezzet-sorunu,BOD004,Bendis Beach Hotel,Akyarlar,True,2026-06-05 14:02:00,3.9,2469,MANAGEMENT_COMMUNICATION,True,yönetim|yetkili
menu-cesitliligi-eksikligi-ve-lezzet-sorunu,BOD004,Bendis Beach Hotel,Akyarlar,True,2026-06-05 14:02:00,3.9,2469,SPA_WELLNESS,False,
menu-cesitliligi-eksikligi-ve-lezzet-sorunu,BOD004,Bendis Beach Hotel,Akyarlar,True,2026-06-05 14:02:00,3.9,2469,SAFETY_SECURITY,False,
balayi-cifti-olarak-rezervasyonumuz-karsilanmadi-eksik-iade-yapildi,BOD004,Bendis Beach Hotel,Akyarlar,True,2025-09-19 18:36:00,3.9,2469,STAFF_SERVICE,False,
balayi-cifti-olarak-rezervasyonumuz-karsilanmadi-eksik-iade-yapildi,BOD004,Bendis Beach Hotel,Akyarlar,True,2025-09-19 18:36:00,3.9,2469,CLEANLINESS_HYGIENE,False,
balayi-cifti-olarak-rezervasyonumuz-karsilanmadi-eksik-iade-yapildi,BOD004,Bendis Beach Hotel,Akyarlar,True,2025-09-19 18:36:00,3.9,2469,FOOD_BEVERAGE,False,
balayi-cifti-olarak-rezervasyonumuz-karsilanmadi-eksik-iade-yapildi,BOD004,Bendis Beach Hotel,Akyarlar,True,2025-09-19 18:36:00,3.9,2469,ROOM,True,oda
balayi-cifti-olarak-rezervasyonumuz-karsilanmadi-eksik-iade-yapildi,BOD004,Bendis Beach Hotel,Akyarlar,True,2025-09-19 18:36:00,3.9,2469,BEACH_SEA,True,deniz
balayi-cifti-olarak-rezervasyonumuz-karsilanmadi-eksik-iade-yapildi,BOD004,Bendis Beach Hotel,Akyarlar,True,2025-09-19 18:36:00,3.9,2469,POOL,False,
balayi-cifti-olarak-rezervasyonumuz-karsilanmadi-eksik-iade-yapildi,BOD004,Bendis Beach Hotel,Akyarlar,True,2025-09-19 18:36:00,3.9,2469,FACILITIES_MAINTENANCE,False,
balayi-cifti-olarak-rezervasyonumuz-karsilanmadi-eksik-iade-yapildi,BOD004,Bendis Beach Hotel,Akyarlar,True,2025-09-19 18:36:00,3.9,2469,RESERVATION,True,rezervasyon|iptal
balayi-cifti-olarak-rezervasyonumuz-karsilanmadi-eksik-iade-yapildi,BOD004,Bendis Beach Hotel,Akyarlar,True,2025-09-19 18:36:00,3.9,2469,PAYMENT_REFUND,True,fatura|ödeme|tutar|iade
balayi-cifti-olarak-rezervasyonumuz-karsilanmadi-eksik-iade-yapildi,BOD004,Bendis Beach Hotel,Akyarlar,True,2025-09-19 18:36:00,3.9,2469,PRICE_VALUE,True,ücret
balayi-cifti-olarak-rezervasyonumuz-karsilanmadi-eksik-iade-yapildi,BOD004,Bendis Beach Hotel,Akyarlar,True,2025-09-19 18:36:00,3.9,2469,CHECKIN_CHECKOUT,False,
balayi-cifti-olarak-rezervasyonumuz-karsilanmadi-eksik-iade-yapildi,BOD004,Bendis Beach Hotel,Akyarlar,True,2025-09-19 18:36:00,3.9,2469,AIR_CONDITIONING,False,
balayi-cifti-olarak-rezervasyonumuz-karsilanmadi-eksik-iade-yapildi,BOD004,Bendis Beach Hotel,Akyarlar,True,2025-09-19 18:36:00,3.9,2469,NOISE,False,
balayi-cifti-olarak-rezervasyonumuz-karsilanmadi-eksik-iade-yapildi,BOD004,Bendis Beach Hotel,Akyarlar,True,2025-09-19 18:36:00,3.9,2469,FAMILY_CHILDREN,False,
balayi-cifti-olarak-rezervasyonumuz-karsilanmadi-eksik-iade-yapildi,BOD004,Bendis Beach Hotel,Akyarlar,True,2025-09-19 18:36:00,3.9,2469,TRANSPORT_TRANSFER,False,
balayi-cifti-olarak-rezervasyonumuz-karsilanmadi-eksik-iade-yapildi,BOD004,Bendis Beach Hotel,Akyarlar,True,2025-09-19 18:36:00,3.9,2469,MANAGEMENT_COMMUNICATION,False,
balayi-cifti-olarak-rezervasyonumuz-karsilanmadi-eksik-iade-yapildi,BOD004,Bendis Beach Hotel,Akyarlar,True,2025-09-19 18:36:00,3.9,2469,SPA_WELLNESS,False,
balayi-cifti-olarak-rezervasyonumuz-karsilanmadi-eksik-iade-yapildi,BOD004,Bendis Beach Hotel,Akyarlar,True,2025-09-19 18:36:00,3.9,2469,SAFETY_SECURITY,False,
bendis-beach-hotelde-hijyen-ve-hizmet-faciasi-paramiz-cope-gitti,BOD004,Bendis Beach Hotel,Akyarlar,False,2025-09-17 13:55:00,3.9,2469,STAFF_SERVICE,True,hizmet
bendis-beach-hotelde-hijyen-ve-hizmet-faciasi-paramiz-cope-gitti,BOD004,Bendis Beach Hotel,Akyarlar,False,2025-09-17 13:55:00,3.9,2469,CLEANLINESS_HYGIENE,True,temizlik|hijyen|temiz|koku|pis
bendis-beach-hotelde-hijyen-ve-hizmet-faciasi-paramiz-cope-gitti,BOD004,Bendis Beach Hotel,Akyarlar,False,2025-09-17 13:55:00,3.9,2469,FOOD_BEVERAGE,True,büfe
bendis-beach-hotelde-hijyen-ve-hizmet-faciasi-paramiz-cope-gitti,BOD004,Bendis Beach Hotel,Akyarlar,False,2025-09-17 13:55:00,3.9,2469,ROOM,True,tuvalet|banyo|oda|duş
bendis-beach-hotelde-hijyen-ve-hizmet-faciasi-paramiz-cope-gitti,BOD004,Bendis Beach Hotel,Akyarlar,False,2025-09-17 13:55:00,3.9,2469,BEACH_SEA,True,şezlong
bendis-beach-hotelde-hijyen-ve-hizmet-faciasi-paramiz-cope-gitti,BOD004,Bendis Beach Hotel,Akyarlar,False,2025-09-17 13:55:00,3.9,2469,POOL,False,
bendis-beach-hotelde-hijyen-ve-hizmet-faciasi-paramiz-cope-gitti,BOD004,Bendis Beach Hotel,Akyarlar,False,2025-09-17 13:55:00,3.9,2469,FACILITIES_MAINTENANCE,True,elektrik|kırık
bendis-beach-hotelde-hijyen-ve-hizmet-faciasi-paramiz-cope-gitti,BOD004,Bendis Beach Hotel,Akyarlar,False,2025-09-17 13:55:00,3.9,2469,RESERVATION,True,rezervasyon
bendis-beach-hotelde-hijyen-ve-hizmet-faciasi-paramiz-cope-gitti,BOD004,Bendis Beach Hotel,Akyarlar,False,2025-09-17 13:55:00,3.9,2469,PAYMENT_REFUND,True,ödeme|iade
bendis-beach-hotelde-hijyen-ve-hizmet-faciasi-paramiz-cope-gitti,BOD004,Bendis Beach Hotel,Akyarlar,False,2025-09-17 13:55:00,3.9,2469,PRICE_VALUE,True,karşılığını|ödediğimiz|ücret
bendis-beach-hotelde-hijyen-ve-hizmet-faciasi-paramiz-cope-gitti,BOD004,Bendis Beach Hotel,Akyarlar,False,2025-09-17 13:55:00,3.9,2469,CHECKIN_CHECKOUT,False,
bendis-beach-hotelde-hijyen-ve-hizmet-faciasi-paramiz-cope-gitti,BOD004,Bendis Beach Hotel,Akyarlar,False,2025-09-17 13:55:00,3.9,2469,AIR_CONDITIONING,False,
bendis-beach-hotelde-hijyen-ve-hizmet-faciasi-paramiz-cope-gitti,BOD004,Bendis Beach Hotel,Akyarlar,False,2025-09-17 13:55:00,3.9,2469,NOISE,False,
bendis-beach-hotelde-hijyen-ve-hizmet-faciasi-paramiz-cope-gitti,BOD004,Bendis Beach Hotel,Akyarlar,False,2025-09-17 13:55:00,3.9,2469,FAMILY_CHILDREN,True,çocuğum
bendis-beach-hotelde-hijyen-ve-hizmet-faciasi-paramiz-cope-gitti,BOD004,Bendis Beach Hotel,Akyarlar,False,2025-09-17 13:55:00,3.9,2469,TRANSPORT_TRANSFER,False,
bendis-beach-hotelde-hijyen-ve-hizmet-faciasi-paramiz-cope-gitti,BOD004,Bendis Beach Hotel,Akyarlar,False,2025-09-17 13:55:00,3.9,2469,MANAGEMENT_COMMUNICATION,True,iletişim|yönetim|telefon
bendis-beach-hotelde-hijyen-ve-hizmet-faciasi-paramiz-cope-gitti,BOD004,Bendis Beach Hotel,Akyarlar,False,2025-09-17 13:55:00,3.9,2469,SPA_WELLNESS,True,hamam|masaj
bendis-beach-hotelde-hijyen-ve-hizmet-faciasi-paramiz-cope-gitti,BOD004,Bendis Beach Hotel,Akyarlar,False,2025-09-17 13:55:00,3.9,2469,SAFETY_SECURITY,False,
bendis-beach-otelde-hijyen-ve-hizmet-kalitesi-buyuk-hayal-kirikligi-yaratti,BOD004,Bendis Beach Hotel,Akyarlar,False,2025-08-29 23:41:00,3.9,2469,STAFF_SERVICE,False,
bendis-beach-otelde-hijyen-ve-hizmet-kalitesi-buyuk-hayal-kirikligi-yaratti,BOD004,Bendis Beach Hotel,Akyarlar,False,2025-08-29 23:41:00,3.9,2469,CLEANLINESS_HYGIENE,True,hijyen|kirli
bendis-beach-otelde-hijyen-ve-hizmet-kalitesi-buyuk-hayal-kirikligi-yaratti,BOD004,Bendis Beach Hotel,Akyarlar,False,2025-08-29 23:41:00,3.9,2469,FOOD_BEVERAGE,True,lezzet|yemek|tabak|çatal
bendis-beach-otelde-hijyen-ve-hizmet-kalitesi-buyuk-hayal-kirikligi-yaratti,BOD004,Bendis Beach Hotel,Akyarlar,False,2025-08-29 23:41:00,3.9,2469,ROOM,True,oda|duş
bendis-beach-otelde-hijyen-ve-hizmet-kalitesi-buyuk-hayal-kirikligi-yaratti,BOD004,Bendis Beach Hotel,Akyarlar,False,2025-08-29 23:41:00,3.9,2469,BEACH_SEA,False,
bendis-beach-otelde-hijyen-ve-hizmet-kalitesi-buyuk-hayal-kirikligi-yaratti,BOD004,Bendis Beach Hotel,Akyarlar,False,2025-08-29 23:41:00,3.9,2469,POOL,True,havuz
bendis-beach-otelde-hijyen-ve-hizmet-kalitesi-buyuk-hayal-kirikligi-yaratti,BOD004,Bendis Beach Hotel,Akyarlar,False,2025-08-29 23:41:00,3.9,2469,FACILITIES_MAINTENANCE,False,
bendis-beach-otelde-hijyen-ve-hizmet-kalitesi-buyuk-hayal-kirikligi-yaratti,BOD004,Bendis Beach Hotel,Akyarlar,False,2025-08-29 23:41:00,3.9,2469,RESERVATION,False,
bendis-beach-otelde-hijyen-ve-hizmet-kalitesi-buyuk-hayal-kirikligi-yaratti,BOD004,Bendis Beach Hotel,Akyarlar,False,2025-08-29 23:41:00,3.9,2469,PAYMENT_REFUND,True,ücret iadesi|kredi kartı|iade
bendis-beach-otelde-hijyen-ve-hizmet-kalitesi-buyuk-hayal-kirikligi-yaratti,BOD004,Bendis Beach Hotel,Akyarlar,False,2025-08-29 23:41:00,3.9,2469,PRICE_VALUE,True,ücret
bendis-beach-otelde-hijyen-ve-hizmet-kalitesi-buyuk-hayal-kirikligi-yaratti,BOD004,Bendis Beach Hotel,Akyarlar,False,2025-08-29 23:41:00,3.9,2469,CHECKIN_CHECKOUT,False,
bendis-beach-otelde-hijyen-ve-hizmet-kalitesi-buyuk-hayal-kirikligi-yaratti,BOD004,Bendis Beach Hotel,Akyarlar,False,2025-08-29 23:41:00,3.9,2469,AIR_CONDITIONING,False,
bendis-beach-otelde-hijyen-ve-hizmet-kalitesi-buyuk-hayal-kirikligi-yaratti,BOD004,Bendis Beach Hotel,Akyarlar,False,2025-08-29 23:41:00,3.9,2469,NOISE,False,
bendis-beach-otelde-hijyen-ve-hizmet-kalitesi-buyuk-hayal-kirikligi-yaratti,BOD004,Bendis Beach Hotel,Akyarlar,False,2025-08-29 23:41:00,3.9,2469,FAMILY_CHILDREN,True,oğlum
bendis-beach-otelde-hijyen-ve-hizmet-kalitesi-buyuk-hayal-kirikligi-yaratti,BOD004,Bendis Beach Hotel,Akyarlar,False,2025-08-29 23:41:00,3.9,2469,TRANSPORT_TRANSFER,False,
bendis-beach-otelde-hijyen-ve-hizmet-kalitesi-buyuk-hayal-kirikligi-yaratti,BOD004,Bendis Beach Hotel,Akyarlar,False,2025-08-29 23:41:00,3.9,2469,MANAGEMENT_COMMUNICATION,True,iletişim|yönetim|yetkili
bendis-beach-otelde-hijyen-ve-hizmet-kalitesi-buyuk-hayal-kirikligi-yaratti,BOD004,Bendis Beach Hotel,Akyarlar,False,2025-08-29 23:41:00,3.9,2469,SPA_WELLNESS,False,
bendis-beach-otelde-hijyen-ve-hizmet-kalitesi-buyuk-hayal-kirikligi-yaratti,BOD004,Bendis Beach Hotel,Akyarlar,False,2025-08-29 23:41:00,3.9,2469,SAFETY_SECURITY,False,
otelin-su-kaynagi-belirsizligi-sagligimizi-tehdit-ediyor,BOD004,Bendis Beach Hotel,Akyarlar,False,2025-07-24 12:31:00,3.9,2469,STAFF_SERVICE,False,
otelin-su-kaynagi-belirsizligi-sagligimizi-tehdit-ediyor,BOD004,Bendis Beach Hotel,Akyarlar,False,2025-07-24 12:31:00,3.9,2469,CLEANLINESS_HYGIENE,False,
otelin-su-kaynagi-belirsizligi-sagligimizi-tehdit-ediyor,BOD004,Bendis Beach Hotel,Akyarlar,False,2025-07-24 12:31:00,3.9,2469,FOOD_BEVERAGE,False,
otelin-su-kaynagi-belirsizligi-sagligimizi-tehdit-ediyor,BOD004,Bendis Beach Hotel,Akyarlar,False,2025-07-24 12:31:00,3.9,2469,ROOM,False,
otelin-su-kaynagi-belirsizligi-sagligimizi-tehdit-ediyor,BOD004,Bendis Beach Hotel,Akyarlar,False,2025-07-24 12:31:00,3.9,2469,BEACH_SEA,False,
otelin-su-kaynagi-belirsizligi-sagligimizi-tehdit-ediyor,BOD004,Bendis Beach Hotel,Akyarlar,False,2025-07-24 12:31:00,3.9,2469,POOL,False,
otelin-su-kaynagi-belirsizligi-sagligimizi-tehdit-ediyor,BOD004,Bendis Beach Hotel,Akyarlar,False,2025-07-24 12:31:00,3.9,2469,FACILITIES_MAINTENANCE,False,
otelin-su-kaynagi-belirsizligi-sagligimizi-tehdit-ediyor,BOD004,Bendis Beach Hotel,Akyarlar,False,2025-07-24 12:31:00,3.9,2469,RESERVATION,False,
otelin-su-kaynagi-belirsizligi-sagligimizi-tehdit-ediyor,BOD004,Bendis Beach Hotel,Akyarlar,False,2025-07-24 12:31:00,3.9,2469,PAYMENT_REFUND,False,
otelin-su-kaynagi-belirsizligi-sagligimizi-tehdit-ediyor,BOD004,Bendis Beach Hotel,Akyarlar,False,2025-07-24 12:31:00,3.9,2469,PRICE_VALUE,True,ucuz
otelin-su-kaynagi-belirsizligi-sagligimizi-tehdit-ediyor,BOD004,Bendis Beach Hotel,Akyarlar,False,2025-07-24 12:31:00,3.9,2469,CHECKIN_CHECKOUT,False,
otelin-su-kaynagi-belirsizligi-sagligimizi-tehdit-ediyor,BOD004,Bendis Beach Hotel,Akyarlar,False,2025-07-24 12:31:00,3.9,2469,AIR_CONDITIONING,False,
otelin-su-kaynagi-belirsizligi-sagligimizi-tehdit-ediyor,BOD004,Bendis Beach Hotel,Akyarlar,False,2025-07-24 12:31:00,3.9,2469,NOISE,False,
otelin-su-kaynagi-belirsizligi-sagligimizi-tehdit-ediyor,BOD004,Bendis Beach Hotel,Akyarlar,False,2025-07-24 12:31:00,3.9,2469,FAMILY_CHILDREN,False,
otelin-su-kaynagi-belirsizligi-sagligimizi-tehdit-ediyor,BOD004,Bendis Beach Hotel,Akyarlar,False,2025-07-24 12:31:00,3.9,2469,TRANSPORT_TRANSFER,False,
otelin-su-kaynagi-belirsizligi-sagligimizi-tehdit-ediyor,BOD004,Bendis Beach Hotel,Akyarlar,False,2025-07-24 12:31:00,3.9,2469,MANAGEMENT_COMMUNICATION,True,müdür
otelin-su-kaynagi-belirsizligi-sagligimizi-tehdit-ediyor,BOD004,Bendis Beach Hotel,Akyarlar,False,2025-07-24 12:31:00,3.9,2469,SPA_WELLNESS,False,
otelin-su-kaynagi-belirsizligi-sagligimizi-tehdit-ediyor,BOD004,Bendis Beach Hotel,Akyarlar,False,2025-07-24 12:31:00,3.9,2469,SAFETY_SECURITY,True,sağlık
bendis-beach-hotel-hamam-sauna-sikayet,BOD004,Bendis Beach Hotel,Akyarlar,False,,3.9,2469,STAFF_SERVICE,True,çalışan
bendis-beach-hotel-hamam-sauna-sikayet,BOD004,Bendis Beach Hotel,Akyarlar,False,,3.9,2469,CLEANLINESS_HYGIENE,False,
bendis-beach-hotel-hamam-sauna-sikayet,BOD004,Bendis Beach Hotel,Akyarlar,False,,3.9,2469,FOOD_BEVERAGE,False,
bendis-beach-hotel-hamam-sauna-sikayet,BOD004,Bendis Beach Hotel,Akyarlar,False,,3.9,2469,ROOM,False,
bendis-beach-hotel-hamam-sauna-sikayet,BOD004,Bendis Beach Hotel,Akyarlar,False,,3.9,2469,BEACH_SEA,False,
bendis-beach-hotel-hamam-sauna-sikayet,BOD004,Bendis Beach Hotel,Akyarlar,False,,3.9,2469,POOL,False,
bendis-beach-hotel-hamam-sauna-sikayet,BOD004,Bendis Beach Hotel,Akyarlar,False,,3.9,2469,FACILITIES_MAINTENANCE,False,
bendis-beach-hotel-hamam-sauna-sikayet,BOD004,Bendis Beach Hotel,Akyarlar,False,,3.9,2469,RESERVATION,False,
bendis-beach-hotel-hamam-sauna-sikayet,BOD004,Bendis Beach Hotel,Akyarlar,False,,3.9,2469,PAYMENT_REFUND,False,
bendis-beach-hotel-hamam-sauna-sikayet,BOD004,Bendis Beach Hotel,Akyarlar,False,,3.9,2469,PRICE_VALUE,False,
bendis-beach-hotel-hamam-sauna-sikayet,BOD004,Bendis Beach Hotel,Akyarlar,False,,3.9,2469,CHECKIN_CHECKOUT,False,
bendis-beach-hotel-hamam-sauna-sikayet,BOD004,Bendis Beach Hotel,Akyarlar,False,,3.9,2469,AIR_CONDITIONING,False,
bendis-beach-hotel-hamam-sauna-sikayet,BOD004,Bendis Beach Hotel,Akyarlar,False,,3.9,2469,NOISE,False,
bendis-beach-hotel-hamam-sauna-sikayet,BOD004,Bendis Beach Hotel,Akyarlar,False,,3.9,2469,FAMILY_CHILDREN,True,aile
bendis-beach-hotel-hamam-sauna-sikayet,BOD004,Bendis Beach Hotel,Akyarlar,False,,3.9,2469,TRANSPORT_TRANSFER,False,
bendis-beach-hotel-hamam-sauna-sikayet,BOD004,Bendis Beach Hotel,Akyarlar,False,,3.9,2469,MANAGEMENT_COMMUNICATION,False,
bendis-beach-hotel-hamam-sauna-sikayet,BOD004,Bendis Beach Hotel,Akyarlar,False,,3.9,2469,SPA_WELLNESS,True,hamam|sauna
bendis-beach-hotel-hamam-sauna-sikayet,BOD004,Bendis Beach Hotel,Akyarlar,False,,3.9,2469,SAFETY_SECURITY,False,
bendis-beach-hotel-tatil-hayal-kirikligi-hizmet-ve-hijyen-sorunlari,BOD004,Bendis Beach Hotel,Akyarlar,False,2024-09-01 00:11:00,3.9,2469,STAFF_SERVICE,True,animasyon ekibi|personel|saygısız|çalışan|garson|hizmet|servis
bendis-beach-hotel-tatil-hayal-kirikligi-hizmet-ve-hijyen-sorunlari,BOD004,Bendis Beach Hotel,Akyarlar,False,2024-09-01 00:11:00,3.9,2469,CLEANLINESS_HYGIENE,True,havlu
bendis-beach-hotel-tatil-hayal-kirikligi-hizmet-ve-hijyen-sorunlari,BOD004,Bendis Beach Hotel,Akyarlar,False,2024-09-01 00:11:00,3.9,2469,FOOD_BEVERAGE,True,içecek|lezzet|yemek|alkol|bar
bendis-beach-hotel-tatil-hayal-kirikligi-hizmet-ve-hijyen-sorunlari,BOD004,Bendis Beach Hotel,Akyarlar,False,2024-09-01 00:11:00,3.9,2469,ROOM,True,banyo|oda
bendis-beach-hotel-tatil-hayal-kirikligi-hizmet-ve-hijyen-sorunlari,BOD004,Bendis Beach Hotel,Akyarlar,False,2024-09-01 00:11:00,3.9,2469,BEACH_SEA,True,sahil|deniz
bendis-beach-hotel-tatil-hayal-kirikligi-hizmet-ve-hijyen-sorunlari,BOD004,Bendis Beach Hotel,Akyarlar,False,2024-09-01 00:11:00,3.9,2469,POOL,True,havuz
bendis-beach-hotel-tatil-hayal-kirikligi-hizmet-ve-hijyen-sorunlari,BOD004,Bendis Beach Hotel,Akyarlar,False,2024-09-01 00:11:00,3.9,2469,FACILITIES_MAINTENANCE,True,bakım|kırık|kapı
bendis-beach-hotel-tatil-hayal-kirikligi-hizmet-ve-hijyen-sorunlari,BOD004,Bendis Beach Hotel,Akyarlar,False,2024-09-01 00:11:00,3.9,2469,RESERVATION,True,acente
bendis-beach-hotel-tatil-hayal-kirikligi-hizmet-ve-hijyen-sorunlari,BOD004,Bendis Beach Hotel,Akyarlar,False,2024-09-01 00:11:00,3.9,2469,PAYMENT_REFUND,False,
bendis-beach-hotel-tatil-hayal-kirikligi-hizmet-ve-hijyen-sorunlari,BOD004,Bendis Beach Hotel,Akyarlar,False,2024-09-01 00:11:00,3.9,2469,PRICE_VALUE,False,
bendis-beach-hotel-tatil-hayal-kirikligi-hizmet-ve-hijyen-sorunlari,BOD004,Bendis Beach Hotel,Akyarlar,False,2024-09-01 00:11:00,3.9,2469,CHECKIN_CHECKOUT,False,
bendis-beach-hotel-tatil-hayal-kirikligi-hizmet-ve-hijyen-sorunlari,BOD004,Bendis Beach Hotel,Akyarlar,False,2024-09-01 00:11:00,3.9,2469,AIR_CONDITIONING,False,
bendis-beach-hotel-tatil-hayal-kirikligi-hizmet-ve-hijyen-sorunlari,BOD004,Bendis Beach Hotel,Akyarlar,False,2024-09-01 00:11:00,3.9,2469,NOISE,False,
bendis-beach-hotel-tatil-hayal-kirikligi-hizmet-ve-hijyen-sorunlari,BOD004,Bendis Beach Hotel,Akyarlar,False,2024-09-01 00:11:00,3.9,2469,FAMILY_CHILDREN,True,çocuğum|çocuk|kızım
bendis-beach-hotel-tatil-hayal-kirikligi-hizmet-ve-hijyen-sorunlari,BOD004,Bendis Beach Hotel,Akyarlar,False,2024-09-01 00:11:00,3.9,2469,TRANSPORT_TRANSFER,False,
bendis-beach-hotel-tatil-hayal-kirikligi-hizmet-ve-hijyen-sorunlari,BOD004,Bendis Beach Hotel,Akyarlar,False,2024-09-01 00:11:00,3.9,2469,MANAGEMENT_COMMUNICATION,False,
bendis-beach-hotel-tatil-hayal-kirikligi-hizmet-ve-hijyen-sorunlari,BOD004,Bendis Beach Hotel,Akyarlar,False,2024-09-01 00:11:00,3.9,2469,SPA_WELLNESS,False,
bendis-beach-hotel-tatil-hayal-kirikligi-hizmet-ve-hijyen-sorunlari,BOD004,Bendis Beach Hotel,Akyarlar,False,2024-09-01 00:11:00,3.9,2469,SAFETY_SECURITY,False,
ets-tur-bendis-beach,BOD004,Bendis Beach Hotel,Akyarlar,False,2024-07-23 10:26:00,3.9,2469,STAFF_SERVICE,False,
ets-tur-bendis-beach,BOD004,Bendis Beach Hotel,Akyarlar,False,2024-07-23 10:26:00,3.9,2469,CLEANLINESS_HYGIENE,True,pis
ets-tur-bendis-beach,BOD004,Bendis Beach Hotel,Akyarlar,False,2024-07-23 10:26:00,3.9,2469,FOOD_BEVERAGE,True,kahvaltı|yemek|snack|bar
ets-tur-bendis-beach,BOD004,Bendis Beach Hotel,Akyarlar,False,2024-07-23 10:26:00,3.9,2469,ROOM,True,yatak|oda
ets-tur-bendis-beach,BOD004,Bendis Beach Hotel,Akyarlar,False,2024-07-23 10:26:00,3.9,2469,BEACH_SEA,True,deniz
ets-tur-bendis-beach,BOD004,Bendis Beach Hotel,Akyarlar,False,2024-07-23 10:26:00,3.9,2469,POOL,False,
ets-tur-bendis-beach,BOD004,Bendis Beach Hotel,Akyarlar,False,2024-07-23 10:26:00,3.9,2469,FACILITIES_MAINTENANCE,True,bozuk|kırık|eski
ets-tur-bendis-beach,BOD004,Bendis Beach Hotel,Akyarlar,False,2024-07-23 10:26:00,3.9,2469,RESERVATION,False,
ets-tur-bendis-beach,BOD004,Bendis Beach Hotel,Akyarlar,False,2024-07-23 10:26:00,3.9,2469,PAYMENT_REFUND,False,
ets-tur-bendis-beach,BOD004,Bendis Beach Hotel,Akyarlar,False,2024-07-23 10:26:00,3.9,2469,PRICE_VALUE,False,
ets-tur-bendis-beach,BOD004,Bendis Beach Hotel,Akyarlar,False,2024-07-23 10:26:00,3.9,2469,CHECKIN_CHECKOUT,False,
ets-tur-bendis-beach,BOD004,Bendis Beach Hotel,Akyarlar,False,2024-07-23 10:26:00,3.9,2469,AIR_CONDITIONING,True,klima
ets-tur-bendis-beach,BOD004,Bendis Beach Hotel,Akyarlar,False,2024-07-23 10:26:00,3.9,2469,NOISE,False,
ets-tur-bendis-beach,BOD004,Bendis Beach Hotel,Akyarlar,False,2024-07-23 10:26:00,3.9,2469,FAMILY_CHILDREN,False,
ets-tur-bendis-beach,BOD004,Bendis Beach Hotel,Akyarlar,False,2024-07-23 10:26:00,3.9,2469,TRANSPORT_TRANSFER,False,
ets-tur-bendis-beach,BOD004,Bendis Beach Hotel,Akyarlar,False,2024-07-23 10:26:00,3.9,2469,MANAGEMENT_COMMUNICATION,False,
ets-tur-bendis-beach,BOD004,Bendis Beach Hotel,Akyarlar,False,2024-07-23 10:26:00,3.9,2469,SPA_WELLNESS,False,
ets-tur-bendis-beach,BOD004,Bendis Beach Hotel,Akyarlar,False,2024-07-23 10:26:00,3.9,2469,SAFETY_SECURITY,False,
iptal-edilen-rezervasyon-ucretinin-iadesi-surekli-erteleniyor,BOD058,Bodrum Beach Resort,Gümbet,False,,3.7,1678,STAFF_SERVICE,False,
iptal-edilen-rezervasyon-ucretinin-iadesi-surekli-erteleniyor,BOD058,Bodrum Beach Resort,Gümbet,False,,3.7,1678,CLEANLINESS_HYGIENE,False,
iptal-edilen-rezervasyon-ucretinin-iadesi-surekli-erteleniyor,BOD058,Bodrum Beach Resort,Gümbet,False,,3.7,1678,FOOD_BEVERAGE,False,
iptal-edilen-rezervasyon-ucretinin-iadesi-surekli-erteleniyor,BOD058,Bodrum Beach Resort,Gümbet,False,,3.7,1678,ROOM,False,
iptal-edilen-rezervasyon-ucretinin-iadesi-surekli-erteleniyor,BOD058,Bodrum Beach Resort,Gümbet,False,,3.7,1678,BEACH_SEA,False,
iptal-edilen-rezervasyon-ucretinin-iadesi-surekli-erteleniyor,BOD058,Bodrum Beach Resort,Gümbet,False,,3.7,1678,POOL,False,
iptal-edilen-rezervasyon-ucretinin-iadesi-surekli-erteleniyor,BOD058,Bodrum Beach Resort,Gümbet,False,,3.7,1678,FACILITIES_MAINTENANCE,False,
iptal-edilen-rezervasyon-ucretinin-iadesi-surekli-erteleniyor,BOD058,Bodrum Beach Resort,Gümbet,False,,3.7,1678,RESERVATION,True,rezervasyon|iptal
iptal-edilen-rezervasyon-ucretinin-iadesi-surekli-erteleniyor,BOD058,Bodrum Beach Resort,Gümbet,False,,3.7,1678,PAYMENT_REFUND,True,ödeme|tutar|iade
iptal-edilen-rezervasyon-ucretinin-iadesi-surekli-erteleniyor,BOD058,Bodrum Beach Resort,Gümbet,False,,3.7,1678,PRICE_VALUE,False,
iptal-edilen-rezervasyon-ucretinin-iadesi-surekli-erteleniyor,BOD058,Bodrum Beach Resort,Gümbet,False,,3.7,1678,CHECKIN_CHECKOUT,False,
iptal-edilen-rezervasyon-ucretinin-iadesi-surekli-erteleniyor,BOD058,Bodrum Beach Resort,Gümbet,False,,3.7,1678,AIR_CONDITIONING,False,
iptal-edilen-rezervasyon-ucretinin-iadesi-surekli-erteleniyor,BOD058,Bodrum Beach Resort,Gümbet,False,,3.7,1678,NOISE,False,
iptal-edilen-rezervasyon-ucretinin-iadesi-surekli-erteleniyor,BOD058,Bodrum Beach Resort,Gümbet,False,,3.7,1678,FAMILY_CHILDREN,False,
iptal-edilen-rezervasyon-ucretinin-iadesi-surekli-erteleniyor,BOD058,Bodrum Beach Resort,Gümbet,False,,3.7,1678,TRANSPORT_TRANSFER,False,
iptal-edilen-rezervasyon-ucretinin-iadesi-surekli-erteleniyor,BOD058,Bodrum Beach Resort,Gümbet,False,,3.7,1678,MANAGEMENT_COMMUNICATION,True,yetkili|telefon
iptal-edilen-rezervasyon-ucretinin-iadesi-surekli-erteleniyor,BOD058,Bodrum Beach Resort,Gümbet,False,,3.7,1678,SPA_WELLNESS,False,
iptal-edilen-rezervasyon-ucretinin-iadesi-surekli-erteleniyor,BOD058,Bodrum Beach Resort,Gümbet,False,,3.7,1678,SAFETY_SECURITY,False,
bodrum-beach-resortta-iptal-edilen-rezervasyonun-iadesi-28-gun-boyunca-gelmedi,BOD058,Bodrum Beach Resort,Gümbet,False,,3.7,1678,STAFF_SERVICE,False,
bodrum-beach-resortta-iptal-edilen-rezervasyonun-iadesi-28-gun-boyunca-gelmedi,BOD058,Bodrum Beach Resort,Gümbet,False,,3.7,1678,CLEANLINESS_HYGIENE,False,
bodrum-beach-resortta-iptal-edilen-rezervasyonun-iadesi-28-gun-boyunca-gelmedi,BOD058,Bodrum Beach Resort,Gümbet,False,,3.7,1678,FOOD_BEVERAGE,False,
bodrum-beach-resortta-iptal-edilen-rezervasyonun-iadesi-28-gun-boyunca-gelmedi,BOD058,Bodrum Beach Resort,Gümbet,False,,3.7,1678,ROOM,False,
bodrum-beach-resortta-iptal-edilen-rezervasyonun-iadesi-28-gun-boyunca-gelmedi,BOD058,Bodrum Beach Resort,Gümbet,False,,3.7,1678,BEACH_SEA,False,
bodrum-beach-resortta-iptal-edilen-rezervasyonun-iadesi-28-gun-boyunca-gelmedi,BOD058,Bodrum Beach Resort,Gümbet,False,,3.7,1678,POOL,False,
bodrum-beach-resortta-iptal-edilen-rezervasyonun-iadesi-28-gun-boyunca-gelmedi,BOD058,Bodrum Beach Resort,Gümbet,False,,3.7,1678,FACILITIES_MAINTENANCE,False,
bodrum-beach-resortta-iptal-edilen-rezervasyonun-iadesi-28-gun-boyunca-gelmedi,BOD058,Bodrum Beach Resort,Gümbet,False,,3.7,1678,RESERVATION,True,rezervasyon|iptal
bodrum-beach-resortta-iptal-edilen-rezervasyonun-iadesi-28-gun-boyunca-gelmedi,BOD058,Bodrum Beach Resort,Gümbet,False,,3.7,1678,PAYMENT_REFUND,True,ücret iadesi|ödeme|tutar|iade
bodrum-beach-resortta-iptal-edilen-rezervasyonun-iadesi-28-gun-boyunca-gelmedi,BOD058,Bodrum Beach Resort,Gümbet,False,,3.7,1678,PRICE_VALUE,True,ücret
bodrum-beach-resortta-iptal-edilen-rezervasyonun-iadesi-28-gun-boyunca-gelmedi,BOD058,Bodrum Beach Resort,Gümbet,False,,3.7,1678,CHECKIN_CHECKOUT,False,
bodrum-beach-resortta-iptal-edilen-rezervasyonun-iadesi-28-gun-boyunca-gelmedi,BOD058,Bodrum Beach Resort,Gümbet,False,,3.7,1678,AIR_CONDITIONING,False,
bodrum-beach-resortta-iptal-edilen-rezervasyonun-iadesi-28-gun-boyunca-gelmedi,BOD058,Bodrum Beach Resort,Gümbet,False,,3.7,1678,NOISE,False,
bodrum-beach-resortta-iptal-edilen-rezervasyonun-iadesi-28-gun-boyunca-gelmedi,BOD058,Bodrum Beach Resort,Gümbet,False,,3.7,1678,FAMILY_CHILDREN,False,
bodrum-beach-resortta-iptal-edilen-rezervasyonun-iadesi-28-gun-boyunca-gelmedi,BOD058,Bodrum Beach Resort,Gümbet,False,,3.7,1678,TRANSPORT_TRANSFER,True,taksi
bodrum-beach-resortta-iptal-edilen-rezervasyonun-iadesi-28-gun-boyunca-gelmedi,BOD058,Bodrum Beach Resort,Gümbet,False,,3.7,1678,MANAGEMENT_COMMUNICATION,False,
bodrum-beach-resortta-iptal-edilen-rezervasyonun-iadesi-28-gun-boyunca-gelmedi,BOD058,Bodrum Beach Resort,Gümbet,False,,3.7,1678,SPA_WELLNESS,False,
bodrum-beach-resortta-iptal-edilen-rezervasyonun-iadesi-28-gun-boyunca-gelmedi,BOD058,Bodrum Beach Resort,Gümbet,False,,3.7,1678,SAFETY_SECURITY,False,
bodrum-beach-resort-banyoyu-su-basiyor-video,BOD058,Bodrum Beach Resort,Gümbet,False,2024-04-13 19:10:00,3.7,1678,STAFF_SERVICE,False,
bodrum-beach-resort-banyoyu-su-basiyor-video,BOD058,Bodrum Beach Resort,Gümbet,False,2024-04-13 19:10:00,3.7,1678,CLEANLINESS_HYGIENE,False,
bodrum-beach-resort-banyoyu-su-basiyor-video,BOD058,Bodrum Beach Resort,Gümbet,False,2024-04-13 19:10:00,3.7,1678,FOOD_BEVERAGE,False,
bodrum-beach-resort-banyoyu-su-basiyor-video,BOD058,Bodrum Beach Resort,Gümbet,False,2024-04-13 19:10:00,3.7,1678,ROOM,False,
bodrum-beach-resort-banyoyu-su-basiyor-video,BOD058,Bodrum Beach Resort,Gümbet,False,2024-04-13 19:10:00,3.7,1678,BEACH_SEA,False,
bodrum-beach-resort-banyoyu-su-basiyor-video,BOD058,Bodrum Beach Resort,Gümbet,False,2024-04-13 19:10:00,3.7,1678,POOL,False,
bodrum-beach-resort-banyoyu-su-basiyor-video,BOD058,Bodrum Beach Resort,Gümbet,False,2024-04-13 19:10:00,3.7,1678,FACILITIES_MAINTENANCE,False,
bodrum-beach-resort-banyoyu-su-basiyor-video,BOD058,Bodrum Beach Resort,Gümbet,False,2024-04-13 19:10:00,3.7,1678,RESERVATION,False,
bodrum-beach-resort-banyoyu-su-basiyor-video,BOD058,Bodrum Beach Resort,Gümbet,False,2024-04-13 19:10:00,3.7,1678,PAYMENT_REFUND,False,
bodrum-beach-resort-banyoyu-su-basiyor-video,BOD058,Bodrum Beach Resort,Gümbet,False,2024-04-13 19:10:00,3.7,1678,PRICE_VALUE,False,
bodrum-beach-resort-banyoyu-su-basiyor-video,BOD058,Bodrum Beach Resort,Gümbet,False,2024-04-13 19:10:00,3.7,1678,CHECKIN_CHECKOUT,False,
bodrum-beach-resort-banyoyu-su-basiyor-video,BOD058,Bodrum Beach Resort,Gümbet,False,2024-04-13 19:10:00,3.7,1678,AIR_CONDITIONING,False,
bodrum-beach-resort-banyoyu-su-basiyor-video,BOD058,Bodrum Beach Resort,Gümbet,False,2024-04-13 19:10:00,3.7,1678,NOISE,False,
bodrum-beach-resort-banyoyu-su-basiyor-video,BOD058,Bodrum Beach Resort,Gümbet,False,2024-04-13 19:10:00,3.7,1678,FAMILY_CHILDREN,False,
bodrum-beach-resort-banyoyu-su-basiyor-video,BOD058,Bodrum Beach Resort,Gümbet,False,2024-04-13 19:10:00,3.7,1678,TRANSPORT_TRANSFER,False,
bodrum-beach-resort-banyoyu-su-basiyor-video,BOD058,Bodrum Beach Resort,Gümbet,False,2024-04-13 19:10:00,3.7,1678,MANAGEMENT_COMMUNICATION,False,
bodrum-beach-resort-banyoyu-su-basiyor-video,BOD058,Bodrum Beach Resort,Gümbet,False,2024-04-13 19:10:00,3.7,1678,SPA_WELLNESS,False,
bodrum-beach-resort-banyoyu-su-basiyor-video,BOD058,Bodrum Beach Resort,Gümbet,False,2024-04-13 19:10:00,3.7,1678,SAFETY_SECURITY,False,
casa-mare-bodrum-ucret-iade-talebi,BOD038,Casa Mare Bodrum,Bodrum Merkez,False,2025-07-23 17:53:00,4.0,274,STAFF_SERVICE,False,
casa-mare-bodrum-ucret-iade-talebi,BOD038,Casa Mare Bodrum,Bodrum Merkez,False,2025-07-23 17:53:00,4.0,274,CLEANLINESS_HYGIENE,False,
casa-mare-bodrum-ucret-iade-talebi,BOD038,Casa Mare Bodrum,Bodrum Merkez,False,2025-07-23 17:53:00,4.0,274,FOOD_BEVERAGE,False,
casa-mare-bodrum-ucret-iade-talebi,BOD038,Casa Mare Bodrum,Bodrum Merkez,False,2025-07-23 17:53:00,4.0,274,ROOM,True,oda
casa-mare-bodrum-ucret-iade-talebi,BOD038,Casa Mare Bodrum,Bodrum Merkez,False,2025-07-23 17:53:00,4.0,274,BEACH_SEA,False,
casa-mare-bodrum-ucret-iade-talebi,BOD038,Casa Mare Bodrum,Bodrum Merkez,False,2025-07-23 17:53:00,4.0,274,POOL,False,
casa-mare-bodrum-ucret-iade-talebi,BOD038,Casa Mare Bodrum,Bodrum Merkez,False,2025-07-23 17:53:00,4.0,274,FACILITIES_MAINTENANCE,False,
casa-mare-bodrum-ucret-iade-talebi,BOD038,Casa Mare Bodrum,Bodrum Merkez,False,2025-07-23 17:53:00,4.0,274,RESERVATION,True,rezervasyon|iptal
casa-mare-bodrum-ucret-iade-talebi,BOD038,Casa Mare Bodrum,Bodrum Merkez,False,2025-07-23 17:53:00,4.0,274,PAYMENT_REFUND,True,ödeme|iade
casa-mare-bodrum-ucret-iade-talebi,BOD038,Casa Mare Bodrum,Bodrum Merkez,False,2025-07-23 17:53:00,4.0,274,PRICE_VALUE,False,
casa-mare-bodrum-ucret-iade-talebi,BOD038,Casa Mare Bodrum,Bodrum Merkez,False,2025-07-23 17:53:00,4.0,274,CHECKIN_CHECKOUT,False,
casa-mare-bodrum-ucret-iade-talebi,BOD038,Casa Mare Bodrum,Bodrum Merkez,False,2025-07-23 17:53:00,4.0,274,AIR_CONDITIONING,False,
casa-mare-bodrum-ucret-iade-talebi,BOD038,Casa Mare Bodrum,Bodrum Merkez,False,2025-07-23 17:53:00,4.0,274,NOISE,False,
casa-mare-bodrum-ucret-iade-talebi,BOD038,Casa Mare Bodrum,Bodrum Merkez,False,2025-07-23 17:53:00,4.0,274,FAMILY_CHILDREN,False,
casa-mare-bodrum-ucret-iade-talebi,BOD038,Casa Mare Bodrum,Bodrum Merkez,False,2025-07-23 17:53:00,4.0,274,TRANSPORT_TRANSFER,False,
casa-mare-bodrum-ucret-iade-talebi,BOD038,Casa Mare Bodrum,Bodrum Merkez,False,2025-07-23 17:53:00,4.0,274,MANAGEMENT_COMMUNICATION,False,
casa-mare-bodrum-ucret-iade-talebi,BOD038,Casa Mare Bodrum,Bodrum Merkez,False,2025-07-23 17:53:00,4.0,274,SPA_WELLNESS,False,
casa-mare-bodrum-ucret-iade-talebi,BOD038,Casa Mare Bodrum,Bodrum Merkez,False,2025-07-23 17:53:00,4.0,274,SAFETY_SECURITY,False,
celeste-bella-luxury-hotel-spa-memnuniyetsizligi,BOD120,Celeste Bella Luxury Hotel & Spa,Ortakent-Yahşi,False,2025-07-05 23:42:00,4.3,258,STAFF_SERVICE,True,yardımcı olmadı|ilgisiz
celeste-bella-luxury-hotel-spa-memnuniyetsizligi,BOD120,Celeste Bella Luxury Hotel & Spa,Ortakent-Yahşi,False,2025-07-05 23:42:00,4.3,258,CLEANLINESS_HYGIENE,False,
celeste-bella-luxury-hotel-spa-memnuniyetsizligi,BOD120,Celeste Bella Luxury Hotel & Spa,Ortakent-Yahşi,False,2025-07-05 23:42:00,4.3,258,FOOD_BEVERAGE,True,kahvaltı
celeste-bella-luxury-hotel-spa-memnuniyetsizligi,BOD120,Celeste Bella Luxury Hotel & Spa,Ortakent-Yahşi,False,2025-07-05 23:42:00,4.3,258,ROOM,True,oda
celeste-bella-luxury-hotel-spa-memnuniyetsizligi,BOD120,Celeste Bella Luxury Hotel & Spa,Ortakent-Yahşi,False,2025-07-05 23:42:00,4.3,258,BEACH_SEA,False,
celeste-bella-luxury-hotel-spa-memnuniyetsizligi,BOD120,Celeste Bella Luxury Hotel & Spa,Ortakent-Yahşi,False,2025-07-05 23:42:00,4.3,258,POOL,False,
celeste-bella-luxury-hotel-spa-memnuniyetsizligi,BOD120,Celeste Bella Luxury Hotel & Spa,Ortakent-Yahşi,False,2025-07-05 23:42:00,4.3,258,FACILITIES_MAINTENANCE,True,elektrik|bozuk|kapı
celeste-bella-luxury-hotel-spa-memnuniyetsizligi,BOD120,Celeste Bella Luxury Hotel & Spa,Ortakent-Yahşi,False,2025-07-05 23:42:00,4.3,258,RESERVATION,True,rezervasyon|tatilbudur
celeste-bella-luxury-hotel-spa-memnuniyetsizligi,BOD120,Celeste Bella Luxury Hotel & Spa,Ortakent-Yahşi,False,2025-07-05 23:42:00,4.3,258,PAYMENT_REFUND,True,iade
celeste-bella-luxury-hotel-spa-memnuniyetsizligi,BOD120,Celeste Bella Luxury Hotel & Spa,Ortakent-Yahşi,False,2025-07-05 23:42:00,4.3,258,PRICE_VALUE,True,fiyat
celeste-bella-luxury-hotel-spa-memnuniyetsizligi,BOD120,Celeste Bella Luxury Hotel & Spa,Ortakent-Yahşi,False,2025-07-05 23:42:00,4.3,258,CHECKIN_CHECKOUT,False,
celeste-bella-luxury-hotel-spa-memnuniyetsizligi,BOD120,Celeste Bella Luxury Hotel & Spa,Ortakent-Yahşi,False,2025-07-05 23:42:00,4.3,258,AIR_CONDITIONING,False,
celeste-bella-luxury-hotel-spa-memnuniyetsizligi,BOD120,Celeste Bella Luxury Hotel & Spa,Ortakent-Yahşi,False,2025-07-05 23:42:00,4.3,258,NOISE,True,ses
celeste-bella-luxury-hotel-spa-memnuniyetsizligi,BOD120,Celeste Bella Luxury Hotel & Spa,Ortakent-Yahşi,False,2025-07-05 23:42:00,4.3,258,FAMILY_CHILDREN,False,
celeste-bella-luxury-hotel-spa-memnuniyetsizligi,BOD120,Celeste Bella Luxury Hotel & Spa,Ortakent-Yahşi,False,2025-07-05 23:42:00,4.3,258,TRANSPORT_TRANSFER,False,
celeste-bella-luxury-hotel-spa-memnuniyetsizligi,BOD120,Celeste Bella Luxury Hotel & Spa,Ortakent-Yahşi,False,2025-07-05 23:42:00,4.3,258,MANAGEMENT_COMMUNICATION,True,telefon
celeste-bella-luxury-hotel-spa-memnuniyetsizligi,BOD120,Celeste Bella Luxury Hotel & Spa,Ortakent-Yahşi,False,2025-07-05 23:42:00,4.3,258,SPA_WELLNESS,False,
celeste-bella-luxury-hotel-spa-memnuniyetsizligi,BOD120,Celeste Bella Luxury Hotel & Spa,Ortakent-Yahşi,False,2025-07-05 23:42:00,4.3,258,SAFETY_SECURITY,False,
celeste-bella-luxury-hotel-spa-kirli-oda-faciasi,BOD120,Celeste Bella Luxury Hotel & Spa,Ortakent-Yahşi,False,2024-06-28 13:29:00,4.3,258,STAFF_SERVICE,True,hizmet
celeste-bella-luxury-hotel-spa-kirli-oda-faciasi,BOD120,Celeste Bella Luxury Hotel & Spa,Ortakent-Yahşi,False,2024-06-28 13:29:00,4.3,258,CLEANLINESS_HYGIENE,True,çarşaf|temiz
celeste-bella-luxury-hotel-spa-kirli-oda-faciasi,BOD120,Celeste Bella Luxury Hotel & Spa,Ortakent-Yahşi,False,2024-06-28 13:29:00,4.3,258,FOOD_BEVERAGE,False,
celeste-bella-luxury-hotel-spa-kirli-oda-faciasi,BOD120,Celeste Bella Luxury Hotel & Spa,Ortakent-Yahşi,False,2024-06-28 13:29:00,4.3,258,ROOM,True,oda
celeste-bella-luxury-hotel-spa-kirli-oda-faciasi,BOD120,Celeste Bella Luxury Hotel & Spa,Ortakent-Yahşi,False,2024-06-28 13:29:00,4.3,258,BEACH_SEA,False,
celeste-bella-luxury-hotel-spa-kirli-oda-faciasi,BOD120,Celeste Bella Luxury Hotel & Spa,Ortakent-Yahşi,False,2024-06-28 13:29:00,4.3,258,POOL,False,
celeste-bella-luxury-hotel-spa-kirli-oda-faciasi,BOD120,Celeste Bella Luxury Hotel & Spa,Ortakent-Yahşi,False,2024-06-28 13:29:00,4.3,258,FACILITIES_MAINTENANCE,True,bozuk|kapı
celeste-bella-luxury-hotel-spa-kirli-oda-faciasi,BOD120,Celeste Bella Luxury Hotel & Spa,Ortakent-Yahşi,False,2024-06-28 13:29:00,4.3,258,RESERVATION,False,
celeste-bella-luxury-hotel-spa-kirli-oda-faciasi,BOD120,Celeste Bella Luxury Hotel & Spa,Ortakent-Yahşi,False,2024-06-28 13:29:00,4.3,258,PAYMENT_REFUND,True,ödeme|para
celeste-bella-luxury-hotel-spa-kirli-oda-faciasi,BOD120,Celeste Bella Luxury Hotel & Spa,Ortakent-Yahşi,False,2024-06-28 13:29:00,4.3,258,PRICE_VALUE,False,
celeste-bella-luxury-hotel-spa-kirli-oda-faciasi,BOD120,Celeste Bella Luxury Hotel & Spa,Ortakent-Yahşi,False,2024-06-28 13:29:00,4.3,258,CHECKIN_CHECKOUT,False,
celeste-bella-luxury-hotel-spa-kirli-oda-faciasi,BOD120,Celeste Bella Luxury Hotel & Spa,Ortakent-Yahşi,False,2024-06-28 13:29:00,4.3,258,AIR_CONDITIONING,False,
celeste-bella-luxury-hotel-spa-kirli-oda-faciasi,BOD120,Celeste Bella Luxury Hotel & Spa,Ortakent-Yahşi,False,2024-06-28 13:29:00,4.3,258,NOISE,False,
celeste-bella-luxury-hotel-spa-kirli-oda-faciasi,BOD120,Celeste Bella Luxury Hotel & Spa,Ortakent-Yahşi,False,2024-06-28 13:29:00,4.3,258,FAMILY_CHILDREN,True,bebek
celeste-bella-luxury-hotel-spa-kirli-oda-faciasi,BOD120,Celeste Bella Luxury Hotel & Spa,Ortakent-Yahşi,False,2024-06-28 13:29:00,4.3,258,TRANSPORT_TRANSFER,False,
celeste-bella-luxury-hotel-spa-kirli-oda-faciasi,BOD120,Celeste Bella Luxury Hotel & Spa,Ortakent-Yahşi,False,2024-06-28 13:29:00,4.3,258,MANAGEMENT_COMMUNICATION,False,
celeste-bella-luxury-hotel-spa-kirli-oda-faciasi,BOD120,Celeste Bella Luxury Hotel & Spa,Ortakent-Yahşi,False,2024-06-28 13:29:00,4.3,258,SPA_WELLNESS,False,
celeste-bella-luxury-hotel-spa-kirli-oda-faciasi,BOD120,Celeste Bella Luxury Hotel & Spa,Ortakent-Yahşi,False,2024-06-28 13:29:00,4.3,258,SAFETY_SECURITY,False,
otelin-hijyen-sorunlari-ve-isletme-sahibinin-kabul-edilemez-davranisi,BOD006,Club Marma Hotel,Akyarlar,False,2025-05-23 09:32:00,4.3,1373,STAFF_SERVICE,True,personel|çalışan
otelin-hijyen-sorunlari-ve-isletme-sahibinin-kabul-edilemez-davranisi,BOD006,Club Marma Hotel,Akyarlar,False,2025-05-23 09:32:00,4.3,1373,CLEANLINESS_HYGIENE,True,hijyen
otelin-hijyen-sorunlari-ve-isletme-sahibinin-kabul-edilemez-davranisi,BOD006,Club Marma Hotel,Akyarlar,False,2025-05-23 09:32:00,4.3,1373,FOOD_BEVERAGE,True,içecek|yemek|alkol
otelin-hijyen-sorunlari-ve-isletme-sahibinin-kabul-edilemez-davranisi,BOD006,Club Marma Hotel,Akyarlar,False,2025-05-23 09:32:00,4.3,1373,ROOM,False,
otelin-hijyen-sorunlari-ve-isletme-sahibinin-kabul-edilemez-davranisi,BOD006,Club Marma Hotel,Akyarlar,False,2025-05-23 09:32:00,4.3,1373,BEACH_SEA,False,
otelin-hijyen-sorunlari-ve-isletme-sahibinin-kabul-edilemez-davranisi,BOD006,Club Marma Hotel,Akyarlar,False,2025-05-23 09:32:00,4.3,1373,POOL,False,
otelin-hijyen-sorunlari-ve-isletme-sahibinin-kabul-edilemez-davranisi,BOD006,Club Marma Hotel,Akyarlar,False,2025-05-23 09:32:00,4.3,1373,FACILITIES_MAINTENANCE,False,
otelin-hijyen-sorunlari-ve-isletme-sahibinin-kabul-edilemez-davranisi,BOD006,Club Marma Hotel,Akyarlar,False,2025-05-23 09:32:00,4.3,1373,RESERVATION,False,
otelin-hijyen-sorunlari-ve-isletme-sahibinin-kabul-edilemez-davranisi,BOD006,Club Marma Hotel,Akyarlar,False,2025-05-23 09:32:00,4.3,1373,PAYMENT_REFUND,False,
otelin-hijyen-sorunlari-ve-isletme-sahibinin-kabul-edilemez-davranisi,BOD006,Club Marma Hotel,Akyarlar,False,2025-05-23 09:32:00,4.3,1373,PRICE_VALUE,False,
otelin-hijyen-sorunlari-ve-isletme-sahibinin-kabul-edilemez-davranisi,BOD006,Club Marma Hotel,Akyarlar,False,2025-05-23 09:32:00,4.3,1373,CHECKIN_CHECKOUT,False,
otelin-hijyen-sorunlari-ve-isletme-sahibinin-kabul-edilemez-davranisi,BOD006,Club Marma Hotel,Akyarlar,False,2025-05-23 09:32:00,4.3,1373,AIR_CONDITIONING,False,
otelin-hijyen-sorunlari-ve-isletme-sahibinin-kabul-edilemez-davranisi,BOD006,Club Marma Hotel,Akyarlar,False,2025-05-23 09:32:00,4.3,1373,NOISE,False,
otelin-hijyen-sorunlari-ve-isletme-sahibinin-kabul-edilemez-davranisi,BOD006,Club Marma Hotel,Akyarlar,False,2025-05-23 09:32:00,4.3,1373,FAMILY_CHILDREN,False,
otelin-hijyen-sorunlari-ve-isletme-sahibinin-kabul-edilemez-davranisi,BOD006,Club Marma Hotel,Akyarlar,False,2025-05-23 09:32:00,4.3,1373,TRANSPORT_TRANSFER,False,
otelin-hijyen-sorunlari-ve-isletme-sahibinin-kabul-edilemez-davranisi,BOD006,Club Marma Hotel,Akyarlar,False,2025-05-23 09:32:00,4.3,1373,MANAGEMENT_COMMUNICATION,False,
otelin-hijyen-sorunlari-ve-isletme-sahibinin-kabul-edilemez-davranisi,BOD006,Club Marma Hotel,Akyarlar,False,2025-05-23 09:32:00,4.3,1373,SPA_WELLNESS,False,
otelin-hijyen-sorunlari-ve-isletme-sahibinin-kabul-edilemez-davranisi,BOD006,Club Marma Hotel,Akyarlar,False,2025-05-23 09:32:00,4.3,1373,SAFETY_SECURITY,False,
otel-isletmecisinin-davranislari-ve-kotu-kosullar-hayal-kirikligi-yaratti,BOD006,Club Marma Hotel,Akyarlar,False,2025-05-22 10:32:00,4.3,1373,STAFF_SERVICE,True,personel
otel-isletmecisinin-davranislari-ve-kotu-kosullar-hayal-kirikligi-yaratti,BOD006,Club Marma Hotel,Akyarlar,False,2025-05-22 10:32:00,4.3,1373,CLEANLINESS_HYGIENE,True,oda temizliği|temiz|küf
otel-isletmecisinin-davranislari-ve-kotu-kosullar-hayal-kirikligi-yaratti,BOD006,Club Marma Hotel,Akyarlar,False,2025-05-22 10:32:00,4.3,1373,FOOD_BEVERAGE,True,alkol
otel-isletmecisinin-davranislari-ve-kotu-kosullar-hayal-kirikligi-yaratti,BOD006,Club Marma Hotel,Akyarlar,False,2025-05-22 10:32:00,4.3,1373,ROOM,True,oda
otel-isletmecisinin-davranislari-ve-kotu-kosullar-hayal-kirikligi-yaratti,BOD006,Club Marma Hotel,Akyarlar,False,2025-05-22 10:32:00,4.3,1373,BEACH_SEA,False,
otel-isletmecisinin-davranislari-ve-kotu-kosullar-hayal-kirikligi-yaratti,BOD006,Club Marma Hotel,Akyarlar,False,2025-05-22 10:32:00,4.3,1373,POOL,False,
otel-isletmecisinin-davranislari-ve-kotu-kosullar-hayal-kirikligi-yaratti,BOD006,Club Marma Hotel,Akyarlar,False,2025-05-22 10:32:00,4.3,1373,FACILITIES_MAINTENANCE,True,bakımsız|bakım|eski
otel-isletmecisinin-davranislari-ve-kotu-kosullar-hayal-kirikligi-yaratti,BOD006,Club Marma Hotel,Akyarlar,False,2025-05-22 10:32:00,4.3,1373,RESERVATION,False,
otel-isletmecisinin-davranislari-ve-kotu-kosullar-hayal-kirikligi-yaratti,BOD006,Club Marma Hotel,Akyarlar,False,2025-05-22 10:32:00,4.3,1373,PAYMENT_REFUND,False,
otel-isletmecisinin-davranislari-ve-kotu-kosullar-hayal-kirikligi-yaratti,BOD006,Club Marma Hotel,Akyarlar,False,2025-05-22 10:32:00,4.3,1373,PRICE_VALUE,False,
otel-isletmecisinin-davranislari-ve-kotu-kosullar-hayal-kirikligi-yaratti,BOD006,Club Marma Hotel,Akyarlar,False,2025-05-22 10:32:00,4.3,1373,CHECKIN_CHECKOUT,False,
otel-isletmecisinin-davranislari-ve-kotu-kosullar-hayal-kirikligi-yaratti,BOD006,Club Marma Hotel,Akyarlar,False,2025-05-22 10:32:00,4.3,1373,AIR_CONDITIONING,False,
otel-isletmecisinin-davranislari-ve-kotu-kosullar-hayal-kirikligi-yaratti,BOD006,Club Marma Hotel,Akyarlar,False,2025-05-22 10:32:00,4.3,1373,NOISE,False,
otel-isletmecisinin-davranislari-ve-kotu-kosullar-hayal-kirikligi-yaratti,BOD006,Club Marma Hotel,Akyarlar,False,2025-05-22 10:32:00,4.3,1373,FAMILY_CHILDREN,False,
otel-isletmecisinin-davranislari-ve-kotu-kosullar-hayal-kirikligi-yaratti,BOD006,Club Marma Hotel,Akyarlar,False,2025-05-22 10:32:00,4.3,1373,TRANSPORT_TRANSFER,False,
otel-isletmecisinin-davranislari-ve-kotu-kosullar-hayal-kirikligi-yaratti,BOD006,Club Marma Hotel,Akyarlar,False,2025-05-22 10:32:00,4.3,1373,MANAGEMENT_COMMUNICATION,False,
otel-isletmecisinin-davranislari-ve-kotu-kosullar-hayal-kirikligi-yaratti,BOD006,Club Marma Hotel,Akyarlar,False,2025-05-22 10:32:00,4.3,1373,SPA_WELLNESS,False,
otel-isletmecisinin-davranislari-ve-kotu-kosullar-hayal-kirikligi-yaratti,BOD006,Club Marma Hotel,Akyarlar,False,2025-05-22 10:32:00,4.3,1373,SAFETY_SECURITY,False,
otel-isletmecisinin-hakaret-ve-kotu-davranisi-etkinligimizi-mahvetti,BOD006,Club Marma Hotel,Akyarlar,False,2025-05-22 10:24:00,4.3,1373,STAFF_SERVICE,True,hizmet
otel-isletmecisinin-hakaret-ve-kotu-davranisi-etkinligimizi-mahvetti,BOD006,Club Marma Hotel,Akyarlar,False,2025-05-22 10:24:00,4.3,1373,CLEANLINESS_HYGIENE,False,
otel-isletmecisinin-hakaret-ve-kotu-davranisi-etkinligimizi-mahvetti,BOD006,Club Marma Hotel,Akyarlar,False,2025-05-22 10:24:00,4.3,1373,FOOD_BEVERAGE,False,
otel-isletmecisinin-hakaret-ve-kotu-davranisi-etkinligimizi-mahvetti,BOD006,Club Marma Hotel,Akyarlar,False,2025-05-22 10:24:00,4.3,1373,ROOM,False,
otel-isletmecisinin-hakaret-ve-kotu-davranisi-etkinligimizi-mahvetti,BOD006,Club Marma Hotel,Akyarlar,False,2025-05-22 10:24:00,4.3,1373,BEACH_SEA,False,
otel-isletmecisinin-hakaret-ve-kotu-davranisi-etkinligimizi-mahvetti,BOD006,Club Marma Hotel,Akyarlar,False,2025-05-22 10:24:00,4.3,1373,POOL,False,
otel-isletmecisinin-hakaret-ve-kotu-davranisi-etkinligimizi-mahvetti,BOD006,Club Marma Hotel,Akyarlar,False,2025-05-22 10:24:00,4.3,1373,FACILITIES_MAINTENANCE,False,
otel-isletmecisinin-hakaret-ve-kotu-davranisi-etkinligimizi-mahvetti,BOD006,Club Marma Hotel,Akyarlar,False,2025-05-22 10:24:00,4.3,1373,RESERVATION,False,
otel-isletmecisinin-hakaret-ve-kotu-davranisi-etkinligimizi-mahvetti,BOD006,Club Marma Hotel,Akyarlar,False,2025-05-22 10:24:00,4.3,1373,PAYMENT_REFUND,False,
otel-isletmecisinin-hakaret-ve-kotu-davranisi-etkinligimizi-mahvetti,BOD006,Club Marma Hotel,Akyarlar,False,2025-05-22 10:24:00,4.3,1373,PRICE_VALUE,False,
otel-isletmecisinin-hakaret-ve-kotu-davranisi-etkinligimizi-mahvetti,BOD006,Club Marma Hotel,Akyarlar,False,2025-05-22 10:24:00,4.3,1373,CHECKIN_CHECKOUT,False,
otel-isletmecisinin-hakaret-ve-kotu-davranisi-etkinligimizi-mahvetti,BOD006,Club Marma Hotel,Akyarlar,False,2025-05-22 10:24:00,4.3,1373,AIR_CONDITIONING,False,
otel-isletmecisinin-hakaret-ve-kotu-davranisi-etkinligimizi-mahvetti,BOD006,Club Marma Hotel,Akyarlar,False,2025-05-22 10:24:00,4.3,1373,NOISE,False,
otel-isletmecisinin-hakaret-ve-kotu-davranisi-etkinligimizi-mahvetti,BOD006,Club Marma Hotel,Akyarlar,False,2025-05-22 10:24:00,4.3,1373,FAMILY_CHILDREN,False,
otel-isletmecisinin-hakaret-ve-kotu-davranisi-etkinligimizi-mahvetti,BOD006,Club Marma Hotel,Akyarlar,False,2025-05-22 10:24:00,4.3,1373,TRANSPORT_TRANSFER,False,
otel-isletmecisinin-hakaret-ve-kotu-davranisi-etkinligimizi-mahvetti,BOD006,Club Marma Hotel,Akyarlar,False,2025-05-22 10:24:00,4.3,1373,MANAGEMENT_COMMUNICATION,False,
otel-isletmecisinin-hakaret-ve-kotu-davranisi-etkinligimizi-mahvetti,BOD006,Club Marma Hotel,Akyarlar,False,2025-05-22 10:24:00,4.3,1373,SPA_WELLNESS,False,
otel-isletmecisinin-hakaret-ve-kotu-davranisi-etkinligimizi-mahvetti,BOD006,Club Marma Hotel,Akyarlar,False,2025-05-22 10:24:00,4.3,1373,SAFETY_SECURITY,False,
isletme-sahibinin-sarhos-ve-tehditkar-tavri-magdur-etti,BOD006,Club Marma Hotel,Akyarlar,False,2025-05-20 13:46:00,4.3,1373,STAFF_SERVICE,True,saygısız|hizmet
isletme-sahibinin-sarhos-ve-tehditkar-tavri-magdur-etti,BOD006,Club Marma Hotel,Akyarlar,False,2025-05-20 13:46:00,4.3,1373,CLEANLINESS_HYGIENE,False,
isletme-sahibinin-sarhos-ve-tehditkar-tavri-magdur-etti,BOD006,Club Marma Hotel,Akyarlar,False,2025-05-20 13:46:00,4.3,1373,FOOD_BEVERAGE,True,alkol
isletme-sahibinin-sarhos-ve-tehditkar-tavri-magdur-etti,BOD006,Club Marma Hotel,Akyarlar,False,2025-05-20 13:46:00,4.3,1373,ROOM,False,
isletme-sahibinin-sarhos-ve-tehditkar-tavri-magdur-etti,BOD006,Club Marma Hotel,Akyarlar,False,2025-05-20 13:46:00,4.3,1373,BEACH_SEA,False,
isletme-sahibinin-sarhos-ve-tehditkar-tavri-magdur-etti,BOD006,Club Marma Hotel,Akyarlar,False,2025-05-20 13:46:00,4.3,1373,POOL,False,
isletme-sahibinin-sarhos-ve-tehditkar-tavri-magdur-etti,BOD006,Club Marma Hotel,Akyarlar,False,2025-05-20 13:46:00,4.3,1373,FACILITIES_MAINTENANCE,False,
isletme-sahibinin-sarhos-ve-tehditkar-tavri-magdur-etti,BOD006,Club Marma Hotel,Akyarlar,False,2025-05-20 13:46:00,4.3,1373,RESERVATION,False,
isletme-sahibinin-sarhos-ve-tehditkar-tavri-magdur-etti,BOD006,Club Marma Hotel,Akyarlar,False,2025-05-20 13:46:00,4.3,1373,PAYMENT_REFUND,False,
isletme-sahibinin-sarhos-ve-tehditkar-tavri-magdur-etti,BOD006,Club Marma Hotel,Akyarlar,False,2025-05-20 13:46:00,4.3,1373,PRICE_VALUE,False,
isletme-sahibinin-sarhos-ve-tehditkar-tavri-magdur-etti,BOD006,Club Marma Hotel,Akyarlar,False,2025-05-20 13:46:00,4.3,1373,CHECKIN_CHECKOUT,False,
isletme-sahibinin-sarhos-ve-tehditkar-tavri-magdur-etti,BOD006,Club Marma Hotel,Akyarlar,False,2025-05-20 13:46:00,4.3,1373,AIR_CONDITIONING,False,
isletme-sahibinin-sarhos-ve-tehditkar-tavri-magdur-etti,BOD006,Club Marma Hotel,Akyarlar,False,2025-05-20 13:46:00,4.3,1373,NOISE,False,
isletme-sahibinin-sarhos-ve-tehditkar-tavri-magdur-etti,BOD006,Club Marma Hotel,Akyarlar,False,2025-05-20 13:46:00,4.3,1373,FAMILY_CHILDREN,False,
isletme-sahibinin-sarhos-ve-tehditkar-tavri-magdur-etti,BOD006,Club Marma Hotel,Akyarlar,False,2025-05-20 13:46:00,4.3,1373,TRANSPORT_TRANSFER,False,
isletme-sahibinin-sarhos-ve-tehditkar-tavri-magdur-etti,BOD006,Club Marma Hotel,Akyarlar,False,2025-05-20 13:46:00,4.3,1373,MANAGEMENT_COMMUNICATION,False,
isletme-sahibinin-sarhos-ve-tehditkar-tavri-magdur-etti,BOD006,Club Marma Hotel,Akyarlar,False,2025-05-20 13:46:00,4.3,1373,SPA_WELLNESS,False,
isletme-sahibinin-sarhos-ve-tehditkar-tavri-magdur-etti,BOD006,Club Marma Hotel,Akyarlar,False,2025-05-20 13:46:00,4.3,1373,SAFETY_SECURITY,False,
otel-sahibi-nedeniyle-hayal-kirikligi-ve-rahatsizlik,BOD006,Club Marma Hotel,Akyarlar,False,2025-05-19 18:37:00,4.3,1373,STAFF_SERVICE,True,saygısız
otel-sahibi-nedeniyle-hayal-kirikligi-ve-rahatsizlik,BOD006,Club Marma Hotel,Akyarlar,False,2025-05-19 18:37:00,4.3,1373,CLEANLINESS_HYGIENE,False,
otel-sahibi-nedeniyle-hayal-kirikligi-ve-rahatsizlik,BOD006,Club Marma Hotel,Akyarlar,False,2025-05-19 18:37:00,4.3,1373,FOOD_BEVERAGE,True,alkol
otel-sahibi-nedeniyle-hayal-kirikligi-ve-rahatsizlik,BOD006,Club Marma Hotel,Akyarlar,False,2025-05-19 18:37:00,4.3,1373,ROOM,False,
otel-sahibi-nedeniyle-hayal-kirikligi-ve-rahatsizlik,BOD006,Club Marma Hotel,Akyarlar,False,2025-05-19 18:37:00,4.3,1373,BEACH_SEA,False,
otel-sahibi-nedeniyle-hayal-kirikligi-ve-rahatsizlik,BOD006,Club Marma Hotel,Akyarlar,False,2025-05-19 18:37:00,4.3,1373,POOL,False,
otel-sahibi-nedeniyle-hayal-kirikligi-ve-rahatsizlik,BOD006,Club Marma Hotel,Akyarlar,False,2025-05-19 18:37:00,4.3,1373,FACILITIES_MAINTENANCE,True,bakımsız|bakım|eski
otel-sahibi-nedeniyle-hayal-kirikligi-ve-rahatsizlik,BOD006,Club Marma Hotel,Akyarlar,False,2025-05-19 18:37:00,4.3,1373,RESERVATION,False,
otel-sahibi-nedeniyle-hayal-kirikligi-ve-rahatsizlik,BOD006,Club Marma Hotel,Akyarlar,False,2025-05-19 18:37:00,4.3,1373,PAYMENT_REFUND,False,
otel-sahibi-nedeniyle-hayal-kirikligi-ve-rahatsizlik,BOD006,Club Marma Hotel,Akyarlar,False,2025-05-19 18:37:00,4.3,1373,PRICE_VALUE,False,
otel-sahibi-nedeniyle-hayal-kirikligi-ve-rahatsizlik,BOD006,Club Marma Hotel,Akyarlar,False,2025-05-19 18:37:00,4.3,1373,CHECKIN_CHECKOUT,False,
otel-sahibi-nedeniyle-hayal-kirikligi-ve-rahatsizlik,BOD006,Club Marma Hotel,Akyarlar,False,2025-05-19 18:37:00,4.3,1373,AIR_CONDITIONING,False,
otel-sahibi-nedeniyle-hayal-kirikligi-ve-rahatsizlik,BOD006,Club Marma Hotel,Akyarlar,False,2025-05-19 18:37:00,4.3,1373,NOISE,False,
otel-sahibi-nedeniyle-hayal-kirikligi-ve-rahatsizlik,BOD006,Club Marma Hotel,Akyarlar,False,2025-05-19 18:37:00,4.3,1373,FAMILY_CHILDREN,False,
otel-sahibi-nedeniyle-hayal-kirikligi-ve-rahatsizlik,BOD006,Club Marma Hotel,Akyarlar,False,2025-05-19 18:37:00,4.3,1373,TRANSPORT_TRANSFER,False,
otel-sahibi-nedeniyle-hayal-kirikligi-ve-rahatsizlik,BOD006,Club Marma Hotel,Akyarlar,False,2025-05-19 18:37:00,4.3,1373,MANAGEMENT_COMMUNICATION,True,müdür
otel-sahibi-nedeniyle-hayal-kirikligi-ve-rahatsizlik,BOD006,Club Marma Hotel,Akyarlar,False,2025-05-19 18:37:00,4.3,1373,SPA_WELLNESS,False,
otel-sahibi-nedeniyle-hayal-kirikligi-ve-rahatsizlik,BOD006,Club Marma Hotel,Akyarlar,False,2025-05-19 18:37:00,4.3,1373,SAFETY_SECURITY,False,
iptal-edilen-rezervasyonun-ucret-iadesi-yapilmiyor-magdur-edildim-1,BOD060,Club Shark Hotel,Gümbet,False,2025-09-16 14:52:00,4.2,1124,STAFF_SERVICE,False,
iptal-edilen-rezervasyonun-ucret-iadesi-yapilmiyor-magdur-edildim-1,BOD060,Club Shark Hotel,Gümbet,False,2025-09-16 14:52:00,4.2,1124,CLEANLINESS_HYGIENE,False,
iptal-edilen-rezervasyonun-ucret-iadesi-yapilmiyor-magdur-edildim-1,BOD060,Club Shark Hotel,Gümbet,False,2025-09-16 14:52:00,4.2,1124,FOOD_BEVERAGE,False,
iptal-edilen-rezervasyonun-ucret-iadesi-yapilmiyor-magdur-edildim-1,BOD060,Club Shark Hotel,Gümbet,False,2025-09-16 14:52:00,4.2,1124,ROOM,False,
iptal-edilen-rezervasyonun-ucret-iadesi-yapilmiyor-magdur-edildim-1,BOD060,Club Shark Hotel,Gümbet,False,2025-09-16 14:52:00,4.2,1124,BEACH_SEA,False,
iptal-edilen-rezervasyonun-ucret-iadesi-yapilmiyor-magdur-edildim-1,BOD060,Club Shark Hotel,Gümbet,False,2025-09-16 14:52:00,4.2,1124,POOL,False,
iptal-edilen-rezervasyonun-ucret-iadesi-yapilmiyor-magdur-edildim-1,BOD060,Club Shark Hotel,Gümbet,False,2025-09-16 14:52:00,4.2,1124,FACILITIES_MAINTENANCE,False,
iptal-edilen-rezervasyonun-ucret-iadesi-yapilmiyor-magdur-edildim-1,BOD060,Club Shark Hotel,Gümbet,False,2025-09-16 14:52:00,4.2,1124,RESERVATION,True,rezervasyon|iptal
iptal-edilen-rezervasyonun-ucret-iadesi-yapilmiyor-magdur-edildim-1,BOD060,Club Shark Hotel,Gümbet,False,2025-09-16 14:52:00,4.2,1124,PAYMENT_REFUND,True,ücret iadesi|ödeme|iade|para
iptal-edilen-rezervasyonun-ucret-iadesi-yapilmiyor-magdur-edildim-1,BOD060,Club Shark Hotel,Gümbet,False,2025-09-16 14:52:00,4.2,1124,PRICE_VALUE,True,ücret
iptal-edilen-rezervasyonun-ucret-iadesi-yapilmiyor-magdur-edildim-1,BOD060,Club Shark Hotel,Gümbet,False,2025-09-16 14:52:00,4.2,1124,CHECKIN_CHECKOUT,False,
iptal-edilen-rezervasyonun-ucret-iadesi-yapilmiyor-magdur-edildim-1,BOD060,Club Shark Hotel,Gümbet,False,2025-09-16 14:52:00,4.2,1124,AIR_CONDITIONING,False,
iptal-edilen-rezervasyonun-ucret-iadesi-yapilmiyor-magdur-edildim-1,BOD060,Club Shark Hotel,Gümbet,False,2025-09-16 14:52:00,4.2,1124,NOISE,False,
iptal-edilen-rezervasyonun-ucret-iadesi-yapilmiyor-magdur-edildim-1,BOD060,Club Shark Hotel,Gümbet,False,2025-09-16 14:52:00,4.2,1124,FAMILY_CHILDREN,False,
iptal-edilen-rezervasyonun-ucret-iadesi-yapilmiyor-magdur-edildim-1,BOD060,Club Shark Hotel,Gümbet,False,2025-09-16 14:52:00,4.2,1124,TRANSPORT_TRANSFER,False,
iptal-edilen-rezervasyonun-ucret-iadesi-yapilmiyor-magdur-edildim-1,BOD060,Club Shark Hotel,Gümbet,False,2025-09-16 14:52:00,4.2,1124,MANAGEMENT_COMMUNICATION,True,yönetim
iptal-edilen-rezervasyonun-ucret-iadesi-yapilmiyor-magdur-edildim-1,BOD060,Club Shark Hotel,Gümbet,False,2025-09-16 14:52:00,4.2,1124,SPA_WELLNESS,False,
iptal-edilen-rezervasyonun-ucret-iadesi-yapilmiyor-magdur-edildim-1,BOD060,Club Shark Hotel,Gümbet,False,2025-09-16 14:52:00,4.2,1124,SAFETY_SECURITY,False,
doria-hotel-bodrumda-guvenlik-zafiyeti-ve-musteri-magduriyeti,BOD023,Doria Hotel Bodrum,Bitez,False,2025-07-13 16:39:00,4.4,774,STAFF_SERVICE,True,personel|çalışan
doria-hotel-bodrumda-guvenlik-zafiyeti-ve-musteri-magduriyeti,BOD023,Doria Hotel Bodrum,Bitez,False,2025-07-13 16:39:00,4.4,774,CLEANLINESS_HYGIENE,False,
doria-hotel-bodrumda-guvenlik-zafiyeti-ve-musteri-magduriyeti,BOD023,Doria Hotel Bodrum,Bitez,False,2025-07-13 16:39:00,4.4,774,FOOD_BEVERAGE,False,
doria-hotel-bodrumda-guvenlik-zafiyeti-ve-musteri-magduriyeti,BOD023,Doria Hotel Bodrum,Bitez,False,2025-07-13 16:39:00,4.4,774,ROOM,True,oda
doria-hotel-bodrumda-guvenlik-zafiyeti-ve-musteri-magduriyeti,BOD023,Doria Hotel Bodrum,Bitez,False,2025-07-13 16:39:00,4.4,774,BEACH_SEA,False,
doria-hotel-bodrumda-guvenlik-zafiyeti-ve-musteri-magduriyeti,BOD023,Doria Hotel Bodrum,Bitez,False,2025-07-13 16:39:00,4.4,774,POOL,False,
doria-hotel-bodrumda-guvenlik-zafiyeti-ve-musteri-magduriyeti,BOD023,Doria Hotel Bodrum,Bitez,False,2025-07-13 16:39:00,4.4,774,FACILITIES_MAINTENANCE,False,
doria-hotel-bodrumda-guvenlik-zafiyeti-ve-musteri-magduriyeti,BOD023,Doria Hotel Bodrum,Bitez,False,2025-07-13 16:39:00,4.4,774,RESERVATION,False,
doria-hotel-bodrumda-guvenlik-zafiyeti-ve-musteri-magduriyeti,BOD023,Doria Hotel Bodrum,Bitez,False,2025-07-13 16:39:00,4.4,774,PAYMENT_REFUND,True,tutar|para
doria-hotel-bodrumda-guvenlik-zafiyeti-ve-musteri-magduriyeti,BOD023,Doria Hotel Bodrum,Bitez,False,2025-07-13 16:39:00,4.4,774,PRICE_VALUE,True,değer
doria-hotel-bodrumda-guvenlik-zafiyeti-ve-musteri-magduriyeti,BOD023,Doria Hotel Bodrum,Bitez,False,2025-07-13 16:39:00,4.4,774,CHECKIN_CHECKOUT,False,
doria-hotel-bodrumda-guvenlik-zafiyeti-ve-musteri-magduriyeti,BOD023,Doria Hotel Bodrum,Bitez,False,2025-07-13 16:39:00,4.4,774,AIR_CONDITIONING,False,
doria-hotel-bodrumda-guvenlik-zafiyeti-ve-musteri-magduriyeti,BOD023,Doria Hotel Bodrum,Bitez,False,2025-07-13 16:39:00,4.4,774,NOISE,False,
doria-hotel-bodrumda-guvenlik-zafiyeti-ve-musteri-magduriyeti,BOD023,Doria Hotel Bodrum,Bitez,False,2025-07-13 16:39:00,4.4,774,FAMILY_CHILDREN,False,
doria-hotel-bodrumda-guvenlik-zafiyeti-ve-musteri-magduriyeti,BOD023,Doria Hotel Bodrum,Bitez,False,2025-07-13 16:39:00,4.4,774,TRANSPORT_TRANSFER,False,
doria-hotel-bodrumda-guvenlik-zafiyeti-ve-musteri-magduriyeti,BOD023,Doria Hotel Bodrum,Bitez,False,2025-07-13 16:39:00,4.4,774,MANAGEMENT_COMMUNICATION,True,yönetici
doria-hotel-bodrumda-guvenlik-zafiyeti-ve-musteri-magduriyeti,BOD023,Doria Hotel Bodrum,Bitez,False,2025-07-13 16:39:00,4.4,774,SPA_WELLNESS,False,
doria-hotel-bodrumda-guvenlik-zafiyeti-ve-musteri-magduriyeti,BOD023,Doria Hotel Bodrum,Bitez,False,2025-07-13 16:39:00,4.4,774,SAFETY_SECURITY,True,güvenli|çalındı
vaat-edilen-yetiskin-havuzu-ve-barin-cocuklarla-dolu-olmasi-nedeniyle-ucret-iadesi-talebi,BOD103,Green Bay Resort & Spa Bodrum,Güvercinlik,False,2026-08-07 18:50:00,4.5,6843,STAFF_SERVICE,True,hizmet|servis
vaat-edilen-yetiskin-havuzu-ve-barin-cocuklarla-dolu-olmasi-nedeniyle-ucret-iadesi-talebi,BOD103,Green Bay Resort & Spa Bodrum,Güvercinlik,False,2026-08-07 18:50:00,4.5,6843,CLEANLINESS_HYGIENE,False,
vaat-edilen-yetiskin-havuzu-ve-barin-cocuklarla-dolu-olmasi-nedeniyle-ucret-iadesi-talebi,BOD103,Green Bay Resort & Spa Bodrum,Güvercinlik,False,2026-08-07 18:50:00,4.5,6843,FOOD_BEVERAGE,True,alkol|bar
vaat-edilen-yetiskin-havuzu-ve-barin-cocuklarla-dolu-olmasi-nedeniyle-ucret-iadesi-talebi,BOD103,Green Bay Resort & Spa Bodrum,Güvercinlik,False,2026-08-07 18:50:00,4.5,6843,ROOM,True,oda
vaat-edilen-yetiskin-havuzu-ve-barin-cocuklarla-dolu-olmasi-nedeniyle-ucret-iadesi-talebi,BOD103,Green Bay Resort & Spa Bodrum,Güvercinlik,False,2026-08-07 18:50:00,4.5,6843,BEACH_SEA,False,
vaat-edilen-yetiskin-havuzu-ve-barin-cocuklarla-dolu-olmasi-nedeniyle-ucret-iadesi-talebi,BOD103,Green Bay Resort & Spa Bodrum,Güvercinlik,False,2026-08-07 18:50:00,4.5,6843,POOL,True,havuz
vaat-edilen-yetiskin-havuzu-ve-barin-cocuklarla-dolu-olmasi-nedeniyle-ucret-iadesi-talebi,BOD103,Green Bay Resort & Spa Bodrum,Güvercinlik,False,2026-08-07 18:50:00,4.5,6843,FACILITIES_MAINTENANCE,False,
vaat-edilen-yetiskin-havuzu-ve-barin-cocuklarla-dolu-olmasi-nedeniyle-ucret-iadesi-talebi,BOD103,Green Bay Resort & Spa Bodrum,Güvercinlik,False,2026-08-07 18:50:00,4.5,6843,RESERVATION,False,
vaat-edilen-yetiskin-havuzu-ve-barin-cocuklarla-dolu-olmasi-nedeniyle-ucret-iadesi-talebi,BOD103,Green Bay Resort & Spa Bodrum,Güvercinlik,False,2026-08-07 18:50:00,4.5,6843,PAYMENT_REFUND,True,ücret iadesi|iade
vaat-edilen-yetiskin-havuzu-ve-barin-cocuklarla-dolu-olmasi-nedeniyle-ucret-iadesi-talebi,BOD103,Green Bay Resort & Spa Bodrum,Güvercinlik,False,2026-08-07 18:50:00,4.5,6843,PRICE_VALUE,True,ücret
vaat-edilen-yetiskin-havuzu-ve-barin-cocuklarla-dolu-olmasi-nedeniyle-ucret-iadesi-talebi,BOD103,Green Bay Resort & Spa Bodrum,Güvercinlik,False,2026-08-07 18:50:00,4.5,6843,CHECKIN_CHECKOUT,False,
vaat-edilen-yetiskin-havuzu-ve-barin-cocuklarla-dolu-olmasi-nedeniyle-ucret-iadesi-talebi,BOD103,Green Bay Resort & Spa Bodrum,Güvercinlik,False,2026-08-07 18:50:00,4.5,6843,AIR_CONDITIONING,False,
vaat-edilen-yetiskin-havuzu-ve-barin-cocuklarla-dolu-olmasi-nedeniyle-ucret-iadesi-talebi,BOD103,Green Bay Resort & Spa Bodrum,Güvercinlik,False,2026-08-07 18:50:00,4.5,6843,NOISE,False,
vaat-edilen-yetiskin-havuzu-ve-barin-cocuklarla-dolu-olmasi-nedeniyle-ucret-iadesi-talebi,BOD103,Green Bay Resort & Spa Bodrum,Güvercinlik,False,2026-08-07 18:50:00,4.5,6843,FAMILY_CHILDREN,True,çocuk
vaat-edilen-yetiskin-havuzu-ve-barin-cocuklarla-dolu-olmasi-nedeniyle-ucret-iadesi-talebi,BOD103,Green Bay Resort & Spa Bodrum,Güvercinlik,False,2026-08-07 18:50:00,4.5,6843,TRANSPORT_TRANSFER,True,transfer
vaat-edilen-yetiskin-havuzu-ve-barin-cocuklarla-dolu-olmasi-nedeniyle-ucret-iadesi-talebi,BOD103,Green Bay Resort & Spa Bodrum,Güvercinlik,False,2026-08-07 18:50:00,4.5,6843,MANAGEMENT_COMMUNICATION,True,çözüm sunulmadı
vaat-edilen-yetiskin-havuzu-ve-barin-cocuklarla-dolu-olmasi-nedeniyle-ucret-iadesi-talebi,BOD103,Green Bay Resort & Spa Bodrum,Güvercinlik,False,2026-08-07 18:50:00,4.5,6843,SPA_WELLNESS,True,spa
vaat-edilen-yetiskin-havuzu-ve-barin-cocuklarla-dolu-olmasi-nedeniyle-ucret-iadesi-talebi,BOD103,Green Bay Resort & Spa Bodrum,Güvercinlik,False,2026-08-07 18:50:00,4.5,6843,SAFETY_SECURITY,False,
green-bay-resort-spa-bodrumun-buyuk-hijyen-ve-temizlik-problemleri-video,BOD103,Green Bay Resort & Spa Bodrum,Güvercinlik,False,2026-08-01 14:28:00,4.5,6843,STAFF_SERVICE,False,
green-bay-resort-spa-bodrumun-buyuk-hijyen-ve-temizlik-problemleri-video,BOD103,Green Bay Resort & Spa Bodrum,Güvercinlik,False,2026-08-01 14:28:00,4.5,6843,CLEANLINESS_HYGIENE,False,
green-bay-resort-spa-bodrumun-buyuk-hijyen-ve-temizlik-problemleri-video,BOD103,Green Bay Resort & Spa Bodrum,Güvercinlik,False,2026-08-01 14:28:00,4.5,6843,FOOD_BEVERAGE,False,
green-bay-resort-spa-bodrumun-buyuk-hijyen-ve-temizlik-problemleri-video,BOD103,Green Bay Resort & Spa Bodrum,Güvercinlik,False,2026-08-01 14:28:00,4.5,6843,ROOM,False,
green-bay-resort-spa-bodrumun-buyuk-hijyen-ve-temizlik-problemleri-video,BOD103,Green Bay Resort & Spa Bodrum,Güvercinlik,False,2026-08-01 14:28:00,4.5,6843,BEACH_SEA,False,
green-bay-resort-spa-bodrumun-buyuk-hijyen-ve-temizlik-problemleri-video,BOD103,Green Bay Resort & Spa Bodrum,Güvercinlik,False,2026-08-01 14:28:00,4.5,6843,POOL,False,
green-bay-resort-spa-bodrumun-buyuk-hijyen-ve-temizlik-problemleri-video,BOD103,Green Bay Resort & Spa Bodrum,Güvercinlik,False,2026-08-01 14:28:00,4.5,6843,FACILITIES_MAINTENANCE,False,
green-bay-resort-spa-bodrumun-buyuk-hijyen-ve-temizlik-problemleri-video,BOD103,Green Bay Resort & Spa Bodrum,Güvercinlik,False,2026-08-01 14:28:00,4.5,6843,RESERVATION,False,
green-bay-resort-spa-bodrumun-buyuk-hijyen-ve-temizlik-problemleri-video,BOD103,Green Bay Resort & Spa Bodrum,Güvercinlik,False,2026-08-01 14:28:00,4.5,6843,PAYMENT_REFUND,False,
green-bay-resort-spa-bodrumun-buyuk-hijyen-ve-temizlik-problemleri-video,BOD103,Green Bay Resort & Spa Bodrum,Güvercinlik,False,2026-08-01 14:28:00,4.5,6843,PRICE_VALUE,False,
green-bay-resort-spa-bodrumun-buyuk-hijyen-ve-temizlik-problemleri-video,BOD103,Green Bay Resort & Spa Bodrum,Güvercinlik,False,2026-08-01 14:28:00,4.5,6843,CHECKIN_CHECKOUT,False,
green-bay-resort-spa-bodrumun-buyuk-hijyen-ve-temizlik-problemleri-video,BOD103,Green Bay Resort & Spa Bodrum,Güvercinlik,False,2026-08-01 14:28:00,4.5,6843,AIR_CONDITIONING,False,
green-bay-resort-spa-bodrumun-buyuk-hijyen-ve-temizlik-problemleri-video,BOD103,Green Bay Resort & Spa Bodrum,Güvercinlik,False,2026-08-01 14:28:00,4.5,6843,NOISE,False,
green-bay-resort-spa-bodrumun-buyuk-hijyen-ve-temizlik-problemleri-video,BOD103,Green Bay Resort & Spa Bodrum,Güvercinlik,False,2026-08-01 14:28:00,4.5,6843,FAMILY_CHILDREN,False,
green-bay-resort-spa-bodrumun-buyuk-hijyen-ve-temizlik-problemleri-video,BOD103,Green Bay Resort & Spa Bodrum,Güvercinlik,False,2026-08-01 14:28:00,4.5,6843,TRANSPORT_TRANSFER,False,
green-bay-resort-spa-bodrumun-buyuk-hijyen-ve-temizlik-problemleri-video,BOD103,Green Bay Resort & Spa Bodrum,Güvercinlik,False,2026-08-01 14:28:00,4.5,6843,MANAGEMENT_COMMUNICATION,False,
green-bay-resort-spa-bodrumun-buyuk-hijyen-ve-temizlik-problemleri-video,BOD103,Green Bay Resort & Spa Bodrum,Güvercinlik,False,2026-08-01 14:28:00,4.5,6843,SPA_WELLNESS,False,
green-bay-resort-spa-bodrumun-buyuk-hijyen-ve-temizlik-problemleri-video,BOD103,Green Bay Resort & Spa Bodrum,Güvercinlik,False,2026-08-01 14:28:00,4.5,6843,SAFETY_SECURITY,False,
green-bay-resort-bodrumda-bozuk-spor-salonu-ekipmanlari-misafir-guvenligini-tehdit-ediyor,BOD103,Green Bay Resort & Spa Bodrum,Güvercinlik,False,2026-08-01 06:43:00,4.5,6843,STAFF_SERVICE,True,personel|çalışan|görevli|hizmet|servis
green-bay-resort-bodrumda-bozuk-spor-salonu-ekipmanlari-misafir-guvenligini-tehdit-ediyor,BOD103,Green Bay Resort & Spa Bodrum,Güvercinlik,False,2026-08-01 06:43:00,4.5,6843,CLEANLINESS_HYGIENE,True,hijyen
green-bay-resort-bodrumda-bozuk-spor-salonu-ekipmanlari-misafir-guvenligini-tehdit-ediyor,BOD103,Green Bay Resort & Spa Bodrum,Güvercinlik,False,2026-08-01 06:43:00,4.5,6843,FOOD_BEVERAGE,True,restoran|yemek|büfe
green-bay-resort-bodrumda-bozuk-spor-salonu-ekipmanlari-misafir-guvenligini-tehdit-ediyor,BOD103,Green Bay Resort & Spa Bodrum,Güvercinlik,False,2026-08-01 06:43:00,4.5,6843,ROOM,True,oda
green-bay-resort-bodrumda-bozuk-spor-salonu-ekipmanlari-misafir-guvenligini-tehdit-ediyor,BOD103,Green Bay Resort & Spa Bodrum,Güvercinlik,False,2026-08-01 06:43:00,4.5,6843,BEACH_SEA,False,
green-bay-resort-bodrumda-bozuk-spor-salonu-ekipmanlari-misafir-guvenligini-tehdit-ediyor,BOD103,Green Bay Resort & Spa Bodrum,Güvercinlik,False,2026-08-01 06:43:00,4.5,6843,POOL,False,
green-bay-resort-bodrumda-bozuk-spor-salonu-ekipmanlari-misafir-guvenligini-tehdit-ediyor,BOD103,Green Bay Resort & Spa Bodrum,Güvercinlik,False,2026-08-01 06:43:00,4.5,6843,FACILITIES_MAINTENANCE,True,spor salonu|bakım|bozuk
green-bay-resort-bodrumda-bozuk-spor-salonu-ekipmanlari-misafir-guvenligini-tehdit-ediyor,BOD103,Green Bay Resort & Spa Bodrum,Güvercinlik,False,2026-08-01 06:43:00,4.5,6843,RESERVATION,False,
green-bay-resort-bodrumda-bozuk-spor-salonu-ekipmanlari-misafir-guvenligini-tehdit-ediyor,BOD103,Green Bay Resort & Spa Bodrum,Güvercinlik,False,2026-08-01 06:43:00,4.5,6843,PAYMENT_REFUND,False,
green-bay-resort-bodrumda-bozuk-spor-salonu-ekipmanlari-misafir-guvenligini-tehdit-ediyor,BOD103,Green Bay Resort & Spa Bodrum,Güvercinlik,False,2026-08-01 06:43:00,4.5,6843,PRICE_VALUE,True,ücret
green-bay-resort-bodrumda-bozuk-spor-salonu-ekipmanlari-misafir-guvenligini-tehdit-ediyor,BOD103,Green Bay Resort & Spa Bodrum,Güvercinlik,False,2026-08-01 06:43:00,4.5,6843,CHECKIN_CHECKOUT,False,
green-bay-resort-bodrumda-bozuk-spor-salonu-ekipmanlari-misafir-guvenligini-tehdit-ediyor,BOD103,Green Bay Resort & Spa Bodrum,Güvercinlik,False,2026-08-01 06:43:00,4.5,6843,AIR_CONDITIONING,False,
green-bay-resort-bodrumda-bozuk-spor-salonu-ekipmanlari-misafir-guvenligini-tehdit-ediyor,BOD103,Green Bay Resort & Spa Bodrum,Güvercinlik,False,2026-08-01 06:43:00,4.5,6843,NOISE,False,
green-bay-resort-bodrumda-bozuk-spor-salonu-ekipmanlari-misafir-guvenligini-tehdit-ediyor,BOD103,Green Bay Resort & Spa Bodrum,Güvercinlik,False,2026-08-01 06:43:00,4.5,6843,FAMILY_CHILDREN,True,aile
green-bay-resort-bodrumda-bozuk-spor-salonu-ekipmanlari-misafir-guvenligini-tehdit-ediyor,BOD103,Green Bay Resort & Spa Bodrum,Güvercinlik,False,2026-08-01 06:43:00,4.5,6843,TRANSPORT_TRANSFER,False,
green-bay-resort-bodrumda-bozuk-spor-salonu-ekipmanlari-misafir-guvenligini-tehdit-ediyor,BOD103,Green Bay Resort & Spa Bodrum,Güvercinlik,False,2026-08-01 06:43:00,4.5,6843,MANAGEMENT_COMMUNICATION,False,
green-bay-resort-bodrumda-bozuk-spor-salonu-ekipmanlari-misafir-guvenligini-tehdit-ediyor,BOD103,Green Bay Resort & Spa Bodrum,Güvercinlik,False,2026-08-01 06:43:00,4.5,6843,SPA_WELLNESS,False,
green-bay-resort-bodrumda-bozuk-spor-salonu-ekipmanlari-misafir-guvenligini-tehdit-ediyor,BOD103,Green Bay Resort & Spa Bodrum,Güvercinlik,False,2026-08-01 06:43:00,4.5,6843,SAFETY_SECURITY,True,güvenlik|güvenli|kaza
yetersiz-sezlong-kalitesiz-yemek-ve-aldirmadigi-promosyonlar-nedeniyle-hayal-kirikligi,BOD103,Green Bay Resort & Spa Bodrum,Güvercinlik,False,2026-07-22 14:07:00,4.5,6843,STAFF_SERVICE,True,çalışan
yetersiz-sezlong-kalitesiz-yemek-ve-aldirmadigi-promosyonlar-nedeniyle-hayal-kirikligi,BOD103,Green Bay Resort & Spa Bodrum,Güvercinlik,False,2026-07-22 14:07:00,4.5,6843,CLEANLINESS_HYGIENE,True,havlu
yetersiz-sezlong-kalitesiz-yemek-ve-aldirmadigi-promosyonlar-nedeniyle-hayal-kirikligi,BOD103,Green Bay Resort & Spa Bodrum,Güvercinlik,False,2026-07-22 14:07:00,4.5,6843,FOOD_BEVERAGE,True,restoran|lezzet|yemek
yetersiz-sezlong-kalitesiz-yemek-ve-aldirmadigi-promosyonlar-nedeniyle-hayal-kirikligi,BOD103,Green Bay Resort & Spa Bodrum,Güvercinlik,False,2026-07-22 14:07:00,4.5,6843,ROOM,True,oda
yetersiz-sezlong-kalitesiz-yemek-ve-aldirmadigi-promosyonlar-nedeniyle-hayal-kirikligi,BOD103,Green Bay Resort & Spa Bodrum,Güvercinlik,False,2026-07-22 14:07:00,4.5,6843,BEACH_SEA,True,şezlong|plaj
yetersiz-sezlong-kalitesiz-yemek-ve-aldirmadigi-promosyonlar-nedeniyle-hayal-kirikligi,BOD103,Green Bay Resort & Spa Bodrum,Güvercinlik,False,2026-07-22 14:07:00,4.5,6843,POOL,True,havuz
yetersiz-sezlong-kalitesiz-yemek-ve-aldirmadigi-promosyonlar-nedeniyle-hayal-kirikligi,BOD103,Green Bay Resort & Spa Bodrum,Güvercinlik,False,2026-07-22 14:07:00,4.5,6843,FACILITIES_MAINTENANCE,True,bakım|kırık
yetersiz-sezlong-kalitesiz-yemek-ve-aldirmadigi-promosyonlar-nedeniyle-hayal-kirikligi,BOD103,Green Bay Resort & Spa Bodrum,Güvercinlik,False,2026-07-22 14:07:00,4.5,6843,RESERVATION,True,rezervasyon
yetersiz-sezlong-kalitesiz-yemek-ve-aldirmadigi-promosyonlar-nedeniyle-hayal-kirikligi,BOD103,Green Bay Resort & Spa Bodrum,Güvercinlik,False,2026-07-22 14:07:00,4.5,6843,PAYMENT_REFUND,False,
yetersiz-sezlong-kalitesiz-yemek-ve-aldirmadigi-promosyonlar-nedeniyle-hayal-kirikligi,BOD103,Green Bay Resort & Spa Bodrum,Güvercinlik,False,2026-07-22 14:07:00,4.5,6843,PRICE_VALUE,True,ödediğimiz|ücret
yetersiz-sezlong-kalitesiz-yemek-ve-aldirmadigi-promosyonlar-nedeniyle-hayal-kirikligi,BOD103,Green Bay Resort & Spa Bodrum,Güvercinlik,False,2026-07-22 14:07:00,4.5,6843,CHECKIN_CHECKOUT,False,
yetersiz-sezlong-kalitesiz-yemek-ve-aldirmadigi-promosyonlar-nedeniyle-hayal-kirikligi,BOD103,Green Bay Resort & Spa Bodrum,Güvercinlik,False,2026-07-22 14:07:00,4.5,6843,AIR_CONDITIONING,False,
yetersiz-sezlong-kalitesiz-yemek-ve-aldirmadigi-promosyonlar-nedeniyle-hayal-kirikligi,BOD103,Green Bay Resort & Spa Bodrum,Güvercinlik,False,2026-07-22 14:07:00,4.5,6843,NOISE,False,
yetersiz-sezlong-kalitesiz-yemek-ve-aldirmadigi-promosyonlar-nedeniyle-hayal-kirikligi,BOD103,Green Bay Resort & Spa Bodrum,Güvercinlik,False,2026-07-22 14:07:00,4.5,6843,FAMILY_CHILDREN,False,
yetersiz-sezlong-kalitesiz-yemek-ve-aldirmadigi-promosyonlar-nedeniyle-hayal-kirikligi,BOD103,Green Bay Resort & Spa Bodrum,Güvercinlik,False,2026-07-22 14:07:00,4.5,6843,TRANSPORT_TRANSFER,False,
yetersiz-sezlong-kalitesiz-yemek-ve-aldirmadigi-promosyonlar-nedeniyle-hayal-kirikligi,BOD103,Green Bay Resort & Spa Bodrum,Güvercinlik,False,2026-07-22 14:07:00,4.5,6843,MANAGEMENT_COMMUNICATION,True,yönetim
yetersiz-sezlong-kalitesiz-yemek-ve-aldirmadigi-promosyonlar-nedeniyle-hayal-kirikligi,BOD103,Green Bay Resort & Spa Bodrum,Güvercinlik,False,2026-07-22 14:07:00,4.5,6843,SPA_WELLNESS,False,
yetersiz-sezlong-kalitesiz-yemek-ve-aldirmadigi-promosyonlar-nedeniyle-hayal-kirikligi,BOD103,Green Bay Resort & Spa Bodrum,Güvercinlik,False,2026-07-22 14:07:00,4.5,6843,SAFETY_SECURITY,False,
cocugumun-salmonella-hastaligina-neden-olan-hijyen-eksikligi-ve-otel-yonetiminin-ilgisizligi,BOD103,Green Bay Resort & Spa Bodrum,Güvercinlik,False,2026-07-07 11:53:00,4.5,6843,STAFF_SERVICE,False,
cocugumun-salmonella-hastaligina-neden-olan-hijyen-eksikligi-ve-otel-yonetiminin-ilgisizligi,BOD103,Green Bay Resort & Spa Bodrum,Güvercinlik,False,2026-07-07 11:53:00,4.5,6843,CLEANLINESS_HYGIENE,True,temizlik|hijyen|temiz|koku
cocugumun-salmonella-hastaligina-neden-olan-hijyen-eksikligi-ve-otel-yonetiminin-ilgisizligi,BOD103,Green Bay Resort & Spa Bodrum,Güvercinlik,False,2026-07-07 11:53:00,4.5,6843,FOOD_BEVERAGE,True,yemek
cocugumun-salmonella-hastaligina-neden-olan-hijyen-eksikligi-ve-otel-yonetiminin-ilgisizligi,BOD103,Green Bay Resort & Spa Bodrum,Güvercinlik,False,2026-07-07 11:53:00,4.5,6843,ROOM,False,
cocugumun-salmonella-hastaligina-neden-olan-hijyen-eksikligi-ve-otel-yonetiminin-ilgisizligi,BOD103,Green Bay Resort & Spa Bodrum,Güvercinlik,False,2026-07-07 11:53:00,4.5,6843,BEACH_SEA,False,
cocugumun-salmonella-hastaligina-neden-olan-hijyen-eksikligi-ve-otel-yonetiminin-ilgisizligi,BOD103,Green Bay Resort & Spa Bodrum,Güvercinlik,False,2026-07-07 11:53:00,4.5,6843,POOL,True,havuz
cocugumun-salmonella-hastaligina-neden-olan-hijyen-eksikligi-ve-otel-yonetiminin-ilgisizligi,BOD103,Green Bay Resort & Spa Bodrum,Güvercinlik,False,2026-07-07 11:53:00,4.5,6843,FACILITIES_MAINTENANCE,False,
cocugumun-salmonella-hastaligina-neden-olan-hijyen-eksikligi-ve-otel-yonetiminin-ilgisizligi,BOD103,Green Bay Resort & Spa Bodrum,Güvercinlik,False,2026-07-07 11:53:00,4.5,6843,RESERVATION,True,rezervasyon
cocugumun-salmonella-hastaligina-neden-olan-hijyen-eksikligi-ve-otel-yonetiminin-ilgisizligi,BOD103,Green Bay Resort & Spa Bodrum,Güvercinlik,False,2026-07-07 11:53:00,4.5,6843,PAYMENT_REFUND,False,
cocugumun-salmonella-hastaligina-neden-olan-hijyen-eksikligi-ve-otel-yonetiminin-ilgisizligi,BOD103,Green Bay Resort & Spa Bodrum,Güvercinlik,False,2026-07-07 11:53:00,4.5,6843,PRICE_VALUE,False,
cocugumun-salmonella-hastaligina-neden-olan-hijyen-eksikligi-ve-otel-yonetiminin-ilgisizligi,BOD103,Green Bay Resort & Spa Bodrum,Güvercinlik,False,2026-07-07 11:53:00,4.5,6843,CHECKIN_CHECKOUT,False,
cocugumun-salmonella-hastaligina-neden-olan-hijyen-eksikligi-ve-otel-yonetiminin-ilgisizligi,BOD103,Green Bay Resort & Spa Bodrum,Güvercinlik,False,2026-07-07 11:53:00,4.5,6843,AIR_CONDITIONING,False,
cocugumun-salmonella-hastaligina-neden-olan-hijyen-eksikligi-ve-otel-yonetiminin-ilgisizligi,BOD103,Green Bay Resort & Spa Bodrum,Güvercinlik,False,2026-07-07 11:53:00,4.5,6843,NOISE,False,
cocugumun-salmonella-hastaligina-neden-olan-hijyen-eksikligi-ve-otel-yonetiminin-ilgisizligi,BOD103,Green Bay Resort & Spa Bodrum,Güvercinlik,False,2026-07-07 11:53:00,4.5,6843,FAMILY_CHILDREN,True,çocuğum|çocuk|aile
cocugumun-salmonella-hastaligina-neden-olan-hijyen-eksikligi-ve-otel-yonetiminin-ilgisizligi,BOD103,Green Bay Resort & Spa Bodrum,Güvercinlik,False,2026-07-07 11:53:00,4.5,6843,TRANSPORT_TRANSFER,False,
cocugumun-salmonella-hastaligina-neden-olan-hijyen-eksikligi-ve-otel-yonetiminin-ilgisizligi,BOD103,Green Bay Resort & Spa Bodrum,Güvercinlik,False,2026-07-07 11:53:00,4.5,6843,MANAGEMENT_COMMUNICATION,True,yönetim
cocugumun-salmonella-hastaligina-neden-olan-hijyen-eksikligi-ve-otel-yonetiminin-ilgisizligi,BOD103,Green Bay Resort & Spa Bodrum,Güvercinlik,False,2026-07-07 11:53:00,4.5,6843,SPA_WELLNESS,False,
cocugumun-salmonella-hastaligina-neden-olan-hijyen-eksikligi-ve-otel-yonetiminin-ilgisizligi,BOD103,Green Bay Resort & Spa Bodrum,Güvercinlik,False,2026-07-07 11:53:00,4.5,6843,SAFETY_SECURITY,True,hastane|sağlık
green-bay-resortta-engelli-odada-hijyen-ve-konfor-eksikligi,BOD103,Green Bay Resort & Spa Bodrum,Güvercinlik,False,2026-06-22 19:51:00,4.5,6843,STAFF_SERVICE,False,
green-bay-resortta-engelli-odada-hijyen-ve-konfor-eksikligi,BOD103,Green Bay Resort & Spa Bodrum,Güvercinlik,False,2026-06-22 19:51:00,4.5,6843,CLEANLINESS_HYGIENE,True,hijyen
green-bay-resortta-engelli-odada-hijyen-ve-konfor-eksikligi,BOD103,Green Bay Resort & Spa Bodrum,Güvercinlik,False,2026-06-22 19:51:00,4.5,6843,FOOD_BEVERAGE,False,
green-bay-resortta-engelli-odada-hijyen-ve-konfor-eksikligi,BOD103,Green Bay Resort & Spa Bodrum,Güvercinlik,False,2026-06-22 19:51:00,4.5,6843,ROOM,True,banyo|oda|duş
green-bay-resortta-engelli-odada-hijyen-ve-konfor-eksikligi,BOD103,Green Bay Resort & Spa Bodrum,Güvercinlik,False,2026-06-22 19:51:00,4.5,6843,BEACH_SEA,False,
green-bay-resortta-engelli-odada-hijyen-ve-konfor-eksikligi,BOD103,Green Bay Resort & Spa Bodrum,Güvercinlik,False,2026-06-22 19:51:00,4.5,6843,POOL,False,
green-bay-resortta-engelli-odada-hijyen-ve-konfor-eksikligi,BOD103,Green Bay Resort & Spa Bodrum,Güvercinlik,False,2026-06-22 19:51:00,4.5,6843,FACILITIES_MAINTENANCE,True,bakımsız|bakım
green-bay-resortta-engelli-odada-hijyen-ve-konfor-eksikligi,BOD103,Green Bay Resort & Spa Bodrum,Güvercinlik,False,2026-06-22 19:51:00,4.5,6843,RESERVATION,False,
green-bay-resortta-engelli-odada-hijyen-ve-konfor-eksikligi,BOD103,Green Bay Resort & Spa Bodrum,Güvercinlik,False,2026-06-22 19:51:00,4.5,6843,PAYMENT_REFUND,False,
green-bay-resortta-engelli-odada-hijyen-ve-konfor-eksikligi,BOD103,Green Bay Resort & Spa Bodrum,Güvercinlik,False,2026-06-22 19:51:00,4.5,6843,PRICE_VALUE,False,
green-bay-resortta-engelli-odada-hijyen-ve-konfor-eksikligi,BOD103,Green Bay Resort & Spa Bodrum,Güvercinlik,False,2026-06-22 19:51:00,4.5,6843,CHECKIN_CHECKOUT,False,
green-bay-resortta-engelli-odada-hijyen-ve-konfor-eksikligi,BOD103,Green Bay Resort & Spa Bodrum,Güvercinlik,False,2026-06-22 19:51:00,4.5,6843,AIR_CONDITIONING,False,
green-bay-resortta-engelli-odada-hijyen-ve-konfor-eksikligi,BOD103,Green Bay Resort & Spa Bodrum,Güvercinlik,False,2026-06-22 19:51:00,4.5,6843,NOISE,False,
green-bay-resortta-engelli-odada-hijyen-ve-konfor-eksikligi,BOD103,Green Bay Resort & Spa Bodrum,Güvercinlik,False,2026-06-22 19:51:00,4.5,6843,FAMILY_CHILDREN,False,
green-bay-resortta-engelli-odada-hijyen-ve-konfor-eksikligi,BOD103,Green Bay Resort & Spa Bodrum,Güvercinlik,False,2026-06-22 19:51:00,4.5,6843,TRANSPORT_TRANSFER,False,
green-bay-resortta-engelli-odada-hijyen-ve-konfor-eksikligi,BOD103,Green Bay Resort & Spa Bodrum,Güvercinlik,False,2026-06-22 19:51:00,4.5,6843,MANAGEMENT_COMMUNICATION,False,
green-bay-resortta-engelli-odada-hijyen-ve-konfor-eksikligi,BOD103,Green Bay Resort & Spa Bodrum,Güvercinlik,False,2026-06-22 19:51:00,4.5,6843,SPA_WELLNESS,False,
green-bay-resortta-engelli-odada-hijyen-ve-konfor-eksikligi,BOD103,Green Bay Resort & Spa Bodrum,Güvercinlik,False,2026-06-22 19:51:00,4.5,6843,SAFETY_SECURITY,False,
green-bay-resort-spa-hem-hizmetten-hem-de-genel-ortamdan-ciddi-anlamda-memnun-kalmadik,BOD103,Green Bay Resort & Spa Bodrum,Güvercinlik,False,2026-06-02 14:31:00,4.5,6843,STAFF_SERVICE,True,personel|ilgisiz|hizmet|kaba
green-bay-resort-spa-hem-hizmetten-hem-de-genel-ortamdan-ciddi-anlamda-memnun-kalmadik,BOD103,Green Bay Resort & Spa Bodrum,Güvercinlik,False,2026-06-02 14:31:00,4.5,6843,CLEANLINESS_HYGIENE,True,hijyen
green-bay-resort-spa-hem-hizmetten-hem-de-genel-ortamdan-ciddi-anlamda-memnun-kalmadik,BOD103,Green Bay Resort & Spa Bodrum,Güvercinlik,False,2026-06-02 14:31:00,4.5,6843,FOOD_BEVERAGE,True,lezzet|yemek
green-bay-resort-spa-hem-hizmetten-hem-de-genel-ortamdan-ciddi-anlamda-memnun-kalmadik,BOD103,Green Bay Resort & Spa Bodrum,Güvercinlik,False,2026-06-02 14:31:00,4.5,6843,ROOM,False,
green-bay-resort-spa-hem-hizmetten-hem-de-genel-ortamdan-ciddi-anlamda-memnun-kalmadik,BOD103,Green Bay Resort & Spa Bodrum,Güvercinlik,False,2026-06-02 14:31:00,4.5,6843,BEACH_SEA,False,
green-bay-resort-spa-hem-hizmetten-hem-de-genel-ortamdan-ciddi-anlamda-memnun-kalmadik,BOD103,Green Bay Resort & Spa Bodrum,Güvercinlik,False,2026-06-02 14:31:00,4.5,6843,POOL,False,
green-bay-resort-spa-hem-hizmetten-hem-de-genel-ortamdan-ciddi-anlamda-memnun-kalmadik,BOD103,Green Bay Resort & Spa Bodrum,Güvercinlik,False,2026-06-02 14:31:00,4.5,6843,FACILITIES_MAINTENANCE,True,kırık
green-bay-resort-spa-hem-hizmetten-hem-de-genel-ortamdan-ciddi-anlamda-memnun-kalmadik,BOD103,Green Bay Resort & Spa Bodrum,Güvercinlik,False,2026-06-02 14:31:00,4.5,6843,RESERVATION,False,
green-bay-resort-spa-hem-hizmetten-hem-de-genel-ortamdan-ciddi-anlamda-memnun-kalmadik,BOD103,Green Bay Resort & Spa Bodrum,Güvercinlik,False,2026-06-02 14:31:00,4.5,6843,PAYMENT_REFUND,True,ödeme|iade
green-bay-resort-spa-hem-hizmetten-hem-de-genel-ortamdan-ciddi-anlamda-memnun-kalmadik,BOD103,Green Bay Resort & Spa Bodrum,Güvercinlik,False,2026-06-02 14:31:00,4.5,6843,PRICE_VALUE,True,karşılığını|ödediğimiz|ücret
green-bay-resort-spa-hem-hizmetten-hem-de-genel-ortamdan-ciddi-anlamda-memnun-kalmadik,BOD103,Green Bay Resort & Spa Bodrum,Güvercinlik,False,2026-06-02 14:31:00,4.5,6843,CHECKIN_CHECKOUT,False,
green-bay-resort-spa-hem-hizmetten-hem-de-genel-ortamdan-ciddi-anlamda-memnun-kalmadik,BOD103,Green Bay Resort & Spa Bodrum,Güvercinlik,False,2026-06-02 14:31:00,4.5,6843,AIR_CONDITIONING,False,
green-bay-resort-spa-hem-hizmetten-hem-de-genel-ortamdan-ciddi-anlamda-memnun-kalmadik,BOD103,Green Bay Resort & Spa Bodrum,Güvercinlik,False,2026-06-02 14:31:00,4.5,6843,NOISE,False,
green-bay-resort-spa-hem-hizmetten-hem-de-genel-ortamdan-ciddi-anlamda-memnun-kalmadik,BOD103,Green Bay Resort & Spa Bodrum,Güvercinlik,False,2026-06-02 14:31:00,4.5,6843,FAMILY_CHILDREN,False,
green-bay-resort-spa-hem-hizmetten-hem-de-genel-ortamdan-ciddi-anlamda-memnun-kalmadik,BOD103,Green Bay Resort & Spa Bodrum,Güvercinlik,False,2026-06-02 14:31:00,4.5,6843,TRANSPORT_TRANSFER,False,
green-bay-resort-spa-hem-hizmetten-hem-de-genel-ortamdan-ciddi-anlamda-memnun-kalmadik,BOD103,Green Bay Resort & Spa Bodrum,Güvercinlik,False,2026-06-02 14:31:00,4.5,6843,MANAGEMENT_COMMUNICATION,True,yetkili
green-bay-resort-spa-hem-hizmetten-hem-de-genel-ortamdan-ciddi-anlamda-memnun-kalmadik,BOD103,Green Bay Resort & Spa Bodrum,Güvercinlik,False,2026-06-02 14:31:00,4.5,6843,SPA_WELLNESS,False,
green-bay-resort-spa-hem-hizmetten-hem-de-genel-ortamdan-ciddi-anlamda-memnun-kalmadik,BOD103,Green Bay Resort & Spa Bodrum,Güvercinlik,False,2026-06-02 14:31:00,4.5,6843,SAFETY_SECURITY,False,
otel-fiyat-farki-ve-bebek-ucretine-itiraz-ve-iade-talebi,BOD103,Green Bay Resort & Spa Bodrum,Güvercinlik,False,2026-03-28 21:39:00,4.5,6843,STAFF_SERVICE,True,hizmet
otel-fiyat-farki-ve-bebek-ucretine-itiraz-ve-iade-talebi,BOD103,Green Bay Resort & Spa Bodrum,Güvercinlik,False,2026-03-28 21:39:00,4.5,6843,CLEANLINESS_HYGIENE,False,
otel-fiyat-farki-ve-bebek-ucretine-itiraz-ve-iade-talebi,BOD103,Green Bay Resort & Spa Bodrum,Güvercinlik,False,2026-03-28 21:39:00,4.5,6843,FOOD_BEVERAGE,True,alkol
otel-fiyat-farki-ve-bebek-ucretine-itiraz-ve-iade-talebi,BOD103,Green Bay Resort & Spa Bodrum,Güvercinlik,False,2026-03-28 21:39:00,4.5,6843,ROOM,True,oda
otel-fiyat-farki-ve-bebek-ucretine-itiraz-ve-iade-talebi,BOD103,Green Bay Resort & Spa Bodrum,Güvercinlik,False,2026-03-28 21:39:00,4.5,6843,BEACH_SEA,False,
otel-fiyat-farki-ve-bebek-ucretine-itiraz-ve-iade-talebi,BOD103,Green Bay Resort & Spa Bodrum,Güvercinlik,False,2026-03-28 21:39:00,4.5,6843,POOL,False,
otel-fiyat-farki-ve-bebek-ucretine-itiraz-ve-iade-talebi,BOD103,Green Bay Resort & Spa Bodrum,Güvercinlik,False,2026-03-28 21:39:00,4.5,6843,FACILITIES_MAINTENANCE,False,
otel-fiyat-farki-ve-bebek-ucretine-itiraz-ve-iade-talebi,BOD103,Green Bay Resort & Spa Bodrum,Güvercinlik,False,2026-03-28 21:39:00,4.5,6843,RESERVATION,True,rezervasyon|acente|iptal
otel-fiyat-farki-ve-bebek-ucretine-itiraz-ve-iade-talebi,BOD103,Green Bay Resort & Spa Bodrum,Güvercinlik,False,2026-03-28 21:39:00,4.5,6843,PAYMENT_REFUND,True,ücret iadesi|ödeme|tutar|iade
otel-fiyat-farki-ve-bebek-ucretine-itiraz-ve-iade-talebi,BOD103,Green Bay Resort & Spa Bodrum,Güvercinlik,False,2026-03-28 21:39:00,4.5,6843,PRICE_VALUE,True,ekstra ücret|ödediğimiz|fiyat|ücret
otel-fiyat-farki-ve-bebek-ucretine-itiraz-ve-iade-talebi,BOD103,Green Bay Resort & Spa Bodrum,Güvercinlik,False,2026-03-28 21:39:00,4.5,6843,CHECKIN_CHECKOUT,False,
otel-fiyat-farki-ve-bebek-ucretine-itiraz-ve-iade-talebi,BOD103,Green Bay Resort & Spa Bodrum,Güvercinlik,False,2026-03-28 21:39:00,4.5,6843,AIR_CONDITIONING,False,
otel-fiyat-farki-ve-bebek-ucretine-itiraz-ve-iade-talebi,BOD103,Green Bay Resort & Spa Bodrum,Güvercinlik,False,2026-03-28 21:39:00,4.5,6843,NOISE,False,
otel-fiyat-farki-ve-bebek-ucretine-itiraz-ve-iade-talebi,BOD103,Green Bay Resort & Spa Bodrum,Güvercinlik,False,2026-03-28 21:39:00,4.5,6843,FAMILY_CHILDREN,True,bebek|aile
otel-fiyat-farki-ve-bebek-ucretine-itiraz-ve-iade-talebi,BOD103,Green Bay Resort & Spa Bodrum,Güvercinlik,False,2026-03-28 21:39:00,4.5,6843,TRANSPORT_TRANSFER,False,
otel-fiyat-farki-ve-bebek-ucretine-itiraz-ve-iade-talebi,BOD103,Green Bay Resort & Spa Bodrum,Güvercinlik,False,2026-03-28 21:39:00,4.5,6843,MANAGEMENT_COMMUNICATION,True,telefon
otel-fiyat-farki-ve-bebek-ucretine-itiraz-ve-iade-talebi,BOD103,Green Bay Resort & Spa Bodrum,Güvercinlik,False,2026-03-28 21:39:00,4.5,6843,SPA_WELLNESS,False,
otel-fiyat-farki-ve-bebek-ucretine-itiraz-ve-iade-talebi,BOD103,Green Bay Resort & Spa Bodrum,Güvercinlik,False,2026-03-28 21:39:00,4.5,6843,SAFETY_SECURITY,False,
hayal-kirikligi-ve-bosa-harcanan-tatil-parasi,BOD103,Green Bay Resort & Spa Bodrum,Güvercinlik,False,2025-09-18 07:21:00,4.5,6843,STAFF_SERVICE,True,personel|hizmet
hayal-kirikligi-ve-bosa-harcanan-tatil-parasi,BOD103,Green Bay Resort & Spa Bodrum,Güvercinlik,False,2025-09-18 07:21:00,4.5,6843,CLEANLINESS_HYGIENE,True,temizlik|temiz|koku
hayal-kirikligi-ve-bosa-harcanan-tatil-parasi,BOD103,Green Bay Resort & Spa Bodrum,Güvercinlik,False,2025-09-18 07:21:00,4.5,6843,FOOD_BEVERAGE,True,her şey dahil|restoran|yemek
hayal-kirikligi-ve-bosa-harcanan-tatil-parasi,BOD103,Green Bay Resort & Spa Bodrum,Güvercinlik,False,2025-09-18 07:21:00,4.5,6843,ROOM,False,
hayal-kirikligi-ve-bosa-harcanan-tatil-parasi,BOD103,Green Bay Resort & Spa Bodrum,Güvercinlik,False,2025-09-18 07:21:00,4.5,6843,BEACH_SEA,True,deniz
hayal-kirikligi-ve-bosa-harcanan-tatil-parasi,BOD103,Green Bay Resort & Spa Bodrum,Güvercinlik,False,2025-09-18 07:21:00,4.5,6843,POOL,False,
hayal-kirikligi-ve-bosa-harcanan-tatil-parasi,BOD103,Green Bay Resort & Spa Bodrum,Güvercinlik,False,2025-09-18 07:21:00,4.5,6843,FACILITIES_MAINTENANCE,True,bozuk
hayal-kirikligi-ve-bosa-harcanan-tatil-parasi,BOD103,Green Bay Resort & Spa Bodrum,Güvercinlik,False,2025-09-18 07:21:00,4.5,6843,RESERVATION,False,
hayal-kirikligi-ve-bosa-harcanan-tatil-parasi,BOD103,Green Bay Resort & Spa Bodrum,Güvercinlik,False,2025-09-18 07:21:00,4.5,6843,PAYMENT_REFUND,True,para
hayal-kirikligi-ve-bosa-harcanan-tatil-parasi,BOD103,Green Bay Resort & Spa Bodrum,Güvercinlik,False,2025-09-18 07:21:00,4.5,6843,PRICE_VALUE,True,karşılığını|ödediğimiz
hayal-kirikligi-ve-bosa-harcanan-tatil-parasi,BOD103,Green Bay Resort & Spa Bodrum,Güvercinlik,False,2025-09-18 07:21:00,4.5,6843,CHECKIN_CHECKOUT,False,
hayal-kirikligi-ve-bosa-harcanan-tatil-parasi,BOD103,Green Bay Resort & Spa Bodrum,Güvercinlik,False,2025-09-18 07:21:00,4.5,6843,AIR_CONDITIONING,False,
hayal-kirikligi-ve-bosa-harcanan-tatil-parasi,BOD103,Green Bay Resort & Spa Bodrum,Güvercinlik,False,2025-09-18 07:21:00,4.5,6843,NOISE,False,
hayal-kirikligi-ve-bosa-harcanan-tatil-parasi,BOD103,Green Bay Resort & Spa Bodrum,Güvercinlik,False,2025-09-18 07:21:00,4.5,6843,FAMILY_CHILDREN,False,
hayal-kirikligi-ve-bosa-harcanan-tatil-parasi,BOD103,Green Bay Resort & Spa Bodrum,Güvercinlik,False,2025-09-18 07:21:00,4.5,6843,TRANSPORT_TRANSFER,False,
hayal-kirikligi-ve-bosa-harcanan-tatil-parasi,BOD103,Green Bay Resort & Spa Bodrum,Güvercinlik,False,2025-09-18 07:21:00,4.5,6843,MANAGEMENT_COMMUNICATION,False,
hayal-kirikligi-ve-bosa-harcanan-tatil-parasi,BOD103,Green Bay Resort & Spa Bodrum,Güvercinlik,False,2025-09-18 07:21:00,4.5,6843,SPA_WELLNESS,False,
hayal-kirikligi-ve-bosa-harcanan-tatil-parasi,BOD103,Green Bay Resort & Spa Bodrum,Güvercinlik,False,2025-09-18 07:21:00,4.5,6843,SAFETY_SECURITY,False,
ultra-her-sey-dahil-pakette-vaat-edilen-hizmetler-sunulmadi-calisanlar-ilgisizdi,BOD103,Green Bay Resort & Spa Bodrum,Güvercinlik,False,2025-09-04 21:16:00,4.5,6843,STAFF_SERVICE,True,çalışan|ilgisiz|garson|hizmet
ultra-her-sey-dahil-pakette-vaat-edilen-hizmetler-sunulmadi-calisanlar-ilgisizdi,BOD103,Green Bay Resort & Spa Bodrum,Güvercinlik,False,2025-09-04 21:16:00,4.5,6843,CLEANLINESS_HYGIENE,False,
ultra-her-sey-dahil-pakette-vaat-edilen-hizmetler-sunulmadi-calisanlar-ilgisizdi,BOD103,Green Bay Resort & Spa Bodrum,Güvercinlik,False,2025-09-04 21:16:00,4.5,6843,FOOD_BEVERAGE,True,her şey dahil|restoran|içecek|yemek
ultra-her-sey-dahil-pakette-vaat-edilen-hizmetler-sunulmadi-calisanlar-ilgisizdi,BOD103,Green Bay Resort & Spa Bodrum,Güvercinlik,False,2025-09-04 21:16:00,4.5,6843,ROOM,False,
ultra-her-sey-dahil-pakette-vaat-edilen-hizmetler-sunulmadi-calisanlar-ilgisizdi,BOD103,Green Bay Resort & Spa Bodrum,Güvercinlik,False,2025-09-04 21:16:00,4.5,6843,BEACH_SEA,False,
ultra-her-sey-dahil-pakette-vaat-edilen-hizmetler-sunulmadi-calisanlar-ilgisizdi,BOD103,Green Bay Resort & Spa Bodrum,Güvercinlik,False,2025-09-04 21:16:00,4.5,6843,POOL,False,
ultra-her-sey-dahil-pakette-vaat-edilen-hizmetler-sunulmadi-calisanlar-ilgisizdi,BOD103,Green Bay Resort & Spa Bodrum,Güvercinlik,False,2025-09-04 21:16:00,4.5,6843,FACILITIES_MAINTENANCE,False,
ultra-her-sey-dahil-pakette-vaat-edilen-hizmetler-sunulmadi-calisanlar-ilgisizdi,BOD103,Green Bay Resort & Spa Bodrum,Güvercinlik,False,2025-09-04 21:16:00,4.5,6843,RESERVATION,True,rezervasyon
ultra-her-sey-dahil-pakette-vaat-edilen-hizmetler-sunulmadi-calisanlar-ilgisizdi,BOD103,Green Bay Resort & Spa Bodrum,Güvercinlik,False,2025-09-04 21:16:00,4.5,6843,PAYMENT_REFUND,True,ödeme
ultra-her-sey-dahil-pakette-vaat-edilen-hizmetler-sunulmadi-calisanlar-ilgisizdi,BOD103,Green Bay Resort & Spa Bodrum,Güvercinlik,False,2025-09-04 21:16:00,4.5,6843,PRICE_VALUE,True,ücret
ultra-her-sey-dahil-pakette-vaat-edilen-hizmetler-sunulmadi-calisanlar-ilgisizdi,BOD103,Green Bay Resort & Spa Bodrum,Güvercinlik,False,2025-09-04 21:16:00,4.5,6843,CHECKIN_CHECKOUT,False,
ultra-her-sey-dahil-pakette-vaat-edilen-hizmetler-sunulmadi-calisanlar-ilgisizdi,BOD103,Green Bay Resort & Spa Bodrum,Güvercinlik,False,2025-09-04 21:16:00,4.5,6843,AIR_CONDITIONING,False,
ultra-her-sey-dahil-pakette-vaat-edilen-hizmetler-sunulmadi-calisanlar-ilgisizdi,BOD103,Green Bay Resort & Spa Bodrum,Güvercinlik,False,2025-09-04 21:16:00,4.5,6843,NOISE,False,
ultra-her-sey-dahil-pakette-vaat-edilen-hizmetler-sunulmadi-calisanlar-ilgisizdi,BOD103,Green Bay Resort & Spa Bodrum,Güvercinlik,False,2025-09-04 21:16:00,4.5,6843,FAMILY_CHILDREN,False,
ultra-her-sey-dahil-pakette-vaat-edilen-hizmetler-sunulmadi-calisanlar-ilgisizdi,BOD103,Green Bay Resort & Spa Bodrum,Güvercinlik,False,2025-09-04 21:16:00,4.5,6843,TRANSPORT_TRANSFER,False,
ultra-her-sey-dahil-pakette-vaat-edilen-hizmetler-sunulmadi-calisanlar-ilgisizdi,BOD103,Green Bay Resort & Spa Bodrum,Güvercinlik,False,2025-09-04 21:16:00,4.5,6843,MANAGEMENT_COMMUNICATION,True,yetkili|müdür
ultra-her-sey-dahil-pakette-vaat-edilen-hizmetler-sunulmadi-calisanlar-ilgisizdi,BOD103,Green Bay Resort & Spa Bodrum,Güvercinlik,False,2025-09-04 21:16:00,4.5,6843,SPA_WELLNESS,True,hamam|masaj|spa
ultra-her-sey-dahil-pakette-vaat-edilen-hizmetler-sunulmadi-calisanlar-ilgisizdi,BOD103,Green Bay Resort & Spa Bodrum,Güvercinlik,False,2025-09-04 21:16:00,4.5,6843,SAFETY_SECURITY,False,
green-bay-resort-spa-green-bay-otel-magdurlugu,BOD103,Green Bay Resort & Spa Bodrum,Güvercinlik,False,2024-09-09 00:57:00,4.5,6843,STAFF_SERVICE,True,hizmet|servis
green-bay-resort-spa-green-bay-otel-magdurlugu,BOD103,Green Bay Resort & Spa Bodrum,Güvercinlik,False,2024-09-09 00:57:00,4.5,6843,CLEANLINESS_HYGIENE,True,temiz|havlu|pis
green-bay-resort-spa-green-bay-otel-magdurlugu,BOD103,Green Bay Resort & Spa Bodrum,Güvercinlik,False,2024-09-09 00:57:00,4.5,6843,FOOD_BEVERAGE,True,restoran|içecek|mutfak|yemek|snack|bar
green-bay-resort-spa-green-bay-otel-magdurlugu,BOD103,Green Bay Resort & Spa Bodrum,Güvercinlik,False,2024-09-09 00:57:00,4.5,6843,ROOM,True,oda
green-bay-resort-spa-green-bay-otel-magdurlugu,BOD103,Green Bay Resort & Spa Bodrum,Güvercinlik,False,2024-09-09 00:57:00,4.5,6843,BEACH_SEA,True,deniz
green-bay-resort-spa-green-bay-otel-magdurlugu,BOD103,Green Bay Resort & Spa Bodrum,Güvercinlik,False,2024-09-09 00:57:00,4.5,6843,POOL,True,havuz
green-bay-resort-spa-green-bay-otel-magdurlugu,BOD103,Green Bay Resort & Spa Bodrum,Güvercinlik,False,2024-09-09 00:57:00,4.5,6843,FACILITIES_MAINTENANCE,True,eski
green-bay-resort-spa-green-bay-otel-magdurlugu,BOD103,Green Bay Resort & Spa Bodrum,Güvercinlik,False,2024-09-09 00:57:00,4.5,6843,RESERVATION,False,
green-bay-resort-spa-green-bay-otel-magdurlugu,BOD103,Green Bay Resort & Spa Bodrum,Güvercinlik,False,2024-09-09 00:57:00,4.5,6843,PAYMENT_REFUND,False,
green-bay-resort-spa-green-bay-otel-magdurlugu,BOD103,Green Bay Resort & Spa Bodrum,Güvercinlik,False,2024-09-09 00:57:00,4.5,6843,PRICE_VALUE,False,
green-bay-resort-spa-green-bay-otel-magdurlugu,BOD103,Green Bay Resort & Spa Bodrum,Güvercinlik,False,2024-09-09 00:57:00,4.5,6843,CHECKIN_CHECKOUT,False,
green-bay-resort-spa-green-bay-otel-magdurlugu,BOD103,Green Bay Resort & Spa Bodrum,Güvercinlik,False,2024-09-09 00:57:00,4.5,6843,AIR_CONDITIONING,False,
green-bay-resort-spa-green-bay-otel-magdurlugu,BOD103,Green Bay Resort & Spa Bodrum,Güvercinlik,False,2024-09-09 00:57:00,4.5,6843,NOISE,False,
green-bay-resort-spa-green-bay-otel-magdurlugu,BOD103,Green Bay Resort & Spa Bodrum,Güvercinlik,False,2024-09-09 00:57:00,4.5,6843,FAMILY_CHILDREN,True,çocuk
green-bay-resort-spa-green-bay-otel-magdurlugu,BOD103,Green Bay Resort & Spa Bodrum,Güvercinlik,False,2024-09-09 00:57:00,4.5,6843,TRANSPORT_TRANSFER,False,
green-bay-resort-spa-green-bay-otel-magdurlugu,BOD103,Green Bay Resort & Spa Bodrum,Güvercinlik,False,2024-09-09 00:57:00,4.5,6843,MANAGEMENT_COMMUNICATION,False,
green-bay-resort-spa-green-bay-otel-magdurlugu,BOD103,Green Bay Resort & Spa Bodrum,Güvercinlik,False,2024-09-09 00:57:00,4.5,6843,SPA_WELLNESS,False,
green-bay-resort-spa-green-bay-otel-magdurlugu,BOD103,Green Bay Resort & Spa Bodrum,Güvercinlik,False,2024-09-09 00:57:00,4.5,6843,SAFETY_SECURITY,False,
otel-yonetiminin-ayrimci-ve-uygunsuz-tutumu-aile-tatilimizi-mahvetti,BOD061,Gümbet Anıl Beach,Gümbet,False,,4.3,1489,STAFF_SERVICE,False,
otel-yonetiminin-ayrimci-ve-uygunsuz-tutumu-aile-tatilimizi-mahvetti,BOD061,Gümbet Anıl Beach,Gümbet,False,,4.3,1489,CLEANLINESS_HYGIENE,False,
otel-yonetiminin-ayrimci-ve-uygunsuz-tutumu-aile-tatilimizi-mahvetti,BOD061,Gümbet Anıl Beach,Gümbet,False,,4.3,1489,FOOD_BEVERAGE,True,alkol
otel-yonetiminin-ayrimci-ve-uygunsuz-tutumu-aile-tatilimizi-mahvetti,BOD061,Gümbet Anıl Beach,Gümbet,False,,4.3,1489,ROOM,True,tuvalet|oda
otel-yonetiminin-ayrimci-ve-uygunsuz-tutumu-aile-tatilimizi-mahvetti,BOD061,Gümbet Anıl Beach,Gümbet,False,,4.3,1489,BEACH_SEA,True,sahil
otel-yonetiminin-ayrimci-ve-uygunsuz-tutumu-aile-tatilimizi-mahvetti,BOD061,Gümbet Anıl Beach,Gümbet,False,,4.3,1489,POOL,False,
otel-yonetiminin-ayrimci-ve-uygunsuz-tutumu-aile-tatilimizi-mahvetti,BOD061,Gümbet Anıl Beach,Gümbet,False,,4.3,1489,FACILITIES_MAINTENANCE,False,
otel-yonetiminin-ayrimci-ve-uygunsuz-tutumu-aile-tatilimizi-mahvetti,BOD061,Gümbet Anıl Beach,Gümbet,False,,4.3,1489,RESERVATION,True,rezervasyon
otel-yonetiminin-ayrimci-ve-uygunsuz-tutumu-aile-tatilimizi-mahvetti,BOD061,Gümbet Anıl Beach,Gümbet,False,,4.3,1489,PAYMENT_REFUND,True,kredi kartı|fatura|ödeme
otel-yonetiminin-ayrimci-ve-uygunsuz-tutumu-aile-tatilimizi-mahvetti,BOD061,Gümbet Anıl Beach,Gümbet,False,,4.3,1489,PRICE_VALUE,False,
otel-yonetiminin-ayrimci-ve-uygunsuz-tutumu-aile-tatilimizi-mahvetti,BOD061,Gümbet Anıl Beach,Gümbet,False,,4.3,1489,CHECKIN_CHECKOUT,False,
otel-yonetiminin-ayrimci-ve-uygunsuz-tutumu-aile-tatilimizi-mahvetti,BOD061,Gümbet Anıl Beach,Gümbet,False,,4.3,1489,AIR_CONDITIONING,False,
otel-yonetiminin-ayrimci-ve-uygunsuz-tutumu-aile-tatilimizi-mahvetti,BOD061,Gümbet Anıl Beach,Gümbet,False,,4.3,1489,NOISE,False,
otel-yonetiminin-ayrimci-ve-uygunsuz-tutumu-aile-tatilimizi-mahvetti,BOD061,Gümbet Anıl Beach,Gümbet,False,,4.3,1489,FAMILY_CHILDREN,True,oğlum|aile
otel-yonetiminin-ayrimci-ve-uygunsuz-tutumu-aile-tatilimizi-mahvetti,BOD061,Gümbet Anıl Beach,Gümbet,False,,4.3,1489,TRANSPORT_TRANSFER,False,
otel-yonetiminin-ayrimci-ve-uygunsuz-tutumu-aile-tatilimizi-mahvetti,BOD061,Gümbet Anıl Beach,Gümbet,False,,4.3,1489,MANAGEMENT_COMMUNICATION,True,iletişim|yönetim|yetkili|telefon|müdür
otel-yonetiminin-ayrimci-ve-uygunsuz-tutumu-aile-tatilimizi-mahvetti,BOD061,Gümbet Anıl Beach,Gümbet,False,,4.3,1489,SPA_WELLNESS,False,
otel-yonetiminin-ayrimci-ve-uygunsuz-tutumu-aile-tatilimizi-mahvetti,BOD061,Gümbet Anıl Beach,Gümbet,False,,4.3,1489,SAFETY_SECURITY,False,
gumbet-anil-beach-tarafindan-magdur-edildim,BOD061,Gümbet Anıl Beach,Gümbet,False,2025-07-20 23:50:00,4.3,1489,STAFF_SERVICE,True,çalışan
gumbet-anil-beach-tarafindan-magdur-edildim,BOD061,Gümbet Anıl Beach,Gümbet,False,2025-07-20 23:50:00,4.3,1489,CLEANLINESS_HYGIENE,False,
gumbet-anil-beach-tarafindan-magdur-edildim,BOD061,Gümbet Anıl Beach,Gümbet,False,2025-07-20 23:50:00,4.3,1489,FOOD_BEVERAGE,True,yiyecek|yemek|tabak
gumbet-anil-beach-tarafindan-magdur-edildim,BOD061,Gümbet Anıl Beach,Gümbet,False,2025-07-20 23:50:00,4.3,1489,ROOM,True,anahtar|oda
gumbet-anil-beach-tarafindan-magdur-edildim,BOD061,Gümbet Anıl Beach,Gümbet,False,2025-07-20 23:50:00,4.3,1489,BEACH_SEA,True,plaj
gumbet-anil-beach-tarafindan-magdur-edildim,BOD061,Gümbet Anıl Beach,Gümbet,False,2025-07-20 23:50:00,4.3,1489,POOL,True,havuz
gumbet-anil-beach-tarafindan-magdur-edildim,BOD061,Gümbet Anıl Beach,Gümbet,False,2025-07-20 23:50:00,4.3,1489,FACILITIES_MAINTENANCE,False,
gumbet-anil-beach-tarafindan-magdur-edildim,BOD061,Gümbet Anıl Beach,Gümbet,False,2025-07-20 23:50:00,4.3,1489,RESERVATION,False,
gumbet-anil-beach-tarafindan-magdur-edildim,BOD061,Gümbet Anıl Beach,Gümbet,False,2025-07-20 23:50:00,4.3,1489,PAYMENT_REFUND,False,
gumbet-anil-beach-tarafindan-magdur-edildim,BOD061,Gümbet Anıl Beach,Gümbet,False,2025-07-20 23:50:00,4.3,1489,PRICE_VALUE,False,
gumbet-anil-beach-tarafindan-magdur-edildim,BOD061,Gümbet Anıl Beach,Gümbet,False,2025-07-20 23:50:00,4.3,1489,CHECKIN_CHECKOUT,False,
gumbet-anil-beach-tarafindan-magdur-edildim,BOD061,Gümbet Anıl Beach,Gümbet,False,2025-07-20 23:50:00,4.3,1489,AIR_CONDITIONING,False,
gumbet-anil-beach-tarafindan-magdur-edildim,BOD061,Gümbet Anıl Beach,Gümbet,False,2025-07-20 23:50:00,4.3,1489,NOISE,False,
gumbet-anil-beach-tarafindan-magdur-edildim,BOD061,Gümbet Anıl Beach,Gümbet,False,2025-07-20 23:50:00,4.3,1489,FAMILY_CHILDREN,True,çocuk|bebek|aile
gumbet-anil-beach-tarafindan-magdur-edildim,BOD061,Gümbet Anıl Beach,Gümbet,False,2025-07-20 23:50:00,4.3,1489,TRANSPORT_TRANSFER,False,
gumbet-anil-beach-tarafindan-magdur-edildim,BOD061,Gümbet Anıl Beach,Gümbet,False,2025-07-20 23:50:00,4.3,1489,MANAGEMENT_COMMUNICATION,True,yönetim
gumbet-anil-beach-tarafindan-magdur-edildim,BOD061,Gümbet Anıl Beach,Gümbet,False,2025-07-20 23:50:00,4.3,1489,SPA_WELLNESS,False,
gumbet-anil-beach-tarafindan-magdur-edildim,BOD061,Gümbet Anıl Beach,Gümbet,False,2025-07-20 23:50:00,4.3,1489,SAFETY_SECURITY,False,
irmak-boutique-hotel-saygisiz-ve-rencide-edici-davranis,BOD124,Irmak Boutique Hotel,Ortakent-Yahşi,False,2026-07-27 13:35:00,4.6,262,STAFF_SERVICE,True,personel|saygısız|çalışan
irmak-boutique-hotel-saygisiz-ve-rencide-edici-davranis,BOD124,Irmak Boutique Hotel,Ortakent-Yahşi,False,2026-07-27 13:35:00,4.6,262,CLEANLINESS_HYGIENE,False,
irmak-boutique-hotel-saygisiz-ve-rencide-edici-davranis,BOD124,Irmak Boutique Hotel,Ortakent-Yahşi,False,2026-07-27 13:35:00,4.6,262,FOOD_BEVERAGE,True,yemek
irmak-boutique-hotel-saygisiz-ve-rencide-edici-davranis,BOD124,Irmak Boutique Hotel,Ortakent-Yahşi,False,2026-07-27 13:35:00,4.6,262,ROOM,False,
irmak-boutique-hotel-saygisiz-ve-rencide-edici-davranis,BOD124,Irmak Boutique Hotel,Ortakent-Yahşi,False,2026-07-27 13:35:00,4.6,262,BEACH_SEA,True,sahil
irmak-boutique-hotel-saygisiz-ve-rencide-edici-davranis,BOD124,Irmak Boutique Hotel,Ortakent-Yahşi,False,2026-07-27 13:35:00,4.6,262,POOL,False,
irmak-boutique-hotel-saygisiz-ve-rencide-edici-davranis,BOD124,Irmak Boutique Hotel,Ortakent-Yahşi,False,2026-07-27 13:35:00,4.6,262,FACILITIES_MAINTENANCE,True,kapı
irmak-boutique-hotel-saygisiz-ve-rencide-edici-davranis,BOD124,Irmak Boutique Hotel,Ortakent-Yahşi,False,2026-07-27 13:35:00,4.6,262,RESERVATION,False,
irmak-boutique-hotel-saygisiz-ve-rencide-edici-davranis,BOD124,Irmak Boutique Hotel,Ortakent-Yahşi,False,2026-07-27 13:35:00,4.6,262,PAYMENT_REFUND,False,
irmak-boutique-hotel-saygisiz-ve-rencide-edici-davranis,BOD124,Irmak Boutique Hotel,Ortakent-Yahşi,False,2026-07-27 13:35:00,4.6,262,PRICE_VALUE,False,
irmak-boutique-hotel-saygisiz-ve-rencide-edici-davranis,BOD124,Irmak Boutique Hotel,Ortakent-Yahşi,False,2026-07-27 13:35:00,4.6,262,CHECKIN_CHECKOUT,False,
irmak-boutique-hotel-saygisiz-ve-rencide-edici-davranis,BOD124,Irmak Boutique Hotel,Ortakent-Yahşi,False,2026-07-27 13:35:00,4.6,262,AIR_CONDITIONING,False,
irmak-boutique-hotel-saygisiz-ve-rencide-edici-davranis,BOD124,Irmak Boutique Hotel,Ortakent-Yahşi,False,2026-07-27 13:35:00,4.6,262,NOISE,False,
irmak-boutique-hotel-saygisiz-ve-rencide-edici-davranis,BOD124,Irmak Boutique Hotel,Ortakent-Yahşi,False,2026-07-27 13:35:00,4.6,262,FAMILY_CHILDREN,False,
irmak-boutique-hotel-saygisiz-ve-rencide-edici-davranis,BOD124,Irmak Boutique Hotel,Ortakent-Yahşi,False,2026-07-27 13:35:00,4.6,262,TRANSPORT_TRANSFER,False,
irmak-boutique-hotel-saygisiz-ve-rencide-edici-davranis,BOD124,Irmak Boutique Hotel,Ortakent-Yahşi,False,2026-07-27 13:35:00,4.6,262,MANAGEMENT_COMMUNICATION,False,
irmak-boutique-hotel-saygisiz-ve-rencide-edici-davranis,BOD124,Irmak Boutique Hotel,Ortakent-Yahşi,False,2026-07-27 13:35:00,4.6,262,SPA_WELLNESS,False,
irmak-boutique-hotel-saygisiz-ve-rencide-edici-davranis,BOD124,Irmak Boutique Hotel,Ortakent-Yahşi,False,2026-07-27 13:35:00,4.6,262,SAFETY_SECURITY,True,güvenlik|güvenli
kadikale-resort-otelinde-gurultulu-oda-ve-su-aritma-tesisinin-ustunde-konaklama,BOD113,Kadıkale Resort,Kadıkalesi,False,,4.0,2121,STAFF_SERVICE,True,çalışan
kadikale-resort-otelinde-gurultulu-oda-ve-su-aritma-tesisinin-ustunde-konaklama,BOD113,Kadıkale Resort,Kadıkalesi,False,,4.0,2121,CLEANLINESS_HYGIENE,False,
kadikale-resort-otelinde-gurultulu-oda-ve-su-aritma-tesisinin-ustunde-konaklama,BOD113,Kadıkale Resort,Kadıkalesi,False,,4.0,2121,FOOD_BEVERAGE,False,
kadikale-resort-otelinde-gurultulu-oda-ve-su-aritma-tesisinin-ustunde-konaklama,BOD113,Kadıkale Resort,Kadıkalesi,False,,4.0,2121,ROOM,True,oda
kadikale-resort-otelinde-gurultulu-oda-ve-su-aritma-tesisinin-ustunde-konaklama,BOD113,Kadıkale Resort,Kadıkalesi,False,,4.0,2121,BEACH_SEA,False,
kadikale-resort-otelinde-gurultulu-oda-ve-su-aritma-tesisinin-ustunde-konaklama,BOD113,Kadıkale Resort,Kadıkalesi,False,,4.0,2121,POOL,False,
kadikale-resort-otelinde-gurultulu-oda-ve-su-aritma-tesisinin-ustunde-konaklama,BOD113,Kadıkale Resort,Kadıkalesi,False,,4.0,2121,FACILITIES_MAINTENANCE,False,
kadikale-resort-otelinde-gurultulu-oda-ve-su-aritma-tesisinin-ustunde-konaklama,BOD113,Kadıkale Resort,Kadıkalesi,False,,4.0,2121,RESERVATION,False,
kadikale-resort-otelinde-gurultulu-oda-ve-su-aritma-tesisinin-ustunde-konaklama,BOD113,Kadıkale Resort,Kadıkalesi,False,,4.0,2121,PAYMENT_REFUND,False,
kadikale-resort-otelinde-gurultulu-oda-ve-su-aritma-tesisinin-ustunde-konaklama,BOD113,Kadıkale Resort,Kadıkalesi,False,,4.0,2121,PRICE_VALUE,False,
kadikale-resort-otelinde-gurultulu-oda-ve-su-aritma-tesisinin-ustunde-konaklama,BOD113,Kadıkale Resort,Kadıkalesi,False,,4.0,2121,CHECKIN_CHECKOUT,False,
kadikale-resort-otelinde-gurultulu-oda-ve-su-aritma-tesisinin-ustunde-konaklama,BOD113,Kadıkale Resort,Kadıkalesi,False,,4.0,2121,AIR_CONDITIONING,False,
kadikale-resort-otelinde-gurultulu-oda-ve-su-aritma-tesisinin-ustunde-konaklama,BOD113,Kadıkale Resort,Kadıkalesi,False,,4.0,2121,NOISE,True,gürültü
kadikale-resort-otelinde-gurultulu-oda-ve-su-aritma-tesisinin-ustunde-konaklama,BOD113,Kadıkale Resort,Kadıkalesi,False,,4.0,2121,FAMILY_CHILDREN,False,
kadikale-resort-otelinde-gurultulu-oda-ve-su-aritma-tesisinin-ustunde-konaklama,BOD113,Kadıkale Resort,Kadıkalesi,False,,4.0,2121,TRANSPORT_TRANSFER,False,
kadikale-resort-otelinde-gurultulu-oda-ve-su-aritma-tesisinin-ustunde-konaklama,BOD113,Kadıkale Resort,Kadıkalesi,False,,4.0,2121,MANAGEMENT_COMMUNICATION,False,
kadikale-resort-otelinde-gurultulu-oda-ve-su-aritma-tesisinin-ustunde-konaklama,BOD113,Kadıkale Resort,Kadıkalesi,False,,4.0,2121,SPA_WELLNESS,False,
kadikale-resort-otelinde-gurultulu-oda-ve-su-aritma-tesisinin-ustunde-konaklama,BOD113,Kadıkale Resort,Kadıkalesi,False,,4.0,2121,SAFETY_SECURITY,False,
kadikale-resort-otelinde-all-inclusive-eksikligi-ve-bocek-sorunu,BOD113,Kadıkale Resort,Kadıkalesi,False,2026-06-02 22:45:00,4.0,2121,STAFF_SERVICE,True,animasyon ekibi|çalışan|görevli
kadikale-resort-otelinde-all-inclusive-eksikligi-ve-bocek-sorunu,BOD113,Kadıkale Resort,Kadıkalesi,False,2026-06-02 22:45:00,4.0,2121,CLEANLINESS_HYGIENE,True,böcek
kadikale-resort-otelinde-all-inclusive-eksikligi-ve-bocek-sorunu,BOD113,Kadıkale Resort,Kadıkalesi,False,2026-06-02 22:45:00,4.0,2121,FOOD_BEVERAGE,True,her şey dahil|yemek
kadikale-resort-otelinde-all-inclusive-eksikligi-ve-bocek-sorunu,BOD113,Kadıkale Resort,Kadıkalesi,False,2026-06-02 22:45:00,4.0,2121,ROOM,False,
kadikale-resort-otelinde-all-inclusive-eksikligi-ve-bocek-sorunu,BOD113,Kadıkale Resort,Kadıkalesi,False,2026-06-02 22:45:00,4.0,2121,BEACH_SEA,True,deniz
kadikale-resort-otelinde-all-inclusive-eksikligi-ve-bocek-sorunu,BOD113,Kadıkale Resort,Kadıkalesi,False,2026-06-02 22:45:00,4.0,2121,POOL,False,
kadikale-resort-otelinde-all-inclusive-eksikligi-ve-bocek-sorunu,BOD113,Kadıkale Resort,Kadıkalesi,False,2026-06-02 22:45:00,4.0,2121,FACILITIES_MAINTENANCE,True,kırık
kadikale-resort-otelinde-all-inclusive-eksikligi-ve-bocek-sorunu,BOD113,Kadıkale Resort,Kadıkalesi,False,2026-06-02 22:45:00,4.0,2121,RESERVATION,False,
kadikale-resort-otelinde-all-inclusive-eksikligi-ve-bocek-sorunu,BOD113,Kadıkale Resort,Kadıkalesi,False,2026-06-02 22:45:00,4.0,2121,PAYMENT_REFUND,False,
kadikale-resort-otelinde-all-inclusive-eksikligi-ve-bocek-sorunu,BOD113,Kadıkale Resort,Kadıkalesi,False,2026-06-02 22:45:00,4.0,2121,PRICE_VALUE,True,ödediğimiz|ücret
kadikale-resort-otelinde-all-inclusive-eksikligi-ve-bocek-sorunu,BOD113,Kadıkale Resort,Kadıkalesi,False,2026-06-02 22:45:00,4.0,2121,CHECKIN_CHECKOUT,False,
kadikale-resort-otelinde-all-inclusive-eksikligi-ve-bocek-sorunu,BOD113,Kadıkale Resort,Kadıkalesi,False,2026-06-02 22:45:00,4.0,2121,AIR_CONDITIONING,False,
kadikale-resort-otelinde-all-inclusive-eksikligi-ve-bocek-sorunu,BOD113,Kadıkale Resort,Kadıkalesi,False,2026-06-02 22:45:00,4.0,2121,NOISE,False,
kadikale-resort-otelinde-all-inclusive-eksikligi-ve-bocek-sorunu,BOD113,Kadıkale Resort,Kadıkalesi,False,2026-06-02 22:45:00,4.0,2121,FAMILY_CHILDREN,True,çocuk
kadikale-resort-otelinde-all-inclusive-eksikligi-ve-bocek-sorunu,BOD113,Kadıkale Resort,Kadıkalesi,False,2026-06-02 22:45:00,4.0,2121,TRANSPORT_TRANSFER,False,
kadikale-resort-otelinde-all-inclusive-eksikligi-ve-bocek-sorunu,BOD113,Kadıkale Resort,Kadıkalesi,False,2026-06-02 22:45:00,4.0,2121,MANAGEMENT_COMMUNICATION,False,
kadikale-resort-otelinde-all-inclusive-eksikligi-ve-bocek-sorunu,BOD113,Kadıkale Resort,Kadıkalesi,False,2026-06-02 22:45:00,4.0,2121,SPA_WELLNESS,False,
kadikale-resort-otelinde-all-inclusive-eksikligi-ve-bocek-sorunu,BOD113,Kadıkale Resort,Kadıkalesi,False,2026-06-02 22:45:00,4.0,2121,SAFETY_SECURITY,False,
kadikale-resort-otel-camasirhanesinde-surekli-hijyen-ve-etik-sorunlari,BOD113,Kadıkale Resort,Kadıkalesi,False,2025-09-12 23:18:00,4.0,2121,STAFF_SERVICE,True,personel|çalışan
kadikale-resort-otel-camasirhanesinde-surekli-hijyen-ve-etik-sorunlari,BOD113,Kadıkale Resort,Kadıkalesi,False,2025-09-12 23:18:00,4.0,2121,CLEANLINESS_HYGIENE,True,hijyen|çarşaf|temiz|kirli|havlu|pis
kadikale-resort-otel-camasirhanesinde-surekli-hijyen-ve-etik-sorunlari,BOD113,Kadıkale Resort,Kadıkalesi,False,2025-09-12 23:18:00,4.0,2121,FOOD_BEVERAGE,False,
kadikale-resort-otel-camasirhanesinde-surekli-hijyen-ve-etik-sorunlari,BOD113,Kadıkale Resort,Kadıkalesi,False,2025-09-12 23:18:00,4.0,2121,ROOM,True,banyo
kadikale-resort-otel-camasirhanesinde-surekli-hijyen-ve-etik-sorunlari,BOD113,Kadıkale Resort,Kadıkalesi,False,2025-09-12 23:18:00,4.0,2121,BEACH_SEA,True,plaj
kadikale-resort-otel-camasirhanesinde-surekli-hijyen-ve-etik-sorunlari,BOD113,Kadıkale Resort,Kadıkalesi,False,2025-09-12 23:18:00,4.0,2121,POOL,False,
kadikale-resort-otel-camasirhanesinde-surekli-hijyen-ve-etik-sorunlari,BOD113,Kadıkale Resort,Kadıkalesi,False,2025-09-12 23:18:00,4.0,2121,FACILITIES_MAINTENANCE,False,
kadikale-resort-otel-camasirhanesinde-surekli-hijyen-ve-etik-sorunlari,BOD113,Kadıkale Resort,Kadıkalesi,False,2025-09-12 23:18:00,4.0,2121,RESERVATION,False,
kadikale-resort-otel-camasirhanesinde-surekli-hijyen-ve-etik-sorunlari,BOD113,Kadıkale Resort,Kadıkalesi,False,2025-09-12 23:18:00,4.0,2121,PAYMENT_REFUND,False,
kadikale-resort-otel-camasirhanesinde-surekli-hijyen-ve-etik-sorunlari,BOD113,Kadıkale Resort,Kadıkalesi,False,2025-09-12 23:18:00,4.0,2121,PRICE_VALUE,False,
kadikale-resort-otel-camasirhanesinde-surekli-hijyen-ve-etik-sorunlari,BOD113,Kadıkale Resort,Kadıkalesi,False,2025-09-12 23:18:00,4.0,2121,CHECKIN_CHECKOUT,False,
kadikale-resort-otel-camasirhanesinde-surekli-hijyen-ve-etik-sorunlari,BOD113,Kadıkale Resort,Kadıkalesi,False,2025-09-12 23:18:00,4.0,2121,AIR_CONDITIONING,False,
kadikale-resort-otel-camasirhanesinde-surekli-hijyen-ve-etik-sorunlari,BOD113,Kadıkale Resort,Kadıkalesi,False,2025-09-12 23:18:00,4.0,2121,NOISE,False,
kadikale-resort-otel-camasirhanesinde-surekli-hijyen-ve-etik-sorunlari,BOD113,Kadıkale Resort,Kadıkalesi,False,2025-09-12 23:18:00,4.0,2121,FAMILY_CHILDREN,False,
kadikale-resort-otel-camasirhanesinde-surekli-hijyen-ve-etik-sorunlari,BOD113,Kadıkale Resort,Kadıkalesi,False,2025-09-12 23:18:00,4.0,2121,TRANSPORT_TRANSFER,False,
kadikale-resort-otel-camasirhanesinde-surekli-hijyen-ve-etik-sorunlari,BOD113,Kadıkale Resort,Kadıkalesi,False,2025-09-12 23:18:00,4.0,2121,MANAGEMENT_COMMUNICATION,True,iletişim|yönetim
kadikale-resort-otel-camasirhanesinde-surekli-hijyen-ve-etik-sorunlari,BOD113,Kadıkale Resort,Kadıkalesi,False,2025-09-12 23:18:00,4.0,2121,SPA_WELLNESS,True,spa
kadikale-resort-otel-camasirhanesinde-surekli-hijyen-ve-etik-sorunlari,BOD113,Kadıkale Resort,Kadıkalesi,False,2025-09-12 23:18:00,4.0,2121,SAFETY_SECURITY,False,
kadikale-resortta-hijyen-hizmet-ve-organizasyon-eksikligi-nedeniyle-memnuniyetsizlik,BOD113,Kadıkale Resort,Kadıkalesi,False,2025-08-25 12:34:00,4.0,2121,STAFF_SERVICE,True,tecrübesiz|personel|çalışan|ilgisiz|hizmet
kadikale-resortta-hijyen-hizmet-ve-organizasyon-eksikligi-nedeniyle-memnuniyetsizlik,BOD113,Kadıkale Resort,Kadıkalesi,False,2025-08-25 12:34:00,4.0,2121,CLEANLINESS_HYGIENE,True,oda temizliği|hijyen|temiz
kadikale-resortta-hijyen-hizmet-ve-organizasyon-eksikligi-nedeniyle-memnuniyetsizlik,BOD113,Kadıkale Resort,Kadıkalesi,False,2025-08-25 12:34:00,4.0,2121,FOOD_BEVERAGE,True,içecek|lezzet|yemek|bar
kadikale-resortta-hijyen-hizmet-ve-organizasyon-eksikligi-nedeniyle-memnuniyetsizlik,BOD113,Kadıkale Resort,Kadıkalesi,False,2025-08-25 12:34:00,4.0,2121,ROOM,True,balkon|oda
kadikale-resortta-hijyen-hizmet-ve-organizasyon-eksikligi-nedeniyle-memnuniyetsizlik,BOD113,Kadıkale Resort,Kadıkalesi,False,2025-08-25 12:34:00,4.0,2121,BEACH_SEA,True,deniz
kadikale-resortta-hijyen-hizmet-ve-organizasyon-eksikligi-nedeniyle-memnuniyetsizlik,BOD113,Kadıkale Resort,Kadıkalesi,False,2025-08-25 12:34:00,4.0,2121,POOL,False,
kadikale-resortta-hijyen-hizmet-ve-organizasyon-eksikligi-nedeniyle-memnuniyetsizlik,BOD113,Kadıkale Resort,Kadıkalesi,False,2025-08-25 12:34:00,4.0,2121,FACILITIES_MAINTENANCE,False,
kadikale-resortta-hijyen-hizmet-ve-organizasyon-eksikligi-nedeniyle-memnuniyetsizlik,BOD113,Kadıkale Resort,Kadıkalesi,False,2025-08-25 12:34:00,4.0,2121,RESERVATION,False,
kadikale-resortta-hijyen-hizmet-ve-organizasyon-eksikligi-nedeniyle-memnuniyetsizlik,BOD113,Kadıkale Resort,Kadıkalesi,False,2025-08-25 12:34:00,4.0,2121,PAYMENT_REFUND,True,ücret iadesi|ödeme|iade
kadikale-resortta-hijyen-hizmet-ve-organizasyon-eksikligi-nedeniyle-memnuniyetsizlik,BOD113,Kadıkale Resort,Kadıkalesi,False,2025-08-25 12:34:00,4.0,2121,PRICE_VALUE,True,ücret
kadikale-resortta-hijyen-hizmet-ve-organizasyon-eksikligi-nedeniyle-memnuniyetsizlik,BOD113,Kadıkale Resort,Kadıkalesi,False,2025-08-25 12:34:00,4.0,2121,CHECKIN_CHECKOUT,False,
kadikale-resortta-hijyen-hizmet-ve-organizasyon-eksikligi-nedeniyle-memnuniyetsizlik,BOD113,Kadıkale Resort,Kadıkalesi,False,2025-08-25 12:34:00,4.0,2121,AIR_CONDITIONING,False,
kadikale-resortta-hijyen-hizmet-ve-organizasyon-eksikligi-nedeniyle-memnuniyetsizlik,BOD113,Kadıkale Resort,Kadıkalesi,False,2025-08-25 12:34:00,4.0,2121,NOISE,False,
kadikale-resortta-hijyen-hizmet-ve-organizasyon-eksikligi-nedeniyle-memnuniyetsizlik,BOD113,Kadıkale Resort,Kadıkalesi,False,2025-08-25 12:34:00,4.0,2121,FAMILY_CHILDREN,False,
kadikale-resortta-hijyen-hizmet-ve-organizasyon-eksikligi-nedeniyle-memnuniyetsizlik,BOD113,Kadıkale Resort,Kadıkalesi,False,2025-08-25 12:34:00,4.0,2121,TRANSPORT_TRANSFER,False,
kadikale-resortta-hijyen-hizmet-ve-organizasyon-eksikligi-nedeniyle-memnuniyetsizlik,BOD113,Kadıkale Resort,Kadıkalesi,False,2025-08-25 12:34:00,4.0,2121,MANAGEMENT_COMMUNICATION,True,yönetim
kadikale-resortta-hijyen-hizmet-ve-organizasyon-eksikligi-nedeniyle-memnuniyetsizlik,BOD113,Kadıkale Resort,Kadıkalesi,False,2025-08-25 12:34:00,4.0,2121,SPA_WELLNESS,False,
kadikale-resortta-hijyen-hizmet-ve-organizasyon-eksikligi-nedeniyle-memnuniyetsizlik,BOD113,Kadıkale Resort,Kadıkalesi,False,2025-08-25 12:34:00,4.0,2121,SAFETY_SECURITY,False,
cikis-gunu-tesis-kullaniminda-ayrimcilik-ve-iletisim-sorunu,BOD113,Kadıkale Resort,Kadıkalesi,True,2025-08-25 12:00:00,4.0,2121,STAFF_SERVICE,False,
cikis-gunu-tesis-kullaniminda-ayrimcilik-ve-iletisim-sorunu,BOD113,Kadıkale Resort,Kadıkalesi,True,2025-08-25 12:00:00,4.0,2121,CLEANLINESS_HYGIENE,False,
cikis-gunu-tesis-kullaniminda-ayrimcilik-ve-iletisim-sorunu,BOD113,Kadıkale Resort,Kadıkalesi,True,2025-08-25 12:00:00,4.0,2121,FOOD_BEVERAGE,False,
cikis-gunu-tesis-kullaniminda-ayrimcilik-ve-iletisim-sorunu,BOD113,Kadıkale Resort,Kadıkalesi,True,2025-08-25 12:00:00,4.0,2121,ROOM,True,oda
cikis-gunu-tesis-kullaniminda-ayrimcilik-ve-iletisim-sorunu,BOD113,Kadıkale Resort,Kadıkalesi,True,2025-08-25 12:00:00,4.0,2121,BEACH_SEA,False,
cikis-gunu-tesis-kullaniminda-ayrimcilik-ve-iletisim-sorunu,BOD113,Kadıkale Resort,Kadıkalesi,True,2025-08-25 12:00:00,4.0,2121,POOL,False,
cikis-gunu-tesis-kullaniminda-ayrimcilik-ve-iletisim-sorunu,BOD113,Kadıkale Resort,Kadıkalesi,True,2025-08-25 12:00:00,4.0,2121,FACILITIES_MAINTENANCE,False,
cikis-gunu-tesis-kullaniminda-ayrimcilik-ve-iletisim-sorunu,BOD113,Kadıkale Resort,Kadıkalesi,True,2025-08-25 12:00:00,4.0,2121,RESERVATION,False,
cikis-gunu-tesis-kullaniminda-ayrimcilik-ve-iletisim-sorunu,BOD113,Kadıkale Resort,Kadıkalesi,True,2025-08-25 12:00:00,4.0,2121,PAYMENT_REFUND,False,
cikis-gunu-tesis-kullaniminda-ayrimcilik-ve-iletisim-sorunu,BOD113,Kadıkale Resort,Kadıkalesi,True,2025-08-25 12:00:00,4.0,2121,PRICE_VALUE,False,
cikis-gunu-tesis-kullaniminda-ayrimcilik-ve-iletisim-sorunu,BOD113,Kadıkale Resort,Kadıkalesi,True,2025-08-25 12:00:00,4.0,2121,CHECKIN_CHECKOUT,True,check out|check-out
cikis-gunu-tesis-kullaniminda-ayrimcilik-ve-iletisim-sorunu,BOD113,Kadıkale Resort,Kadıkalesi,True,2025-08-25 12:00:00,4.0,2121,AIR_CONDITIONING,False,
cikis-gunu-tesis-kullaniminda-ayrimcilik-ve-iletisim-sorunu,BOD113,Kadıkale Resort,Kadıkalesi,True,2025-08-25 12:00:00,4.0,2121,NOISE,False,
cikis-gunu-tesis-kullaniminda-ayrimcilik-ve-iletisim-sorunu,BOD113,Kadıkale Resort,Kadıkalesi,True,2025-08-25 12:00:00,4.0,2121,FAMILY_CHILDREN,False,
cikis-gunu-tesis-kullaniminda-ayrimcilik-ve-iletisim-sorunu,BOD113,Kadıkale Resort,Kadıkalesi,True,2025-08-25 12:00:00,4.0,2121,TRANSPORT_TRANSFER,True,transfer
cikis-gunu-tesis-kullaniminda-ayrimcilik-ve-iletisim-sorunu,BOD113,Kadıkale Resort,Kadıkalesi,True,2025-08-25 12:00:00,4.0,2121,MANAGEMENT_COMMUNICATION,True,yönetim|yetkili|müdür
cikis-gunu-tesis-kullaniminda-ayrimcilik-ve-iletisim-sorunu,BOD113,Kadıkale Resort,Kadıkalesi,True,2025-08-25 12:00:00,4.0,2121,SPA_WELLNESS,False,
cikis-gunu-tesis-kullaniminda-ayrimcilik-ve-iletisim-sorunu,BOD113,Kadıkale Resort,Kadıkalesi,True,2025-08-25 12:00:00,4.0,2121,SAFETY_SECURITY,False,
kadikale-resort-otelinde-beklentilerin-altinda-bir-deneyim,BOD113,Kadıkale Resort,Kadıkalesi,True,2025-06-08 13:07:00,4.0,2121,STAFF_SERVICE,False,
kadikale-resort-otelinde-beklentilerin-altinda-bir-deneyim,BOD113,Kadıkale Resort,Kadıkalesi,True,2025-06-08 13:07:00,4.0,2121,CLEANLINESS_HYGIENE,True,çarşaf|havlu|böcek
kadikale-resort-otelinde-beklentilerin-altinda-bir-deneyim,BOD113,Kadıkale Resort,Kadıkalesi,True,2025-06-08 13:07:00,4.0,2121,FOOD_BEVERAGE,True,her şey dahil|kahvaltı|lezzet|yemek
kadikale-resort-otelinde-beklentilerin-altinda-bir-deneyim,BOD113,Kadıkale Resort,Kadıkalesi,True,2025-06-08 13:07:00,4.0,2121,ROOM,True,banyo|duş
kadikale-resort-otelinde-beklentilerin-altinda-bir-deneyim,BOD113,Kadıkale Resort,Kadıkalesi,True,2025-06-08 13:07:00,4.0,2121,BEACH_SEA,True,şezlong|plaj
kadikale-resort-otelinde-beklentilerin-altinda-bir-deneyim,BOD113,Kadıkale Resort,Kadıkalesi,True,2025-06-08 13:07:00,4.0,2121,POOL,True,havuz
kadikale-resort-otelinde-beklentilerin-altinda-bir-deneyim,BOD113,Kadıkale Resort,Kadıkalesi,True,2025-06-08 13:07:00,4.0,2121,FACILITIES_MAINTENANCE,False,
kadikale-resort-otelinde-beklentilerin-altinda-bir-deneyim,BOD113,Kadıkale Resort,Kadıkalesi,True,2025-06-08 13:07:00,4.0,2121,RESERVATION,False,
kadikale-resort-otelinde-beklentilerin-altinda-bir-deneyim,BOD113,Kadıkale Resort,Kadıkalesi,True,2025-06-08 13:07:00,4.0,2121,PAYMENT_REFUND,True,para
kadikale-resort-otelinde-beklentilerin-altinda-bir-deneyim,BOD113,Kadıkale Resort,Kadıkalesi,True,2025-06-08 13:07:00,4.0,2121,PRICE_VALUE,True,pahalı|ucuz
kadikale-resort-otelinde-beklentilerin-altinda-bir-deneyim,BOD113,Kadıkale Resort,Kadıkalesi,True,2025-06-08 13:07:00,4.0,2121,CHECKIN_CHECKOUT,False,
kadikale-resort-otelinde-beklentilerin-altinda-bir-deneyim,BOD113,Kadıkale Resort,Kadıkalesi,True,2025-06-08 13:07:00,4.0,2121,AIR_CONDITIONING,True,klima
kadikale-resort-otelinde-beklentilerin-altinda-bir-deneyim,BOD113,Kadıkale Resort,Kadıkalesi,True,2025-06-08 13:07:00,4.0,2121,NOISE,True,ses
kadikale-resort-otelinde-beklentilerin-altinda-bir-deneyim,BOD113,Kadıkale Resort,Kadıkalesi,True,2025-06-08 13:07:00,4.0,2121,FAMILY_CHILDREN,False,
kadikale-resort-otelinde-beklentilerin-altinda-bir-deneyim,BOD113,Kadıkale Resort,Kadıkalesi,True,2025-06-08 13:07:00,4.0,2121,TRANSPORT_TRANSFER,False,
kadikale-resort-otelinde-beklentilerin-altinda-bir-deneyim,BOD113,Kadıkale Resort,Kadıkalesi,True,2025-06-08 13:07:00,4.0,2121,MANAGEMENT_COMMUNICATION,False,
kadikale-resort-otelinde-beklentilerin-altinda-bir-deneyim,BOD113,Kadıkale Resort,Kadıkalesi,True,2025-06-08 13:07:00,4.0,2121,SPA_WELLNESS,True,masaj
kadikale-resort-otelinde-beklentilerin-altinda-bir-deneyim,BOD113,Kadıkale Resort,Kadıkalesi,True,2025-06-08 13:07:00,4.0,2121,SAFETY_SECURITY,False,
kadikale-resort-hotelde-hayal-kirikligi-yasadik,BOD113,Kadıkale Resort,Kadıkalesi,False,2024-07-10 11:15:00,4.0,2121,STAFF_SERVICE,True,servis
kadikale-resort-hotelde-hayal-kirikligi-yasadik,BOD113,Kadıkale Resort,Kadıkalesi,False,2024-07-10 11:15:00,4.0,2121,CLEANLINESS_HYGIENE,True,temiz|havlu|koku
kadikale-resort-hotelde-hayal-kirikligi-yasadik,BOD113,Kadıkale Resort,Kadıkalesi,False,2024-07-10 11:15:00,4.0,2121,FOOD_BEVERAGE,True,her şey dahil|lezzet|yemek|alkol|bar
kadikale-resort-hotelde-hayal-kirikligi-yasadik,BOD113,Kadıkale Resort,Kadıkalesi,False,2024-07-10 11:15:00,4.0,2121,ROOM,True,oda
kadikale-resort-hotelde-hayal-kirikligi-yasadik,BOD113,Kadıkale Resort,Kadıkalesi,False,2024-07-10 11:15:00,4.0,2121,BEACH_SEA,False,
kadikale-resort-hotelde-hayal-kirikligi-yasadik,BOD113,Kadıkale Resort,Kadıkalesi,False,2024-07-10 11:15:00,4.0,2121,POOL,True,havuz
kadikale-resort-hotelde-hayal-kirikligi-yasadik,BOD113,Kadıkale Resort,Kadıkalesi,False,2024-07-10 11:15:00,4.0,2121,FACILITIES_MAINTENANCE,True,bozuk
kadikale-resort-hotelde-hayal-kirikligi-yasadik,BOD113,Kadıkale Resort,Kadıkalesi,False,2024-07-10 11:15:00,4.0,2121,RESERVATION,False,
kadikale-resort-hotelde-hayal-kirikligi-yasadik,BOD113,Kadıkale Resort,Kadıkalesi,False,2024-07-10 11:15:00,4.0,2121,PAYMENT_REFUND,False,
kadikale-resort-hotelde-hayal-kirikligi-yasadik,BOD113,Kadıkale Resort,Kadıkalesi,False,2024-07-10 11:15:00,4.0,2121,PRICE_VALUE,False,
kadikale-resort-hotelde-hayal-kirikligi-yasadik,BOD113,Kadıkale Resort,Kadıkalesi,False,2024-07-10 11:15:00,4.0,2121,CHECKIN_CHECKOUT,False,
kadikale-resort-hotelde-hayal-kirikligi-yasadik,BOD113,Kadıkale Resort,Kadıkalesi,False,2024-07-10 11:15:00,4.0,2121,AIR_CONDITIONING,True,havalandırma|klimasız|klima
kadikale-resort-hotelde-hayal-kirikligi-yasadik,BOD113,Kadıkale Resort,Kadıkalesi,False,2024-07-10 11:15:00,4.0,2121,NOISE,False,
kadikale-resort-hotelde-hayal-kirikligi-yasadik,BOD113,Kadıkale Resort,Kadıkalesi,False,2024-07-10 11:15:00,4.0,2121,FAMILY_CHILDREN,False,
kadikale-resort-hotelde-hayal-kirikligi-yasadik,BOD113,Kadıkale Resort,Kadıkalesi,False,2024-07-10 11:15:00,4.0,2121,TRANSPORT_TRANSFER,False,
kadikale-resort-hotelde-hayal-kirikligi-yasadik,BOD113,Kadıkale Resort,Kadıkalesi,False,2024-07-10 11:15:00,4.0,2121,MANAGEMENT_COMMUNICATION,False,
kadikale-resort-hotelde-hayal-kirikligi-yasadik,BOD113,Kadıkale Resort,Kadıkalesi,False,2024-07-10 11:15:00,4.0,2121,SPA_WELLNESS,False,
kadikale-resort-hotelde-hayal-kirikligi-yasadik,BOD113,Kadıkale Resort,Kadıkalesi,False,2024-07-10 11:15:00,4.0,2121,SAFETY_SECURITY,False,
kefaluka-resortta-ultra-her-sey-dahil-konseptinde-yiyecek-ve-havlu-eksikligi,BOD007,Kefaluka Resort,Akyarlar,True,2026-08-22 11:58:00,4.4,4293,STAFF_SERVICE,True,görevli|hizmet
kefaluka-resortta-ultra-her-sey-dahil-konseptinde-yiyecek-ve-havlu-eksikligi,BOD007,Kefaluka Resort,Akyarlar,True,2026-08-22 11:58:00,4.4,4293,CLEANLINESS_HYGIENE,True,temiz|havlu
kefaluka-resortta-ultra-her-sey-dahil-konseptinde-yiyecek-ve-havlu-eksikligi,BOD007,Kefaluka Resort,Akyarlar,True,2026-08-22 11:58:00,4.4,4293,FOOD_BEVERAGE,True,her şey dahil|yiyecek|tabak
kefaluka-resortta-ultra-her-sey-dahil-konseptinde-yiyecek-ve-havlu-eksikligi,BOD007,Kefaluka Resort,Akyarlar,True,2026-08-22 11:58:00,4.4,4293,ROOM,True,oda
kefaluka-resortta-ultra-her-sey-dahil-konseptinde-yiyecek-ve-havlu-eksikligi,BOD007,Kefaluka Resort,Akyarlar,True,2026-08-22 11:58:00,4.4,4293,BEACH_SEA,False,
kefaluka-resortta-ultra-her-sey-dahil-konseptinde-yiyecek-ve-havlu-eksikligi,BOD007,Kefaluka Resort,Akyarlar,True,2026-08-22 11:58:00,4.4,4293,POOL,False,
kefaluka-resortta-ultra-her-sey-dahil-konseptinde-yiyecek-ve-havlu-eksikligi,BOD007,Kefaluka Resort,Akyarlar,True,2026-08-22 11:58:00,4.4,4293,FACILITIES_MAINTENANCE,False,
kefaluka-resortta-ultra-her-sey-dahil-konseptinde-yiyecek-ve-havlu-eksikligi,BOD007,Kefaluka Resort,Akyarlar,True,2026-08-22 11:58:00,4.4,4293,RESERVATION,True,rezervasyon
kefaluka-resortta-ultra-her-sey-dahil-konseptinde-yiyecek-ve-havlu-eksikligi,BOD007,Kefaluka Resort,Akyarlar,True,2026-08-22 11:58:00,4.4,4293,PAYMENT_REFUND,True,kesinti|tutar|iade
kefaluka-resortta-ultra-her-sey-dahil-konseptinde-yiyecek-ve-havlu-eksikligi,BOD007,Kefaluka Resort,Akyarlar,True,2026-08-22 11:58:00,4.4,4293,PRICE_VALUE,True,karşılığını|ödediğimiz|ücret
kefaluka-resortta-ultra-her-sey-dahil-konseptinde-yiyecek-ve-havlu-eksikligi,BOD007,Kefaluka Resort,Akyarlar,True,2026-08-22 11:58:00,4.4,4293,CHECKIN_CHECKOUT,False,
kefaluka-resortta-ultra-her-sey-dahil-konseptinde-yiyecek-ve-havlu-eksikligi,BOD007,Kefaluka Resort,Akyarlar,True,2026-08-22 11:58:00,4.4,4293,AIR_CONDITIONING,False,
kefaluka-resortta-ultra-her-sey-dahil-konseptinde-yiyecek-ve-havlu-eksikligi,BOD007,Kefaluka Resort,Akyarlar,True,2026-08-22 11:58:00,4.4,4293,NOISE,False,
kefaluka-resortta-ultra-her-sey-dahil-konseptinde-yiyecek-ve-havlu-eksikligi,BOD007,Kefaluka Resort,Akyarlar,True,2026-08-22 11:58:00,4.4,4293,FAMILY_CHILDREN,True,aile
kefaluka-resortta-ultra-her-sey-dahil-konseptinde-yiyecek-ve-havlu-eksikligi,BOD007,Kefaluka Resort,Akyarlar,True,2026-08-22 11:58:00,4.4,4293,TRANSPORT_TRANSFER,False,
kefaluka-resortta-ultra-her-sey-dahil-konseptinde-yiyecek-ve-havlu-eksikligi,BOD007,Kefaluka Resort,Akyarlar,True,2026-08-22 11:58:00,4.4,4293,MANAGEMENT_COMMUNICATION,True,müdür
kefaluka-resortta-ultra-her-sey-dahil-konseptinde-yiyecek-ve-havlu-eksikligi,BOD007,Kefaluka Resort,Akyarlar,True,2026-08-22 11:58:00,4.4,4293,SPA_WELLNESS,False,
kefaluka-resortta-ultra-her-sey-dahil-konseptinde-yiyecek-ve-havlu-eksikligi,BOD007,Kefaluka Resort,Akyarlar,True,2026-08-22 11:58:00,4.4,4293,SAFETY_SECURITY,False,
guvenlik-sorunu-ve-aile-saldirisi-nedeniyle-tatil-iptali-ve-ucret-iadesi-talebi,BOD007,Kefaluka Resort,Akyarlar,True,2026-08-21 01:39:00,4.4,4293,STAFF_SERVICE,True,görevli
guvenlik-sorunu-ve-aile-saldirisi-nedeniyle-tatil-iptali-ve-ucret-iadesi-talebi,BOD007,Kefaluka Resort,Akyarlar,True,2026-08-21 01:39:00,4.4,4293,CLEANLINESS_HYGIENE,False,
guvenlik-sorunu-ve-aile-saldirisi-nedeniyle-tatil-iptali-ve-ucret-iadesi-talebi,BOD007,Kefaluka Resort,Akyarlar,True,2026-08-21 01:39:00,4.4,4293,FOOD_BEVERAGE,True,restoran
guvenlik-sorunu-ve-aile-saldirisi-nedeniyle-tatil-iptali-ve-ucret-iadesi-talebi,BOD007,Kefaluka Resort,Akyarlar,True,2026-08-21 01:39:00,4.4,4293,ROOM,True,oda
guvenlik-sorunu-ve-aile-saldirisi-nedeniyle-tatil-iptali-ve-ucret-iadesi-talebi,BOD007,Kefaluka Resort,Akyarlar,True,2026-08-21 01:39:00,4.4,4293,BEACH_SEA,False,
guvenlik-sorunu-ve-aile-saldirisi-nedeniyle-tatil-iptali-ve-ucret-iadesi-talebi,BOD007,Kefaluka Resort,Akyarlar,True,2026-08-21 01:39:00,4.4,4293,POOL,False,
guvenlik-sorunu-ve-aile-saldirisi-nedeniyle-tatil-iptali-ve-ucret-iadesi-talebi,BOD007,Kefaluka Resort,Akyarlar,True,2026-08-21 01:39:00,4.4,4293,FACILITIES_MAINTENANCE,False,
guvenlik-sorunu-ve-aile-saldirisi-nedeniyle-tatil-iptali-ve-ucret-iadesi-talebi,BOD007,Kefaluka Resort,Akyarlar,True,2026-08-21 01:39:00,4.4,4293,RESERVATION,True,iptal
guvenlik-sorunu-ve-aile-saldirisi-nedeniyle-tatil-iptali-ve-ucret-iadesi-talebi,BOD007,Kefaluka Resort,Akyarlar,True,2026-08-21 01:39:00,4.4,4293,PAYMENT_REFUND,True,iade
guvenlik-sorunu-ve-aile-saldirisi-nedeniyle-tatil-iptali-ve-ucret-iadesi-talebi,BOD007,Kefaluka Resort,Akyarlar,True,2026-08-21 01:39:00,4.4,4293,PRICE_VALUE,True,ücret
guvenlik-sorunu-ve-aile-saldirisi-nedeniyle-tatil-iptali-ve-ucret-iadesi-talebi,BOD007,Kefaluka Resort,Akyarlar,True,2026-08-21 01:39:00,4.4,4293,CHECKIN_CHECKOUT,False,
guvenlik-sorunu-ve-aile-saldirisi-nedeniyle-tatil-iptali-ve-ucret-iadesi-talebi,BOD007,Kefaluka Resort,Akyarlar,True,2026-08-21 01:39:00,4.4,4293,AIR_CONDITIONING,False,
guvenlik-sorunu-ve-aile-saldirisi-nedeniyle-tatil-iptali-ve-ucret-iadesi-talebi,BOD007,Kefaluka Resort,Akyarlar,True,2026-08-21 01:39:00,4.4,4293,NOISE,False,
guvenlik-sorunu-ve-aile-saldirisi-nedeniyle-tatil-iptali-ve-ucret-iadesi-talebi,BOD007,Kefaluka Resort,Akyarlar,True,2026-08-21 01:39:00,4.4,4293,FAMILY_CHILDREN,True,çocuğum|oğlum|aile
guvenlik-sorunu-ve-aile-saldirisi-nedeniyle-tatil-iptali-ve-ucret-iadesi-talebi,BOD007,Kefaluka Resort,Akyarlar,True,2026-08-21 01:39:00,4.4,4293,TRANSPORT_TRANSFER,False,
guvenlik-sorunu-ve-aile-saldirisi-nedeniyle-tatil-iptali-ve-ucret-iadesi-talebi,BOD007,Kefaluka Resort,Akyarlar,True,2026-08-21 01:39:00,4.4,4293,MANAGEMENT_COMMUNICATION,True,yönetim|müdür
guvenlik-sorunu-ve-aile-saldirisi-nedeniyle-tatil-iptali-ve-ucret-iadesi-talebi,BOD007,Kefaluka Resort,Akyarlar,True,2026-08-21 01:39:00,4.4,4293,SPA_WELLNESS,False,
guvenlik-sorunu-ve-aile-saldirisi-nedeniyle-tatil-iptali-ve-ucret-iadesi-talebi,BOD007,Kefaluka Resort,Akyarlar,True,2026-08-21 01:39:00,4.4,4293,SAFETY_SECURITY,True,güvenlik|güvenli
kefaluka-resortta-sahte-rezervasyon-ve-115-bin-tl-kayip,BOD007,Kefaluka Resort,Akyarlar,True,2026-08-13 20:11:00,4.4,4293,STAFF_SERVICE,True,personel
kefaluka-resortta-sahte-rezervasyon-ve-115-bin-tl-kayip,BOD007,Kefaluka Resort,Akyarlar,True,2026-08-13 20:11:00,4.4,4293,CLEANLINESS_HYGIENE,False,
kefaluka-resortta-sahte-rezervasyon-ve-115-bin-tl-kayip,BOD007,Kefaluka Resort,Akyarlar,True,2026-08-13 20:11:00,4.4,4293,FOOD_BEVERAGE,False,
kefaluka-resortta-sahte-rezervasyon-ve-115-bin-tl-kayip,BOD007,Kefaluka Resort,Akyarlar,True,2026-08-13 20:11:00,4.4,4293,ROOM,True,oda
kefaluka-resortta-sahte-rezervasyon-ve-115-bin-tl-kayip,BOD007,Kefaluka Resort,Akyarlar,True,2026-08-13 20:11:00,4.4,4293,BEACH_SEA,False,
kefaluka-resortta-sahte-rezervasyon-ve-115-bin-tl-kayip,BOD007,Kefaluka Resort,Akyarlar,True,2026-08-13 20:11:00,4.4,4293,POOL,False,
kefaluka-resortta-sahte-rezervasyon-ve-115-bin-tl-kayip,BOD007,Kefaluka Resort,Akyarlar,True,2026-08-13 20:11:00,4.4,4293,FACILITIES_MAINTENANCE,False,
kefaluka-resortta-sahte-rezervasyon-ve-115-bin-tl-kayip,BOD007,Kefaluka Resort,Akyarlar,True,2026-08-13 20:11:00,4.4,4293,RESERVATION,True,rezervasyon
kefaluka-resortta-sahte-rezervasyon-ve-115-bin-tl-kayip,BOD007,Kefaluka Resort,Akyarlar,True,2026-08-13 20:11:00,4.4,4293,PAYMENT_REFUND,True,ödeme
kefaluka-resortta-sahte-rezervasyon-ve-115-bin-tl-kayip,BOD007,Kefaluka Resort,Akyarlar,True,2026-08-13 20:11:00,4.4,4293,PRICE_VALUE,True,ücret
kefaluka-resortta-sahte-rezervasyon-ve-115-bin-tl-kayip,BOD007,Kefaluka Resort,Akyarlar,True,2026-08-13 20:11:00,4.4,4293,CHECKIN_CHECKOUT,False,
kefaluka-resortta-sahte-rezervasyon-ve-115-bin-tl-kayip,BOD007,Kefaluka Resort,Akyarlar,True,2026-08-13 20:11:00,4.4,4293,AIR_CONDITIONING,False,
kefaluka-resortta-sahte-rezervasyon-ve-115-bin-tl-kayip,BOD007,Kefaluka Resort,Akyarlar,True,2026-08-13 20:11:00,4.4,4293,NOISE,False,
kefaluka-resortta-sahte-rezervasyon-ve-115-bin-tl-kayip,BOD007,Kefaluka Resort,Akyarlar,True,2026-08-13 20:11:00,4.4,4293,FAMILY_CHILDREN,False,
kefaluka-resortta-sahte-rezervasyon-ve-115-bin-tl-kayip,BOD007,Kefaluka Resort,Akyarlar,True,2026-08-13 20:11:00,4.4,4293,TRANSPORT_TRANSFER,False,
kefaluka-resortta-sahte-rezervasyon-ve-115-bin-tl-kayip,BOD007,Kefaluka Resort,Akyarlar,True,2026-08-13 20:11:00,4.4,4293,MANAGEMENT_COMMUNICATION,True,iletişim|yönetici|yönetim|yetkili|telefon
kefaluka-resortta-sahte-rezervasyon-ve-115-bin-tl-kayip,BOD007,Kefaluka Resort,Akyarlar,True,2026-08-13 20:11:00,4.4,4293,SPA_WELLNESS,False,
kefaluka-resortta-sahte-rezervasyon-ve-115-bin-tl-kayip,BOD007,Kefaluka Resort,Akyarlar,True,2026-08-13 20:11:00,4.4,4293,SAFETY_SECURITY,False,
kefaluka-resort-havuz-kenarlari-temizlenmiyor-bir-suru-sinekler-var-video,BOD007,Kefaluka Resort,Akyarlar,True,2026-08-03 13:51:00,4.4,4293,STAFF_SERVICE,False,
kefaluka-resort-havuz-kenarlari-temizlenmiyor-bir-suru-sinekler-var-video,BOD007,Kefaluka Resort,Akyarlar,True,2026-08-03 13:51:00,4.4,4293,CLEANLINESS_HYGIENE,False,
kefaluka-resort-havuz-kenarlari-temizlenmiyor-bir-suru-sinekler-var-video,BOD007,Kefaluka Resort,Akyarlar,True,2026-08-03 13:51:00,4.4,4293,FOOD_BEVERAGE,False,
kefaluka-resort-havuz-kenarlari-temizlenmiyor-bir-suru-sinekler-var-video,BOD007,Kefaluka Resort,Akyarlar,True,2026-08-03 13:51:00,4.4,4293,ROOM,False,
kefaluka-resort-havuz-kenarlari-temizlenmiyor-bir-suru-sinekler-var-video,BOD007,Kefaluka Resort,Akyarlar,True,2026-08-03 13:51:00,4.4,4293,BEACH_SEA,False,
kefaluka-resort-havuz-kenarlari-temizlenmiyor-bir-suru-sinekler-var-video,BOD007,Kefaluka Resort,Akyarlar,True,2026-08-03 13:51:00,4.4,4293,POOL,False,
kefaluka-resort-havuz-kenarlari-temizlenmiyor-bir-suru-sinekler-var-video,BOD007,Kefaluka Resort,Akyarlar,True,2026-08-03 13:51:00,4.4,4293,FACILITIES_MAINTENANCE,False,
kefaluka-resort-havuz-kenarlari-temizlenmiyor-bir-suru-sinekler-var-video,BOD007,Kefaluka Resort,Akyarlar,True,2026-08-03 13:51:00,4.4,4293,RESERVATION,False,
kefaluka-resort-havuz-kenarlari-temizlenmiyor-bir-suru-sinekler-var-video,BOD007,Kefaluka Resort,Akyarlar,True,2026-08-03 13:51:00,4.4,4293,PAYMENT_REFUND,False,
kefaluka-resort-havuz-kenarlari-temizlenmiyor-bir-suru-sinekler-var-video,BOD007,Kefaluka Resort,Akyarlar,True,2026-08-03 13:51:00,4.4,4293,PRICE_VALUE,False,
kefaluka-resort-havuz-kenarlari-temizlenmiyor-bir-suru-sinekler-var-video,BOD007,Kefaluka Resort,Akyarlar,True,2026-08-03 13:51:00,4.4,4293,CHECKIN_CHECKOUT,False,
kefaluka-resort-havuz-kenarlari-temizlenmiyor-bir-suru-sinekler-var-video,BOD007,Kefaluka Resort,Akyarlar,True,2026-08-03 13:51:00,4.4,4293,AIR_CONDITIONING,False,
kefaluka-resort-havuz-kenarlari-temizlenmiyor-bir-suru-sinekler-var-video,BOD007,Kefaluka Resort,Akyarlar,True,2026-08-03 13:51:00,4.4,4293,NOISE,False,
kefaluka-resort-havuz-kenarlari-temizlenmiyor-bir-suru-sinekler-var-video,BOD007,Kefaluka Resort,Akyarlar,True,2026-08-03 13:51:00,4.4,4293,FAMILY_CHILDREN,False,
kefaluka-resort-havuz-kenarlari-temizlenmiyor-bir-suru-sinekler-var-video,BOD007,Kefaluka Resort,Akyarlar,True,2026-08-03 13:51:00,4.4,4293,TRANSPORT_TRANSFER,False,
kefaluka-resort-havuz-kenarlari-temizlenmiyor-bir-suru-sinekler-var-video,BOD007,Kefaluka Resort,Akyarlar,True,2026-08-03 13:51:00,4.4,4293,MANAGEMENT_COMMUNICATION,False,
kefaluka-resort-havuz-kenarlari-temizlenmiyor-bir-suru-sinekler-var-video,BOD007,Kefaluka Resort,Akyarlar,True,2026-08-03 13:51:00,4.4,4293,SPA_WELLNESS,False,
kefaluka-resort-havuz-kenarlari-temizlenmiyor-bir-suru-sinekler-var-video,BOD007,Kefaluka Resort,Akyarlar,True,2026-08-03 13:51:00,4.4,4293,SAFETY_SECURITY,False,
bodrum-kefalukada-gida-zehirlenmesi-ve-destek-yoklugu,BOD007,Kefaluka Resort,Akyarlar,False,2026-07-26 15:06:00,4.4,4293,STAFF_SERVICE,True,görevli
bodrum-kefalukada-gida-zehirlenmesi-ve-destek-yoklugu,BOD007,Kefaluka Resort,Akyarlar,False,2026-07-26 15:06:00,4.4,4293,CLEANLINESS_HYGIENE,True,hijyen
bodrum-kefalukada-gida-zehirlenmesi-ve-destek-yoklugu,BOD007,Kefaluka Resort,Akyarlar,False,2026-07-26 15:06:00,4.4,4293,FOOD_BEVERAGE,True,zehirlenme|restoran|yemek
bodrum-kefalukada-gida-zehirlenmesi-ve-destek-yoklugu,BOD007,Kefaluka Resort,Akyarlar,False,2026-07-26 15:06:00,4.4,4293,ROOM,True,oda
bodrum-kefalukada-gida-zehirlenmesi-ve-destek-yoklugu,BOD007,Kefaluka Resort,Akyarlar,False,2026-07-26 15:06:00,4.4,4293,BEACH_SEA,False,
bodrum-kefalukada-gida-zehirlenmesi-ve-destek-yoklugu,BOD007,Kefaluka Resort,Akyarlar,False,2026-07-26 15:06:00,4.4,4293,POOL,False,
bodrum-kefalukada-gida-zehirlenmesi-ve-destek-yoklugu,BOD007,Kefaluka Resort,Akyarlar,False,2026-07-26 15:06:00,4.4,4293,FACILITIES_MAINTENANCE,True,kırık
bodrum-kefalukada-gida-zehirlenmesi-ve-destek-yoklugu,BOD007,Kefaluka Resort,Akyarlar,False,2026-07-26 15:06:00,4.4,4293,RESERVATION,False,
bodrum-kefalukada-gida-zehirlenmesi-ve-destek-yoklugu,BOD007,Kefaluka Resort,Akyarlar,False,2026-07-26 15:06:00,4.4,4293,PAYMENT_REFUND,False,
bodrum-kefalukada-gida-zehirlenmesi-ve-destek-yoklugu,BOD007,Kefaluka Resort,Akyarlar,False,2026-07-26 15:06:00,4.4,4293,PRICE_VALUE,False,
bodrum-kefalukada-gida-zehirlenmesi-ve-destek-yoklugu,BOD007,Kefaluka Resort,Akyarlar,False,2026-07-26 15:06:00,4.4,4293,CHECKIN_CHECKOUT,False,
bodrum-kefalukada-gida-zehirlenmesi-ve-destek-yoklugu,BOD007,Kefaluka Resort,Akyarlar,False,2026-07-26 15:06:00,4.4,4293,AIR_CONDITIONING,False,
bodrum-kefalukada-gida-zehirlenmesi-ve-destek-yoklugu,BOD007,Kefaluka Resort,Akyarlar,False,2026-07-26 15:06:00,4.4,4293,NOISE,False,
bodrum-kefalukada-gida-zehirlenmesi-ve-destek-yoklugu,BOD007,Kefaluka Resort,Akyarlar,False,2026-07-26 15:06:00,4.4,4293,FAMILY_CHILDREN,False,
bodrum-kefalukada-gida-zehirlenmesi-ve-destek-yoklugu,BOD007,Kefaluka Resort,Akyarlar,False,2026-07-26 15:06:00,4.4,4293,TRANSPORT_TRANSFER,False,
bodrum-kefalukada-gida-zehirlenmesi-ve-destek-yoklugu,BOD007,Kefaluka Resort,Akyarlar,False,2026-07-26 15:06:00,4.4,4293,MANAGEMENT_COMMUNICATION,True,yönetim|telefon
bodrum-kefalukada-gida-zehirlenmesi-ve-destek-yoklugu,BOD007,Kefaluka Resort,Akyarlar,False,2026-07-26 15:06:00,4.4,4293,SPA_WELLNESS,False,
bodrum-kefalukada-gida-zehirlenmesi-ve-destek-yoklugu,BOD007,Kefaluka Resort,Akyarlar,False,2026-07-26 15:06:00,4.4,4293,SAFETY_SECURITY,True,zehirlenme|hastane|sağlık|doktor
sezlong-ve-havlu-takibinde-sorumluluk-almayan-otel-yonetimi,BOD007,Kefaluka Resort,Akyarlar,False,2026-07-17 13:38:00,4.4,4293,STAFF_SERVICE,True,görevli
sezlong-ve-havlu-takibinde-sorumluluk-almayan-otel-yonetimi,BOD007,Kefaluka Resort,Akyarlar,False,2026-07-17 13:38:00,4.4,4293,CLEANLINESS_HYGIENE,True,havlu
sezlong-ve-havlu-takibinde-sorumluluk-almayan-otel-yonetimi,BOD007,Kefaluka Resort,Akyarlar,False,2026-07-17 13:38:00,4.4,4293,FOOD_BEVERAGE,False,
sezlong-ve-havlu-takibinde-sorumluluk-almayan-otel-yonetimi,BOD007,Kefaluka Resort,Akyarlar,False,2026-07-17 13:38:00,4.4,4293,ROOM,False,
sezlong-ve-havlu-takibinde-sorumluluk-almayan-otel-yonetimi,BOD007,Kefaluka Resort,Akyarlar,False,2026-07-17 13:38:00,4.4,4293,BEACH_SEA,True,şezlong|plaj
sezlong-ve-havlu-takibinde-sorumluluk-almayan-otel-yonetimi,BOD007,Kefaluka Resort,Akyarlar,False,2026-07-17 13:38:00,4.4,4293,POOL,True,havuz
sezlong-ve-havlu-takibinde-sorumluluk-almayan-otel-yonetimi,BOD007,Kefaluka Resort,Akyarlar,False,2026-07-17 13:38:00,4.4,4293,FACILITIES_MAINTENANCE,False,
sezlong-ve-havlu-takibinde-sorumluluk-almayan-otel-yonetimi,BOD007,Kefaluka Resort,Akyarlar,False,2026-07-17 13:38:00,4.4,4293,RESERVATION,False,
sezlong-ve-havlu-takibinde-sorumluluk-almayan-otel-yonetimi,BOD007,Kefaluka Resort,Akyarlar,False,2026-07-17 13:38:00,4.4,4293,PAYMENT_REFUND,False,
sezlong-ve-havlu-takibinde-sorumluluk-almayan-otel-yonetimi,BOD007,Kefaluka Resort,Akyarlar,False,2026-07-17 13:38:00,4.4,4293,PRICE_VALUE,False,
sezlong-ve-havlu-takibinde-sorumluluk-almayan-otel-yonetimi,BOD007,Kefaluka Resort,Akyarlar,False,2026-07-17 13:38:00,4.4,4293,CHECKIN_CHECKOUT,False,
sezlong-ve-havlu-takibinde-sorumluluk-almayan-otel-yonetimi,BOD007,Kefaluka Resort,Akyarlar,False,2026-07-17 13:38:00,4.4,4293,AIR_CONDITIONING,False,
sezlong-ve-havlu-takibinde-sorumluluk-almayan-otel-yonetimi,BOD007,Kefaluka Resort,Akyarlar,False,2026-07-17 13:38:00,4.4,4293,NOISE,False,
sezlong-ve-havlu-takibinde-sorumluluk-almayan-otel-yonetimi,BOD007,Kefaluka Resort,Akyarlar,False,2026-07-17 13:38:00,4.4,4293,FAMILY_CHILDREN,False,
sezlong-ve-havlu-takibinde-sorumluluk-almayan-otel-yonetimi,BOD007,Kefaluka Resort,Akyarlar,False,2026-07-17 13:38:00,4.4,4293,TRANSPORT_TRANSFER,False,
sezlong-ve-havlu-takibinde-sorumluluk-almayan-otel-yonetimi,BOD007,Kefaluka Resort,Akyarlar,False,2026-07-17 13:38:00,4.4,4293,MANAGEMENT_COMMUNICATION,True,yönetim
sezlong-ve-havlu-takibinde-sorumluluk-almayan-otel-yonetimi,BOD007,Kefaluka Resort,Akyarlar,False,2026-07-17 13:38:00,4.4,4293,SPA_WELLNESS,False,
sezlong-ve-havlu-takibinde-sorumluluk-almayan-otel-yonetimi,BOD007,Kefaluka Resort,Akyarlar,False,2026-07-17 13:38:00,4.4,4293,SAFETY_SECURITY,False,
kefaluka-otelde-unutulan-gozlugun-bulunamamasi-ve-guvenlik-ihmali,BOD007,Kefaluka Resort,Akyarlar,True,2026-07-07 13:36:00,4.4,4293,STAFF_SERVICE,True,personel
kefaluka-otelde-unutulan-gozlugun-bulunamamasi-ve-guvenlik-ihmali,BOD007,Kefaluka Resort,Akyarlar,True,2026-07-07 13:36:00,4.4,4293,CLEANLINESS_HYGIENE,False,
kefaluka-otelde-unutulan-gozlugun-bulunamamasi-ve-guvenlik-ihmali,BOD007,Kefaluka Resort,Akyarlar,True,2026-07-07 13:36:00,4.4,4293,FOOD_BEVERAGE,False,
kefaluka-otelde-unutulan-gozlugun-bulunamamasi-ve-guvenlik-ihmali,BOD007,Kefaluka Resort,Akyarlar,True,2026-07-07 13:36:00,4.4,4293,ROOM,False,
kefaluka-otelde-unutulan-gozlugun-bulunamamasi-ve-guvenlik-ihmali,BOD007,Kefaluka Resort,Akyarlar,True,2026-07-07 13:36:00,4.4,4293,BEACH_SEA,True,şezlong
kefaluka-otelde-unutulan-gozlugun-bulunamamasi-ve-guvenlik-ihmali,BOD007,Kefaluka Resort,Akyarlar,True,2026-07-07 13:36:00,4.4,4293,POOL,True,havuz
kefaluka-otelde-unutulan-gozlugun-bulunamamasi-ve-guvenlik-ihmali,BOD007,Kefaluka Resort,Akyarlar,True,2026-07-07 13:36:00,4.4,4293,FACILITIES_MAINTENANCE,False,
kefaluka-otelde-unutulan-gozlugun-bulunamamasi-ve-guvenlik-ihmali,BOD007,Kefaluka Resort,Akyarlar,True,2026-07-07 13:36:00,4.4,4293,RESERVATION,False,
kefaluka-otelde-unutulan-gozlugun-bulunamamasi-ve-guvenlik-ihmali,BOD007,Kefaluka Resort,Akyarlar,True,2026-07-07 13:36:00,4.4,4293,PAYMENT_REFUND,False,
kefaluka-otelde-unutulan-gozlugun-bulunamamasi-ve-guvenlik-ihmali,BOD007,Kefaluka Resort,Akyarlar,True,2026-07-07 13:36:00,4.4,4293,PRICE_VALUE,False,
kefaluka-otelde-unutulan-gozlugun-bulunamamasi-ve-guvenlik-ihmali,BOD007,Kefaluka Resort,Akyarlar,True,2026-07-07 13:36:00,4.4,4293,CHECKIN_CHECKOUT,False,
kefaluka-otelde-unutulan-gozlugun-bulunamamasi-ve-guvenlik-ihmali,BOD007,Kefaluka Resort,Akyarlar,True,2026-07-07 13:36:00,4.4,4293,AIR_CONDITIONING,False,
kefaluka-otelde-unutulan-gozlugun-bulunamamasi-ve-guvenlik-ihmali,BOD007,Kefaluka Resort,Akyarlar,True,2026-07-07 13:36:00,4.4,4293,NOISE,False,
kefaluka-otelde-unutulan-gozlugun-bulunamamasi-ve-guvenlik-ihmali,BOD007,Kefaluka Resort,Akyarlar,True,2026-07-07 13:36:00,4.4,4293,FAMILY_CHILDREN,True,çocuk
kefaluka-otelde-unutulan-gozlugun-bulunamamasi-ve-guvenlik-ihmali,BOD007,Kefaluka Resort,Akyarlar,True,2026-07-07 13:36:00,4.4,4293,TRANSPORT_TRANSFER,False,
kefaluka-otelde-unutulan-gozlugun-bulunamamasi-ve-guvenlik-ihmali,BOD007,Kefaluka Resort,Akyarlar,True,2026-07-07 13:36:00,4.4,4293,MANAGEMENT_COMMUNICATION,True,geri dönüş
kefaluka-otelde-unutulan-gozlugun-bulunamamasi-ve-guvenlik-ihmali,BOD007,Kefaluka Resort,Akyarlar,True,2026-07-07 13:36:00,4.4,4293,SPA_WELLNESS,False,
kefaluka-otelde-unutulan-gozlugun-bulunamamasi-ve-guvenlik-ihmali,BOD007,Kefaluka Resort,Akyarlar,True,2026-07-07 13:36:00,4.4,4293,SAFETY_SECURITY,True,güvenlik|güvenli
kefaluka-resortta-cokmus-altyapi-ve-yetersiz-yonetim,BOD007,Kefaluka Resort,Akyarlar,True,2026-06-23 18:51:00,4.4,4293,STAFF_SERVICE,True,personel
kefaluka-resortta-cokmus-altyapi-ve-yetersiz-yonetim,BOD007,Kefaluka Resort,Akyarlar,True,2026-06-23 18:51:00,4.4,4293,CLEANLINESS_HYGIENE,False,
kefaluka-resortta-cokmus-altyapi-ve-yetersiz-yonetim,BOD007,Kefaluka Resort,Akyarlar,True,2026-06-23 18:51:00,4.4,4293,FOOD_BEVERAGE,True,her şey dahil|kahvaltı|restoran|lezzet|yemek
kefaluka-resortta-cokmus-altyapi-ve-yetersiz-yonetim,BOD007,Kefaluka Resort,Akyarlar,True,2026-06-23 18:51:00,4.4,4293,ROOM,True,oda
kefaluka-resortta-cokmus-altyapi-ve-yetersiz-yonetim,BOD007,Kefaluka Resort,Akyarlar,True,2026-06-23 18:51:00,4.4,4293,BEACH_SEA,True,deniz|plaj
kefaluka-resortta-cokmus-altyapi-ve-yetersiz-yonetim,BOD007,Kefaluka Resort,Akyarlar,True,2026-06-23 18:51:00,4.4,4293,POOL,False,
kefaluka-resortta-cokmus-altyapi-ve-yetersiz-yonetim,BOD007,Kefaluka Resort,Akyarlar,True,2026-06-23 18:51:00,4.4,4293,FACILITIES_MAINTENANCE,True,bakımsız|asansör|bakım|kırık|eski
kefaluka-resortta-cokmus-altyapi-ve-yetersiz-yonetim,BOD007,Kefaluka Resort,Akyarlar,True,2026-06-23 18:51:00,4.4,4293,RESERVATION,False,
kefaluka-resortta-cokmus-altyapi-ve-yetersiz-yonetim,BOD007,Kefaluka Resort,Akyarlar,True,2026-06-23 18:51:00,4.4,4293,PAYMENT_REFUND,True,para
kefaluka-resortta-cokmus-altyapi-ve-yetersiz-yonetim,BOD007,Kefaluka Resort,Akyarlar,True,2026-06-23 18:51:00,4.4,4293,PRICE_VALUE,True,ödediğimiz
kefaluka-resortta-cokmus-altyapi-ve-yetersiz-yonetim,BOD007,Kefaluka Resort,Akyarlar,True,2026-06-23 18:51:00,4.4,4293,CHECKIN_CHECKOUT,False,
kefaluka-resortta-cokmus-altyapi-ve-yetersiz-yonetim,BOD007,Kefaluka Resort,Akyarlar,True,2026-06-23 18:51:00,4.4,4293,AIR_CONDITIONING,True,havalandırma
kefaluka-resortta-cokmus-altyapi-ve-yetersiz-yonetim,BOD007,Kefaluka Resort,Akyarlar,True,2026-06-23 18:51:00,4.4,4293,NOISE,False,
kefaluka-resortta-cokmus-altyapi-ve-yetersiz-yonetim,BOD007,Kefaluka Resort,Akyarlar,True,2026-06-23 18:51:00,4.4,4293,FAMILY_CHILDREN,False,
kefaluka-resortta-cokmus-altyapi-ve-yetersiz-yonetim,BOD007,Kefaluka Resort,Akyarlar,True,2026-06-23 18:51:00,4.4,4293,TRANSPORT_TRANSFER,False,
kefaluka-resortta-cokmus-altyapi-ve-yetersiz-yonetim,BOD007,Kefaluka Resort,Akyarlar,True,2026-06-23 18:51:00,4.4,4293,MANAGEMENT_COMMUNICATION,True,yönetim|telefon|müdür
kefaluka-resortta-cokmus-altyapi-ve-yetersiz-yonetim,BOD007,Kefaluka Resort,Akyarlar,True,2026-06-23 18:51:00,4.4,4293,SPA_WELLNESS,False,
kefaluka-resortta-cokmus-altyapi-ve-yetersiz-yonetim,BOD007,Kefaluka Resort,Akyarlar,True,2026-06-23 18:51:00,4.4,4293,SAFETY_SECURITY,True,güvenlik|güvenli|sağlık
kefaluka-otelinde-televizyon-arizasi-ve-vasat-yemek-hizmeti,BOD007,Kefaluka Resort,Akyarlar,True,2026-06-14 09:32:00,4.4,4293,STAFF_SERVICE,True,hizmet
kefaluka-otelinde-televizyon-arizasi-ve-vasat-yemek-hizmeti,BOD007,Kefaluka Resort,Akyarlar,True,2026-06-14 09:32:00,4.4,4293,CLEANLINESS_HYGIENE,False,
kefaluka-otelinde-televizyon-arizasi-ve-vasat-yemek-hizmeti,BOD007,Kefaluka Resort,Akyarlar,True,2026-06-14 09:32:00,4.4,4293,FOOD_BEVERAGE,True,restoran|yemek
kefaluka-otelinde-televizyon-arizasi-ve-vasat-yemek-hizmeti,BOD007,Kefaluka Resort,Akyarlar,True,2026-06-14 09:32:00,4.4,4293,ROOM,True,oda
kefaluka-otelinde-televizyon-arizasi-ve-vasat-yemek-hizmeti,BOD007,Kefaluka Resort,Akyarlar,True,2026-06-14 09:32:00,4.4,4293,BEACH_SEA,False,
kefaluka-otelinde-televizyon-arizasi-ve-vasat-yemek-hizmeti,BOD007,Kefaluka Resort,Akyarlar,True,2026-06-14 09:32:00,4.4,4293,POOL,False,
kefaluka-otelinde-televizyon-arizasi-ve-vasat-yemek-hizmeti,BOD007,Kefaluka Resort,Akyarlar,True,2026-06-14 09:32:00,4.4,4293,FACILITIES_MAINTENANCE,True,kırık
kefaluka-otelinde-televizyon-arizasi-ve-vasat-yemek-hizmeti,BOD007,Kefaluka Resort,Akyarlar,True,2026-06-14 09:32:00,4.4,4293,RESERVATION,False,
kefaluka-otelinde-televizyon-arizasi-ve-vasat-yemek-hizmeti,BOD007,Kefaluka Resort,Akyarlar,True,2026-06-14 09:32:00,4.4,4293,PAYMENT_REFUND,False,
kefaluka-otelinde-televizyon-arizasi-ve-vasat-yemek-hizmeti,BOD007,Kefaluka Resort,Akyarlar,True,2026-06-14 09:32:00,4.4,4293,PRICE_VALUE,True,ücret
kefaluka-otelinde-televizyon-arizasi-ve-vasat-yemek-hizmeti,BOD007,Kefaluka Resort,Akyarlar,True,2026-06-14 09:32:00,4.4,4293,CHECKIN_CHECKOUT,False,
kefaluka-otelinde-televizyon-arizasi-ve-vasat-yemek-hizmeti,BOD007,Kefaluka Resort,Akyarlar,True,2026-06-14 09:32:00,4.4,4293,AIR_CONDITIONING,False,
kefaluka-otelinde-televizyon-arizasi-ve-vasat-yemek-hizmeti,BOD007,Kefaluka Resort,Akyarlar,True,2026-06-14 09:32:00,4.4,4293,NOISE,False,
kefaluka-otelinde-televizyon-arizasi-ve-vasat-yemek-hizmeti,BOD007,Kefaluka Resort,Akyarlar,True,2026-06-14 09:32:00,4.4,4293,FAMILY_CHILDREN,False,
kefaluka-otelinde-televizyon-arizasi-ve-vasat-yemek-hizmeti,BOD007,Kefaluka Resort,Akyarlar,True,2026-06-14 09:32:00,4.4,4293,TRANSPORT_TRANSFER,False,
kefaluka-otelinde-televizyon-arizasi-ve-vasat-yemek-hizmeti,BOD007,Kefaluka Resort,Akyarlar,True,2026-06-14 09:32:00,4.4,4293,MANAGEMENT_COMMUNICATION,False,
kefaluka-otelinde-televizyon-arizasi-ve-vasat-yemek-hizmeti,BOD007,Kefaluka Resort,Akyarlar,True,2026-06-14 09:32:00,4.4,4293,SPA_WELLNESS,False,
kefaluka-otelinde-televizyon-arizasi-ve-vasat-yemek-hizmeti,BOD007,Kefaluka Resort,Akyarlar,True,2026-06-14 09:32:00,4.4,4293,SAFETY_SECURITY,False,
kefaluka-resort-hijyen-acisindan-endiselendirdi,BOD007,Kefaluka Resort,Akyarlar,True,2026-06-12 15:40:00,4.4,4293,STAFF_SERVICE,True,garson|hizmet
kefaluka-resort-hijyen-acisindan-endiselendirdi,BOD007,Kefaluka Resort,Akyarlar,True,2026-06-12 15:40:00,4.4,4293,CLEANLINESS_HYGIENE,True,hijyen|küf
kefaluka-resort-hijyen-acisindan-endiselendirdi,BOD007,Kefaluka Resort,Akyarlar,True,2026-06-12 15:40:00,4.4,4293,FOOD_BEVERAGE,True,a la carte|restoran|içecek
kefaluka-resort-hijyen-acisindan-endiselendirdi,BOD007,Kefaluka Resort,Akyarlar,True,2026-06-12 15:40:00,4.4,4293,ROOM,False,
kefaluka-resort-hijyen-acisindan-endiselendirdi,BOD007,Kefaluka Resort,Akyarlar,True,2026-06-12 15:40:00,4.4,4293,BEACH_SEA,True,sahil
kefaluka-resort-hijyen-acisindan-endiselendirdi,BOD007,Kefaluka Resort,Akyarlar,True,2026-06-12 15:40:00,4.4,4293,POOL,False,
kefaluka-resort-hijyen-acisindan-endiselendirdi,BOD007,Kefaluka Resort,Akyarlar,True,2026-06-12 15:40:00,4.4,4293,FACILITIES_MAINTENANCE,True,bakımsız|bakım|kırık
kefaluka-resort-hijyen-acisindan-endiselendirdi,BOD007,Kefaluka Resort,Akyarlar,True,2026-06-12 15:40:00,4.4,4293,RESERVATION,False,
kefaluka-resort-hijyen-acisindan-endiselendirdi,BOD007,Kefaluka Resort,Akyarlar,True,2026-06-12 15:40:00,4.4,4293,PAYMENT_REFUND,False,
kefaluka-resort-hijyen-acisindan-endiselendirdi,BOD007,Kefaluka Resort,Akyarlar,True,2026-06-12 15:40:00,4.4,4293,PRICE_VALUE,False,
kefaluka-resort-hijyen-acisindan-endiselendirdi,BOD007,Kefaluka Resort,Akyarlar,True,2026-06-12 15:40:00,4.4,4293,CHECKIN_CHECKOUT,False,
kefaluka-resort-hijyen-acisindan-endiselendirdi,BOD007,Kefaluka Resort,Akyarlar,True,2026-06-12 15:40:00,4.4,4293,AIR_CONDITIONING,False,
kefaluka-resort-hijyen-acisindan-endiselendirdi,BOD007,Kefaluka Resort,Akyarlar,True,2026-06-12 15:40:00,4.4,4293,NOISE,False,
kefaluka-resort-hijyen-acisindan-endiselendirdi,BOD007,Kefaluka Resort,Akyarlar,True,2026-06-12 15:40:00,4.4,4293,FAMILY_CHILDREN,True,çocuk|aile
kefaluka-resort-hijyen-acisindan-endiselendirdi,BOD007,Kefaluka Resort,Akyarlar,True,2026-06-12 15:40:00,4.4,4293,TRANSPORT_TRANSFER,False,
kefaluka-resort-hijyen-acisindan-endiselendirdi,BOD007,Kefaluka Resort,Akyarlar,True,2026-06-12 15:40:00,4.4,4293,MANAGEMENT_COMMUNICATION,True,yetkili
kefaluka-resort-hijyen-acisindan-endiselendirdi,BOD007,Kefaluka Resort,Akyarlar,True,2026-06-12 15:40:00,4.4,4293,SPA_WELLNESS,False,
kefaluka-resort-hijyen-acisindan-endiselendirdi,BOD007,Kefaluka Resort,Akyarlar,True,2026-06-12 15:40:00,4.4,4293,SAFETY_SECURITY,False,
balayi-konseptinde-sunulan-haklarin-eksikligi-ve-ilgisiz-otel-yonetimi,BOD007,Kefaluka Resort,Akyarlar,True,2025-10-18 13:19:00,4.4,4293,STAFF_SERVICE,True,yardımcı olmadı|çalışan|hizmet
balayi-konseptinde-sunulan-haklarin-eksikligi-ve-ilgisiz-otel-yonetimi,BOD007,Kefaluka Resort,Akyarlar,True,2025-10-18 13:19:00,4.4,4293,CLEANLINESS_HYGIENE,False,
balayi-konseptinde-sunulan-haklarin-eksikligi-ve-ilgisiz-otel-yonetimi,BOD007,Kefaluka Resort,Akyarlar,True,2025-10-18 13:19:00,4.4,4293,FOOD_BEVERAGE,True,restoran|yemek
balayi-konseptinde-sunulan-haklarin-eksikligi-ve-ilgisiz-otel-yonetimi,BOD007,Kefaluka Resort,Akyarlar,True,2025-10-18 13:19:00,4.4,4293,ROOM,True,oda
balayi-konseptinde-sunulan-haklarin-eksikligi-ve-ilgisiz-otel-yonetimi,BOD007,Kefaluka Resort,Akyarlar,True,2025-10-18 13:19:00,4.4,4293,BEACH_SEA,False,
balayi-konseptinde-sunulan-haklarin-eksikligi-ve-ilgisiz-otel-yonetimi,BOD007,Kefaluka Resort,Akyarlar,True,2025-10-18 13:19:00,4.4,4293,POOL,False,
balayi-konseptinde-sunulan-haklarin-eksikligi-ve-ilgisiz-otel-yonetimi,BOD007,Kefaluka Resort,Akyarlar,True,2025-10-18 13:19:00,4.4,4293,FACILITIES_MAINTENANCE,True,kırık
balayi-konseptinde-sunulan-haklarin-eksikligi-ve-ilgisiz-otel-yonetimi,BOD007,Kefaluka Resort,Akyarlar,True,2025-10-18 13:19:00,4.4,4293,RESERVATION,True,rezervasyon
balayi-konseptinde-sunulan-haklarin-eksikligi-ve-ilgisiz-otel-yonetimi,BOD007,Kefaluka Resort,Akyarlar,True,2025-10-18 13:19:00,4.4,4293,PAYMENT_REFUND,True,ücret iadesi|kredi kartı|ödeme|iade
balayi-konseptinde-sunulan-haklarin-eksikligi-ve-ilgisiz-otel-yonetimi,BOD007,Kefaluka Resort,Akyarlar,True,2025-10-18 13:19:00,4.4,4293,PRICE_VALUE,True,ücret
balayi-konseptinde-sunulan-haklarin-eksikligi-ve-ilgisiz-otel-yonetimi,BOD007,Kefaluka Resort,Akyarlar,True,2025-10-18 13:19:00,4.4,4293,CHECKIN_CHECKOUT,False,
balayi-konseptinde-sunulan-haklarin-eksikligi-ve-ilgisiz-otel-yonetimi,BOD007,Kefaluka Resort,Akyarlar,True,2025-10-18 13:19:00,4.4,4293,AIR_CONDITIONING,False,
balayi-konseptinde-sunulan-haklarin-eksikligi-ve-ilgisiz-otel-yonetimi,BOD007,Kefaluka Resort,Akyarlar,True,2025-10-18 13:19:00,4.4,4293,NOISE,False,
balayi-konseptinde-sunulan-haklarin-eksikligi-ve-ilgisiz-otel-yonetimi,BOD007,Kefaluka Resort,Akyarlar,True,2025-10-18 13:19:00,4.4,4293,FAMILY_CHILDREN,False,
balayi-konseptinde-sunulan-haklarin-eksikligi-ve-ilgisiz-otel-yonetimi,BOD007,Kefaluka Resort,Akyarlar,True,2025-10-18 13:19:00,4.4,4293,TRANSPORT_TRANSFER,False,
balayi-konseptinde-sunulan-haklarin-eksikligi-ve-ilgisiz-otel-yonetimi,BOD007,Kefaluka Resort,Akyarlar,True,2025-10-18 13:19:00,4.4,4293,MANAGEMENT_COMMUNICATION,True,yönetim
balayi-konseptinde-sunulan-haklarin-eksikligi-ve-ilgisiz-otel-yonetimi,BOD007,Kefaluka Resort,Akyarlar,True,2025-10-18 13:19:00,4.4,4293,SPA_WELLNESS,False,
balayi-konseptinde-sunulan-haklarin-eksikligi-ve-ilgisiz-otel-yonetimi,BOD007,Kefaluka Resort,Akyarlar,True,2025-10-18 13:19:00,4.4,4293,SAFETY_SECURITY,False,
kefaluka-resort-balayi-tatilimizde-buyuk-hayal-kirikligi-hizmet-ve-ilgi-sifir,BOD007,Kefaluka Resort,Akyarlar,True,2025-10-11 23:47:00,4.4,4293,STAFF_SERVICE,True,ilgisiz|hizmet
kefaluka-resort-balayi-tatilimizde-buyuk-hayal-kirikligi-hizmet-ve-ilgi-sifir,BOD007,Kefaluka Resort,Akyarlar,True,2025-10-11 23:47:00,4.4,4293,CLEANLINESS_HYGIENE,False,
kefaluka-resort-balayi-tatilimizde-buyuk-hayal-kirikligi-hizmet-ve-ilgi-sifir,BOD007,Kefaluka Resort,Akyarlar,True,2025-10-11 23:47:00,4.4,4293,FOOD_BEVERAGE,True,a la carte|bar
kefaluka-resort-balayi-tatilimizde-buyuk-hayal-kirikligi-hizmet-ve-ilgi-sifir,BOD007,Kefaluka Resort,Akyarlar,True,2025-10-11 23:47:00,4.4,4293,ROOM,True,banyo|oda|duş
kefaluka-resort-balayi-tatilimizde-buyuk-hayal-kirikligi-hizmet-ve-ilgi-sifir,BOD007,Kefaluka Resort,Akyarlar,True,2025-10-11 23:47:00,4.4,4293,BEACH_SEA,True,deniz
kefaluka-resort-balayi-tatilimizde-buyuk-hayal-kirikligi-hizmet-ve-ilgi-sifir,BOD007,Kefaluka Resort,Akyarlar,True,2025-10-11 23:47:00,4.4,4293,POOL,False,
kefaluka-resort-balayi-tatilimizde-buyuk-hayal-kirikligi-hizmet-ve-ilgi-sifir,BOD007,Kefaluka Resort,Akyarlar,True,2025-10-11 23:47:00,4.4,4293,FACILITIES_MAINTENANCE,True,asansör|kırık|eski
kefaluka-resort-balayi-tatilimizde-buyuk-hayal-kirikligi-hizmet-ve-ilgi-sifir,BOD007,Kefaluka Resort,Akyarlar,True,2025-10-11 23:47:00,4.4,4293,RESERVATION,True,rezervasyon
kefaluka-resort-balayi-tatilimizde-buyuk-hayal-kirikligi-hizmet-ve-ilgi-sifir,BOD007,Kefaluka Resort,Akyarlar,True,2025-10-11 23:47:00,4.4,4293,PAYMENT_REFUND,True,ödeme
kefaluka-resort-balayi-tatilimizde-buyuk-hayal-kirikligi-hizmet-ve-ilgi-sifir,BOD007,Kefaluka Resort,Akyarlar,True,2025-10-11 23:47:00,4.4,4293,PRICE_VALUE,True,ödediğimiz|ücret
kefaluka-resort-balayi-tatilimizde-buyuk-hayal-kirikligi-hizmet-ve-ilgi-sifir,BOD007,Kefaluka Resort,Akyarlar,True,2025-10-11 23:47:00,4.4,4293,CHECKIN_CHECKOUT,False,
kefaluka-resort-balayi-tatilimizde-buyuk-hayal-kirikligi-hizmet-ve-ilgi-sifir,BOD007,Kefaluka Resort,Akyarlar,True,2025-10-11 23:47:00,4.4,4293,AIR_CONDITIONING,False,
kefaluka-resort-balayi-tatilimizde-buyuk-hayal-kirikligi-hizmet-ve-ilgi-sifir,BOD007,Kefaluka Resort,Akyarlar,True,2025-10-11 23:47:00,4.4,4293,NOISE,False,
kefaluka-resort-balayi-tatilimizde-buyuk-hayal-kirikligi-hizmet-ve-ilgi-sifir,BOD007,Kefaluka Resort,Akyarlar,True,2025-10-11 23:47:00,4.4,4293,FAMILY_CHILDREN,False,
kefaluka-resort-balayi-tatilimizde-buyuk-hayal-kirikligi-hizmet-ve-ilgi-sifir,BOD007,Kefaluka Resort,Akyarlar,True,2025-10-11 23:47:00,4.4,4293,TRANSPORT_TRANSFER,True,ulaşım
kefaluka-resort-balayi-tatilimizde-buyuk-hayal-kirikligi-hizmet-ve-ilgi-sifir,BOD007,Kefaluka Resort,Akyarlar,True,2025-10-11 23:47:00,4.4,4293,MANAGEMENT_COMMUNICATION,True,çözüm sunulmadı|yönetim|müdür
kefaluka-resort-balayi-tatilimizde-buyuk-hayal-kirikligi-hizmet-ve-ilgi-sifir,BOD007,Kefaluka Resort,Akyarlar,True,2025-10-11 23:47:00,4.4,4293,SPA_WELLNESS,False,
kefaluka-resort-balayi-tatilimizde-buyuk-hayal-kirikligi-hizmet-ve-ilgi-sifir,BOD007,Kefaluka Resort,Akyarlar,True,2025-10-11 23:47:00,4.4,4293,SAFETY_SECURITY,False,
otel-odasinda-kapi-calmadan-girilmesi-mahremiyetimi-zedeledi,BOD007,Kefaluka Resort,Akyarlar,True,2025-10-11 10:47:00,4.4,4293,STAFF_SERVICE,True,personel|görevli
otel-odasinda-kapi-calmadan-girilmesi-mahremiyetimi-zedeledi,BOD007,Kefaluka Resort,Akyarlar,True,2025-10-11 10:47:00,4.4,4293,CLEANLINESS_HYGIENE,True,temizlik|temiz
otel-odasinda-kapi-calmadan-girilmesi-mahremiyetimi-zedeledi,BOD007,Kefaluka Resort,Akyarlar,True,2025-10-11 10:47:00,4.4,4293,FOOD_BEVERAGE,False,
otel-odasinda-kapi-calmadan-girilmesi-mahremiyetimi-zedeledi,BOD007,Kefaluka Resort,Akyarlar,True,2025-10-11 10:47:00,4.4,4293,ROOM,True,oda
otel-odasinda-kapi-calmadan-girilmesi-mahremiyetimi-zedeledi,BOD007,Kefaluka Resort,Akyarlar,True,2025-10-11 10:47:00,4.4,4293,BEACH_SEA,False,
otel-odasinda-kapi-calmadan-girilmesi-mahremiyetimi-zedeledi,BOD007,Kefaluka Resort,Akyarlar,True,2025-10-11 10:47:00,4.4,4293,POOL,False,
otel-odasinda-kapi-calmadan-girilmesi-mahremiyetimi-zedeledi,BOD007,Kefaluka Resort,Akyarlar,True,2025-10-11 10:47:00,4.4,4293,FACILITIES_MAINTENANCE,True,kapı
otel-odasinda-kapi-calmadan-girilmesi-mahremiyetimi-zedeledi,BOD007,Kefaluka Resort,Akyarlar,True,2025-10-11 10:47:00,4.4,4293,RESERVATION,False,
otel-odasinda-kapi-calmadan-girilmesi-mahremiyetimi-zedeledi,BOD007,Kefaluka Resort,Akyarlar,True,2025-10-11 10:47:00,4.4,4293,PAYMENT_REFUND,False,
otel-odasinda-kapi-calmadan-girilmesi-mahremiyetimi-zedeledi,BOD007,Kefaluka Resort,Akyarlar,True,2025-10-11 10:47:00,4.4,4293,PRICE_VALUE,False,
otel-odasinda-kapi-calmadan-girilmesi-mahremiyetimi-zedeledi,BOD007,Kefaluka Resort,Akyarlar,True,2025-10-11 10:47:00,4.4,4293,CHECKIN_CHECKOUT,False,
otel-odasinda-kapi-calmadan-girilmesi-mahremiyetimi-zedeledi,BOD007,Kefaluka Resort,Akyarlar,True,2025-10-11 10:47:00,4.4,4293,AIR_CONDITIONING,False,
otel-odasinda-kapi-calmadan-girilmesi-mahremiyetimi-zedeledi,BOD007,Kefaluka Resort,Akyarlar,True,2025-10-11 10:47:00,4.4,4293,NOISE,False,
otel-odasinda-kapi-calmadan-girilmesi-mahremiyetimi-zedeledi,BOD007,Kefaluka Resort,Akyarlar,True,2025-10-11 10:47:00,4.4,4293,FAMILY_CHILDREN,False,
otel-odasinda-kapi-calmadan-girilmesi-mahremiyetimi-zedeledi,BOD007,Kefaluka Resort,Akyarlar,True,2025-10-11 10:47:00,4.4,4293,TRANSPORT_TRANSFER,False,
otel-odasinda-kapi-calmadan-girilmesi-mahremiyetimi-zedeledi,BOD007,Kefaluka Resort,Akyarlar,True,2025-10-11 10:47:00,4.4,4293,MANAGEMENT_COMMUNICATION,True,yönetim
otel-odasinda-kapi-calmadan-girilmesi-mahremiyetimi-zedeledi,BOD007,Kefaluka Resort,Akyarlar,True,2025-10-11 10:47:00,4.4,4293,SPA_WELLNESS,False,
otel-odasinda-kapi-calmadan-girilmesi-mahremiyetimi-zedeledi,BOD007,Kefaluka Resort,Akyarlar,True,2025-10-11 10:47:00,4.4,4293,SAFETY_SECURITY,True,güvenlik|güvenli
oda-temizligi-ve-hijyen-eksikligi-nedeniyle-tatil-planimizi-degistirdik,BOD007,Kefaluka Resort,Akyarlar,False,2025-09-06 19:01:00,4.4,4293,STAFF_SERVICE,False,
oda-temizligi-ve-hijyen-eksikligi-nedeniyle-tatil-planimizi-degistirdik,BOD007,Kefaluka Resort,Akyarlar,False,2025-09-06 19:01:00,4.4,4293,CLEANLINESS_HYGIENE,True,oda temizliği|hijyen|temiz|pis
oda-temizligi-ve-hijyen-eksikligi-nedeniyle-tatil-planimizi-degistirdik,BOD007,Kefaluka Resort,Akyarlar,False,2025-09-06 19:01:00,4.4,4293,FOOD_BEVERAGE,False,
oda-temizligi-ve-hijyen-eksikligi-nedeniyle-tatil-planimizi-degistirdik,BOD007,Kefaluka Resort,Akyarlar,False,2025-09-06 19:01:00,4.4,4293,ROOM,True,oda
oda-temizligi-ve-hijyen-eksikligi-nedeniyle-tatil-planimizi-degistirdik,BOD007,Kefaluka Resort,Akyarlar,False,2025-09-06 19:01:00,4.4,4293,BEACH_SEA,False,
oda-temizligi-ve-hijyen-eksikligi-nedeniyle-tatil-planimizi-degistirdik,BOD007,Kefaluka Resort,Akyarlar,False,2025-09-06 19:01:00,4.4,4293,POOL,False,
oda-temizligi-ve-hijyen-eksikligi-nedeniyle-tatil-planimizi-degistirdik,BOD007,Kefaluka Resort,Akyarlar,False,2025-09-06 19:01:00,4.4,4293,FACILITIES_MAINTENANCE,False,
oda-temizligi-ve-hijyen-eksikligi-nedeniyle-tatil-planimizi-degistirdik,BOD007,Kefaluka Resort,Akyarlar,False,2025-09-06 19:01:00,4.4,4293,RESERVATION,False,
oda-temizligi-ve-hijyen-eksikligi-nedeniyle-tatil-planimizi-degistirdik,BOD007,Kefaluka Resort,Akyarlar,False,2025-09-06 19:01:00,4.4,4293,PAYMENT_REFUND,False,
oda-temizligi-ve-hijyen-eksikligi-nedeniyle-tatil-planimizi-degistirdik,BOD007,Kefaluka Resort,Akyarlar,False,2025-09-06 19:01:00,4.4,4293,PRICE_VALUE,False,
oda-temizligi-ve-hijyen-eksikligi-nedeniyle-tatil-planimizi-degistirdik,BOD007,Kefaluka Resort,Akyarlar,False,2025-09-06 19:01:00,4.4,4293,CHECKIN_CHECKOUT,False,
oda-temizligi-ve-hijyen-eksikligi-nedeniyle-tatil-planimizi-degistirdik,BOD007,Kefaluka Resort,Akyarlar,False,2025-09-06 19:01:00,4.4,4293,AIR_CONDITIONING,False,
oda-temizligi-ve-hijyen-eksikligi-nedeniyle-tatil-planimizi-degistirdik,BOD007,Kefaluka Resort,Akyarlar,False,2025-09-06 19:01:00,4.4,4293,NOISE,False,
oda-temizligi-ve-hijyen-eksikligi-nedeniyle-tatil-planimizi-degistirdik,BOD007,Kefaluka Resort,Akyarlar,False,2025-09-06 19:01:00,4.4,4293,FAMILY_CHILDREN,False,
oda-temizligi-ve-hijyen-eksikligi-nedeniyle-tatil-planimizi-degistirdik,BOD007,Kefaluka Resort,Akyarlar,False,2025-09-06 19:01:00,4.4,4293,TRANSPORT_TRANSFER,False,
oda-temizligi-ve-hijyen-eksikligi-nedeniyle-tatil-planimizi-degistirdik,BOD007,Kefaluka Resort,Akyarlar,False,2025-09-06 19:01:00,4.4,4293,MANAGEMENT_COMMUNICATION,True,çözüm sunulmadı
oda-temizligi-ve-hijyen-eksikligi-nedeniyle-tatil-planimizi-degistirdik,BOD007,Kefaluka Resort,Akyarlar,False,2025-09-06 19:01:00,4.4,4293,SPA_WELLNESS,False,
oda-temizligi-ve-hijyen-eksikligi-nedeniyle-tatil-planimizi-degistirdik,BOD007,Kefaluka Resort,Akyarlar,False,2025-09-06 19:01:00,4.4,4293,SAFETY_SECURITY,False,
sahte-rezervasyon-sitesi-nedeniyle-magduriyet-yasadim,BOD007,Kefaluka Resort,Akyarlar,False,2025-08-22 23:48:00,4.4,4293,STAFF_SERVICE,False,
sahte-rezervasyon-sitesi-nedeniyle-magduriyet-yasadim,BOD007,Kefaluka Resort,Akyarlar,False,2025-08-22 23:48:00,4.4,4293,CLEANLINESS_HYGIENE,False,
sahte-rezervasyon-sitesi-nedeniyle-magduriyet-yasadim,BOD007,Kefaluka Resort,Akyarlar,False,2025-08-22 23:48:00,4.4,4293,FOOD_BEVERAGE,False,
sahte-rezervasyon-sitesi-nedeniyle-magduriyet-yasadim,BOD007,Kefaluka Resort,Akyarlar,False,2025-08-22 23:48:00,4.4,4293,ROOM,False,
sahte-rezervasyon-sitesi-nedeniyle-magduriyet-yasadim,BOD007,Kefaluka Resort,Akyarlar,False,2025-08-22 23:48:00,4.4,4293,BEACH_SEA,False,
sahte-rezervasyon-sitesi-nedeniyle-magduriyet-yasadim,BOD007,Kefaluka Resort,Akyarlar,False,2025-08-22 23:48:00,4.4,4293,POOL,False,
sahte-rezervasyon-sitesi-nedeniyle-magduriyet-yasadim,BOD007,Kefaluka Resort,Akyarlar,False,2025-08-22 23:48:00,4.4,4293,FACILITIES_MAINTENANCE,False,
sahte-rezervasyon-sitesi-nedeniyle-magduriyet-yasadim,BOD007,Kefaluka Resort,Akyarlar,False,2025-08-22 23:48:00,4.4,4293,RESERVATION,True,rezervasyon
sahte-rezervasyon-sitesi-nedeniyle-magduriyet-yasadim,BOD007,Kefaluka Resort,Akyarlar,False,2025-08-22 23:48:00,4.4,4293,PAYMENT_REFUND,True,ödeme|iade
sahte-rezervasyon-sitesi-nedeniyle-magduriyet-yasadim,BOD007,Kefaluka Resort,Akyarlar,False,2025-08-22 23:48:00,4.4,4293,PRICE_VALUE,False,
sahte-rezervasyon-sitesi-nedeniyle-magduriyet-yasadim,BOD007,Kefaluka Resort,Akyarlar,False,2025-08-22 23:48:00,4.4,4293,CHECKIN_CHECKOUT,False,
sahte-rezervasyon-sitesi-nedeniyle-magduriyet-yasadim,BOD007,Kefaluka Resort,Akyarlar,False,2025-08-22 23:48:00,4.4,4293,AIR_CONDITIONING,False,
sahte-rezervasyon-sitesi-nedeniyle-magduriyet-yasadim,BOD007,Kefaluka Resort,Akyarlar,False,2025-08-22 23:48:00,4.4,4293,NOISE,False,
sahte-rezervasyon-sitesi-nedeniyle-magduriyet-yasadim,BOD007,Kefaluka Resort,Akyarlar,False,2025-08-22 23:48:00,4.4,4293,FAMILY_CHILDREN,False,
sahte-rezervasyon-sitesi-nedeniyle-magduriyet-yasadim,BOD007,Kefaluka Resort,Akyarlar,False,2025-08-22 23:48:00,4.4,4293,TRANSPORT_TRANSFER,False,
sahte-rezervasyon-sitesi-nedeniyle-magduriyet-yasadim,BOD007,Kefaluka Resort,Akyarlar,False,2025-08-22 23:48:00,4.4,4293,MANAGEMENT_COMMUNICATION,True,ulaşamadım|iletişim|yönetim|yetkili
sahte-rezervasyon-sitesi-nedeniyle-magduriyet-yasadim,BOD007,Kefaluka Resort,Akyarlar,False,2025-08-22 23:48:00,4.4,4293,SPA_WELLNESS,False,
sahte-rezervasyon-sitesi-nedeniyle-magduriyet-yasadim,BOD007,Kefaluka Resort,Akyarlar,False,2025-08-22 23:48:00,4.4,4293,SAFETY_SECURITY,False,
hijyen-ve-guvenlik-sorunlari-nedeniyle-hayal-kirikligi-yaratan-tatil-deneyimi,BOD007,Kefaluka Resort,Akyarlar,True,2025-08-20 01:01:00,4.4,4293,STAFF_SERVICE,False,
hijyen-ve-guvenlik-sorunlari-nedeniyle-hayal-kirikligi-yaratan-tatil-deneyimi,BOD007,Kefaluka Resort,Akyarlar,True,2025-08-20 01:01:00,4.4,4293,CLEANLINESS_HYGIENE,True,temizlik|hijyen|temiz|havlu|koku
hijyen-ve-guvenlik-sorunlari-nedeniyle-hayal-kirikligi-yaratan-tatil-deneyimi,BOD007,Kefaluka Resort,Akyarlar,True,2025-08-20 01:01:00,4.4,4293,FOOD_BEVERAGE,False,
hijyen-ve-guvenlik-sorunlari-nedeniyle-hayal-kirikligi-yaratan-tatil-deneyimi,BOD007,Kefaluka Resort,Akyarlar,True,2025-08-20 01:01:00,4.4,4293,ROOM,True,banyo|oda|duş
hijyen-ve-guvenlik-sorunlari-nedeniyle-hayal-kirikligi-yaratan-tatil-deneyimi,BOD007,Kefaluka Resort,Akyarlar,True,2025-08-20 01:01:00,4.4,4293,BEACH_SEA,True,deniz
hijyen-ve-guvenlik-sorunlari-nedeniyle-hayal-kirikligi-yaratan-tatil-deneyimi,BOD007,Kefaluka Resort,Akyarlar,True,2025-08-20 01:01:00,4.4,4293,POOL,False,
hijyen-ve-guvenlik-sorunlari-nedeniyle-hayal-kirikligi-yaratan-tatil-deneyimi,BOD007,Kefaluka Resort,Akyarlar,True,2025-08-20 01:01:00,4.4,4293,FACILITIES_MAINTENANCE,True,bozuk|kapı
hijyen-ve-guvenlik-sorunlari-nedeniyle-hayal-kirikligi-yaratan-tatil-deneyimi,BOD007,Kefaluka Resort,Akyarlar,True,2025-08-20 01:01:00,4.4,4293,RESERVATION,True,rezervasyon
hijyen-ve-guvenlik-sorunlari-nedeniyle-hayal-kirikligi-yaratan-tatil-deneyimi,BOD007,Kefaluka Resort,Akyarlar,True,2025-08-20 01:01:00,4.4,4293,PAYMENT_REFUND,True,ücret iadesi|ödeme|iade
hijyen-ve-guvenlik-sorunlari-nedeniyle-hayal-kirikligi-yaratan-tatil-deneyimi,BOD007,Kefaluka Resort,Akyarlar,True,2025-08-20 01:01:00,4.4,4293,PRICE_VALUE,True,ücret
hijyen-ve-guvenlik-sorunlari-nedeniyle-hayal-kirikligi-yaratan-tatil-deneyimi,BOD007,Kefaluka Resort,Akyarlar,True,2025-08-20 01:01:00,4.4,4293,CHECKIN_CHECKOUT,False,
hijyen-ve-guvenlik-sorunlari-nedeniyle-hayal-kirikligi-yaratan-tatil-deneyimi,BOD007,Kefaluka Resort,Akyarlar,True,2025-08-20 01:01:00,4.4,4293,AIR_CONDITIONING,False,
hijyen-ve-guvenlik-sorunlari-nedeniyle-hayal-kirikligi-yaratan-tatil-deneyimi,BOD007,Kefaluka Resort,Akyarlar,True,2025-08-20 01:01:00,4.4,4293,NOISE,False,
hijyen-ve-guvenlik-sorunlari-nedeniyle-hayal-kirikligi-yaratan-tatil-deneyimi,BOD007,Kefaluka Resort,Akyarlar,True,2025-08-20 01:01:00,4.4,4293,FAMILY_CHILDREN,True,çocuk
hijyen-ve-guvenlik-sorunlari-nedeniyle-hayal-kirikligi-yaratan-tatil-deneyimi,BOD007,Kefaluka Resort,Akyarlar,True,2025-08-20 01:01:00,4.4,4293,TRANSPORT_TRANSFER,False,
hijyen-ve-guvenlik-sorunlari-nedeniyle-hayal-kirikligi-yaratan-tatil-deneyimi,BOD007,Kefaluka Resort,Akyarlar,True,2025-08-20 01:01:00,4.4,4293,MANAGEMENT_COMMUNICATION,True,çözüm sunulmadı|yönetim|yetkili|telefon
hijyen-ve-guvenlik-sorunlari-nedeniyle-hayal-kirikligi-yaratan-tatil-deneyimi,BOD007,Kefaluka Resort,Akyarlar,True,2025-08-20 01:01:00,4.4,4293,SPA_WELLNESS,False,
hijyen-ve-guvenlik-sorunlari-nedeniyle-hayal-kirikligi-yaratan-tatil-deneyimi,BOD007,Kefaluka Resort,Akyarlar,True,2025-08-20 01:01:00,4.4,4293,SAFETY_SECURITY,True,güvenli
yemek-saatleri-bilgilendirilmemesi-ve-cocuklu-aileler-icin-yetersiz-karsilama,BOD007,Kefaluka Resort,Akyarlar,True,2025-08-08 18:25:00,4.4,4293,STAFF_SERVICE,False,
yemek-saatleri-bilgilendirilmemesi-ve-cocuklu-aileler-icin-yetersiz-karsilama,BOD007,Kefaluka Resort,Akyarlar,True,2025-08-08 18:25:00,4.4,4293,CLEANLINESS_HYGIENE,False,
yemek-saatleri-bilgilendirilmemesi-ve-cocuklu-aileler-icin-yetersiz-karsilama,BOD007,Kefaluka Resort,Akyarlar,True,2025-08-08 18:25:00,4.4,4293,FOOD_BEVERAGE,True,her şey dahil|restoran|yemek
yemek-saatleri-bilgilendirilmemesi-ve-cocuklu-aileler-icin-yetersiz-karsilama,BOD007,Kefaluka Resort,Akyarlar,True,2025-08-08 18:25:00,4.4,4293,ROOM,True,oda
yemek-saatleri-bilgilendirilmemesi-ve-cocuklu-aileler-icin-yetersiz-karsilama,BOD007,Kefaluka Resort,Akyarlar,True,2025-08-08 18:25:00,4.4,4293,BEACH_SEA,False,
yemek-saatleri-bilgilendirilmemesi-ve-cocuklu-aileler-icin-yetersiz-karsilama,BOD007,Kefaluka Resort,Akyarlar,True,2025-08-08 18:25:00,4.4,4293,POOL,False,
yemek-saatleri-bilgilendirilmemesi-ve-cocuklu-aileler-icin-yetersiz-karsilama,BOD007,Kefaluka Resort,Akyarlar,True,2025-08-08 18:25:00,4.4,4293,FACILITIES_MAINTENANCE,True,kırık
yemek-saatleri-bilgilendirilmemesi-ve-cocuklu-aileler-icin-yetersiz-karsilama,BOD007,Kefaluka Resort,Akyarlar,True,2025-08-08 18:25:00,4.4,4293,RESERVATION,True,rezervasyon
yemek-saatleri-bilgilendirilmemesi-ve-cocuklu-aileler-icin-yetersiz-karsilama,BOD007,Kefaluka Resort,Akyarlar,True,2025-08-08 18:25:00,4.4,4293,PAYMENT_REFUND,True,ücret iadesi|iade
yemek-saatleri-bilgilendirilmemesi-ve-cocuklu-aileler-icin-yetersiz-karsilama,BOD007,Kefaluka Resort,Akyarlar,True,2025-08-08 18:25:00,4.4,4293,PRICE_VALUE,True,ödediğimiz|ücret
yemek-saatleri-bilgilendirilmemesi-ve-cocuklu-aileler-icin-yetersiz-karsilama,BOD007,Kefaluka Resort,Akyarlar,True,2025-08-08 18:25:00,4.4,4293,CHECKIN_CHECKOUT,False,
yemek-saatleri-bilgilendirilmemesi-ve-cocuklu-aileler-icin-yetersiz-karsilama,BOD007,Kefaluka Resort,Akyarlar,True,2025-08-08 18:25:00,4.4,4293,AIR_CONDITIONING,False,
yemek-saatleri-bilgilendirilmemesi-ve-cocuklu-aileler-icin-yetersiz-karsilama,BOD007,Kefaluka Resort,Akyarlar,True,2025-08-08 18:25:00,4.4,4293,NOISE,False,
yemek-saatleri-bilgilendirilmemesi-ve-cocuklu-aileler-icin-yetersiz-karsilama,BOD007,Kefaluka Resort,Akyarlar,True,2025-08-08 18:25:00,4.4,4293,FAMILY_CHILDREN,True,çocuğum|çocuk|aile
yemek-saatleri-bilgilendirilmemesi-ve-cocuklu-aileler-icin-yetersiz-karsilama,BOD007,Kefaluka Resort,Akyarlar,True,2025-08-08 18:25:00,4.4,4293,TRANSPORT_TRANSFER,False,
yemek-saatleri-bilgilendirilmemesi-ve-cocuklu-aileler-icin-yetersiz-karsilama,BOD007,Kefaluka Resort,Akyarlar,True,2025-08-08 18:25:00,4.4,4293,MANAGEMENT_COMMUNICATION,True,geri dönüş|bilgilendirme|yönetici|telefon|müdür
yemek-saatleri-bilgilendirilmemesi-ve-cocuklu-aileler-icin-yetersiz-karsilama,BOD007,Kefaluka Resort,Akyarlar,True,2025-08-08 18:25:00,4.4,4293,SPA_WELLNESS,False,
yemek-saatleri-bilgilendirilmemesi-ve-cocuklu-aileler-icin-yetersiz-karsilama,BOD007,Kefaluka Resort,Akyarlar,True,2025-08-08 18:25:00,4.4,4293,SAFETY_SECURITY,False,
otel-rezervasyonunda-yasanan-buyuk-magduriyet-1,BOD007,Kefaluka Resort,Akyarlar,True,,4.4,4293,STAFF_SERVICE,True,çalışan
otel-rezervasyonunda-yasanan-buyuk-magduriyet-1,BOD007,Kefaluka Resort,Akyarlar,True,,4.4,4293,CLEANLINESS_HYGIENE,False,
otel-rezervasyonunda-yasanan-buyuk-magduriyet-1,BOD007,Kefaluka Resort,Akyarlar,True,,4.4,4293,FOOD_BEVERAGE,False,
otel-rezervasyonunda-yasanan-buyuk-magduriyet-1,BOD007,Kefaluka Resort,Akyarlar,True,,4.4,4293,ROOM,False,
otel-rezervasyonunda-yasanan-buyuk-magduriyet-1,BOD007,Kefaluka Resort,Akyarlar,True,,4.4,4293,BEACH_SEA,False,
otel-rezervasyonunda-yasanan-buyuk-magduriyet-1,BOD007,Kefaluka Resort,Akyarlar,True,,4.4,4293,POOL,False,
otel-rezervasyonunda-yasanan-buyuk-magduriyet-1,BOD007,Kefaluka Resort,Akyarlar,True,,4.4,4293,FACILITIES_MAINTENANCE,False,
otel-rezervasyonunda-yasanan-buyuk-magduriyet-1,BOD007,Kefaluka Resort,Akyarlar,True,,4.4,4293,RESERVATION,True,rezervasyon|iptal
otel-rezervasyonunda-yasanan-buyuk-magduriyet-1,BOD007,Kefaluka Resort,Akyarlar,True,,4.4,4293,PAYMENT_REFUND,True,ödeme
otel-rezervasyonunda-yasanan-buyuk-magduriyet-1,BOD007,Kefaluka Resort,Akyarlar,True,,4.4,4293,PRICE_VALUE,True,fiyat|ücret
otel-rezervasyonunda-yasanan-buyuk-magduriyet-1,BOD007,Kefaluka Resort,Akyarlar,True,,4.4,4293,CHECKIN_CHECKOUT,False,
otel-rezervasyonunda-yasanan-buyuk-magduriyet-1,BOD007,Kefaluka Resort,Akyarlar,True,,4.4,4293,AIR_CONDITIONING,False,
otel-rezervasyonunda-yasanan-buyuk-magduriyet-1,BOD007,Kefaluka Resort,Akyarlar,True,,4.4,4293,NOISE,False,
otel-rezervasyonunda-yasanan-buyuk-magduriyet-1,BOD007,Kefaluka Resort,Akyarlar,True,,4.4,4293,FAMILY_CHILDREN,False,
otel-rezervasyonunda-yasanan-buyuk-magduriyet-1,BOD007,Kefaluka Resort,Akyarlar,True,,4.4,4293,TRANSPORT_TRANSFER,False,
otel-rezervasyonunda-yasanan-buyuk-magduriyet-1,BOD007,Kefaluka Resort,Akyarlar,True,,4.4,4293,MANAGEMENT_COMMUNICATION,True,yönetim|telefon
otel-rezervasyonunda-yasanan-buyuk-magduriyet-1,BOD007,Kefaluka Resort,Akyarlar,True,,4.4,4293,SPA_WELLNESS,False,
otel-rezervasyonunda-yasanan-buyuk-magduriyet-1,BOD007,Kefaluka Resort,Akyarlar,True,,4.4,4293,SAFETY_SECURITY,False,
sahte-web-sitesi-uzerinden-kefaluka-otel-rezervasyonunda-magduriyet,BOD007,Kefaluka Resort,Akyarlar,True,2025-08-03 14:29:00,4.4,4293,STAFF_SERVICE,False,
sahte-web-sitesi-uzerinden-kefaluka-otel-rezervasyonunda-magduriyet,BOD007,Kefaluka Resort,Akyarlar,True,2025-08-03 14:29:00,4.4,4293,CLEANLINESS_HYGIENE,False,
sahte-web-sitesi-uzerinden-kefaluka-otel-rezervasyonunda-magduriyet,BOD007,Kefaluka Resort,Akyarlar,True,2025-08-03 14:29:00,4.4,4293,FOOD_BEVERAGE,False,
sahte-web-sitesi-uzerinden-kefaluka-otel-rezervasyonunda-magduriyet,BOD007,Kefaluka Resort,Akyarlar,True,2025-08-03 14:29:00,4.4,4293,ROOM,False,
sahte-web-sitesi-uzerinden-kefaluka-otel-rezervasyonunda-magduriyet,BOD007,Kefaluka Resort,Akyarlar,True,2025-08-03 14:29:00,4.4,4293,BEACH_SEA,False,
sahte-web-sitesi-uzerinden-kefaluka-otel-rezervasyonunda-magduriyet,BOD007,Kefaluka Resort,Akyarlar,True,2025-08-03 14:29:00,4.4,4293,POOL,False,
sahte-web-sitesi-uzerinden-kefaluka-otel-rezervasyonunda-magduriyet,BOD007,Kefaluka Resort,Akyarlar,True,2025-08-03 14:29:00,4.4,4293,FACILITIES_MAINTENANCE,False,
sahte-web-sitesi-uzerinden-kefaluka-otel-rezervasyonunda-magduriyet,BOD007,Kefaluka Resort,Akyarlar,True,2025-08-03 14:29:00,4.4,4293,RESERVATION,True,rezervasyon
sahte-web-sitesi-uzerinden-kefaluka-otel-rezervasyonunda-magduriyet,BOD007,Kefaluka Resort,Akyarlar,True,2025-08-03 14:29:00,4.4,4293,PAYMENT_REFUND,False,
sahte-web-sitesi-uzerinden-kefaluka-otel-rezervasyonunda-magduriyet,BOD007,Kefaluka Resort,Akyarlar,True,2025-08-03 14:29:00,4.4,4293,PRICE_VALUE,True,fiyat
sahte-web-sitesi-uzerinden-kefaluka-otel-rezervasyonunda-magduriyet,BOD007,Kefaluka Resort,Akyarlar,True,2025-08-03 14:29:00,4.4,4293,CHECKIN_CHECKOUT,False,
sahte-web-sitesi-uzerinden-kefaluka-otel-rezervasyonunda-magduriyet,BOD007,Kefaluka Resort,Akyarlar,True,2025-08-03 14:29:00,4.4,4293,AIR_CONDITIONING,False,
sahte-web-sitesi-uzerinden-kefaluka-otel-rezervasyonunda-magduriyet,BOD007,Kefaluka Resort,Akyarlar,True,2025-08-03 14:29:00,4.4,4293,NOISE,False,
sahte-web-sitesi-uzerinden-kefaluka-otel-rezervasyonunda-magduriyet,BOD007,Kefaluka Resort,Akyarlar,True,2025-08-03 14:29:00,4.4,4293,FAMILY_CHILDREN,False,
sahte-web-sitesi-uzerinden-kefaluka-otel-rezervasyonunda-magduriyet,BOD007,Kefaluka Resort,Akyarlar,True,2025-08-03 14:29:00,4.4,4293,TRANSPORT_TRANSFER,False,
sahte-web-sitesi-uzerinden-kefaluka-otel-rezervasyonunda-magduriyet,BOD007,Kefaluka Resort,Akyarlar,True,2025-08-03 14:29:00,4.4,4293,MANAGEMENT_COMMUNICATION,False,
sahte-web-sitesi-uzerinden-kefaluka-otel-rezervasyonunda-magduriyet,BOD007,Kefaluka Resort,Akyarlar,True,2025-08-03 14:29:00,4.4,4293,SPA_WELLNESS,False,
sahte-web-sitesi-uzerinden-kefaluka-otel-rezervasyonunda-magduriyet,BOD007,Kefaluka Resort,Akyarlar,True,2025-08-03 14:29:00,4.4,4293,SAFETY_SECURITY,False,
kefaluka-resort-dogum-gunumde-yasadigimiz-hayal-kirikligi-ve-ilgisizlik,BOD007,Kefaluka Resort,Akyarlar,True,2025-07-21 22:27:00,4.4,4293,STAFF_SERVICE,True,saygısız|ilgisiz|servis|kaba
kefaluka-resort-dogum-gunumde-yasadigimiz-hayal-kirikligi-ve-ilgisizlik,BOD007,Kefaluka Resort,Akyarlar,True,2025-07-21 22:27:00,4.4,4293,CLEANLINESS_HYGIENE,True,kirli
kefaluka-resort-dogum-gunumde-yasadigimiz-hayal-kirikligi-ve-ilgisizlik,BOD007,Kefaluka Resort,Akyarlar,True,2025-07-21 22:27:00,4.4,4293,FOOD_BEVERAGE,True,a la carte|restoran
kefaluka-resort-dogum-gunumde-yasadigimiz-hayal-kirikligi-ve-ilgisizlik,BOD007,Kefaluka Resort,Akyarlar,True,2025-07-21 22:27:00,4.4,4293,ROOM,True,yatak|oda
kefaluka-resort-dogum-gunumde-yasadigimiz-hayal-kirikligi-ve-ilgisizlik,BOD007,Kefaluka Resort,Akyarlar,True,2025-07-21 22:27:00,4.4,4293,BEACH_SEA,False,
kefaluka-resort-dogum-gunumde-yasadigimiz-hayal-kirikligi-ve-ilgisizlik,BOD007,Kefaluka Resort,Akyarlar,True,2025-07-21 22:27:00,4.4,4293,POOL,False,
kefaluka-resort-dogum-gunumde-yasadigimiz-hayal-kirikligi-ve-ilgisizlik,BOD007,Kefaluka Resort,Akyarlar,True,2025-07-21 22:27:00,4.4,4293,FACILITIES_MAINTENANCE,True,asansör
kefaluka-resort-dogum-gunumde-yasadigimiz-hayal-kirikligi-ve-ilgisizlik,BOD007,Kefaluka Resort,Akyarlar,True,2025-07-21 22:27:00,4.4,4293,RESERVATION,True,rezervasyon
kefaluka-resort-dogum-gunumde-yasadigimiz-hayal-kirikligi-ve-ilgisizlik,BOD007,Kefaluka Resort,Akyarlar,True,2025-07-21 22:27:00,4.4,4293,PAYMENT_REFUND,False,
kefaluka-resort-dogum-gunumde-yasadigimiz-hayal-kirikligi-ve-ilgisizlik,BOD007,Kefaluka Resort,Akyarlar,True,2025-07-21 22:27:00,4.4,4293,PRICE_VALUE,False,
kefaluka-resort-dogum-gunumde-yasadigimiz-hayal-kirikligi-ve-ilgisizlik,BOD007,Kefaluka Resort,Akyarlar,True,2025-07-21 22:27:00,4.4,4293,CHECKIN_CHECKOUT,False,
kefaluka-resort-dogum-gunumde-yasadigimiz-hayal-kirikligi-ve-ilgisizlik,BOD007,Kefaluka Resort,Akyarlar,True,2025-07-21 22:27:00,4.4,4293,AIR_CONDITIONING,False,
kefaluka-resort-dogum-gunumde-yasadigimiz-hayal-kirikligi-ve-ilgisizlik,BOD007,Kefaluka Resort,Akyarlar,True,2025-07-21 22:27:00,4.4,4293,NOISE,False,
kefaluka-resort-dogum-gunumde-yasadigimiz-hayal-kirikligi-ve-ilgisizlik,BOD007,Kefaluka Resort,Akyarlar,True,2025-07-21 22:27:00,4.4,4293,FAMILY_CHILDREN,False,
kefaluka-resort-dogum-gunumde-yasadigimiz-hayal-kirikligi-ve-ilgisizlik,BOD007,Kefaluka Resort,Akyarlar,True,2025-07-21 22:27:00,4.4,4293,TRANSPORT_TRANSFER,False,
kefaluka-resort-dogum-gunumde-yasadigimiz-hayal-kirikligi-ve-ilgisizlik,BOD007,Kefaluka Resort,Akyarlar,True,2025-07-21 22:27:00,4.4,4293,MANAGEMENT_COMMUNICATION,True,müdür
kefaluka-resort-dogum-gunumde-yasadigimiz-hayal-kirikligi-ve-ilgisizlik,BOD007,Kefaluka Resort,Akyarlar,True,2025-07-21 22:27:00,4.4,4293,SPA_WELLNESS,False,
kefaluka-resort-dogum-gunumde-yasadigimiz-hayal-kirikligi-ve-ilgisizlik,BOD007,Kefaluka Resort,Akyarlar,True,2025-07-21 22:27:00,4.4,4293,SAFETY_SECURITY,False,
otel-icindeki-kiralik-hizmetlerde-yasanan-iletisim-ve-odeme-sorunlari-huzurumuzu-kacirdi,BOD007,Kefaluka Resort,Akyarlar,False,2025-07-21 15:09:00,4.4,4293,STAFF_SERVICE,True,hizmet
otel-icindeki-kiralik-hizmetlerde-yasanan-iletisim-ve-odeme-sorunlari-huzurumuzu-kacirdi,BOD007,Kefaluka Resort,Akyarlar,False,2025-07-21 15:09:00,4.4,4293,CLEANLINESS_HYGIENE,False,
otel-icindeki-kiralik-hizmetlerde-yasanan-iletisim-ve-odeme-sorunlari-huzurumuzu-kacirdi,BOD007,Kefaluka Resort,Akyarlar,False,2025-07-21 15:09:00,4.4,4293,FOOD_BEVERAGE,False,
otel-icindeki-kiralik-hizmetlerde-yasanan-iletisim-ve-odeme-sorunlari-huzurumuzu-kacirdi,BOD007,Kefaluka Resort,Akyarlar,False,2025-07-21 15:09:00,4.4,4293,ROOM,False,
otel-icindeki-kiralik-hizmetlerde-yasanan-iletisim-ve-odeme-sorunlari-huzurumuzu-kacirdi,BOD007,Kefaluka Resort,Akyarlar,False,2025-07-21 15:09:00,4.4,4293,BEACH_SEA,False,
otel-icindeki-kiralik-hizmetlerde-yasanan-iletisim-ve-odeme-sorunlari-huzurumuzu-kacirdi,BOD007,Kefaluka Resort,Akyarlar,False,2025-07-21 15:09:00,4.4,4293,POOL,True,havuz
otel-icindeki-kiralik-hizmetlerde-yasanan-iletisim-ve-odeme-sorunlari-huzurumuzu-kacirdi,BOD007,Kefaluka Resort,Akyarlar,False,2025-07-21 15:09:00,4.4,4293,FACILITIES_MAINTENANCE,False,
otel-icindeki-kiralik-hizmetlerde-yasanan-iletisim-ve-odeme-sorunlari-huzurumuzu-kacirdi,BOD007,Kefaluka Resort,Akyarlar,False,2025-07-21 15:09:00,4.4,4293,RESERVATION,True,iptal
otel-icindeki-kiralik-hizmetlerde-yasanan-iletisim-ve-odeme-sorunlari-huzurumuzu-kacirdi,BOD007,Kefaluka Resort,Akyarlar,False,2025-07-21 15:09:00,4.4,4293,PAYMENT_REFUND,True,ödeme
otel-icindeki-kiralik-hizmetlerde-yasanan-iletisim-ve-odeme-sorunlari-huzurumuzu-kacirdi,BOD007,Kefaluka Resort,Akyarlar,False,2025-07-21 15:09:00,4.4,4293,PRICE_VALUE,False,
otel-icindeki-kiralik-hizmetlerde-yasanan-iletisim-ve-odeme-sorunlari-huzurumuzu-kacirdi,BOD007,Kefaluka Resort,Akyarlar,False,2025-07-21 15:09:00,4.4,4293,CHECKIN_CHECKOUT,False,
otel-icindeki-kiralik-hizmetlerde-yasanan-iletisim-ve-odeme-sorunlari-huzurumuzu-kacirdi,BOD007,Kefaluka Resort,Akyarlar,False,2025-07-21 15:09:00,4.4,4293,AIR_CONDITIONING,False,
otel-icindeki-kiralik-hizmetlerde-yasanan-iletisim-ve-odeme-sorunlari-huzurumuzu-kacirdi,BOD007,Kefaluka Resort,Akyarlar,False,2025-07-21 15:09:00,4.4,4293,NOISE,False,
otel-icindeki-kiralik-hizmetlerde-yasanan-iletisim-ve-odeme-sorunlari-huzurumuzu-kacirdi,BOD007,Kefaluka Resort,Akyarlar,False,2025-07-21 15:09:00,4.4,4293,FAMILY_CHILDREN,False,
otel-icindeki-kiralik-hizmetlerde-yasanan-iletisim-ve-odeme-sorunlari-huzurumuzu-kacirdi,BOD007,Kefaluka Resort,Akyarlar,False,2025-07-21 15:09:00,4.4,4293,TRANSPORT_TRANSFER,False,
otel-icindeki-kiralik-hizmetlerde-yasanan-iletisim-ve-odeme-sorunlari-huzurumuzu-kacirdi,BOD007,Kefaluka Resort,Akyarlar,False,2025-07-21 15:09:00,4.4,4293,MANAGEMENT_COMMUNICATION,True,yetkili|telefon
otel-icindeki-kiralik-hizmetlerde-yasanan-iletisim-ve-odeme-sorunlari-huzurumuzu-kacirdi,BOD007,Kefaluka Resort,Akyarlar,False,2025-07-21 15:09:00,4.4,4293,SPA_WELLNESS,True,masaj|spa
otel-icindeki-kiralik-hizmetlerde-yasanan-iletisim-ve-odeme-sorunlari-huzurumuzu-kacirdi,BOD007,Kefaluka Resort,Akyarlar,False,2025-07-21 15:09:00,4.4,4293,SAFETY_SECURITY,False,
bodrum-kefaluka-resort-otelde-hijyen-ve-hizmet-sorunlari,BOD007,Kefaluka Resort,Akyarlar,True,2025-07-17 11:52:00,4.4,4293,STAFF_SERVICE,True,hizmet
bodrum-kefaluka-resort-otelde-hijyen-ve-hizmet-sorunlari,BOD007,Kefaluka Resort,Akyarlar,True,2025-07-17 11:52:00,4.4,4293,CLEANLINESS_HYGIENE,True,hijyen|çarşaf
bodrum-kefaluka-resort-otelde-hijyen-ve-hizmet-sorunlari,BOD007,Kefaluka Resort,Akyarlar,True,2025-07-17 11:52:00,4.4,4293,FOOD_BEVERAGE,False,
bodrum-kefaluka-resort-otelde-hijyen-ve-hizmet-sorunlari,BOD007,Kefaluka Resort,Akyarlar,True,2025-07-17 11:52:00,4.4,4293,ROOM,True,yatak
bodrum-kefaluka-resort-otelde-hijyen-ve-hizmet-sorunlari,BOD007,Kefaluka Resort,Akyarlar,True,2025-07-17 11:52:00,4.4,4293,BEACH_SEA,False,
bodrum-kefaluka-resort-otelde-hijyen-ve-hizmet-sorunlari,BOD007,Kefaluka Resort,Akyarlar,True,2025-07-17 11:52:00,4.4,4293,POOL,False,
bodrum-kefaluka-resort-otelde-hijyen-ve-hizmet-sorunlari,BOD007,Kefaluka Resort,Akyarlar,True,2025-07-17 11:52:00,4.4,4293,FACILITIES_MAINTENANCE,False,
bodrum-kefaluka-resort-otelde-hijyen-ve-hizmet-sorunlari,BOD007,Kefaluka Resort,Akyarlar,True,2025-07-17 11:52:00,4.4,4293,RESERVATION,False,
bodrum-kefaluka-resort-otelde-hijyen-ve-hizmet-sorunlari,BOD007,Kefaluka Resort,Akyarlar,True,2025-07-17 11:52:00,4.4,4293,PAYMENT_REFUND,True,ödeme
bodrum-kefaluka-resort-otelde-hijyen-ve-hizmet-sorunlari,BOD007,Kefaluka Resort,Akyarlar,True,2025-07-17 11:52:00,4.4,4293,PRICE_VALUE,True,ücret
bodrum-kefaluka-resort-otelde-hijyen-ve-hizmet-sorunlari,BOD007,Kefaluka Resort,Akyarlar,True,2025-07-17 11:52:00,4.4,4293,CHECKIN_CHECKOUT,False,
bodrum-kefaluka-resort-otelde-hijyen-ve-hizmet-sorunlari,BOD007,Kefaluka Resort,Akyarlar,True,2025-07-17 11:52:00,4.4,4293,AIR_CONDITIONING,False,
bodrum-kefaluka-resort-otelde-hijyen-ve-hizmet-sorunlari,BOD007,Kefaluka Resort,Akyarlar,True,2025-07-17 11:52:00,4.4,4293,NOISE,False,
bodrum-kefaluka-resort-otelde-hijyen-ve-hizmet-sorunlari,BOD007,Kefaluka Resort,Akyarlar,True,2025-07-17 11:52:00,4.4,4293,FAMILY_CHILDREN,True,çocuk
bodrum-kefaluka-resort-otelde-hijyen-ve-hizmet-sorunlari,BOD007,Kefaluka Resort,Akyarlar,True,2025-07-17 11:52:00,4.4,4293,TRANSPORT_TRANSFER,False,
bodrum-kefaluka-resort-otelde-hijyen-ve-hizmet-sorunlari,BOD007,Kefaluka Resort,Akyarlar,True,2025-07-17 11:52:00,4.4,4293,MANAGEMENT_COMMUNICATION,False,
bodrum-kefaluka-resort-otelde-hijyen-ve-hizmet-sorunlari,BOD007,Kefaluka Resort,Akyarlar,True,2025-07-17 11:52:00,4.4,4293,SPA_WELLNESS,False,
bodrum-kefaluka-resort-otelde-hijyen-ve-hizmet-sorunlari,BOD007,Kefaluka Resort,Akyarlar,True,2025-07-17 11:52:00,4.4,4293,SAFETY_SECURITY,True,güvenlik|güvenli|sağlık
kefaluka-resortta-konaklama-sonrasi-gida-zehirlenmesi-ve-saglik-sorunlari,BOD007,Kefaluka Resort,Akyarlar,True,2025-06-22 14:37:00,4.4,4293,STAFF_SERVICE,False,
kefaluka-resortta-konaklama-sonrasi-gida-zehirlenmesi-ve-saglik-sorunlari,BOD007,Kefaluka Resort,Akyarlar,True,2025-06-22 14:37:00,4.4,4293,CLEANLINESS_HYGIENE,False,
kefaluka-resortta-konaklama-sonrasi-gida-zehirlenmesi-ve-saglik-sorunlari,BOD007,Kefaluka Resort,Akyarlar,True,2025-06-22 14:37:00,4.4,4293,FOOD_BEVERAGE,False,
kefaluka-resortta-konaklama-sonrasi-gida-zehirlenmesi-ve-saglik-sorunlari,BOD007,Kefaluka Resort,Akyarlar,True,2025-06-22 14:37:00,4.4,4293,ROOM,False,
kefaluka-resortta-konaklama-sonrasi-gida-zehirlenmesi-ve-saglik-sorunlari,BOD007,Kefaluka Resort,Akyarlar,True,2025-06-22 14:37:00,4.4,4293,BEACH_SEA,False,
kefaluka-resortta-konaklama-sonrasi-gida-zehirlenmesi-ve-saglik-sorunlari,BOD007,Kefaluka Resort,Akyarlar,True,2025-06-22 14:37:00,4.4,4293,POOL,False,
kefaluka-resortta-konaklama-sonrasi-gida-zehirlenmesi-ve-saglik-sorunlari,BOD007,Kefaluka Resort,Akyarlar,True,2025-06-22 14:37:00,4.4,4293,FACILITIES_MAINTENANCE,False,
kefaluka-resortta-konaklama-sonrasi-gida-zehirlenmesi-ve-saglik-sorunlari,BOD007,Kefaluka Resort,Akyarlar,True,2025-06-22 14:37:00,4.4,4293,RESERVATION,True,rezervasyon
kefaluka-resortta-konaklama-sonrasi-gida-zehirlenmesi-ve-saglik-sorunlari,BOD007,Kefaluka Resort,Akyarlar,True,2025-06-22 14:37:00,4.4,4293,PAYMENT_REFUND,True,ödeme
kefaluka-resortta-konaklama-sonrasi-gida-zehirlenmesi-ve-saglik-sorunlari,BOD007,Kefaluka Resort,Akyarlar,True,2025-06-22 14:37:00,4.4,4293,PRICE_VALUE,True,değer
kefaluka-resortta-konaklama-sonrasi-gida-zehirlenmesi-ve-saglik-sorunlari,BOD007,Kefaluka Resort,Akyarlar,True,2025-06-22 14:37:00,4.4,4293,CHECKIN_CHECKOUT,False,
kefaluka-resortta-konaklama-sonrasi-gida-zehirlenmesi-ve-saglik-sorunlari,BOD007,Kefaluka Resort,Akyarlar,True,2025-06-22 14:37:00,4.4,4293,AIR_CONDITIONING,False,
kefaluka-resortta-konaklama-sonrasi-gida-zehirlenmesi-ve-saglik-sorunlari,BOD007,Kefaluka Resort,Akyarlar,True,2025-06-22 14:37:00,4.4,4293,NOISE,False,
kefaluka-resortta-konaklama-sonrasi-gida-zehirlenmesi-ve-saglik-sorunlari,BOD007,Kefaluka Resort,Akyarlar,True,2025-06-22 14:37:00,4.4,4293,FAMILY_CHILDREN,False,
kefaluka-resortta-konaklama-sonrasi-gida-zehirlenmesi-ve-saglik-sorunlari,BOD007,Kefaluka Resort,Akyarlar,True,2025-06-22 14:37:00,4.4,4293,TRANSPORT_TRANSFER,False,
kefaluka-resortta-konaklama-sonrasi-gida-zehirlenmesi-ve-saglik-sorunlari,BOD007,Kefaluka Resort,Akyarlar,True,2025-06-22 14:37:00,4.4,4293,MANAGEMENT_COMMUNICATION,False,
kefaluka-resortta-konaklama-sonrasi-gida-zehirlenmesi-ve-saglik-sorunlari,BOD007,Kefaluka Resort,Akyarlar,True,2025-06-22 14:37:00,4.4,4293,SPA_WELLNESS,False,
kefaluka-resortta-konaklama-sonrasi-gida-zehirlenmesi-ve-saglik-sorunlari,BOD007,Kefaluka Resort,Akyarlar,True,2025-06-22 14:37:00,4.4,4293,SAFETY_SECURITY,True,hastane|doktor
alakart-rezervasyonunda-hayal-kirikligi,BOD007,Kefaluka Resort,Akyarlar,True,2024-10-09 17:12:00,4.4,4293,STAFF_SERVICE,False,
alakart-rezervasyonunda-hayal-kirikligi,BOD007,Kefaluka Resort,Akyarlar,True,2024-10-09 17:12:00,4.4,4293,CLEANLINESS_HYGIENE,False,
alakart-rezervasyonunda-hayal-kirikligi,BOD007,Kefaluka Resort,Akyarlar,True,2024-10-09 17:12:00,4.4,4293,FOOD_BEVERAGE,False,
alakart-rezervasyonunda-hayal-kirikligi,BOD007,Kefaluka Resort,Akyarlar,True,2024-10-09 17:12:00,4.4,4293,ROOM,False,
alakart-rezervasyonunda-hayal-kirikligi,BOD007,Kefaluka Resort,Akyarlar,True,2024-10-09 17:12:00,4.4,4293,BEACH_SEA,False,
alakart-rezervasyonunda-hayal-kirikligi,BOD007,Kefaluka Resort,Akyarlar,True,2024-10-09 17:12:00,4.4,4293,POOL,False,
alakart-rezervasyonunda-hayal-kirikligi,BOD007,Kefaluka Resort,Akyarlar,True,2024-10-09 17:12:00,4.4,4293,FACILITIES_MAINTENANCE,False,
alakart-rezervasyonunda-hayal-kirikligi,BOD007,Kefaluka Resort,Akyarlar,True,2024-10-09 17:12:00,4.4,4293,RESERVATION,True,rezervasyon
alakart-rezervasyonunda-hayal-kirikligi,BOD007,Kefaluka Resort,Akyarlar,True,2024-10-09 17:12:00,4.4,4293,PAYMENT_REFUND,False,
alakart-rezervasyonunda-hayal-kirikligi,BOD007,Kefaluka Resort,Akyarlar,True,2024-10-09 17:12:00,4.4,4293,PRICE_VALUE,True,ücret
alakart-rezervasyonunda-hayal-kirikligi,BOD007,Kefaluka Resort,Akyarlar,True,2024-10-09 17:12:00,4.4,4293,CHECKIN_CHECKOUT,False,
alakart-rezervasyonunda-hayal-kirikligi,BOD007,Kefaluka Resort,Akyarlar,True,2024-10-09 17:12:00,4.4,4293,AIR_CONDITIONING,False,
alakart-rezervasyonunda-hayal-kirikligi,BOD007,Kefaluka Resort,Akyarlar,True,2024-10-09 17:12:00,4.4,4293,NOISE,False,
alakart-rezervasyonunda-hayal-kirikligi,BOD007,Kefaluka Resort,Akyarlar,True,2024-10-09 17:12:00,4.4,4293,FAMILY_CHILDREN,False,
alakart-rezervasyonunda-hayal-kirikligi,BOD007,Kefaluka Resort,Akyarlar,True,2024-10-09 17:12:00,4.4,4293,TRANSPORT_TRANSFER,False,
alakart-rezervasyonunda-hayal-kirikligi,BOD007,Kefaluka Resort,Akyarlar,True,2024-10-09 17:12:00,4.4,4293,MANAGEMENT_COMMUNICATION,False,
alakart-rezervasyonunda-hayal-kirikligi,BOD007,Kefaluka Resort,Akyarlar,True,2024-10-09 17:12:00,4.4,4293,SPA_WELLNESS,False,
alakart-rezervasyonunda-hayal-kirikligi,BOD007,Kefaluka Resort,Akyarlar,True,2024-10-09 17:12:00,4.4,4293,SAFETY_SECURITY,False,
kefaluka-resort-kefaluka-otelde-yasadigim-buyuk-hayal-kirikligi,BOD007,Kefaluka Resort,Akyarlar,True,2024-09-08 16:54:00,4.4,4293,STAFF_SERVICE,True,görevli|hizmet
kefaluka-resort-kefaluka-otelde-yasadigim-buyuk-hayal-kirikligi,BOD007,Kefaluka Resort,Akyarlar,True,2024-09-08 16:54:00,4.4,4293,CLEANLINESS_HYGIENE,True,pis
kefaluka-resort-kefaluka-otelde-yasadigim-buyuk-hayal-kirikligi,BOD007,Kefaluka Resort,Akyarlar,True,2024-09-08 16:54:00,4.4,4293,FOOD_BEVERAGE,True,kahvaltı|restoran|yemek
kefaluka-resort-kefaluka-otelde-yasadigim-buyuk-hayal-kirikligi,BOD007,Kefaluka Resort,Akyarlar,True,2024-09-08 16:54:00,4.4,4293,ROOM,True,yatak|oda
kefaluka-resort-kefaluka-otelde-yasadigim-buyuk-hayal-kirikligi,BOD007,Kefaluka Resort,Akyarlar,True,2024-09-08 16:54:00,4.4,4293,BEACH_SEA,False,
kefaluka-resort-kefaluka-otelde-yasadigim-buyuk-hayal-kirikligi,BOD007,Kefaluka Resort,Akyarlar,True,2024-09-08 16:54:00,4.4,4293,POOL,False,
kefaluka-resort-kefaluka-otelde-yasadigim-buyuk-hayal-kirikligi,BOD007,Kefaluka Resort,Akyarlar,True,2024-09-08 16:54:00,4.4,4293,FACILITIES_MAINTENANCE,False,
kefaluka-resort-kefaluka-otelde-yasadigim-buyuk-hayal-kirikligi,BOD007,Kefaluka Resort,Akyarlar,True,2024-09-08 16:54:00,4.4,4293,RESERVATION,True,rezervasyon
kefaluka-resort-kefaluka-otelde-yasadigim-buyuk-hayal-kirikligi,BOD007,Kefaluka Resort,Akyarlar,True,2024-09-08 16:54:00,4.4,4293,PAYMENT_REFUND,False,
kefaluka-resort-kefaluka-otelde-yasadigim-buyuk-hayal-kirikligi,BOD007,Kefaluka Resort,Akyarlar,True,2024-09-08 16:54:00,4.4,4293,PRICE_VALUE,False,
kefaluka-resort-kefaluka-otelde-yasadigim-buyuk-hayal-kirikligi,BOD007,Kefaluka Resort,Akyarlar,True,2024-09-08 16:54:00,4.4,4293,CHECKIN_CHECKOUT,True,check in|check-in
kefaluka-resort-kefaluka-otelde-yasadigim-buyuk-hayal-kirikligi,BOD007,Kefaluka Resort,Akyarlar,True,2024-09-08 16:54:00,4.4,4293,AIR_CONDITIONING,False,
kefaluka-resort-kefaluka-otelde-yasadigim-buyuk-hayal-kirikligi,BOD007,Kefaluka Resort,Akyarlar,True,2024-09-08 16:54:00,4.4,4293,NOISE,True,uyuyamadık
kefaluka-resort-kefaluka-otelde-yasadigim-buyuk-hayal-kirikligi,BOD007,Kefaluka Resort,Akyarlar,True,2024-09-08 16:54:00,4.4,4293,FAMILY_CHILDREN,False,
kefaluka-resort-kefaluka-otelde-yasadigim-buyuk-hayal-kirikligi,BOD007,Kefaluka Resort,Akyarlar,True,2024-09-08 16:54:00,4.4,4293,TRANSPORT_TRANSFER,False,
kefaluka-resort-kefaluka-otelde-yasadigim-buyuk-hayal-kirikligi,BOD007,Kefaluka Resort,Akyarlar,True,2024-09-08 16:54:00,4.4,4293,MANAGEMENT_COMMUNICATION,False,
kefaluka-resort-kefaluka-otelde-yasadigim-buyuk-hayal-kirikligi,BOD007,Kefaluka Resort,Akyarlar,True,2024-09-08 16:54:00,4.4,4293,SPA_WELLNESS,False,
kefaluka-resort-kefaluka-otelde-yasadigim-buyuk-hayal-kirikligi,BOD007,Kefaluka Resort,Akyarlar,True,2024-09-08 16:54:00,4.4,4293,SAFETY_SECURITY,True,doktor
kefaluka-resortta-karinca-istilasi-ve-temizlik-sorunlari,BOD007,Kefaluka Resort,Akyarlar,False,2024-08-30 00:25:00,4.4,4293,STAFF_SERVICE,True,personel|görevli
kefaluka-resortta-karinca-istilasi-ve-temizlik-sorunlari,BOD007,Kefaluka Resort,Akyarlar,False,2024-08-30 00:25:00,4.4,4293,CLEANLINESS_HYGIENE,True,temizlik|temiz|koku
kefaluka-resortta-karinca-istilasi-ve-temizlik-sorunlari,BOD007,Kefaluka Resort,Akyarlar,False,2024-08-30 00:25:00,4.4,4293,FOOD_BEVERAGE,True,yemek
kefaluka-resortta-karinca-istilasi-ve-temizlik-sorunlari,BOD007,Kefaluka Resort,Akyarlar,False,2024-08-30 00:25:00,4.4,4293,ROOM,True,balkon|banyo|oda
kefaluka-resortta-karinca-istilasi-ve-temizlik-sorunlari,BOD007,Kefaluka Resort,Akyarlar,False,2024-08-30 00:25:00,4.4,4293,BEACH_SEA,True,deniz
kefaluka-resortta-karinca-istilasi-ve-temizlik-sorunlari,BOD007,Kefaluka Resort,Akyarlar,False,2024-08-30 00:25:00,4.4,4293,POOL,True,havuz
kefaluka-resortta-karinca-istilasi-ve-temizlik-sorunlari,BOD007,Kefaluka Resort,Akyarlar,False,2024-08-30 00:25:00,4.4,4293,FACILITIES_MAINTENANCE,True,eski
kefaluka-resortta-karinca-istilasi-ve-temizlik-sorunlari,BOD007,Kefaluka Resort,Akyarlar,False,2024-08-30 00:25:00,4.4,4293,RESERVATION,False,
kefaluka-resortta-karinca-istilasi-ve-temizlik-sorunlari,BOD007,Kefaluka Resort,Akyarlar,False,2024-08-30 00:25:00,4.4,4293,PAYMENT_REFUND,False,
kefaluka-resortta-karinca-istilasi-ve-temizlik-sorunlari,BOD007,Kefaluka Resort,Akyarlar,False,2024-08-30 00:25:00,4.4,4293,PRICE_VALUE,False,
kefaluka-resortta-karinca-istilasi-ve-temizlik-sorunlari,BOD007,Kefaluka Resort,Akyarlar,False,2024-08-30 00:25:00,4.4,4293,CHECKIN_CHECKOUT,False,
kefaluka-resortta-karinca-istilasi-ve-temizlik-sorunlari,BOD007,Kefaluka Resort,Akyarlar,False,2024-08-30 00:25:00,4.4,4293,AIR_CONDITIONING,False,
kefaluka-resortta-karinca-istilasi-ve-temizlik-sorunlari,BOD007,Kefaluka Resort,Akyarlar,False,2024-08-30 00:25:00,4.4,4293,NOISE,False,
kefaluka-resortta-karinca-istilasi-ve-temizlik-sorunlari,BOD007,Kefaluka Resort,Akyarlar,False,2024-08-30 00:25:00,4.4,4293,FAMILY_CHILDREN,True,bebek
kefaluka-resortta-karinca-istilasi-ve-temizlik-sorunlari,BOD007,Kefaluka Resort,Akyarlar,False,2024-08-30 00:25:00,4.4,4293,TRANSPORT_TRANSFER,False,
kefaluka-resortta-karinca-istilasi-ve-temizlik-sorunlari,BOD007,Kefaluka Resort,Akyarlar,False,2024-08-30 00:25:00,4.4,4293,MANAGEMENT_COMMUNICATION,False,
kefaluka-resortta-karinca-istilasi-ve-temizlik-sorunlari,BOD007,Kefaluka Resort,Akyarlar,False,2024-08-30 00:25:00,4.4,4293,SPA_WELLNESS,False,
kefaluka-resortta-karinca-istilasi-ve-temizlik-sorunlari,BOD007,Kefaluka Resort,Akyarlar,False,2024-08-30 00:25:00,4.4,4293,SAFETY_SECURITY,False,
kefaluka-resort-bodrum-saygisiz-garson-video,BOD007,Kefaluka Resort,Akyarlar,True,2024-08-18 11:45:00,4.4,4293,STAFF_SERVICE,False,
kefaluka-resort-bodrum-saygisiz-garson-video,BOD007,Kefaluka Resort,Akyarlar,True,2024-08-18 11:45:00,4.4,4293,CLEANLINESS_HYGIENE,False,
kefaluka-resort-bodrum-saygisiz-garson-video,BOD007,Kefaluka Resort,Akyarlar,True,2024-08-18 11:45:00,4.4,4293,FOOD_BEVERAGE,False,
kefaluka-resort-bodrum-saygisiz-garson-video,BOD007,Kefaluka Resort,Akyarlar,True,2024-08-18 11:45:00,4.4,4293,ROOM,False,
kefaluka-resort-bodrum-saygisiz-garson-video,BOD007,Kefaluka Resort,Akyarlar,True,2024-08-18 11:45:00,4.4,4293,BEACH_SEA,False,
kefaluka-resort-bodrum-saygisiz-garson-video,BOD007,Kefaluka Resort,Akyarlar,True,2024-08-18 11:45:00,4.4,4293,POOL,False,
kefaluka-resort-bodrum-saygisiz-garson-video,BOD007,Kefaluka Resort,Akyarlar,True,2024-08-18 11:45:00,4.4,4293,FACILITIES_MAINTENANCE,False,
kefaluka-resort-bodrum-saygisiz-garson-video,BOD007,Kefaluka Resort,Akyarlar,True,2024-08-18 11:45:00,4.4,4293,RESERVATION,False,
kefaluka-resort-bodrum-saygisiz-garson-video,BOD007,Kefaluka Resort,Akyarlar,True,2024-08-18 11:45:00,4.4,4293,PAYMENT_REFUND,False,
kefaluka-resort-bodrum-saygisiz-garson-video,BOD007,Kefaluka Resort,Akyarlar,True,2024-08-18 11:45:00,4.4,4293,PRICE_VALUE,False,
kefaluka-resort-bodrum-saygisiz-garson-video,BOD007,Kefaluka Resort,Akyarlar,True,2024-08-18 11:45:00,4.4,4293,CHECKIN_CHECKOUT,False,
kefaluka-resort-bodrum-saygisiz-garson-video,BOD007,Kefaluka Resort,Akyarlar,True,2024-08-18 11:45:00,4.4,4293,AIR_CONDITIONING,False,
kefaluka-resort-bodrum-saygisiz-garson-video,BOD007,Kefaluka Resort,Akyarlar,True,2024-08-18 11:45:00,4.4,4293,NOISE,False,
kefaluka-resort-bodrum-saygisiz-garson-video,BOD007,Kefaluka Resort,Akyarlar,True,2024-08-18 11:45:00,4.4,4293,FAMILY_CHILDREN,False,
kefaluka-resort-bodrum-saygisiz-garson-video,BOD007,Kefaluka Resort,Akyarlar,True,2024-08-18 11:45:00,4.4,4293,TRANSPORT_TRANSFER,False,
kefaluka-resort-bodrum-saygisiz-garson-video,BOD007,Kefaluka Resort,Akyarlar,True,2024-08-18 11:45:00,4.4,4293,MANAGEMENT_COMMUNICATION,False,
kefaluka-resort-bodrum-saygisiz-garson-video,BOD007,Kefaluka Resort,Akyarlar,True,2024-08-18 11:45:00,4.4,4293,SPA_WELLNESS,False,
kefaluka-resort-bodrum-saygisiz-garson-video,BOD007,Kefaluka Resort,Akyarlar,True,2024-08-18 11:45:00,4.4,4293,SAFETY_SECURITY,False,
kefaluka-resort-otelin-yemek-kalitesi-ve-hizmet-sorunlari,BOD007,Kefaluka Resort,Akyarlar,True,2024-07-15 14:01:00,4.4,4293,STAFF_SERVICE,True,çalışan
kefaluka-resort-otelin-yemek-kalitesi-ve-hizmet-sorunlari,BOD007,Kefaluka Resort,Akyarlar,True,2024-07-15 14:01:00,4.4,4293,CLEANLINESS_HYGIENE,False,
kefaluka-resort-otelin-yemek-kalitesi-ve-hizmet-sorunlari,BOD007,Kefaluka Resort,Akyarlar,True,2024-07-15 14:01:00,4.4,4293,FOOD_BEVERAGE,True,restoran|yemek
kefaluka-resort-otelin-yemek-kalitesi-ve-hizmet-sorunlari,BOD007,Kefaluka Resort,Akyarlar,True,2024-07-15 14:01:00,4.4,4293,ROOM,True,oda
kefaluka-resort-otelin-yemek-kalitesi-ve-hizmet-sorunlari,BOD007,Kefaluka Resort,Akyarlar,True,2024-07-15 14:01:00,4.4,4293,BEACH_SEA,False,
kefaluka-resort-otelin-yemek-kalitesi-ve-hizmet-sorunlari,BOD007,Kefaluka Resort,Akyarlar,True,2024-07-15 14:01:00,4.4,4293,POOL,True,havuz
kefaluka-resort-otelin-yemek-kalitesi-ve-hizmet-sorunlari,BOD007,Kefaluka Resort,Akyarlar,True,2024-07-15 14:01:00,4.4,4293,FACILITIES_MAINTENANCE,False,
kefaluka-resort-otelin-yemek-kalitesi-ve-hizmet-sorunlari,BOD007,Kefaluka Resort,Akyarlar,True,2024-07-15 14:01:00,4.4,4293,RESERVATION,False,
kefaluka-resort-otelin-yemek-kalitesi-ve-hizmet-sorunlari,BOD007,Kefaluka Resort,Akyarlar,True,2024-07-15 14:01:00,4.4,4293,PAYMENT_REFUND,True,para
kefaluka-resort-otelin-yemek-kalitesi-ve-hizmet-sorunlari,BOD007,Kefaluka Resort,Akyarlar,True,2024-07-15 14:01:00,4.4,4293,PRICE_VALUE,False,
kefaluka-resort-otelin-yemek-kalitesi-ve-hizmet-sorunlari,BOD007,Kefaluka Resort,Akyarlar,True,2024-07-15 14:01:00,4.4,4293,CHECKIN_CHECKOUT,False,
kefaluka-resort-otelin-yemek-kalitesi-ve-hizmet-sorunlari,BOD007,Kefaluka Resort,Akyarlar,True,2024-07-15 14:01:00,4.4,4293,AIR_CONDITIONING,False,
kefaluka-resort-otelin-yemek-kalitesi-ve-hizmet-sorunlari,BOD007,Kefaluka Resort,Akyarlar,True,2024-07-15 14:01:00,4.4,4293,NOISE,False,
kefaluka-resort-otelin-yemek-kalitesi-ve-hizmet-sorunlari,BOD007,Kefaluka Resort,Akyarlar,True,2024-07-15 14:01:00,4.4,4293,FAMILY_CHILDREN,False,
kefaluka-resort-otelin-yemek-kalitesi-ve-hizmet-sorunlari,BOD007,Kefaluka Resort,Akyarlar,True,2024-07-15 14:01:00,4.4,4293,TRANSPORT_TRANSFER,False,
kefaluka-resort-otelin-yemek-kalitesi-ve-hizmet-sorunlari,BOD007,Kefaluka Resort,Akyarlar,True,2024-07-15 14:01:00,4.4,4293,MANAGEMENT_COMMUNICATION,False,
kefaluka-resort-otelin-yemek-kalitesi-ve-hizmet-sorunlari,BOD007,Kefaluka Resort,Akyarlar,True,2024-07-15 14:01:00,4.4,4293,SPA_WELLNESS,False,
kefaluka-resort-otelin-yemek-kalitesi-ve-hizmet-sorunlari,BOD007,Kefaluka Resort,Akyarlar,True,2024-07-15 14:01:00,4.4,4293,SAFETY_SECURITY,False,
kefaluka-resort-kefaluka-bodrum-sikayet,BOD007,Kefaluka Resort,Akyarlar,False,2023-08-28 21:04:00,4.4,4293,STAFF_SERVICE,False,
kefaluka-resort-kefaluka-bodrum-sikayet,BOD007,Kefaluka Resort,Akyarlar,False,2023-08-28 21:04:00,4.4,4293,CLEANLINESS_HYGIENE,True,hijyen
kefaluka-resort-kefaluka-bodrum-sikayet,BOD007,Kefaluka Resort,Akyarlar,False,2023-08-28 21:04:00,4.4,4293,FOOD_BEVERAGE,True,restoran
kefaluka-resort-kefaluka-bodrum-sikayet,BOD007,Kefaluka Resort,Akyarlar,False,2023-08-28 21:04:00,4.4,4293,ROOM,True,oda
kefaluka-resort-kefaluka-bodrum-sikayet,BOD007,Kefaluka Resort,Akyarlar,False,2023-08-28 21:04:00,4.4,4293,BEACH_SEA,False,
kefaluka-resort-kefaluka-bodrum-sikayet,BOD007,Kefaluka Resort,Akyarlar,False,2023-08-28 21:04:00,4.4,4293,POOL,False,
kefaluka-resort-kefaluka-bodrum-sikayet,BOD007,Kefaluka Resort,Akyarlar,False,2023-08-28 21:04:00,4.4,4293,FACILITIES_MAINTENANCE,True,kırık
kefaluka-resort-kefaluka-bodrum-sikayet,BOD007,Kefaluka Resort,Akyarlar,False,2023-08-28 21:04:00,4.4,4293,RESERVATION,False,
kefaluka-resort-kefaluka-bodrum-sikayet,BOD007,Kefaluka Resort,Akyarlar,False,2023-08-28 21:04:00,4.4,4293,PAYMENT_REFUND,True,para
kefaluka-resort-kefaluka-bodrum-sikayet,BOD007,Kefaluka Resort,Akyarlar,False,2023-08-28 21:04:00,4.4,4293,PRICE_VALUE,False,
kefaluka-resort-kefaluka-bodrum-sikayet,BOD007,Kefaluka Resort,Akyarlar,False,2023-08-28 21:04:00,4.4,4293,CHECKIN_CHECKOUT,False,
kefaluka-resort-kefaluka-bodrum-sikayet,BOD007,Kefaluka Resort,Akyarlar,False,2023-08-28 21:04:00,4.4,4293,AIR_CONDITIONING,False,
kefaluka-resort-kefaluka-bodrum-sikayet,BOD007,Kefaluka Resort,Akyarlar,False,2023-08-28 21:04:00,4.4,4293,NOISE,False,
kefaluka-resort-kefaluka-bodrum-sikayet,BOD007,Kefaluka Resort,Akyarlar,False,2023-08-28 21:04:00,4.4,4293,FAMILY_CHILDREN,True,aile
kefaluka-resort-kefaluka-bodrum-sikayet,BOD007,Kefaluka Resort,Akyarlar,False,2023-08-28 21:04:00,4.4,4293,TRANSPORT_TRANSFER,False,
kefaluka-resort-kefaluka-bodrum-sikayet,BOD007,Kefaluka Resort,Akyarlar,False,2023-08-28 21:04:00,4.4,4293,MANAGEMENT_COMMUNICATION,False,
kefaluka-resort-kefaluka-bodrum-sikayet,BOD007,Kefaluka Resort,Akyarlar,False,2023-08-28 21:04:00,4.4,4293,SPA_WELLNESS,False,
kefaluka-resort-kefaluka-bodrum-sikayet,BOD007,Kefaluka Resort,Akyarlar,False,2023-08-28 21:04:00,4.4,4293,SAFETY_SECURITY,False,
la-blanche-island-bodrum-hicbir-seyden-memnun-kalmadim,BOD106,La Blanche Island Bodrum,Güvercinlik,False,2026-08-05 09:16:00,4.3,6594,STAFF_SERVICE,True,personel|hizmet
la-blanche-island-bodrum-hicbir-seyden-memnun-kalmadim,BOD106,La Blanche Island Bodrum,Güvercinlik,False,2026-08-05 09:16:00,4.3,6594,CLEANLINESS_HYGIENE,True,temizlik|temiz
la-blanche-island-bodrum-hicbir-seyden-memnun-kalmadim,BOD106,La Blanche Island Bodrum,Güvercinlik,False,2026-08-05 09:16:00,4.3,6594,FOOD_BEVERAGE,True,her şey dahil|kahvaltı
la-blanche-island-bodrum-hicbir-seyden-memnun-kalmadim,BOD106,La Blanche Island Bodrum,Güvercinlik,False,2026-08-05 09:16:00,4.3,6594,ROOM,True,oda
la-blanche-island-bodrum-hicbir-seyden-memnun-kalmadim,BOD106,La Blanche Island Bodrum,Güvercinlik,False,2026-08-05 09:16:00,4.3,6594,BEACH_SEA,True,deniz
la-blanche-island-bodrum-hicbir-seyden-memnun-kalmadim,BOD106,La Blanche Island Bodrum,Güvercinlik,False,2026-08-05 09:16:00,4.3,6594,POOL,False,
la-blanche-island-bodrum-hicbir-seyden-memnun-kalmadim,BOD106,La Blanche Island Bodrum,Güvercinlik,False,2026-08-05 09:16:00,4.3,6594,FACILITIES_MAINTENANCE,False,
la-blanche-island-bodrum-hicbir-seyden-memnun-kalmadim,BOD106,La Blanche Island Bodrum,Güvercinlik,False,2026-08-05 09:16:00,4.3,6594,RESERVATION,True,rezervasyon
la-blanche-island-bodrum-hicbir-seyden-memnun-kalmadim,BOD106,La Blanche Island Bodrum,Güvercinlik,False,2026-08-05 09:16:00,4.3,6594,PAYMENT_REFUND,False,
la-blanche-island-bodrum-hicbir-seyden-memnun-kalmadim,BOD106,La Blanche Island Bodrum,Güvercinlik,False,2026-08-05 09:16:00,4.3,6594,PRICE_VALUE,True,fiyat|ücret
la-blanche-island-bodrum-hicbir-seyden-memnun-kalmadim,BOD106,La Blanche Island Bodrum,Güvercinlik,False,2026-08-05 09:16:00,4.3,6594,CHECKIN_CHECKOUT,False,
la-blanche-island-bodrum-hicbir-seyden-memnun-kalmadim,BOD106,La Blanche Island Bodrum,Güvercinlik,False,2026-08-05 09:16:00,4.3,6594,AIR_CONDITIONING,False,
la-blanche-island-bodrum-hicbir-seyden-memnun-kalmadim,BOD106,La Blanche Island Bodrum,Güvercinlik,False,2026-08-05 09:16:00,4.3,6594,NOISE,False,
la-blanche-island-bodrum-hicbir-seyden-memnun-kalmadim,BOD106,La Blanche Island Bodrum,Güvercinlik,False,2026-08-05 09:16:00,4.3,6594,FAMILY_CHILDREN,False,
la-blanche-island-bodrum-hicbir-seyden-memnun-kalmadim,BOD106,La Blanche Island Bodrum,Güvercinlik,False,2026-08-05 09:16:00,4.3,6594,TRANSPORT_TRANSFER,False,
la-blanche-island-bodrum-hicbir-seyden-memnun-kalmadim,BOD106,La Blanche Island Bodrum,Güvercinlik,False,2026-08-05 09:16:00,4.3,6594,MANAGEMENT_COMMUNICATION,False,
la-blanche-island-bodrum-hicbir-seyden-memnun-kalmadim,BOD106,La Blanche Island Bodrum,Güvercinlik,False,2026-08-05 09:16:00,4.3,6594,SPA_WELLNESS,False,
la-blanche-island-bodrum-hicbir-seyden-memnun-kalmadim,BOD106,La Blanche Island Bodrum,Güvercinlik,False,2026-08-05 09:16:00,4.3,6594,SAFETY_SECURITY,False,
havlu-birakan-misafirlerin-sezlong-sahipligi-tartismasi-ve-kaba-tutumu,BOD106,La Blanche Island Bodrum,Güvercinlik,False,2026-07-28 14:59:00,4.3,6594,STAFF_SERVICE,True,saygısız|çalışan|görevli|kaba
havlu-birakan-misafirlerin-sezlong-sahipligi-tartismasi-ve-kaba-tutumu,BOD106,La Blanche Island Bodrum,Güvercinlik,False,2026-07-28 14:59:00,4.3,6594,CLEANLINESS_HYGIENE,True,havlu
havlu-birakan-misafirlerin-sezlong-sahipligi-tartismasi-ve-kaba-tutumu,BOD106,La Blanche Island Bodrum,Güvercinlik,False,2026-07-28 14:59:00,4.3,6594,FOOD_BEVERAGE,False,
havlu-birakan-misafirlerin-sezlong-sahipligi-tartismasi-ve-kaba-tutumu,BOD106,La Blanche Island Bodrum,Güvercinlik,False,2026-07-28 14:59:00,4.3,6594,ROOM,False,
havlu-birakan-misafirlerin-sezlong-sahipligi-tartismasi-ve-kaba-tutumu,BOD106,La Blanche Island Bodrum,Güvercinlik,False,2026-07-28 14:59:00,4.3,6594,BEACH_SEA,True,şezlong|plaj
havlu-birakan-misafirlerin-sezlong-sahipligi-tartismasi-ve-kaba-tutumu,BOD106,La Blanche Island Bodrum,Güvercinlik,False,2026-07-28 14:59:00,4.3,6594,POOL,False,
havlu-birakan-misafirlerin-sezlong-sahipligi-tartismasi-ve-kaba-tutumu,BOD106,La Blanche Island Bodrum,Güvercinlik,False,2026-07-28 14:59:00,4.3,6594,FACILITIES_MAINTENANCE,False,
havlu-birakan-misafirlerin-sezlong-sahipligi-tartismasi-ve-kaba-tutumu,BOD106,La Blanche Island Bodrum,Güvercinlik,False,2026-07-28 14:59:00,4.3,6594,RESERVATION,False,
havlu-birakan-misafirlerin-sezlong-sahipligi-tartismasi-ve-kaba-tutumu,BOD106,La Blanche Island Bodrum,Güvercinlik,False,2026-07-28 14:59:00,4.3,6594,PAYMENT_REFUND,False,
havlu-birakan-misafirlerin-sezlong-sahipligi-tartismasi-ve-kaba-tutumu,BOD106,La Blanche Island Bodrum,Güvercinlik,False,2026-07-28 14:59:00,4.3,6594,PRICE_VALUE,False,
havlu-birakan-misafirlerin-sezlong-sahipligi-tartismasi-ve-kaba-tutumu,BOD106,La Blanche Island Bodrum,Güvercinlik,False,2026-07-28 14:59:00,4.3,6594,CHECKIN_CHECKOUT,False,
havlu-birakan-misafirlerin-sezlong-sahipligi-tartismasi-ve-kaba-tutumu,BOD106,La Blanche Island Bodrum,Güvercinlik,False,2026-07-28 14:59:00,4.3,6594,AIR_CONDITIONING,False,
havlu-birakan-misafirlerin-sezlong-sahipligi-tartismasi-ve-kaba-tutumu,BOD106,La Blanche Island Bodrum,Güvercinlik,False,2026-07-28 14:59:00,4.3,6594,NOISE,False,
havlu-birakan-misafirlerin-sezlong-sahipligi-tartismasi-ve-kaba-tutumu,BOD106,La Blanche Island Bodrum,Güvercinlik,False,2026-07-28 14:59:00,4.3,6594,FAMILY_CHILDREN,False,
havlu-birakan-misafirlerin-sezlong-sahipligi-tartismasi-ve-kaba-tutumu,BOD106,La Blanche Island Bodrum,Güvercinlik,False,2026-07-28 14:59:00,4.3,6594,TRANSPORT_TRANSFER,False,
havlu-birakan-misafirlerin-sezlong-sahipligi-tartismasi-ve-kaba-tutumu,BOD106,La Blanche Island Bodrum,Güvercinlik,False,2026-07-28 14:59:00,4.3,6594,MANAGEMENT_COMMUNICATION,False,
havlu-birakan-misafirlerin-sezlong-sahipligi-tartismasi-ve-kaba-tutumu,BOD106,La Blanche Island Bodrum,Güvercinlik,False,2026-07-28 14:59:00,4.3,6594,SPA_WELLNESS,False,
havlu-birakan-misafirlerin-sezlong-sahipligi-tartismasi-ve-kaba-tutumu,BOD106,La Blanche Island Bodrum,Güvercinlik,False,2026-07-28 14:59:00,4.3,6594,SAFETY_SECURITY,False,
kucuk-ve-uzak-oda-saygisiz-personel-ve-kalitesiz-yemekler,BOD106,La Blanche Island Bodrum,Güvercinlik,False,2026-07-12 13:39:00,4.3,6594,STAFF_SERVICE,True,personel|saygısız|çalışan|ilgisiz|hizmet|kaba
kucuk-ve-uzak-oda-saygisiz-personel-ve-kalitesiz-yemekler,BOD106,La Blanche Island Bodrum,Güvercinlik,False,2026-07-12 13:39:00,4.3,6594,CLEANLINESS_HYGIENE,False,
kucuk-ve-uzak-oda-saygisiz-personel-ve-kalitesiz-yemekler,BOD106,La Blanche Island Bodrum,Güvercinlik,False,2026-07-12 13:39:00,4.3,6594,FOOD_BEVERAGE,True,lezzet|yemek
kucuk-ve-uzak-oda-saygisiz-personel-ve-kalitesiz-yemekler,BOD106,La Blanche Island Bodrum,Güvercinlik,False,2026-07-12 13:39:00,4.3,6594,ROOM,True,oda
kucuk-ve-uzak-oda-saygisiz-personel-ve-kalitesiz-yemekler,BOD106,La Blanche Island Bodrum,Güvercinlik,False,2026-07-12 13:39:00,4.3,6594,BEACH_SEA,False,
kucuk-ve-uzak-oda-saygisiz-personel-ve-kalitesiz-yemekler,BOD106,La Blanche Island Bodrum,Güvercinlik,False,2026-07-12 13:39:00,4.3,6594,POOL,False,
kucuk-ve-uzak-oda-saygisiz-personel-ve-kalitesiz-yemekler,BOD106,La Blanche Island Bodrum,Güvercinlik,False,2026-07-12 13:39:00,4.3,6594,FACILITIES_MAINTENANCE,False,
kucuk-ve-uzak-oda-saygisiz-personel-ve-kalitesiz-yemekler,BOD106,La Blanche Island Bodrum,Güvercinlik,False,2026-07-12 13:39:00,4.3,6594,RESERVATION,True,rezervasyon
kucuk-ve-uzak-oda-saygisiz-personel-ve-kalitesiz-yemekler,BOD106,La Blanche Island Bodrum,Güvercinlik,False,2026-07-12 13:39:00,4.3,6594,PAYMENT_REFUND,True,iade
kucuk-ve-uzak-oda-saygisiz-personel-ve-kalitesiz-yemekler,BOD106,La Blanche Island Bodrum,Güvercinlik,False,2026-07-12 13:39:00,4.3,6594,PRICE_VALUE,False,
kucuk-ve-uzak-oda-saygisiz-personel-ve-kalitesiz-yemekler,BOD106,La Blanche Island Bodrum,Güvercinlik,False,2026-07-12 13:39:00,4.3,6594,CHECKIN_CHECKOUT,False,
kucuk-ve-uzak-oda-saygisiz-personel-ve-kalitesiz-yemekler,BOD106,La Blanche Island Bodrum,Güvercinlik,False,2026-07-12 13:39:00,4.3,6594,AIR_CONDITIONING,False,
kucuk-ve-uzak-oda-saygisiz-personel-ve-kalitesiz-yemekler,BOD106,La Blanche Island Bodrum,Güvercinlik,False,2026-07-12 13:39:00,4.3,6594,NOISE,False,
kucuk-ve-uzak-oda-saygisiz-personel-ve-kalitesiz-yemekler,BOD106,La Blanche Island Bodrum,Güvercinlik,False,2026-07-12 13:39:00,4.3,6594,FAMILY_CHILDREN,False,
kucuk-ve-uzak-oda-saygisiz-personel-ve-kalitesiz-yemekler,BOD106,La Blanche Island Bodrum,Güvercinlik,False,2026-07-12 13:39:00,4.3,6594,TRANSPORT_TRANSFER,False,
kucuk-ve-uzak-oda-saygisiz-personel-ve-kalitesiz-yemekler,BOD106,La Blanche Island Bodrum,Güvercinlik,False,2026-07-12 13:39:00,4.3,6594,MANAGEMENT_COMMUNICATION,False,
kucuk-ve-uzak-oda-saygisiz-personel-ve-kalitesiz-yemekler,BOD106,La Blanche Island Bodrum,Güvercinlik,False,2026-07-12 13:39:00,4.3,6594,SPA_WELLNESS,False,
kucuk-ve-uzak-oda-saygisiz-personel-ve-kalitesiz-yemekler,BOD106,La Blanche Island Bodrum,Güvercinlik,False,2026-07-12 13:39:00,4.3,6594,SAFETY_SECURITY,False,
la-blanche-island-bodrum-konaklamam-sirasinda-yasadigim-gida-zehirlenmesi,BOD106,La Blanche Island Bodrum,Güvercinlik,False,2026-07-09 15:29:00,4.3,6594,STAFF_SERVICE,False,
la-blanche-island-bodrum-konaklamam-sirasinda-yasadigim-gida-zehirlenmesi,BOD106,La Blanche Island Bodrum,Güvercinlik,False,2026-07-09 15:29:00,4.3,6594,CLEANLINESS_HYGIENE,False,
la-blanche-island-bodrum-konaklamam-sirasinda-yasadigim-gida-zehirlenmesi,BOD106,La Blanche Island Bodrum,Güvercinlik,False,2026-07-09 15:29:00,4.3,6594,FOOD_BEVERAGE,True,zehirlenme
la-blanche-island-bodrum-konaklamam-sirasinda-yasadigim-gida-zehirlenmesi,BOD106,La Blanche Island Bodrum,Güvercinlik,False,2026-07-09 15:29:00,4.3,6594,ROOM,True,oda
la-blanche-island-bodrum-konaklamam-sirasinda-yasadigim-gida-zehirlenmesi,BOD106,La Blanche Island Bodrum,Güvercinlik,False,2026-07-09 15:29:00,4.3,6594,BEACH_SEA,False,
la-blanche-island-bodrum-konaklamam-sirasinda-yasadigim-gida-zehirlenmesi,BOD106,La Blanche Island Bodrum,Güvercinlik,False,2026-07-09 15:29:00,4.3,6594,POOL,False,
la-blanche-island-bodrum-konaklamam-sirasinda-yasadigim-gida-zehirlenmesi,BOD106,La Blanche Island Bodrum,Güvercinlik,False,2026-07-09 15:29:00,4.3,6594,FACILITIES_MAINTENANCE,False,
la-blanche-island-bodrum-konaklamam-sirasinda-yasadigim-gida-zehirlenmesi,BOD106,La Blanche Island Bodrum,Güvercinlik,False,2026-07-09 15:29:00,4.3,6594,RESERVATION,False,
la-blanche-island-bodrum-konaklamam-sirasinda-yasadigim-gida-zehirlenmesi,BOD106,La Blanche Island Bodrum,Güvercinlik,False,2026-07-09 15:29:00,4.3,6594,PAYMENT_REFUND,True,iade
la-blanche-island-bodrum-konaklamam-sirasinda-yasadigim-gida-zehirlenmesi,BOD106,La Blanche Island Bodrum,Güvercinlik,False,2026-07-09 15:29:00,4.3,6594,PRICE_VALUE,True,ücret
la-blanche-island-bodrum-konaklamam-sirasinda-yasadigim-gida-zehirlenmesi,BOD106,La Blanche Island Bodrum,Güvercinlik,False,2026-07-09 15:29:00,4.3,6594,CHECKIN_CHECKOUT,False,
la-blanche-island-bodrum-konaklamam-sirasinda-yasadigim-gida-zehirlenmesi,BOD106,La Blanche Island Bodrum,Güvercinlik,False,2026-07-09 15:29:00,4.3,6594,AIR_CONDITIONING,False,
la-blanche-island-bodrum-konaklamam-sirasinda-yasadigim-gida-zehirlenmesi,BOD106,La Blanche Island Bodrum,Güvercinlik,False,2026-07-09 15:29:00,4.3,6594,NOISE,False,
la-blanche-island-bodrum-konaklamam-sirasinda-yasadigim-gida-zehirlenmesi,BOD106,La Blanche Island Bodrum,Güvercinlik,False,2026-07-09 15:29:00,4.3,6594,FAMILY_CHILDREN,False,
la-blanche-island-bodrum-konaklamam-sirasinda-yasadigim-gida-zehirlenmesi,BOD106,La Blanche Island Bodrum,Güvercinlik,False,2026-07-09 15:29:00,4.3,6594,TRANSPORT_TRANSFER,False,
la-blanche-island-bodrum-konaklamam-sirasinda-yasadigim-gida-zehirlenmesi,BOD106,La Blanche Island Bodrum,Güvercinlik,False,2026-07-09 15:29:00,4.3,6594,MANAGEMENT_COMMUNICATION,True,yetkili
la-blanche-island-bodrum-konaklamam-sirasinda-yasadigim-gida-zehirlenmesi,BOD106,La Blanche Island Bodrum,Güvercinlik,False,2026-07-09 15:29:00,4.3,6594,SPA_WELLNESS,False,
la-blanche-island-bodrum-konaklamam-sirasinda-yasadigim-gida-zehirlenmesi,BOD106,La Blanche Island Bodrum,Güvercinlik,False,2026-07-09 15:29:00,4.3,6594,SAFETY_SECURITY,True,zehirlenme|hastane|sağlık
balayi-konsepti-eksik-acik-sarap-sisesi-ve-kucuk-sac-kremi,BOD106,La Blanche Island Bodrum,Güvercinlik,False,2026-06-06 19:45:00,4.3,6594,STAFF_SERVICE,True,personel
balayi-konsepti-eksik-acik-sarap-sisesi-ve-kucuk-sac-kremi,BOD106,La Blanche Island Bodrum,Güvercinlik,False,2026-06-06 19:45:00,4.3,6594,CLEANLINESS_HYGIENE,False,
balayi-konsepti-eksik-acik-sarap-sisesi-ve-kucuk-sac-kremi,BOD106,La Blanche Island Bodrum,Güvercinlik,False,2026-06-06 19:45:00,4.3,6594,FOOD_BEVERAGE,False,
balayi-konsepti-eksik-acik-sarap-sisesi-ve-kucuk-sac-kremi,BOD106,La Blanche Island Bodrum,Güvercinlik,False,2026-06-06 19:45:00,4.3,6594,ROOM,True,oda
balayi-konsepti-eksik-acik-sarap-sisesi-ve-kucuk-sac-kremi,BOD106,La Blanche Island Bodrum,Güvercinlik,False,2026-06-06 19:45:00,4.3,6594,BEACH_SEA,False,
balayi-konsepti-eksik-acik-sarap-sisesi-ve-kucuk-sac-kremi,BOD106,La Blanche Island Bodrum,Güvercinlik,False,2026-06-06 19:45:00,4.3,6594,POOL,False,
balayi-konsepti-eksik-acik-sarap-sisesi-ve-kucuk-sac-kremi,BOD106,La Blanche Island Bodrum,Güvercinlik,False,2026-06-06 19:45:00,4.3,6594,FACILITIES_MAINTENANCE,False,
balayi-konsepti-eksik-acik-sarap-sisesi-ve-kucuk-sac-kremi,BOD106,La Blanche Island Bodrum,Güvercinlik,False,2026-06-06 19:45:00,4.3,6594,RESERVATION,True,rezervasyon
balayi-konsepti-eksik-acik-sarap-sisesi-ve-kucuk-sac-kremi,BOD106,La Blanche Island Bodrum,Güvercinlik,False,2026-06-06 19:45:00,4.3,6594,PAYMENT_REFUND,False,
balayi-konsepti-eksik-acik-sarap-sisesi-ve-kucuk-sac-kremi,BOD106,La Blanche Island Bodrum,Güvercinlik,False,2026-06-06 19:45:00,4.3,6594,PRICE_VALUE,False,
balayi-konsepti-eksik-acik-sarap-sisesi-ve-kucuk-sac-kremi,BOD106,La Blanche Island Bodrum,Güvercinlik,False,2026-06-06 19:45:00,4.3,6594,CHECKIN_CHECKOUT,False,
balayi-konsepti-eksik-acik-sarap-sisesi-ve-kucuk-sac-kremi,BOD106,La Blanche Island Bodrum,Güvercinlik,False,2026-06-06 19:45:00,4.3,6594,AIR_CONDITIONING,False,
balayi-konsepti-eksik-acik-sarap-sisesi-ve-kucuk-sac-kremi,BOD106,La Blanche Island Bodrum,Güvercinlik,False,2026-06-06 19:45:00,4.3,6594,NOISE,False,
balayi-konsepti-eksik-acik-sarap-sisesi-ve-kucuk-sac-kremi,BOD106,La Blanche Island Bodrum,Güvercinlik,False,2026-06-06 19:45:00,4.3,6594,FAMILY_CHILDREN,False,
balayi-konsepti-eksik-acik-sarap-sisesi-ve-kucuk-sac-kremi,BOD106,La Blanche Island Bodrum,Güvercinlik,False,2026-06-06 19:45:00,4.3,6594,TRANSPORT_TRANSFER,False,
balayi-konsepti-eksik-acik-sarap-sisesi-ve-kucuk-sac-kremi,BOD106,La Blanche Island Bodrum,Güvercinlik,False,2026-06-06 19:45:00,4.3,6594,MANAGEMENT_COMMUNICATION,False,
balayi-konsepti-eksik-acik-sarap-sisesi-ve-kucuk-sac-kremi,BOD106,La Blanche Island Bodrum,Güvercinlik,False,2026-06-06 19:45:00,4.3,6594,SPA_WELLNESS,False,
balayi-konsepti-eksik-acik-sarap-sisesi-ve-kucuk-sac-kremi,BOD106,La Blanche Island Bodrum,Güvercinlik,False,2026-06-06 19:45:00,4.3,6594,SAFETY_SECURITY,False,
la-blanche-island-hotelde-telefon-gorusmesindeki-saygisiz-ve-kaba-uslup,BOD106,La Blanche Island Bodrum,Güvercinlik,True,2026-03-15 16:09:00,4.3,6594,STAFF_SERVICE,True,personel|saygısız|kaba
la-blanche-island-hotelde-telefon-gorusmesindeki-saygisiz-ve-kaba-uslup,BOD106,La Blanche Island Bodrum,Güvercinlik,True,2026-03-15 16:09:00,4.3,6594,CLEANLINESS_HYGIENE,False,
la-blanche-island-hotelde-telefon-gorusmesindeki-saygisiz-ve-kaba-uslup,BOD106,La Blanche Island Bodrum,Güvercinlik,True,2026-03-15 16:09:00,4.3,6594,FOOD_BEVERAGE,False,
la-blanche-island-hotelde-telefon-gorusmesindeki-saygisiz-ve-kaba-uslup,BOD106,La Blanche Island Bodrum,Güvercinlik,True,2026-03-15 16:09:00,4.3,6594,ROOM,False,
la-blanche-island-hotelde-telefon-gorusmesindeki-saygisiz-ve-kaba-uslup,BOD106,La Blanche Island Bodrum,Güvercinlik,True,2026-03-15 16:09:00,4.3,6594,BEACH_SEA,False,
la-blanche-island-hotelde-telefon-gorusmesindeki-saygisiz-ve-kaba-uslup,BOD106,La Blanche Island Bodrum,Güvercinlik,True,2026-03-15 16:09:00,4.3,6594,POOL,False,
la-blanche-island-hotelde-telefon-gorusmesindeki-saygisiz-ve-kaba-uslup,BOD106,La Blanche Island Bodrum,Güvercinlik,True,2026-03-15 16:09:00,4.3,6594,FACILITIES_MAINTENANCE,False,
la-blanche-island-hotelde-telefon-gorusmesindeki-saygisiz-ve-kaba-uslup,BOD106,La Blanche Island Bodrum,Güvercinlik,True,2026-03-15 16:09:00,4.3,6594,RESERVATION,True,rezervasyon
la-blanche-island-hotelde-telefon-gorusmesindeki-saygisiz-ve-kaba-uslup,BOD106,La Blanche Island Bodrum,Güvercinlik,True,2026-03-15 16:09:00,4.3,6594,PAYMENT_REFUND,False,
la-blanche-island-hotelde-telefon-gorusmesindeki-saygisiz-ve-kaba-uslup,BOD106,La Blanche Island Bodrum,Güvercinlik,True,2026-03-15 16:09:00,4.3,6594,PRICE_VALUE,False,
la-blanche-island-hotelde-telefon-gorusmesindeki-saygisiz-ve-kaba-uslup,BOD106,La Blanche Island Bodrum,Güvercinlik,True,2026-03-15 16:09:00,4.3,6594,CHECKIN_CHECKOUT,False,
la-blanche-island-hotelde-telefon-gorusmesindeki-saygisiz-ve-kaba-uslup,BOD106,La Blanche Island Bodrum,Güvercinlik,True,2026-03-15 16:09:00,4.3,6594,AIR_CONDITIONING,False,
la-blanche-island-hotelde-telefon-gorusmesindeki-saygisiz-ve-kaba-uslup,BOD106,La Blanche Island Bodrum,Güvercinlik,True,2026-03-15 16:09:00,4.3,6594,NOISE,False,
la-blanche-island-hotelde-telefon-gorusmesindeki-saygisiz-ve-kaba-uslup,BOD106,La Blanche Island Bodrum,Güvercinlik,True,2026-03-15 16:09:00,4.3,6594,FAMILY_CHILDREN,False,
la-blanche-island-hotelde-telefon-gorusmesindeki-saygisiz-ve-kaba-uslup,BOD106,La Blanche Island Bodrum,Güvercinlik,True,2026-03-15 16:09:00,4.3,6594,TRANSPORT_TRANSFER,False,
la-blanche-island-hotelde-telefon-gorusmesindeki-saygisiz-ve-kaba-uslup,BOD106,La Blanche Island Bodrum,Güvercinlik,True,2026-03-15 16:09:00,4.3,6594,MANAGEMENT_COMMUNICATION,True,iletişim|telefon
la-blanche-island-hotelde-telefon-gorusmesindeki-saygisiz-ve-kaba-uslup,BOD106,La Blanche Island Bodrum,Güvercinlik,True,2026-03-15 16:09:00,4.3,6594,SPA_WELLNESS,False,
la-blanche-island-hotelde-telefon-gorusmesindeki-saygisiz-ve-kaba-uslup,BOD106,La Blanche Island Bodrum,Güvercinlik,True,2026-03-15 16:09:00,4.3,6594,SAFETY_SECURITY,False,
ilgisiz-personel-ve-ilgisiz-yonetim-misafirleri-magdur-ediyor,BOD106,La Blanche Island Bodrum,Güvercinlik,True,2025-09-30 16:51:00,4.3,6594,STAFF_SERVICE,True,personel|çalışan|görevli|ilgisiz|hizmet
ilgisiz-personel-ve-ilgisiz-yonetim-misafirleri-magdur-ediyor,BOD106,La Blanche Island Bodrum,Güvercinlik,True,2025-09-30 16:51:00,4.3,6594,CLEANLINESS_HYGIENE,True,temizlik|temiz|havlu
ilgisiz-personel-ve-ilgisiz-yonetim-misafirleri-magdur-ediyor,BOD106,La Blanche Island Bodrum,Güvercinlik,True,2025-09-30 16:51:00,4.3,6594,FOOD_BEVERAGE,True,a la carte|restoran|lezzet|yemek
ilgisiz-personel-ve-ilgisiz-yonetim-misafirleri-magdur-ediyor,BOD106,La Blanche Island Bodrum,Güvercinlik,True,2025-09-30 16:51:00,4.3,6594,ROOM,True,oda
ilgisiz-personel-ve-ilgisiz-yonetim-misafirleri-magdur-ediyor,BOD106,La Blanche Island Bodrum,Güvercinlik,True,2025-09-30 16:51:00,4.3,6594,BEACH_SEA,True,şezlong
ilgisiz-personel-ve-ilgisiz-yonetim-misafirleri-magdur-ediyor,BOD106,La Blanche Island Bodrum,Güvercinlik,True,2025-09-30 16:51:00,4.3,6594,POOL,True,havuz
ilgisiz-personel-ve-ilgisiz-yonetim-misafirleri-magdur-ediyor,BOD106,La Blanche Island Bodrum,Güvercinlik,True,2025-09-30 16:51:00,4.3,6594,FACILITIES_MAINTENANCE,False,
ilgisiz-personel-ve-ilgisiz-yonetim-misafirleri-magdur-ediyor,BOD106,La Blanche Island Bodrum,Güvercinlik,True,2025-09-30 16:51:00,4.3,6594,RESERVATION,False,
ilgisiz-personel-ve-ilgisiz-yonetim-misafirleri-magdur-ediyor,BOD106,La Blanche Island Bodrum,Güvercinlik,True,2025-09-30 16:51:00,4.3,6594,PAYMENT_REFUND,False,
ilgisiz-personel-ve-ilgisiz-yonetim-misafirleri-magdur-ediyor,BOD106,La Blanche Island Bodrum,Güvercinlik,True,2025-09-30 16:51:00,4.3,6594,PRICE_VALUE,True,değer
ilgisiz-personel-ve-ilgisiz-yonetim-misafirleri-magdur-ediyor,BOD106,La Blanche Island Bodrum,Güvercinlik,True,2025-09-30 16:51:00,4.3,6594,CHECKIN_CHECKOUT,False,
ilgisiz-personel-ve-ilgisiz-yonetim-misafirleri-magdur-ediyor,BOD106,La Blanche Island Bodrum,Güvercinlik,True,2025-09-30 16:51:00,4.3,6594,AIR_CONDITIONING,False,
ilgisiz-personel-ve-ilgisiz-yonetim-misafirleri-magdur-ediyor,BOD106,La Blanche Island Bodrum,Güvercinlik,True,2025-09-30 16:51:00,4.3,6594,NOISE,False,
ilgisiz-personel-ve-ilgisiz-yonetim-misafirleri-magdur-ediyor,BOD106,La Blanche Island Bodrum,Güvercinlik,True,2025-09-30 16:51:00,4.3,6594,FAMILY_CHILDREN,False,
ilgisiz-personel-ve-ilgisiz-yonetim-misafirleri-magdur-ediyor,BOD106,La Blanche Island Bodrum,Güvercinlik,True,2025-09-30 16:51:00,4.3,6594,TRANSPORT_TRANSFER,False,
ilgisiz-personel-ve-ilgisiz-yonetim-misafirleri-magdur-ediyor,BOD106,La Blanche Island Bodrum,Güvercinlik,True,2025-09-30 16:51:00,4.3,6594,MANAGEMENT_COMMUNICATION,True,iletişim|yetkili
ilgisiz-personel-ve-ilgisiz-yonetim-misafirleri-magdur-ediyor,BOD106,La Blanche Island Bodrum,Güvercinlik,True,2025-09-30 16:51:00,4.3,6594,SPA_WELLNESS,False,
ilgisiz-personel-ve-ilgisiz-yonetim-misafirleri-magdur-ediyor,BOD106,La Blanche Island Bodrum,Güvercinlik,True,2025-09-30 16:51:00,4.3,6594,SAFETY_SECURITY,False,
la-blanche-island-otelinde-yasanan-hizmet-eksiklikleri-ve-musteri-iliskileri-sorunlari,BOD106,La Blanche Island Bodrum,Güvercinlik,True,2025-09-30 16:03:00,4.3,6594,STAFF_SERVICE,True,personel|garson|hizmet|servis
la-blanche-island-otelinde-yasanan-hizmet-eksiklikleri-ve-musteri-iliskileri-sorunlari,BOD106,La Blanche Island Bodrum,Güvercinlik,True,2025-09-30 16:03:00,4.3,6594,CLEANLINESS_HYGIENE,True,hijyen|temiz
la-blanche-island-otelinde-yasanan-hizmet-eksiklikleri-ve-musteri-iliskileri-sorunlari,BOD106,La Blanche Island Bodrum,Güvercinlik,True,2025-09-30 16:03:00,4.3,6594,FOOD_BEVERAGE,True,tabak
la-blanche-island-otelinde-yasanan-hizmet-eksiklikleri-ve-musteri-iliskileri-sorunlari,BOD106,La Blanche Island Bodrum,Güvercinlik,True,2025-09-30 16:03:00,4.3,6594,ROOM,True,oda
la-blanche-island-otelinde-yasanan-hizmet-eksiklikleri-ve-musteri-iliskileri-sorunlari,BOD106,La Blanche Island Bodrum,Güvercinlik,True,2025-09-30 16:03:00,4.3,6594,BEACH_SEA,True,plaj
la-blanche-island-otelinde-yasanan-hizmet-eksiklikleri-ve-musteri-iliskileri-sorunlari,BOD106,La Blanche Island Bodrum,Güvercinlik,True,2025-09-30 16:03:00,4.3,6594,POOL,False,
la-blanche-island-otelinde-yasanan-hizmet-eksiklikleri-ve-musteri-iliskileri-sorunlari,BOD106,La Blanche Island Bodrum,Güvercinlik,True,2025-09-30 16:03:00,4.3,6594,FACILITIES_MAINTENANCE,True,kırık
la-blanche-island-otelinde-yasanan-hizmet-eksiklikleri-ve-musteri-iliskileri-sorunlari,BOD106,La Blanche Island Bodrum,Güvercinlik,True,2025-09-30 16:03:00,4.3,6594,RESERVATION,True,rezervasyon
la-blanche-island-otelinde-yasanan-hizmet-eksiklikleri-ve-musteri-iliskileri-sorunlari,BOD106,La Blanche Island Bodrum,Güvercinlik,True,2025-09-30 16:03:00,4.3,6594,PAYMENT_REFUND,True,ödeme
la-blanche-island-otelinde-yasanan-hizmet-eksiklikleri-ve-musteri-iliskileri-sorunlari,BOD106,La Blanche Island Bodrum,Güvercinlik,True,2025-09-30 16:03:00,4.3,6594,PRICE_VALUE,False,
la-blanche-island-otelinde-yasanan-hizmet-eksiklikleri-ve-musteri-iliskileri-sorunlari,BOD106,La Blanche Island Bodrum,Güvercinlik,True,2025-09-30 16:03:00,4.3,6594,CHECKIN_CHECKOUT,False,
la-blanche-island-otelinde-yasanan-hizmet-eksiklikleri-ve-musteri-iliskileri-sorunlari,BOD106,La Blanche Island Bodrum,Güvercinlik,True,2025-09-30 16:03:00,4.3,6594,AIR_CONDITIONING,False,
la-blanche-island-otelinde-yasanan-hizmet-eksiklikleri-ve-musteri-iliskileri-sorunlari,BOD106,La Blanche Island Bodrum,Güvercinlik,True,2025-09-30 16:03:00,4.3,6594,NOISE,False,
la-blanche-island-otelinde-yasanan-hizmet-eksiklikleri-ve-musteri-iliskileri-sorunlari,BOD106,La Blanche Island Bodrum,Güvercinlik,True,2025-09-30 16:03:00,4.3,6594,FAMILY_CHILDREN,False,
la-blanche-island-otelinde-yasanan-hizmet-eksiklikleri-ve-musteri-iliskileri-sorunlari,BOD106,La Blanche Island Bodrum,Güvercinlik,True,2025-09-30 16:03:00,4.3,6594,TRANSPORT_TRANSFER,False,
la-blanche-island-otelinde-yasanan-hizmet-eksiklikleri-ve-musteri-iliskileri-sorunlari,BOD106,La Blanche Island Bodrum,Güvercinlik,True,2025-09-30 16:03:00,4.3,6594,MANAGEMENT_COMMUNICATION,True,yönetim
la-blanche-island-otelinde-yasanan-hizmet-eksiklikleri-ve-musteri-iliskileri-sorunlari,BOD106,La Blanche Island Bodrum,Güvercinlik,True,2025-09-30 16:03:00,4.3,6594,SPA_WELLNESS,False,
la-blanche-island-otelinde-yasanan-hizmet-eksiklikleri-ve-musteri-iliskileri-sorunlari,BOD106,La Blanche Island Bodrum,Güvercinlik,True,2025-09-30 16:03:00,4.3,6594,SAFETY_SECURITY,False,
la-blanche-island-bodrum-plajda-guvenlik-eksikligi-ve-lakayit-personel-nedeniyle-yasanan-yaralanma,BOD106,La Blanche Island Bodrum,Güvercinlik,True,2025-09-28 22:45:00,4.3,6594,STAFF_SERVICE,True,personel|çalışan|hizmet
la-blanche-island-bodrum-plajda-guvenlik-eksikligi-ve-lakayit-personel-nedeniyle-yasanan-yaralanma,BOD106,La Blanche Island Bodrum,Güvercinlik,True,2025-09-28 22:45:00,4.3,6594,CLEANLINESS_HYGIENE,False,
la-blanche-island-bodrum-plajda-guvenlik-eksikligi-ve-lakayit-personel-nedeniyle-yasanan-yaralanma,BOD106,La Blanche Island Bodrum,Güvercinlik,True,2025-09-28 22:45:00,4.3,6594,FOOD_BEVERAGE,False,
la-blanche-island-bodrum-plajda-guvenlik-eksikligi-ve-lakayit-personel-nedeniyle-yasanan-yaralanma,BOD106,La Blanche Island Bodrum,Güvercinlik,True,2025-09-28 22:45:00,4.3,6594,ROOM,False,
la-blanche-island-bodrum-plajda-guvenlik-eksikligi-ve-lakayit-personel-nedeniyle-yasanan-yaralanma,BOD106,La Blanche Island Bodrum,Güvercinlik,True,2025-09-28 22:45:00,4.3,6594,BEACH_SEA,True,deniz|plaj
la-blanche-island-bodrum-plajda-guvenlik-eksikligi-ve-lakayit-personel-nedeniyle-yasanan-yaralanma,BOD106,La Blanche Island Bodrum,Güvercinlik,True,2025-09-28 22:45:00,4.3,6594,POOL,True,aquapark
la-blanche-island-bodrum-plajda-guvenlik-eksikligi-ve-lakayit-personel-nedeniyle-yasanan-yaralanma,BOD106,La Blanche Island Bodrum,Güvercinlik,True,2025-09-28 22:45:00,4.3,6594,FACILITIES_MAINTENANCE,True,kırık
la-blanche-island-bodrum-plajda-guvenlik-eksikligi-ve-lakayit-personel-nedeniyle-yasanan-yaralanma,BOD106,La Blanche Island Bodrum,Güvercinlik,True,2025-09-28 22:45:00,4.3,6594,RESERVATION,False,
la-blanche-island-bodrum-plajda-guvenlik-eksikligi-ve-lakayit-personel-nedeniyle-yasanan-yaralanma,BOD106,La Blanche Island Bodrum,Güvercinlik,True,2025-09-28 22:45:00,4.3,6594,PAYMENT_REFUND,False,
la-blanche-island-bodrum-plajda-guvenlik-eksikligi-ve-lakayit-personel-nedeniyle-yasanan-yaralanma,BOD106,La Blanche Island Bodrum,Güvercinlik,True,2025-09-28 22:45:00,4.3,6594,PRICE_VALUE,False,
la-blanche-island-bodrum-plajda-guvenlik-eksikligi-ve-lakayit-personel-nedeniyle-yasanan-yaralanma,BOD106,La Blanche Island Bodrum,Güvercinlik,True,2025-09-28 22:45:00,4.3,6594,CHECKIN_CHECKOUT,False,
la-blanche-island-bodrum-plajda-guvenlik-eksikligi-ve-lakayit-personel-nedeniyle-yasanan-yaralanma,BOD106,La Blanche Island Bodrum,Güvercinlik,True,2025-09-28 22:45:00,4.3,6594,AIR_CONDITIONING,False,
la-blanche-island-bodrum-plajda-guvenlik-eksikligi-ve-lakayit-personel-nedeniyle-yasanan-yaralanma,BOD106,La Blanche Island Bodrum,Güvercinlik,True,2025-09-28 22:45:00,4.3,6594,NOISE,False,
la-blanche-island-bodrum-plajda-guvenlik-eksikligi-ve-lakayit-personel-nedeniyle-yasanan-yaralanma,BOD106,La Blanche Island Bodrum,Güvercinlik,True,2025-09-28 22:45:00,4.3,6594,FAMILY_CHILDREN,False,
la-blanche-island-bodrum-plajda-guvenlik-eksikligi-ve-lakayit-personel-nedeniyle-yasanan-yaralanma,BOD106,La Blanche Island Bodrum,Güvercinlik,True,2025-09-28 22:45:00,4.3,6594,TRANSPORT_TRANSFER,False,
la-blanche-island-bodrum-plajda-guvenlik-eksikligi-ve-lakayit-personel-nedeniyle-yasanan-yaralanma,BOD106,La Blanche Island Bodrum,Güvercinlik,True,2025-09-28 22:45:00,4.3,6594,MANAGEMENT_COMMUNICATION,False,
la-blanche-island-bodrum-plajda-guvenlik-eksikligi-ve-lakayit-personel-nedeniyle-yasanan-yaralanma,BOD106,La Blanche Island Bodrum,Güvercinlik,True,2025-09-28 22:45:00,4.3,6594,SPA_WELLNESS,False,
la-blanche-island-bodrum-plajda-guvenlik-eksikligi-ve-lakayit-personel-nedeniyle-yasanan-yaralanma,BOD106,La Blanche Island Bodrum,Güvercinlik,True,2025-09-28 22:45:00,4.3,6594,SAFETY_SECURITY,True,yaralandı
balayi-ciftine-ozel-hizmetlerde-gecikme-ve-guvenlik-sorunu,BOD106,La Blanche Island Bodrum,Güvercinlik,True,2025-09-23 21:48:00,4.3,6594,STAFF_SERVICE,True,personel|hizmet
balayi-ciftine-ozel-hizmetlerde-gecikme-ve-guvenlik-sorunu,BOD106,La Blanche Island Bodrum,Güvercinlik,True,2025-09-23 21:48:00,4.3,6594,CLEANLINESS_HYGIENE,False,
balayi-ciftine-ozel-hizmetlerde-gecikme-ve-guvenlik-sorunu,BOD106,La Blanche Island Bodrum,Güvercinlik,True,2025-09-23 21:48:00,4.3,6594,FOOD_BEVERAGE,True,yemek
balayi-ciftine-ozel-hizmetlerde-gecikme-ve-guvenlik-sorunu,BOD106,La Blanche Island Bodrum,Güvercinlik,True,2025-09-23 21:48:00,4.3,6594,ROOM,True,oda
balayi-ciftine-ozel-hizmetlerde-gecikme-ve-guvenlik-sorunu,BOD106,La Blanche Island Bodrum,Güvercinlik,True,2025-09-23 21:48:00,4.3,6594,BEACH_SEA,True,deniz
balayi-ciftine-ozel-hizmetlerde-gecikme-ve-guvenlik-sorunu,BOD106,La Blanche Island Bodrum,Güvercinlik,True,2025-09-23 21:48:00,4.3,6594,POOL,False,
balayi-ciftine-ozel-hizmetlerde-gecikme-ve-guvenlik-sorunu,BOD106,La Blanche Island Bodrum,Güvercinlik,True,2025-09-23 21:48:00,4.3,6594,FACILITIES_MAINTENANCE,True,kapı
balayi-ciftine-ozel-hizmetlerde-gecikme-ve-guvenlik-sorunu,BOD106,La Blanche Island Bodrum,Güvercinlik,True,2025-09-23 21:48:00,4.3,6594,RESERVATION,False,
balayi-ciftine-ozel-hizmetlerde-gecikme-ve-guvenlik-sorunu,BOD106,La Blanche Island Bodrum,Güvercinlik,True,2025-09-23 21:48:00,4.3,6594,PAYMENT_REFUND,False,
balayi-ciftine-ozel-hizmetlerde-gecikme-ve-guvenlik-sorunu,BOD106,La Blanche Island Bodrum,Güvercinlik,True,2025-09-23 21:48:00,4.3,6594,PRICE_VALUE,True,değer
balayi-ciftine-ozel-hizmetlerde-gecikme-ve-guvenlik-sorunu,BOD106,La Blanche Island Bodrum,Güvercinlik,True,2025-09-23 21:48:00,4.3,6594,CHECKIN_CHECKOUT,False,
balayi-ciftine-ozel-hizmetlerde-gecikme-ve-guvenlik-sorunu,BOD106,La Blanche Island Bodrum,Güvercinlik,True,2025-09-23 21:48:00,4.3,6594,AIR_CONDITIONING,False,
balayi-ciftine-ozel-hizmetlerde-gecikme-ve-guvenlik-sorunu,BOD106,La Blanche Island Bodrum,Güvercinlik,True,2025-09-23 21:48:00,4.3,6594,NOISE,False,
balayi-ciftine-ozel-hizmetlerde-gecikme-ve-guvenlik-sorunu,BOD106,La Blanche Island Bodrum,Güvercinlik,True,2025-09-23 21:48:00,4.3,6594,FAMILY_CHILDREN,False,
balayi-ciftine-ozel-hizmetlerde-gecikme-ve-guvenlik-sorunu,BOD106,La Blanche Island Bodrum,Güvercinlik,True,2025-09-23 21:48:00,4.3,6594,TRANSPORT_TRANSFER,False,
balayi-ciftine-ozel-hizmetlerde-gecikme-ve-guvenlik-sorunu,BOD106,La Blanche Island Bodrum,Güvercinlik,True,2025-09-23 21:48:00,4.3,6594,MANAGEMENT_COMMUNICATION,False,
balayi-ciftine-ozel-hizmetlerde-gecikme-ve-guvenlik-sorunu,BOD106,La Blanche Island Bodrum,Güvercinlik,True,2025-09-23 21:48:00,4.3,6594,SPA_WELLNESS,False,
balayi-ciftine-ozel-hizmetlerde-gecikme-ve-guvenlik-sorunu,BOD106,La Blanche Island Bodrum,Güvercinlik,True,2025-09-23 21:48:00,4.3,6594,SAFETY_SECURITY,True,güvenlik|güvenli|kasa
vale-hizmetiyle-aracimiz-insaat-alanina-park-edildi-ve-kir-icinde-birakildi,BOD106,La Blanche Island Bodrum,Güvercinlik,False,2025-09-13 23:17:00,4.3,6594,STAFF_SERVICE,True,hizmet
vale-hizmetiyle-aracimiz-insaat-alanina-park-edildi-ve-kir-icinde-birakildi,BOD106,La Blanche Island Bodrum,Güvercinlik,False,2025-09-13 23:17:00,4.3,6594,CLEANLINESS_HYGIENE,False,
vale-hizmetiyle-aracimiz-insaat-alanina-park-edildi-ve-kir-icinde-birakildi,BOD106,La Blanche Island Bodrum,Güvercinlik,False,2025-09-13 23:17:00,4.3,6594,FOOD_BEVERAGE,False,
vale-hizmetiyle-aracimiz-insaat-alanina-park-edildi-ve-kir-icinde-birakildi,BOD106,La Blanche Island Bodrum,Güvercinlik,False,2025-09-13 23:17:00,4.3,6594,ROOM,True,oda
vale-hizmetiyle-aracimiz-insaat-alanina-park-edildi-ve-kir-icinde-birakildi,BOD106,La Blanche Island Bodrum,Güvercinlik,False,2025-09-13 23:17:00,4.3,6594,BEACH_SEA,False,
vale-hizmetiyle-aracimiz-insaat-alanina-park-edildi-ve-kir-icinde-birakildi,BOD106,La Blanche Island Bodrum,Güvercinlik,False,2025-09-13 23:17:00,4.3,6594,POOL,False,
vale-hizmetiyle-aracimiz-insaat-alanina-park-edildi-ve-kir-icinde-birakildi,BOD106,La Blanche Island Bodrum,Güvercinlik,False,2025-09-13 23:17:00,4.3,6594,FACILITIES_MAINTENANCE,True,kırık
vale-hizmetiyle-aracimiz-insaat-alanina-park-edildi-ve-kir-icinde-birakildi,BOD106,La Blanche Island Bodrum,Güvercinlik,False,2025-09-13 23:17:00,4.3,6594,RESERVATION,False,
vale-hizmetiyle-aracimiz-insaat-alanina-park-edildi-ve-kir-icinde-birakildi,BOD106,La Blanche Island Bodrum,Güvercinlik,False,2025-09-13 23:17:00,4.3,6594,PAYMENT_REFUND,False,
vale-hizmetiyle-aracimiz-insaat-alanina-park-edildi-ve-kir-icinde-birakildi,BOD106,La Blanche Island Bodrum,Güvercinlik,False,2025-09-13 23:17:00,4.3,6594,PRICE_VALUE,False,
vale-hizmetiyle-aracimiz-insaat-alanina-park-edildi-ve-kir-icinde-birakildi,BOD106,La Blanche Island Bodrum,Güvercinlik,False,2025-09-13 23:17:00,4.3,6594,CHECKIN_CHECKOUT,False,
vale-hizmetiyle-aracimiz-insaat-alanina-park-edildi-ve-kir-icinde-birakildi,BOD106,La Blanche Island Bodrum,Güvercinlik,False,2025-09-13 23:17:00,4.3,6594,AIR_CONDITIONING,False,
vale-hizmetiyle-aracimiz-insaat-alanina-park-edildi-ve-kir-icinde-birakildi,BOD106,La Blanche Island Bodrum,Güvercinlik,False,2025-09-13 23:17:00,4.3,6594,NOISE,False,
vale-hizmetiyle-aracimiz-insaat-alanina-park-edildi-ve-kir-icinde-birakildi,BOD106,La Blanche Island Bodrum,Güvercinlik,False,2025-09-13 23:17:00,4.3,6594,FAMILY_CHILDREN,False,
vale-hizmetiyle-aracimiz-insaat-alanina-park-edildi-ve-kir-icinde-birakildi,BOD106,La Blanche Island Bodrum,Güvercinlik,False,2025-09-13 23:17:00,4.3,6594,TRANSPORT_TRANSFER,False,
vale-hizmetiyle-aracimiz-insaat-alanina-park-edildi-ve-kir-icinde-birakildi,BOD106,La Blanche Island Bodrum,Güvercinlik,False,2025-09-13 23:17:00,4.3,6594,MANAGEMENT_COMMUNICATION,True,çözüm sunulmadı|yönetim|yetkili
vale-hizmetiyle-aracimiz-insaat-alanina-park-edildi-ve-kir-icinde-birakildi,BOD106,La Blanche Island Bodrum,Güvercinlik,False,2025-09-13 23:17:00,4.3,6594,SPA_WELLNESS,False,
vale-hizmetiyle-aracimiz-insaat-alanina-park-edildi-ve-kir-icinde-birakildi,BOD106,La Blanche Island Bodrum,Güvercinlik,False,2025-09-13 23:17:00,4.3,6594,SAFETY_SECURITY,False,
otelin-yiyeceklerinden-kaynaklanan-zehirlenme-nedeniyle-magduriyet,BOD106,La Blanche Island Bodrum,Güvercinlik,False,2025-08-05 18:06:00,4.3,6594,STAFF_SERVICE,False,
otelin-yiyeceklerinden-kaynaklanan-zehirlenme-nedeniyle-magduriyet,BOD106,La Blanche Island Bodrum,Güvercinlik,False,2025-08-05 18:06:00,4.3,6594,CLEANLINESS_HYGIENE,False,
otelin-yiyeceklerinden-kaynaklanan-zehirlenme-nedeniyle-magduriyet,BOD106,La Blanche Island Bodrum,Güvercinlik,False,2025-08-05 18:06:00,4.3,6594,FOOD_BEVERAGE,False,
otelin-yiyeceklerinden-kaynaklanan-zehirlenme-nedeniyle-magduriyet,BOD106,La Blanche Island Bodrum,Güvercinlik,False,2025-08-05 18:06:00,4.3,6594,ROOM,True,oda
otelin-yiyeceklerinden-kaynaklanan-zehirlenme-nedeniyle-magduriyet,BOD106,La Blanche Island Bodrum,Güvercinlik,False,2025-08-05 18:06:00,4.3,6594,BEACH_SEA,False,
otelin-yiyeceklerinden-kaynaklanan-zehirlenme-nedeniyle-magduriyet,BOD106,La Blanche Island Bodrum,Güvercinlik,False,2025-08-05 18:06:00,4.3,6594,POOL,False,
otelin-yiyeceklerinden-kaynaklanan-zehirlenme-nedeniyle-magduriyet,BOD106,La Blanche Island Bodrum,Güvercinlik,False,2025-08-05 18:06:00,4.3,6594,FACILITIES_MAINTENANCE,False,
otelin-yiyeceklerinden-kaynaklanan-zehirlenme-nedeniyle-magduriyet,BOD106,La Blanche Island Bodrum,Güvercinlik,False,2025-08-05 18:06:00,4.3,6594,RESERVATION,True,rezervasyon
otelin-yiyeceklerinden-kaynaklanan-zehirlenme-nedeniyle-magduriyet,BOD106,La Blanche Island Bodrum,Güvercinlik,False,2025-08-05 18:06:00,4.3,6594,PAYMENT_REFUND,True,iade
otelin-yiyeceklerinden-kaynaklanan-zehirlenme-nedeniyle-magduriyet,BOD106,La Blanche Island Bodrum,Güvercinlik,False,2025-08-05 18:06:00,4.3,6594,PRICE_VALUE,True,değer|ücret
otelin-yiyeceklerinden-kaynaklanan-zehirlenme-nedeniyle-magduriyet,BOD106,La Blanche Island Bodrum,Güvercinlik,False,2025-08-05 18:06:00,4.3,6594,CHECKIN_CHECKOUT,False,
otelin-yiyeceklerinden-kaynaklanan-zehirlenme-nedeniyle-magduriyet,BOD106,La Blanche Island Bodrum,Güvercinlik,False,2025-08-05 18:06:00,4.3,6594,AIR_CONDITIONING,False,
otelin-yiyeceklerinden-kaynaklanan-zehirlenme-nedeniyle-magduriyet,BOD106,La Blanche Island Bodrum,Güvercinlik,False,2025-08-05 18:06:00,4.3,6594,NOISE,False,
otelin-yiyeceklerinden-kaynaklanan-zehirlenme-nedeniyle-magduriyet,BOD106,La Blanche Island Bodrum,Güvercinlik,False,2025-08-05 18:06:00,4.3,6594,FAMILY_CHILDREN,False,
otelin-yiyeceklerinden-kaynaklanan-zehirlenme-nedeniyle-magduriyet,BOD106,La Blanche Island Bodrum,Güvercinlik,False,2025-08-05 18:06:00,4.3,6594,TRANSPORT_TRANSFER,False,
otelin-yiyeceklerinden-kaynaklanan-zehirlenme-nedeniyle-magduriyet,BOD106,La Blanche Island Bodrum,Güvercinlik,False,2025-08-05 18:06:00,4.3,6594,MANAGEMENT_COMMUNICATION,False,
otelin-yiyeceklerinden-kaynaklanan-zehirlenme-nedeniyle-magduriyet,BOD106,La Blanche Island Bodrum,Güvercinlik,False,2025-08-05 18:06:00,4.3,6594,SPA_WELLNESS,False,
otelin-yiyeceklerinden-kaynaklanan-zehirlenme-nedeniyle-magduriyet,BOD106,La Blanche Island Bodrum,Güvercinlik,False,2025-08-05 18:06:00,4.3,6594,SAFETY_SECURITY,True,hastane
balayi-ciftine-oda-seciminde-haksizlik-ve-eksik-hizmet,BOD106,La Blanche Island Bodrum,Güvercinlik,False,2025-06-20 16:10:00,4.3,6594,STAFF_SERVICE,True,hizmet
balayi-ciftine-oda-seciminde-haksizlik-ve-eksik-hizmet,BOD106,La Blanche Island Bodrum,Güvercinlik,False,2025-06-20 16:10:00,4.3,6594,CLEANLINESS_HYGIENE,False,
balayi-ciftine-oda-seciminde-haksizlik-ve-eksik-hizmet,BOD106,La Blanche Island Bodrum,Güvercinlik,False,2025-06-20 16:10:00,4.3,6594,FOOD_BEVERAGE,False,
balayi-ciftine-oda-seciminde-haksizlik-ve-eksik-hizmet,BOD106,La Blanche Island Bodrum,Güvercinlik,False,2025-06-20 16:10:00,4.3,6594,ROOM,True,oda
balayi-ciftine-oda-seciminde-haksizlik-ve-eksik-hizmet,BOD106,La Blanche Island Bodrum,Güvercinlik,False,2025-06-20 16:10:00,4.3,6594,BEACH_SEA,True,deniz
balayi-ciftine-oda-seciminde-haksizlik-ve-eksik-hizmet,BOD106,La Blanche Island Bodrum,Güvercinlik,False,2025-06-20 16:10:00,4.3,6594,POOL,False,
balayi-ciftine-oda-seciminde-haksizlik-ve-eksik-hizmet,BOD106,La Blanche Island Bodrum,Güvercinlik,False,2025-06-20 16:10:00,4.3,6594,FACILITIES_MAINTENANCE,False,
balayi-ciftine-oda-seciminde-haksizlik-ve-eksik-hizmet,BOD106,La Blanche Island Bodrum,Güvercinlik,False,2025-06-20 16:10:00,4.3,6594,RESERVATION,False,
balayi-ciftine-oda-seciminde-haksizlik-ve-eksik-hizmet,BOD106,La Blanche Island Bodrum,Güvercinlik,False,2025-06-20 16:10:00,4.3,6594,PAYMENT_REFUND,True,ödeme
balayi-ciftine-oda-seciminde-haksizlik-ve-eksik-hizmet,BOD106,La Blanche Island Bodrum,Güvercinlik,False,2025-06-20 16:10:00,4.3,6594,PRICE_VALUE,True,ücret
balayi-ciftine-oda-seciminde-haksizlik-ve-eksik-hizmet,BOD106,La Blanche Island Bodrum,Güvercinlik,False,2025-06-20 16:10:00,4.3,6594,CHECKIN_CHECKOUT,False,
balayi-ciftine-oda-seciminde-haksizlik-ve-eksik-hizmet,BOD106,La Blanche Island Bodrum,Güvercinlik,False,2025-06-20 16:10:00,4.3,6594,AIR_CONDITIONING,False,
balayi-ciftine-oda-seciminde-haksizlik-ve-eksik-hizmet,BOD106,La Blanche Island Bodrum,Güvercinlik,False,2025-06-20 16:10:00,4.3,6594,NOISE,False,
balayi-ciftine-oda-seciminde-haksizlik-ve-eksik-hizmet,BOD106,La Blanche Island Bodrum,Güvercinlik,False,2025-06-20 16:10:00,4.3,6594,FAMILY_CHILDREN,False,
balayi-ciftine-oda-seciminde-haksizlik-ve-eksik-hizmet,BOD106,La Blanche Island Bodrum,Güvercinlik,False,2025-06-20 16:10:00,4.3,6594,TRANSPORT_TRANSFER,False,
balayi-ciftine-oda-seciminde-haksizlik-ve-eksik-hizmet,BOD106,La Blanche Island Bodrum,Güvercinlik,False,2025-06-20 16:10:00,4.3,6594,MANAGEMENT_COMMUNICATION,False,
balayi-ciftine-oda-seciminde-haksizlik-ve-eksik-hizmet,BOD106,La Blanche Island Bodrum,Güvercinlik,False,2025-06-20 16:10:00,4.3,6594,SPA_WELLNESS,False,
balayi-ciftine-oda-seciminde-haksizlik-ve-eksik-hizmet,BOD106,La Blanche Island Bodrum,Güvercinlik,False,2025-06-20 16:10:00,4.3,6594,SAFETY_SECURITY,False,
la-blanche-island-bodrum-garson-yok-otelde-video,BOD106,La Blanche Island Bodrum,Güvercinlik,False,2025-06-02 08:52:00,4.3,6594,STAFF_SERVICE,False,
la-blanche-island-bodrum-garson-yok-otelde-video,BOD106,La Blanche Island Bodrum,Güvercinlik,False,2025-06-02 08:52:00,4.3,6594,CLEANLINESS_HYGIENE,False,
la-blanche-island-bodrum-garson-yok-otelde-video,BOD106,La Blanche Island Bodrum,Güvercinlik,False,2025-06-02 08:52:00,4.3,6594,FOOD_BEVERAGE,False,
la-blanche-island-bodrum-garson-yok-otelde-video,BOD106,La Blanche Island Bodrum,Güvercinlik,False,2025-06-02 08:52:00,4.3,6594,ROOM,False,
la-blanche-island-bodrum-garson-yok-otelde-video,BOD106,La Blanche Island Bodrum,Güvercinlik,False,2025-06-02 08:52:00,4.3,6594,BEACH_SEA,False,
la-blanche-island-bodrum-garson-yok-otelde-video,BOD106,La Blanche Island Bodrum,Güvercinlik,False,2025-06-02 08:52:00,4.3,6594,POOL,False,
la-blanche-island-bodrum-garson-yok-otelde-video,BOD106,La Blanche Island Bodrum,Güvercinlik,False,2025-06-02 08:52:00,4.3,6594,FACILITIES_MAINTENANCE,False,
la-blanche-island-bodrum-garson-yok-otelde-video,BOD106,La Blanche Island Bodrum,Güvercinlik,False,2025-06-02 08:52:00,4.3,6594,RESERVATION,False,
la-blanche-island-bodrum-garson-yok-otelde-video,BOD106,La Blanche Island Bodrum,Güvercinlik,False,2025-06-02 08:52:00,4.3,6594,PAYMENT_REFUND,False,
la-blanche-island-bodrum-garson-yok-otelde-video,BOD106,La Blanche Island Bodrum,Güvercinlik,False,2025-06-02 08:52:00,4.3,6594,PRICE_VALUE,False,
la-blanche-island-bodrum-garson-yok-otelde-video,BOD106,La Blanche Island Bodrum,Güvercinlik,False,2025-06-02 08:52:00,4.3,6594,CHECKIN_CHECKOUT,False,
la-blanche-island-bodrum-garson-yok-otelde-video,BOD106,La Blanche Island Bodrum,Güvercinlik,False,2025-06-02 08:52:00,4.3,6594,AIR_CONDITIONING,False,
la-blanche-island-bodrum-garson-yok-otelde-video,BOD106,La Blanche Island Bodrum,Güvercinlik,False,2025-06-02 08:52:00,4.3,6594,NOISE,False,
la-blanche-island-bodrum-garson-yok-otelde-video,BOD106,La Blanche Island Bodrum,Güvercinlik,False,2025-06-02 08:52:00,4.3,6594,FAMILY_CHILDREN,False,
la-blanche-island-bodrum-garson-yok-otelde-video,BOD106,La Blanche Island Bodrum,Güvercinlik,False,2025-06-02 08:52:00,4.3,6594,TRANSPORT_TRANSFER,False,
la-blanche-island-bodrum-garson-yok-otelde-video,BOD106,La Blanche Island Bodrum,Güvercinlik,False,2025-06-02 08:52:00,4.3,6594,MANAGEMENT_COMMUNICATION,False,
la-blanche-island-bodrum-garson-yok-otelde-video,BOD106,La Blanche Island Bodrum,Güvercinlik,False,2025-06-02 08:52:00,4.3,6594,SPA_WELLNESS,False,
la-blanche-island-bodrum-garson-yok-otelde-video,BOD106,La Blanche Island Bodrum,Güvercinlik,False,2025-06-02 08:52:00,4.3,6594,SAFETY_SECURITY,False,
bellboyun-hatasi-ve-otelin-ilgisizligi,BOD106,La Blanche Island Bodrum,Güvercinlik,False,2024-10-20 23:37:00,4.3,6594,STAFF_SERVICE,True,ilgisiz
bellboyun-hatasi-ve-otelin-ilgisizligi,BOD106,La Blanche Island Bodrum,Güvercinlik,False,2024-10-20 23:37:00,4.3,6594,CLEANLINESS_HYGIENE,True,temiz|leke
bellboyun-hatasi-ve-otelin-ilgisizligi,BOD106,La Blanche Island Bodrum,Güvercinlik,False,2024-10-20 23:37:00,4.3,6594,FOOD_BEVERAGE,False,
bellboyun-hatasi-ve-otelin-ilgisizligi,BOD106,La Blanche Island Bodrum,Güvercinlik,False,2024-10-20 23:37:00,4.3,6594,ROOM,False,
bellboyun-hatasi-ve-otelin-ilgisizligi,BOD106,La Blanche Island Bodrum,Güvercinlik,False,2024-10-20 23:37:00,4.3,6594,BEACH_SEA,False,
bellboyun-hatasi-ve-otelin-ilgisizligi,BOD106,La Blanche Island Bodrum,Güvercinlik,False,2024-10-20 23:37:00,4.3,6594,POOL,False,
bellboyun-hatasi-ve-otelin-ilgisizligi,BOD106,La Blanche Island Bodrum,Güvercinlik,False,2024-10-20 23:37:00,4.3,6594,FACILITIES_MAINTENANCE,False,
bellboyun-hatasi-ve-otelin-ilgisizligi,BOD106,La Blanche Island Bodrum,Güvercinlik,False,2024-10-20 23:37:00,4.3,6594,RESERVATION,False,
bellboyun-hatasi-ve-otelin-ilgisizligi,BOD106,La Blanche Island Bodrum,Güvercinlik,False,2024-10-20 23:37:00,4.3,6594,PAYMENT_REFUND,False,
bellboyun-hatasi-ve-otelin-ilgisizligi,BOD106,La Blanche Island Bodrum,Güvercinlik,False,2024-10-20 23:37:00,4.3,6594,PRICE_VALUE,False,
bellboyun-hatasi-ve-otelin-ilgisizligi,BOD106,La Blanche Island Bodrum,Güvercinlik,False,2024-10-20 23:37:00,4.3,6594,CHECKIN_CHECKOUT,False,
bellboyun-hatasi-ve-otelin-ilgisizligi,BOD106,La Blanche Island Bodrum,Güvercinlik,False,2024-10-20 23:37:00,4.3,6594,AIR_CONDITIONING,False,
bellboyun-hatasi-ve-otelin-ilgisizligi,BOD106,La Blanche Island Bodrum,Güvercinlik,False,2024-10-20 23:37:00,4.3,6594,NOISE,False,
bellboyun-hatasi-ve-otelin-ilgisizligi,BOD106,La Blanche Island Bodrum,Güvercinlik,False,2024-10-20 23:37:00,4.3,6594,FAMILY_CHILDREN,False,
bellboyun-hatasi-ve-otelin-ilgisizligi,BOD106,La Blanche Island Bodrum,Güvercinlik,False,2024-10-20 23:37:00,4.3,6594,TRANSPORT_TRANSFER,False,
bellboyun-hatasi-ve-otelin-ilgisizligi,BOD106,La Blanche Island Bodrum,Güvercinlik,False,2024-10-20 23:37:00,4.3,6594,MANAGEMENT_COMMUNICATION,False,
bellboyun-hatasi-ve-otelin-ilgisizligi,BOD106,La Blanche Island Bodrum,Güvercinlik,False,2024-10-20 23:37:00,4.3,6594,SPA_WELLNESS,False,
bellboyun-hatasi-ve-otelin-ilgisizligi,BOD106,La Blanche Island Bodrum,Güvercinlik,False,2024-10-20 23:37:00,4.3,6594,SAFETY_SECURITY,False,
la-blanche-island-bodrum-la-blanche-island-pismanligi,BOD106,La Blanche Island Bodrum,Güvercinlik,False,2024-09-30 09:51:00,4.3,6594,STAFF_SERVICE,True,görevli|ilgisiz|hizmet|servis
la-blanche-island-bodrum-la-blanche-island-pismanligi,BOD106,La Blanche Island Bodrum,Güvercinlik,False,2024-09-30 09:51:00,4.3,6594,CLEANLINESS_HYGIENE,False,
la-blanche-island-bodrum-la-blanche-island-pismanligi,BOD106,La Blanche Island Bodrum,Güvercinlik,False,2024-09-30 09:51:00,4.3,6594,FOOD_BEVERAGE,True,restoran|yemek|snack
la-blanche-island-bodrum-la-blanche-island-pismanligi,BOD106,La Blanche Island Bodrum,Güvercinlik,False,2024-09-30 09:51:00,4.3,6594,ROOM,True,minibar
la-blanche-island-bodrum-la-blanche-island-pismanligi,BOD106,La Blanche Island Bodrum,Güvercinlik,False,2024-09-30 09:51:00,4.3,6594,BEACH_SEA,False,
la-blanche-island-bodrum-la-blanche-island-pismanligi,BOD106,La Blanche Island Bodrum,Güvercinlik,False,2024-09-30 09:51:00,4.3,6594,POOL,False,
la-blanche-island-bodrum-la-blanche-island-pismanligi,BOD106,La Blanche Island Bodrum,Güvercinlik,False,2024-09-30 09:51:00,4.3,6594,FACILITIES_MAINTENANCE,False,
la-blanche-island-bodrum-la-blanche-island-pismanligi,BOD106,La Blanche Island Bodrum,Güvercinlik,False,2024-09-30 09:51:00,4.3,6594,RESERVATION,False,
la-blanche-island-bodrum-la-blanche-island-pismanligi,BOD106,La Blanche Island Bodrum,Güvercinlik,False,2024-09-30 09:51:00,4.3,6594,PAYMENT_REFUND,True,para
la-blanche-island-bodrum-la-blanche-island-pismanligi,BOD106,La Blanche Island Bodrum,Güvercinlik,False,2024-09-30 09:51:00,4.3,6594,PRICE_VALUE,False,
la-blanche-island-bodrum-la-blanche-island-pismanligi,BOD106,La Blanche Island Bodrum,Güvercinlik,False,2024-09-30 09:51:00,4.3,6594,CHECKIN_CHECKOUT,False,
la-blanche-island-bodrum-la-blanche-island-pismanligi,BOD106,La Blanche Island Bodrum,Güvercinlik,False,2024-09-30 09:51:00,4.3,6594,AIR_CONDITIONING,False,
la-blanche-island-bodrum-la-blanche-island-pismanligi,BOD106,La Blanche Island Bodrum,Güvercinlik,False,2024-09-30 09:51:00,4.3,6594,NOISE,False,
la-blanche-island-bodrum-la-blanche-island-pismanligi,BOD106,La Blanche Island Bodrum,Güvercinlik,False,2024-09-30 09:51:00,4.3,6594,FAMILY_CHILDREN,False,
la-blanche-island-bodrum-la-blanche-island-pismanligi,BOD106,La Blanche Island Bodrum,Güvercinlik,False,2024-09-30 09:51:00,4.3,6594,TRANSPORT_TRANSFER,False,
la-blanche-island-bodrum-la-blanche-island-pismanligi,BOD106,La Blanche Island Bodrum,Güvercinlik,False,2024-09-30 09:51:00,4.3,6594,MANAGEMENT_COMMUNICATION,True,geri dönüş|telefon
la-blanche-island-bodrum-la-blanche-island-pismanligi,BOD106,La Blanche Island Bodrum,Güvercinlik,False,2024-09-30 09:51:00,4.3,6594,SPA_WELLNESS,False,
la-blanche-island-bodrum-la-blanche-island-pismanligi,BOD106,La Blanche Island Bodrum,Güvercinlik,False,2024-09-30 09:51:00,4.3,6594,SAFETY_SECURITY,False,
la-blanche-island-bodrum-tam-bir-hayal-kirikligi-1,BOD106,La Blanche Island Bodrum,Güvercinlik,False,2024-09-13 14:40:00,4.3,6594,STAFF_SERVICE,True,personel|garson
la-blanche-island-bodrum-tam-bir-hayal-kirikligi-1,BOD106,La Blanche Island Bodrum,Güvercinlik,False,2024-09-13 14:40:00,4.3,6594,CLEANLINESS_HYGIENE,False,
la-blanche-island-bodrum-tam-bir-hayal-kirikligi-1,BOD106,La Blanche Island Bodrum,Güvercinlik,False,2024-09-13 14:40:00,4.3,6594,FOOD_BEVERAGE,True,restoran|snack|çatal
la-blanche-island-bodrum-tam-bir-hayal-kirikligi-1,BOD106,La Blanche Island Bodrum,Güvercinlik,False,2024-09-13 14:40:00,4.3,6594,ROOM,True,oda
la-blanche-island-bodrum-tam-bir-hayal-kirikligi-1,BOD106,La Blanche Island Bodrum,Güvercinlik,False,2024-09-13 14:40:00,4.3,6594,BEACH_SEA,True,şezlong|iskele|plaj
la-blanche-island-bodrum-tam-bir-hayal-kirikligi-1,BOD106,La Blanche Island Bodrum,Güvercinlik,False,2024-09-13 14:40:00,4.3,6594,POOL,True,havuz
la-blanche-island-bodrum-tam-bir-hayal-kirikligi-1,BOD106,La Blanche Island Bodrum,Güvercinlik,False,2024-09-13 14:40:00,4.3,6594,FACILITIES_MAINTENANCE,True,kırık
la-blanche-island-bodrum-tam-bir-hayal-kirikligi-1,BOD106,La Blanche Island Bodrum,Güvercinlik,False,2024-09-13 14:40:00,4.3,6594,RESERVATION,False,
la-blanche-island-bodrum-tam-bir-hayal-kirikligi-1,BOD106,La Blanche Island Bodrum,Güvercinlik,False,2024-09-13 14:40:00,4.3,6594,PAYMENT_REFUND,True,kesinti|ödeme|para
la-blanche-island-bodrum-tam-bir-hayal-kirikligi-1,BOD106,La Blanche Island Bodrum,Güvercinlik,False,2024-09-13 14:40:00,4.3,6594,PRICE_VALUE,True,ücret
la-blanche-island-bodrum-tam-bir-hayal-kirikligi-1,BOD106,La Blanche Island Bodrum,Güvercinlik,False,2024-09-13 14:40:00,4.3,6594,CHECKIN_CHECKOUT,False,
la-blanche-island-bodrum-tam-bir-hayal-kirikligi-1,BOD106,La Blanche Island Bodrum,Güvercinlik,False,2024-09-13 14:40:00,4.3,6594,AIR_CONDITIONING,False,
la-blanche-island-bodrum-tam-bir-hayal-kirikligi-1,BOD106,La Blanche Island Bodrum,Güvercinlik,False,2024-09-13 14:40:00,4.3,6594,NOISE,False,
la-blanche-island-bodrum-tam-bir-hayal-kirikligi-1,BOD106,La Blanche Island Bodrum,Güvercinlik,False,2024-09-13 14:40:00,4.3,6594,FAMILY_CHILDREN,False,
la-blanche-island-bodrum-tam-bir-hayal-kirikligi-1,BOD106,La Blanche Island Bodrum,Güvercinlik,False,2024-09-13 14:40:00,4.3,6594,TRANSPORT_TRANSFER,True,ulaşım
la-blanche-island-bodrum-tam-bir-hayal-kirikligi-1,BOD106,La Blanche Island Bodrum,Güvercinlik,False,2024-09-13 14:40:00,4.3,6594,MANAGEMENT_COMMUNICATION,True,müdür
la-blanche-island-bodrum-tam-bir-hayal-kirikligi-1,BOD106,La Blanche Island Bodrum,Güvercinlik,False,2024-09-13 14:40:00,4.3,6594,SPA_WELLNESS,False,
la-blanche-island-bodrum-tam-bir-hayal-kirikligi-1,BOD106,La Blanche Island Bodrum,Güvercinlik,False,2024-09-13 14:40:00,4.3,6594,SAFETY_SECURITY,False,
la-blanche-island-bodrum-oteldeki-personel-ilgisizligi-ve-sorumsuzluk,BOD106,La Blanche Island Bodrum,Güvercinlik,False,2024-07-24 23:24:00,4.3,6594,STAFF_SERVICE,False,
la-blanche-island-bodrum-oteldeki-personel-ilgisizligi-ve-sorumsuzluk,BOD106,La Blanche Island Bodrum,Güvercinlik,False,2024-07-24 23:24:00,4.3,6594,CLEANLINESS_HYGIENE,False,
la-blanche-island-bodrum-oteldeki-personel-ilgisizligi-ve-sorumsuzluk,BOD106,La Blanche Island Bodrum,Güvercinlik,False,2024-07-24 23:24:00,4.3,6594,FOOD_BEVERAGE,False,
la-blanche-island-bodrum-oteldeki-personel-ilgisizligi-ve-sorumsuzluk,BOD106,La Blanche Island Bodrum,Güvercinlik,False,2024-07-24 23:24:00,4.3,6594,ROOM,True,banyo|oda
la-blanche-island-bodrum-oteldeki-personel-ilgisizligi-ve-sorumsuzluk,BOD106,La Blanche Island Bodrum,Güvercinlik,False,2024-07-24 23:24:00,4.3,6594,BEACH_SEA,False,
la-blanche-island-bodrum-oteldeki-personel-ilgisizligi-ve-sorumsuzluk,BOD106,La Blanche Island Bodrum,Güvercinlik,False,2024-07-24 23:24:00,4.3,6594,POOL,False,
la-blanche-island-bodrum-oteldeki-personel-ilgisizligi-ve-sorumsuzluk,BOD106,La Blanche Island Bodrum,Güvercinlik,False,2024-07-24 23:24:00,4.3,6594,FACILITIES_MAINTENANCE,True,eski
la-blanche-island-bodrum-oteldeki-personel-ilgisizligi-ve-sorumsuzluk,BOD106,La Blanche Island Bodrum,Güvercinlik,False,2024-07-24 23:24:00,4.3,6594,RESERVATION,False,
la-blanche-island-bodrum-oteldeki-personel-ilgisizligi-ve-sorumsuzluk,BOD106,La Blanche Island Bodrum,Güvercinlik,False,2024-07-24 23:24:00,4.3,6594,PAYMENT_REFUND,False,
la-blanche-island-bodrum-oteldeki-personel-ilgisizligi-ve-sorumsuzluk,BOD106,La Blanche Island Bodrum,Güvercinlik,False,2024-07-24 23:24:00,4.3,6594,PRICE_VALUE,False,
la-blanche-island-bodrum-oteldeki-personel-ilgisizligi-ve-sorumsuzluk,BOD106,La Blanche Island Bodrum,Güvercinlik,False,2024-07-24 23:24:00,4.3,6594,CHECKIN_CHECKOUT,False,
la-blanche-island-bodrum-oteldeki-personel-ilgisizligi-ve-sorumsuzluk,BOD106,La Blanche Island Bodrum,Güvercinlik,False,2024-07-24 23:24:00,4.3,6594,AIR_CONDITIONING,False,
la-blanche-island-bodrum-oteldeki-personel-ilgisizligi-ve-sorumsuzluk,BOD106,La Blanche Island Bodrum,Güvercinlik,False,2024-07-24 23:24:00,4.3,6594,NOISE,False,
la-blanche-island-bodrum-oteldeki-personel-ilgisizligi-ve-sorumsuzluk,BOD106,La Blanche Island Bodrum,Güvercinlik,False,2024-07-24 23:24:00,4.3,6594,FAMILY_CHILDREN,False,
la-blanche-island-bodrum-oteldeki-personel-ilgisizligi-ve-sorumsuzluk,BOD106,La Blanche Island Bodrum,Güvercinlik,False,2024-07-24 23:24:00,4.3,6594,TRANSPORT_TRANSFER,False,
la-blanche-island-bodrum-oteldeki-personel-ilgisizligi-ve-sorumsuzluk,BOD106,La Blanche Island Bodrum,Güvercinlik,False,2024-07-24 23:24:00,4.3,6594,MANAGEMENT_COMMUNICATION,True,telefon|muhatap
la-blanche-island-bodrum-oteldeki-personel-ilgisizligi-ve-sorumsuzluk,BOD106,La Blanche Island Bodrum,Güvercinlik,False,2024-07-24 23:24:00,4.3,6594,SPA_WELLNESS,False,
la-blanche-island-bodrum-oteldeki-personel-ilgisizligi-ve-sorumsuzluk,BOD106,La Blanche Island Bodrum,Güvercinlik,False,2024-07-24 23:24:00,4.3,6594,SAFETY_SECURITY,False,
la-blanche-island-bodrum-tam-bir-pismanlik,BOD106,La Blanche Island Bodrum,Güvercinlik,False,2024-06-17 08:33:00,4.3,6594,STAFF_SERVICE,False,
la-blanche-island-bodrum-tam-bir-pismanlik,BOD106,La Blanche Island Bodrum,Güvercinlik,False,2024-06-17 08:33:00,4.3,6594,CLEANLINESS_HYGIENE,False,
la-blanche-island-bodrum-tam-bir-pismanlik,BOD106,La Blanche Island Bodrum,Güvercinlik,False,2024-06-17 08:33:00,4.3,6594,FOOD_BEVERAGE,True,açık büfe|lezzet|snack|büfe
la-blanche-island-bodrum-tam-bir-pismanlik,BOD106,La Blanche Island Bodrum,Güvercinlik,False,2024-06-17 08:33:00,4.3,6594,ROOM,False,
la-blanche-island-bodrum-tam-bir-pismanlik,BOD106,La Blanche Island Bodrum,Güvercinlik,False,2024-06-17 08:33:00,4.3,6594,BEACH_SEA,True,kumsal
la-blanche-island-bodrum-tam-bir-pismanlik,BOD106,La Blanche Island Bodrum,Güvercinlik,False,2024-06-17 08:33:00,4.3,6594,POOL,False,
la-blanche-island-bodrum-tam-bir-pismanlik,BOD106,La Blanche Island Bodrum,Güvercinlik,False,2024-06-17 08:33:00,4.3,6594,FACILITIES_MAINTENANCE,False,
la-blanche-island-bodrum-tam-bir-pismanlik,BOD106,La Blanche Island Bodrum,Güvercinlik,False,2024-06-17 08:33:00,4.3,6594,RESERVATION,False,
la-blanche-island-bodrum-tam-bir-pismanlik,BOD106,La Blanche Island Bodrum,Güvercinlik,False,2024-06-17 08:33:00,4.3,6594,PAYMENT_REFUND,False,
la-blanche-island-bodrum-tam-bir-pismanlik,BOD106,La Blanche Island Bodrum,Güvercinlik,False,2024-06-17 08:33:00,4.3,6594,PRICE_VALUE,False,
la-blanche-island-bodrum-tam-bir-pismanlik,BOD106,La Blanche Island Bodrum,Güvercinlik,False,2024-06-17 08:33:00,4.3,6594,CHECKIN_CHECKOUT,False,
la-blanche-island-bodrum-tam-bir-pismanlik,BOD106,La Blanche Island Bodrum,Güvercinlik,False,2024-06-17 08:33:00,4.3,6594,AIR_CONDITIONING,False,
la-blanche-island-bodrum-tam-bir-pismanlik,BOD106,La Blanche Island Bodrum,Güvercinlik,False,2024-06-17 08:33:00,4.3,6594,NOISE,False,
la-blanche-island-bodrum-tam-bir-pismanlik,BOD106,La Blanche Island Bodrum,Güvercinlik,False,2024-06-17 08:33:00,4.3,6594,FAMILY_CHILDREN,True,aile
la-blanche-island-bodrum-tam-bir-pismanlik,BOD106,La Blanche Island Bodrum,Güvercinlik,False,2024-06-17 08:33:00,4.3,6594,TRANSPORT_TRANSFER,False,
la-blanche-island-bodrum-tam-bir-pismanlik,BOD106,La Blanche Island Bodrum,Güvercinlik,False,2024-06-17 08:33:00,4.3,6594,MANAGEMENT_COMMUNICATION,False,
la-blanche-island-bodrum-tam-bir-pismanlik,BOD106,La Blanche Island Bodrum,Güvercinlik,False,2024-06-17 08:33:00,4.3,6594,SPA_WELLNESS,False,
la-blanche-island-bodrum-tam-bir-pismanlik,BOD106,La Blanche Island Bodrum,Güvercinlik,False,2024-06-17 08:33:00,4.3,6594,SAFETY_SECURITY,False,
engelli-aile-icin-asansor-arizasi-ve-hizmet-cokusu,BOD160,La Blanche Resort Bodrum,Turgutreis,False,2026-08-22 15:55:00,4.6,5754,STAFF_SERVICE,True,hizmet
engelli-aile-icin-asansor-arizasi-ve-hizmet-cokusu,BOD160,La Blanche Resort Bodrum,Turgutreis,False,2026-08-22 15:55:00,4.6,5754,CLEANLINESS_HYGIENE,False,
engelli-aile-icin-asansor-arizasi-ve-hizmet-cokusu,BOD160,La Blanche Resort Bodrum,Turgutreis,False,2026-08-22 15:55:00,4.6,5754,FOOD_BEVERAGE,True,lezzet|yemek
engelli-aile-icin-asansor-arizasi-ve-hizmet-cokusu,BOD160,La Blanche Resort Bodrum,Turgutreis,False,2026-08-22 15:55:00,4.6,5754,ROOM,True,oda
engelli-aile-icin-asansor-arizasi-ve-hizmet-cokusu,BOD160,La Blanche Resort Bodrum,Turgutreis,False,2026-08-22 15:55:00,4.6,5754,BEACH_SEA,True,deniz
engelli-aile-icin-asansor-arizasi-ve-hizmet-cokusu,BOD160,La Blanche Resort Bodrum,Turgutreis,False,2026-08-22 15:55:00,4.6,5754,POOL,True,havuz
engelli-aile-icin-asansor-arizasi-ve-hizmet-cokusu,BOD160,La Blanche Resort Bodrum,Turgutreis,False,2026-08-22 15:55:00,4.6,5754,FACILITIES_MAINTENANCE,True,su kesintisi|elektrik|asansör|bozuk|kırık|eski
engelli-aile-icin-asansor-arizasi-ve-hizmet-cokusu,BOD160,La Blanche Resort Bodrum,Turgutreis,False,2026-08-22 15:55:00,4.6,5754,RESERVATION,True,rezervasyon
engelli-aile-icin-asansor-arizasi-ve-hizmet-cokusu,BOD160,La Blanche Resort Bodrum,Turgutreis,False,2026-08-22 15:55:00,4.6,5754,PAYMENT_REFUND,True,kesinti|iade
engelli-aile-icin-asansor-arizasi-ve-hizmet-cokusu,BOD160,La Blanche Resort Bodrum,Turgutreis,False,2026-08-22 15:55:00,4.6,5754,PRICE_VALUE,True,ücret
engelli-aile-icin-asansor-arizasi-ve-hizmet-cokusu,BOD160,La Blanche Resort Bodrum,Turgutreis,False,2026-08-22 15:55:00,4.6,5754,CHECKIN_CHECKOUT,False,
engelli-aile-icin-asansor-arizasi-ve-hizmet-cokusu,BOD160,La Blanche Resort Bodrum,Turgutreis,False,2026-08-22 15:55:00,4.6,5754,AIR_CONDITIONING,True,klima
engelli-aile-icin-asansor-arizasi-ve-hizmet-cokusu,BOD160,La Blanche Resort Bodrum,Turgutreis,False,2026-08-22 15:55:00,4.6,5754,NOISE,False,
engelli-aile-icin-asansor-arizasi-ve-hizmet-cokusu,BOD160,La Blanche Resort Bodrum,Turgutreis,False,2026-08-22 15:55:00,4.6,5754,FAMILY_CHILDREN,True,aile
engelli-aile-icin-asansor-arizasi-ve-hizmet-cokusu,BOD160,La Blanche Resort Bodrum,Turgutreis,False,2026-08-22 15:55:00,4.6,5754,TRANSPORT_TRANSFER,False,
engelli-aile-icin-asansor-arizasi-ve-hizmet-cokusu,BOD160,La Blanche Resort Bodrum,Turgutreis,False,2026-08-22 15:55:00,4.6,5754,MANAGEMENT_COMMUNICATION,True,çözüm sunulmadı
engelli-aile-icin-asansor-arizasi-ve-hizmet-cokusu,BOD160,La Blanche Resort Bodrum,Turgutreis,False,2026-08-22 15:55:00,4.6,5754,SPA_WELLNESS,False,
engelli-aile-icin-asansor-arizasi-ve-hizmet-cokusu,BOD160,La Blanche Resort Bodrum,Turgutreis,False,2026-08-22 15:55:00,4.6,5754,SAFETY_SECURITY,True,güvenli
balayi-cifti-kaba-otopark-personeli-kuf-kokulu-oda-ve-sikisik-sezlonglar,BOD160,La Blanche Resort Bodrum,Turgutreis,False,2026-08-16 19:36:00,4.6,5754,STAFF_SERVICE,True,görevli
balayi-cifti-kaba-otopark-personeli-kuf-kokulu-oda-ve-sikisik-sezlonglar,BOD160,La Blanche Resort Bodrum,Turgutreis,False,2026-08-16 19:36:00,4.6,5754,CLEANLINESS_HYGIENE,True,koku|küf
balayi-cifti-kaba-otopark-personeli-kuf-kokulu-oda-ve-sikisik-sezlonglar,BOD160,La Blanche Resort Bodrum,Turgutreis,False,2026-08-16 19:36:00,4.6,5754,FOOD_BEVERAGE,False,
balayi-cifti-kaba-otopark-personeli-kuf-kokulu-oda-ve-sikisik-sezlonglar,BOD160,La Blanche Resort Bodrum,Turgutreis,False,2026-08-16 19:36:00,4.6,5754,ROOM,True,anahtar|oda
balayi-cifti-kaba-otopark-personeli-kuf-kokulu-oda-ve-sikisik-sezlonglar,BOD160,La Blanche Resort Bodrum,Turgutreis,False,2026-08-16 19:36:00,4.6,5754,BEACH_SEA,True,şezlong|plaj
balayi-cifti-kaba-otopark-personeli-kuf-kokulu-oda-ve-sikisik-sezlonglar,BOD160,La Blanche Resort Bodrum,Turgutreis,False,2026-08-16 19:36:00,4.6,5754,POOL,True,havuz
balayi-cifti-kaba-otopark-personeli-kuf-kokulu-oda-ve-sikisik-sezlonglar,BOD160,La Blanche Resort Bodrum,Turgutreis,False,2026-08-16 19:36:00,4.6,5754,FACILITIES_MAINTENANCE,False,
balayi-cifti-kaba-otopark-personeli-kuf-kokulu-oda-ve-sikisik-sezlonglar,BOD160,La Blanche Resort Bodrum,Turgutreis,False,2026-08-16 19:36:00,4.6,5754,RESERVATION,False,
balayi-cifti-kaba-otopark-personeli-kuf-kokulu-oda-ve-sikisik-sezlonglar,BOD160,La Blanche Resort Bodrum,Turgutreis,False,2026-08-16 19:36:00,4.6,5754,PAYMENT_REFUND,False,
balayi-cifti-kaba-otopark-personeli-kuf-kokulu-oda-ve-sikisik-sezlonglar,BOD160,La Blanche Resort Bodrum,Turgutreis,False,2026-08-16 19:36:00,4.6,5754,PRICE_VALUE,False,
balayi-cifti-kaba-otopark-personeli-kuf-kokulu-oda-ve-sikisik-sezlonglar,BOD160,La Blanche Resort Bodrum,Turgutreis,False,2026-08-16 19:36:00,4.6,5754,CHECKIN_CHECKOUT,False,
balayi-cifti-kaba-otopark-personeli-kuf-kokulu-oda-ve-sikisik-sezlonglar,BOD160,La Blanche Resort Bodrum,Turgutreis,False,2026-08-16 19:36:00,4.6,5754,AIR_CONDITIONING,True,klima
balayi-cifti-kaba-otopark-personeli-kuf-kokulu-oda-ve-sikisik-sezlonglar,BOD160,La Blanche Resort Bodrum,Turgutreis,False,2026-08-16 19:36:00,4.6,5754,NOISE,False,
balayi-cifti-kaba-otopark-personeli-kuf-kokulu-oda-ve-sikisik-sezlonglar,BOD160,La Blanche Resort Bodrum,Turgutreis,False,2026-08-16 19:36:00,4.6,5754,FAMILY_CHILDREN,False,
balayi-cifti-kaba-otopark-personeli-kuf-kokulu-oda-ve-sikisik-sezlonglar,BOD160,La Blanche Resort Bodrum,Turgutreis,False,2026-08-16 19:36:00,4.6,5754,TRANSPORT_TRANSFER,True,otopark
balayi-cifti-kaba-otopark-personeli-kuf-kokulu-oda-ve-sikisik-sezlonglar,BOD160,La Blanche Resort Bodrum,Turgutreis,False,2026-08-16 19:36:00,4.6,5754,MANAGEMENT_COMMUNICATION,False,
balayi-cifti-kaba-otopark-personeli-kuf-kokulu-oda-ve-sikisik-sezlonglar,BOD160,La Blanche Resort Bodrum,Turgutreis,False,2026-08-16 19:36:00,4.6,5754,SPA_WELLNESS,True,spa
balayi-cifti-kaba-otopark-personeli-kuf-kokulu-oda-ve-sikisik-sezlonglar,BOD160,La Blanche Resort Bodrum,Turgutreis,False,2026-08-16 19:36:00,4.6,5754,SAFETY_SECURITY,False,
la-blanche-resort-spa-bodrum-hijyen-ve-konfor-sifir,BOD160,La Blanche Resort Bodrum,Turgutreis,False,2026-07-24 21:29:00,4.6,5754,STAFF_SERVICE,False,
la-blanche-resort-spa-bodrum-hijyen-ve-konfor-sifir,BOD160,La Blanche Resort Bodrum,Turgutreis,False,2026-07-24 21:29:00,4.6,5754,CLEANLINESS_HYGIENE,True,oda temizliği|hijyen|temiz|koku
la-blanche-resort-spa-bodrum-hijyen-ve-konfor-sifir,BOD160,La Blanche Resort Bodrum,Turgutreis,False,2026-07-24 21:29:00,4.6,5754,FOOD_BEVERAGE,False,
la-blanche-resort-spa-bodrum-hijyen-ve-konfor-sifir,BOD160,La Blanche Resort Bodrum,Turgutreis,False,2026-07-24 21:29:00,4.6,5754,ROOM,True,oda değişikliği|mobilya|oda
la-blanche-resort-spa-bodrum-hijyen-ve-konfor-sifir,BOD160,La Blanche Resort Bodrum,Turgutreis,False,2026-07-24 21:29:00,4.6,5754,BEACH_SEA,False,
la-blanche-resort-spa-bodrum-hijyen-ve-konfor-sifir,BOD160,La Blanche Resort Bodrum,Turgutreis,False,2026-07-24 21:29:00,4.6,5754,POOL,False,
la-blanche-resort-spa-bodrum-hijyen-ve-konfor-sifir,BOD160,La Blanche Resort Bodrum,Turgutreis,False,2026-07-24 21:29:00,4.6,5754,FACILITIES_MAINTENANCE,True,kırık|eski
la-blanche-resort-spa-bodrum-hijyen-ve-konfor-sifir,BOD160,La Blanche Resort Bodrum,Turgutreis,False,2026-07-24 21:29:00,4.6,5754,RESERVATION,False,
la-blanche-resort-spa-bodrum-hijyen-ve-konfor-sifir,BOD160,La Blanche Resort Bodrum,Turgutreis,False,2026-07-24 21:29:00,4.6,5754,PAYMENT_REFUND,False,
la-blanche-resort-spa-bodrum-hijyen-ve-konfor-sifir,BOD160,La Blanche Resort Bodrum,Turgutreis,False,2026-07-24 21:29:00,4.6,5754,PRICE_VALUE,False,
la-blanche-resort-spa-bodrum-hijyen-ve-konfor-sifir,BOD160,La Blanche Resort Bodrum,Turgutreis,False,2026-07-24 21:29:00,4.6,5754,CHECKIN_CHECKOUT,False,
la-blanche-resort-spa-bodrum-hijyen-ve-konfor-sifir,BOD160,La Blanche Resort Bodrum,Turgutreis,False,2026-07-24 21:29:00,4.6,5754,AIR_CONDITIONING,False,
la-blanche-resort-spa-bodrum-hijyen-ve-konfor-sifir,BOD160,La Blanche Resort Bodrum,Turgutreis,False,2026-07-24 21:29:00,4.6,5754,NOISE,True,ses
la-blanche-resort-spa-bodrum-hijyen-ve-konfor-sifir,BOD160,La Blanche Resort Bodrum,Turgutreis,False,2026-07-24 21:29:00,4.6,5754,FAMILY_CHILDREN,True,aile
la-blanche-resort-spa-bodrum-hijyen-ve-konfor-sifir,BOD160,La Blanche Resort Bodrum,Turgutreis,False,2026-07-24 21:29:00,4.6,5754,TRANSPORT_TRANSFER,False,
la-blanche-resort-spa-bodrum-hijyen-ve-konfor-sifir,BOD160,La Blanche Resort Bodrum,Turgutreis,False,2026-07-24 21:29:00,4.6,5754,MANAGEMENT_COMMUNICATION,True,geri dönüş|yetkili
la-blanche-resort-spa-bodrum-hijyen-ve-konfor-sifir,BOD160,La Blanche Resort Bodrum,Turgutreis,False,2026-07-24 21:29:00,4.6,5754,SPA_WELLNESS,False,
la-blanche-resort-spa-bodrum-hijyen-ve-konfor-sifir,BOD160,La Blanche Resort Bodrum,Turgutreis,False,2026-07-24 21:29:00,4.6,5754,SAFETY_SECURITY,False,
la-blanche-resort-spa-bodrum-musteri-memnuniyetsizligi,BOD160,La Blanche Resort Bodrum,Turgutreis,False,2026-06-23 22:39:00,4.6,5754,STAFF_SERVICE,False,
la-blanche-resort-spa-bodrum-musteri-memnuniyetsizligi,BOD160,La Blanche Resort Bodrum,Turgutreis,False,2026-06-23 22:39:00,4.6,5754,CLEANLINESS_HYGIENE,True,hijyen|temiz|kirli
la-blanche-resort-spa-bodrum-musteri-memnuniyetsizligi,BOD160,La Blanche Resort Bodrum,Turgutreis,False,2026-06-23 22:39:00,4.6,5754,FOOD_BEVERAGE,False,
la-blanche-resort-spa-bodrum-musteri-memnuniyetsizligi,BOD160,La Blanche Resort Bodrum,Turgutreis,False,2026-06-23 22:39:00,4.6,5754,ROOM,True,banyo|oda
la-blanche-resort-spa-bodrum-musteri-memnuniyetsizligi,BOD160,La Blanche Resort Bodrum,Turgutreis,False,2026-06-23 22:39:00,4.6,5754,BEACH_SEA,False,
la-blanche-resort-spa-bodrum-musteri-memnuniyetsizligi,BOD160,La Blanche Resort Bodrum,Turgutreis,False,2026-06-23 22:39:00,4.6,5754,POOL,False,
la-blanche-resort-spa-bodrum-musteri-memnuniyetsizligi,BOD160,La Blanche Resort Bodrum,Turgutreis,False,2026-06-23 22:39:00,4.6,5754,FACILITIES_MAINTENANCE,True,bakımsız|bakım
la-blanche-resort-spa-bodrum-musteri-memnuniyetsizligi,BOD160,La Blanche Resort Bodrum,Turgutreis,False,2026-06-23 22:39:00,4.6,5754,RESERVATION,False,
la-blanche-resort-spa-bodrum-musteri-memnuniyetsizligi,BOD160,La Blanche Resort Bodrum,Turgutreis,False,2026-06-23 22:39:00,4.6,5754,PAYMENT_REFUND,False,
la-blanche-resort-spa-bodrum-musteri-memnuniyetsizligi,BOD160,La Blanche Resort Bodrum,Turgutreis,False,2026-06-23 22:39:00,4.6,5754,PRICE_VALUE,False,
la-blanche-resort-spa-bodrum-musteri-memnuniyetsizligi,BOD160,La Blanche Resort Bodrum,Turgutreis,False,2026-06-23 22:39:00,4.6,5754,CHECKIN_CHECKOUT,False,
la-blanche-resort-spa-bodrum-musteri-memnuniyetsizligi,BOD160,La Blanche Resort Bodrum,Turgutreis,False,2026-06-23 22:39:00,4.6,5754,AIR_CONDITIONING,False,
la-blanche-resort-spa-bodrum-musteri-memnuniyetsizligi,BOD160,La Blanche Resort Bodrum,Turgutreis,False,2026-06-23 22:39:00,4.6,5754,NOISE,False,
la-blanche-resort-spa-bodrum-musteri-memnuniyetsizligi,BOD160,La Blanche Resort Bodrum,Turgutreis,False,2026-06-23 22:39:00,4.6,5754,FAMILY_CHILDREN,False,
la-blanche-resort-spa-bodrum-musteri-memnuniyetsizligi,BOD160,La Blanche Resort Bodrum,Turgutreis,False,2026-06-23 22:39:00,4.6,5754,TRANSPORT_TRANSFER,False,
la-blanche-resort-spa-bodrum-musteri-memnuniyetsizligi,BOD160,La Blanche Resort Bodrum,Turgutreis,False,2026-06-23 22:39:00,4.6,5754,MANAGEMENT_COMMUNICATION,True,yönetim
la-blanche-resort-spa-bodrum-musteri-memnuniyetsizligi,BOD160,La Blanche Resort Bodrum,Turgutreis,False,2026-06-23 22:39:00,4.6,5754,SPA_WELLNESS,False,
la-blanche-resort-spa-bodrum-musteri-memnuniyetsizligi,BOD160,La Blanche Resort Bodrum,Turgutreis,False,2026-06-23 22:39:00,4.6,5754,SAFETY_SECURITY,False,
odamizda-kuf-kokusu-ve-su-sizintisi-sorunu-cozulmuyor,BOD160,La Blanche Resort Bodrum,Turgutreis,False,2025-08-24 12:16:00,4.6,5754,STAFF_SERVICE,True,servis
odamizda-kuf-kokusu-ve-su-sizintisi-sorunu-cozulmuyor,BOD160,La Blanche Resort Bodrum,Turgutreis,False,2025-08-24 12:16:00,4.6,5754,CLEANLINESS_HYGIENE,True,koku|küf
odamizda-kuf-kokusu-ve-su-sizintisi-sorunu-cozulmuyor,BOD160,La Blanche Resort Bodrum,Turgutreis,False,2025-08-24 12:16:00,4.6,5754,FOOD_BEVERAGE,False,
odamizda-kuf-kokusu-ve-su-sizintisi-sorunu-cozulmuyor,BOD160,La Blanche Resort Bodrum,Turgutreis,False,2025-08-24 12:16:00,4.6,5754,ROOM,True,oda değişikliği|oda
odamizda-kuf-kokusu-ve-su-sizintisi-sorunu-cozulmuyor,BOD160,La Blanche Resort Bodrum,Turgutreis,False,2025-08-24 12:16:00,4.6,5754,BEACH_SEA,False,
odamizda-kuf-kokusu-ve-su-sizintisi-sorunu-cozulmuyor,BOD160,La Blanche Resort Bodrum,Turgutreis,False,2025-08-24 12:16:00,4.6,5754,POOL,False,
odamizda-kuf-kokusu-ve-su-sizintisi-sorunu-cozulmuyor,BOD160,La Blanche Resort Bodrum,Turgutreis,False,2025-08-24 12:16:00,4.6,5754,FACILITIES_MAINTENANCE,False,
odamizda-kuf-kokusu-ve-su-sizintisi-sorunu-cozulmuyor,BOD160,La Blanche Resort Bodrum,Turgutreis,False,2025-08-24 12:16:00,4.6,5754,RESERVATION,True,rezervasyon
odamizda-kuf-kokusu-ve-su-sizintisi-sorunu-cozulmuyor,BOD160,La Blanche Resort Bodrum,Turgutreis,False,2025-08-24 12:16:00,4.6,5754,PAYMENT_REFUND,True,ücret iadesi|iade
odamizda-kuf-kokusu-ve-su-sizintisi-sorunu-cozulmuyor,BOD160,La Blanche Resort Bodrum,Turgutreis,False,2025-08-24 12:16:00,4.6,5754,PRICE_VALUE,True,ücret
odamizda-kuf-kokusu-ve-su-sizintisi-sorunu-cozulmuyor,BOD160,La Blanche Resort Bodrum,Turgutreis,False,2025-08-24 12:16:00,4.6,5754,CHECKIN_CHECKOUT,False,
odamizda-kuf-kokusu-ve-su-sizintisi-sorunu-cozulmuyor,BOD160,La Blanche Resort Bodrum,Turgutreis,False,2025-08-24 12:16:00,4.6,5754,AIR_CONDITIONING,True,klima
odamizda-kuf-kokusu-ve-su-sizintisi-sorunu-cozulmuyor,BOD160,La Blanche Resort Bodrum,Turgutreis,False,2025-08-24 12:16:00,4.6,5754,NOISE,False,
odamizda-kuf-kokusu-ve-su-sizintisi-sorunu-cozulmuyor,BOD160,La Blanche Resort Bodrum,Turgutreis,False,2025-08-24 12:16:00,4.6,5754,FAMILY_CHILDREN,False,
odamizda-kuf-kokusu-ve-su-sizintisi-sorunu-cozulmuyor,BOD160,La Blanche Resort Bodrum,Turgutreis,False,2025-08-24 12:16:00,4.6,5754,TRANSPORT_TRANSFER,False,
odamizda-kuf-kokusu-ve-su-sizintisi-sorunu-cozulmuyor,BOD160,La Blanche Resort Bodrum,Turgutreis,False,2025-08-24 12:16:00,4.6,5754,MANAGEMENT_COMMUNICATION,True,yönetim
odamizda-kuf-kokusu-ve-su-sizintisi-sorunu-cozulmuyor,BOD160,La Blanche Resort Bodrum,Turgutreis,False,2025-08-24 12:16:00,4.6,5754,SPA_WELLNESS,False,
odamizda-kuf-kokusu-ve-su-sizintisi-sorunu-cozulmuyor,BOD160,La Blanche Resort Bodrum,Turgutreis,False,2025-08-24 12:16:00,4.6,5754,SAFETY_SECURITY,False,
la-blanche-resortta-hayal-kirikligi-ve-hizmet-eksikligi,BOD160,La Blanche Resort Bodrum,Turgutreis,False,2025-08-15 17:48:00,4.6,5754,STAFF_SERVICE,True,hizmet|servis
la-blanche-resortta-hayal-kirikligi-ve-hizmet-eksikligi,BOD160,La Blanche Resort Bodrum,Turgutreis,False,2025-08-15 17:48:00,4.6,5754,CLEANLINESS_HYGIENE,True,temizlik|temiz
la-blanche-resortta-hayal-kirikligi-ve-hizmet-eksikligi,BOD160,La Blanche Resort Bodrum,Turgutreis,False,2025-08-15 17:48:00,4.6,5754,FOOD_BEVERAGE,True,yemek
la-blanche-resortta-hayal-kirikligi-ve-hizmet-eksikligi,BOD160,La Blanche Resort Bodrum,Turgutreis,False,2025-08-15 17:48:00,4.6,5754,ROOM,True,oda
la-blanche-resortta-hayal-kirikligi-ve-hizmet-eksikligi,BOD160,La Blanche Resort Bodrum,Turgutreis,False,2025-08-15 17:48:00,4.6,5754,BEACH_SEA,True,şezlong|deniz
la-blanche-resortta-hayal-kirikligi-ve-hizmet-eksikligi,BOD160,La Blanche Resort Bodrum,Turgutreis,False,2025-08-15 17:48:00,4.6,5754,POOL,True,havuz
la-blanche-resortta-hayal-kirikligi-ve-hizmet-eksikligi,BOD160,La Blanche Resort Bodrum,Turgutreis,False,2025-08-15 17:48:00,4.6,5754,FACILITIES_MAINTENANCE,True,eski
la-blanche-resortta-hayal-kirikligi-ve-hizmet-eksikligi,BOD160,La Blanche Resort Bodrum,Turgutreis,False,2025-08-15 17:48:00,4.6,5754,RESERVATION,True,rezervasyon
la-blanche-resortta-hayal-kirikligi-ve-hizmet-eksikligi,BOD160,La Blanche Resort Bodrum,Turgutreis,False,2025-08-15 17:48:00,4.6,5754,PAYMENT_REFUND,True,kredi kartı|ödeme|tutar|iade
la-blanche-resortta-hayal-kirikligi-ve-hizmet-eksikligi,BOD160,La Blanche Resort Bodrum,Turgutreis,False,2025-08-15 17:48:00,4.6,5754,PRICE_VALUE,True,ücret
la-blanche-resortta-hayal-kirikligi-ve-hizmet-eksikligi,BOD160,La Blanche Resort Bodrum,Turgutreis,False,2025-08-15 17:48:00,4.6,5754,CHECKIN_CHECKOUT,False,
la-blanche-resortta-hayal-kirikligi-ve-hizmet-eksikligi,BOD160,La Blanche Resort Bodrum,Turgutreis,False,2025-08-15 17:48:00,4.6,5754,AIR_CONDITIONING,False,
la-blanche-resortta-hayal-kirikligi-ve-hizmet-eksikligi,BOD160,La Blanche Resort Bodrum,Turgutreis,False,2025-08-15 17:48:00,4.6,5754,NOISE,False,
la-blanche-resortta-hayal-kirikligi-ve-hizmet-eksikligi,BOD160,La Blanche Resort Bodrum,Turgutreis,False,2025-08-15 17:48:00,4.6,5754,FAMILY_CHILDREN,False,
la-blanche-resortta-hayal-kirikligi-ve-hizmet-eksikligi,BOD160,La Blanche Resort Bodrum,Turgutreis,False,2025-08-15 17:48:00,4.6,5754,TRANSPORT_TRANSFER,False,
la-blanche-resortta-hayal-kirikligi-ve-hizmet-eksikligi,BOD160,La Blanche Resort Bodrum,Turgutreis,False,2025-08-15 17:48:00,4.6,5754,MANAGEMENT_COMMUNICATION,True,çözüm sunulmadı|yönetim
la-blanche-resortta-hayal-kirikligi-ve-hizmet-eksikligi,BOD160,La Blanche Resort Bodrum,Turgutreis,False,2025-08-15 17:48:00,4.6,5754,SPA_WELLNESS,False,
la-blanche-resortta-hayal-kirikligi-ve-hizmet-eksikligi,BOD160,La Blanche Resort Bodrum,Turgutreis,False,2025-08-15 17:48:00,4.6,5754,SAFETY_SECURITY,False,
la-blanche-resort-spa-bodrum-otelin-guvenlik-acigi-tatil-huzurunu-tehlikeye-atiyor,BOD160,La Blanche Resort Bodrum,Turgutreis,False,2025-08-06 01:13:00,4.6,5754,STAFF_SERVICE,True,personel|çalışan|görevli
la-blanche-resort-spa-bodrum-otelin-guvenlik-acigi-tatil-huzurunu-tehlikeye-atiyor,BOD160,La Blanche Resort Bodrum,Turgutreis,False,2025-08-06 01:13:00,4.6,5754,CLEANLINESS_HYGIENE,True,havlu
la-blanche-resort-spa-bodrum-otelin-guvenlik-acigi-tatil-huzurunu-tehlikeye-atiyor,BOD160,La Blanche Resort Bodrum,Turgutreis,False,2025-08-06 01:13:00,4.6,5754,FOOD_BEVERAGE,True,her şey dahil
la-blanche-resort-spa-bodrum-otelin-guvenlik-acigi-tatil-huzurunu-tehlikeye-atiyor,BOD160,La Blanche Resort Bodrum,Turgutreis,False,2025-08-06 01:13:00,4.6,5754,ROOM,False,
la-blanche-resort-spa-bodrum-otelin-guvenlik-acigi-tatil-huzurunu-tehlikeye-atiyor,BOD160,La Blanche Resort Bodrum,Turgutreis,False,2025-08-06 01:13:00,4.6,5754,BEACH_SEA,True,sahil|deniz|plaj
la-blanche-resort-spa-bodrum-otelin-guvenlik-acigi-tatil-huzurunu-tehlikeye-atiyor,BOD160,La Blanche Resort Bodrum,Turgutreis,False,2025-08-06 01:13:00,4.6,5754,POOL,False,
la-blanche-resort-spa-bodrum-otelin-guvenlik-acigi-tatil-huzurunu-tehlikeye-atiyor,BOD160,La Blanche Resort Bodrum,Turgutreis,False,2025-08-06 01:13:00,4.6,5754,FACILITIES_MAINTENANCE,False,
la-blanche-resort-spa-bodrum-otelin-guvenlik-acigi-tatil-huzurunu-tehlikeye-atiyor,BOD160,La Blanche Resort Bodrum,Turgutreis,False,2025-08-06 01:13:00,4.6,5754,RESERVATION,False,
la-blanche-resort-spa-bodrum-otelin-guvenlik-acigi-tatil-huzurunu-tehlikeye-atiyor,BOD160,La Blanche Resort Bodrum,Turgutreis,False,2025-08-06 01:13:00,4.6,5754,PAYMENT_REFUND,True,para
la-blanche-resort-spa-bodrum-otelin-guvenlik-acigi-tatil-huzurunu-tehlikeye-atiyor,BOD160,La Blanche Resort Bodrum,Turgutreis,False,2025-08-06 01:13:00,4.6,5754,PRICE_VALUE,False,
la-blanche-resort-spa-bodrum-otelin-guvenlik-acigi-tatil-huzurunu-tehlikeye-atiyor,BOD160,La Blanche Resort Bodrum,Turgutreis,False,2025-08-06 01:13:00,4.6,5754,CHECKIN_CHECKOUT,False,
la-blanche-resort-spa-bodrum-otelin-guvenlik-acigi-tatil-huzurunu-tehlikeye-atiyor,BOD160,La Blanche Resort Bodrum,Turgutreis,False,2025-08-06 01:13:00,4.6,5754,AIR_CONDITIONING,False,
la-blanche-resort-spa-bodrum-otelin-guvenlik-acigi-tatil-huzurunu-tehlikeye-atiyor,BOD160,La Blanche Resort Bodrum,Turgutreis,False,2025-08-06 01:13:00,4.6,5754,NOISE,False,
la-blanche-resort-spa-bodrum-otelin-guvenlik-acigi-tatil-huzurunu-tehlikeye-atiyor,BOD160,La Blanche Resort Bodrum,Turgutreis,False,2025-08-06 01:13:00,4.6,5754,FAMILY_CHILDREN,True,çocuk
la-blanche-resort-spa-bodrum-otelin-guvenlik-acigi-tatil-huzurunu-tehlikeye-atiyor,BOD160,La Blanche Resort Bodrum,Turgutreis,False,2025-08-06 01:13:00,4.6,5754,TRANSPORT_TRANSFER,False,
la-blanche-resort-spa-bodrum-otelin-guvenlik-acigi-tatil-huzurunu-tehlikeye-atiyor,BOD160,La Blanche Resort Bodrum,Turgutreis,False,2025-08-06 01:13:00,4.6,5754,MANAGEMENT_COMMUNICATION,True,yönetim|telefon
la-blanche-resort-spa-bodrum-otelin-guvenlik-acigi-tatil-huzurunu-tehlikeye-atiyor,BOD160,La Blanche Resort Bodrum,Turgutreis,False,2025-08-06 01:13:00,4.6,5754,SPA_WELLNESS,False,
la-blanche-resort-spa-bodrum-otelin-guvenlik-acigi-tatil-huzurunu-tehlikeye-atiyor,BOD160,La Blanche Resort Bodrum,Turgutreis,False,2025-08-06 01:13:00,4.6,5754,SAFETY_SECURITY,True,güvenlik|güvenli
otelin-temizlik-personel-ve-hizmet-kalitesindeki-ciddi-eksiklikler,BOD160,La Blanche Resort Bodrum,Turgutreis,False,2025-07-17 12:02:00,4.6,5754,STAFF_SERVICE,True,personel|çalışan|hizmet
otelin-temizlik-personel-ve-hizmet-kalitesindeki-ciddi-eksiklikler,BOD160,La Blanche Resort Bodrum,Turgutreis,False,2025-07-17 12:02:00,4.6,5754,CLEANLINESS_HYGIENE,True,temiz
otelin-temizlik-personel-ve-hizmet-kalitesindeki-ciddi-eksiklikler,BOD160,La Blanche Resort Bodrum,Turgutreis,False,2025-07-17 12:02:00,4.6,5754,FOOD_BEVERAGE,True,yemek
otelin-temizlik-personel-ve-hizmet-kalitesindeki-ciddi-eksiklikler,BOD160,La Blanche Resort Bodrum,Turgutreis,False,2025-07-17 12:02:00,4.6,5754,ROOM,True,tuvalet
otelin-temizlik-personel-ve-hizmet-kalitesindeki-ciddi-eksiklikler,BOD160,La Blanche Resort Bodrum,Turgutreis,False,2025-07-17 12:02:00,4.6,5754,BEACH_SEA,True,sahil
otelin-temizlik-personel-ve-hizmet-kalitesindeki-ciddi-eksiklikler,BOD160,La Blanche Resort Bodrum,Turgutreis,False,2025-07-17 12:02:00,4.6,5754,POOL,False,
otelin-temizlik-personel-ve-hizmet-kalitesindeki-ciddi-eksiklikler,BOD160,La Blanche Resort Bodrum,Turgutreis,False,2025-07-17 12:02:00,4.6,5754,FACILITIES_MAINTENANCE,True,bakımsız|bakım|eski
otelin-temizlik-personel-ve-hizmet-kalitesindeki-ciddi-eksiklikler,BOD160,La Blanche Resort Bodrum,Turgutreis,False,2025-07-17 12:02:00,4.6,5754,RESERVATION,False,
otelin-temizlik-personel-ve-hizmet-kalitesindeki-ciddi-eksiklikler,BOD160,La Blanche Resort Bodrum,Turgutreis,False,2025-07-17 12:02:00,4.6,5754,PAYMENT_REFUND,False,
otelin-temizlik-personel-ve-hizmet-kalitesindeki-ciddi-eksiklikler,BOD160,La Blanche Resort Bodrum,Turgutreis,False,2025-07-17 12:02:00,4.6,5754,PRICE_VALUE,False,
otelin-temizlik-personel-ve-hizmet-kalitesindeki-ciddi-eksiklikler,BOD160,La Blanche Resort Bodrum,Turgutreis,False,2025-07-17 12:02:00,4.6,5754,CHECKIN_CHECKOUT,False,
otelin-temizlik-personel-ve-hizmet-kalitesindeki-ciddi-eksiklikler,BOD160,La Blanche Resort Bodrum,Turgutreis,False,2025-07-17 12:02:00,4.6,5754,AIR_CONDITIONING,True,klima
otelin-temizlik-personel-ve-hizmet-kalitesindeki-ciddi-eksiklikler,BOD160,La Blanche Resort Bodrum,Turgutreis,False,2025-07-17 12:02:00,4.6,5754,NOISE,False,
otelin-temizlik-personel-ve-hizmet-kalitesindeki-ciddi-eksiklikler,BOD160,La Blanche Resort Bodrum,Turgutreis,False,2025-07-17 12:02:00,4.6,5754,FAMILY_CHILDREN,True,aile
otelin-temizlik-personel-ve-hizmet-kalitesindeki-ciddi-eksiklikler,BOD160,La Blanche Resort Bodrum,Turgutreis,False,2025-07-17 12:02:00,4.6,5754,TRANSPORT_TRANSFER,False,
otelin-temizlik-personel-ve-hizmet-kalitesindeki-ciddi-eksiklikler,BOD160,La Blanche Resort Bodrum,Turgutreis,False,2025-07-17 12:02:00,4.6,5754,MANAGEMENT_COMMUNICATION,True,müşteri hizmetleri
otelin-temizlik-personel-ve-hizmet-kalitesindeki-ciddi-eksiklikler,BOD160,La Blanche Resort Bodrum,Turgutreis,False,2025-07-17 12:02:00,4.6,5754,SPA_WELLNESS,False,
otelin-temizlik-personel-ve-hizmet-kalitesindeki-ciddi-eksiklikler,BOD160,La Blanche Resort Bodrum,Turgutreis,False,2025-07-17 12:02:00,4.6,5754,SAFETY_SECURITY,True,güvenlik|güvenli
kucuk-cocugumuza-kahvalti-sonrasi-muz-verilmedi,BOD160,La Blanche Resort Bodrum,Turgutreis,False,2025-07-03 11:49:00,4.6,5754,STAFF_SERVICE,True,çalışan|servis
kucuk-cocugumuza-kahvalti-sonrasi-muz-verilmedi,BOD160,La Blanche Resort Bodrum,Turgutreis,False,2025-07-03 11:49:00,4.6,5754,CLEANLINESS_HYGIENE,False,
kucuk-cocugumuza-kahvalti-sonrasi-muz-verilmedi,BOD160,La Blanche Resort Bodrum,Turgutreis,False,2025-07-03 11:49:00,4.6,5754,FOOD_BEVERAGE,True,kahvaltı
kucuk-cocugumuza-kahvalti-sonrasi-muz-verilmedi,BOD160,La Blanche Resort Bodrum,Turgutreis,False,2025-07-03 11:49:00,4.6,5754,ROOM,False,
kucuk-cocugumuza-kahvalti-sonrasi-muz-verilmedi,BOD160,La Blanche Resort Bodrum,Turgutreis,False,2025-07-03 11:49:00,4.6,5754,BEACH_SEA,False,
kucuk-cocugumuza-kahvalti-sonrasi-muz-verilmedi,BOD160,La Blanche Resort Bodrum,Turgutreis,False,2025-07-03 11:49:00,4.6,5754,POOL,False,
kucuk-cocugumuza-kahvalti-sonrasi-muz-verilmedi,BOD160,La Blanche Resort Bodrum,Turgutreis,False,2025-07-03 11:49:00,4.6,5754,FACILITIES_MAINTENANCE,False,
kucuk-cocugumuza-kahvalti-sonrasi-muz-verilmedi,BOD160,La Blanche Resort Bodrum,Turgutreis,False,2025-07-03 11:49:00,4.6,5754,RESERVATION,False,
kucuk-cocugumuza-kahvalti-sonrasi-muz-verilmedi,BOD160,La Blanche Resort Bodrum,Turgutreis,False,2025-07-03 11:49:00,4.6,5754,PAYMENT_REFUND,False,
kucuk-cocugumuza-kahvalti-sonrasi-muz-verilmedi,BOD160,La Blanche Resort Bodrum,Turgutreis,False,2025-07-03 11:49:00,4.6,5754,PRICE_VALUE,False,
kucuk-cocugumuza-kahvalti-sonrasi-muz-verilmedi,BOD160,La Blanche Resort Bodrum,Turgutreis,False,2025-07-03 11:49:00,4.6,5754,CHECKIN_CHECKOUT,False,
kucuk-cocugumuza-kahvalti-sonrasi-muz-verilmedi,BOD160,La Blanche Resort Bodrum,Turgutreis,False,2025-07-03 11:49:00,4.6,5754,AIR_CONDITIONING,False,
kucuk-cocugumuza-kahvalti-sonrasi-muz-verilmedi,BOD160,La Blanche Resort Bodrum,Turgutreis,False,2025-07-03 11:49:00,4.6,5754,NOISE,False,
kucuk-cocugumuza-kahvalti-sonrasi-muz-verilmedi,BOD160,La Blanche Resort Bodrum,Turgutreis,False,2025-07-03 11:49:00,4.6,5754,FAMILY_CHILDREN,True,çocuğum
kucuk-cocugumuza-kahvalti-sonrasi-muz-verilmedi,BOD160,La Blanche Resort Bodrum,Turgutreis,False,2025-07-03 11:49:00,4.6,5754,TRANSPORT_TRANSFER,False,
kucuk-cocugumuza-kahvalti-sonrasi-muz-verilmedi,BOD160,La Blanche Resort Bodrum,Turgutreis,False,2025-07-03 11:49:00,4.6,5754,MANAGEMENT_COMMUNICATION,False,
kucuk-cocugumuza-kahvalti-sonrasi-muz-verilmedi,BOD160,La Blanche Resort Bodrum,Turgutreis,False,2025-07-03 11:49:00,4.6,5754,SPA_WELLNESS,False,
kucuk-cocugumuza-kahvalti-sonrasi-muz-verilmedi,BOD160,La Blanche Resort Bodrum,Turgutreis,False,2025-07-03 11:49:00,4.6,5754,SAFETY_SECURITY,False,
hayal-kirikligiyla-dolu-bir-tatil-ve-cozum-bulunamayan-sorunlar,BOD160,La Blanche Resort Bodrum,Turgutreis,False,2025-06-19 05:11:00,4.6,5754,STAFF_SERVICE,True,personel|çalışan|hizmet
hayal-kirikligiyla-dolu-bir-tatil-ve-cozum-bulunamayan-sorunlar,BOD160,La Blanche Resort Bodrum,Turgutreis,False,2025-06-19 05:11:00,4.6,5754,CLEANLINESS_HYGIENE,True,havlu
hayal-kirikligiyla-dolu-bir-tatil-ve-cozum-bulunamayan-sorunlar,BOD160,La Blanche Resort Bodrum,Turgutreis,False,2025-06-19 05:11:00,4.6,5754,FOOD_BEVERAGE,True,yemek
hayal-kirikligiyla-dolu-bir-tatil-ve-cozum-bulunamayan-sorunlar,BOD160,La Blanche Resort Bodrum,Turgutreis,False,2025-06-19 05:11:00,4.6,5754,ROOM,True,yatak|oda
hayal-kirikligiyla-dolu-bir-tatil-ve-cozum-bulunamayan-sorunlar,BOD160,La Blanche Resort Bodrum,Turgutreis,False,2025-06-19 05:11:00,4.6,5754,BEACH_SEA,True,şezlong
hayal-kirikligiyla-dolu-bir-tatil-ve-cozum-bulunamayan-sorunlar,BOD160,La Blanche Resort Bodrum,Turgutreis,False,2025-06-19 05:11:00,4.6,5754,POOL,True,havuz
hayal-kirikligiyla-dolu-bir-tatil-ve-cozum-bulunamayan-sorunlar,BOD160,La Blanche Resort Bodrum,Turgutreis,False,2025-06-19 05:11:00,4.6,5754,FACILITIES_MAINTENANCE,True,eski
hayal-kirikligiyla-dolu-bir-tatil-ve-cozum-bulunamayan-sorunlar,BOD160,La Blanche Resort Bodrum,Turgutreis,False,2025-06-19 05:11:00,4.6,5754,RESERVATION,False,
hayal-kirikligiyla-dolu-bir-tatil-ve-cozum-bulunamayan-sorunlar,BOD160,La Blanche Resort Bodrum,Turgutreis,False,2025-06-19 05:11:00,4.6,5754,PAYMENT_REFUND,False,
hayal-kirikligiyla-dolu-bir-tatil-ve-cozum-bulunamayan-sorunlar,BOD160,La Blanche Resort Bodrum,Turgutreis,False,2025-06-19 05:11:00,4.6,5754,PRICE_VALUE,False,
hayal-kirikligiyla-dolu-bir-tatil-ve-cozum-bulunamayan-sorunlar,BOD160,La Blanche Resort Bodrum,Turgutreis,False,2025-06-19 05:11:00,4.6,5754,CHECKIN_CHECKOUT,False,
hayal-kirikligiyla-dolu-bir-tatil-ve-cozum-bulunamayan-sorunlar,BOD160,La Blanche Resort Bodrum,Turgutreis,False,2025-06-19 05:11:00,4.6,5754,AIR_CONDITIONING,True,klima
hayal-kirikligiyla-dolu-bir-tatil-ve-cozum-bulunamayan-sorunlar,BOD160,La Blanche Resort Bodrum,Turgutreis,False,2025-06-19 05:11:00,4.6,5754,NOISE,False,
hayal-kirikligiyla-dolu-bir-tatil-ve-cozum-bulunamayan-sorunlar,BOD160,La Blanche Resort Bodrum,Turgutreis,False,2025-06-19 05:11:00,4.6,5754,FAMILY_CHILDREN,True,bebek
hayal-kirikligiyla-dolu-bir-tatil-ve-cozum-bulunamayan-sorunlar,BOD160,La Blanche Resort Bodrum,Turgutreis,False,2025-06-19 05:11:00,4.6,5754,TRANSPORT_TRANSFER,False,
hayal-kirikligiyla-dolu-bir-tatil-ve-cozum-bulunamayan-sorunlar,BOD160,La Blanche Resort Bodrum,Turgutreis,False,2025-06-19 05:11:00,4.6,5754,MANAGEMENT_COMMUNICATION,True,müşteri hizmetleri|çözüm sunulmadı|müdür
hayal-kirikligiyla-dolu-bir-tatil-ve-cozum-bulunamayan-sorunlar,BOD160,La Blanche Resort Bodrum,Turgutreis,False,2025-06-19 05:11:00,4.6,5754,SPA_WELLNESS,False,
hayal-kirikligiyla-dolu-bir-tatil-ve-cozum-bulunamayan-sorunlar,BOD160,La Blanche Resort Bodrum,Turgutreis,False,2025-06-19 05:11:00,4.6,5754,SAFETY_SECURITY,False,
guvenlik-ve-hizmette-buyuk-aciklar,BOD160,La Blanche Resort Bodrum,Turgutreis,False,2024-11-27 12:24:00,4.6,5754,STAFF_SERVICE,True,ilgisiz|hizmet
guvenlik-ve-hizmette-buyuk-aciklar,BOD160,La Blanche Resort Bodrum,Turgutreis,False,2024-11-27 12:24:00,4.6,5754,CLEANLINESS_HYGIENE,False,
guvenlik-ve-hizmette-buyuk-aciklar,BOD160,La Blanche Resort Bodrum,Turgutreis,False,2024-11-27 12:24:00,4.6,5754,FOOD_BEVERAGE,False,
guvenlik-ve-hizmette-buyuk-aciklar,BOD160,La Blanche Resort Bodrum,Turgutreis,False,2024-11-27 12:24:00,4.6,5754,ROOM,False,
guvenlik-ve-hizmette-buyuk-aciklar,BOD160,La Blanche Resort Bodrum,Turgutreis,False,2024-11-27 12:24:00,4.6,5754,BEACH_SEA,False,
guvenlik-ve-hizmette-buyuk-aciklar,BOD160,La Blanche Resort Bodrum,Turgutreis,False,2024-11-27 12:24:00,4.6,5754,POOL,True,havuz
guvenlik-ve-hizmette-buyuk-aciklar,BOD160,La Blanche Resort Bodrum,Turgutreis,False,2024-11-27 12:24:00,4.6,5754,FACILITIES_MAINTENANCE,True,kırık
guvenlik-ve-hizmette-buyuk-aciklar,BOD160,La Blanche Resort Bodrum,Turgutreis,False,2024-11-27 12:24:00,4.6,5754,RESERVATION,False,
guvenlik-ve-hizmette-buyuk-aciklar,BOD160,La Blanche Resort Bodrum,Turgutreis,False,2024-11-27 12:24:00,4.6,5754,PAYMENT_REFUND,False,
guvenlik-ve-hizmette-buyuk-aciklar,BOD160,La Blanche Resort Bodrum,Turgutreis,False,2024-11-27 12:24:00,4.6,5754,PRICE_VALUE,False,
guvenlik-ve-hizmette-buyuk-aciklar,BOD160,La Blanche Resort Bodrum,Turgutreis,False,2024-11-27 12:24:00,4.6,5754,CHECKIN_CHECKOUT,False,
guvenlik-ve-hizmette-buyuk-aciklar,BOD160,La Blanche Resort Bodrum,Turgutreis,False,2024-11-27 12:24:00,4.6,5754,AIR_CONDITIONING,False,
guvenlik-ve-hizmette-buyuk-aciklar,BOD160,La Blanche Resort Bodrum,Turgutreis,False,2024-11-27 12:24:00,4.6,5754,NOISE,False,
guvenlik-ve-hizmette-buyuk-aciklar,BOD160,La Blanche Resort Bodrum,Turgutreis,False,2024-11-27 12:24:00,4.6,5754,FAMILY_CHILDREN,True,çocuk|aile
guvenlik-ve-hizmette-buyuk-aciklar,BOD160,La Blanche Resort Bodrum,Turgutreis,False,2024-11-27 12:24:00,4.6,5754,TRANSPORT_TRANSFER,False,
guvenlik-ve-hizmette-buyuk-aciklar,BOD160,La Blanche Resort Bodrum,Turgutreis,False,2024-11-27 12:24:00,4.6,5754,MANAGEMENT_COMMUNICATION,True,geri dönüş
guvenlik-ve-hizmette-buyuk-aciklar,BOD160,La Blanche Resort Bodrum,Turgutreis,False,2024-11-27 12:24:00,4.6,5754,SPA_WELLNESS,False,
guvenlik-ve-hizmette-buyuk-aciklar,BOD160,La Blanche Resort Bodrum,Turgutreis,False,2024-11-27 12:24:00,4.6,5754,SAFETY_SECURITY,True,güvenlik|güvenli|doktor
la-blanche-resort-spa-bodrum-bodrumda-sabah-bir-uyandik-aramizda-kedi-yatiyor-yatakta,BOD160,La Blanche Resort Bodrum,Turgutreis,False,2023-10-17 18:40:00,4.6,5754,STAFF_SERVICE,True,hizmet
la-blanche-resort-spa-bodrum-bodrumda-sabah-bir-uyandik-aramizda-kedi-yatiyor-yatakta,BOD160,La Blanche Resort Bodrum,Turgutreis,False,2023-10-17 18:40:00,4.6,5754,CLEANLINESS_HYGIENE,False,
la-blanche-resort-spa-bodrum-bodrumda-sabah-bir-uyandik-aramizda-kedi-yatiyor-yatakta,BOD160,La Blanche Resort Bodrum,Turgutreis,False,2023-10-17 18:40:00,4.6,5754,FOOD_BEVERAGE,False,
la-blanche-resort-spa-bodrum-bodrumda-sabah-bir-uyandik-aramizda-kedi-yatiyor-yatakta,BOD160,La Blanche Resort Bodrum,Turgutreis,False,2023-10-17 18:40:00,4.6,5754,ROOM,True,yatak|oda
la-blanche-resort-spa-bodrum-bodrumda-sabah-bir-uyandik-aramizda-kedi-yatiyor-yatakta,BOD160,La Blanche Resort Bodrum,Turgutreis,False,2023-10-17 18:40:00,4.6,5754,BEACH_SEA,False,
la-blanche-resort-spa-bodrum-bodrumda-sabah-bir-uyandik-aramizda-kedi-yatiyor-yatakta,BOD160,La Blanche Resort Bodrum,Turgutreis,False,2023-10-17 18:40:00,4.6,5754,POOL,False,
la-blanche-resort-spa-bodrum-bodrumda-sabah-bir-uyandik-aramizda-kedi-yatiyor-yatakta,BOD160,La Blanche Resort Bodrum,Turgutreis,False,2023-10-17 18:40:00,4.6,5754,FACILITIES_MAINTENANCE,False,
la-blanche-resort-spa-bodrum-bodrumda-sabah-bir-uyandik-aramizda-kedi-yatiyor-yatakta,BOD160,La Blanche Resort Bodrum,Turgutreis,False,2023-10-17 18:40:00,4.6,5754,RESERVATION,False,
la-blanche-resort-spa-bodrum-bodrumda-sabah-bir-uyandik-aramizda-kedi-yatiyor-yatakta,BOD160,La Blanche Resort Bodrum,Turgutreis,False,2023-10-17 18:40:00,4.6,5754,PAYMENT_REFUND,False,
la-blanche-resort-spa-bodrum-bodrumda-sabah-bir-uyandik-aramizda-kedi-yatiyor-yatakta,BOD160,La Blanche Resort Bodrum,Turgutreis,False,2023-10-17 18:40:00,4.6,5754,PRICE_VALUE,False,
la-blanche-resort-spa-bodrum-bodrumda-sabah-bir-uyandik-aramizda-kedi-yatiyor-yatakta,BOD160,La Blanche Resort Bodrum,Turgutreis,False,2023-10-17 18:40:00,4.6,5754,CHECKIN_CHECKOUT,False,
la-blanche-resort-spa-bodrum-bodrumda-sabah-bir-uyandik-aramizda-kedi-yatiyor-yatakta,BOD160,La Blanche Resort Bodrum,Turgutreis,False,2023-10-17 18:40:00,4.6,5754,AIR_CONDITIONING,False,
la-blanche-resort-spa-bodrum-bodrumda-sabah-bir-uyandik-aramizda-kedi-yatiyor-yatakta,BOD160,La Blanche Resort Bodrum,Turgutreis,False,2023-10-17 18:40:00,4.6,5754,NOISE,False,
la-blanche-resort-spa-bodrum-bodrumda-sabah-bir-uyandik-aramizda-kedi-yatiyor-yatakta,BOD160,La Blanche Resort Bodrum,Turgutreis,False,2023-10-17 18:40:00,4.6,5754,FAMILY_CHILDREN,True,çocuğum|aile
la-blanche-resort-spa-bodrum-bodrumda-sabah-bir-uyandik-aramizda-kedi-yatiyor-yatakta,BOD160,La Blanche Resort Bodrum,Turgutreis,False,2023-10-17 18:40:00,4.6,5754,TRANSPORT_TRANSFER,False,
la-blanche-resort-spa-bodrum-bodrumda-sabah-bir-uyandik-aramizda-kedi-yatiyor-yatakta,BOD160,La Blanche Resort Bodrum,Turgutreis,False,2023-10-17 18:40:00,4.6,5754,MANAGEMENT_COMMUNICATION,False,
la-blanche-resort-spa-bodrum-bodrumda-sabah-bir-uyandik-aramizda-kedi-yatiyor-yatakta,BOD160,La Blanche Resort Bodrum,Turgutreis,False,2023-10-17 18:40:00,4.6,5754,SPA_WELLNESS,False,
la-blanche-resort-spa-bodrum-bodrumda-sabah-bir-uyandik-aramizda-kedi-yatiyor-yatakta,BOD160,La Blanche Resort Bodrum,Turgutreis,False,2023-10-17 18:40:00,4.6,5754,SAFETY_SECURITY,False,
vale-hizmeti-sonrasi-olusan-arac-hasarina-cozum-sunulmadi,BOD041,La Quinta by Wyndham Bodrum,Bodrum Merkez,False,2025-09-03 13:11:00,4.3,1764,STAFF_SERVICE,True,hizmet
vale-hizmeti-sonrasi-olusan-arac-hasarina-cozum-sunulmadi,BOD041,La Quinta by Wyndham Bodrum,Bodrum Merkez,False,2025-09-03 13:11:00,4.3,1764,CLEANLINESS_HYGIENE,False,
vale-hizmeti-sonrasi-olusan-arac-hasarina-cozum-sunulmadi,BOD041,La Quinta by Wyndham Bodrum,Bodrum Merkez,False,2025-09-03 13:11:00,4.3,1764,FOOD_BEVERAGE,False,
vale-hizmeti-sonrasi-olusan-arac-hasarina-cozum-sunulmadi,BOD041,La Quinta by Wyndham Bodrum,Bodrum Merkez,False,2025-09-03 13:11:00,4.3,1764,ROOM,False,
vale-hizmeti-sonrasi-olusan-arac-hasarina-cozum-sunulmadi,BOD041,La Quinta by Wyndham Bodrum,Bodrum Merkez,False,2025-09-03 13:11:00,4.3,1764,BEACH_SEA,False,
vale-hizmeti-sonrasi-olusan-arac-hasarina-cozum-sunulmadi,BOD041,La Quinta by Wyndham Bodrum,Bodrum Merkez,False,2025-09-03 13:11:00,4.3,1764,POOL,False,
vale-hizmeti-sonrasi-olusan-arac-hasarina-cozum-sunulmadi,BOD041,La Quinta by Wyndham Bodrum,Bodrum Merkez,False,2025-09-03 13:11:00,4.3,1764,FACILITIES_MAINTENANCE,False,
vale-hizmeti-sonrasi-olusan-arac-hasarina-cozum-sunulmadi,BOD041,La Quinta by Wyndham Bodrum,Bodrum Merkez,False,2025-09-03 13:11:00,4.3,1764,RESERVATION,False,
vale-hizmeti-sonrasi-olusan-arac-hasarina-cozum-sunulmadi,BOD041,La Quinta by Wyndham Bodrum,Bodrum Merkez,False,2025-09-03 13:11:00,4.3,1764,PAYMENT_REFUND,True,ödeme
vale-hizmeti-sonrasi-olusan-arac-hasarina-cozum-sunulmadi,BOD041,La Quinta by Wyndham Bodrum,Bodrum Merkez,False,2025-09-03 13:11:00,4.3,1764,PRICE_VALUE,False,
vale-hizmeti-sonrasi-olusan-arac-hasarina-cozum-sunulmadi,BOD041,La Quinta by Wyndham Bodrum,Bodrum Merkez,False,2025-09-03 13:11:00,4.3,1764,CHECKIN_CHECKOUT,False,
vale-hizmeti-sonrasi-olusan-arac-hasarina-cozum-sunulmadi,BOD041,La Quinta by Wyndham Bodrum,Bodrum Merkez,False,2025-09-03 13:11:00,4.3,1764,AIR_CONDITIONING,False,
vale-hizmeti-sonrasi-olusan-arac-hasarina-cozum-sunulmadi,BOD041,La Quinta by Wyndham Bodrum,Bodrum Merkez,False,2025-09-03 13:11:00,4.3,1764,NOISE,False,
vale-hizmeti-sonrasi-olusan-arac-hasarina-cozum-sunulmadi,BOD041,La Quinta by Wyndham Bodrum,Bodrum Merkez,False,2025-09-03 13:11:00,4.3,1764,FAMILY_CHILDREN,False,
vale-hizmeti-sonrasi-olusan-arac-hasarina-cozum-sunulmadi,BOD041,La Quinta by Wyndham Bodrum,Bodrum Merkez,False,2025-09-03 13:11:00,4.3,1764,TRANSPORT_TRANSFER,True,otopark
vale-hizmeti-sonrasi-olusan-arac-hasarina-cozum-sunulmadi,BOD041,La Quinta by Wyndham Bodrum,Bodrum Merkez,False,2025-09-03 13:11:00,4.3,1764,MANAGEMENT_COMMUNICATION,True,geri dönüş|iletişim|yönetim
vale-hizmeti-sonrasi-olusan-arac-hasarina-cozum-sunulmadi,BOD041,La Quinta by Wyndham Bodrum,Bodrum Merkez,False,2025-09-03 13:11:00,4.3,1764,SPA_WELLNESS,False,
vale-hizmeti-sonrasi-olusan-arac-hasarina-cozum-sunulmadi,BOD041,La Quinta by Wyndham Bodrum,Bodrum Merkez,False,2025-09-03 13:11:00,4.3,1764,SAFETY_SECURITY,False,
soz-verilen-saatte-icecek-hizmeti-sunulmadi-magdur-edildik,BOD041,La Quinta by Wyndham Bodrum,Bodrum Merkez,False,2025-08-11 17:29:00,4.3,1764,STAFF_SERVICE,True,personel|hizmet
soz-verilen-saatte-icecek-hizmeti-sunulmadi-magdur-edildik,BOD041,La Quinta by Wyndham Bodrum,Bodrum Merkez,False,2025-08-11 17:29:00,4.3,1764,CLEANLINESS_HYGIENE,False,
soz-verilen-saatte-icecek-hizmeti-sunulmadi-magdur-edildik,BOD041,La Quinta by Wyndham Bodrum,Bodrum Merkez,False,2025-08-11 17:29:00,4.3,1764,FOOD_BEVERAGE,True,her şey dahil|içecek|alkol
soz-verilen-saatte-icecek-hizmeti-sunulmadi-magdur-edildik,BOD041,La Quinta by Wyndham Bodrum,Bodrum Merkez,False,2025-08-11 17:29:00,4.3,1764,ROOM,False,
soz-verilen-saatte-icecek-hizmeti-sunulmadi-magdur-edildik,BOD041,La Quinta by Wyndham Bodrum,Bodrum Merkez,False,2025-08-11 17:29:00,4.3,1764,BEACH_SEA,False,
soz-verilen-saatte-icecek-hizmeti-sunulmadi-magdur-edildik,BOD041,La Quinta by Wyndham Bodrum,Bodrum Merkez,False,2025-08-11 17:29:00,4.3,1764,POOL,False,
soz-verilen-saatte-icecek-hizmeti-sunulmadi-magdur-edildik,BOD041,La Quinta by Wyndham Bodrum,Bodrum Merkez,False,2025-08-11 17:29:00,4.3,1764,FACILITIES_MAINTENANCE,False,
soz-verilen-saatte-icecek-hizmeti-sunulmadi-magdur-edildik,BOD041,La Quinta by Wyndham Bodrum,Bodrum Merkez,False,2025-08-11 17:29:00,4.3,1764,RESERVATION,True,rezervasyon|tatilbudur
soz-verilen-saatte-icecek-hizmeti-sunulmadi-magdur-edildik,BOD041,La Quinta by Wyndham Bodrum,Bodrum Merkez,False,2025-08-11 17:29:00,4.3,1764,PAYMENT_REFUND,False,
soz-verilen-saatte-icecek-hizmeti-sunulmadi-magdur-edildik,BOD041,La Quinta by Wyndham Bodrum,Bodrum Merkez,False,2025-08-11 17:29:00,4.3,1764,PRICE_VALUE,True,ücret
soz-verilen-saatte-icecek-hizmeti-sunulmadi-magdur-edildik,BOD041,La Quinta by Wyndham Bodrum,Bodrum Merkez,False,2025-08-11 17:29:00,4.3,1764,CHECKIN_CHECKOUT,False,
soz-verilen-saatte-icecek-hizmeti-sunulmadi-magdur-edildik,BOD041,La Quinta by Wyndham Bodrum,Bodrum Merkez,False,2025-08-11 17:29:00,4.3,1764,AIR_CONDITIONING,False,
soz-verilen-saatte-icecek-hizmeti-sunulmadi-magdur-edildik,BOD041,La Quinta by Wyndham Bodrum,Bodrum Merkez,False,2025-08-11 17:29:00,4.3,1764,NOISE,False,
soz-verilen-saatte-icecek-hizmeti-sunulmadi-magdur-edildik,BOD041,La Quinta by Wyndham Bodrum,Bodrum Merkez,False,2025-08-11 17:29:00,4.3,1764,FAMILY_CHILDREN,False,
soz-verilen-saatte-icecek-hizmeti-sunulmadi-magdur-edildik,BOD041,La Quinta by Wyndham Bodrum,Bodrum Merkez,False,2025-08-11 17:29:00,4.3,1764,TRANSPORT_TRANSFER,False,
soz-verilen-saatte-icecek-hizmeti-sunulmadi-magdur-edildik,BOD041,La Quinta by Wyndham Bodrum,Bodrum Merkez,False,2025-08-11 17:29:00,4.3,1764,MANAGEMENT_COMMUNICATION,False,
soz-verilen-saatte-icecek-hizmeti-sunulmadi-magdur-edildik,BOD041,La Quinta by Wyndham Bodrum,Bodrum Merkez,False,2025-08-11 17:29:00,4.3,1764,SPA_WELLNESS,False,
soz-verilen-saatte-icecek-hizmeti-sunulmadi-magdur-edildik,BOD041,La Quinta by Wyndham Bodrum,Bodrum Merkez,False,2025-08-11 17:29:00,4.3,1764,SAFETY_SECURITY,False,
la-quinta-bodrumda-giriste-bekletilme-ve-oda-hijyeninde-ciddi-eksiklikler-yasadik,BOD041,La Quinta by Wyndham Bodrum,Bodrum Merkez,False,2025-08-09 22:14:00,4.3,1764,STAFF_SERVICE,True,personel|hizmet
la-quinta-bodrumda-giriste-bekletilme-ve-oda-hijyeninde-ciddi-eksiklikler-yasadik,BOD041,La Quinta by Wyndham Bodrum,Bodrum Merkez,False,2025-08-09 22:14:00,4.3,1764,CLEANLINESS_HYGIENE,True,temiz|kirli
la-quinta-bodrumda-giriste-bekletilme-ve-oda-hijyeninde-ciddi-eksiklikler-yasadik,BOD041,La Quinta by Wyndham Bodrum,Bodrum Merkez,False,2025-08-09 22:14:00,4.3,1764,FOOD_BEVERAGE,True,restoran|yemek
la-quinta-bodrumda-giriste-bekletilme-ve-oda-hijyeninde-ciddi-eksiklikler-yasadik,BOD041,La Quinta by Wyndham Bodrum,Bodrum Merkez,False,2025-08-09 22:14:00,4.3,1764,ROOM,True,tuvalet|banyo|oda
la-quinta-bodrumda-giriste-bekletilme-ve-oda-hijyeninde-ciddi-eksiklikler-yasadik,BOD041,La Quinta by Wyndham Bodrum,Bodrum Merkez,False,2025-08-09 22:14:00,4.3,1764,BEACH_SEA,True,deniz
la-quinta-bodrumda-giriste-bekletilme-ve-oda-hijyeninde-ciddi-eksiklikler-yasadik,BOD041,La Quinta by Wyndham Bodrum,Bodrum Merkez,False,2025-08-09 22:14:00,4.3,1764,POOL,False,
la-quinta-bodrumda-giriste-bekletilme-ve-oda-hijyeninde-ciddi-eksiklikler-yasadik,BOD041,La Quinta by Wyndham Bodrum,Bodrum Merkez,False,2025-08-09 22:14:00,4.3,1764,FACILITIES_MAINTENANCE,True,bakımsız|bakım|kırık
la-quinta-bodrumda-giriste-bekletilme-ve-oda-hijyeninde-ciddi-eksiklikler-yasadik,BOD041,La Quinta by Wyndham Bodrum,Bodrum Merkez,False,2025-08-09 22:14:00,4.3,1764,RESERVATION,False,
la-quinta-bodrumda-giriste-bekletilme-ve-oda-hijyeninde-ciddi-eksiklikler-yasadik,BOD041,La Quinta by Wyndham Bodrum,Bodrum Merkez,False,2025-08-09 22:14:00,4.3,1764,PAYMENT_REFUND,False,
la-quinta-bodrumda-giriste-bekletilme-ve-oda-hijyeninde-ciddi-eksiklikler-yasadik,BOD041,La Quinta by Wyndham Bodrum,Bodrum Merkez,False,2025-08-09 22:14:00,4.3,1764,PRICE_VALUE,True,karşılığını|ödediğimiz|ücret
la-quinta-bodrumda-giriste-bekletilme-ve-oda-hijyeninde-ciddi-eksiklikler-yasadik,BOD041,La Quinta by Wyndham Bodrum,Bodrum Merkez,False,2025-08-09 22:14:00,4.3,1764,CHECKIN_CHECKOUT,False,
la-quinta-bodrumda-giriste-bekletilme-ve-oda-hijyeninde-ciddi-eksiklikler-yasadik,BOD041,La Quinta by Wyndham Bodrum,Bodrum Merkez,False,2025-08-09 22:14:00,4.3,1764,AIR_CONDITIONING,True,klima
la-quinta-bodrumda-giriste-bekletilme-ve-oda-hijyeninde-ciddi-eksiklikler-yasadik,BOD041,La Quinta by Wyndham Bodrum,Bodrum Merkez,False,2025-08-09 22:14:00,4.3,1764,NOISE,False,
la-quinta-bodrumda-giriste-bekletilme-ve-oda-hijyeninde-ciddi-eksiklikler-yasadik,BOD041,La Quinta by Wyndham Bodrum,Bodrum Merkez,False,2025-08-09 22:14:00,4.3,1764,FAMILY_CHILDREN,False,
la-quinta-bodrumda-giriste-bekletilme-ve-oda-hijyeninde-ciddi-eksiklikler-yasadik,BOD041,La Quinta by Wyndham Bodrum,Bodrum Merkez,False,2025-08-09 22:14:00,4.3,1764,TRANSPORT_TRANSFER,False,
la-quinta-bodrumda-giriste-bekletilme-ve-oda-hijyeninde-ciddi-eksiklikler-yasadik,BOD041,La Quinta by Wyndham Bodrum,Bodrum Merkez,False,2025-08-09 22:14:00,4.3,1764,MANAGEMENT_COMMUNICATION,True,iletişim|yönetim
la-quinta-bodrumda-giriste-bekletilme-ve-oda-hijyeninde-ciddi-eksiklikler-yasadik,BOD041,La Quinta by Wyndham Bodrum,Bodrum Merkez,False,2025-08-09 22:14:00,4.3,1764,SPA_WELLNESS,False,
la-quinta-bodrumda-giriste-bekletilme-ve-oda-hijyeninde-ciddi-eksiklikler-yasadik,BOD041,La Quinta by Wyndham Bodrum,Bodrum Merkez,False,2025-08-09 22:14:00,4.3,1764,SAFETY_SECURITY,False,
la-quinta-by-wyndham-bodrum-odalar-cok-kotu,BOD041,La Quinta by Wyndham Bodrum,Bodrum Merkez,False,2024-08-26 08:34:00,4.3,1764,STAFF_SERVICE,False,
la-quinta-by-wyndham-bodrum-odalar-cok-kotu,BOD041,La Quinta by Wyndham Bodrum,Bodrum Merkez,False,2024-08-26 08:34:00,4.3,1764,CLEANLINESS_HYGIENE,False,
la-quinta-by-wyndham-bodrum-odalar-cok-kotu,BOD041,La Quinta by Wyndham Bodrum,Bodrum Merkez,False,2024-08-26 08:34:00,4.3,1764,FOOD_BEVERAGE,False,
la-quinta-by-wyndham-bodrum-odalar-cok-kotu,BOD041,La Quinta by Wyndham Bodrum,Bodrum Merkez,False,2024-08-26 08:34:00,4.3,1764,ROOM,True,banyo|oda
la-quinta-by-wyndham-bodrum-odalar-cok-kotu,BOD041,La Quinta by Wyndham Bodrum,Bodrum Merkez,False,2024-08-26 08:34:00,4.3,1764,BEACH_SEA,False,
la-quinta-by-wyndham-bodrum-odalar-cok-kotu,BOD041,La Quinta by Wyndham Bodrum,Bodrum Merkez,False,2024-08-26 08:34:00,4.3,1764,POOL,False,
la-quinta-by-wyndham-bodrum-odalar-cok-kotu,BOD041,La Quinta by Wyndham Bodrum,Bodrum Merkez,False,2024-08-26 08:34:00,4.3,1764,FACILITIES_MAINTENANCE,False,
la-quinta-by-wyndham-bodrum-odalar-cok-kotu,BOD041,La Quinta by Wyndham Bodrum,Bodrum Merkez,False,2024-08-26 08:34:00,4.3,1764,RESERVATION,False,
la-quinta-by-wyndham-bodrum-odalar-cok-kotu,BOD041,La Quinta by Wyndham Bodrum,Bodrum Merkez,False,2024-08-26 08:34:00,4.3,1764,PAYMENT_REFUND,False,
la-quinta-by-wyndham-bodrum-odalar-cok-kotu,BOD041,La Quinta by Wyndham Bodrum,Bodrum Merkez,False,2024-08-26 08:34:00,4.3,1764,PRICE_VALUE,False,
la-quinta-by-wyndham-bodrum-odalar-cok-kotu,BOD041,La Quinta by Wyndham Bodrum,Bodrum Merkez,False,2024-08-26 08:34:00,4.3,1764,CHECKIN_CHECKOUT,False,
la-quinta-by-wyndham-bodrum-odalar-cok-kotu,BOD041,La Quinta by Wyndham Bodrum,Bodrum Merkez,False,2024-08-26 08:34:00,4.3,1764,AIR_CONDITIONING,True,klima
la-quinta-by-wyndham-bodrum-odalar-cok-kotu,BOD041,La Quinta by Wyndham Bodrum,Bodrum Merkez,False,2024-08-26 08:34:00,4.3,1764,NOISE,False,
la-quinta-by-wyndham-bodrum-odalar-cok-kotu,BOD041,La Quinta by Wyndham Bodrum,Bodrum Merkez,False,2024-08-26 08:34:00,4.3,1764,FAMILY_CHILDREN,False,
la-quinta-by-wyndham-bodrum-odalar-cok-kotu,BOD041,La Quinta by Wyndham Bodrum,Bodrum Merkez,False,2024-08-26 08:34:00,4.3,1764,TRANSPORT_TRANSFER,False,
la-quinta-by-wyndham-bodrum-odalar-cok-kotu,BOD041,La Quinta by Wyndham Bodrum,Bodrum Merkez,False,2024-08-26 08:34:00,4.3,1764,MANAGEMENT_COMMUNICATION,False,
la-quinta-by-wyndham-bodrum-odalar-cok-kotu,BOD041,La Quinta by Wyndham Bodrum,Bodrum Merkez,False,2024-08-26 08:34:00,4.3,1764,SPA_WELLNESS,False,
la-quinta-by-wyndham-bodrum-odalar-cok-kotu,BOD041,La Quinta by Wyndham Bodrum,Bodrum Merkez,False,2024-08-26 08:34:00,4.3,1764,SAFETY_SECURITY,False,
la-quinta-by-wyndham-bodrum-tatilbudurcom-firmasi-ile-tatile-gitmek-ne-kadar-zormus,BOD041,La Quinta by Wyndham Bodrum,Bodrum Merkez,False,2024-06-10 10:15:00,4.3,1764,STAFF_SERVICE,True,görevli
la-quinta-by-wyndham-bodrum-tatilbudurcom-firmasi-ile-tatile-gitmek-ne-kadar-zormus,BOD041,La Quinta by Wyndham Bodrum,Bodrum Merkez,False,2024-06-10 10:15:00,4.3,1764,CLEANLINESS_HYGIENE,False,
la-quinta-by-wyndham-bodrum-tatilbudurcom-firmasi-ile-tatile-gitmek-ne-kadar-zormus,BOD041,La Quinta by Wyndham Bodrum,Bodrum Merkez,False,2024-06-10 10:15:00,4.3,1764,FOOD_BEVERAGE,False,
la-quinta-by-wyndham-bodrum-tatilbudurcom-firmasi-ile-tatile-gitmek-ne-kadar-zormus,BOD041,La Quinta by Wyndham Bodrum,Bodrum Merkez,False,2024-06-10 10:15:00,4.3,1764,ROOM,False,
la-quinta-by-wyndham-bodrum-tatilbudurcom-firmasi-ile-tatile-gitmek-ne-kadar-zormus,BOD041,La Quinta by Wyndham Bodrum,Bodrum Merkez,False,2024-06-10 10:15:00,4.3,1764,BEACH_SEA,False,
la-quinta-by-wyndham-bodrum-tatilbudurcom-firmasi-ile-tatile-gitmek-ne-kadar-zormus,BOD041,La Quinta by Wyndham Bodrum,Bodrum Merkez,False,2024-06-10 10:15:00,4.3,1764,POOL,False,
la-quinta-by-wyndham-bodrum-tatilbudurcom-firmasi-ile-tatile-gitmek-ne-kadar-zormus,BOD041,La Quinta by Wyndham Bodrum,Bodrum Merkez,False,2024-06-10 10:15:00,4.3,1764,FACILITIES_MAINTENANCE,False,
la-quinta-by-wyndham-bodrum-tatilbudurcom-firmasi-ile-tatile-gitmek-ne-kadar-zormus,BOD041,La Quinta by Wyndham Bodrum,Bodrum Merkez,False,2024-06-10 10:15:00,4.3,1764,RESERVATION,True,rezervasyon iptali|rezervasyon|tatilbudur|iptal
la-quinta-by-wyndham-bodrum-tatilbudurcom-firmasi-ile-tatile-gitmek-ne-kadar-zormus,BOD041,La Quinta by Wyndham Bodrum,Bodrum Merkez,False,2024-06-10 10:15:00,4.3,1764,PAYMENT_REFUND,True,para iadesi|ödeme|iade|para
la-quinta-by-wyndham-bodrum-tatilbudurcom-firmasi-ile-tatile-gitmek-ne-kadar-zormus,BOD041,La Quinta by Wyndham Bodrum,Bodrum Merkez,False,2024-06-10 10:15:00,4.3,1764,PRICE_VALUE,False,
la-quinta-by-wyndham-bodrum-tatilbudurcom-firmasi-ile-tatile-gitmek-ne-kadar-zormus,BOD041,La Quinta by Wyndham Bodrum,Bodrum Merkez,False,2024-06-10 10:15:00,4.3,1764,CHECKIN_CHECKOUT,False,
la-quinta-by-wyndham-bodrum-tatilbudurcom-firmasi-ile-tatile-gitmek-ne-kadar-zormus,BOD041,La Quinta by Wyndham Bodrum,Bodrum Merkez,False,2024-06-10 10:15:00,4.3,1764,AIR_CONDITIONING,False,
la-quinta-by-wyndham-bodrum-tatilbudurcom-firmasi-ile-tatile-gitmek-ne-kadar-zormus,BOD041,La Quinta by Wyndham Bodrum,Bodrum Merkez,False,2024-06-10 10:15:00,4.3,1764,NOISE,False,
la-quinta-by-wyndham-bodrum-tatilbudurcom-firmasi-ile-tatile-gitmek-ne-kadar-zormus,BOD041,La Quinta by Wyndham Bodrum,Bodrum Merkez,False,2024-06-10 10:15:00,4.3,1764,FAMILY_CHILDREN,False,
la-quinta-by-wyndham-bodrum-tatilbudurcom-firmasi-ile-tatile-gitmek-ne-kadar-zormus,BOD041,La Quinta by Wyndham Bodrum,Bodrum Merkez,False,2024-06-10 10:15:00,4.3,1764,TRANSPORT_TRANSFER,False,
la-quinta-by-wyndham-bodrum-tatilbudurcom-firmasi-ile-tatile-gitmek-ne-kadar-zormus,BOD041,La Quinta by Wyndham Bodrum,Bodrum Merkez,False,2024-06-10 10:15:00,4.3,1764,MANAGEMENT_COMMUNICATION,False,
la-quinta-by-wyndham-bodrum-tatilbudurcom-firmasi-ile-tatile-gitmek-ne-kadar-zormus,BOD041,La Quinta by Wyndham Bodrum,Bodrum Merkez,False,2024-06-10 10:15:00,4.3,1764,SPA_WELLNESS,False,
la-quinta-by-wyndham-bodrum-tatilbudurcom-firmasi-ile-tatile-gitmek-ne-kadar-zormus,BOD041,La Quinta by Wyndham Bodrum,Bodrum Merkez,False,2024-06-10 10:15:00,4.3,1764,SAFETY_SECURITY,False,
ladonia-hotels-zemda-gumuslukte-odeme-gecikmesi-ve-aciklama-talebi,BOD077,Ladonia Hotels Zemda,Gümüşlük,False,2026-08-18 20:55:00,3.8,376,STAFF_SERVICE,False,
ladonia-hotels-zemda-gumuslukte-odeme-gecikmesi-ve-aciklama-talebi,BOD077,Ladonia Hotels Zemda,Gümüşlük,False,2026-08-18 20:55:00,3.8,376,CLEANLINESS_HYGIENE,False,
ladonia-hotels-zemda-gumuslukte-odeme-gecikmesi-ve-aciklama-talebi,BOD077,Ladonia Hotels Zemda,Gümüşlük,False,2026-08-18 20:55:00,3.8,376,FOOD_BEVERAGE,False,
ladonia-hotels-zemda-gumuslukte-odeme-gecikmesi-ve-aciklama-talebi,BOD077,Ladonia Hotels Zemda,Gümüşlük,False,2026-08-18 20:55:00,3.8,376,ROOM,False,
ladonia-hotels-zemda-gumuslukte-odeme-gecikmesi-ve-aciklama-talebi,BOD077,Ladonia Hotels Zemda,Gümüşlük,False,2026-08-18 20:55:00,3.8,376,BEACH_SEA,False,
ladonia-hotels-zemda-gumuslukte-odeme-gecikmesi-ve-aciklama-talebi,BOD077,Ladonia Hotels Zemda,Gümüşlük,False,2026-08-18 20:55:00,3.8,376,POOL,False,
ladonia-hotels-zemda-gumuslukte-odeme-gecikmesi-ve-aciklama-talebi,BOD077,Ladonia Hotels Zemda,Gümüşlük,False,2026-08-18 20:55:00,3.8,376,FACILITIES_MAINTENANCE,False,
ladonia-hotels-zemda-gumuslukte-odeme-gecikmesi-ve-aciklama-talebi,BOD077,Ladonia Hotels Zemda,Gümüşlük,False,2026-08-18 20:55:00,3.8,376,RESERVATION,True,rezervasyon
ladonia-hotels-zemda-gumuslukte-odeme-gecikmesi-ve-aciklama-talebi,BOD077,Ladonia Hotels Zemda,Gümüşlük,False,2026-08-18 20:55:00,3.8,376,PAYMENT_REFUND,True,ödeme
ladonia-hotels-zemda-gumuslukte-odeme-gecikmesi-ve-aciklama-talebi,BOD077,Ladonia Hotels Zemda,Gümüşlük,False,2026-08-18 20:55:00,3.8,376,PRICE_VALUE,True,ücret
ladonia-hotels-zemda-gumuslukte-odeme-gecikmesi-ve-aciklama-talebi,BOD077,Ladonia Hotels Zemda,Gümüşlük,False,2026-08-18 20:55:00,3.8,376,CHECKIN_CHECKOUT,False,
ladonia-hotels-zemda-gumuslukte-odeme-gecikmesi-ve-aciklama-talebi,BOD077,Ladonia Hotels Zemda,Gümüşlük,False,2026-08-18 20:55:00,3.8,376,AIR_CONDITIONING,False,
ladonia-hotels-zemda-gumuslukte-odeme-gecikmesi-ve-aciklama-talebi,BOD077,Ladonia Hotels Zemda,Gümüşlük,False,2026-08-18 20:55:00,3.8,376,NOISE,False,
ladonia-hotels-zemda-gumuslukte-odeme-gecikmesi-ve-aciklama-talebi,BOD077,Ladonia Hotels Zemda,Gümüşlük,False,2026-08-18 20:55:00,3.8,376,FAMILY_CHILDREN,False,
ladonia-hotels-zemda-gumuslukte-odeme-gecikmesi-ve-aciklama-talebi,BOD077,Ladonia Hotels Zemda,Gümüşlük,False,2026-08-18 20:55:00,3.8,376,TRANSPORT_TRANSFER,False,
ladonia-hotels-zemda-gumuslukte-odeme-gecikmesi-ve-aciklama-talebi,BOD077,Ladonia Hotels Zemda,Gümüşlük,False,2026-08-18 20:55:00,3.8,376,MANAGEMENT_COMMUNICATION,True,iletişim|telefon
ladonia-hotels-zemda-gumuslukte-odeme-gecikmesi-ve-aciklama-talebi,BOD077,Ladonia Hotels Zemda,Gümüşlük,False,2026-08-18 20:55:00,3.8,376,SPA_WELLNESS,False,
ladonia-hotels-zemda-gumuslukte-odeme-gecikmesi-ve-aciklama-talebi,BOD077,Ladonia Hotels Zemda,Gümüşlük,False,2026-08-18 20:55:00,3.8,376,SAFETY_SECURITY,False,
ladonia-hotels-suit-oda-ucreti-iadesi-ve-musteri-hizmetleri-sorunu,BOD077,Ladonia Hotels Zemda,Gümüşlük,False,2026-08-10 10:55:00,3.8,376,STAFF_SERVICE,False,
ladonia-hotels-suit-oda-ucreti-iadesi-ve-musteri-hizmetleri-sorunu,BOD077,Ladonia Hotels Zemda,Gümüşlük,False,2026-08-10 10:55:00,3.8,376,CLEANLINESS_HYGIENE,False,
ladonia-hotels-suit-oda-ucreti-iadesi-ve-musteri-hizmetleri-sorunu,BOD077,Ladonia Hotels Zemda,Gümüşlük,False,2026-08-10 10:55:00,3.8,376,FOOD_BEVERAGE,False,
ladonia-hotels-suit-oda-ucreti-iadesi-ve-musteri-hizmetleri-sorunu,BOD077,Ladonia Hotels Zemda,Gümüşlük,False,2026-08-10 10:55:00,3.8,376,ROOM,True,oda
ladonia-hotels-suit-oda-ucreti-iadesi-ve-musteri-hizmetleri-sorunu,BOD077,Ladonia Hotels Zemda,Gümüşlük,False,2026-08-10 10:55:00,3.8,376,BEACH_SEA,False,
ladonia-hotels-suit-oda-ucreti-iadesi-ve-musteri-hizmetleri-sorunu,BOD077,Ladonia Hotels Zemda,Gümüşlük,False,2026-08-10 10:55:00,3.8,376,POOL,False,
ladonia-hotels-suit-oda-ucreti-iadesi-ve-musteri-hizmetleri-sorunu,BOD077,Ladonia Hotels Zemda,Gümüşlük,False,2026-08-10 10:55:00,3.8,376,FACILITIES_MAINTENANCE,False,
ladonia-hotels-suit-oda-ucreti-iadesi-ve-musteri-hizmetleri-sorunu,BOD077,Ladonia Hotels Zemda,Gümüşlük,False,2026-08-10 10:55:00,3.8,376,RESERVATION,True,rezervasyon
ladonia-hotels-suit-oda-ucreti-iadesi-ve-musteri-hizmetleri-sorunu,BOD077,Ladonia Hotels Zemda,Gümüşlük,False,2026-08-10 10:55:00,3.8,376,PAYMENT_REFUND,True,ödeme|tutar|iade
ladonia-hotels-suit-oda-ucreti-iadesi-ve-musteri-hizmetleri-sorunu,BOD077,Ladonia Hotels Zemda,Gümüşlük,False,2026-08-10 10:55:00,3.8,376,PRICE_VALUE,True,ücret
ladonia-hotels-suit-oda-ucreti-iadesi-ve-musteri-hizmetleri-sorunu,BOD077,Ladonia Hotels Zemda,Gümüşlük,False,2026-08-10 10:55:00,3.8,376,CHECKIN_CHECKOUT,False,
ladonia-hotels-suit-oda-ucreti-iadesi-ve-musteri-hizmetleri-sorunu,BOD077,Ladonia Hotels Zemda,Gümüşlük,False,2026-08-10 10:55:00,3.8,376,AIR_CONDITIONING,False,
ladonia-hotels-suit-oda-ucreti-iadesi-ve-musteri-hizmetleri-sorunu,BOD077,Ladonia Hotels Zemda,Gümüşlük,False,2026-08-10 10:55:00,3.8,376,NOISE,False,
ladonia-hotels-suit-oda-ucreti-iadesi-ve-musteri-hizmetleri-sorunu,BOD077,Ladonia Hotels Zemda,Gümüşlük,False,2026-08-10 10:55:00,3.8,376,FAMILY_CHILDREN,False,
ladonia-hotels-suit-oda-ucreti-iadesi-ve-musteri-hizmetleri-sorunu,BOD077,Ladonia Hotels Zemda,Gümüşlük,False,2026-08-10 10:55:00,3.8,376,TRANSPORT_TRANSFER,False,
ladonia-hotels-suit-oda-ucreti-iadesi-ve-musteri-hizmetleri-sorunu,BOD077,Ladonia Hotels Zemda,Gümüşlük,False,2026-08-10 10:55:00,3.8,376,MANAGEMENT_COMMUNICATION,True,geri dönüş|bilgilendirme|telefon|muhatap
ladonia-hotels-suit-oda-ucreti-iadesi-ve-musteri-hizmetleri-sorunu,BOD077,Ladonia Hotels Zemda,Gümüşlük,False,2026-08-10 10:55:00,3.8,376,SPA_WELLNESS,False,
ladonia-hotels-suit-oda-ucreti-iadesi-ve-musteri-hizmetleri-sorunu,BOD077,Ladonia Hotels Zemda,Gümüşlük,False,2026-08-10 10:55:00,3.8,376,SAFETY_SECURITY,False,
oda-hazir-degildi-konaklama-alinamadi-ve-iade-yapilmadi,BOD077,Ladonia Hotels Zemda,Gümüşlük,False,2026-08-04 00:08:00,3.8,376,STAFF_SERVICE,True,personel|hizmet
oda-hazir-degildi-konaklama-alinamadi-ve-iade-yapilmadi,BOD077,Ladonia Hotels Zemda,Gümüşlük,False,2026-08-04 00:08:00,3.8,376,CLEANLINESS_HYGIENE,True,temizlik|temiz
oda-hazir-degildi-konaklama-alinamadi-ve-iade-yapilmadi,BOD077,Ladonia Hotels Zemda,Gümüşlük,False,2026-08-04 00:08:00,3.8,376,FOOD_BEVERAGE,False,
oda-hazir-degildi-konaklama-alinamadi-ve-iade-yapilmadi,BOD077,Ladonia Hotels Zemda,Gümüşlük,False,2026-08-04 00:08:00,3.8,376,ROOM,True,oda
oda-hazir-degildi-konaklama-alinamadi-ve-iade-yapilmadi,BOD077,Ladonia Hotels Zemda,Gümüşlük,False,2026-08-04 00:08:00,3.8,376,BEACH_SEA,False,
oda-hazir-degildi-konaklama-alinamadi-ve-iade-yapilmadi,BOD077,Ladonia Hotels Zemda,Gümüşlük,False,2026-08-04 00:08:00,3.8,376,POOL,False,
oda-hazir-degildi-konaklama-alinamadi-ve-iade-yapilmadi,BOD077,Ladonia Hotels Zemda,Gümüşlük,False,2026-08-04 00:08:00,3.8,376,FACILITIES_MAINTENANCE,False,
oda-hazir-degildi-konaklama-alinamadi-ve-iade-yapilmadi,BOD077,Ladonia Hotels Zemda,Gümüşlük,False,2026-08-04 00:08:00,3.8,376,RESERVATION,True,rezervasyon|iptal
oda-hazir-degildi-konaklama-alinamadi-ve-iade-yapilmadi,BOD077,Ladonia Hotels Zemda,Gümüşlük,False,2026-08-04 00:08:00,3.8,376,PAYMENT_REFUND,True,kredi kartı|kesinti|ödeme|iade
oda-hazir-degildi-konaklama-alinamadi-ve-iade-yapilmadi,BOD077,Ladonia Hotels Zemda,Gümüşlük,False,2026-08-04 00:08:00,3.8,376,PRICE_VALUE,True,ücret
oda-hazir-degildi-konaklama-alinamadi-ve-iade-yapilmadi,BOD077,Ladonia Hotels Zemda,Gümüşlük,False,2026-08-04 00:08:00,3.8,376,CHECKIN_CHECKOUT,False,
oda-hazir-degildi-konaklama-alinamadi-ve-iade-yapilmadi,BOD077,Ladonia Hotels Zemda,Gümüşlük,False,2026-08-04 00:08:00,3.8,376,AIR_CONDITIONING,False,
oda-hazir-degildi-konaklama-alinamadi-ve-iade-yapilmadi,BOD077,Ladonia Hotels Zemda,Gümüşlük,False,2026-08-04 00:08:00,3.8,376,NOISE,False,
oda-hazir-degildi-konaklama-alinamadi-ve-iade-yapilmadi,BOD077,Ladonia Hotels Zemda,Gümüşlük,False,2026-08-04 00:08:00,3.8,376,FAMILY_CHILDREN,False,
oda-hazir-degildi-konaklama-alinamadi-ve-iade-yapilmadi,BOD077,Ladonia Hotels Zemda,Gümüşlük,False,2026-08-04 00:08:00,3.8,376,TRANSPORT_TRANSFER,False,
oda-hazir-degildi-konaklama-alinamadi-ve-iade-yapilmadi,BOD077,Ladonia Hotels Zemda,Gümüşlük,False,2026-08-04 00:08:00,3.8,376,MANAGEMENT_COMMUNICATION,True,bilgilendirme|iletişim|yetkili|telefon
oda-hazir-degildi-konaklama-alinamadi-ve-iade-yapilmadi,BOD077,Ladonia Hotels Zemda,Gümüşlük,False,2026-08-04 00:08:00,3.8,376,SPA_WELLNESS,False,
oda-hazir-degildi-konaklama-alinamadi-ve-iade-yapilmadi,BOD077,Ladonia Hotels Zemda,Gümüşlük,False,2026-08-04 00:08:00,3.8,376,SAFETY_SECURITY,False,
iptal-sonrasi-uzun-sureli-geri-odeme-bekleyisi-ve-finansal-magduriyet,BOD077,Ladonia Hotels Zemda,Gümüşlük,False,2026-07-22 20:03:00,3.8,376,STAFF_SERVICE,False,
iptal-sonrasi-uzun-sureli-geri-odeme-bekleyisi-ve-finansal-magduriyet,BOD077,Ladonia Hotels Zemda,Gümüşlük,False,2026-07-22 20:03:00,3.8,376,CLEANLINESS_HYGIENE,False,
iptal-sonrasi-uzun-sureli-geri-odeme-bekleyisi-ve-finansal-magduriyet,BOD077,Ladonia Hotels Zemda,Gümüşlük,False,2026-07-22 20:03:00,3.8,376,FOOD_BEVERAGE,False,
iptal-sonrasi-uzun-sureli-geri-odeme-bekleyisi-ve-finansal-magduriyet,BOD077,Ladonia Hotels Zemda,Gümüşlük,False,2026-07-22 20:03:00,3.8,376,ROOM,True,oda
iptal-sonrasi-uzun-sureli-geri-odeme-bekleyisi-ve-finansal-magduriyet,BOD077,Ladonia Hotels Zemda,Gümüşlük,False,2026-07-22 20:03:00,3.8,376,BEACH_SEA,False,
iptal-sonrasi-uzun-sureli-geri-odeme-bekleyisi-ve-finansal-magduriyet,BOD077,Ladonia Hotels Zemda,Gümüşlük,False,2026-07-22 20:03:00,3.8,376,POOL,False,
iptal-sonrasi-uzun-sureli-geri-odeme-bekleyisi-ve-finansal-magduriyet,BOD077,Ladonia Hotels Zemda,Gümüşlük,False,2026-07-22 20:03:00,3.8,376,FACILITIES_MAINTENANCE,False,
iptal-sonrasi-uzun-sureli-geri-odeme-bekleyisi-ve-finansal-magduriyet,BOD077,Ladonia Hotels Zemda,Gümüşlük,False,2026-07-22 20:03:00,3.8,376,RESERVATION,True,rezervasyon|iptal
iptal-sonrasi-uzun-sureli-geri-odeme-bekleyisi-ve-finansal-magduriyet,BOD077,Ladonia Hotels Zemda,Gümüşlük,False,2026-07-22 20:03:00,3.8,376,PAYMENT_REFUND,True,ücret iadesi|kredi kartı|ödeme|tutar|iade|para
iptal-sonrasi-uzun-sureli-geri-odeme-bekleyisi-ve-finansal-magduriyet,BOD077,Ladonia Hotels Zemda,Gümüşlük,False,2026-07-22 20:03:00,3.8,376,PRICE_VALUE,True,ödediğimiz|ücret
iptal-sonrasi-uzun-sureli-geri-odeme-bekleyisi-ve-finansal-magduriyet,BOD077,Ladonia Hotels Zemda,Gümüşlük,False,2026-07-22 20:03:00,3.8,376,CHECKIN_CHECKOUT,False,
iptal-sonrasi-uzun-sureli-geri-odeme-bekleyisi-ve-finansal-magduriyet,BOD077,Ladonia Hotels Zemda,Gümüşlük,False,2026-07-22 20:03:00,3.8,376,AIR_CONDITIONING,False,
iptal-sonrasi-uzun-sureli-geri-odeme-bekleyisi-ve-finansal-magduriyet,BOD077,Ladonia Hotels Zemda,Gümüşlük,False,2026-07-22 20:03:00,3.8,376,NOISE,False,
iptal-sonrasi-uzun-sureli-geri-odeme-bekleyisi-ve-finansal-magduriyet,BOD077,Ladonia Hotels Zemda,Gümüşlük,False,2026-07-22 20:03:00,3.8,376,FAMILY_CHILDREN,False,
iptal-sonrasi-uzun-sureli-geri-odeme-bekleyisi-ve-finansal-magduriyet,BOD077,Ladonia Hotels Zemda,Gümüşlük,False,2026-07-22 20:03:00,3.8,376,TRANSPORT_TRANSFER,False,
iptal-sonrasi-uzun-sureli-geri-odeme-bekleyisi-ve-finansal-magduriyet,BOD077,Ladonia Hotels Zemda,Gümüşlük,False,2026-07-22 20:03:00,3.8,376,MANAGEMENT_COMMUNICATION,True,telefon
iptal-sonrasi-uzun-sureli-geri-odeme-bekleyisi-ve-finansal-magduriyet,BOD077,Ladonia Hotels Zemda,Gümüşlük,False,2026-07-22 20:03:00,3.8,376,SPA_WELLNESS,False,
iptal-sonrasi-uzun-sureli-geri-odeme-bekleyisi-ve-finansal-magduriyet,BOD077,Ladonia Hotels Zemda,Gümüşlük,False,2026-07-22 20:03:00,3.8,376,SAFETY_SECURITY,False,
iptal-edilen-otel-rezervasyonunun-iadesi-hala-beklemede,BOD077,Ladonia Hotels Zemda,Gümüşlük,False,2026-07-22 18:09:00,3.8,376,STAFF_SERVICE,False,
iptal-edilen-otel-rezervasyonunun-iadesi-hala-beklemede,BOD077,Ladonia Hotels Zemda,Gümüşlük,False,2026-07-22 18:09:00,3.8,376,CLEANLINESS_HYGIENE,False,
iptal-edilen-otel-rezervasyonunun-iadesi-hala-beklemede,BOD077,Ladonia Hotels Zemda,Gümüşlük,False,2026-07-22 18:09:00,3.8,376,FOOD_BEVERAGE,False,
iptal-edilen-otel-rezervasyonunun-iadesi-hala-beklemede,BOD077,Ladonia Hotels Zemda,Gümüşlük,False,2026-07-22 18:09:00,3.8,376,ROOM,False,
iptal-edilen-otel-rezervasyonunun-iadesi-hala-beklemede,BOD077,Ladonia Hotels Zemda,Gümüşlük,False,2026-07-22 18:09:00,3.8,376,BEACH_SEA,False,
iptal-edilen-otel-rezervasyonunun-iadesi-hala-beklemede,BOD077,Ladonia Hotels Zemda,Gümüşlük,False,2026-07-22 18:09:00,3.8,376,POOL,False,
iptal-edilen-otel-rezervasyonunun-iadesi-hala-beklemede,BOD077,Ladonia Hotels Zemda,Gümüşlük,False,2026-07-22 18:09:00,3.8,376,FACILITIES_MAINTENANCE,False,
iptal-edilen-otel-rezervasyonunun-iadesi-hala-beklemede,BOD077,Ladonia Hotels Zemda,Gümüşlük,False,2026-07-22 18:09:00,3.8,376,RESERVATION,True,rezervasyon|iptal
iptal-edilen-otel-rezervasyonunun-iadesi-hala-beklemede,BOD077,Ladonia Hotels Zemda,Gümüşlük,False,2026-07-22 18:09:00,3.8,376,PAYMENT_REFUND,True,ücret iadesi|ödeme|tutar|iade
iptal-edilen-otel-rezervasyonunun-iadesi-hala-beklemede,BOD077,Ladonia Hotels Zemda,Gümüşlük,False,2026-07-22 18:09:00,3.8,376,PRICE_VALUE,True,ödediğimiz|ücret
iptal-edilen-otel-rezervasyonunun-iadesi-hala-beklemede,BOD077,Ladonia Hotels Zemda,Gümüşlük,False,2026-07-22 18:09:00,3.8,376,CHECKIN_CHECKOUT,False,
iptal-edilen-otel-rezervasyonunun-iadesi-hala-beklemede,BOD077,Ladonia Hotels Zemda,Gümüşlük,False,2026-07-22 18:09:00,3.8,376,AIR_CONDITIONING,False,
iptal-edilen-otel-rezervasyonunun-iadesi-hala-beklemede,BOD077,Ladonia Hotels Zemda,Gümüşlük,False,2026-07-22 18:09:00,3.8,376,NOISE,False,
iptal-edilen-otel-rezervasyonunun-iadesi-hala-beklemede,BOD077,Ladonia Hotels Zemda,Gümüşlük,False,2026-07-22 18:09:00,3.8,376,FAMILY_CHILDREN,False,
iptal-edilen-otel-rezervasyonunun-iadesi-hala-beklemede,BOD077,Ladonia Hotels Zemda,Gümüşlük,False,2026-07-22 18:09:00,3.8,376,TRANSPORT_TRANSFER,False,
iptal-edilen-otel-rezervasyonunun-iadesi-hala-beklemede,BOD077,Ladonia Hotels Zemda,Gümüşlük,False,2026-07-22 18:09:00,3.8,376,MANAGEMENT_COMMUNICATION,True,bilgilendirme|yetkili
iptal-edilen-otel-rezervasyonunun-iadesi-hala-beklemede,BOD077,Ladonia Hotels Zemda,Gümüşlük,False,2026-07-22 18:09:00,3.8,376,SPA_WELLNESS,False,
iptal-edilen-otel-rezervasyonunun-iadesi-hala-beklemede,BOD077,Ladonia Hotels Zemda,Gümüşlük,False,2026-07-22 18:09:00,3.8,376,SAFETY_SECURITY,False,
ladonia-hotels-zemda-oda-son-derece-kirliydi,BOD077,Ladonia Hotels Zemda,Gümüşlük,False,2026-07-17 13:38:00,3.8,376,STAFF_SERVICE,False,
ladonia-hotels-zemda-oda-son-derece-kirliydi,BOD077,Ladonia Hotels Zemda,Gümüşlük,False,2026-07-17 13:38:00,3.8,376,CLEANLINESS_HYGIENE,True,hijyen|temiz|kirli
ladonia-hotels-zemda-oda-son-derece-kirliydi,BOD077,Ladonia Hotels Zemda,Gümüşlük,False,2026-07-17 13:38:00,3.8,376,FOOD_BEVERAGE,False,
ladonia-hotels-zemda-oda-son-derece-kirliydi,BOD077,Ladonia Hotels Zemda,Gümüşlük,False,2026-07-17 13:38:00,3.8,376,ROOM,True,oda değişikliği|oda
ladonia-hotels-zemda-oda-son-derece-kirliydi,BOD077,Ladonia Hotels Zemda,Gümüşlük,False,2026-07-17 13:38:00,3.8,376,BEACH_SEA,False,
ladonia-hotels-zemda-oda-son-derece-kirliydi,BOD077,Ladonia Hotels Zemda,Gümüşlük,False,2026-07-17 13:38:00,3.8,376,POOL,False,
ladonia-hotels-zemda-oda-son-derece-kirliydi,BOD077,Ladonia Hotels Zemda,Gümüşlük,False,2026-07-17 13:38:00,3.8,376,FACILITIES_MAINTENANCE,False,
ladonia-hotels-zemda-oda-son-derece-kirliydi,BOD077,Ladonia Hotels Zemda,Gümüşlük,False,2026-07-17 13:38:00,3.8,376,RESERVATION,True,rezervasyon
ladonia-hotels-zemda-oda-son-derece-kirliydi,BOD077,Ladonia Hotels Zemda,Gümüşlük,False,2026-07-17 13:38:00,3.8,376,PAYMENT_REFUND,True,kesinti|tutar|iade
ladonia-hotels-zemda-oda-son-derece-kirliydi,BOD077,Ladonia Hotels Zemda,Gümüşlük,False,2026-07-17 13:38:00,3.8,376,PRICE_VALUE,True,ücret
ladonia-hotels-zemda-oda-son-derece-kirliydi,BOD077,Ladonia Hotels Zemda,Gümüşlük,False,2026-07-17 13:38:00,3.8,376,CHECKIN_CHECKOUT,False,
ladonia-hotels-zemda-oda-son-derece-kirliydi,BOD077,Ladonia Hotels Zemda,Gümüşlük,False,2026-07-17 13:38:00,3.8,376,AIR_CONDITIONING,False,
ladonia-hotels-zemda-oda-son-derece-kirliydi,BOD077,Ladonia Hotels Zemda,Gümüşlük,False,2026-07-17 13:38:00,3.8,376,NOISE,False,
ladonia-hotels-zemda-oda-son-derece-kirliydi,BOD077,Ladonia Hotels Zemda,Gümüşlük,False,2026-07-17 13:38:00,3.8,376,FAMILY_CHILDREN,False,
ladonia-hotels-zemda-oda-son-derece-kirliydi,BOD077,Ladonia Hotels Zemda,Gümüşlük,False,2026-07-17 13:38:00,3.8,376,TRANSPORT_TRANSFER,False,
ladonia-hotels-zemda-oda-son-derece-kirliydi,BOD077,Ladonia Hotels Zemda,Gümüşlük,False,2026-07-17 13:38:00,3.8,376,MANAGEMENT_COMMUNICATION,True,geri dönüş|iletişim|yetkili|müdür
ladonia-hotels-zemda-oda-son-derece-kirliydi,BOD077,Ladonia Hotels Zemda,Gümüşlük,False,2026-07-17 13:38:00,3.8,376,SPA_WELLNESS,False,
ladonia-hotels-zemda-oda-son-derece-kirliydi,BOD077,Ladonia Hotels Zemda,Gümüşlük,False,2026-07-17 13:38:00,3.8,376,SAFETY_SECURITY,True,sağlık
30-bin-tl-geri-odeme-yapilmiyor-ve-telefonlara-cevap-verilmiyor,BOD077,Ladonia Hotels Zemda,Gümüşlük,False,2026-07-06 14:50:00,3.8,376,STAFF_SERVICE,False,
30-bin-tl-geri-odeme-yapilmiyor-ve-telefonlara-cevap-verilmiyor,BOD077,Ladonia Hotels Zemda,Gümüşlük,False,2026-07-06 14:50:00,3.8,376,CLEANLINESS_HYGIENE,False,
30-bin-tl-geri-odeme-yapilmiyor-ve-telefonlara-cevap-verilmiyor,BOD077,Ladonia Hotels Zemda,Gümüşlük,False,2026-07-06 14:50:00,3.8,376,FOOD_BEVERAGE,False,
30-bin-tl-geri-odeme-yapilmiyor-ve-telefonlara-cevap-verilmiyor,BOD077,Ladonia Hotels Zemda,Gümüşlük,False,2026-07-06 14:50:00,3.8,376,ROOM,False,
30-bin-tl-geri-odeme-yapilmiyor-ve-telefonlara-cevap-verilmiyor,BOD077,Ladonia Hotels Zemda,Gümüşlük,False,2026-07-06 14:50:00,3.8,376,BEACH_SEA,False,
30-bin-tl-geri-odeme-yapilmiyor-ve-telefonlara-cevap-verilmiyor,BOD077,Ladonia Hotels Zemda,Gümüşlük,False,2026-07-06 14:50:00,3.8,376,POOL,False,
30-bin-tl-geri-odeme-yapilmiyor-ve-telefonlara-cevap-verilmiyor,BOD077,Ladonia Hotels Zemda,Gümüşlük,False,2026-07-06 14:50:00,3.8,376,FACILITIES_MAINTENANCE,False,
30-bin-tl-geri-odeme-yapilmiyor-ve-telefonlara-cevap-verilmiyor,BOD077,Ladonia Hotels Zemda,Gümüşlük,False,2026-07-06 14:50:00,3.8,376,RESERVATION,True,rezervasyon|iptal
30-bin-tl-geri-odeme-yapilmiyor-ve-telefonlara-cevap-verilmiyor,BOD077,Ladonia Hotels Zemda,Gümüşlük,False,2026-07-06 14:50:00,3.8,376,PAYMENT_REFUND,True,tutar|iade
30-bin-tl-geri-odeme-yapilmiyor-ve-telefonlara-cevap-verilmiyor,BOD077,Ladonia Hotels Zemda,Gümüşlük,False,2026-07-06 14:50:00,3.8,376,PRICE_VALUE,True,ücret
30-bin-tl-geri-odeme-yapilmiyor-ve-telefonlara-cevap-verilmiyor,BOD077,Ladonia Hotels Zemda,Gümüşlük,False,2026-07-06 14:50:00,3.8,376,CHECKIN_CHECKOUT,False,
30-bin-tl-geri-odeme-yapilmiyor-ve-telefonlara-cevap-verilmiyor,BOD077,Ladonia Hotels Zemda,Gümüşlük,False,2026-07-06 14:50:00,3.8,376,AIR_CONDITIONING,False,
30-bin-tl-geri-odeme-yapilmiyor-ve-telefonlara-cevap-verilmiyor,BOD077,Ladonia Hotels Zemda,Gümüşlük,False,2026-07-06 14:50:00,3.8,376,NOISE,False,
30-bin-tl-geri-odeme-yapilmiyor-ve-telefonlara-cevap-verilmiyor,BOD077,Ladonia Hotels Zemda,Gümüşlük,False,2026-07-06 14:50:00,3.8,376,FAMILY_CHILDREN,False,
30-bin-tl-geri-odeme-yapilmiyor-ve-telefonlara-cevap-verilmiyor,BOD077,Ladonia Hotels Zemda,Gümüşlük,False,2026-07-06 14:50:00,3.8,376,TRANSPORT_TRANSFER,False,
30-bin-tl-geri-odeme-yapilmiyor-ve-telefonlara-cevap-verilmiyor,BOD077,Ladonia Hotels Zemda,Gümüşlük,False,2026-07-06 14:50:00,3.8,376,MANAGEMENT_COMMUNICATION,True,telefon
30-bin-tl-geri-odeme-yapilmiyor-ve-telefonlara-cevap-verilmiyor,BOD077,Ladonia Hotels Zemda,Gümüşlük,False,2026-07-06 14:50:00,3.8,376,SPA_WELLNESS,False,
30-bin-tl-geri-odeme-yapilmiyor-ve-telefonlara-cevap-verilmiyor,BOD077,Ladonia Hotels Zemda,Gümüşlük,False,2026-07-06 14:50:00,3.8,376,SAFETY_SECURITY,False,
ucret-iadesi-reddi-ve-sacma-bahanelerle-karsilasilan-ciddiyetsiz-otel,BOD107,Le Méridien Bodrum Beach Resort,Güvercinlik,False,2026-07-17 15:22:00,4.2,848,STAFF_SERVICE,True,hizmet
ucret-iadesi-reddi-ve-sacma-bahanelerle-karsilasilan-ciddiyetsiz-otel,BOD107,Le Méridien Bodrum Beach Resort,Güvercinlik,False,2026-07-17 15:22:00,4.2,848,CLEANLINESS_HYGIENE,True,temizlik|temiz
ucret-iadesi-reddi-ve-sacma-bahanelerle-karsilasilan-ciddiyetsiz-otel,BOD107,Le Méridien Bodrum Beach Resort,Güvercinlik,False,2026-07-17 15:22:00,4.2,848,FOOD_BEVERAGE,False,
ucret-iadesi-reddi-ve-sacma-bahanelerle-karsilasilan-ciddiyetsiz-otel,BOD107,Le Méridien Bodrum Beach Resort,Güvercinlik,False,2026-07-17 15:22:00,4.2,848,ROOM,False,
ucret-iadesi-reddi-ve-sacma-bahanelerle-karsilasilan-ciddiyetsiz-otel,BOD107,Le Méridien Bodrum Beach Resort,Güvercinlik,False,2026-07-17 15:22:00,4.2,848,BEACH_SEA,False,
ucret-iadesi-reddi-ve-sacma-bahanelerle-karsilasilan-ciddiyetsiz-otel,BOD107,Le Méridien Bodrum Beach Resort,Güvercinlik,False,2026-07-17 15:22:00,4.2,848,POOL,False,
ucret-iadesi-reddi-ve-sacma-bahanelerle-karsilasilan-ciddiyetsiz-otel,BOD107,Le Méridien Bodrum Beach Resort,Güvercinlik,False,2026-07-17 15:22:00,4.2,848,FACILITIES_MAINTENANCE,False,
ucret-iadesi-reddi-ve-sacma-bahanelerle-karsilasilan-ciddiyetsiz-otel,BOD107,Le Méridien Bodrum Beach Resort,Güvercinlik,False,2026-07-17 15:22:00,4.2,848,RESERVATION,False,
ucret-iadesi-reddi-ve-sacma-bahanelerle-karsilasilan-ciddiyetsiz-otel,BOD107,Le Méridien Bodrum Beach Resort,Güvercinlik,False,2026-07-17 15:22:00,4.2,848,PAYMENT_REFUND,True,ücret iadesi|iade|para
ucret-iadesi-reddi-ve-sacma-bahanelerle-karsilasilan-ciddiyetsiz-otel,BOD107,Le Méridien Bodrum Beach Resort,Güvercinlik,False,2026-07-17 15:22:00,4.2,848,PRICE_VALUE,True,ücret
ucret-iadesi-reddi-ve-sacma-bahanelerle-karsilasilan-ciddiyetsiz-otel,BOD107,Le Méridien Bodrum Beach Resort,Güvercinlik,False,2026-07-17 15:22:00,4.2,848,CHECKIN_CHECKOUT,False,
ucret-iadesi-reddi-ve-sacma-bahanelerle-karsilasilan-ciddiyetsiz-otel,BOD107,Le Méridien Bodrum Beach Resort,Güvercinlik,False,2026-07-17 15:22:00,4.2,848,AIR_CONDITIONING,False,
ucret-iadesi-reddi-ve-sacma-bahanelerle-karsilasilan-ciddiyetsiz-otel,BOD107,Le Méridien Bodrum Beach Resort,Güvercinlik,False,2026-07-17 15:22:00,4.2,848,NOISE,False,
ucret-iadesi-reddi-ve-sacma-bahanelerle-karsilasilan-ciddiyetsiz-otel,BOD107,Le Méridien Bodrum Beach Resort,Güvercinlik,False,2026-07-17 15:22:00,4.2,848,FAMILY_CHILDREN,False,
ucret-iadesi-reddi-ve-sacma-bahanelerle-karsilasilan-ciddiyetsiz-otel,BOD107,Le Méridien Bodrum Beach Resort,Güvercinlik,False,2026-07-17 15:22:00,4.2,848,TRANSPORT_TRANSFER,False,
ucret-iadesi-reddi-ve-sacma-bahanelerle-karsilasilan-ciddiyetsiz-otel,BOD107,Le Méridien Bodrum Beach Resort,Güvercinlik,False,2026-07-17 15:22:00,4.2,848,MANAGEMENT_COMMUNICATION,False,
ucret-iadesi-reddi-ve-sacma-bahanelerle-karsilasilan-ciddiyetsiz-otel,BOD107,Le Méridien Bodrum Beach Resort,Güvercinlik,False,2026-07-17 15:22:00,4.2,848,SPA_WELLNESS,False,
ucret-iadesi-reddi-ve-sacma-bahanelerle-karsilasilan-ciddiyetsiz-otel,BOD107,Le Méridien Bodrum Beach Resort,Güvercinlik,False,2026-07-17 15:22:00,4.2,848,SAFETY_SECURITY,False,
depozito-iadesi-bir-ay-gecmesine-ragmen-yapilmadi,BOD107,Le Méridien Bodrum Beach Resort,Güvercinlik,False,2025-05-07 11:46:00,4.2,848,STAFF_SERVICE,False,
depozito-iadesi-bir-ay-gecmesine-ragmen-yapilmadi,BOD107,Le Méridien Bodrum Beach Resort,Güvercinlik,False,2025-05-07 11:46:00,4.2,848,CLEANLINESS_HYGIENE,True,temiz
depozito-iadesi-bir-ay-gecmesine-ragmen-yapilmadi,BOD107,Le Méridien Bodrum Beach Resort,Güvercinlik,False,2025-05-07 11:46:00,4.2,848,FOOD_BEVERAGE,False,
depozito-iadesi-bir-ay-gecmesine-ragmen-yapilmadi,BOD107,Le Méridien Bodrum Beach Resort,Güvercinlik,False,2025-05-07 11:46:00,4.2,848,ROOM,True,oda
depozito-iadesi-bir-ay-gecmesine-ragmen-yapilmadi,BOD107,Le Méridien Bodrum Beach Resort,Güvercinlik,False,2025-05-07 11:46:00,4.2,848,BEACH_SEA,False,
depozito-iadesi-bir-ay-gecmesine-ragmen-yapilmadi,BOD107,Le Méridien Bodrum Beach Resort,Güvercinlik,False,2025-05-07 11:46:00,4.2,848,POOL,False,
depozito-iadesi-bir-ay-gecmesine-ragmen-yapilmadi,BOD107,Le Méridien Bodrum Beach Resort,Güvercinlik,False,2025-05-07 11:46:00,4.2,848,FACILITIES_MAINTENANCE,False,
depozito-iadesi-bir-ay-gecmesine-ragmen-yapilmadi,BOD107,Le Méridien Bodrum Beach Resort,Güvercinlik,False,2025-05-07 11:46:00,4.2,848,RESERVATION,False,
depozito-iadesi-bir-ay-gecmesine-ragmen-yapilmadi,BOD107,Le Méridien Bodrum Beach Resort,Güvercinlik,False,2025-05-07 11:46:00,4.2,848,PAYMENT_REFUND,True,ödeme|iade
depozito-iadesi-bir-ay-gecmesine-ragmen-yapilmadi,BOD107,Le Méridien Bodrum Beach Resort,Güvercinlik,False,2025-05-07 11:46:00,4.2,848,PRICE_VALUE,False,
depozito-iadesi-bir-ay-gecmesine-ragmen-yapilmadi,BOD107,Le Méridien Bodrum Beach Resort,Güvercinlik,False,2025-05-07 11:46:00,4.2,848,CHECKIN_CHECKOUT,False,
depozito-iadesi-bir-ay-gecmesine-ragmen-yapilmadi,BOD107,Le Méridien Bodrum Beach Resort,Güvercinlik,False,2025-05-07 11:46:00,4.2,848,AIR_CONDITIONING,False,
depozito-iadesi-bir-ay-gecmesine-ragmen-yapilmadi,BOD107,Le Méridien Bodrum Beach Resort,Güvercinlik,False,2025-05-07 11:46:00,4.2,848,NOISE,False,
depozito-iadesi-bir-ay-gecmesine-ragmen-yapilmadi,BOD107,Le Méridien Bodrum Beach Resort,Güvercinlik,False,2025-05-07 11:46:00,4.2,848,FAMILY_CHILDREN,True,aile
depozito-iadesi-bir-ay-gecmesine-ragmen-yapilmadi,BOD107,Le Méridien Bodrum Beach Resort,Güvercinlik,False,2025-05-07 11:46:00,4.2,848,TRANSPORT_TRANSFER,False,
depozito-iadesi-bir-ay-gecmesine-ragmen-yapilmadi,BOD107,Le Méridien Bodrum Beach Resort,Güvercinlik,False,2025-05-07 11:46:00,4.2,848,MANAGEMENT_COMMUNICATION,True,yetkili
depozito-iadesi-bir-ay-gecmesine-ragmen-yapilmadi,BOD107,Le Méridien Bodrum Beach Resort,Güvercinlik,False,2025-05-07 11:46:00,4.2,848,SPA_WELLNESS,False,
depozito-iadesi-bir-ay-gecmesine-ragmen-yapilmadi,BOD107,Le Méridien Bodrum Beach Resort,Güvercinlik,False,2025-05-07 11:46:00,4.2,848,SAFETY_SECURITY,False,
bodrum-otelinde-hayal-kirikligi-bayat-kahvalti-ve-hizmet-sorunlari,BOD107,Le Méridien Bodrum Beach Resort,Güvercinlik,False,2024-10-30 17:39:00,4.2,848,STAFF_SERVICE,True,servis
bodrum-otelinde-hayal-kirikligi-bayat-kahvalti-ve-hizmet-sorunlari,BOD107,Le Méridien Bodrum Beach Resort,Güvercinlik,False,2024-10-30 17:39:00,4.2,848,CLEANLINESS_HYGIENE,True,leke
bodrum-otelinde-hayal-kirikligi-bayat-kahvalti-ve-hizmet-sorunlari,BOD107,Le Méridien Bodrum Beach Resort,Güvercinlik,False,2024-10-30 17:39:00,4.2,848,FOOD_BEVERAGE,True,kahvaltı|tabak
bodrum-otelinde-hayal-kirikligi-bayat-kahvalti-ve-hizmet-sorunlari,BOD107,Le Méridien Bodrum Beach Resort,Güvercinlik,False,2024-10-30 17:39:00,4.2,848,ROOM,False,
bodrum-otelinde-hayal-kirikligi-bayat-kahvalti-ve-hizmet-sorunlari,BOD107,Le Méridien Bodrum Beach Resort,Güvercinlik,False,2024-10-30 17:39:00,4.2,848,BEACH_SEA,True,kumsal
bodrum-otelinde-hayal-kirikligi-bayat-kahvalti-ve-hizmet-sorunlari,BOD107,Le Méridien Bodrum Beach Resort,Güvercinlik,False,2024-10-30 17:39:00,4.2,848,POOL,False,
bodrum-otelinde-hayal-kirikligi-bayat-kahvalti-ve-hizmet-sorunlari,BOD107,Le Méridien Bodrum Beach Resort,Güvercinlik,False,2024-10-30 17:39:00,4.2,848,FACILITIES_MAINTENANCE,True,elektrik
bodrum-otelinde-hayal-kirikligi-bayat-kahvalti-ve-hizmet-sorunlari,BOD107,Le Méridien Bodrum Beach Resort,Güvercinlik,False,2024-10-30 17:39:00,4.2,848,RESERVATION,False,
bodrum-otelinde-hayal-kirikligi-bayat-kahvalti-ve-hizmet-sorunlari,BOD107,Le Méridien Bodrum Beach Resort,Güvercinlik,False,2024-10-30 17:39:00,4.2,848,PAYMENT_REFUND,True,kesinti
bodrum-otelinde-hayal-kirikligi-bayat-kahvalti-ve-hizmet-sorunlari,BOD107,Le Méridien Bodrum Beach Resort,Güvercinlik,False,2024-10-30 17:39:00,4.2,848,PRICE_VALUE,False,
bodrum-otelinde-hayal-kirikligi-bayat-kahvalti-ve-hizmet-sorunlari,BOD107,Le Méridien Bodrum Beach Resort,Güvercinlik,False,2024-10-30 17:39:00,4.2,848,CHECKIN_CHECKOUT,False,
bodrum-otelinde-hayal-kirikligi-bayat-kahvalti-ve-hizmet-sorunlari,BOD107,Le Méridien Bodrum Beach Resort,Güvercinlik,False,2024-10-30 17:39:00,4.2,848,AIR_CONDITIONING,False,
bodrum-otelinde-hayal-kirikligi-bayat-kahvalti-ve-hizmet-sorunlari,BOD107,Le Méridien Bodrum Beach Resort,Güvercinlik,False,2024-10-30 17:39:00,4.2,848,NOISE,False,
bodrum-otelinde-hayal-kirikligi-bayat-kahvalti-ve-hizmet-sorunlari,BOD107,Le Méridien Bodrum Beach Resort,Güvercinlik,False,2024-10-30 17:39:00,4.2,848,FAMILY_CHILDREN,False,
bodrum-otelinde-hayal-kirikligi-bayat-kahvalti-ve-hizmet-sorunlari,BOD107,Le Méridien Bodrum Beach Resort,Güvercinlik,False,2024-10-30 17:39:00,4.2,848,TRANSPORT_TRANSFER,False,
bodrum-otelinde-hayal-kirikligi-bayat-kahvalti-ve-hizmet-sorunlari,BOD107,Le Méridien Bodrum Beach Resort,Güvercinlik,False,2024-10-30 17:39:00,4.2,848,MANAGEMENT_COMMUNICATION,False,
bodrum-otelinde-hayal-kirikligi-bayat-kahvalti-ve-hizmet-sorunlari,BOD107,Le Méridien Bodrum Beach Resort,Güvercinlik,False,2024-10-30 17:39:00,4.2,848,SPA_WELLNESS,False,
bodrum-otelinde-hayal-kirikligi-bayat-kahvalti-ve-hizmet-sorunlari,BOD107,Le Méridien Bodrum Beach Resort,Güvercinlik,False,2024-10-30 17:39:00,4.2,848,SAFETY_SECURITY,False,
le-meridien-bodrum-beach-resort-le-meridien-bodrum,BOD107,Le Méridien Bodrum Beach Resort,Güvercinlik,False,2024-06-19 08:51:00,4.2,848,STAFF_SERVICE,False,
le-meridien-bodrum-beach-resort-le-meridien-bodrum,BOD107,Le Méridien Bodrum Beach Resort,Güvercinlik,False,2024-06-19 08:51:00,4.2,848,CLEANLINESS_HYGIENE,False,
le-meridien-bodrum-beach-resort-le-meridien-bodrum,BOD107,Le Méridien Bodrum Beach Resort,Güvercinlik,False,2024-06-19 08:51:00,4.2,848,FOOD_BEVERAGE,False,
le-meridien-bodrum-beach-resort-le-meridien-bodrum,BOD107,Le Méridien Bodrum Beach Resort,Güvercinlik,False,2024-06-19 08:51:00,4.2,848,ROOM,False,
le-meridien-bodrum-beach-resort-le-meridien-bodrum,BOD107,Le Méridien Bodrum Beach Resort,Güvercinlik,False,2024-06-19 08:51:00,4.2,848,BEACH_SEA,False,
le-meridien-bodrum-beach-resort-le-meridien-bodrum,BOD107,Le Méridien Bodrum Beach Resort,Güvercinlik,False,2024-06-19 08:51:00,4.2,848,POOL,False,
le-meridien-bodrum-beach-resort-le-meridien-bodrum,BOD107,Le Méridien Bodrum Beach Resort,Güvercinlik,False,2024-06-19 08:51:00,4.2,848,FACILITIES_MAINTENANCE,False,
le-meridien-bodrum-beach-resort-le-meridien-bodrum,BOD107,Le Méridien Bodrum Beach Resort,Güvercinlik,False,2024-06-19 08:51:00,4.2,848,RESERVATION,False,
le-meridien-bodrum-beach-resort-le-meridien-bodrum,BOD107,Le Méridien Bodrum Beach Resort,Güvercinlik,False,2024-06-19 08:51:00,4.2,848,PAYMENT_REFUND,True,para iadesi|iade|para
le-meridien-bodrum-beach-resort-le-meridien-bodrum,BOD107,Le Méridien Bodrum Beach Resort,Güvercinlik,False,2024-06-19 08:51:00,4.2,848,PRICE_VALUE,True,pahalı
le-meridien-bodrum-beach-resort-le-meridien-bodrum,BOD107,Le Méridien Bodrum Beach Resort,Güvercinlik,False,2024-06-19 08:51:00,4.2,848,CHECKIN_CHECKOUT,False,
le-meridien-bodrum-beach-resort-le-meridien-bodrum,BOD107,Le Méridien Bodrum Beach Resort,Güvercinlik,False,2024-06-19 08:51:00,4.2,848,AIR_CONDITIONING,False,
le-meridien-bodrum-beach-resort-le-meridien-bodrum,BOD107,Le Méridien Bodrum Beach Resort,Güvercinlik,False,2024-06-19 08:51:00,4.2,848,NOISE,False,
le-meridien-bodrum-beach-resort-le-meridien-bodrum,BOD107,Le Méridien Bodrum Beach Resort,Güvercinlik,False,2024-06-19 08:51:00,4.2,848,FAMILY_CHILDREN,False,
le-meridien-bodrum-beach-resort-le-meridien-bodrum,BOD107,Le Méridien Bodrum Beach Resort,Güvercinlik,False,2024-06-19 08:51:00,4.2,848,TRANSPORT_TRANSFER,False,
le-meridien-bodrum-beach-resort-le-meridien-bodrum,BOD107,Le Méridien Bodrum Beach Resort,Güvercinlik,False,2024-06-19 08:51:00,4.2,848,MANAGEMENT_COMMUNICATION,False,
le-meridien-bodrum-beach-resort-le-meridien-bodrum,BOD107,Le Méridien Bodrum Beach Resort,Güvercinlik,False,2024-06-19 08:51:00,4.2,848,SPA_WELLNESS,False,
le-meridien-bodrum-beach-resort-le-meridien-bodrum,BOD107,Le Méridien Bodrum Beach Resort,Güvercinlik,False,2024-06-19 08:51:00,4.2,848,SAFETY_SECURITY,False,
rezervasyonlu-musteriye-giris-engelleyen-ve-kaba-davranan-guvenlik-personeli,BOD056,"Mandarin Oriental, Bodrum",Göltürkbükü,False,2026-06-24 00:27:00,4.7,2728,STAFF_SERVICE,True,profesyonellik|personel|saygısız|hizmet|kaba
rezervasyonlu-musteriye-giris-engelleyen-ve-kaba-davranan-guvenlik-personeli,BOD056,"Mandarin Oriental, Bodrum",Göltürkbükü,False,2026-06-24 00:27:00,4.7,2728,CLEANLINESS_HYGIENE,False,
rezervasyonlu-musteriye-giris-engelleyen-ve-kaba-davranan-guvenlik-personeli,BOD056,"Mandarin Oriental, Bodrum",Göltürkbükü,False,2026-06-24 00:27:00,4.7,2728,FOOD_BEVERAGE,False,
rezervasyonlu-musteriye-giris-engelleyen-ve-kaba-davranan-guvenlik-personeli,BOD056,"Mandarin Oriental, Bodrum",Göltürkbükü,False,2026-06-24 00:27:00,4.7,2728,ROOM,False,
rezervasyonlu-musteriye-giris-engelleyen-ve-kaba-davranan-guvenlik-personeli,BOD056,"Mandarin Oriental, Bodrum",Göltürkbükü,False,2026-06-24 00:27:00,4.7,2728,BEACH_SEA,False,
rezervasyonlu-musteriye-giris-engelleyen-ve-kaba-davranan-guvenlik-personeli,BOD056,"Mandarin Oriental, Bodrum",Göltürkbükü,False,2026-06-24 00:27:00,4.7,2728,POOL,False,
rezervasyonlu-musteriye-giris-engelleyen-ve-kaba-davranan-guvenlik-personeli,BOD056,"Mandarin Oriental, Bodrum",Göltürkbükü,False,2026-06-24 00:27:00,4.7,2728,FACILITIES_MAINTENANCE,True,kırık
rezervasyonlu-musteriye-giris-engelleyen-ve-kaba-davranan-guvenlik-personeli,BOD056,"Mandarin Oriental, Bodrum",Göltürkbükü,False,2026-06-24 00:27:00,4.7,2728,RESERVATION,True,rezervasyon
rezervasyonlu-musteriye-giris-engelleyen-ve-kaba-davranan-guvenlik-personeli,BOD056,"Mandarin Oriental, Bodrum",Göltürkbükü,False,2026-06-24 00:27:00,4.7,2728,PAYMENT_REFUND,False,
rezervasyonlu-musteriye-giris-engelleyen-ve-kaba-davranan-guvenlik-personeli,BOD056,"Mandarin Oriental, Bodrum",Göltürkbükü,False,2026-06-24 00:27:00,4.7,2728,PRICE_VALUE,False,
rezervasyonlu-musteriye-giris-engelleyen-ve-kaba-davranan-guvenlik-personeli,BOD056,"Mandarin Oriental, Bodrum",Göltürkbükü,False,2026-06-24 00:27:00,4.7,2728,CHECKIN_CHECKOUT,False,
rezervasyonlu-musteriye-giris-engelleyen-ve-kaba-davranan-guvenlik-personeli,BOD056,"Mandarin Oriental, Bodrum",Göltürkbükü,False,2026-06-24 00:27:00,4.7,2728,AIR_CONDITIONING,False,
rezervasyonlu-musteriye-giris-engelleyen-ve-kaba-davranan-guvenlik-personeli,BOD056,"Mandarin Oriental, Bodrum",Göltürkbükü,False,2026-06-24 00:27:00,4.7,2728,NOISE,False,
rezervasyonlu-musteriye-giris-engelleyen-ve-kaba-davranan-guvenlik-personeli,BOD056,"Mandarin Oriental, Bodrum",Göltürkbükü,False,2026-06-24 00:27:00,4.7,2728,FAMILY_CHILDREN,False,
rezervasyonlu-musteriye-giris-engelleyen-ve-kaba-davranan-guvenlik-personeli,BOD056,"Mandarin Oriental, Bodrum",Göltürkbükü,False,2026-06-24 00:27:00,4.7,2728,TRANSPORT_TRANSFER,False,
rezervasyonlu-musteriye-giris-engelleyen-ve-kaba-davranan-guvenlik-personeli,BOD056,"Mandarin Oriental, Bodrum",Göltürkbükü,False,2026-06-24 00:27:00,4.7,2728,MANAGEMENT_COMMUNICATION,True,bilgilendirme|yetkili|telefon
rezervasyonlu-musteriye-giris-engelleyen-ve-kaba-davranan-guvenlik-personeli,BOD056,"Mandarin Oriental, Bodrum",Göltürkbükü,False,2026-06-24 00:27:00,4.7,2728,SPA_WELLNESS,False,
rezervasyonlu-musteriye-giris-engelleyen-ve-kaba-davranan-guvenlik-personeli,BOD056,"Mandarin Oriental, Bodrum",Göltürkbükü,False,2026-06-24 00:27:00,4.7,2728,SAFETY_SECURITY,True,güvenlik|güvenli
yavas-servis-ve-soguk-yemekler-nedeniyle-hayal-kirikligi,BOD056,"Mandarin Oriental, Bodrum",Göltürkbükü,False,2025-06-16 00:01:00,4.7,2728,STAFF_SERVICE,True,ilgisiz|garson|hizmet|servis
yavas-servis-ve-soguk-yemekler-nedeniyle-hayal-kirikligi,BOD056,"Mandarin Oriental, Bodrum",Göltürkbükü,False,2025-06-16 00:01:00,4.7,2728,CLEANLINESS_HYGIENE,False,
yavas-servis-ve-soguk-yemekler-nedeniyle-hayal-kirikligi,BOD056,"Mandarin Oriental, Bodrum",Göltürkbükü,False,2025-06-16 00:01:00,4.7,2728,FOOD_BEVERAGE,True,lezzet|yemek
yavas-servis-ve-soguk-yemekler-nedeniyle-hayal-kirikligi,BOD056,"Mandarin Oriental, Bodrum",Göltürkbükü,False,2025-06-16 00:01:00,4.7,2728,ROOM,False,
yavas-servis-ve-soguk-yemekler-nedeniyle-hayal-kirikligi,BOD056,"Mandarin Oriental, Bodrum",Göltürkbükü,False,2025-06-16 00:01:00,4.7,2728,BEACH_SEA,False,
yavas-servis-ve-soguk-yemekler-nedeniyle-hayal-kirikligi,BOD056,"Mandarin Oriental, Bodrum",Göltürkbükü,False,2025-06-16 00:01:00,4.7,2728,POOL,False,
yavas-servis-ve-soguk-yemekler-nedeniyle-hayal-kirikligi,BOD056,"Mandarin Oriental, Bodrum",Göltürkbükü,False,2025-06-16 00:01:00,4.7,2728,FACILITIES_MAINTENANCE,True,kırık
yavas-servis-ve-soguk-yemekler-nedeniyle-hayal-kirikligi,BOD056,"Mandarin Oriental, Bodrum",Göltürkbükü,False,2025-06-16 00:01:00,4.7,2728,RESERVATION,False,
yavas-servis-ve-soguk-yemekler-nedeniyle-hayal-kirikligi,BOD056,"Mandarin Oriental, Bodrum",Göltürkbükü,False,2025-06-16 00:01:00,4.7,2728,PAYMENT_REFUND,False,
yavas-servis-ve-soguk-yemekler-nedeniyle-hayal-kirikligi,BOD056,"Mandarin Oriental, Bodrum",Göltürkbükü,False,2025-06-16 00:01:00,4.7,2728,PRICE_VALUE,True,fiyat
yavas-servis-ve-soguk-yemekler-nedeniyle-hayal-kirikligi,BOD056,"Mandarin Oriental, Bodrum",Göltürkbükü,False,2025-06-16 00:01:00,4.7,2728,CHECKIN_CHECKOUT,False,
yavas-servis-ve-soguk-yemekler-nedeniyle-hayal-kirikligi,BOD056,"Mandarin Oriental, Bodrum",Göltürkbükü,False,2025-06-16 00:01:00,4.7,2728,AIR_CONDITIONING,False,
yavas-servis-ve-soguk-yemekler-nedeniyle-hayal-kirikligi,BOD056,"Mandarin Oriental, Bodrum",Göltürkbükü,False,2025-06-16 00:01:00,4.7,2728,NOISE,False,
yavas-servis-ve-soguk-yemekler-nedeniyle-hayal-kirikligi,BOD056,"Mandarin Oriental, Bodrum",Göltürkbükü,False,2025-06-16 00:01:00,4.7,2728,FAMILY_CHILDREN,False,
yavas-servis-ve-soguk-yemekler-nedeniyle-hayal-kirikligi,BOD056,"Mandarin Oriental, Bodrum",Göltürkbükü,False,2025-06-16 00:01:00,4.7,2728,TRANSPORT_TRANSFER,False,
yavas-servis-ve-soguk-yemekler-nedeniyle-hayal-kirikligi,BOD056,"Mandarin Oriental, Bodrum",Göltürkbükü,False,2025-06-16 00:01:00,4.7,2728,MANAGEMENT_COMMUNICATION,False,
yavas-servis-ve-soguk-yemekler-nedeniyle-hayal-kirikligi,BOD056,"Mandarin Oriental, Bodrum",Göltürkbükü,False,2025-06-16 00:01:00,4.7,2728,SPA_WELLNESS,False,
yavas-servis-ve-soguk-yemekler-nedeniyle-hayal-kirikligi,BOD056,"Mandarin Oriental, Bodrum",Göltürkbükü,False,2025-06-16 00:01:00,4.7,2728,SAFETY_SECURITY,False,
izin-ucretlerim-odenmedi-magdur-edildim,BOD010,Mare Garden Hotel,Akyarlar,False,2024-11-12 19:38:00,4.2,288,STAFF_SERVICE,False,
izin-ucretlerim-odenmedi-magdur-edildim,BOD010,Mare Garden Hotel,Akyarlar,False,2024-11-12 19:38:00,4.2,288,CLEANLINESS_HYGIENE,False,
izin-ucretlerim-odenmedi-magdur-edildim,BOD010,Mare Garden Hotel,Akyarlar,False,2024-11-12 19:38:00,4.2,288,FOOD_BEVERAGE,False,
izin-ucretlerim-odenmedi-magdur-edildim,BOD010,Mare Garden Hotel,Akyarlar,False,2024-11-12 19:38:00,4.2,288,ROOM,False,
izin-ucretlerim-odenmedi-magdur-edildim,BOD010,Mare Garden Hotel,Akyarlar,False,2024-11-12 19:38:00,4.2,288,BEACH_SEA,False,
izin-ucretlerim-odenmedi-magdur-edildim,BOD010,Mare Garden Hotel,Akyarlar,False,2024-11-12 19:38:00,4.2,288,POOL,False,
izin-ucretlerim-odenmedi-magdur-edildim,BOD010,Mare Garden Hotel,Akyarlar,False,2024-11-12 19:38:00,4.2,288,FACILITIES_MAINTENANCE,False,
izin-ucretlerim-odenmedi-magdur-edildim,BOD010,Mare Garden Hotel,Akyarlar,False,2024-11-12 19:38:00,4.2,288,RESERVATION,False,
izin-ucretlerim-odenmedi-magdur-edildim,BOD010,Mare Garden Hotel,Akyarlar,False,2024-11-12 19:38:00,4.2,288,PAYMENT_REFUND,False,
izin-ucretlerim-odenmedi-magdur-edildim,BOD010,Mare Garden Hotel,Akyarlar,False,2024-11-12 19:38:00,4.2,288,PRICE_VALUE,True,karşılığını|ücret
izin-ucretlerim-odenmedi-magdur-edildim,BOD010,Mare Garden Hotel,Akyarlar,False,2024-11-12 19:38:00,4.2,288,CHECKIN_CHECKOUT,False,
izin-ucretlerim-odenmedi-magdur-edildim,BOD010,Mare Garden Hotel,Akyarlar,False,2024-11-12 19:38:00,4.2,288,AIR_CONDITIONING,False,
izin-ucretlerim-odenmedi-magdur-edildim,BOD010,Mare Garden Hotel,Akyarlar,False,2024-11-12 19:38:00,4.2,288,NOISE,False,
izin-ucretlerim-odenmedi-magdur-edildim,BOD010,Mare Garden Hotel,Akyarlar,False,2024-11-12 19:38:00,4.2,288,FAMILY_CHILDREN,False,
izin-ucretlerim-odenmedi-magdur-edildim,BOD010,Mare Garden Hotel,Akyarlar,False,2024-11-12 19:38:00,4.2,288,TRANSPORT_TRANSFER,False,
izin-ucretlerim-odenmedi-magdur-edildim,BOD010,Mare Garden Hotel,Akyarlar,False,2024-11-12 19:38:00,4.2,288,MANAGEMENT_COMMUNICATION,False,
izin-ucretlerim-odenmedi-magdur-edildim,BOD010,Mare Garden Hotel,Akyarlar,False,2024-11-12 19:38:00,4.2,288,SPA_WELLNESS,False,
izin-ucretlerim-odenmedi-magdur-edildim,BOD010,Mare Garden Hotel,Akyarlar,False,2024-11-12 19:38:00,4.2,288,SAFETY_SECURITY,False,
plajda-sezlong-ve-havlu-sorunlari-ve-personel-tutumu-tatili-bozdu,BOD130,Petunya Beach Resort,Ortakent-Yahşi,False,2026-08-12 09:35:00,3.7,2687,STAFF_SERVICE,True,görevli
plajda-sezlong-ve-havlu-sorunlari-ve-personel-tutumu-tatili-bozdu,BOD130,Petunya Beach Resort,Ortakent-Yahşi,False,2026-08-12 09:35:00,3.7,2687,CLEANLINESS_HYGIENE,True,havlu
plajda-sezlong-ve-havlu-sorunlari-ve-personel-tutumu-tatili-bozdu,BOD130,Petunya Beach Resort,Ortakent-Yahşi,False,2026-08-12 09:35:00,3.7,2687,FOOD_BEVERAGE,True,kahvaltı|yemek
plajda-sezlong-ve-havlu-sorunlari-ve-personel-tutumu-tatili-bozdu,BOD130,Petunya Beach Resort,Ortakent-Yahşi,False,2026-08-12 09:35:00,3.7,2687,ROOM,False,
plajda-sezlong-ve-havlu-sorunlari-ve-personel-tutumu-tatili-bozdu,BOD130,Petunya Beach Resort,Ortakent-Yahşi,False,2026-08-12 09:35:00,3.7,2687,BEACH_SEA,True,şezlong|deniz|plaj
plajda-sezlong-ve-havlu-sorunlari-ve-personel-tutumu-tatili-bozdu,BOD130,Petunya Beach Resort,Ortakent-Yahşi,False,2026-08-12 09:35:00,3.7,2687,POOL,False,
plajda-sezlong-ve-havlu-sorunlari-ve-personel-tutumu-tatili-bozdu,BOD130,Petunya Beach Resort,Ortakent-Yahşi,False,2026-08-12 09:35:00,3.7,2687,FACILITIES_MAINTENANCE,False,
plajda-sezlong-ve-havlu-sorunlari-ve-personel-tutumu-tatili-bozdu,BOD130,Petunya Beach Resort,Ortakent-Yahşi,False,2026-08-12 09:35:00,3.7,2687,RESERVATION,False,
plajda-sezlong-ve-havlu-sorunlari-ve-personel-tutumu-tatili-bozdu,BOD130,Petunya Beach Resort,Ortakent-Yahşi,False,2026-08-12 09:35:00,3.7,2687,PAYMENT_REFUND,False,
plajda-sezlong-ve-havlu-sorunlari-ve-personel-tutumu-tatili-bozdu,BOD130,Petunya Beach Resort,Ortakent-Yahşi,False,2026-08-12 09:35:00,3.7,2687,PRICE_VALUE,False,
plajda-sezlong-ve-havlu-sorunlari-ve-personel-tutumu-tatili-bozdu,BOD130,Petunya Beach Resort,Ortakent-Yahşi,False,2026-08-12 09:35:00,3.7,2687,CHECKIN_CHECKOUT,False,
plajda-sezlong-ve-havlu-sorunlari-ve-personel-tutumu-tatili-bozdu,BOD130,Petunya Beach Resort,Ortakent-Yahşi,False,2026-08-12 09:35:00,3.7,2687,AIR_CONDITIONING,False,
plajda-sezlong-ve-havlu-sorunlari-ve-personel-tutumu-tatili-bozdu,BOD130,Petunya Beach Resort,Ortakent-Yahşi,False,2026-08-12 09:35:00,3.7,2687,NOISE,False,
plajda-sezlong-ve-havlu-sorunlari-ve-personel-tutumu-tatili-bozdu,BOD130,Petunya Beach Resort,Ortakent-Yahşi,False,2026-08-12 09:35:00,3.7,2687,FAMILY_CHILDREN,False,
plajda-sezlong-ve-havlu-sorunlari-ve-personel-tutumu-tatili-bozdu,BOD130,Petunya Beach Resort,Ortakent-Yahşi,False,2026-08-12 09:35:00,3.7,2687,TRANSPORT_TRANSFER,False,
plajda-sezlong-ve-havlu-sorunlari-ve-personel-tutumu-tatili-bozdu,BOD130,Petunya Beach Resort,Ortakent-Yahşi,False,2026-08-12 09:35:00,3.7,2687,MANAGEMENT_COMMUNICATION,False,
plajda-sezlong-ve-havlu-sorunlari-ve-personel-tutumu-tatili-bozdu,BOD130,Petunya Beach Resort,Ortakent-Yahşi,False,2026-08-12 09:35:00,3.7,2687,SPA_WELLNESS,False,
plajda-sezlong-ve-havlu-sorunlari-ve-personel-tutumu-tatili-bozdu,BOD130,Petunya Beach Resort,Ortakent-Yahşi,False,2026-08-12 09:35:00,3.7,2687,SAFETY_SECURITY,True,güvenlik|güvenli
petunya-beach-resorttan-28-gun-iade-suresi-asimi-ve-magduriyet,BOD130,Petunya Beach Resort,Ortakent-Yahşi,False,2026-08-04 17:40:00,3.7,2687,STAFF_SERVICE,False,
petunya-beach-resorttan-28-gun-iade-suresi-asimi-ve-magduriyet,BOD130,Petunya Beach Resort,Ortakent-Yahşi,False,2026-08-04 17:40:00,3.7,2687,CLEANLINESS_HYGIENE,False,
petunya-beach-resorttan-28-gun-iade-suresi-asimi-ve-magduriyet,BOD130,Petunya Beach Resort,Ortakent-Yahşi,False,2026-08-04 17:40:00,3.7,2687,FOOD_BEVERAGE,False,
petunya-beach-resorttan-28-gun-iade-suresi-asimi-ve-magduriyet,BOD130,Petunya Beach Resort,Ortakent-Yahşi,False,2026-08-04 17:40:00,3.7,2687,ROOM,False,
petunya-beach-resorttan-28-gun-iade-suresi-asimi-ve-magduriyet,BOD130,Petunya Beach Resort,Ortakent-Yahşi,False,2026-08-04 17:40:00,3.7,2687,BEACH_SEA,False,
petunya-beach-resorttan-28-gun-iade-suresi-asimi-ve-magduriyet,BOD130,Petunya Beach Resort,Ortakent-Yahşi,False,2026-08-04 17:40:00,3.7,2687,POOL,False,
petunya-beach-resorttan-28-gun-iade-suresi-asimi-ve-magduriyet,BOD130,Petunya Beach Resort,Ortakent-Yahşi,False,2026-08-04 17:40:00,3.7,2687,FACILITIES_MAINTENANCE,False,
petunya-beach-resorttan-28-gun-iade-suresi-asimi-ve-magduriyet,BOD130,Petunya Beach Resort,Ortakent-Yahşi,False,2026-08-04 17:40:00,3.7,2687,RESERVATION,True,rezervasyon|iptal
petunya-beach-resorttan-28-gun-iade-suresi-asimi-ve-magduriyet,BOD130,Petunya Beach Resort,Ortakent-Yahşi,False,2026-08-04 17:40:00,3.7,2687,PAYMENT_REFUND,True,kredi kartı|tahsilat|kesinti|ödeme|tutar|iade
petunya-beach-resorttan-28-gun-iade-suresi-asimi-ve-magduriyet,BOD130,Petunya Beach Resort,Ortakent-Yahşi,False,2026-08-04 17:40:00,3.7,2687,PRICE_VALUE,False,
petunya-beach-resorttan-28-gun-iade-suresi-asimi-ve-magduriyet,BOD130,Petunya Beach Resort,Ortakent-Yahşi,False,2026-08-04 17:40:00,3.7,2687,CHECKIN_CHECKOUT,False,
petunya-beach-resorttan-28-gun-iade-suresi-asimi-ve-magduriyet,BOD130,Petunya Beach Resort,Ortakent-Yahşi,False,2026-08-04 17:40:00,3.7,2687,AIR_CONDITIONING,False,
petunya-beach-resorttan-28-gun-iade-suresi-asimi-ve-magduriyet,BOD130,Petunya Beach Resort,Ortakent-Yahşi,False,2026-08-04 17:40:00,3.7,2687,NOISE,False,
petunya-beach-resorttan-28-gun-iade-suresi-asimi-ve-magduriyet,BOD130,Petunya Beach Resort,Ortakent-Yahşi,False,2026-08-04 17:40:00,3.7,2687,FAMILY_CHILDREN,False,
petunya-beach-resorttan-28-gun-iade-suresi-asimi-ve-magduriyet,BOD130,Petunya Beach Resort,Ortakent-Yahşi,False,2026-08-04 17:40:00,3.7,2687,TRANSPORT_TRANSFER,False,
petunya-beach-resorttan-28-gun-iade-suresi-asimi-ve-magduriyet,BOD130,Petunya Beach Resort,Ortakent-Yahşi,False,2026-08-04 17:40:00,3.7,2687,MANAGEMENT_COMMUNICATION,True,bilgilendirme
petunya-beach-resorttan-28-gun-iade-suresi-asimi-ve-magduriyet,BOD130,Petunya Beach Resort,Ortakent-Yahşi,False,2026-08-04 17:40:00,3.7,2687,SPA_WELLNESS,False,
petunya-beach-resorttan-28-gun-iade-suresi-asimi-ve-magduriyet,BOD130,Petunya Beach Resort,Ortakent-Yahşi,False,2026-08-04 17:40:00,3.7,2687,SAFETY_SECURITY,False,
petunya-beach-resort-iadesi-31000-tl-gecikmesi-ve-belirsiz-aciklama,BOD130,Petunya Beach Resort,Ortakent-Yahşi,False,2026-07-30 00:13:00,3.7,2687,STAFF_SERVICE,False,
petunya-beach-resort-iadesi-31000-tl-gecikmesi-ve-belirsiz-aciklama,BOD130,Petunya Beach Resort,Ortakent-Yahşi,False,2026-07-30 00:13:00,3.7,2687,CLEANLINESS_HYGIENE,False,
petunya-beach-resort-iadesi-31000-tl-gecikmesi-ve-belirsiz-aciklama,BOD130,Petunya Beach Resort,Ortakent-Yahşi,False,2026-07-30 00:13:00,3.7,2687,FOOD_BEVERAGE,False,
petunya-beach-resort-iadesi-31000-tl-gecikmesi-ve-belirsiz-aciklama,BOD130,Petunya Beach Resort,Ortakent-Yahşi,False,2026-07-30 00:13:00,3.7,2687,ROOM,False,
petunya-beach-resort-iadesi-31000-tl-gecikmesi-ve-belirsiz-aciklama,BOD130,Petunya Beach Resort,Ortakent-Yahşi,False,2026-07-30 00:13:00,3.7,2687,BEACH_SEA,False,
petunya-beach-resort-iadesi-31000-tl-gecikmesi-ve-belirsiz-aciklama,BOD130,Petunya Beach Resort,Ortakent-Yahşi,False,2026-07-30 00:13:00,3.7,2687,POOL,False,
petunya-beach-resort-iadesi-31000-tl-gecikmesi-ve-belirsiz-aciklama,BOD130,Petunya Beach Resort,Ortakent-Yahşi,False,2026-07-30 00:13:00,3.7,2687,FACILITIES_MAINTENANCE,False,
petunya-beach-resort-iadesi-31000-tl-gecikmesi-ve-belirsiz-aciklama,BOD130,Petunya Beach Resort,Ortakent-Yahşi,False,2026-07-30 00:13:00,3.7,2687,RESERVATION,True,rezervasyon|iptal
petunya-beach-resort-iadesi-31000-tl-gecikmesi-ve-belirsiz-aciklama,BOD130,Petunya Beach Resort,Ortakent-Yahşi,False,2026-07-30 00:13:00,3.7,2687,PAYMENT_REFUND,True,kredi kartı|ödeme|tutar|iade
petunya-beach-resort-iadesi-31000-tl-gecikmesi-ve-belirsiz-aciklama,BOD130,Petunya Beach Resort,Ortakent-Yahşi,False,2026-07-30 00:13:00,3.7,2687,PRICE_VALUE,False,
petunya-beach-resort-iadesi-31000-tl-gecikmesi-ve-belirsiz-aciklama,BOD130,Petunya Beach Resort,Ortakent-Yahşi,False,2026-07-30 00:13:00,3.7,2687,CHECKIN_CHECKOUT,False,
petunya-beach-resort-iadesi-31000-tl-gecikmesi-ve-belirsiz-aciklama,BOD130,Petunya Beach Resort,Ortakent-Yahşi,False,2026-07-30 00:13:00,3.7,2687,AIR_CONDITIONING,False,
petunya-beach-resort-iadesi-31000-tl-gecikmesi-ve-belirsiz-aciklama,BOD130,Petunya Beach Resort,Ortakent-Yahşi,False,2026-07-30 00:13:00,3.7,2687,NOISE,False,
petunya-beach-resort-iadesi-31000-tl-gecikmesi-ve-belirsiz-aciklama,BOD130,Petunya Beach Resort,Ortakent-Yahşi,False,2026-07-30 00:13:00,3.7,2687,FAMILY_CHILDREN,False,
petunya-beach-resort-iadesi-31000-tl-gecikmesi-ve-belirsiz-aciklama,BOD130,Petunya Beach Resort,Ortakent-Yahşi,False,2026-07-30 00:13:00,3.7,2687,TRANSPORT_TRANSFER,False,
petunya-beach-resort-iadesi-31000-tl-gecikmesi-ve-belirsiz-aciklama,BOD130,Petunya Beach Resort,Ortakent-Yahşi,False,2026-07-30 00:13:00,3.7,2687,MANAGEMENT_COMMUNICATION,True,yetkili
petunya-beach-resort-iadesi-31000-tl-gecikmesi-ve-belirsiz-aciklama,BOD130,Petunya Beach Resort,Ortakent-Yahşi,False,2026-07-30 00:13:00,3.7,2687,SPA_WELLNESS,False,
petunya-beach-resort-iadesi-31000-tl-gecikmesi-ve-belirsiz-aciklama,BOD130,Petunya Beach Resort,Ortakent-Yahşi,False,2026-07-30 00:13:00,3.7,2687,SAFETY_SECURITY,False,
bodrum-petunya-beach-resorttan-64-bin-tl-iade-bekleniyor,BOD130,Petunya Beach Resort,Ortakent-Yahşi,False,2026-07-12 21:25:00,3.7,2687,STAFF_SERVICE,False,
bodrum-petunya-beach-resorttan-64-bin-tl-iade-bekleniyor,BOD130,Petunya Beach Resort,Ortakent-Yahşi,False,2026-07-12 21:25:00,3.7,2687,CLEANLINESS_HYGIENE,False,
bodrum-petunya-beach-resorttan-64-bin-tl-iade-bekleniyor,BOD130,Petunya Beach Resort,Ortakent-Yahşi,False,2026-07-12 21:25:00,3.7,2687,FOOD_BEVERAGE,False,
bodrum-petunya-beach-resorttan-64-bin-tl-iade-bekleniyor,BOD130,Petunya Beach Resort,Ortakent-Yahşi,False,2026-07-12 21:25:00,3.7,2687,ROOM,False,
bodrum-petunya-beach-resorttan-64-bin-tl-iade-bekleniyor,BOD130,Petunya Beach Resort,Ortakent-Yahşi,False,2026-07-12 21:25:00,3.7,2687,BEACH_SEA,False,
bodrum-petunya-beach-resorttan-64-bin-tl-iade-bekleniyor,BOD130,Petunya Beach Resort,Ortakent-Yahşi,False,2026-07-12 21:25:00,3.7,2687,POOL,False,
bodrum-petunya-beach-resorttan-64-bin-tl-iade-bekleniyor,BOD130,Petunya Beach Resort,Ortakent-Yahşi,False,2026-07-12 21:25:00,3.7,2687,FACILITIES_MAINTENANCE,False,
bodrum-petunya-beach-resorttan-64-bin-tl-iade-bekleniyor,BOD130,Petunya Beach Resort,Ortakent-Yahşi,False,2026-07-12 21:25:00,3.7,2687,RESERVATION,True,iptal
bodrum-petunya-beach-resorttan-64-bin-tl-iade-bekleniyor,BOD130,Petunya Beach Resort,Ortakent-Yahşi,False,2026-07-12 21:25:00,3.7,2687,PAYMENT_REFUND,True,ödeme|iade|para
bodrum-petunya-beach-resorttan-64-bin-tl-iade-bekleniyor,BOD130,Petunya Beach Resort,Ortakent-Yahşi,False,2026-07-12 21:25:00,3.7,2687,PRICE_VALUE,True,ücret
bodrum-petunya-beach-resorttan-64-bin-tl-iade-bekleniyor,BOD130,Petunya Beach Resort,Ortakent-Yahşi,False,2026-07-12 21:25:00,3.7,2687,CHECKIN_CHECKOUT,False,
bodrum-petunya-beach-resorttan-64-bin-tl-iade-bekleniyor,BOD130,Petunya Beach Resort,Ortakent-Yahşi,False,2026-07-12 21:25:00,3.7,2687,AIR_CONDITIONING,False,
bodrum-petunya-beach-resorttan-64-bin-tl-iade-bekleniyor,BOD130,Petunya Beach Resort,Ortakent-Yahşi,False,2026-07-12 21:25:00,3.7,2687,NOISE,False,
bodrum-petunya-beach-resorttan-64-bin-tl-iade-bekleniyor,BOD130,Petunya Beach Resort,Ortakent-Yahşi,False,2026-07-12 21:25:00,3.7,2687,FAMILY_CHILDREN,False,
bodrum-petunya-beach-resorttan-64-bin-tl-iade-bekleniyor,BOD130,Petunya Beach Resort,Ortakent-Yahşi,False,2026-07-12 21:25:00,3.7,2687,TRANSPORT_TRANSFER,False,
bodrum-petunya-beach-resorttan-64-bin-tl-iade-bekleniyor,BOD130,Petunya Beach Resort,Ortakent-Yahşi,False,2026-07-12 21:25:00,3.7,2687,MANAGEMENT_COMMUNICATION,True,geri dönüş
bodrum-petunya-beach-resorttan-64-bin-tl-iade-bekleniyor,BOD130,Petunya Beach Resort,Ortakent-Yahşi,False,2026-07-12 21:25:00,3.7,2687,SPA_WELLNESS,False,
bodrum-petunya-beach-resorttan-64-bin-tl-iade-bekleniyor,BOD130,Petunya Beach Resort,Ortakent-Yahşi,False,2026-07-12 21:25:00,3.7,2687,SAFETY_SECURITY,False,
petunya-beach-resortta-resepsiyon-hatti-cevapsiz-misafir-memnuniyeti-tehlikede,BOD130,Petunya Beach Resort,Ortakent-Yahşi,False,2026-07-11 10:55:00,3.7,2687,STAFF_SERVICE,False,
petunya-beach-resortta-resepsiyon-hatti-cevapsiz-misafir-memnuniyeti-tehlikede,BOD130,Petunya Beach Resort,Ortakent-Yahşi,False,2026-07-11 10:55:00,3.7,2687,CLEANLINESS_HYGIENE,False,
petunya-beach-resortta-resepsiyon-hatti-cevapsiz-misafir-memnuniyeti-tehlikede,BOD130,Petunya Beach Resort,Ortakent-Yahşi,False,2026-07-11 10:55:00,3.7,2687,FOOD_BEVERAGE,False,
petunya-beach-resortta-resepsiyon-hatti-cevapsiz-misafir-memnuniyeti-tehlikede,BOD130,Petunya Beach Resort,Ortakent-Yahşi,False,2026-07-11 10:55:00,3.7,2687,ROOM,False,
petunya-beach-resortta-resepsiyon-hatti-cevapsiz-misafir-memnuniyeti-tehlikede,BOD130,Petunya Beach Resort,Ortakent-Yahşi,False,2026-07-11 10:55:00,3.7,2687,BEACH_SEA,False,
petunya-beach-resortta-resepsiyon-hatti-cevapsiz-misafir-memnuniyeti-tehlikede,BOD130,Petunya Beach Resort,Ortakent-Yahşi,False,2026-07-11 10:55:00,3.7,2687,POOL,False,
petunya-beach-resortta-resepsiyon-hatti-cevapsiz-misafir-memnuniyeti-tehlikede,BOD130,Petunya Beach Resort,Ortakent-Yahşi,False,2026-07-11 10:55:00,3.7,2687,FACILITIES_MAINTENANCE,False,
petunya-beach-resortta-resepsiyon-hatti-cevapsiz-misafir-memnuniyeti-tehlikede,BOD130,Petunya Beach Resort,Ortakent-Yahşi,False,2026-07-11 10:55:00,3.7,2687,RESERVATION,True,rezervasyon
petunya-beach-resortta-resepsiyon-hatti-cevapsiz-misafir-memnuniyeti-tehlikede,BOD130,Petunya Beach Resort,Ortakent-Yahşi,False,2026-07-11 10:55:00,3.7,2687,PAYMENT_REFUND,False,
petunya-beach-resortta-resepsiyon-hatti-cevapsiz-misafir-memnuniyeti-tehlikede,BOD130,Petunya Beach Resort,Ortakent-Yahşi,False,2026-07-11 10:55:00,3.7,2687,PRICE_VALUE,False,
petunya-beach-resortta-resepsiyon-hatti-cevapsiz-misafir-memnuniyeti-tehlikede,BOD130,Petunya Beach Resort,Ortakent-Yahşi,False,2026-07-11 10:55:00,3.7,2687,CHECKIN_CHECKOUT,False,
petunya-beach-resortta-resepsiyon-hatti-cevapsiz-misafir-memnuniyeti-tehlikede,BOD130,Petunya Beach Resort,Ortakent-Yahşi,False,2026-07-11 10:55:00,3.7,2687,AIR_CONDITIONING,False,
petunya-beach-resortta-resepsiyon-hatti-cevapsiz-misafir-memnuniyeti-tehlikede,BOD130,Petunya Beach Resort,Ortakent-Yahşi,False,2026-07-11 10:55:00,3.7,2687,NOISE,False,
petunya-beach-resortta-resepsiyon-hatti-cevapsiz-misafir-memnuniyeti-tehlikede,BOD130,Petunya Beach Resort,Ortakent-Yahşi,False,2026-07-11 10:55:00,3.7,2687,FAMILY_CHILDREN,False,
petunya-beach-resortta-resepsiyon-hatti-cevapsiz-misafir-memnuniyeti-tehlikede,BOD130,Petunya Beach Resort,Ortakent-Yahşi,False,2026-07-11 10:55:00,3.7,2687,TRANSPORT_TRANSFER,False,
petunya-beach-resortta-resepsiyon-hatti-cevapsiz-misafir-memnuniyeti-tehlikede,BOD130,Petunya Beach Resort,Ortakent-Yahşi,False,2026-07-11 10:55:00,3.7,2687,MANAGEMENT_COMMUNICATION,True,yönetim|telefon
petunya-beach-resortta-resepsiyon-hatti-cevapsiz-misafir-memnuniyeti-tehlikede,BOD130,Petunya Beach Resort,Ortakent-Yahşi,False,2026-07-11 10:55:00,3.7,2687,SPA_WELLNESS,False,
petunya-beach-resortta-resepsiyon-hatti-cevapsiz-misafir-memnuniyeti-tehlikede,BOD130,Petunya Beach Resort,Ortakent-Yahşi,False,2026-07-11 10:55:00,3.7,2687,SAFETY_SECURITY,False,
bodrum-petunyada-sozlesmesiz-odeme-ve-28-gun-bekleyen-iade-guvenimi-sarsiyor,BOD130,Petunya Beach Resort,Ortakent-Yahşi,False,,3.7,2687,STAFF_SERVICE,True,görevli
bodrum-petunyada-sozlesmesiz-odeme-ve-28-gun-bekleyen-iade-guvenimi-sarsiyor,BOD130,Petunya Beach Resort,Ortakent-Yahşi,False,,3.7,2687,CLEANLINESS_HYGIENE,False,
bodrum-petunyada-sozlesmesiz-odeme-ve-28-gun-bekleyen-iade-guvenimi-sarsiyor,BOD130,Petunya Beach Resort,Ortakent-Yahşi,False,,3.7,2687,FOOD_BEVERAGE,False,
bodrum-petunyada-sozlesmesiz-odeme-ve-28-gun-bekleyen-iade-guvenimi-sarsiyor,BOD130,Petunya Beach Resort,Ortakent-Yahşi,False,,3.7,2687,ROOM,False,
bodrum-petunyada-sozlesmesiz-odeme-ve-28-gun-bekleyen-iade-guvenimi-sarsiyor,BOD130,Petunya Beach Resort,Ortakent-Yahşi,False,,3.7,2687,BEACH_SEA,False,
bodrum-petunyada-sozlesmesiz-odeme-ve-28-gun-bekleyen-iade-guvenimi-sarsiyor,BOD130,Petunya Beach Resort,Ortakent-Yahşi,False,,3.7,2687,POOL,False,
bodrum-petunyada-sozlesmesiz-odeme-ve-28-gun-bekleyen-iade-guvenimi-sarsiyor,BOD130,Petunya Beach Resort,Ortakent-Yahşi,False,,3.7,2687,FACILITIES_MAINTENANCE,False,
bodrum-petunyada-sozlesmesiz-odeme-ve-28-gun-bekleyen-iade-guvenimi-sarsiyor,BOD130,Petunya Beach Resort,Ortakent-Yahşi,False,,3.7,2687,RESERVATION,True,rezervasyon|iptal
bodrum-petunyada-sozlesmesiz-odeme-ve-28-gun-bekleyen-iade-guvenimi-sarsiyor,BOD130,Petunya Beach Resort,Ortakent-Yahşi,False,,3.7,2687,PAYMENT_REFUND,True,ödeme|iade|para
bodrum-petunyada-sozlesmesiz-odeme-ve-28-gun-bekleyen-iade-guvenimi-sarsiyor,BOD130,Petunya Beach Resort,Ortakent-Yahşi,False,,3.7,2687,PRICE_VALUE,True,ücret
bodrum-petunyada-sozlesmesiz-odeme-ve-28-gun-bekleyen-iade-guvenimi-sarsiyor,BOD130,Petunya Beach Resort,Ortakent-Yahşi,False,,3.7,2687,CHECKIN_CHECKOUT,False,
bodrum-petunyada-sozlesmesiz-odeme-ve-28-gun-bekleyen-iade-guvenimi-sarsiyor,BOD130,Petunya Beach Resort,Ortakent-Yahşi,False,,3.7,2687,AIR_CONDITIONING,False,
bodrum-petunyada-sozlesmesiz-odeme-ve-28-gun-bekleyen-iade-guvenimi-sarsiyor,BOD130,Petunya Beach Resort,Ortakent-Yahşi,False,,3.7,2687,NOISE,False,
bodrum-petunyada-sozlesmesiz-odeme-ve-28-gun-bekleyen-iade-guvenimi-sarsiyor,BOD130,Petunya Beach Resort,Ortakent-Yahşi,False,,3.7,2687,FAMILY_CHILDREN,False,
bodrum-petunyada-sozlesmesiz-odeme-ve-28-gun-bekleyen-iade-guvenimi-sarsiyor,BOD130,Petunya Beach Resort,Ortakent-Yahşi,False,,3.7,2687,TRANSPORT_TRANSFER,False,
bodrum-petunyada-sozlesmesiz-odeme-ve-28-gun-bekleyen-iade-guvenimi-sarsiyor,BOD130,Petunya Beach Resort,Ortakent-Yahşi,False,,3.7,2687,MANAGEMENT_COMMUNICATION,True,bilgilendirme|yetkili
bodrum-petunyada-sozlesmesiz-odeme-ve-28-gun-bekleyen-iade-guvenimi-sarsiyor,BOD130,Petunya Beach Resort,Ortakent-Yahşi,False,,3.7,2687,SPA_WELLNESS,False,
bodrum-petunyada-sozlesmesiz-odeme-ve-28-gun-bekleyen-iade-guvenimi-sarsiyor,BOD130,Petunya Beach Resort,Ortakent-Yahşi,False,,3.7,2687,SAFETY_SECURITY,False,
petunya-otelde-hijyen-sorunlari-ve-kirli-bardaklar,BOD130,Petunya Beach Resort,Ortakent-Yahşi,False,2026-06-10 21:12:00,3.7,2687,STAFF_SERVICE,True,çalışan|garson|hizmet|servis
petunya-otelde-hijyen-sorunlari-ve-kirli-bardaklar,BOD130,Petunya Beach Resort,Ortakent-Yahşi,False,2026-06-10 21:12:00,3.7,2687,CLEANLINESS_HYGIENE,True,hijyen|temiz|kirli|leke
petunya-otelde-hijyen-sorunlari-ve-kirli-bardaklar,BOD130,Petunya Beach Resort,Ortakent-Yahşi,False,2026-06-10 21:12:00,3.7,2687,FOOD_BEVERAGE,True,restoran|yemek
petunya-otelde-hijyen-sorunlari-ve-kirli-bardaklar,BOD130,Petunya Beach Resort,Ortakent-Yahşi,False,2026-06-10 21:12:00,3.7,2687,ROOM,True,oda
petunya-otelde-hijyen-sorunlari-ve-kirli-bardaklar,BOD130,Petunya Beach Resort,Ortakent-Yahşi,False,2026-06-10 21:12:00,3.7,2687,BEACH_SEA,False,
petunya-otelde-hijyen-sorunlari-ve-kirli-bardaklar,BOD130,Petunya Beach Resort,Ortakent-Yahşi,False,2026-06-10 21:12:00,3.7,2687,POOL,False,
petunya-otelde-hijyen-sorunlari-ve-kirli-bardaklar,BOD130,Petunya Beach Resort,Ortakent-Yahşi,False,2026-06-10 21:12:00,3.7,2687,FACILITIES_MAINTENANCE,True,kırık
petunya-otelde-hijyen-sorunlari-ve-kirli-bardaklar,BOD130,Petunya Beach Resort,Ortakent-Yahşi,False,2026-06-10 21:12:00,3.7,2687,RESERVATION,False,
petunya-otelde-hijyen-sorunlari-ve-kirli-bardaklar,BOD130,Petunya Beach Resort,Ortakent-Yahşi,False,2026-06-10 21:12:00,3.7,2687,PAYMENT_REFUND,False,
petunya-otelde-hijyen-sorunlari-ve-kirli-bardaklar,BOD130,Petunya Beach Resort,Ortakent-Yahşi,False,2026-06-10 21:12:00,3.7,2687,PRICE_VALUE,True,ödediğimiz|ücret
petunya-otelde-hijyen-sorunlari-ve-kirli-bardaklar,BOD130,Petunya Beach Resort,Ortakent-Yahşi,False,2026-06-10 21:12:00,3.7,2687,CHECKIN_CHECKOUT,False,
petunya-otelde-hijyen-sorunlari-ve-kirli-bardaklar,BOD130,Petunya Beach Resort,Ortakent-Yahşi,False,2026-06-10 21:12:00,3.7,2687,AIR_CONDITIONING,False,
petunya-otelde-hijyen-sorunlari-ve-kirli-bardaklar,BOD130,Petunya Beach Resort,Ortakent-Yahşi,False,2026-06-10 21:12:00,3.7,2687,NOISE,False,
petunya-otelde-hijyen-sorunlari-ve-kirli-bardaklar,BOD130,Petunya Beach Resort,Ortakent-Yahşi,False,2026-06-10 21:12:00,3.7,2687,FAMILY_CHILDREN,False,
petunya-otelde-hijyen-sorunlari-ve-kirli-bardaklar,BOD130,Petunya Beach Resort,Ortakent-Yahşi,False,2026-06-10 21:12:00,3.7,2687,TRANSPORT_TRANSFER,False,
petunya-otelde-hijyen-sorunlari-ve-kirli-bardaklar,BOD130,Petunya Beach Resort,Ortakent-Yahşi,False,2026-06-10 21:12:00,3.7,2687,MANAGEMENT_COMMUNICATION,True,yönetim|yetkili
petunya-otelde-hijyen-sorunlari-ve-kirli-bardaklar,BOD130,Petunya Beach Resort,Ortakent-Yahşi,False,2026-06-10 21:12:00,3.7,2687,SPA_WELLNESS,False,
petunya-otelde-hijyen-sorunlari-ve-kirli-bardaklar,BOD130,Petunya Beach Resort,Ortakent-Yahşi,False,2026-06-10 21:12:00,3.7,2687,SAFETY_SECURITY,True,güvenli
bodrum-petunya-beach-otel-sikayeti,BOD130,Petunya Beach Resort,Ortakent-Yahşi,False,,3.7,2687,STAFF_SERVICE,False,
bodrum-petunya-beach-otel-sikayeti,BOD130,Petunya Beach Resort,Ortakent-Yahşi,False,,3.7,2687,CLEANLINESS_HYGIENE,True,hijyen|çarşaf|havlu|koku
bodrum-petunya-beach-otel-sikayeti,BOD130,Petunya Beach Resort,Ortakent-Yahşi,False,,3.7,2687,FOOD_BEVERAGE,True,yemek
bodrum-petunya-beach-otel-sikayeti,BOD130,Petunya Beach Resort,Ortakent-Yahşi,False,,3.7,2687,ROOM,True,tuvalet|balkon|oda
bodrum-petunya-beach-otel-sikayeti,BOD130,Petunya Beach Resort,Ortakent-Yahşi,False,,3.7,2687,BEACH_SEA,False,
bodrum-petunya-beach-otel-sikayeti,BOD130,Petunya Beach Resort,Ortakent-Yahşi,False,,3.7,2687,POOL,False,
bodrum-petunya-beach-otel-sikayeti,BOD130,Petunya Beach Resort,Ortakent-Yahşi,False,,3.7,2687,FACILITIES_MAINTENANCE,True,kırık
bodrum-petunya-beach-otel-sikayeti,BOD130,Petunya Beach Resort,Ortakent-Yahşi,False,,3.7,2687,RESERVATION,False,
bodrum-petunya-beach-otel-sikayeti,BOD130,Petunya Beach Resort,Ortakent-Yahşi,False,,3.7,2687,PAYMENT_REFUND,True,tutar|iade
bodrum-petunya-beach-otel-sikayeti,BOD130,Petunya Beach Resort,Ortakent-Yahşi,False,,3.7,2687,PRICE_VALUE,True,ödediğimiz|ücret
bodrum-petunya-beach-otel-sikayeti,BOD130,Petunya Beach Resort,Ortakent-Yahşi,False,,3.7,2687,CHECKIN_CHECKOUT,False,
bodrum-petunya-beach-otel-sikayeti,BOD130,Petunya Beach Resort,Ortakent-Yahşi,False,,3.7,2687,AIR_CONDITIONING,False,
bodrum-petunya-beach-otel-sikayeti,BOD130,Petunya Beach Resort,Ortakent-Yahşi,False,,3.7,2687,NOISE,False,
bodrum-petunya-beach-otel-sikayeti,BOD130,Petunya Beach Resort,Ortakent-Yahşi,False,,3.7,2687,FAMILY_CHILDREN,False,
bodrum-petunya-beach-otel-sikayeti,BOD130,Petunya Beach Resort,Ortakent-Yahşi,False,,3.7,2687,TRANSPORT_TRANSFER,False,
bodrum-petunya-beach-otel-sikayeti,BOD130,Petunya Beach Resort,Ortakent-Yahşi,False,,3.7,2687,MANAGEMENT_COMMUNICATION,True,çözüm sunulmadı|yönetim|yetkili
bodrum-petunya-beach-otel-sikayeti,BOD130,Petunya Beach Resort,Ortakent-Yahşi,False,,3.7,2687,SPA_WELLNESS,False,
bodrum-petunya-beach-otel-sikayeti,BOD130,Petunya Beach Resort,Ortakent-Yahşi,False,,3.7,2687,SAFETY_SECURITY,False,
otel-temsilcisinin-ilgisizligi-tatil-deneyimimizi-olumsuz-etkiledi,BOD130,Petunya Beach Resort,Ortakent-Yahşi,False,2025-08-05 09:58:00,3.7,2687,STAFF_SERVICE,True,ilgisiz
otel-temsilcisinin-ilgisizligi-tatil-deneyimimizi-olumsuz-etkiledi,BOD130,Petunya Beach Resort,Ortakent-Yahşi,False,2025-08-05 09:58:00,3.7,2687,CLEANLINESS_HYGIENE,False,
otel-temsilcisinin-ilgisizligi-tatil-deneyimimizi-olumsuz-etkiledi,BOD130,Petunya Beach Resort,Ortakent-Yahşi,False,2025-08-05 09:58:00,3.7,2687,FOOD_BEVERAGE,False,
otel-temsilcisinin-ilgisizligi-tatil-deneyimimizi-olumsuz-etkiledi,BOD130,Petunya Beach Resort,Ortakent-Yahşi,False,2025-08-05 09:58:00,3.7,2687,ROOM,False,
otel-temsilcisinin-ilgisizligi-tatil-deneyimimizi-olumsuz-etkiledi,BOD130,Petunya Beach Resort,Ortakent-Yahşi,False,2025-08-05 09:58:00,3.7,2687,BEACH_SEA,False,
otel-temsilcisinin-ilgisizligi-tatil-deneyimimizi-olumsuz-etkiledi,BOD130,Petunya Beach Resort,Ortakent-Yahşi,False,2025-08-05 09:58:00,3.7,2687,POOL,False,
otel-temsilcisinin-ilgisizligi-tatil-deneyimimizi-olumsuz-etkiledi,BOD130,Petunya Beach Resort,Ortakent-Yahşi,False,2025-08-05 09:58:00,3.7,2687,FACILITIES_MAINTENANCE,False,
otel-temsilcisinin-ilgisizligi-tatil-deneyimimizi-olumsuz-etkiledi,BOD130,Petunya Beach Resort,Ortakent-Yahşi,False,2025-08-05 09:58:00,3.7,2687,RESERVATION,False,
otel-temsilcisinin-ilgisizligi-tatil-deneyimimizi-olumsuz-etkiledi,BOD130,Petunya Beach Resort,Ortakent-Yahşi,False,2025-08-05 09:58:00,3.7,2687,PAYMENT_REFUND,False,
otel-temsilcisinin-ilgisizligi-tatil-deneyimimizi-olumsuz-etkiledi,BOD130,Petunya Beach Resort,Ortakent-Yahşi,False,2025-08-05 09:58:00,3.7,2687,PRICE_VALUE,False,
otel-temsilcisinin-ilgisizligi-tatil-deneyimimizi-olumsuz-etkiledi,BOD130,Petunya Beach Resort,Ortakent-Yahşi,False,2025-08-05 09:58:00,3.7,2687,CHECKIN_CHECKOUT,False,
otel-temsilcisinin-ilgisizligi-tatil-deneyimimizi-olumsuz-etkiledi,BOD130,Petunya Beach Resort,Ortakent-Yahşi,False,2025-08-05 09:58:00,3.7,2687,AIR_CONDITIONING,False,
otel-temsilcisinin-ilgisizligi-tatil-deneyimimizi-olumsuz-etkiledi,BOD130,Petunya Beach Resort,Ortakent-Yahşi,False,2025-08-05 09:58:00,3.7,2687,NOISE,False,
otel-temsilcisinin-ilgisizligi-tatil-deneyimimizi-olumsuz-etkiledi,BOD130,Petunya Beach Resort,Ortakent-Yahşi,False,2025-08-05 09:58:00,3.7,2687,FAMILY_CHILDREN,False,
otel-temsilcisinin-ilgisizligi-tatil-deneyimimizi-olumsuz-etkiledi,BOD130,Petunya Beach Resort,Ortakent-Yahşi,False,2025-08-05 09:58:00,3.7,2687,TRANSPORT_TRANSFER,False,
otel-temsilcisinin-ilgisizligi-tatil-deneyimimizi-olumsuz-etkiledi,BOD130,Petunya Beach Resort,Ortakent-Yahşi,False,2025-08-05 09:58:00,3.7,2687,MANAGEMENT_COMMUNICATION,True,bilgilendirme
otel-temsilcisinin-ilgisizligi-tatil-deneyimimizi-olumsuz-etkiledi,BOD130,Petunya Beach Resort,Ortakent-Yahşi,False,2025-08-05 09:58:00,3.7,2687,SPA_WELLNESS,False,
otel-temsilcisinin-ilgisizligi-tatil-deneyimimizi-olumsuz-etkiledi,BOD130,Petunya Beach Resort,Ortakent-Yahşi,False,2025-08-05 09:58:00,3.7,2687,SAFETY_SECURITY,False,
rezervasyon-iadesi-ve-saglik-kosullari-sorunu,BOD130,Petunya Beach Resort,Ortakent-Yahşi,False,2024-10-07 22:18:00,3.7,2687,STAFF_SERVICE,True,hizmet
rezervasyon-iadesi-ve-saglik-kosullari-sorunu,BOD130,Petunya Beach Resort,Ortakent-Yahşi,False,2024-10-07 22:18:00,3.7,2687,CLEANLINESS_HYGIENE,True,koku|pis
rezervasyon-iadesi-ve-saglik-kosullari-sorunu,BOD130,Petunya Beach Resort,Ortakent-Yahşi,False,2024-10-07 22:18:00,3.7,2687,FOOD_BEVERAGE,True,yemek|bar
rezervasyon-iadesi-ve-saglik-kosullari-sorunu,BOD130,Petunya Beach Resort,Ortakent-Yahşi,False,2024-10-07 22:18:00,3.7,2687,ROOM,True,oda
rezervasyon-iadesi-ve-saglik-kosullari-sorunu,BOD130,Petunya Beach Resort,Ortakent-Yahşi,False,2024-10-07 22:18:00,3.7,2687,BEACH_SEA,False,
rezervasyon-iadesi-ve-saglik-kosullari-sorunu,BOD130,Petunya Beach Resort,Ortakent-Yahşi,False,2024-10-07 22:18:00,3.7,2687,POOL,False,
rezervasyon-iadesi-ve-saglik-kosullari-sorunu,BOD130,Petunya Beach Resort,Ortakent-Yahşi,False,2024-10-07 22:18:00,3.7,2687,FACILITIES_MAINTENANCE,False,
rezervasyon-iadesi-ve-saglik-kosullari-sorunu,BOD130,Petunya Beach Resort,Ortakent-Yahşi,False,2024-10-07 22:18:00,3.7,2687,RESERVATION,True,rezervasyon|iptal
rezervasyon-iadesi-ve-saglik-kosullari-sorunu,BOD130,Petunya Beach Resort,Ortakent-Yahşi,False,2024-10-07 22:18:00,3.7,2687,PAYMENT_REFUND,True,tahsilat|fatura|ödeme|tutar|iade|para
rezervasyon-iadesi-ve-saglik-kosullari-sorunu,BOD130,Petunya Beach Resort,Ortakent-Yahşi,False,2024-10-07 22:18:00,3.7,2687,PRICE_VALUE,False,
rezervasyon-iadesi-ve-saglik-kosullari-sorunu,BOD130,Petunya Beach Resort,Ortakent-Yahşi,False,2024-10-07 22:18:00,3.7,2687,CHECKIN_CHECKOUT,False,
rezervasyon-iadesi-ve-saglik-kosullari-sorunu,BOD130,Petunya Beach Resort,Ortakent-Yahşi,False,2024-10-07 22:18:00,3.7,2687,AIR_CONDITIONING,False,
rezervasyon-iadesi-ve-saglik-kosullari-sorunu,BOD130,Petunya Beach Resort,Ortakent-Yahşi,False,2024-10-07 22:18:00,3.7,2687,NOISE,False,
rezervasyon-iadesi-ve-saglik-kosullari-sorunu,BOD130,Petunya Beach Resort,Ortakent-Yahşi,False,2024-10-07 22:18:00,3.7,2687,FAMILY_CHILDREN,False,
rezervasyon-iadesi-ve-saglik-kosullari-sorunu,BOD130,Petunya Beach Resort,Ortakent-Yahşi,False,2024-10-07 22:18:00,3.7,2687,TRANSPORT_TRANSFER,False,
rezervasyon-iadesi-ve-saglik-kosullari-sorunu,BOD130,Petunya Beach Resort,Ortakent-Yahşi,False,2024-10-07 22:18:00,3.7,2687,MANAGEMENT_COMMUNICATION,True,telefon|muhatap
rezervasyon-iadesi-ve-saglik-kosullari-sorunu,BOD130,Petunya Beach Resort,Ortakent-Yahşi,False,2024-10-07 22:18:00,3.7,2687,SPA_WELLNESS,False,
rezervasyon-iadesi-ve-saglik-kosullari-sorunu,BOD130,Petunya Beach Resort,Ortakent-Yahşi,False,2024-10-07 22:18:00,3.7,2687,SAFETY_SECURITY,True,sağlık
petunya-beach-resort-hijyen-sorunlari-ve-iade-surecindeki-magduriyet,BOD130,Petunya Beach Resort,Ortakent-Yahşi,False,2024-09-28 21:59:00,3.7,2687,STAFF_SERVICE,True,hizmet|servis
petunya-beach-resort-hijyen-sorunlari-ve-iade-surecindeki-magduriyet,BOD130,Petunya Beach Resort,Ortakent-Yahşi,False,2024-09-28 21:59:00,3.7,2687,CLEANLINESS_HYGIENE,True,hijyen|kirli|pis
petunya-beach-resort-hijyen-sorunlari-ve-iade-surecindeki-magduriyet,BOD130,Petunya Beach Resort,Ortakent-Yahşi,False,2024-09-28 21:59:00,3.7,2687,FOOD_BEVERAGE,True,açık büfe|yemek|snack|çatal|büfe|bar
petunya-beach-resort-hijyen-sorunlari-ve-iade-surecindeki-magduriyet,BOD130,Petunya Beach Resort,Ortakent-Yahşi,False,2024-09-28 21:59:00,3.7,2687,ROOM,True,tuvalet|oda
petunya-beach-resort-hijyen-sorunlari-ve-iade-surecindeki-magduriyet,BOD130,Petunya Beach Resort,Ortakent-Yahşi,False,2024-09-28 21:59:00,3.7,2687,BEACH_SEA,False,
petunya-beach-resort-hijyen-sorunlari-ve-iade-surecindeki-magduriyet,BOD130,Petunya Beach Resort,Ortakent-Yahşi,False,2024-09-28 21:59:00,3.7,2687,POOL,False,
petunya-beach-resort-hijyen-sorunlari-ve-iade-surecindeki-magduriyet,BOD130,Petunya Beach Resort,Ortakent-Yahşi,False,2024-09-28 21:59:00,3.7,2687,FACILITIES_MAINTENANCE,False,
petunya-beach-resort-hijyen-sorunlari-ve-iade-surecindeki-magduriyet,BOD130,Petunya Beach Resort,Ortakent-Yahşi,False,2024-09-28 21:59:00,3.7,2687,RESERVATION,True,rezervasyon|iptal
petunya-beach-resort-hijyen-sorunlari-ve-iade-surecindeki-magduriyet,BOD130,Petunya Beach Resort,Ortakent-Yahşi,False,2024-09-28 21:59:00,3.7,2687,PAYMENT_REFUND,True,kesinti|ödeme|tutar|iade|para
petunya-beach-resort-hijyen-sorunlari-ve-iade-surecindeki-magduriyet,BOD130,Petunya Beach Resort,Ortakent-Yahşi,False,2024-09-28 21:59:00,3.7,2687,PRICE_VALUE,True,ücret
petunya-beach-resort-hijyen-sorunlari-ve-iade-surecindeki-magduriyet,BOD130,Petunya Beach Resort,Ortakent-Yahşi,False,2024-09-28 21:59:00,3.7,2687,CHECKIN_CHECKOUT,False,
petunya-beach-resort-hijyen-sorunlari-ve-iade-surecindeki-magduriyet,BOD130,Petunya Beach Resort,Ortakent-Yahşi,False,2024-09-28 21:59:00,3.7,2687,AIR_CONDITIONING,False,
petunya-beach-resort-hijyen-sorunlari-ve-iade-surecindeki-magduriyet,BOD130,Petunya Beach Resort,Ortakent-Yahşi,False,2024-09-28 21:59:00,3.7,2687,NOISE,False,
petunya-beach-resort-hijyen-sorunlari-ve-iade-surecindeki-magduriyet,BOD130,Petunya Beach Resort,Ortakent-Yahşi,False,2024-09-28 21:59:00,3.7,2687,FAMILY_CHILDREN,False,
petunya-beach-resort-hijyen-sorunlari-ve-iade-surecindeki-magduriyet,BOD130,Petunya Beach Resort,Ortakent-Yahşi,False,2024-09-28 21:59:00,3.7,2687,TRANSPORT_TRANSFER,False,
petunya-beach-resort-hijyen-sorunlari-ve-iade-surecindeki-magduriyet,BOD130,Petunya Beach Resort,Ortakent-Yahşi,False,2024-09-28 21:59:00,3.7,2687,MANAGEMENT_COMMUNICATION,True,müşteri hizmetleri|yetkili
petunya-beach-resort-hijyen-sorunlari-ve-iade-surecindeki-magduriyet,BOD130,Petunya Beach Resort,Ortakent-Yahşi,False,2024-09-28 21:59:00,3.7,2687,SPA_WELLNESS,False,
petunya-beach-resort-hijyen-sorunlari-ve-iade-surecindeki-magduriyet,BOD130,Petunya Beach Resort,Ortakent-Yahşi,False,2024-09-28 21:59:00,3.7,2687,SAFETY_SECURITY,False,
petunya-beach-resort-petunya-beach-bocek-istilasi-jolly-tur-ilgisizligi,BOD130,Petunya Beach Resort,Ortakent-Yahşi,False,2024-07-31 08:54:00,3.7,2687,STAFF_SERVICE,False,
petunya-beach-resort-petunya-beach-bocek-istilasi-jolly-tur-ilgisizligi,BOD130,Petunya Beach Resort,Ortakent-Yahşi,False,2024-07-31 08:54:00,3.7,2687,CLEANLINESS_HYGIENE,True,haşere|böcek
petunya-beach-resort-petunya-beach-bocek-istilasi-jolly-tur-ilgisizligi,BOD130,Petunya Beach Resort,Ortakent-Yahşi,False,2024-07-31 08:54:00,3.7,2687,FOOD_BEVERAGE,False,
petunya-beach-resort-petunya-beach-bocek-istilasi-jolly-tur-ilgisizligi,BOD130,Petunya Beach Resort,Ortakent-Yahşi,False,2024-07-31 08:54:00,3.7,2687,ROOM,True,oda değişikliği|oda
petunya-beach-resort-petunya-beach-bocek-istilasi-jolly-tur-ilgisizligi,BOD130,Petunya Beach Resort,Ortakent-Yahşi,False,2024-07-31 08:54:00,3.7,2687,BEACH_SEA,False,
petunya-beach-resort-petunya-beach-bocek-istilasi-jolly-tur-ilgisizligi,BOD130,Petunya Beach Resort,Ortakent-Yahşi,False,2024-07-31 08:54:00,3.7,2687,POOL,False,
petunya-beach-resort-petunya-beach-bocek-istilasi-jolly-tur-ilgisizligi,BOD130,Petunya Beach Resort,Ortakent-Yahşi,False,2024-07-31 08:54:00,3.7,2687,FACILITIES_MAINTENANCE,False,
petunya-beach-resort-petunya-beach-bocek-istilasi-jolly-tur-ilgisizligi,BOD130,Petunya Beach Resort,Ortakent-Yahşi,False,2024-07-31 08:54:00,3.7,2687,RESERVATION,True,rezervasyon
petunya-beach-resort-petunya-beach-bocek-istilasi-jolly-tur-ilgisizligi,BOD130,Petunya Beach Resort,Ortakent-Yahşi,False,2024-07-31 08:54:00,3.7,2687,PAYMENT_REFUND,True,ücret iadesi|iade
petunya-beach-resort-petunya-beach-bocek-istilasi-jolly-tur-ilgisizligi,BOD130,Petunya Beach Resort,Ortakent-Yahşi,False,2024-07-31 08:54:00,3.7,2687,PRICE_VALUE,True,ücret
petunya-beach-resort-petunya-beach-bocek-istilasi-jolly-tur-ilgisizligi,BOD130,Petunya Beach Resort,Ortakent-Yahşi,False,2024-07-31 08:54:00,3.7,2687,CHECKIN_CHECKOUT,False,
petunya-beach-resort-petunya-beach-bocek-istilasi-jolly-tur-ilgisizligi,BOD130,Petunya Beach Resort,Ortakent-Yahşi,False,2024-07-31 08:54:00,3.7,2687,AIR_CONDITIONING,False,
petunya-beach-resort-petunya-beach-bocek-istilasi-jolly-tur-ilgisizligi,BOD130,Petunya Beach Resort,Ortakent-Yahşi,False,2024-07-31 08:54:00,3.7,2687,NOISE,False,
petunya-beach-resort-petunya-beach-bocek-istilasi-jolly-tur-ilgisizligi,BOD130,Petunya Beach Resort,Ortakent-Yahşi,False,2024-07-31 08:54:00,3.7,2687,FAMILY_CHILDREN,False,
petunya-beach-resort-petunya-beach-bocek-istilasi-jolly-tur-ilgisizligi,BOD130,Petunya Beach Resort,Ortakent-Yahşi,False,2024-07-31 08:54:00,3.7,2687,TRANSPORT_TRANSFER,False,
petunya-beach-resort-petunya-beach-bocek-istilasi-jolly-tur-ilgisizligi,BOD130,Petunya Beach Resort,Ortakent-Yahşi,False,2024-07-31 08:54:00,3.7,2687,MANAGEMENT_COMMUNICATION,True,yetkili
petunya-beach-resort-petunya-beach-bocek-istilasi-jolly-tur-ilgisizligi,BOD130,Petunya Beach Resort,Ortakent-Yahşi,False,2024-07-31 08:54:00,3.7,2687,SPA_WELLNESS,True,hamam
petunya-beach-resort-petunya-beach-bocek-istilasi-jolly-tur-ilgisizligi,BOD130,Petunya Beach Resort,Ortakent-Yahşi,False,2024-07-31 08:54:00,3.7,2687,SAFETY_SECURITY,False,
petunya-beach-resort-fiyaskosu,BOD130,Petunya Beach Resort,Ortakent-Yahşi,False,2023-09-10 23:45:00,3.7,2687,STAFF_SERVICE,True,personel|saygısız
petunya-beach-resort-fiyaskosu,BOD130,Petunya Beach Resort,Ortakent-Yahşi,False,2023-09-10 23:45:00,3.7,2687,CLEANLINESS_HYGIENE,True,böcek
petunya-beach-resort-fiyaskosu,BOD130,Petunya Beach Resort,Ortakent-Yahşi,False,2023-09-10 23:45:00,3.7,2687,FOOD_BEVERAGE,True,yemek
petunya-beach-resort-fiyaskosu,BOD130,Petunya Beach Resort,Ortakent-Yahşi,False,2023-09-10 23:45:00,3.7,2687,ROOM,True,oda
petunya-beach-resort-fiyaskosu,BOD130,Petunya Beach Resort,Ortakent-Yahşi,False,2023-09-10 23:45:00,3.7,2687,BEACH_SEA,True,şezlong
petunya-beach-resort-fiyaskosu,BOD130,Petunya Beach Resort,Ortakent-Yahşi,False,2023-09-10 23:45:00,3.7,2687,POOL,False,
petunya-beach-resort-fiyaskosu,BOD130,Petunya Beach Resort,Ortakent-Yahşi,False,2023-09-10 23:45:00,3.7,2687,FACILITIES_MAINTENANCE,False,
petunya-beach-resort-fiyaskosu,BOD130,Petunya Beach Resort,Ortakent-Yahşi,False,2023-09-10 23:45:00,3.7,2687,RESERVATION,False,
petunya-beach-resort-fiyaskosu,BOD130,Petunya Beach Resort,Ortakent-Yahşi,False,2023-09-10 23:45:00,3.7,2687,PAYMENT_REFUND,False,
petunya-beach-resort-fiyaskosu,BOD130,Petunya Beach Resort,Ortakent-Yahşi,False,2023-09-10 23:45:00,3.7,2687,PRICE_VALUE,False,
petunya-beach-resort-fiyaskosu,BOD130,Petunya Beach Resort,Ortakent-Yahşi,False,2023-09-10 23:45:00,3.7,2687,CHECKIN_CHECKOUT,False,
petunya-beach-resort-fiyaskosu,BOD130,Petunya Beach Resort,Ortakent-Yahşi,False,2023-09-10 23:45:00,3.7,2687,AIR_CONDITIONING,False,
petunya-beach-resort-fiyaskosu,BOD130,Petunya Beach Resort,Ortakent-Yahşi,False,2023-09-10 23:45:00,3.7,2687,NOISE,False,
petunya-beach-resort-fiyaskosu,BOD130,Petunya Beach Resort,Ortakent-Yahşi,False,2023-09-10 23:45:00,3.7,2687,FAMILY_CHILDREN,False,
petunya-beach-resort-fiyaskosu,BOD130,Petunya Beach Resort,Ortakent-Yahşi,False,2023-09-10 23:45:00,3.7,2687,TRANSPORT_TRANSFER,False,
petunya-beach-resort-fiyaskosu,BOD130,Petunya Beach Resort,Ortakent-Yahşi,False,2023-09-10 23:45:00,3.7,2687,MANAGEMENT_COMMUNICATION,False,
petunya-beach-resort-fiyaskosu,BOD130,Petunya Beach Resort,Ortakent-Yahşi,False,2023-09-10 23:45:00,3.7,2687,SPA_WELLNESS,False,
petunya-beach-resort-fiyaskosu,BOD130,Petunya Beach Resort,Ortakent-Yahşi,False,2023-09-10 23:45:00,3.7,2687,SAFETY_SECURITY,False,
kotu-oda-kosullari-ve-resepsiyonun-umursamaz-tavri,BOD045,Salmakis Resort & Spa,Bodrum Merkez,False,2026-08-10 23:14:00,4.2,2681,STAFF_SERVICE,True,görevli|ilgisiz|kaba
kotu-oda-kosullari-ve-resepsiyonun-umursamaz-tavri,BOD045,Salmakis Resort & Spa,Bodrum Merkez,False,2026-08-10 23:14:00,4.2,2681,CLEANLINESS_HYGIENE,True,koku
kotu-oda-kosullari-ve-resepsiyonun-umursamaz-tavri,BOD045,Salmakis Resort & Spa,Bodrum Merkez,False,2026-08-10 23:14:00,4.2,2681,FOOD_BEVERAGE,True,yemek
kotu-oda-kosullari-ve-resepsiyonun-umursamaz-tavri,BOD045,Salmakis Resort & Spa,Bodrum Merkez,False,2026-08-10 23:14:00,4.2,2681,ROOM,True,oda
kotu-oda-kosullari-ve-resepsiyonun-umursamaz-tavri,BOD045,Salmakis Resort & Spa,Bodrum Merkez,False,2026-08-10 23:14:00,4.2,2681,BEACH_SEA,False,
kotu-oda-kosullari-ve-resepsiyonun-umursamaz-tavri,BOD045,Salmakis Resort & Spa,Bodrum Merkez,False,2026-08-10 23:14:00,4.2,2681,POOL,False,
kotu-oda-kosullari-ve-resepsiyonun-umursamaz-tavri,BOD045,Salmakis Resort & Spa,Bodrum Merkez,False,2026-08-10 23:14:00,4.2,2681,FACILITIES_MAINTENANCE,True,arızalı|bozuk
kotu-oda-kosullari-ve-resepsiyonun-umursamaz-tavri,BOD045,Salmakis Resort & Spa,Bodrum Merkez,False,2026-08-10 23:14:00,4.2,2681,RESERVATION,False,
kotu-oda-kosullari-ve-resepsiyonun-umursamaz-tavri,BOD045,Salmakis Resort & Spa,Bodrum Merkez,False,2026-08-10 23:14:00,4.2,2681,PAYMENT_REFUND,True,iade
kotu-oda-kosullari-ve-resepsiyonun-umursamaz-tavri,BOD045,Salmakis Resort & Spa,Bodrum Merkez,False,2026-08-10 23:14:00,4.2,2681,PRICE_VALUE,True,karşılığını|değer|ücret
kotu-oda-kosullari-ve-resepsiyonun-umursamaz-tavri,BOD045,Salmakis Resort & Spa,Bodrum Merkez,False,2026-08-10 23:14:00,4.2,2681,CHECKIN_CHECKOUT,False,
kotu-oda-kosullari-ve-resepsiyonun-umursamaz-tavri,BOD045,Salmakis Resort & Spa,Bodrum Merkez,False,2026-08-10 23:14:00,4.2,2681,AIR_CONDITIONING,True,soğutmuyor|klima
kotu-oda-kosullari-ve-resepsiyonun-umursamaz-tavri,BOD045,Salmakis Resort & Spa,Bodrum Merkez,False,2026-08-10 23:14:00,4.2,2681,NOISE,False,
kotu-oda-kosullari-ve-resepsiyonun-umursamaz-tavri,BOD045,Salmakis Resort & Spa,Bodrum Merkez,False,2026-08-10 23:14:00,4.2,2681,FAMILY_CHILDREN,False,
kotu-oda-kosullari-ve-resepsiyonun-umursamaz-tavri,BOD045,Salmakis Resort & Spa,Bodrum Merkez,False,2026-08-10 23:14:00,4.2,2681,TRANSPORT_TRANSFER,False,
kotu-oda-kosullari-ve-resepsiyonun-umursamaz-tavri,BOD045,Salmakis Resort & Spa,Bodrum Merkez,False,2026-08-10 23:14:00,4.2,2681,MANAGEMENT_COMMUNICATION,False,
kotu-oda-kosullari-ve-resepsiyonun-umursamaz-tavri,BOD045,Salmakis Resort & Spa,Bodrum Merkez,False,2026-08-10 23:14:00,4.2,2681,SPA_WELLNESS,True,spa
kotu-oda-kosullari-ve-resepsiyonun-umursamaz-tavri,BOD045,Salmakis Resort & Spa,Bodrum Merkez,False,2026-08-10 23:14:00,4.2,2681,SAFETY_SECURITY,False,
salmakis-resort-spa-dusakabin-cami-patlamasi,BOD045,Salmakis Resort & Spa,Bodrum Merkez,False,2026-08-08 23:37:00,4.2,2681,STAFF_SERVICE,True,görevli
salmakis-resort-spa-dusakabin-cami-patlamasi,BOD045,Salmakis Resort & Spa,Bodrum Merkez,False,2026-08-08 23:37:00,4.2,2681,CLEANLINESS_HYGIENE,False,
salmakis-resort-spa-dusakabin-cami-patlamasi,BOD045,Salmakis Resort & Spa,Bodrum Merkez,False,2026-08-08 23:37:00,4.2,2681,FOOD_BEVERAGE,False,
salmakis-resort-spa-dusakabin-cami-patlamasi,BOD045,Salmakis Resort & Spa,Bodrum Merkez,False,2026-08-08 23:37:00,4.2,2681,ROOM,True,banyo|oda
salmakis-resort-spa-dusakabin-cami-patlamasi,BOD045,Salmakis Resort & Spa,Bodrum Merkez,False,2026-08-08 23:37:00,4.2,2681,BEACH_SEA,False,
salmakis-resort-spa-dusakabin-cami-patlamasi,BOD045,Salmakis Resort & Spa,Bodrum Merkez,False,2026-08-08 23:37:00,4.2,2681,POOL,False,
salmakis-resort-spa-dusakabin-cami-patlamasi,BOD045,Salmakis Resort & Spa,Bodrum Merkez,False,2026-08-08 23:37:00,4.2,2681,FACILITIES_MAINTENANCE,True,bakımsız|bakım|kapı
salmakis-resort-spa-dusakabin-cami-patlamasi,BOD045,Salmakis Resort & Spa,Bodrum Merkez,False,2026-08-08 23:37:00,4.2,2681,RESERVATION,False,
salmakis-resort-spa-dusakabin-cami-patlamasi,BOD045,Salmakis Resort & Spa,Bodrum Merkez,False,2026-08-08 23:37:00,4.2,2681,PAYMENT_REFUND,True,iade
salmakis-resort-spa-dusakabin-cami-patlamasi,BOD045,Salmakis Resort & Spa,Bodrum Merkez,False,2026-08-08 23:37:00,4.2,2681,PRICE_VALUE,False,
salmakis-resort-spa-dusakabin-cami-patlamasi,BOD045,Salmakis Resort & Spa,Bodrum Merkez,False,2026-08-08 23:37:00,4.2,2681,CHECKIN_CHECKOUT,False,
salmakis-resort-spa-dusakabin-cami-patlamasi,BOD045,Salmakis Resort & Spa,Bodrum Merkez,False,2026-08-08 23:37:00,4.2,2681,AIR_CONDITIONING,False,
salmakis-resort-spa-dusakabin-cami-patlamasi,BOD045,Salmakis Resort & Spa,Bodrum Merkez,False,2026-08-08 23:37:00,4.2,2681,NOISE,False,
salmakis-resort-spa-dusakabin-cami-patlamasi,BOD045,Salmakis Resort & Spa,Bodrum Merkez,False,2026-08-08 23:37:00,4.2,2681,FAMILY_CHILDREN,False,
salmakis-resort-spa-dusakabin-cami-patlamasi,BOD045,Salmakis Resort & Spa,Bodrum Merkez,False,2026-08-08 23:37:00,4.2,2681,TRANSPORT_TRANSFER,False,
salmakis-resort-spa-dusakabin-cami-patlamasi,BOD045,Salmakis Resort & Spa,Bodrum Merkez,False,2026-08-08 23:37:00,4.2,2681,MANAGEMENT_COMMUNICATION,True,iletişim|yönetim
salmakis-resort-spa-dusakabin-cami-patlamasi,BOD045,Salmakis Resort & Spa,Bodrum Merkez,False,2026-08-08 23:37:00,4.2,2681,SPA_WELLNESS,True,spa
salmakis-resort-spa-dusakabin-cami-patlamasi,BOD045,Salmakis Resort & Spa,Bodrum Merkez,False,2026-08-08 23:37:00,4.2,2681,SAFETY_SECURITY,True,güvenlik|güvenli|sağlık|doktor|kaza
salmakis-resort-spa-hem-hizmetten-hem-de-otelden-son-derece-memnuniyetsiz-ayrildim,BOD045,Salmakis Resort & Spa,Bodrum Merkez,False,2026-08-06 10:59:00,4.2,2681,STAFF_SERVICE,True,personel|hizmet
salmakis-resort-spa-hem-hizmetten-hem-de-otelden-son-derece-memnuniyetsiz-ayrildim,BOD045,Salmakis Resort & Spa,Bodrum Merkez,False,2026-08-06 10:59:00,4.2,2681,CLEANLINESS_HYGIENE,False,
salmakis-resort-spa-hem-hizmetten-hem-de-otelden-son-derece-memnuniyetsiz-ayrildim,BOD045,Salmakis Resort & Spa,Bodrum Merkez,False,2026-08-06 10:59:00,4.2,2681,FOOD_BEVERAGE,True,her şey dahil|lezzet|yemek
salmakis-resort-spa-hem-hizmetten-hem-de-otelden-son-derece-memnuniyetsiz-ayrildim,BOD045,Salmakis Resort & Spa,Bodrum Merkez,False,2026-08-06 10:59:00,4.2,2681,ROOM,True,oda
salmakis-resort-spa-hem-hizmetten-hem-de-otelden-son-derece-memnuniyetsiz-ayrildim,BOD045,Salmakis Resort & Spa,Bodrum Merkez,False,2026-08-06 10:59:00,4.2,2681,BEACH_SEA,False,
salmakis-resort-spa-hem-hizmetten-hem-de-otelden-son-derece-memnuniyetsiz-ayrildim,BOD045,Salmakis Resort & Spa,Bodrum Merkez,False,2026-08-06 10:59:00,4.2,2681,POOL,False,
salmakis-resort-spa-hem-hizmetten-hem-de-otelden-son-derece-memnuniyetsiz-ayrildim,BOD045,Salmakis Resort & Spa,Bodrum Merkez,False,2026-08-06 10:59:00,4.2,2681,FACILITIES_MAINTENANCE,True,elektrik
salmakis-resort-spa-hem-hizmetten-hem-de-otelden-son-derece-memnuniyetsiz-ayrildim,BOD045,Salmakis Resort & Spa,Bodrum Merkez,False,2026-08-06 10:59:00,4.2,2681,RESERVATION,False,
salmakis-resort-spa-hem-hizmetten-hem-de-otelden-son-derece-memnuniyetsiz-ayrildim,BOD045,Salmakis Resort & Spa,Bodrum Merkez,False,2026-08-06 10:59:00,4.2,2681,PAYMENT_REFUND,False,
salmakis-resort-spa-hem-hizmetten-hem-de-otelden-son-derece-memnuniyetsiz-ayrildim,BOD045,Salmakis Resort & Spa,Bodrum Merkez,False,2026-08-06 10:59:00,4.2,2681,PRICE_VALUE,False,
salmakis-resort-spa-hem-hizmetten-hem-de-otelden-son-derece-memnuniyetsiz-ayrildim,BOD045,Salmakis Resort & Spa,Bodrum Merkez,False,2026-08-06 10:59:00,4.2,2681,CHECKIN_CHECKOUT,False,
salmakis-resort-spa-hem-hizmetten-hem-de-otelden-son-derece-memnuniyetsiz-ayrildim,BOD045,Salmakis Resort & Spa,Bodrum Merkez,False,2026-08-06 10:59:00,4.2,2681,AIR_CONDITIONING,False,
salmakis-resort-spa-hem-hizmetten-hem-de-otelden-son-derece-memnuniyetsiz-ayrildim,BOD045,Salmakis Resort & Spa,Bodrum Merkez,False,2026-08-06 10:59:00,4.2,2681,NOISE,False,
salmakis-resort-spa-hem-hizmetten-hem-de-otelden-son-derece-memnuniyetsiz-ayrildim,BOD045,Salmakis Resort & Spa,Bodrum Merkez,False,2026-08-06 10:59:00,4.2,2681,FAMILY_CHILDREN,False,
salmakis-resort-spa-hem-hizmetten-hem-de-otelden-son-derece-memnuniyetsiz-ayrildim,BOD045,Salmakis Resort & Spa,Bodrum Merkez,False,2026-08-06 10:59:00,4.2,2681,TRANSPORT_TRANSFER,False,
salmakis-resort-spa-hem-hizmetten-hem-de-otelden-son-derece-memnuniyetsiz-ayrildim,BOD045,Salmakis Resort & Spa,Bodrum Merkez,False,2026-08-06 10:59:00,4.2,2681,MANAGEMENT_COMMUNICATION,False,
salmakis-resort-spa-hem-hizmetten-hem-de-otelden-son-derece-memnuniyetsiz-ayrildim,BOD045,Salmakis Resort & Spa,Bodrum Merkez,False,2026-08-06 10:59:00,4.2,2681,SPA_WELLNESS,False,
salmakis-resort-spa-hem-hizmetten-hem-de-otelden-son-derece-memnuniyetsiz-ayrildim,BOD045,Salmakis Resort & Spa,Bodrum Merkez,False,2026-08-06 10:59:00,4.2,2681,SAFETY_SECURITY,False,
salmakis-resort-spa-son-derece-kotu-bir-deneyim-yasadik,BOD045,Salmakis Resort & Spa,Bodrum Merkez,False,2026-07-20 11:51:00,4.2,2681,STAFF_SERVICE,True,personel|çalışan|hizmet
salmakis-resort-spa-son-derece-kotu-bir-deneyim-yasadik,BOD045,Salmakis Resort & Spa,Bodrum Merkez,False,2026-07-20 11:51:00,4.2,2681,CLEANLINESS_HYGIENE,True,oda temizliği|temizlik|hijyen|temiz
salmakis-resort-spa-son-derece-kotu-bir-deneyim-yasadik,BOD045,Salmakis Resort & Spa,Bodrum Merkez,False,2026-07-20 11:51:00,4.2,2681,FOOD_BEVERAGE,True,her şey dahil|restoran|lezzet|mutfak|yemek|tabak
salmakis-resort-spa-son-derece-kotu-bir-deneyim-yasadik,BOD045,Salmakis Resort & Spa,Bodrum Merkez,False,2026-07-20 11:51:00,4.2,2681,ROOM,True,yatak|oda
salmakis-resort-spa-son-derece-kotu-bir-deneyim-yasadik,BOD045,Salmakis Resort & Spa,Bodrum Merkez,False,2026-07-20 11:51:00,4.2,2681,BEACH_SEA,True,şezlong|deniz|plaj
salmakis-resort-spa-son-derece-kotu-bir-deneyim-yasadik,BOD045,Salmakis Resort & Spa,Bodrum Merkez,False,2026-07-20 11:51:00,4.2,2681,POOL,True,havuz
salmakis-resort-spa-son-derece-kotu-bir-deneyim-yasadik,BOD045,Salmakis Resort & Spa,Bodrum Merkez,False,2026-07-20 11:51:00,4.2,2681,FACILITIES_MAINTENANCE,True,kırık
salmakis-resort-spa-son-derece-kotu-bir-deneyim-yasadik,BOD045,Salmakis Resort & Spa,Bodrum Merkez,False,2026-07-20 11:51:00,4.2,2681,RESERVATION,False,
salmakis-resort-spa-son-derece-kotu-bir-deneyim-yasadik,BOD045,Salmakis Resort & Spa,Bodrum Merkez,False,2026-07-20 11:51:00,4.2,2681,PAYMENT_REFUND,True,iade|para
salmakis-resort-spa-son-derece-kotu-bir-deneyim-yasadik,BOD045,Salmakis Resort & Spa,Bodrum Merkez,False,2026-07-20 11:51:00,4.2,2681,PRICE_VALUE,True,karşılığını|ödediğimiz
salmakis-resort-spa-son-derece-kotu-bir-deneyim-yasadik,BOD045,Salmakis Resort & Spa,Bodrum Merkez,False,2026-07-20 11:51:00,4.2,2681,CHECKIN_CHECKOUT,False,
salmakis-resort-spa-son-derece-kotu-bir-deneyim-yasadik,BOD045,Salmakis Resort & Spa,Bodrum Merkez,False,2026-07-20 11:51:00,4.2,2681,AIR_CONDITIONING,False,
salmakis-resort-spa-son-derece-kotu-bir-deneyim-yasadik,BOD045,Salmakis Resort & Spa,Bodrum Merkez,False,2026-07-20 11:51:00,4.2,2681,NOISE,False,
salmakis-resort-spa-son-derece-kotu-bir-deneyim-yasadik,BOD045,Salmakis Resort & Spa,Bodrum Merkez,False,2026-07-20 11:51:00,4.2,2681,FAMILY_CHILDREN,False,
salmakis-resort-spa-son-derece-kotu-bir-deneyim-yasadik,BOD045,Salmakis Resort & Spa,Bodrum Merkez,False,2026-07-20 11:51:00,4.2,2681,TRANSPORT_TRANSFER,False,
salmakis-resort-spa-son-derece-kotu-bir-deneyim-yasadik,BOD045,Salmakis Resort & Spa,Bodrum Merkez,False,2026-07-20 11:51:00,4.2,2681,MANAGEMENT_COMMUNICATION,True,yönetim
salmakis-resort-spa-son-derece-kotu-bir-deneyim-yasadik,BOD045,Salmakis Resort & Spa,Bodrum Merkez,False,2026-07-20 11:51:00,4.2,2681,SPA_WELLNESS,False,
salmakis-resort-spa-son-derece-kotu-bir-deneyim-yasadik,BOD045,Salmakis Resort & Spa,Bodrum Merkez,False,2026-07-20 11:51:00,4.2,2681,SAFETY_SECURITY,False,
plaj-sezlonglari-zorla-bosaltildi-ve-misafir-ihmal-edildi,BOD045,Salmakis Resort & Spa,Bodrum Merkez,False,2026-07-19 14:04:00,4.2,2681,STAFF_SERVICE,True,personel|çalışan|hizmet
plaj-sezlonglari-zorla-bosaltildi-ve-misafir-ihmal-edildi,BOD045,Salmakis Resort & Spa,Bodrum Merkez,False,2026-07-19 14:04:00,4.2,2681,CLEANLINESS_HYGIENE,True,oda temizliği|temizlik|temiz
plaj-sezlonglari-zorla-bosaltildi-ve-misafir-ihmal-edildi,BOD045,Salmakis Resort & Spa,Bodrum Merkez,False,2026-07-19 14:04:00,4.2,2681,FOOD_BEVERAGE,True,her şey dahil|restoran|lezzet|mutfak|yemek|tabak
plaj-sezlonglari-zorla-bosaltildi-ve-misafir-ihmal-edildi,BOD045,Salmakis Resort & Spa,Bodrum Merkez,False,2026-07-19 14:04:00,4.2,2681,ROOM,True,oda
plaj-sezlonglari-zorla-bosaltildi-ve-misafir-ihmal-edildi,BOD045,Salmakis Resort & Spa,Bodrum Merkez,False,2026-07-19 14:04:00,4.2,2681,BEACH_SEA,True,şezlong|deniz|plaj
plaj-sezlonglari-zorla-bosaltildi-ve-misafir-ihmal-edildi,BOD045,Salmakis Resort & Spa,Bodrum Merkez,False,2026-07-19 14:04:00,4.2,2681,POOL,False,
plaj-sezlonglari-zorla-bosaltildi-ve-misafir-ihmal-edildi,BOD045,Salmakis Resort & Spa,Bodrum Merkez,False,2026-07-19 14:04:00,4.2,2681,FACILITIES_MAINTENANCE,True,kırık
plaj-sezlonglari-zorla-bosaltildi-ve-misafir-ihmal-edildi,BOD045,Salmakis Resort & Spa,Bodrum Merkez,False,2026-07-19 14:04:00,4.2,2681,RESERVATION,True,rezervasyon
plaj-sezlonglari-zorla-bosaltildi-ve-misafir-ihmal-edildi,BOD045,Salmakis Resort & Spa,Bodrum Merkez,False,2026-07-19 14:04:00,4.2,2681,PAYMENT_REFUND,True,iade
plaj-sezlonglari-zorla-bosaltildi-ve-misafir-ihmal-edildi,BOD045,Salmakis Resort & Spa,Bodrum Merkez,False,2026-07-19 14:04:00,4.2,2681,PRICE_VALUE,True,ödediğimiz|ücret
plaj-sezlonglari-zorla-bosaltildi-ve-misafir-ihmal-edildi,BOD045,Salmakis Resort & Spa,Bodrum Merkez,False,2026-07-19 14:04:00,4.2,2681,CHECKIN_CHECKOUT,False,
plaj-sezlonglari-zorla-bosaltildi-ve-misafir-ihmal-edildi,BOD045,Salmakis Resort & Spa,Bodrum Merkez,False,2026-07-19 14:04:00,4.2,2681,AIR_CONDITIONING,False,
plaj-sezlonglari-zorla-bosaltildi-ve-misafir-ihmal-edildi,BOD045,Salmakis Resort & Spa,Bodrum Merkez,False,2026-07-19 14:04:00,4.2,2681,NOISE,False,
plaj-sezlonglari-zorla-bosaltildi-ve-misafir-ihmal-edildi,BOD045,Salmakis Resort & Spa,Bodrum Merkez,False,2026-07-19 14:04:00,4.2,2681,FAMILY_CHILDREN,False,
plaj-sezlonglari-zorla-bosaltildi-ve-misafir-ihmal-edildi,BOD045,Salmakis Resort & Spa,Bodrum Merkez,False,2026-07-19 14:04:00,4.2,2681,TRANSPORT_TRANSFER,False,
plaj-sezlonglari-zorla-bosaltildi-ve-misafir-ihmal-edildi,BOD045,Salmakis Resort & Spa,Bodrum Merkez,False,2026-07-19 14:04:00,4.2,2681,MANAGEMENT_COMMUNICATION,True,yönetim
plaj-sezlonglari-zorla-bosaltildi-ve-misafir-ihmal-edildi,BOD045,Salmakis Resort & Spa,Bodrum Merkez,False,2026-07-19 14:04:00,4.2,2681,SPA_WELLNESS,True,spa
plaj-sezlonglari-zorla-bosaltildi-ve-misafir-ihmal-edildi,BOD045,Salmakis Resort & Spa,Bodrum Merkez,False,2026-07-19 14:04:00,4.2,2681,SAFETY_SECURITY,False,
oda-temizligi-ve-personel-ilgisizligi-konaklamami-olumsuz-etkiledi,BOD045,Salmakis Resort & Spa,Bodrum Merkez,False,2025-08-29 13:57:00,4.2,2681,STAFF_SERVICE,True,çalışan|ilgisiz|garson|hizmet|kaba
oda-temizligi-ve-personel-ilgisizligi-konaklamami-olumsuz-etkiledi,BOD045,Salmakis Resort & Spa,Bodrum Merkez,False,2025-08-29 13:57:00,4.2,2681,CLEANLINESS_HYGIENE,True,temiz|kirli
oda-temizligi-ve-personel-ilgisizligi-konaklamami-olumsuz-etkiledi,BOD045,Salmakis Resort & Spa,Bodrum Merkez,False,2025-08-29 13:57:00,4.2,2681,FOOD_BEVERAGE,True,yiyecek|snack|bar
oda-temizligi-ve-personel-ilgisizligi-konaklamami-olumsuz-etkiledi,BOD045,Salmakis Resort & Spa,Bodrum Merkez,False,2025-08-29 13:57:00,4.2,2681,ROOM,True,oda
oda-temizligi-ve-personel-ilgisizligi-konaklamami-olumsuz-etkiledi,BOD045,Salmakis Resort & Spa,Bodrum Merkez,False,2025-08-29 13:57:00,4.2,2681,BEACH_SEA,False,
oda-temizligi-ve-personel-ilgisizligi-konaklamami-olumsuz-etkiledi,BOD045,Salmakis Resort & Spa,Bodrum Merkez,False,2025-08-29 13:57:00,4.2,2681,POOL,False,
oda-temizligi-ve-personel-ilgisizligi-konaklamami-olumsuz-etkiledi,BOD045,Salmakis Resort & Spa,Bodrum Merkez,False,2025-08-29 13:57:00,4.2,2681,FACILITIES_MAINTENANCE,True,kırık
oda-temizligi-ve-personel-ilgisizligi-konaklamami-olumsuz-etkiledi,BOD045,Salmakis Resort & Spa,Bodrum Merkez,False,2025-08-29 13:57:00,4.2,2681,RESERVATION,False,
oda-temizligi-ve-personel-ilgisizligi-konaklamami-olumsuz-etkiledi,BOD045,Salmakis Resort & Spa,Bodrum Merkez,False,2025-08-29 13:57:00,4.2,2681,PAYMENT_REFUND,True,tutar|para
oda-temizligi-ve-personel-ilgisizligi-konaklamami-olumsuz-etkiledi,BOD045,Salmakis Resort & Spa,Bodrum Merkez,False,2025-08-29 13:57:00,4.2,2681,PRICE_VALUE,False,
oda-temizligi-ve-personel-ilgisizligi-konaklamami-olumsuz-etkiledi,BOD045,Salmakis Resort & Spa,Bodrum Merkez,False,2025-08-29 13:57:00,4.2,2681,CHECKIN_CHECKOUT,False,
oda-temizligi-ve-personel-ilgisizligi-konaklamami-olumsuz-etkiledi,BOD045,Salmakis Resort & Spa,Bodrum Merkez,False,2025-08-29 13:57:00,4.2,2681,AIR_CONDITIONING,False,
oda-temizligi-ve-personel-ilgisizligi-konaklamami-olumsuz-etkiledi,BOD045,Salmakis Resort & Spa,Bodrum Merkez,False,2025-08-29 13:57:00,4.2,2681,NOISE,False,
oda-temizligi-ve-personel-ilgisizligi-konaklamami-olumsuz-etkiledi,BOD045,Salmakis Resort & Spa,Bodrum Merkez,False,2025-08-29 13:57:00,4.2,2681,FAMILY_CHILDREN,False,
oda-temizligi-ve-personel-ilgisizligi-konaklamami-olumsuz-etkiledi,BOD045,Salmakis Resort & Spa,Bodrum Merkez,False,2025-08-29 13:57:00,4.2,2681,TRANSPORT_TRANSFER,False,
oda-temizligi-ve-personel-ilgisizligi-konaklamami-olumsuz-etkiledi,BOD045,Salmakis Resort & Spa,Bodrum Merkez,False,2025-08-29 13:57:00,4.2,2681,MANAGEMENT_COMMUNICATION,True,bilgilendirme|iletişim|yönetim|yetkili
oda-temizligi-ve-personel-ilgisizligi-konaklamami-olumsuz-etkiledi,BOD045,Salmakis Resort & Spa,Bodrum Merkez,False,2025-08-29 13:57:00,4.2,2681,SPA_WELLNESS,False,
oda-temizligi-ve-personel-ilgisizligi-konaklamami-olumsuz-etkiledi,BOD045,Salmakis Resort & Spa,Bodrum Merkez,False,2025-08-29 13:57:00,4.2,2681,SAFETY_SECURITY,False,
salmakis-resort-spa-salmakis-otel-bodrum-kufurlu-personel,BOD045,Salmakis Resort & Spa,Bodrum Merkez,False,2024-09-09 14:09:00,4.2,2681,STAFF_SERVICE,True,saygısız|çalışan
salmakis-resort-spa-salmakis-otel-bodrum-kufurlu-personel,BOD045,Salmakis Resort & Spa,Bodrum Merkez,False,2024-09-09 14:09:00,4.2,2681,CLEANLINESS_HYGIENE,True,havlu
salmakis-resort-spa-salmakis-otel-bodrum-kufurlu-personel,BOD045,Salmakis Resort & Spa,Bodrum Merkez,False,2024-09-09 14:09:00,4.2,2681,FOOD_BEVERAGE,False,
salmakis-resort-spa-salmakis-otel-bodrum-kufurlu-personel,BOD045,Salmakis Resort & Spa,Bodrum Merkez,False,2024-09-09 14:09:00,4.2,2681,ROOM,False,
salmakis-resort-spa-salmakis-otel-bodrum-kufurlu-personel,BOD045,Salmakis Resort & Spa,Bodrum Merkez,False,2024-09-09 14:09:00,4.2,2681,BEACH_SEA,True,plaj
salmakis-resort-spa-salmakis-otel-bodrum-kufurlu-personel,BOD045,Salmakis Resort & Spa,Bodrum Merkez,False,2024-09-09 14:09:00,4.2,2681,POOL,False,
salmakis-resort-spa-salmakis-otel-bodrum-kufurlu-personel,BOD045,Salmakis Resort & Spa,Bodrum Merkez,False,2024-09-09 14:09:00,4.2,2681,FACILITIES_MAINTENANCE,False,
salmakis-resort-spa-salmakis-otel-bodrum-kufurlu-personel,BOD045,Salmakis Resort & Spa,Bodrum Merkez,False,2024-09-09 14:09:00,4.2,2681,RESERVATION,False,
salmakis-resort-spa-salmakis-otel-bodrum-kufurlu-personel,BOD045,Salmakis Resort & Spa,Bodrum Merkez,False,2024-09-09 14:09:00,4.2,2681,PAYMENT_REFUND,False,
salmakis-resort-spa-salmakis-otel-bodrum-kufurlu-personel,BOD045,Salmakis Resort & Spa,Bodrum Merkez,False,2024-09-09 14:09:00,4.2,2681,PRICE_VALUE,False,
salmakis-resort-spa-salmakis-otel-bodrum-kufurlu-personel,BOD045,Salmakis Resort & Spa,Bodrum Merkez,False,2024-09-09 14:09:00,4.2,2681,CHECKIN_CHECKOUT,False,
salmakis-resort-spa-salmakis-otel-bodrum-kufurlu-personel,BOD045,Salmakis Resort & Spa,Bodrum Merkez,False,2024-09-09 14:09:00,4.2,2681,AIR_CONDITIONING,False,
salmakis-resort-spa-salmakis-otel-bodrum-kufurlu-personel,BOD045,Salmakis Resort & Spa,Bodrum Merkez,False,2024-09-09 14:09:00,4.2,2681,NOISE,False,
salmakis-resort-spa-salmakis-otel-bodrum-kufurlu-personel,BOD045,Salmakis Resort & Spa,Bodrum Merkez,False,2024-09-09 14:09:00,4.2,2681,FAMILY_CHILDREN,False,
salmakis-resort-spa-salmakis-otel-bodrum-kufurlu-personel,BOD045,Salmakis Resort & Spa,Bodrum Merkez,False,2024-09-09 14:09:00,4.2,2681,TRANSPORT_TRANSFER,False,
salmakis-resort-spa-salmakis-otel-bodrum-kufurlu-personel,BOD045,Salmakis Resort & Spa,Bodrum Merkez,False,2024-09-09 14:09:00,4.2,2681,MANAGEMENT_COMMUNICATION,True,geri dönüş|yönetim
salmakis-resort-spa-salmakis-otel-bodrum-kufurlu-personel,BOD045,Salmakis Resort & Spa,Bodrum Merkez,False,2024-09-09 14:09:00,4.2,2681,SPA_WELLNESS,False,
salmakis-resort-spa-salmakis-otel-bodrum-kufurlu-personel,BOD045,Salmakis Resort & Spa,Bodrum Merkez,False,2024-09-09 14:09:00,4.2,2681,SAFETY_SECURITY,False,
rezervasyonda-aldatici-transfer-sozu-ve-tutulmayan-soz,BOD067,Sami Beach Hotel,Gümbet,False,2026-07-08 16:30:00,4.0,2089,STAFF_SERVICE,True,personel|görevli
rezervasyonda-aldatici-transfer-sozu-ve-tutulmayan-soz,BOD067,Sami Beach Hotel,Gümbet,False,2026-07-08 16:30:00,4.0,2089,CLEANLINESS_HYGIENE,False,
rezervasyonda-aldatici-transfer-sozu-ve-tutulmayan-soz,BOD067,Sami Beach Hotel,Gümbet,False,2026-07-08 16:30:00,4.0,2089,FOOD_BEVERAGE,False,
rezervasyonda-aldatici-transfer-sozu-ve-tutulmayan-soz,BOD067,Sami Beach Hotel,Gümbet,False,2026-07-08 16:30:00,4.0,2089,ROOM,False,
rezervasyonda-aldatici-transfer-sozu-ve-tutulmayan-soz,BOD067,Sami Beach Hotel,Gümbet,False,2026-07-08 16:30:00,4.0,2089,BEACH_SEA,False,
rezervasyonda-aldatici-transfer-sozu-ve-tutulmayan-soz,BOD067,Sami Beach Hotel,Gümbet,False,2026-07-08 16:30:00,4.0,2089,POOL,False,
rezervasyonda-aldatici-transfer-sozu-ve-tutulmayan-soz,BOD067,Sami Beach Hotel,Gümbet,False,2026-07-08 16:30:00,4.0,2089,FACILITIES_MAINTENANCE,False,
rezervasyonda-aldatici-transfer-sozu-ve-tutulmayan-soz,BOD067,Sami Beach Hotel,Gümbet,False,2026-07-08 16:30:00,4.0,2089,RESERVATION,True,rezervasyon|tatilbudur|iptal
rezervasyonda-aldatici-transfer-sozu-ve-tutulmayan-soz,BOD067,Sami Beach Hotel,Gümbet,False,2026-07-08 16:30:00,4.0,2089,PAYMENT_REFUND,True,ödeme|tutar
rezervasyonda-aldatici-transfer-sozu-ve-tutulmayan-soz,BOD067,Sami Beach Hotel,Gümbet,False,2026-07-08 16:30:00,4.0,2089,PRICE_VALUE,True,fiyat|ücret
rezervasyonda-aldatici-transfer-sozu-ve-tutulmayan-soz,BOD067,Sami Beach Hotel,Gümbet,False,2026-07-08 16:30:00,4.0,2089,CHECKIN_CHECKOUT,False,
rezervasyonda-aldatici-transfer-sozu-ve-tutulmayan-soz,BOD067,Sami Beach Hotel,Gümbet,False,2026-07-08 16:30:00,4.0,2089,AIR_CONDITIONING,False,
rezervasyonda-aldatici-transfer-sozu-ve-tutulmayan-soz,BOD067,Sami Beach Hotel,Gümbet,False,2026-07-08 16:30:00,4.0,2089,NOISE,False,
rezervasyonda-aldatici-transfer-sozu-ve-tutulmayan-soz,BOD067,Sami Beach Hotel,Gümbet,False,2026-07-08 16:30:00,4.0,2089,FAMILY_CHILDREN,False,
rezervasyonda-aldatici-transfer-sozu-ve-tutulmayan-soz,BOD067,Sami Beach Hotel,Gümbet,False,2026-07-08 16:30:00,4.0,2089,TRANSPORT_TRANSFER,True,transfer|taksi
rezervasyonda-aldatici-transfer-sozu-ve-tutulmayan-soz,BOD067,Sami Beach Hotel,Gümbet,False,2026-07-08 16:30:00,4.0,2089,MANAGEMENT_COMMUNICATION,True,telefon
rezervasyonda-aldatici-transfer-sozu-ve-tutulmayan-soz,BOD067,Sami Beach Hotel,Gümbet,False,2026-07-08 16:30:00,4.0,2089,SPA_WELLNESS,False,
rezervasyonda-aldatici-transfer-sozu-ve-tutulmayan-soz,BOD067,Sami Beach Hotel,Gümbet,False,2026-07-08 16:30:00,4.0,2089,SAFETY_SECURITY,False,
yuksek-ucret-ilgisiz-destek-ve-kayip-esya-tatilbudur-ve-sami-beach-hotel-magduriyeti,BOD067,Sami Beach Hotel,Gümbet,False,2026-06-02 11:28:00,4.0,2089,STAFF_SERVICE,True,ilgisiz
yuksek-ucret-ilgisiz-destek-ve-kayip-esya-tatilbudur-ve-sami-beach-hotel-magduriyeti,BOD067,Sami Beach Hotel,Gümbet,False,2026-06-02 11:28:00,4.0,2089,CLEANLINESS_HYGIENE,False,
yuksek-ucret-ilgisiz-destek-ve-kayip-esya-tatilbudur-ve-sami-beach-hotel-magduriyeti,BOD067,Sami Beach Hotel,Gümbet,False,2026-06-02 11:28:00,4.0,2089,FOOD_BEVERAGE,False,
yuksek-ucret-ilgisiz-destek-ve-kayip-esya-tatilbudur-ve-sami-beach-hotel-magduriyeti,BOD067,Sami Beach Hotel,Gümbet,False,2026-06-02 11:28:00,4.0,2089,ROOM,False,
yuksek-ucret-ilgisiz-destek-ve-kayip-esya-tatilbudur-ve-sami-beach-hotel-magduriyeti,BOD067,Sami Beach Hotel,Gümbet,False,2026-06-02 11:28:00,4.0,2089,BEACH_SEA,False,
yuksek-ucret-ilgisiz-destek-ve-kayip-esya-tatilbudur-ve-sami-beach-hotel-magduriyeti,BOD067,Sami Beach Hotel,Gümbet,False,2026-06-02 11:28:00,4.0,2089,POOL,False,
yuksek-ucret-ilgisiz-destek-ve-kayip-esya-tatilbudur-ve-sami-beach-hotel-magduriyeti,BOD067,Sami Beach Hotel,Gümbet,False,2026-06-02 11:28:00,4.0,2089,FACILITIES_MAINTENANCE,True,kırık
yuksek-ucret-ilgisiz-destek-ve-kayip-esya-tatilbudur-ve-sami-beach-hotel-magduriyeti,BOD067,Sami Beach Hotel,Gümbet,False,2026-06-02 11:28:00,4.0,2089,RESERVATION,True,tatilbudur
yuksek-ucret-ilgisiz-destek-ve-kayip-esya-tatilbudur-ve-sami-beach-hotel-magduriyeti,BOD067,Sami Beach Hotel,Gümbet,False,2026-06-02 11:28:00,4.0,2089,PAYMENT_REFUND,True,tutar
yuksek-ucret-ilgisiz-destek-ve-kayip-esya-tatilbudur-ve-sami-beach-hotel-magduriyeti,BOD067,Sami Beach Hotel,Gümbet,False,2026-06-02 11:28:00,4.0,2089,PRICE_VALUE,True,karşılığını|ücret
yuksek-ucret-ilgisiz-destek-ve-kayip-esya-tatilbudur-ve-sami-beach-hotel-magduriyeti,BOD067,Sami Beach Hotel,Gümbet,False,2026-06-02 11:28:00,4.0,2089,CHECKIN_CHECKOUT,False,
yuksek-ucret-ilgisiz-destek-ve-kayip-esya-tatilbudur-ve-sami-beach-hotel-magduriyeti,BOD067,Sami Beach Hotel,Gümbet,False,2026-06-02 11:28:00,4.0,2089,AIR_CONDITIONING,False,
yuksek-ucret-ilgisiz-destek-ve-kayip-esya-tatilbudur-ve-sami-beach-hotel-magduriyeti,BOD067,Sami Beach Hotel,Gümbet,False,2026-06-02 11:28:00,4.0,2089,NOISE,False,
yuksek-ucret-ilgisiz-destek-ve-kayip-esya-tatilbudur-ve-sami-beach-hotel-magduriyeti,BOD067,Sami Beach Hotel,Gümbet,False,2026-06-02 11:28:00,4.0,2089,FAMILY_CHILDREN,False,
yuksek-ucret-ilgisiz-destek-ve-kayip-esya-tatilbudur-ve-sami-beach-hotel-magduriyeti,BOD067,Sami Beach Hotel,Gümbet,False,2026-06-02 11:28:00,4.0,2089,TRANSPORT_TRANSFER,True,ulaşım
yuksek-ucret-ilgisiz-destek-ve-kayip-esya-tatilbudur-ve-sami-beach-hotel-magduriyeti,BOD067,Sami Beach Hotel,Gümbet,False,2026-06-02 11:28:00,4.0,2089,MANAGEMENT_COMMUNICATION,True,cevap vermedi|geri dönüş|bilgilendirme|iletişim|telefon
yuksek-ucret-ilgisiz-destek-ve-kayip-esya-tatilbudur-ve-sami-beach-hotel-magduriyeti,BOD067,Sami Beach Hotel,Gümbet,False,2026-06-02 11:28:00,4.0,2089,SPA_WELLNESS,False,
yuksek-ucret-ilgisiz-destek-ve-kayip-esya-tatilbudur-ve-sami-beach-hotel-magduriyeti,BOD067,Sami Beach Hotel,Gümbet,False,2026-06-02 11:28:00,4.0,2089,SAFETY_SECURITY,True,sağlık
kotu-temizlik-ilgisiz-personel-ve-saglik-sorunu-tatil-hayal-kirikligina-donustu,BOD067,Sami Beach Hotel,Gümbet,False,2025-08-21 12:04:00,4.0,2089,STAFF_SERVICE,True,personel|ilgisiz|hizmet|kaba
kotu-temizlik-ilgisiz-personel-ve-saglik-sorunu-tatil-hayal-kirikligina-donustu,BOD067,Sami Beach Hotel,Gümbet,False,2025-08-21 12:04:00,4.0,2089,CLEANLINESS_HYGIENE,True,temizlik|temiz|kirli
kotu-temizlik-ilgisiz-personel-ve-saglik-sorunu-tatil-hayal-kirikligina-donustu,BOD067,Sami Beach Hotel,Gümbet,False,2025-08-21 12:04:00,4.0,2089,FOOD_BEVERAGE,True,yemek|büfe
kotu-temizlik-ilgisiz-personel-ve-saglik-sorunu-tatil-hayal-kirikligina-donustu,BOD067,Sami Beach Hotel,Gümbet,False,2025-08-21 12:04:00,4.0,2089,ROOM,True,oda
kotu-temizlik-ilgisiz-personel-ve-saglik-sorunu-tatil-hayal-kirikligina-donustu,BOD067,Sami Beach Hotel,Gümbet,False,2025-08-21 12:04:00,4.0,2089,BEACH_SEA,True,şezlong
kotu-temizlik-ilgisiz-personel-ve-saglik-sorunu-tatil-hayal-kirikligina-donustu,BOD067,Sami Beach Hotel,Gümbet,False,2025-08-21 12:04:00,4.0,2089,POOL,False,
kotu-temizlik-ilgisiz-personel-ve-saglik-sorunu-tatil-hayal-kirikligina-donustu,BOD067,Sami Beach Hotel,Gümbet,False,2025-08-21 12:04:00,4.0,2089,FACILITIES_MAINTENANCE,False,
kotu-temizlik-ilgisiz-personel-ve-saglik-sorunu-tatil-hayal-kirikligina-donustu,BOD067,Sami Beach Hotel,Gümbet,False,2025-08-21 12:04:00,4.0,2089,RESERVATION,True,tatilbudur
kotu-temizlik-ilgisiz-personel-ve-saglik-sorunu-tatil-hayal-kirikligina-donustu,BOD067,Sami Beach Hotel,Gümbet,False,2025-08-21 12:04:00,4.0,2089,PAYMENT_REFUND,False,
kotu-temizlik-ilgisiz-personel-ve-saglik-sorunu-tatil-hayal-kirikligina-donustu,BOD067,Sami Beach Hotel,Gümbet,False,2025-08-21 12:04:00,4.0,2089,PRICE_VALUE,False,
kotu-temizlik-ilgisiz-personel-ve-saglik-sorunu-tatil-hayal-kirikligina-donustu,BOD067,Sami Beach Hotel,Gümbet,False,2025-08-21 12:04:00,4.0,2089,CHECKIN_CHECKOUT,False,
kotu-temizlik-ilgisiz-personel-ve-saglik-sorunu-tatil-hayal-kirikligina-donustu,BOD067,Sami Beach Hotel,Gümbet,False,2025-08-21 12:04:00,4.0,2089,AIR_CONDITIONING,False,
kotu-temizlik-ilgisiz-personel-ve-saglik-sorunu-tatil-hayal-kirikligina-donustu,BOD067,Sami Beach Hotel,Gümbet,False,2025-08-21 12:04:00,4.0,2089,NOISE,False,
kotu-temizlik-ilgisiz-personel-ve-saglik-sorunu-tatil-hayal-kirikligina-donustu,BOD067,Sami Beach Hotel,Gümbet,False,2025-08-21 12:04:00,4.0,2089,FAMILY_CHILDREN,False,
kotu-temizlik-ilgisiz-personel-ve-saglik-sorunu-tatil-hayal-kirikligina-donustu,BOD067,Sami Beach Hotel,Gümbet,False,2025-08-21 12:04:00,4.0,2089,TRANSPORT_TRANSFER,False,
kotu-temizlik-ilgisiz-personel-ve-saglik-sorunu-tatil-hayal-kirikligina-donustu,BOD067,Sami Beach Hotel,Gümbet,False,2025-08-21 12:04:00,4.0,2089,MANAGEMENT_COMMUNICATION,False,
kotu-temizlik-ilgisiz-personel-ve-saglik-sorunu-tatil-hayal-kirikligina-donustu,BOD067,Sami Beach Hotel,Gümbet,False,2025-08-21 12:04:00,4.0,2089,SPA_WELLNESS,False,
kotu-temizlik-ilgisiz-personel-ve-saglik-sorunu-tatil-hayal-kirikligina-donustu,BOD067,Sami Beach Hotel,Gümbet,False,2025-08-21 12:04:00,4.0,2089,SAFETY_SECURITY,True,hastane
oda-ve-hizmet-eksiklikleri-hakkinda-sikayet,BOD067,Sami Beach Hotel,Gümbet,False,2025-08-14 12:31:00,4.0,2089,STAFF_SERVICE,False,
oda-ve-hizmet-eksiklikleri-hakkinda-sikayet,BOD067,Sami Beach Hotel,Gümbet,False,2025-08-14 12:31:00,4.0,2089,CLEANLINESS_HYGIENE,True,oda temizliği|temiz|havlu
oda-ve-hizmet-eksiklikleri-hakkinda-sikayet,BOD067,Sami Beach Hotel,Gümbet,False,2025-08-14 12:31:00,4.0,2089,FOOD_BEVERAGE,True,yemek
oda-ve-hizmet-eksiklikleri-hakkinda-sikayet,BOD067,Sami Beach Hotel,Gümbet,False,2025-08-14 12:31:00,4.0,2089,ROOM,True,anahtar|oda
oda-ve-hizmet-eksiklikleri-hakkinda-sikayet,BOD067,Sami Beach Hotel,Gümbet,False,2025-08-14 12:31:00,4.0,2089,BEACH_SEA,True,deniz
oda-ve-hizmet-eksiklikleri-hakkinda-sikayet,BOD067,Sami Beach Hotel,Gümbet,False,2025-08-14 12:31:00,4.0,2089,POOL,False,
oda-ve-hizmet-eksiklikleri-hakkinda-sikayet,BOD067,Sami Beach Hotel,Gümbet,False,2025-08-14 12:31:00,4.0,2089,FACILITIES_MAINTENANCE,False,
oda-ve-hizmet-eksiklikleri-hakkinda-sikayet,BOD067,Sami Beach Hotel,Gümbet,False,2025-08-14 12:31:00,4.0,2089,RESERVATION,True,rezervasyon|tatilbudur
oda-ve-hizmet-eksiklikleri-hakkinda-sikayet,BOD067,Sami Beach Hotel,Gümbet,False,2025-08-14 12:31:00,4.0,2089,PAYMENT_REFUND,True,ödeme|iade
oda-ve-hizmet-eksiklikleri-hakkinda-sikayet,BOD067,Sami Beach Hotel,Gümbet,False,2025-08-14 12:31:00,4.0,2089,PRICE_VALUE,True,ekstra ücret|karşılığını|ücret
oda-ve-hizmet-eksiklikleri-hakkinda-sikayet,BOD067,Sami Beach Hotel,Gümbet,False,2025-08-14 12:31:00,4.0,2089,CHECKIN_CHECKOUT,False,
oda-ve-hizmet-eksiklikleri-hakkinda-sikayet,BOD067,Sami Beach Hotel,Gümbet,False,2025-08-14 12:31:00,4.0,2089,AIR_CONDITIONING,False,
oda-ve-hizmet-eksiklikleri-hakkinda-sikayet,BOD067,Sami Beach Hotel,Gümbet,False,2025-08-14 12:31:00,4.0,2089,NOISE,False,
oda-ve-hizmet-eksiklikleri-hakkinda-sikayet,BOD067,Sami Beach Hotel,Gümbet,False,2025-08-14 12:31:00,4.0,2089,FAMILY_CHILDREN,False,
oda-ve-hizmet-eksiklikleri-hakkinda-sikayet,BOD067,Sami Beach Hotel,Gümbet,False,2025-08-14 12:31:00,4.0,2089,TRANSPORT_TRANSFER,False,
oda-ve-hizmet-eksiklikleri-hakkinda-sikayet,BOD067,Sami Beach Hotel,Gümbet,False,2025-08-14 12:31:00,4.0,2089,MANAGEMENT_COMMUNICATION,True,çözüm sunulmadı|iletişim|yönetim|yetkili|telefon
oda-ve-hizmet-eksiklikleri-hakkinda-sikayet,BOD067,Sami Beach Hotel,Gümbet,False,2025-08-14 12:31:00,4.0,2089,SPA_WELLNESS,False,
oda-ve-hizmet-eksiklikleri-hakkinda-sikayet,BOD067,Sami Beach Hotel,Gümbet,False,2025-08-14 12:31:00,4.0,2089,SAFETY_SECURITY,False,
otel-rezervasyon-iptal-surecinde-yasanan-sorunlar,BOD067,Sami Beach Hotel,Gümbet,False,2025-04-10 15:54:00,4.0,2089,STAFF_SERVICE,False,
otel-rezervasyon-iptal-surecinde-yasanan-sorunlar,BOD067,Sami Beach Hotel,Gümbet,False,2025-04-10 15:54:00,4.0,2089,CLEANLINESS_HYGIENE,False,
otel-rezervasyon-iptal-surecinde-yasanan-sorunlar,BOD067,Sami Beach Hotel,Gümbet,False,2025-04-10 15:54:00,4.0,2089,FOOD_BEVERAGE,False,
otel-rezervasyon-iptal-surecinde-yasanan-sorunlar,BOD067,Sami Beach Hotel,Gümbet,False,2025-04-10 15:54:00,4.0,2089,ROOM,False,
otel-rezervasyon-iptal-surecinde-yasanan-sorunlar,BOD067,Sami Beach Hotel,Gümbet,False,2025-04-10 15:54:00,4.0,2089,BEACH_SEA,False,
otel-rezervasyon-iptal-surecinde-yasanan-sorunlar,BOD067,Sami Beach Hotel,Gümbet,False,2025-04-10 15:54:00,4.0,2089,POOL,False,
otel-rezervasyon-iptal-surecinde-yasanan-sorunlar,BOD067,Sami Beach Hotel,Gümbet,False,2025-04-10 15:54:00,4.0,2089,FACILITIES_MAINTENANCE,False,
otel-rezervasyon-iptal-surecinde-yasanan-sorunlar,BOD067,Sami Beach Hotel,Gümbet,False,2025-04-10 15:54:00,4.0,2089,RESERVATION,True,rezervasyon|iptal
otel-rezervasyon-iptal-surecinde-yasanan-sorunlar,BOD067,Sami Beach Hotel,Gümbet,False,2025-04-10 15:54:00,4.0,2089,PAYMENT_REFUND,True,kesinti
otel-rezervasyon-iptal-surecinde-yasanan-sorunlar,BOD067,Sami Beach Hotel,Gümbet,False,2025-04-10 15:54:00,4.0,2089,PRICE_VALUE,False,
otel-rezervasyon-iptal-surecinde-yasanan-sorunlar,BOD067,Sami Beach Hotel,Gümbet,False,2025-04-10 15:54:00,4.0,2089,CHECKIN_CHECKOUT,False,
otel-rezervasyon-iptal-surecinde-yasanan-sorunlar,BOD067,Sami Beach Hotel,Gümbet,False,2025-04-10 15:54:00,4.0,2089,AIR_CONDITIONING,False,
otel-rezervasyon-iptal-surecinde-yasanan-sorunlar,BOD067,Sami Beach Hotel,Gümbet,False,2025-04-10 15:54:00,4.0,2089,NOISE,False,
otel-rezervasyon-iptal-surecinde-yasanan-sorunlar,BOD067,Sami Beach Hotel,Gümbet,False,2025-04-10 15:54:00,4.0,2089,FAMILY_CHILDREN,False,
otel-rezervasyon-iptal-surecinde-yasanan-sorunlar,BOD067,Sami Beach Hotel,Gümbet,False,2025-04-10 15:54:00,4.0,2089,TRANSPORT_TRANSFER,False,
otel-rezervasyon-iptal-surecinde-yasanan-sorunlar,BOD067,Sami Beach Hotel,Gümbet,False,2025-04-10 15:54:00,4.0,2089,MANAGEMENT_COMMUNICATION,True,iletişim
otel-rezervasyon-iptal-surecinde-yasanan-sorunlar,BOD067,Sami Beach Hotel,Gümbet,False,2025-04-10 15:54:00,4.0,2089,SPA_WELLNESS,False,
otel-rezervasyon-iptal-surecinde-yasanan-sorunlar,BOD067,Sami Beach Hotel,Gümbet,False,2025-04-10 15:54:00,4.0,2089,SAFETY_SECURITY,False,
sami-beach-hotel-guvenligi-ve-hizmet-kalitesi-sorunlari,BOD067,Sami Beach Hotel,Gümbet,False,2024-09-05 15:22:00,4.0,2089,STAFF_SERVICE,True,çalışan
sami-beach-hotel-guvenligi-ve-hizmet-kalitesi-sorunlari,BOD067,Sami Beach Hotel,Gümbet,False,2024-09-05 15:22:00,4.0,2089,CLEANLINESS_HYGIENE,True,pis
sami-beach-hotel-guvenligi-ve-hizmet-kalitesi-sorunlari,BOD067,Sami Beach Hotel,Gümbet,False,2024-09-05 15:22:00,4.0,2089,FOOD_BEVERAGE,False,
sami-beach-hotel-guvenligi-ve-hizmet-kalitesi-sorunlari,BOD067,Sami Beach Hotel,Gümbet,False,2024-09-05 15:22:00,4.0,2089,ROOM,True,oda
sami-beach-hotel-guvenligi-ve-hizmet-kalitesi-sorunlari,BOD067,Sami Beach Hotel,Gümbet,False,2024-09-05 15:22:00,4.0,2089,BEACH_SEA,False,
sami-beach-hotel-guvenligi-ve-hizmet-kalitesi-sorunlari,BOD067,Sami Beach Hotel,Gümbet,False,2024-09-05 15:22:00,4.0,2089,POOL,False,
sami-beach-hotel-guvenligi-ve-hizmet-kalitesi-sorunlari,BOD067,Sami Beach Hotel,Gümbet,False,2024-09-05 15:22:00,4.0,2089,FACILITIES_MAINTENANCE,False,
sami-beach-hotel-guvenligi-ve-hizmet-kalitesi-sorunlari,BOD067,Sami Beach Hotel,Gümbet,False,2024-09-05 15:22:00,4.0,2089,RESERVATION,False,
sami-beach-hotel-guvenligi-ve-hizmet-kalitesi-sorunlari,BOD067,Sami Beach Hotel,Gümbet,False,2024-09-05 15:22:00,4.0,2089,PAYMENT_REFUND,False,
sami-beach-hotel-guvenligi-ve-hizmet-kalitesi-sorunlari,BOD067,Sami Beach Hotel,Gümbet,False,2024-09-05 15:22:00,4.0,2089,PRICE_VALUE,False,
sami-beach-hotel-guvenligi-ve-hizmet-kalitesi-sorunlari,BOD067,Sami Beach Hotel,Gümbet,False,2024-09-05 15:22:00,4.0,2089,CHECKIN_CHECKOUT,False,
sami-beach-hotel-guvenligi-ve-hizmet-kalitesi-sorunlari,BOD067,Sami Beach Hotel,Gümbet,False,2024-09-05 15:22:00,4.0,2089,AIR_CONDITIONING,False,
sami-beach-hotel-guvenligi-ve-hizmet-kalitesi-sorunlari,BOD067,Sami Beach Hotel,Gümbet,False,2024-09-05 15:22:00,4.0,2089,NOISE,False,
sami-beach-hotel-guvenligi-ve-hizmet-kalitesi-sorunlari,BOD067,Sami Beach Hotel,Gümbet,False,2024-09-05 15:22:00,4.0,2089,FAMILY_CHILDREN,True,kızım
sami-beach-hotel-guvenligi-ve-hizmet-kalitesi-sorunlari,BOD067,Sami Beach Hotel,Gümbet,False,2024-09-05 15:22:00,4.0,2089,TRANSPORT_TRANSFER,False,
sami-beach-hotel-guvenligi-ve-hizmet-kalitesi-sorunlari,BOD067,Sami Beach Hotel,Gümbet,False,2024-09-05 15:22:00,4.0,2089,MANAGEMENT_COMMUNICATION,True,yönetim
sami-beach-hotel-guvenligi-ve-hizmet-kalitesi-sorunlari,BOD067,Sami Beach Hotel,Gümbet,False,2024-09-05 15:22:00,4.0,2089,SPA_WELLNESS,False,
sami-beach-hotel-guvenligi-ve-hizmet-kalitesi-sorunlari,BOD067,Sami Beach Hotel,Gümbet,False,2024-09-05 15:22:00,4.0,2089,SAFETY_SECURITY,True,çalındı
verilen-taahhutlerin-yerine-getirilmemesi-nedeniyle-ucret-iadesi-talebi,BOD069,Siesta Beach Apart,Gümbet,False,2026-06-29 12:44:00,3.4,502,STAFF_SERVICE,True,hizmet
verilen-taahhutlerin-yerine-getirilmemesi-nedeniyle-ucret-iadesi-talebi,BOD069,Siesta Beach Apart,Gümbet,False,2026-06-29 12:44:00,3.4,502,CLEANLINESS_HYGIENE,True,oda temizliği|temiz
verilen-taahhutlerin-yerine-getirilmemesi-nedeniyle-ucret-iadesi-talebi,BOD069,Siesta Beach Apart,Gümbet,False,2026-06-29 12:44:00,3.4,502,FOOD_BEVERAGE,True,açık büfe|kahvaltı|büfe
verilen-taahhutlerin-yerine-getirilmemesi-nedeniyle-ucret-iadesi-talebi,BOD069,Siesta Beach Apart,Gümbet,False,2026-06-29 12:44:00,3.4,502,ROOM,True,oda değişikliği|oda
verilen-taahhutlerin-yerine-getirilmemesi-nedeniyle-ucret-iadesi-talebi,BOD069,Siesta Beach Apart,Gümbet,False,2026-06-29 12:44:00,3.4,502,BEACH_SEA,True,sahil
verilen-taahhutlerin-yerine-getirilmemesi-nedeniyle-ucret-iadesi-talebi,BOD069,Siesta Beach Apart,Gümbet,False,2026-06-29 12:44:00,3.4,502,POOL,False,
verilen-taahhutlerin-yerine-getirilmemesi-nedeniyle-ucret-iadesi-talebi,BOD069,Siesta Beach Apart,Gümbet,False,2026-06-29 12:44:00,3.4,502,FACILITIES_MAINTENANCE,False,
verilen-taahhutlerin-yerine-getirilmemesi-nedeniyle-ucret-iadesi-talebi,BOD069,Siesta Beach Apart,Gümbet,False,2026-06-29 12:44:00,3.4,502,RESERVATION,True,rezervasyon
verilen-taahhutlerin-yerine-getirilmemesi-nedeniyle-ucret-iadesi-talebi,BOD069,Siesta Beach Apart,Gümbet,False,2026-06-29 12:44:00,3.4,502,PAYMENT_REFUND,True,tutar|iade
verilen-taahhutlerin-yerine-getirilmemesi-nedeniyle-ucret-iadesi-talebi,BOD069,Siesta Beach Apart,Gümbet,False,2026-06-29 12:44:00,3.4,502,PRICE_VALUE,True,ücret
verilen-taahhutlerin-yerine-getirilmemesi-nedeniyle-ucret-iadesi-talebi,BOD069,Siesta Beach Apart,Gümbet,False,2026-06-29 12:44:00,3.4,502,CHECKIN_CHECKOUT,False,
verilen-taahhutlerin-yerine-getirilmemesi-nedeniyle-ucret-iadesi-talebi,BOD069,Siesta Beach Apart,Gümbet,False,2026-06-29 12:44:00,3.4,502,AIR_CONDITIONING,True,klima
verilen-taahhutlerin-yerine-getirilmemesi-nedeniyle-ucret-iadesi-talebi,BOD069,Siesta Beach Apart,Gümbet,False,2026-06-29 12:44:00,3.4,502,NOISE,False,
verilen-taahhutlerin-yerine-getirilmemesi-nedeniyle-ucret-iadesi-talebi,BOD069,Siesta Beach Apart,Gümbet,False,2026-06-29 12:44:00,3.4,502,FAMILY_CHILDREN,False,
verilen-taahhutlerin-yerine-getirilmemesi-nedeniyle-ucret-iadesi-talebi,BOD069,Siesta Beach Apart,Gümbet,False,2026-06-29 12:44:00,3.4,502,TRANSPORT_TRANSFER,False,
verilen-taahhutlerin-yerine-getirilmemesi-nedeniyle-ucret-iadesi-talebi,BOD069,Siesta Beach Apart,Gümbet,False,2026-06-29 12:44:00,3.4,502,MANAGEMENT_COMMUNICATION,True,yetkili
verilen-taahhutlerin-yerine-getirilmemesi-nedeniyle-ucret-iadesi-talebi,BOD069,Siesta Beach Apart,Gümbet,False,2026-06-29 12:44:00,3.4,502,SPA_WELLNESS,False,
verilen-taahhutlerin-yerine-getirilmemesi-nedeniyle-ucret-iadesi-talebi,BOD069,Siesta Beach Apart,Gümbet,False,2026-06-29 12:44:00,3.4,502,SAFETY_SECURITY,False,
sahte-rezervasyon-sitesi-nedeniyle-magduriyet-ve-iade-talebi,BOD153,The Oba Hotel,Torba,False,2025-09-14 18:39:00,4.0,603,STAFF_SERVICE,False,
sahte-rezervasyon-sitesi-nedeniyle-magduriyet-ve-iade-talebi,BOD153,The Oba Hotel,Torba,False,2025-09-14 18:39:00,4.0,603,CLEANLINESS_HYGIENE,False,
sahte-rezervasyon-sitesi-nedeniyle-magduriyet-ve-iade-talebi,BOD153,The Oba Hotel,Torba,False,2025-09-14 18:39:00,4.0,603,FOOD_BEVERAGE,False,
sahte-rezervasyon-sitesi-nedeniyle-magduriyet-ve-iade-talebi,BOD153,The Oba Hotel,Torba,False,2025-09-14 18:39:00,4.0,603,ROOM,False,
sahte-rezervasyon-sitesi-nedeniyle-magduriyet-ve-iade-talebi,BOD153,The Oba Hotel,Torba,False,2025-09-14 18:39:00,4.0,603,BEACH_SEA,False,
sahte-rezervasyon-sitesi-nedeniyle-magduriyet-ve-iade-talebi,BOD153,The Oba Hotel,Torba,False,2025-09-14 18:39:00,4.0,603,POOL,False,
sahte-rezervasyon-sitesi-nedeniyle-magduriyet-ve-iade-talebi,BOD153,The Oba Hotel,Torba,False,2025-09-14 18:39:00,4.0,603,FACILITIES_MAINTENANCE,False,
sahte-rezervasyon-sitesi-nedeniyle-magduriyet-ve-iade-talebi,BOD153,The Oba Hotel,Torba,False,2025-09-14 18:39:00,4.0,603,RESERVATION,True,rezervasyon
sahte-rezervasyon-sitesi-nedeniyle-magduriyet-ve-iade-talebi,BOD153,The Oba Hotel,Torba,False,2025-09-14 18:39:00,4.0,603,PAYMENT_REFUND,True,ödeme|tutar|iade
sahte-rezervasyon-sitesi-nedeniyle-magduriyet-ve-iade-talebi,BOD153,The Oba Hotel,Torba,False,2025-09-14 18:39:00,4.0,603,PRICE_VALUE,False,
sahte-rezervasyon-sitesi-nedeniyle-magduriyet-ve-iade-talebi,BOD153,The Oba Hotel,Torba,False,2025-09-14 18:39:00,4.0,603,CHECKIN_CHECKOUT,False,
sahte-rezervasyon-sitesi-nedeniyle-magduriyet-ve-iade-talebi,BOD153,The Oba Hotel,Torba,False,2025-09-14 18:39:00,4.0,603,AIR_CONDITIONING,False,
sahte-rezervasyon-sitesi-nedeniyle-magduriyet-ve-iade-talebi,BOD153,The Oba Hotel,Torba,False,2025-09-14 18:39:00,4.0,603,NOISE,False,
sahte-rezervasyon-sitesi-nedeniyle-magduriyet-ve-iade-talebi,BOD153,The Oba Hotel,Torba,False,2025-09-14 18:39:00,4.0,603,FAMILY_CHILDREN,False,
sahte-rezervasyon-sitesi-nedeniyle-magduriyet-ve-iade-talebi,BOD153,The Oba Hotel,Torba,False,2025-09-14 18:39:00,4.0,603,TRANSPORT_TRANSFER,False,
sahte-rezervasyon-sitesi-nedeniyle-magduriyet-ve-iade-talebi,BOD153,The Oba Hotel,Torba,False,2025-09-14 18:39:00,4.0,603,MANAGEMENT_COMMUNICATION,True,iletişim|yetkili
sahte-rezervasyon-sitesi-nedeniyle-magduriyet-ve-iade-talebi,BOD153,The Oba Hotel,Torba,False,2025-09-14 18:39:00,4.0,603,SPA_WELLNESS,False,
sahte-rezervasyon-sitesi-nedeniyle-magduriyet-ve-iade-talebi,BOD153,The Oba Hotel,Torba,False,2025-09-14 18:39:00,4.0,603,SAFETY_SECURITY,False,
erken-cikista-kullanilmayan-gecenin-ucretinin-iade-edilmemesi-ve-yetersiz-bilgilendirme,BOD153,The Oba Hotel,Torba,False,2025-08-17 14:28:00,4.0,603,STAFF_SERVICE,False,
erken-cikista-kullanilmayan-gecenin-ucretinin-iade-edilmemesi-ve-yetersiz-bilgilendirme,BOD153,The Oba Hotel,Torba,False,2025-08-17 14:28:00,4.0,603,CLEANLINESS_HYGIENE,False,
erken-cikista-kullanilmayan-gecenin-ucretinin-iade-edilmemesi-ve-yetersiz-bilgilendirme,BOD153,The Oba Hotel,Torba,False,2025-08-17 14:28:00,4.0,603,FOOD_BEVERAGE,False,
erken-cikista-kullanilmayan-gecenin-ucretinin-iade-edilmemesi-ve-yetersiz-bilgilendirme,BOD153,The Oba Hotel,Torba,False,2025-08-17 14:28:00,4.0,603,ROOM,True,oda
erken-cikista-kullanilmayan-gecenin-ucretinin-iade-edilmemesi-ve-yetersiz-bilgilendirme,BOD153,The Oba Hotel,Torba,False,2025-08-17 14:28:00,4.0,603,BEACH_SEA,False,
erken-cikista-kullanilmayan-gecenin-ucretinin-iade-edilmemesi-ve-yetersiz-bilgilendirme,BOD153,The Oba Hotel,Torba,False,2025-08-17 14:28:00,4.0,603,POOL,False,
erken-cikista-kullanilmayan-gecenin-ucretinin-iade-edilmemesi-ve-yetersiz-bilgilendirme,BOD153,The Oba Hotel,Torba,False,2025-08-17 14:28:00,4.0,603,FACILITIES_MAINTENANCE,False,
erken-cikista-kullanilmayan-gecenin-ucretinin-iade-edilmemesi-ve-yetersiz-bilgilendirme,BOD153,The Oba Hotel,Torba,False,2025-08-17 14:28:00,4.0,603,RESERVATION,True,rezervasyon|iptal
erken-cikista-kullanilmayan-gecenin-ucretinin-iade-edilmemesi-ve-yetersiz-bilgilendirme,BOD153,The Oba Hotel,Torba,False,2025-08-17 14:28:00,4.0,603,PAYMENT_REFUND,True,ödeme|tutar|iade
erken-cikista-kullanilmayan-gecenin-ucretinin-iade-edilmemesi-ve-yetersiz-bilgilendirme,BOD153,The Oba Hotel,Torba,False,2025-08-17 14:28:00,4.0,603,PRICE_VALUE,True,ücret
erken-cikista-kullanilmayan-gecenin-ucretinin-iade-edilmemesi-ve-yetersiz-bilgilendirme,BOD153,The Oba Hotel,Torba,False,2025-08-17 14:28:00,4.0,603,CHECKIN_CHECKOUT,False,
erken-cikista-kullanilmayan-gecenin-ucretinin-iade-edilmemesi-ve-yetersiz-bilgilendirme,BOD153,The Oba Hotel,Torba,False,2025-08-17 14:28:00,4.0,603,AIR_CONDITIONING,False,
erken-cikista-kullanilmayan-gecenin-ucretinin-iade-edilmemesi-ve-yetersiz-bilgilendirme,BOD153,The Oba Hotel,Torba,False,2025-08-17 14:28:00,4.0,603,NOISE,False,
erken-cikista-kullanilmayan-gecenin-ucretinin-iade-edilmemesi-ve-yetersiz-bilgilendirme,BOD153,The Oba Hotel,Torba,False,2025-08-17 14:28:00,4.0,603,FAMILY_CHILDREN,False,
erken-cikista-kullanilmayan-gecenin-ucretinin-iade-edilmemesi-ve-yetersiz-bilgilendirme,BOD153,The Oba Hotel,Torba,False,2025-08-17 14:28:00,4.0,603,TRANSPORT_TRANSFER,False,
erken-cikista-kullanilmayan-gecenin-ucretinin-iade-edilmemesi-ve-yetersiz-bilgilendirme,BOD153,The Oba Hotel,Torba,False,2025-08-17 14:28:00,4.0,603,MANAGEMENT_COMMUNICATION,True,bilgilendirme|yönetim
erken-cikista-kullanilmayan-gecenin-ucretinin-iade-edilmemesi-ve-yetersiz-bilgilendirme,BOD153,The Oba Hotel,Torba,False,2025-08-17 14:28:00,4.0,603,SPA_WELLNESS,False,
erken-cikista-kullanilmayan-gecenin-ucretinin-iade-edilmemesi-ve-yetersiz-bilgilendirme,BOD153,The Oba Hotel,Torba,False,2025-08-17 14:28:00,4.0,603,SAFETY_SECURITY,False,
otel-odasinda-buhar-eksik-hizmet-ve-iade-sorunu,BOD153,The Oba Hotel,Torba,False,2025-07-27 16:20:00,4.0,603,STAFF_SERVICE,False,
otel-odasinda-buhar-eksik-hizmet-ve-iade-sorunu,BOD153,The Oba Hotel,Torba,False,2025-07-27 16:20:00,4.0,603,CLEANLINESS_HYGIENE,False,
otel-odasinda-buhar-eksik-hizmet-ve-iade-sorunu,BOD153,The Oba Hotel,Torba,False,2025-07-27 16:20:00,4.0,603,FOOD_BEVERAGE,False,
otel-odasinda-buhar-eksik-hizmet-ve-iade-sorunu,BOD153,The Oba Hotel,Torba,False,2025-07-27 16:20:00,4.0,603,ROOM,True,yatak|banyo|oda
otel-odasinda-buhar-eksik-hizmet-ve-iade-sorunu,BOD153,The Oba Hotel,Torba,False,2025-07-27 16:20:00,4.0,603,BEACH_SEA,False,
otel-odasinda-buhar-eksik-hizmet-ve-iade-sorunu,BOD153,The Oba Hotel,Torba,False,2025-07-27 16:20:00,4.0,603,POOL,False,
otel-odasinda-buhar-eksik-hizmet-ve-iade-sorunu,BOD153,The Oba Hotel,Torba,False,2025-07-27 16:20:00,4.0,603,FACILITIES_MAINTENANCE,True,kapı
otel-odasinda-buhar-eksik-hizmet-ve-iade-sorunu,BOD153,The Oba Hotel,Torba,False,2025-07-27 16:20:00,4.0,603,RESERVATION,False,
otel-odasinda-buhar-eksik-hizmet-ve-iade-sorunu,BOD153,The Oba Hotel,Torba,False,2025-07-27 16:20:00,4.0,603,PAYMENT_REFUND,True,para iadesi|iade|para
otel-odasinda-buhar-eksik-hizmet-ve-iade-sorunu,BOD153,The Oba Hotel,Torba,False,2025-07-27 16:20:00,4.0,603,PRICE_VALUE,False,
otel-odasinda-buhar-eksik-hizmet-ve-iade-sorunu,BOD153,The Oba Hotel,Torba,False,2025-07-27 16:20:00,4.0,603,CHECKIN_CHECKOUT,False,
otel-odasinda-buhar-eksik-hizmet-ve-iade-sorunu,BOD153,The Oba Hotel,Torba,False,2025-07-27 16:20:00,4.0,603,AIR_CONDITIONING,False,
otel-odasinda-buhar-eksik-hizmet-ve-iade-sorunu,BOD153,The Oba Hotel,Torba,False,2025-07-27 16:20:00,4.0,603,NOISE,True,ses
otel-odasinda-buhar-eksik-hizmet-ve-iade-sorunu,BOD153,The Oba Hotel,Torba,False,2025-07-27 16:20:00,4.0,603,FAMILY_CHILDREN,False,
otel-odasinda-buhar-eksik-hizmet-ve-iade-sorunu,BOD153,The Oba Hotel,Torba,False,2025-07-27 16:20:00,4.0,603,TRANSPORT_TRANSFER,False,
otel-odasinda-buhar-eksik-hizmet-ve-iade-sorunu,BOD153,The Oba Hotel,Torba,False,2025-07-27 16:20:00,4.0,603,MANAGEMENT_COMMUNICATION,False,
otel-odasinda-buhar-eksik-hizmet-ve-iade-sorunu,BOD153,The Oba Hotel,Torba,False,2025-07-27 16:20:00,4.0,603,SPA_WELLNESS,False,
otel-odasinda-buhar-eksik-hizmet-ve-iade-sorunu,BOD153,The Oba Hotel,Torba,False,2025-07-27 16:20:00,4.0,603,SAFETY_SECURITY,False,
erken-giriste-kahvalti-ucretli-olmasi-ve-misafir-karsilamasi-sorunu,BOD153,The Oba Hotel,Torba,False,2025-06-01 10:47:00,4.0,603,STAFF_SERVICE,False,
erken-giriste-kahvalti-ucretli-olmasi-ve-misafir-karsilamasi-sorunu,BOD153,The Oba Hotel,Torba,False,2025-06-01 10:47:00,4.0,603,CLEANLINESS_HYGIENE,False,
erken-giriste-kahvalti-ucretli-olmasi-ve-misafir-karsilamasi-sorunu,BOD153,The Oba Hotel,Torba,False,2025-06-01 10:47:00,4.0,603,FOOD_BEVERAGE,True,kahvaltı
erken-giriste-kahvalti-ucretli-olmasi-ve-misafir-karsilamasi-sorunu,BOD153,The Oba Hotel,Torba,False,2025-06-01 10:47:00,4.0,603,ROOM,False,
erken-giriste-kahvalti-ucretli-olmasi-ve-misafir-karsilamasi-sorunu,BOD153,The Oba Hotel,Torba,False,2025-06-01 10:47:00,4.0,603,BEACH_SEA,False,
erken-giriste-kahvalti-ucretli-olmasi-ve-misafir-karsilamasi-sorunu,BOD153,The Oba Hotel,Torba,False,2025-06-01 10:47:00,4.0,603,POOL,False,
erken-giriste-kahvalti-ucretli-olmasi-ve-misafir-karsilamasi-sorunu,BOD153,The Oba Hotel,Torba,False,2025-06-01 10:47:00,4.0,603,FACILITIES_MAINTENANCE,True,kapı
erken-giriste-kahvalti-ucretli-olmasi-ve-misafir-karsilamasi-sorunu,BOD153,The Oba Hotel,Torba,False,2025-06-01 10:47:00,4.0,603,RESERVATION,True,rezervasyon
erken-giriste-kahvalti-ucretli-olmasi-ve-misafir-karsilamasi-sorunu,BOD153,The Oba Hotel,Torba,False,2025-06-01 10:47:00,4.0,603,PAYMENT_REFUND,False,
erken-giriste-kahvalti-ucretli-olmasi-ve-misafir-karsilamasi-sorunu,BOD153,The Oba Hotel,Torba,False,2025-06-01 10:47:00,4.0,603,PRICE_VALUE,True,ücret
erken-giriste-kahvalti-ucretli-olmasi-ve-misafir-karsilamasi-sorunu,BOD153,The Oba Hotel,Torba,False,2025-06-01 10:47:00,4.0,603,CHECKIN_CHECKOUT,False,
erken-giriste-kahvalti-ucretli-olmasi-ve-misafir-karsilamasi-sorunu,BOD153,The Oba Hotel,Torba,False,2025-06-01 10:47:00,4.0,603,AIR_CONDITIONING,False,
erken-giriste-kahvalti-ucretli-olmasi-ve-misafir-karsilamasi-sorunu,BOD153,The Oba Hotel,Torba,False,2025-06-01 10:47:00,4.0,603,NOISE,False,
erken-giriste-kahvalti-ucretli-olmasi-ve-misafir-karsilamasi-sorunu,BOD153,The Oba Hotel,Torba,False,2025-06-01 10:47:00,4.0,603,FAMILY_CHILDREN,False,
erken-giriste-kahvalti-ucretli-olmasi-ve-misafir-karsilamasi-sorunu,BOD153,The Oba Hotel,Torba,False,2025-06-01 10:47:00,4.0,603,TRANSPORT_TRANSFER,False,
erken-giriste-kahvalti-ucretli-olmasi-ve-misafir-karsilamasi-sorunu,BOD153,The Oba Hotel,Torba,False,2025-06-01 10:47:00,4.0,603,MANAGEMENT_COMMUNICATION,False,
erken-giriste-kahvalti-ucretli-olmasi-ve-misafir-karsilamasi-sorunu,BOD153,The Oba Hotel,Torba,False,2025-06-01 10:47:00,4.0,603,SPA_WELLNESS,False,
erken-giriste-kahvalti-ucretli-olmasi-ve-misafir-karsilamasi-sorunu,BOD153,The Oba Hotel,Torba,False,2025-06-01 10:47:00,4.0,603,SAFETY_SECURITY,False,
otele-giriste-sok-kahvalti-ucretli-surprizi,BOD153,The Oba Hotel,Torba,False,2025-06-01 10:09:00,4.0,603,STAFF_SERVICE,False,
otele-giriste-sok-kahvalti-ucretli-surprizi,BOD153,The Oba Hotel,Torba,False,2025-06-01 10:09:00,4.0,603,CLEANLINESS_HYGIENE,False,
otele-giriste-sok-kahvalti-ucretli-surprizi,BOD153,The Oba Hotel,Torba,False,2025-06-01 10:09:00,4.0,603,FOOD_BEVERAGE,True,kahvaltı
otele-giriste-sok-kahvalti-ucretli-surprizi,BOD153,The Oba Hotel,Torba,False,2025-06-01 10:09:00,4.0,603,ROOM,True,oda
otele-giriste-sok-kahvalti-ucretli-surprizi,BOD153,The Oba Hotel,Torba,False,2025-06-01 10:09:00,4.0,603,BEACH_SEA,False,
otele-giriste-sok-kahvalti-ucretli-surprizi,BOD153,The Oba Hotel,Torba,False,2025-06-01 10:09:00,4.0,603,POOL,False,
otele-giriste-sok-kahvalti-ucretli-surprizi,BOD153,The Oba Hotel,Torba,False,2025-06-01 10:09:00,4.0,603,FACILITIES_MAINTENANCE,False,
otele-giriste-sok-kahvalti-ucretli-surprizi,BOD153,The Oba Hotel,Torba,False,2025-06-01 10:09:00,4.0,603,RESERVATION,True,rezervasyon
otele-giriste-sok-kahvalti-ucretli-surprizi,BOD153,The Oba Hotel,Torba,False,2025-06-01 10:09:00,4.0,603,PAYMENT_REFUND,False,
otele-giriste-sok-kahvalti-ucretli-surprizi,BOD153,The Oba Hotel,Torba,False,2025-06-01 10:09:00,4.0,603,PRICE_VALUE,True,ücret
otele-giriste-sok-kahvalti-ucretli-surprizi,BOD153,The Oba Hotel,Torba,False,2025-06-01 10:09:00,4.0,603,CHECKIN_CHECKOUT,False,
otele-giriste-sok-kahvalti-ucretli-surprizi,BOD153,The Oba Hotel,Torba,False,2025-06-01 10:09:00,4.0,603,AIR_CONDITIONING,False,
otele-giriste-sok-kahvalti-ucretli-surprizi,BOD153,The Oba Hotel,Torba,False,2025-06-01 10:09:00,4.0,603,NOISE,False,
otele-giriste-sok-kahvalti-ucretli-surprizi,BOD153,The Oba Hotel,Torba,False,2025-06-01 10:09:00,4.0,603,FAMILY_CHILDREN,False,
otele-giriste-sok-kahvalti-ucretli-surprizi,BOD153,The Oba Hotel,Torba,False,2025-06-01 10:09:00,4.0,603,TRANSPORT_TRANSFER,False,
otele-giriste-sok-kahvalti-ucretli-surprizi,BOD153,The Oba Hotel,Torba,False,2025-06-01 10:09:00,4.0,603,MANAGEMENT_COMMUNICATION,True,bilgilendirme
otele-giriste-sok-kahvalti-ucretli-surprizi,BOD153,The Oba Hotel,Torba,False,2025-06-01 10:09:00,4.0,603,SPA_WELLNESS,False,
otele-giriste-sok-kahvalti-ucretli-surprizi,BOD153,The Oba Hotel,Torba,False,2025-06-01 10:09:00,4.0,603,SAFETY_SECURITY,False,
the-oba-hotel-the-oba-otel,BOD153,The Oba Hotel,Torba,False,2024-09-08 15:16:00,4.0,603,STAFF_SERVICE,True,servis
the-oba-hotel-the-oba-otel,BOD153,The Oba Hotel,Torba,False,2024-09-08 15:16:00,4.0,603,CLEANLINESS_HYGIENE,False,
the-oba-hotel-the-oba-otel,BOD153,The Oba Hotel,Torba,False,2024-09-08 15:16:00,4.0,603,FOOD_BEVERAGE,True,yemek
the-oba-hotel-the-oba-otel,BOD153,The Oba Hotel,Torba,False,2024-09-08 15:16:00,4.0,603,ROOM,False,
the-oba-hotel-the-oba-otel,BOD153,The Oba Hotel,Torba,False,2024-09-08 15:16:00,4.0,603,BEACH_SEA,True,plaj
the-oba-hotel-the-oba-otel,BOD153,The Oba Hotel,Torba,False,2024-09-08 15:16:00,4.0,603,POOL,False,
the-oba-hotel-the-oba-otel,BOD153,The Oba Hotel,Torba,False,2024-09-08 15:16:00,4.0,603,FACILITIES_MAINTENANCE,False,
the-oba-hotel-the-oba-otel,BOD153,The Oba Hotel,Torba,False,2024-09-08 15:16:00,4.0,603,RESERVATION,False,
the-oba-hotel-the-oba-otel,BOD153,The Oba Hotel,Torba,False,2024-09-08 15:16:00,4.0,603,PAYMENT_REFUND,True,para
the-oba-hotel-the-oba-otel,BOD153,The Oba Hotel,Torba,False,2024-09-08 15:16:00,4.0,603,PRICE_VALUE,True,hak etmeyen
the-oba-hotel-the-oba-otel,BOD153,The Oba Hotel,Torba,False,2024-09-08 15:16:00,4.0,603,CHECKIN_CHECKOUT,False,
the-oba-hotel-the-oba-otel,BOD153,The Oba Hotel,Torba,False,2024-09-08 15:16:00,4.0,603,AIR_CONDITIONING,False,
the-oba-hotel-the-oba-otel,BOD153,The Oba Hotel,Torba,False,2024-09-08 15:16:00,4.0,603,NOISE,False,
the-oba-hotel-the-oba-otel,BOD153,The Oba Hotel,Torba,False,2024-09-08 15:16:00,4.0,603,FAMILY_CHILDREN,True,çocuğum
the-oba-hotel-the-oba-otel,BOD153,The Oba Hotel,Torba,False,2024-09-08 15:16:00,4.0,603,TRANSPORT_TRANSFER,False,
the-oba-hotel-the-oba-otel,BOD153,The Oba Hotel,Torba,False,2024-09-08 15:16:00,4.0,603,MANAGEMENT_COMMUNICATION,False,
the-oba-hotel-the-oba-otel,BOD153,The Oba Hotel,Torba,False,2024-09-08 15:16:00,4.0,603,SPA_WELLNESS,False,
the-oba-hotel-the-oba-otel,BOD153,The Oba Hotel,Torba,False,2024-09-08 15:16:00,4.0,603,SAFETY_SECURITY,False,
the-oba-hotelde-saglik-ve-hijyen-sorunlari,BOD153,The Oba Hotel,Torba,False,2024-08-28 01:04:00,4.0,603,STAFF_SERVICE,True,görevli|hizmet
the-oba-hotelde-saglik-ve-hijyen-sorunlari,BOD153,The Oba Hotel,Torba,False,2024-08-28 01:04:00,4.0,603,CLEANLINESS_HYGIENE,True,temiz|böcek|leke|koku
the-oba-hotelde-saglik-ve-hijyen-sorunlari,BOD153,The Oba Hotel,Torba,False,2024-08-28 01:04:00,4.0,603,FOOD_BEVERAGE,True,restoran|yemek|tabak
the-oba-hotelde-saglik-ve-hijyen-sorunlari,BOD153,The Oba Hotel,Torba,False,2024-08-28 01:04:00,4.0,603,ROOM,True,oda
the-oba-hotelde-saglik-ve-hijyen-sorunlari,BOD153,The Oba Hotel,Torba,False,2024-08-28 01:04:00,4.0,603,BEACH_SEA,True,plaj
the-oba-hotelde-saglik-ve-hijyen-sorunlari,BOD153,The Oba Hotel,Torba,False,2024-08-28 01:04:00,4.0,603,POOL,False,
the-oba-hotelde-saglik-ve-hijyen-sorunlari,BOD153,The Oba Hotel,Torba,False,2024-08-28 01:04:00,4.0,603,FACILITIES_MAINTENANCE,False,
the-oba-hotelde-saglik-ve-hijyen-sorunlari,BOD153,The Oba Hotel,Torba,False,2024-08-28 01:04:00,4.0,603,RESERVATION,False,
the-oba-hotelde-saglik-ve-hijyen-sorunlari,BOD153,The Oba Hotel,Torba,False,2024-08-28 01:04:00,4.0,603,PAYMENT_REFUND,True,para
the-oba-hotelde-saglik-ve-hijyen-sorunlari,BOD153,The Oba Hotel,Torba,False,2024-08-28 01:04:00,4.0,603,PRICE_VALUE,True,hak etmeyen
the-oba-hotelde-saglik-ve-hijyen-sorunlari,BOD153,The Oba Hotel,Torba,False,2024-08-28 01:04:00,4.0,603,CHECKIN_CHECKOUT,False,
the-oba-hotelde-saglik-ve-hijyen-sorunlari,BOD153,The Oba Hotel,Torba,False,2024-08-28 01:04:00,4.0,603,AIR_CONDITIONING,False,
the-oba-hotelde-saglik-ve-hijyen-sorunlari,BOD153,The Oba Hotel,Torba,False,2024-08-28 01:04:00,4.0,603,NOISE,False,
the-oba-hotelde-saglik-ve-hijyen-sorunlari,BOD153,The Oba Hotel,Torba,False,2024-08-28 01:04:00,4.0,603,FAMILY_CHILDREN,True,çocuğum|çocuk|aile
the-oba-hotelde-saglik-ve-hijyen-sorunlari,BOD153,The Oba Hotel,Torba,False,2024-08-28 01:04:00,4.0,603,TRANSPORT_TRANSFER,False,
the-oba-hotelde-saglik-ve-hijyen-sorunlari,BOD153,The Oba Hotel,Torba,False,2024-08-28 01:04:00,4.0,603,MANAGEMENT_COMMUNICATION,True,telefon
the-oba-hotelde-saglik-ve-hijyen-sorunlari,BOD153,The Oba Hotel,Torba,False,2024-08-28 01:04:00,4.0,603,SPA_WELLNESS,True,spa
the-oba-hotelde-saglik-ve-hijyen-sorunlari,BOD153,The Oba Hotel,Torba,False,2024-08-28 01:04:00,4.0,603,SAFETY_SECURITY,True,güvenlik|güvenli|hastane
the-oba-hotelde-yasadigim-hayal-kirikligi,BOD153,The Oba Hotel,Torba,False,2024-08-23 10:24:00,4.0,603,STAFF_SERVICE,False,
the-oba-hotelde-yasadigim-hayal-kirikligi,BOD153,The Oba Hotel,Torba,False,2024-08-23 10:24:00,4.0,603,CLEANLINESS_HYGIENE,False,
the-oba-hotelde-yasadigim-hayal-kirikligi,BOD153,The Oba Hotel,Torba,False,2024-08-23 10:24:00,4.0,603,FOOD_BEVERAGE,False,
the-oba-hotelde-yasadigim-hayal-kirikligi,BOD153,The Oba Hotel,Torba,False,2024-08-23 10:24:00,4.0,603,ROOM,True,banyo|oda
the-oba-hotelde-yasadigim-hayal-kirikligi,BOD153,The Oba Hotel,Torba,False,2024-08-23 10:24:00,4.0,603,BEACH_SEA,False,
the-oba-hotelde-yasadigim-hayal-kirikligi,BOD153,The Oba Hotel,Torba,False,2024-08-23 10:24:00,4.0,603,POOL,False,
the-oba-hotelde-yasadigim-hayal-kirikligi,BOD153,The Oba Hotel,Torba,False,2024-08-23 10:24:00,4.0,603,FACILITIES_MAINTENANCE,False,
the-oba-hotelde-yasadigim-hayal-kirikligi,BOD153,The Oba Hotel,Torba,False,2024-08-23 10:24:00,4.0,603,RESERVATION,False,
the-oba-hotelde-yasadigim-hayal-kirikligi,BOD153,The Oba Hotel,Torba,False,2024-08-23 10:24:00,4.0,603,PAYMENT_REFUND,True,para
the-oba-hotelde-yasadigim-hayal-kirikligi,BOD153,The Oba Hotel,Torba,False,2024-08-23 10:24:00,4.0,603,PRICE_VALUE,True,pahalı
the-oba-hotelde-yasadigim-hayal-kirikligi,BOD153,The Oba Hotel,Torba,False,2024-08-23 10:24:00,4.0,603,CHECKIN_CHECKOUT,False,
the-oba-hotelde-yasadigim-hayal-kirikligi,BOD153,The Oba Hotel,Torba,False,2024-08-23 10:24:00,4.0,603,AIR_CONDITIONING,False,
the-oba-hotelde-yasadigim-hayal-kirikligi,BOD153,The Oba Hotel,Torba,False,2024-08-23 10:24:00,4.0,603,NOISE,False,
the-oba-hotelde-yasadigim-hayal-kirikligi,BOD153,The Oba Hotel,Torba,False,2024-08-23 10:24:00,4.0,603,FAMILY_CHILDREN,False,
the-oba-hotelde-yasadigim-hayal-kirikligi,BOD153,The Oba Hotel,Torba,False,2024-08-23 10:24:00,4.0,603,TRANSPORT_TRANSFER,False,
the-oba-hotelde-yasadigim-hayal-kirikligi,BOD153,The Oba Hotel,Torba,False,2024-08-23 10:24:00,4.0,603,MANAGEMENT_COMMUNICATION,False,
the-oba-hotelde-yasadigim-hayal-kirikligi,BOD153,The Oba Hotel,Torba,False,2024-08-23 10:24:00,4.0,603,SPA_WELLNESS,False,
the-oba-hotelde-yasadigim-hayal-kirikligi,BOD153,The Oba Hotel,Torba,False,2024-08-23 10:24:00,4.0,603,SAFETY_SECURITY,False,
the-oba-hotel-musteri-memnuniyeti-sifir,BOD153,The Oba Hotel,Torba,False,2024-06-19 11:58:00,4.0,603,STAFF_SERVICE,True,personel|çalışan|garson
the-oba-hotel-musteri-memnuniyeti-sifir,BOD153,The Oba Hotel,Torba,False,2024-06-19 11:58:00,4.0,603,CLEANLINESS_HYGIENE,False,
the-oba-hotel-musteri-memnuniyeti-sifir,BOD153,The Oba Hotel,Torba,False,2024-06-19 11:58:00,4.0,603,FOOD_BEVERAGE,True,kahvaltı|restoran|yemek
the-oba-hotel-musteri-memnuniyeti-sifir,BOD153,The Oba Hotel,Torba,False,2024-06-19 11:58:00,4.0,603,ROOM,True,oda
the-oba-hotel-musteri-memnuniyeti-sifir,BOD153,The Oba Hotel,Torba,False,2024-06-19 11:58:00,4.0,603,BEACH_SEA,False,
the-oba-hotel-musteri-memnuniyeti-sifir,BOD153,The Oba Hotel,Torba,False,2024-06-19 11:58:00,4.0,603,POOL,True,havuz
the-oba-hotel-musteri-memnuniyeti-sifir,BOD153,The Oba Hotel,Torba,False,2024-06-19 11:58:00,4.0,603,FACILITIES_MAINTENANCE,False,
the-oba-hotel-musteri-memnuniyeti-sifir,BOD153,The Oba Hotel,Torba,False,2024-06-19 11:58:00,4.0,603,RESERVATION,False,
the-oba-hotel-musteri-memnuniyeti-sifir,BOD153,The Oba Hotel,Torba,False,2024-06-19 11:58:00,4.0,603,PAYMENT_REFUND,True,ödeme
the-oba-hotel-musteri-memnuniyeti-sifir,BOD153,The Oba Hotel,Torba,False,2024-06-19 11:58:00,4.0,603,PRICE_VALUE,False,
the-oba-hotel-musteri-memnuniyeti-sifir,BOD153,The Oba Hotel,Torba,False,2024-06-19 11:58:00,4.0,603,CHECKIN_CHECKOUT,False,
the-oba-hotel-musteri-memnuniyeti-sifir,BOD153,The Oba Hotel,Torba,False,2024-06-19 11:58:00,4.0,603,AIR_CONDITIONING,False,
the-oba-hotel-musteri-memnuniyeti-sifir,BOD153,The Oba Hotel,Torba,False,2024-06-19 11:58:00,4.0,603,NOISE,True,ses
the-oba-hotel-musteri-memnuniyeti-sifir,BOD153,The Oba Hotel,Torba,False,2024-06-19 11:58:00,4.0,603,FAMILY_CHILDREN,True,aile
the-oba-hotel-musteri-memnuniyeti-sifir,BOD153,The Oba Hotel,Torba,False,2024-06-19 11:58:00,4.0,603,TRANSPORT_TRANSFER,False,
the-oba-hotel-musteri-memnuniyeti-sifir,BOD153,The Oba Hotel,Torba,False,2024-06-19 11:58:00,4.0,603,MANAGEMENT_COMMUNICATION,True,yönetim|telefon|müdür
the-oba-hotel-musteri-memnuniyeti-sifir,BOD153,The Oba Hotel,Torba,False,2024-06-19 11:58:00,4.0,603,SPA_WELLNESS,False,
the-oba-hotel-musteri-memnuniyeti-sifir,BOD153,The Oba Hotel,Torba,False,2024-06-19 11:58:00,4.0,603,SAFETY_SECURITY,False,
the-oba-hotel-rezervasyon-iptalinde-haksiz-kesinti-ve-gecikmeli-iade,BOD153,The Oba Hotel,Torba,False,2024-06-15 19:54:00,4.0,603,STAFF_SERVICE,False,
the-oba-hotel-rezervasyon-iptalinde-haksiz-kesinti-ve-gecikmeli-iade,BOD153,The Oba Hotel,Torba,False,2024-06-15 19:54:00,4.0,603,CLEANLINESS_HYGIENE,False,
the-oba-hotel-rezervasyon-iptalinde-haksiz-kesinti-ve-gecikmeli-iade,BOD153,The Oba Hotel,Torba,False,2024-06-15 19:54:00,4.0,603,FOOD_BEVERAGE,False,
the-oba-hotel-rezervasyon-iptalinde-haksiz-kesinti-ve-gecikmeli-iade,BOD153,The Oba Hotel,Torba,False,2024-06-15 19:54:00,4.0,603,ROOM,False,
the-oba-hotel-rezervasyon-iptalinde-haksiz-kesinti-ve-gecikmeli-iade,BOD153,The Oba Hotel,Torba,False,2024-06-15 19:54:00,4.0,603,BEACH_SEA,False,
the-oba-hotel-rezervasyon-iptalinde-haksiz-kesinti-ve-gecikmeli-iade,BOD153,The Oba Hotel,Torba,False,2024-06-15 19:54:00,4.0,603,POOL,False,
the-oba-hotel-rezervasyon-iptalinde-haksiz-kesinti-ve-gecikmeli-iade,BOD153,The Oba Hotel,Torba,False,2024-06-15 19:54:00,4.0,603,FACILITIES_MAINTENANCE,False,
the-oba-hotel-rezervasyon-iptalinde-haksiz-kesinti-ve-gecikmeli-iade,BOD153,The Oba Hotel,Torba,False,2024-06-15 19:54:00,4.0,603,RESERVATION,True,rezervasyon|iptal
the-oba-hotel-rezervasyon-iptalinde-haksiz-kesinti-ve-gecikmeli-iade,BOD153,The Oba Hotel,Torba,False,2024-06-15 19:54:00,4.0,603,PAYMENT_REFUND,True,kesinti|ödeme|iade
the-oba-hotel-rezervasyon-iptalinde-haksiz-kesinti-ve-gecikmeli-iade,BOD153,The Oba Hotel,Torba,False,2024-06-15 19:54:00,4.0,603,PRICE_VALUE,False,
the-oba-hotel-rezervasyon-iptalinde-haksiz-kesinti-ve-gecikmeli-iade,BOD153,The Oba Hotel,Torba,False,2024-06-15 19:54:00,4.0,603,CHECKIN_CHECKOUT,False,
the-oba-hotel-rezervasyon-iptalinde-haksiz-kesinti-ve-gecikmeli-iade,BOD153,The Oba Hotel,Torba,False,2024-06-15 19:54:00,4.0,603,AIR_CONDITIONING,False,
the-oba-hotel-rezervasyon-iptalinde-haksiz-kesinti-ve-gecikmeli-iade,BOD153,The Oba Hotel,Torba,False,2024-06-15 19:54:00,4.0,603,NOISE,False,
the-oba-hotel-rezervasyon-iptalinde-haksiz-kesinti-ve-gecikmeli-iade,BOD153,The Oba Hotel,Torba,False,2024-06-15 19:54:00,4.0,603,FAMILY_CHILDREN,False,
the-oba-hotel-rezervasyon-iptalinde-haksiz-kesinti-ve-gecikmeli-iade,BOD153,The Oba Hotel,Torba,False,2024-06-15 19:54:00,4.0,603,TRANSPORT_TRANSFER,False,
the-oba-hotel-rezervasyon-iptalinde-haksiz-kesinti-ve-gecikmeli-iade,BOD153,The Oba Hotel,Torba,False,2024-06-15 19:54:00,4.0,603,MANAGEMENT_COMMUNICATION,False,
the-oba-hotel-rezervasyon-iptalinde-haksiz-kesinti-ve-gecikmeli-iade,BOD153,The Oba Hotel,Torba,False,2024-06-15 19:54:00,4.0,603,SPA_WELLNESS,False,
the-oba-hotel-rezervasyon-iptalinde-haksiz-kesinti-ve-gecikmeli-iade,BOD153,The Oba Hotel,Torba,False,2024-06-15 19:54:00,4.0,603,SAFETY_SECURITY,False,
titanic-luxury-collection-bodrum-herhangi-bir-geri-donus-yapilmadi,BOD110,Titanic Luxury Collection Bodrum,Güvercinlik,False,2026-07-05 22:26:00,4.6,4656,STAFF_SERVICE,False,
titanic-luxury-collection-bodrum-herhangi-bir-geri-donus-yapilmadi,BOD110,Titanic Luxury Collection Bodrum,Güvercinlik,False,2026-07-05 22:26:00,4.6,4656,CLEANLINESS_HYGIENE,False,
titanic-luxury-collection-bodrum-herhangi-bir-geri-donus-yapilmadi,BOD110,Titanic Luxury Collection Bodrum,Güvercinlik,False,2026-07-05 22:26:00,4.6,4656,FOOD_BEVERAGE,False,
titanic-luxury-collection-bodrum-herhangi-bir-geri-donus-yapilmadi,BOD110,Titanic Luxury Collection Bodrum,Güvercinlik,False,2026-07-05 22:26:00,4.6,4656,ROOM,False,
titanic-luxury-collection-bodrum-herhangi-bir-geri-donus-yapilmadi,BOD110,Titanic Luxury Collection Bodrum,Güvercinlik,False,2026-07-05 22:26:00,4.6,4656,BEACH_SEA,False,
titanic-luxury-collection-bodrum-herhangi-bir-geri-donus-yapilmadi,BOD110,Titanic Luxury Collection Bodrum,Güvercinlik,False,2026-07-05 22:26:00,4.6,4656,POOL,False,
titanic-luxury-collection-bodrum-herhangi-bir-geri-donus-yapilmadi,BOD110,Titanic Luxury Collection Bodrum,Güvercinlik,False,2026-07-05 22:26:00,4.6,4656,FACILITIES_MAINTENANCE,True,kırık
titanic-luxury-collection-bodrum-herhangi-bir-geri-donus-yapilmadi,BOD110,Titanic Luxury Collection Bodrum,Güvercinlik,False,2026-07-05 22:26:00,4.6,4656,RESERVATION,True,rezervasyon
titanic-luxury-collection-bodrum-herhangi-bir-geri-donus-yapilmadi,BOD110,Titanic Luxury Collection Bodrum,Güvercinlik,False,2026-07-05 22:26:00,4.6,4656,PAYMENT_REFUND,False,
titanic-luxury-collection-bodrum-herhangi-bir-geri-donus-yapilmadi,BOD110,Titanic Luxury Collection Bodrum,Güvercinlik,False,2026-07-05 22:26:00,4.6,4656,PRICE_VALUE,False,
titanic-luxury-collection-bodrum-herhangi-bir-geri-donus-yapilmadi,BOD110,Titanic Luxury Collection Bodrum,Güvercinlik,False,2026-07-05 22:26:00,4.6,4656,CHECKIN_CHECKOUT,False,
titanic-luxury-collection-bodrum-herhangi-bir-geri-donus-yapilmadi,BOD110,Titanic Luxury Collection Bodrum,Güvercinlik,False,2026-07-05 22:26:00,4.6,4656,AIR_CONDITIONING,False,
titanic-luxury-collection-bodrum-herhangi-bir-geri-donus-yapilmadi,BOD110,Titanic Luxury Collection Bodrum,Güvercinlik,False,2026-07-05 22:26:00,4.6,4656,NOISE,False,
titanic-luxury-collection-bodrum-herhangi-bir-geri-donus-yapilmadi,BOD110,Titanic Luxury Collection Bodrum,Güvercinlik,False,2026-07-05 22:26:00,4.6,4656,FAMILY_CHILDREN,False,
titanic-luxury-collection-bodrum-herhangi-bir-geri-donus-yapilmadi,BOD110,Titanic Luxury Collection Bodrum,Güvercinlik,False,2026-07-05 22:26:00,4.6,4656,TRANSPORT_TRANSFER,False,
titanic-luxury-collection-bodrum-herhangi-bir-geri-donus-yapilmadi,BOD110,Titanic Luxury Collection Bodrum,Güvercinlik,False,2026-07-05 22:26:00,4.6,4656,MANAGEMENT_COMMUNICATION,True,geri dönüş|bilgilendirme|telefon
titanic-luxury-collection-bodrum-herhangi-bir-geri-donus-yapilmadi,BOD110,Titanic Luxury Collection Bodrum,Güvercinlik,False,2026-07-05 22:26:00,4.6,4656,SPA_WELLNESS,False,
titanic-luxury-collection-bodrum-herhangi-bir-geri-donus-yapilmadi,BOD110,Titanic Luxury Collection Bodrum,Güvercinlik,False,2026-07-05 22:26:00,4.6,4656,SAFETY_SECURITY,False,
titanic-luxury-bodrumda-rezervasyon-talebine-cevap-verilmemesi,BOD110,Titanic Luxury Collection Bodrum,Güvercinlik,False,2026-07-04 15:50:00,4.6,4656,STAFF_SERVICE,False,
titanic-luxury-bodrumda-rezervasyon-talebine-cevap-verilmemesi,BOD110,Titanic Luxury Collection Bodrum,Güvercinlik,False,2026-07-04 15:50:00,4.6,4656,CLEANLINESS_HYGIENE,False,
titanic-luxury-bodrumda-rezervasyon-talebine-cevap-verilmemesi,BOD110,Titanic Luxury Collection Bodrum,Güvercinlik,False,2026-07-04 15:50:00,4.6,4656,FOOD_BEVERAGE,False,
titanic-luxury-bodrumda-rezervasyon-talebine-cevap-verilmemesi,BOD110,Titanic Luxury Collection Bodrum,Güvercinlik,False,2026-07-04 15:50:00,4.6,4656,ROOM,False,
titanic-luxury-bodrumda-rezervasyon-talebine-cevap-verilmemesi,BOD110,Titanic Luxury Collection Bodrum,Güvercinlik,False,2026-07-04 15:50:00,4.6,4656,BEACH_SEA,False,
titanic-luxury-bodrumda-rezervasyon-talebine-cevap-verilmemesi,BOD110,Titanic Luxury Collection Bodrum,Güvercinlik,False,2026-07-04 15:50:00,4.6,4656,POOL,False,
titanic-luxury-bodrumda-rezervasyon-talebine-cevap-verilmemesi,BOD110,Titanic Luxury Collection Bodrum,Güvercinlik,False,2026-07-04 15:50:00,4.6,4656,FACILITIES_MAINTENANCE,True,kırık
titanic-luxury-bodrumda-rezervasyon-talebine-cevap-verilmemesi,BOD110,Titanic Luxury Collection Bodrum,Güvercinlik,False,2026-07-04 15:50:00,4.6,4656,RESERVATION,True,rezervasyon
titanic-luxury-bodrumda-rezervasyon-talebine-cevap-verilmemesi,BOD110,Titanic Luxury Collection Bodrum,Güvercinlik,False,2026-07-04 15:50:00,4.6,4656,PAYMENT_REFUND,False,
titanic-luxury-bodrumda-rezervasyon-talebine-cevap-verilmemesi,BOD110,Titanic Luxury Collection Bodrum,Güvercinlik,False,2026-07-04 15:50:00,4.6,4656,PRICE_VALUE,False,
titanic-luxury-bodrumda-rezervasyon-talebine-cevap-verilmemesi,BOD110,Titanic Luxury Collection Bodrum,Güvercinlik,False,2026-07-04 15:50:00,4.6,4656,CHECKIN_CHECKOUT,False,
titanic-luxury-bodrumda-rezervasyon-talebine-cevap-verilmemesi,BOD110,Titanic Luxury Collection Bodrum,Güvercinlik,False,2026-07-04 15:50:00,4.6,4656,AIR_CONDITIONING,False,
titanic-luxury-bodrumda-rezervasyon-talebine-cevap-verilmemesi,BOD110,Titanic Luxury Collection Bodrum,Güvercinlik,False,2026-07-04 15:50:00,4.6,4656,NOISE,False,
titanic-luxury-bodrumda-rezervasyon-talebine-cevap-verilmemesi,BOD110,Titanic Luxury Collection Bodrum,Güvercinlik,False,2026-07-04 15:50:00,4.6,4656,FAMILY_CHILDREN,False,
titanic-luxury-bodrumda-rezervasyon-talebine-cevap-verilmemesi,BOD110,Titanic Luxury Collection Bodrum,Güvercinlik,False,2026-07-04 15:50:00,4.6,4656,TRANSPORT_TRANSFER,False,
titanic-luxury-bodrumda-rezervasyon-talebine-cevap-verilmemesi,BOD110,Titanic Luxury Collection Bodrum,Güvercinlik,False,2026-07-04 15:50:00,4.6,4656,MANAGEMENT_COMMUNICATION,True,geri dönüş|telefon
titanic-luxury-bodrumda-rezervasyon-talebine-cevap-verilmemesi,BOD110,Titanic Luxury Collection Bodrum,Güvercinlik,False,2026-07-04 15:50:00,4.6,4656,SPA_WELLNESS,False,
titanic-luxury-bodrumda-rezervasyon-talebine-cevap-verilmemesi,BOD110,Titanic Luxury Collection Bodrum,Güvercinlik,False,2026-07-04 15:50:00,4.6,4656,SAFETY_SECURITY,False,
titanic-luxury-collection-bodrum-saglik-durumum-hicbir-sekilde-dikkate-alinmadi,BOD110,Titanic Luxury Collection Bodrum,Güvercinlik,False,,4.6,4656,STAFF_SERVICE,True,hizmet
titanic-luxury-collection-bodrum-saglik-durumum-hicbir-sekilde-dikkate-alinmadi,BOD110,Titanic Luxury Collection Bodrum,Güvercinlik,False,,4.6,4656,CLEANLINESS_HYGIENE,False,
titanic-luxury-collection-bodrum-saglik-durumum-hicbir-sekilde-dikkate-alinmadi,BOD110,Titanic Luxury Collection Bodrum,Güvercinlik,False,,4.6,4656,FOOD_BEVERAGE,False,
titanic-luxury-collection-bodrum-saglik-durumum-hicbir-sekilde-dikkate-alinmadi,BOD110,Titanic Luxury Collection Bodrum,Güvercinlik,False,,4.6,4656,ROOM,True,oda değişikliği|oda
titanic-luxury-collection-bodrum-saglik-durumum-hicbir-sekilde-dikkate-alinmadi,BOD110,Titanic Luxury Collection Bodrum,Güvercinlik,False,,4.6,4656,BEACH_SEA,False,
titanic-luxury-collection-bodrum-saglik-durumum-hicbir-sekilde-dikkate-alinmadi,BOD110,Titanic Luxury Collection Bodrum,Güvercinlik,False,,4.6,4656,POOL,False,
titanic-luxury-collection-bodrum-saglik-durumum-hicbir-sekilde-dikkate-alinmadi,BOD110,Titanic Luxury Collection Bodrum,Güvercinlik,False,,4.6,4656,FACILITIES_MAINTENANCE,False,
titanic-luxury-collection-bodrum-saglik-durumum-hicbir-sekilde-dikkate-alinmadi,BOD110,Titanic Luxury Collection Bodrum,Güvercinlik,False,,4.6,4656,RESERVATION,False,
titanic-luxury-collection-bodrum-saglik-durumum-hicbir-sekilde-dikkate-alinmadi,BOD110,Titanic Luxury Collection Bodrum,Güvercinlik,False,,4.6,4656,PAYMENT_REFUND,True,tutar
titanic-luxury-collection-bodrum-saglik-durumum-hicbir-sekilde-dikkate-alinmadi,BOD110,Titanic Luxury Collection Bodrum,Güvercinlik,False,,4.6,4656,PRICE_VALUE,True,ödediğimiz|ücret
titanic-luxury-collection-bodrum-saglik-durumum-hicbir-sekilde-dikkate-alinmadi,BOD110,Titanic Luxury Collection Bodrum,Güvercinlik,False,,4.6,4656,CHECKIN_CHECKOUT,False,
titanic-luxury-collection-bodrum-saglik-durumum-hicbir-sekilde-dikkate-alinmadi,BOD110,Titanic Luxury Collection Bodrum,Güvercinlik,False,,4.6,4656,AIR_CONDITIONING,True,havalandırma
titanic-luxury-collection-bodrum-saglik-durumum-hicbir-sekilde-dikkate-alinmadi,BOD110,Titanic Luxury Collection Bodrum,Güvercinlik,False,,4.6,4656,NOISE,True,gürültü
titanic-luxury-collection-bodrum-saglik-durumum-hicbir-sekilde-dikkate-alinmadi,BOD110,Titanic Luxury Collection Bodrum,Güvercinlik,False,,4.6,4656,FAMILY_CHILDREN,False,
titanic-luxury-collection-bodrum-saglik-durumum-hicbir-sekilde-dikkate-alinmadi,BOD110,Titanic Luxury Collection Bodrum,Güvercinlik,False,,4.6,4656,TRANSPORT_TRANSFER,False,
titanic-luxury-collection-bodrum-saglik-durumum-hicbir-sekilde-dikkate-alinmadi,BOD110,Titanic Luxury Collection Bodrum,Güvercinlik,False,,4.6,4656,MANAGEMENT_COMMUNICATION,False,
titanic-luxury-collection-bodrum-saglik-durumum-hicbir-sekilde-dikkate-alinmadi,BOD110,Titanic Luxury Collection Bodrum,Güvercinlik,False,,4.6,4656,SPA_WELLNESS,False,
titanic-luxury-collection-bodrum-saglik-durumum-hicbir-sekilde-dikkate-alinmadi,BOD110,Titanic Luxury Collection Bodrum,Güvercinlik,False,,4.6,4656,SAFETY_SECURITY,True,sağlık
titanic-luxury-collection-bodrumda-mantar-yemekleri-nedeniyle-gida-zehirlenmesi-ve-sorumluluk-reddi,BOD110,Titanic Luxury Collection Bodrum,Güvercinlik,False,2026-06-04 15:30:00,4.6,4656,STAFF_SERVICE,True,ilgisiz
titanic-luxury-collection-bodrumda-mantar-yemekleri-nedeniyle-gida-zehirlenmesi-ve-sorumluluk-reddi,BOD110,Titanic Luxury Collection Bodrum,Güvercinlik,False,2026-06-04 15:30:00,4.6,4656,CLEANLINESS_HYGIENE,False,
titanic-luxury-collection-bodrumda-mantar-yemekleri-nedeniyle-gida-zehirlenmesi-ve-sorumluluk-reddi,BOD110,Titanic Luxury Collection Bodrum,Güvercinlik,False,2026-06-04 15:30:00,4.6,4656,FOOD_BEVERAGE,True,zehirlenme|yemek
titanic-luxury-collection-bodrumda-mantar-yemekleri-nedeniyle-gida-zehirlenmesi-ve-sorumluluk-reddi,BOD110,Titanic Luxury Collection Bodrum,Güvercinlik,False,2026-06-04 15:30:00,4.6,4656,ROOM,False,
titanic-luxury-collection-bodrumda-mantar-yemekleri-nedeniyle-gida-zehirlenmesi-ve-sorumluluk-reddi,BOD110,Titanic Luxury Collection Bodrum,Güvercinlik,False,2026-06-04 15:30:00,4.6,4656,BEACH_SEA,False,
titanic-luxury-collection-bodrumda-mantar-yemekleri-nedeniyle-gida-zehirlenmesi-ve-sorumluluk-reddi,BOD110,Titanic Luxury Collection Bodrum,Güvercinlik,False,2026-06-04 15:30:00,4.6,4656,POOL,False,
titanic-luxury-collection-bodrumda-mantar-yemekleri-nedeniyle-gida-zehirlenmesi-ve-sorumluluk-reddi,BOD110,Titanic Luxury Collection Bodrum,Güvercinlik,False,2026-06-04 15:30:00,4.6,4656,FACILITIES_MAINTENANCE,False,
titanic-luxury-collection-bodrumda-mantar-yemekleri-nedeniyle-gida-zehirlenmesi-ve-sorumluluk-reddi,BOD110,Titanic Luxury Collection Bodrum,Güvercinlik,False,2026-06-04 15:30:00,4.6,4656,RESERVATION,False,
titanic-luxury-collection-bodrumda-mantar-yemekleri-nedeniyle-gida-zehirlenmesi-ve-sorumluluk-reddi,BOD110,Titanic Luxury Collection Bodrum,Güvercinlik,False,2026-06-04 15:30:00,4.6,4656,PAYMENT_REFUND,True,iade
titanic-luxury-collection-bodrumda-mantar-yemekleri-nedeniyle-gida-zehirlenmesi-ve-sorumluluk-reddi,BOD110,Titanic Luxury Collection Bodrum,Güvercinlik,False,2026-06-04 15:30:00,4.6,4656,PRICE_VALUE,True,ödediğimiz|ücret
titanic-luxury-collection-bodrumda-mantar-yemekleri-nedeniyle-gida-zehirlenmesi-ve-sorumluluk-reddi,BOD110,Titanic Luxury Collection Bodrum,Güvercinlik,False,2026-06-04 15:30:00,4.6,4656,CHECKIN_CHECKOUT,False,
titanic-luxury-collection-bodrumda-mantar-yemekleri-nedeniyle-gida-zehirlenmesi-ve-sorumluluk-reddi,BOD110,Titanic Luxury Collection Bodrum,Güvercinlik,False,2026-06-04 15:30:00,4.6,4656,AIR_CONDITIONING,False,
titanic-luxury-collection-bodrumda-mantar-yemekleri-nedeniyle-gida-zehirlenmesi-ve-sorumluluk-reddi,BOD110,Titanic Luxury Collection Bodrum,Güvercinlik,False,2026-06-04 15:30:00,4.6,4656,NOISE,False,
titanic-luxury-collection-bodrumda-mantar-yemekleri-nedeniyle-gida-zehirlenmesi-ve-sorumluluk-reddi,BOD110,Titanic Luxury Collection Bodrum,Güvercinlik,False,2026-06-04 15:30:00,4.6,4656,FAMILY_CHILDREN,True,aile
titanic-luxury-collection-bodrumda-mantar-yemekleri-nedeniyle-gida-zehirlenmesi-ve-sorumluluk-reddi,BOD110,Titanic Luxury Collection Bodrum,Güvercinlik,False,2026-06-04 15:30:00,4.6,4656,TRANSPORT_TRANSFER,False,
titanic-luxury-collection-bodrumda-mantar-yemekleri-nedeniyle-gida-zehirlenmesi-ve-sorumluluk-reddi,BOD110,Titanic Luxury Collection Bodrum,Güvercinlik,False,2026-06-04 15:30:00,4.6,4656,MANAGEMENT_COMMUNICATION,True,yönetim|yetkili
titanic-luxury-collection-bodrumda-mantar-yemekleri-nedeniyle-gida-zehirlenmesi-ve-sorumluluk-reddi,BOD110,Titanic Luxury Collection Bodrum,Güvercinlik,False,2026-06-04 15:30:00,4.6,4656,SPA_WELLNESS,False,
titanic-luxury-collection-bodrumda-mantar-yemekleri-nedeniyle-gida-zehirlenmesi-ve-sorumluluk-reddi,BOD110,Titanic Luxury Collection Bodrum,Güvercinlik,False,2026-06-04 15:30:00,4.6,4656,SAFETY_SECURITY,True,zehirlenme|hastane|sağlık|doktor
titanic-luxury-collection-bodrum-ortam-ve-bazi-hizmetler-beklentimi-karsiladi,BOD110,Titanic Luxury Collection Bodrum,Güvercinlik,False,2026-04-28 10:10:00,4.6,4656,STAFF_SERVICE,True,çalışan|görevli|hizmet|kaba
titanic-luxury-collection-bodrum-ortam-ve-bazi-hizmetler-beklentimi-karsiladi,BOD110,Titanic Luxury Collection Bodrum,Güvercinlik,False,2026-04-28 10:10:00,4.6,4656,CLEANLINESS_HYGIENE,False,
titanic-luxury-collection-bodrum-ortam-ve-bazi-hizmetler-beklentimi-karsiladi,BOD110,Titanic Luxury Collection Bodrum,Güvercinlik,False,2026-04-28 10:10:00,4.6,4656,FOOD_BEVERAGE,False,
titanic-luxury-collection-bodrum-ortam-ve-bazi-hizmetler-beklentimi-karsiladi,BOD110,Titanic Luxury Collection Bodrum,Güvercinlik,False,2026-04-28 10:10:00,4.6,4656,ROOM,False,
titanic-luxury-collection-bodrum-ortam-ve-bazi-hizmetler-beklentimi-karsiladi,BOD110,Titanic Luxury Collection Bodrum,Güvercinlik,False,2026-04-28 10:10:00,4.6,4656,BEACH_SEA,False,
titanic-luxury-collection-bodrum-ortam-ve-bazi-hizmetler-beklentimi-karsiladi,BOD110,Titanic Luxury Collection Bodrum,Güvercinlik,False,2026-04-28 10:10:00,4.6,4656,POOL,False,
titanic-luxury-collection-bodrum-ortam-ve-bazi-hizmetler-beklentimi-karsiladi,BOD110,Titanic Luxury Collection Bodrum,Güvercinlik,False,2026-04-28 10:10:00,4.6,4656,FACILITIES_MAINTENANCE,False,
titanic-luxury-collection-bodrum-ortam-ve-bazi-hizmetler-beklentimi-karsiladi,BOD110,Titanic Luxury Collection Bodrum,Güvercinlik,False,2026-04-28 10:10:00,4.6,4656,RESERVATION,False,
titanic-luxury-collection-bodrum-ortam-ve-bazi-hizmetler-beklentimi-karsiladi,BOD110,Titanic Luxury Collection Bodrum,Güvercinlik,False,2026-04-28 10:10:00,4.6,4656,PAYMENT_REFUND,False,
titanic-luxury-collection-bodrum-ortam-ve-bazi-hizmetler-beklentimi-karsiladi,BOD110,Titanic Luxury Collection Bodrum,Güvercinlik,False,2026-04-28 10:10:00,4.6,4656,PRICE_VALUE,False,
titanic-luxury-collection-bodrum-ortam-ve-bazi-hizmetler-beklentimi-karsiladi,BOD110,Titanic Luxury Collection Bodrum,Güvercinlik,False,2026-04-28 10:10:00,4.6,4656,CHECKIN_CHECKOUT,False,
titanic-luxury-collection-bodrum-ortam-ve-bazi-hizmetler-beklentimi-karsiladi,BOD110,Titanic Luxury Collection Bodrum,Güvercinlik,False,2026-04-28 10:10:00,4.6,4656,AIR_CONDITIONING,False,
titanic-luxury-collection-bodrum-ortam-ve-bazi-hizmetler-beklentimi-karsiladi,BOD110,Titanic Luxury Collection Bodrum,Güvercinlik,False,2026-04-28 10:10:00,4.6,4656,NOISE,False,
titanic-luxury-collection-bodrum-ortam-ve-bazi-hizmetler-beklentimi-karsiladi,BOD110,Titanic Luxury Collection Bodrum,Güvercinlik,False,2026-04-28 10:10:00,4.6,4656,FAMILY_CHILDREN,False,
titanic-luxury-collection-bodrum-ortam-ve-bazi-hizmetler-beklentimi-karsiladi,BOD110,Titanic Luxury Collection Bodrum,Güvercinlik,False,2026-04-28 10:10:00,4.6,4656,TRANSPORT_TRANSFER,False,
titanic-luxury-collection-bodrum-ortam-ve-bazi-hizmetler-beklentimi-karsiladi,BOD110,Titanic Luxury Collection Bodrum,Güvercinlik,False,2026-04-28 10:10:00,4.6,4656,MANAGEMENT_COMMUNICATION,False,
titanic-luxury-collection-bodrum-ortam-ve-bazi-hizmetler-beklentimi-karsiladi,BOD110,Titanic Luxury Collection Bodrum,Güvercinlik,False,2026-04-28 10:10:00,4.6,4656,SPA_WELLNESS,False,
titanic-luxury-collection-bodrum-ortam-ve-bazi-hizmetler-beklentimi-karsiladi,BOD110,Titanic Luxury Collection Bodrum,Güvercinlik,False,2026-04-28 10:10:00,4.6,4656,SAFETY_SECURITY,False,
alakart-iddiasi-yalan-tekrarlayan-menu-ve-duzensiz-plaj,BOD072,VERY CHIC BODRUM,Gümbet,False,2026-07-17 12:59:00,4.2,1670,STAFF_SERVICE,True,hizmet|servis
alakart-iddiasi-yalan-tekrarlayan-menu-ve-duzensiz-plaj,BOD072,VERY CHIC BODRUM,Gümbet,False,2026-07-17 12:59:00,4.2,1670,CLEANLINESS_HYGIENE,True,temizlik|temiz
alakart-iddiasi-yalan-tekrarlayan-menu-ve-duzensiz-plaj,BOD072,VERY CHIC BODRUM,Gümbet,False,2026-07-17 12:59:00,4.2,1670,FOOD_BEVERAGE,True,restoran|yemek
alakart-iddiasi-yalan-tekrarlayan-menu-ve-duzensiz-plaj,BOD072,VERY CHIC BODRUM,Gümbet,False,2026-07-17 12:59:00,4.2,1670,ROOM,True,tuvalet|oda
alakart-iddiasi-yalan-tekrarlayan-menu-ve-duzensiz-plaj,BOD072,VERY CHIC BODRUM,Gümbet,False,2026-07-17 12:59:00,4.2,1670,BEACH_SEA,True,plaj
alakart-iddiasi-yalan-tekrarlayan-menu-ve-duzensiz-plaj,BOD072,VERY CHIC BODRUM,Gümbet,False,2026-07-17 12:59:00,4.2,1670,POOL,False,
alakart-iddiasi-yalan-tekrarlayan-menu-ve-duzensiz-plaj,BOD072,VERY CHIC BODRUM,Gümbet,False,2026-07-17 12:59:00,4.2,1670,FACILITIES_MAINTENANCE,True,kırık
alakart-iddiasi-yalan-tekrarlayan-menu-ve-duzensiz-plaj,BOD072,VERY CHIC BODRUM,Gümbet,False,2026-07-17 12:59:00,4.2,1670,RESERVATION,True,rezervasyon
alakart-iddiasi-yalan-tekrarlayan-menu-ve-duzensiz-plaj,BOD072,VERY CHIC BODRUM,Gümbet,False,2026-07-17 12:59:00,4.2,1670,PAYMENT_REFUND,False,
alakart-iddiasi-yalan-tekrarlayan-menu-ve-duzensiz-plaj,BOD072,VERY CHIC BODRUM,Gümbet,False,2026-07-17 12:59:00,4.2,1670,PRICE_VALUE,True,değer
alakart-iddiasi-yalan-tekrarlayan-menu-ve-duzensiz-plaj,BOD072,VERY CHIC BODRUM,Gümbet,False,2026-07-17 12:59:00,4.2,1670,CHECKIN_CHECKOUT,False,
alakart-iddiasi-yalan-tekrarlayan-menu-ve-duzensiz-plaj,BOD072,VERY CHIC BODRUM,Gümbet,False,2026-07-17 12:59:00,4.2,1670,AIR_CONDITIONING,False,
alakart-iddiasi-yalan-tekrarlayan-menu-ve-duzensiz-plaj,BOD072,VERY CHIC BODRUM,Gümbet,False,2026-07-17 12:59:00,4.2,1670,NOISE,False,
alakart-iddiasi-yalan-tekrarlayan-menu-ve-duzensiz-plaj,BOD072,VERY CHIC BODRUM,Gümbet,False,2026-07-17 12:59:00,4.2,1670,FAMILY_CHILDREN,False,
alakart-iddiasi-yalan-tekrarlayan-menu-ve-duzensiz-plaj,BOD072,VERY CHIC BODRUM,Gümbet,False,2026-07-17 12:59:00,4.2,1670,TRANSPORT_TRANSFER,False,
alakart-iddiasi-yalan-tekrarlayan-menu-ve-duzensiz-plaj,BOD072,VERY CHIC BODRUM,Gümbet,False,2026-07-17 12:59:00,4.2,1670,MANAGEMENT_COMMUNICATION,False,
alakart-iddiasi-yalan-tekrarlayan-menu-ve-duzensiz-plaj,BOD072,VERY CHIC BODRUM,Gümbet,False,2026-07-17 12:59:00,4.2,1670,SPA_WELLNESS,False,
alakart-iddiasi-yalan-tekrarlayan-menu-ve-duzensiz-plaj,BOD072,VERY CHIC BODRUM,Gümbet,False,2026-07-17 12:59:00,4.2,1670,SAFETY_SECURITY,False,
very-chic-bodrum-barda-yasanan-ayrimci-muamele,BOD072,VERY CHIC BODRUM,Gümbet,False,2024-09-17 14:53:00,4.2,1670,STAFF_SERVICE,True,profesyonellik|çalışan|garson
very-chic-bodrum-barda-yasanan-ayrimci-muamele,BOD072,VERY CHIC BODRUM,Gümbet,False,2024-09-17 14:53:00,4.2,1670,CLEANLINESS_HYGIENE,False,
very-chic-bodrum-barda-yasanan-ayrimci-muamele,BOD072,VERY CHIC BODRUM,Gümbet,False,2024-09-17 14:53:00,4.2,1670,FOOD_BEVERAGE,True,içecek
very-chic-bodrum-barda-yasanan-ayrimci-muamele,BOD072,VERY CHIC BODRUM,Gümbet,False,2024-09-17 14:53:00,4.2,1670,ROOM,False,
very-chic-bodrum-barda-yasanan-ayrimci-muamele,BOD072,VERY CHIC BODRUM,Gümbet,False,2024-09-17 14:53:00,4.2,1670,BEACH_SEA,False,
very-chic-bodrum-barda-yasanan-ayrimci-muamele,BOD072,VERY CHIC BODRUM,Gümbet,False,2024-09-17 14:53:00,4.2,1670,POOL,False,
very-chic-bodrum-barda-yasanan-ayrimci-muamele,BOD072,VERY CHIC BODRUM,Gümbet,False,2024-09-17 14:53:00,4.2,1670,FACILITIES_MAINTENANCE,True,kırık
very-chic-bodrum-barda-yasanan-ayrimci-muamele,BOD072,VERY CHIC BODRUM,Gümbet,False,2024-09-17 14:53:00,4.2,1670,RESERVATION,False,
very-chic-bodrum-barda-yasanan-ayrimci-muamele,BOD072,VERY CHIC BODRUM,Gümbet,False,2024-09-17 14:53:00,4.2,1670,PAYMENT_REFUND,False,
very-chic-bodrum-barda-yasanan-ayrimci-muamele,BOD072,VERY CHIC BODRUM,Gümbet,False,2024-09-17 14:53:00,4.2,1670,PRICE_VALUE,False,
very-chic-bodrum-barda-yasanan-ayrimci-muamele,BOD072,VERY CHIC BODRUM,Gümbet,False,2024-09-17 14:53:00,4.2,1670,CHECKIN_CHECKOUT,False,
very-chic-bodrum-barda-yasanan-ayrimci-muamele,BOD072,VERY CHIC BODRUM,Gümbet,False,2024-09-17 14:53:00,4.2,1670,AIR_CONDITIONING,False,
very-chic-bodrum-barda-yasanan-ayrimci-muamele,BOD072,VERY CHIC BODRUM,Gümbet,False,2024-09-17 14:53:00,4.2,1670,NOISE,False,
very-chic-bodrum-barda-yasanan-ayrimci-muamele,BOD072,VERY CHIC BODRUM,Gümbet,False,2024-09-17 14:53:00,4.2,1670,FAMILY_CHILDREN,False,
very-chic-bodrum-barda-yasanan-ayrimci-muamele,BOD072,VERY CHIC BODRUM,Gümbet,False,2024-09-17 14:53:00,4.2,1670,TRANSPORT_TRANSFER,False,
very-chic-bodrum-barda-yasanan-ayrimci-muamele,BOD072,VERY CHIC BODRUM,Gümbet,False,2024-09-17 14:53:00,4.2,1670,MANAGEMENT_COMMUNICATION,False,
very-chic-bodrum-barda-yasanan-ayrimci-muamele,BOD072,VERY CHIC BODRUM,Gümbet,False,2024-09-17 14:53:00,4.2,1670,SPA_WELLNESS,False,
very-chic-bodrum-barda-yasanan-ayrimci-muamele,BOD072,VERY CHIC BODRUM,Gümbet,False,2024-09-17 14:53:00,4.2,1670,SAFETY_SECURITY,True,ayrımcı
coral-travel-usulsuz-rezervasyon-iptali-1,BOD072,VERY CHIC BODRUM,Gümbet,False,2024-08-05 16:29:00,4.2,1670,STAFF_SERVICE,False,
coral-travel-usulsuz-rezervasyon-iptali-1,BOD072,VERY CHIC BODRUM,Gümbet,False,2024-08-05 16:29:00,4.2,1670,CLEANLINESS_HYGIENE,False,
coral-travel-usulsuz-rezervasyon-iptali-1,BOD072,VERY CHIC BODRUM,Gümbet,False,2024-08-05 16:29:00,4.2,1670,FOOD_BEVERAGE,False,
coral-travel-usulsuz-rezervasyon-iptali-1,BOD072,VERY CHIC BODRUM,Gümbet,False,2024-08-05 16:29:00,4.2,1670,ROOM,False,
coral-travel-usulsuz-rezervasyon-iptali-1,BOD072,VERY CHIC BODRUM,Gümbet,False,2024-08-05 16:29:00,4.2,1670,BEACH_SEA,False,
coral-travel-usulsuz-rezervasyon-iptali-1,BOD072,VERY CHIC BODRUM,Gümbet,False,2024-08-05 16:29:00,4.2,1670,POOL,False,
coral-travel-usulsuz-rezervasyon-iptali-1,BOD072,VERY CHIC BODRUM,Gümbet,False,2024-08-05 16:29:00,4.2,1670,FACILITIES_MAINTENANCE,False,
coral-travel-usulsuz-rezervasyon-iptali-1,BOD072,VERY CHIC BODRUM,Gümbet,False,2024-08-05 16:29:00,4.2,1670,RESERVATION,True,rezervasyon|iptal
coral-travel-usulsuz-rezervasyon-iptali-1,BOD072,VERY CHIC BODRUM,Gümbet,False,2024-08-05 16:29:00,4.2,1670,PAYMENT_REFUND,True,iade
coral-travel-usulsuz-rezervasyon-iptali-1,BOD072,VERY CHIC BODRUM,Gümbet,False,2024-08-05 16:29:00,4.2,1670,PRICE_VALUE,False,
coral-travel-usulsuz-rezervasyon-iptali-1,BOD072,VERY CHIC BODRUM,Gümbet,False,2024-08-05 16:29:00,4.2,1670,CHECKIN_CHECKOUT,False,
coral-travel-usulsuz-rezervasyon-iptali-1,BOD072,VERY CHIC BODRUM,Gümbet,False,2024-08-05 16:29:00,4.2,1670,AIR_CONDITIONING,False,
coral-travel-usulsuz-rezervasyon-iptali-1,BOD072,VERY CHIC BODRUM,Gümbet,False,2024-08-05 16:29:00,4.2,1670,NOISE,False,
coral-travel-usulsuz-rezervasyon-iptali-1,BOD072,VERY CHIC BODRUM,Gümbet,False,2024-08-05 16:29:00,4.2,1670,FAMILY_CHILDREN,False,
coral-travel-usulsuz-rezervasyon-iptali-1,BOD072,VERY CHIC BODRUM,Gümbet,False,2024-08-05 16:29:00,4.2,1670,TRANSPORT_TRANSFER,False,
coral-travel-usulsuz-rezervasyon-iptali-1,BOD072,VERY CHIC BODRUM,Gümbet,False,2024-08-05 16:29:00,4.2,1670,MANAGEMENT_COMMUNICATION,True,yönetim
coral-travel-usulsuz-rezervasyon-iptali-1,BOD072,VERY CHIC BODRUM,Gümbet,False,2024-08-05 16:29:00,4.2,1670,SPA_WELLNESS,False,
coral-travel-usulsuz-rezervasyon-iptali-1,BOD072,VERY CHIC BODRUM,Gümbet,False,2024-08-05 16:29:00,4.2,1670,SAFETY_SECURITY,False,
premium-king-suite-oda-hijyeninde-tekrarlayan-temizlik-problemleri,BOD016,Xanadu Island,Akyarlar,True,,4.6,2068,STAFF_SERVICE,True,personel
premium-king-suite-oda-hijyeninde-tekrarlayan-temizlik-problemleri,BOD016,Xanadu Island,Akyarlar,True,,4.6,2068,CLEANLINESS_HYGIENE,True,oda temizliği|temizlik|hijyen|temiz|havlu|leke
premium-king-suite-oda-hijyeninde-tekrarlayan-temizlik-problemleri,BOD016,Xanadu Island,Akyarlar,True,,4.6,2068,FOOD_BEVERAGE,False,
premium-king-suite-oda-hijyeninde-tekrarlayan-temizlik-problemleri,BOD016,Xanadu Island,Akyarlar,True,,4.6,2068,ROOM,True,tuvalet|mobilya|lavabo|oda|duş
premium-king-suite-oda-hijyeninde-tekrarlayan-temizlik-problemleri,BOD016,Xanadu Island,Akyarlar,True,,4.6,2068,BEACH_SEA,False,
premium-king-suite-oda-hijyeninde-tekrarlayan-temizlik-problemleri,BOD016,Xanadu Island,Akyarlar,True,,4.6,2068,POOL,False,
premium-king-suite-oda-hijyeninde-tekrarlayan-temizlik-problemleri,BOD016,Xanadu Island,Akyarlar,True,,4.6,2068,FACILITIES_MAINTENANCE,False,
premium-king-suite-oda-hijyeninde-tekrarlayan-temizlik-problemleri,BOD016,Xanadu Island,Akyarlar,True,,4.6,2068,RESERVATION,False,
premium-king-suite-oda-hijyeninde-tekrarlayan-temizlik-problemleri,BOD016,Xanadu Island,Akyarlar,True,,4.6,2068,PAYMENT_REFUND,False,
premium-king-suite-oda-hijyeninde-tekrarlayan-temizlik-problemleri,BOD016,Xanadu Island,Akyarlar,True,,4.6,2068,PRICE_VALUE,False,
premium-king-suite-oda-hijyeninde-tekrarlayan-temizlik-problemleri,BOD016,Xanadu Island,Akyarlar,True,,4.6,2068,CHECKIN_CHECKOUT,True,check in|check-in
premium-king-suite-oda-hijyeninde-tekrarlayan-temizlik-problemleri,BOD016,Xanadu Island,Akyarlar,True,,4.6,2068,AIR_CONDITIONING,False,
premium-king-suite-oda-hijyeninde-tekrarlayan-temizlik-problemleri,BOD016,Xanadu Island,Akyarlar,True,,4.6,2068,NOISE,False,
premium-king-suite-oda-hijyeninde-tekrarlayan-temizlik-problemleri,BOD016,Xanadu Island,Akyarlar,True,,4.6,2068,FAMILY_CHILDREN,False,
premium-king-suite-oda-hijyeninde-tekrarlayan-temizlik-problemleri,BOD016,Xanadu Island,Akyarlar,True,,4.6,2068,TRANSPORT_TRANSFER,False,
premium-king-suite-oda-hijyeninde-tekrarlayan-temizlik-problemleri,BOD016,Xanadu Island,Akyarlar,True,,4.6,2068,MANAGEMENT_COMMUNICATION,True,çözüm sunulmadı|yönetim
premium-king-suite-oda-hijyeninde-tekrarlayan-temizlik-problemleri,BOD016,Xanadu Island,Akyarlar,True,,4.6,2068,SPA_WELLNESS,False,
premium-king-suite-oda-hijyeninde-tekrarlayan-temizlik-problemleri,BOD016,Xanadu Island,Akyarlar,True,,4.6,2068,SAFETY_SECURITY,False,
ultra-her-sey-dahil-otelde-servis-temizlik-ve-plaj-siparislerinde-surekli-aksakliklar,BOD016,Xanadu Island,Akyarlar,True,2026-05-26 21:28:00,4.6,2068,STAFF_SERVICE,True,hizmet|servis
ultra-her-sey-dahil-otelde-servis-temizlik-ve-plaj-siparislerinde-surekli-aksakliklar,BOD016,Xanadu Island,Akyarlar,True,2026-05-26 21:28:00,4.6,2068,CLEANLINESS_HYGIENE,True,oda temizliği|temiz
ultra-her-sey-dahil-otelde-servis-temizlik-ve-plaj-siparislerinde-surekli-aksakliklar,BOD016,Xanadu Island,Akyarlar,True,2026-05-26 21:28:00,4.6,2068,FOOD_BEVERAGE,True,her şey dahil|restoran|yemek
ultra-her-sey-dahil-otelde-servis-temizlik-ve-plaj-siparislerinde-surekli-aksakliklar,BOD016,Xanadu Island,Akyarlar,True,2026-05-26 21:28:00,4.6,2068,ROOM,True,oda
ultra-her-sey-dahil-otelde-servis-temizlik-ve-plaj-siparislerinde-surekli-aksakliklar,BOD016,Xanadu Island,Akyarlar,True,2026-05-26 21:28:00,4.6,2068,BEACH_SEA,True,kumsal|plaj
ultra-her-sey-dahil-otelde-servis-temizlik-ve-plaj-siparislerinde-surekli-aksakliklar,BOD016,Xanadu Island,Akyarlar,True,2026-05-26 21:28:00,4.6,2068,POOL,True,havuz
ultra-her-sey-dahil-otelde-servis-temizlik-ve-plaj-siparislerinde-surekli-aksakliklar,BOD016,Xanadu Island,Akyarlar,True,2026-05-26 21:28:00,4.6,2068,FACILITIES_MAINTENANCE,True,bozuk|kırık
ultra-her-sey-dahil-otelde-servis-temizlik-ve-plaj-siparislerinde-surekli-aksakliklar,BOD016,Xanadu Island,Akyarlar,True,2026-05-26 21:28:00,4.6,2068,RESERVATION,False,
ultra-her-sey-dahil-otelde-servis-temizlik-ve-plaj-siparislerinde-surekli-aksakliklar,BOD016,Xanadu Island,Akyarlar,True,2026-05-26 21:28:00,4.6,2068,PAYMENT_REFUND,False,
ultra-her-sey-dahil-otelde-servis-temizlik-ve-plaj-siparislerinde-surekli-aksakliklar,BOD016,Xanadu Island,Akyarlar,True,2026-05-26 21:28:00,4.6,2068,PRICE_VALUE,False,
ultra-her-sey-dahil-otelde-servis-temizlik-ve-plaj-siparislerinde-surekli-aksakliklar,BOD016,Xanadu Island,Akyarlar,True,2026-05-26 21:28:00,4.6,2068,CHECKIN_CHECKOUT,False,
ultra-her-sey-dahil-otelde-servis-temizlik-ve-plaj-siparislerinde-surekli-aksakliklar,BOD016,Xanadu Island,Akyarlar,True,2026-05-26 21:28:00,4.6,2068,AIR_CONDITIONING,False,
ultra-her-sey-dahil-otelde-servis-temizlik-ve-plaj-siparislerinde-surekli-aksakliklar,BOD016,Xanadu Island,Akyarlar,True,2026-05-26 21:28:00,4.6,2068,NOISE,False,
ultra-her-sey-dahil-otelde-servis-temizlik-ve-plaj-siparislerinde-surekli-aksakliklar,BOD016,Xanadu Island,Akyarlar,True,2026-05-26 21:28:00,4.6,2068,FAMILY_CHILDREN,False,
ultra-her-sey-dahil-otelde-servis-temizlik-ve-plaj-siparislerinde-surekli-aksakliklar,BOD016,Xanadu Island,Akyarlar,True,2026-05-26 21:28:00,4.6,2068,TRANSPORT_TRANSFER,False,
ultra-her-sey-dahil-otelde-servis-temizlik-ve-plaj-siparislerinde-surekli-aksakliklar,BOD016,Xanadu Island,Akyarlar,True,2026-05-26 21:28:00,4.6,2068,MANAGEMENT_COMMUNICATION,False,
ultra-her-sey-dahil-otelde-servis-temizlik-ve-plaj-siparislerinde-surekli-aksakliklar,BOD016,Xanadu Island,Akyarlar,True,2026-05-26 21:28:00,4.6,2068,SPA_WELLNESS,False,
ultra-her-sey-dahil-otelde-servis-temizlik-ve-plaj-siparislerinde-surekli-aksakliklar,BOD016,Xanadu Island,Akyarlar,True,2026-05-26 21:28:00,4.6,2068,SAFETY_SECURITY,False,
ultra-her-sey-dahil-otelde-bar-servisi-kabusa-donustu,BOD016,Xanadu Island,Akyarlar,True,2026-05-25 12:57:00,4.6,2068,STAFF_SERVICE,True,personel|çalışan|garson|hizmet|servis
ultra-her-sey-dahil-otelde-bar-servisi-kabusa-donustu,BOD016,Xanadu Island,Akyarlar,True,2026-05-25 12:57:00,4.6,2068,CLEANLINESS_HYGIENE,False,
ultra-her-sey-dahil-otelde-bar-servisi-kabusa-donustu,BOD016,Xanadu Island,Akyarlar,True,2026-05-25 12:57:00,4.6,2068,FOOD_BEVERAGE,True,her şey dahil|içecek|yemek|bar
ultra-her-sey-dahil-otelde-bar-servisi-kabusa-donustu,BOD016,Xanadu Island,Akyarlar,True,2026-05-25 12:57:00,4.6,2068,ROOM,True,oda
ultra-her-sey-dahil-otelde-bar-servisi-kabusa-donustu,BOD016,Xanadu Island,Akyarlar,True,2026-05-25 12:57:00,4.6,2068,BEACH_SEA,False,
ultra-her-sey-dahil-otelde-bar-servisi-kabusa-donustu,BOD016,Xanadu Island,Akyarlar,True,2026-05-25 12:57:00,4.6,2068,POOL,True,havuz
ultra-her-sey-dahil-otelde-bar-servisi-kabusa-donustu,BOD016,Xanadu Island,Akyarlar,True,2026-05-25 12:57:00,4.6,2068,FACILITIES_MAINTENANCE,False,
ultra-her-sey-dahil-otelde-bar-servisi-kabusa-donustu,BOD016,Xanadu Island,Akyarlar,True,2026-05-25 12:57:00,4.6,2068,RESERVATION,False,
ultra-her-sey-dahil-otelde-bar-servisi-kabusa-donustu,BOD016,Xanadu Island,Akyarlar,True,2026-05-25 12:57:00,4.6,2068,PAYMENT_REFUND,True,ödeme
ultra-her-sey-dahil-otelde-bar-servisi-kabusa-donustu,BOD016,Xanadu Island,Akyarlar,True,2026-05-25 12:57:00,4.6,2068,PRICE_VALUE,True,ödediğimiz|ücret
ultra-her-sey-dahil-otelde-bar-servisi-kabusa-donustu,BOD016,Xanadu Island,Akyarlar,True,2026-05-25 12:57:00,4.6,2068,CHECKIN_CHECKOUT,False,
ultra-her-sey-dahil-otelde-bar-servisi-kabusa-donustu,BOD016,Xanadu Island,Akyarlar,True,2026-05-25 12:57:00,4.6,2068,AIR_CONDITIONING,False,
ultra-her-sey-dahil-otelde-bar-servisi-kabusa-donustu,BOD016,Xanadu Island,Akyarlar,True,2026-05-25 12:57:00,4.6,2068,NOISE,True,ses
ultra-her-sey-dahil-otelde-bar-servisi-kabusa-donustu,BOD016,Xanadu Island,Akyarlar,True,2026-05-25 12:57:00,4.6,2068,FAMILY_CHILDREN,False,
ultra-her-sey-dahil-otelde-bar-servisi-kabusa-donustu,BOD016,Xanadu Island,Akyarlar,True,2026-05-25 12:57:00,4.6,2068,TRANSPORT_TRANSFER,False,
ultra-her-sey-dahil-otelde-bar-servisi-kabusa-donustu,BOD016,Xanadu Island,Akyarlar,True,2026-05-25 12:57:00,4.6,2068,MANAGEMENT_COMMUNICATION,True,geri dönüş|yönetim
ultra-her-sey-dahil-otelde-bar-servisi-kabusa-donustu,BOD016,Xanadu Island,Akyarlar,True,2026-05-25 12:57:00,4.6,2068,SPA_WELLNESS,False,
ultra-her-sey-dahil-otelde-bar-servisi-kabusa-donustu,BOD016,Xanadu Island,Akyarlar,True,2026-05-25 12:57:00,4.6,2068,SAFETY_SECURITY,False,
otelde-yasanan-ciddi-olay-sonrasi-tatilimizin-yarida-kesilmesi-ve-manevi-magduriyet,BOD016,Xanadu Island,Akyarlar,True,2025-09-23 13:52:00,4.6,2068,STAFF_SERVICE,True,personel|çalışan
otelde-yasanan-ciddi-olay-sonrasi-tatilimizin-yarida-kesilmesi-ve-manevi-magduriyet,BOD016,Xanadu Island,Akyarlar,True,2025-09-23 13:52:00,4.6,2068,CLEANLINESS_HYGIENE,False,
otelde-yasanan-ciddi-olay-sonrasi-tatilimizin-yarida-kesilmesi-ve-manevi-magduriyet,BOD016,Xanadu Island,Akyarlar,True,2025-09-23 13:52:00,4.6,2068,FOOD_BEVERAGE,False,
otelde-yasanan-ciddi-olay-sonrasi-tatilimizin-yarida-kesilmesi-ve-manevi-magduriyet,BOD016,Xanadu Island,Akyarlar,True,2025-09-23 13:52:00,4.6,2068,ROOM,False,
otelde-yasanan-ciddi-olay-sonrasi-tatilimizin-yarida-kesilmesi-ve-manevi-magduriyet,BOD016,Xanadu Island,Akyarlar,True,2025-09-23 13:52:00,4.6,2068,BEACH_SEA,True,iskele|deniz
otelde-yasanan-ciddi-olay-sonrasi-tatilimizin-yarida-kesilmesi-ve-manevi-magduriyet,BOD016,Xanadu Island,Akyarlar,True,2025-09-23 13:52:00,4.6,2068,POOL,False,
otelde-yasanan-ciddi-olay-sonrasi-tatilimizin-yarida-kesilmesi-ve-manevi-magduriyet,BOD016,Xanadu Island,Akyarlar,True,2025-09-23 13:52:00,4.6,2068,FACILITIES_MAINTENANCE,False,
otelde-yasanan-ciddi-olay-sonrasi-tatilimizin-yarida-kesilmesi-ve-manevi-magduriyet,BOD016,Xanadu Island,Akyarlar,True,2025-09-23 13:52:00,4.6,2068,RESERVATION,True,rezervasyon
otelde-yasanan-ciddi-olay-sonrasi-tatilimizin-yarida-kesilmesi-ve-manevi-magduriyet,BOD016,Xanadu Island,Akyarlar,True,2025-09-23 13:52:00,4.6,2068,PAYMENT_REFUND,True,iade
otelde-yasanan-ciddi-olay-sonrasi-tatilimizin-yarida-kesilmesi-ve-manevi-magduriyet,BOD016,Xanadu Island,Akyarlar,True,2025-09-23 13:52:00,4.6,2068,PRICE_VALUE,True,ödediğimiz|ücret
otelde-yasanan-ciddi-olay-sonrasi-tatilimizin-yarida-kesilmesi-ve-manevi-magduriyet,BOD016,Xanadu Island,Akyarlar,True,2025-09-23 13:52:00,4.6,2068,CHECKIN_CHECKOUT,False,
otelde-yasanan-ciddi-olay-sonrasi-tatilimizin-yarida-kesilmesi-ve-manevi-magduriyet,BOD016,Xanadu Island,Akyarlar,True,2025-09-23 13:52:00,4.6,2068,AIR_CONDITIONING,False,
otelde-yasanan-ciddi-olay-sonrasi-tatilimizin-yarida-kesilmesi-ve-manevi-magduriyet,BOD016,Xanadu Island,Akyarlar,True,2025-09-23 13:52:00,4.6,2068,NOISE,False,
otelde-yasanan-ciddi-olay-sonrasi-tatilimizin-yarida-kesilmesi-ve-manevi-magduriyet,BOD016,Xanadu Island,Akyarlar,True,2025-09-23 13:52:00,4.6,2068,FAMILY_CHILDREN,True,çocuğum|aile
otelde-yasanan-ciddi-olay-sonrasi-tatilimizin-yarida-kesilmesi-ve-manevi-magduriyet,BOD016,Xanadu Island,Akyarlar,True,2025-09-23 13:52:00,4.6,2068,TRANSPORT_TRANSFER,False,
otelde-yasanan-ciddi-olay-sonrasi-tatilimizin-yarida-kesilmesi-ve-manevi-magduriyet,BOD016,Xanadu Island,Akyarlar,True,2025-09-23 13:52:00,4.6,2068,MANAGEMENT_COMMUNICATION,True,geri dönüş|yönetim
otelde-yasanan-ciddi-olay-sonrasi-tatilimizin-yarida-kesilmesi-ve-manevi-magduriyet,BOD016,Xanadu Island,Akyarlar,True,2025-09-23 13:52:00,4.6,2068,SPA_WELLNESS,False,
otelde-yasanan-ciddi-olay-sonrasi-tatilimizin-yarida-kesilmesi-ve-manevi-magduriyet,BOD016,Xanadu Island,Akyarlar,True,2025-09-23 13:52:00,4.6,2068,SAFETY_SECURITY,False,
250000-tl-alacagim-odenmedi-ve-iletisim-kesildi,BOD115,Yasmin Bodrum Resort,Kadıkalesi,False,2026-08-23 11:09:00,4.3,5589,STAFF_SERVICE,False,
250000-tl-alacagim-odenmedi-ve-iletisim-kesildi,BOD115,Yasmin Bodrum Resort,Kadıkalesi,False,2026-08-23 11:09:00,4.3,5589,CLEANLINESS_HYGIENE,False,
250000-tl-alacagim-odenmedi-ve-iletisim-kesildi,BOD115,Yasmin Bodrum Resort,Kadıkalesi,False,2026-08-23 11:09:00,4.3,5589,FOOD_BEVERAGE,False,
250000-tl-alacagim-odenmedi-ve-iletisim-kesildi,BOD115,Yasmin Bodrum Resort,Kadıkalesi,False,2026-08-23 11:09:00,4.3,5589,ROOM,False,
250000-tl-alacagim-odenmedi-ve-iletisim-kesildi,BOD115,Yasmin Bodrum Resort,Kadıkalesi,False,2026-08-23 11:09:00,4.3,5589,BEACH_SEA,False,
250000-tl-alacagim-odenmedi-ve-iletisim-kesildi,BOD115,Yasmin Bodrum Resort,Kadıkalesi,False,2026-08-23 11:09:00,4.3,5589,POOL,False,
250000-tl-alacagim-odenmedi-ve-iletisim-kesildi,BOD115,Yasmin Bodrum Resort,Kadıkalesi,False,2026-08-23 11:09:00,4.3,5589,FACILITIES_MAINTENANCE,False,
250000-tl-alacagim-odenmedi-ve-iletisim-kesildi,BOD115,Yasmin Bodrum Resort,Kadıkalesi,False,2026-08-23 11:09:00,4.3,5589,RESERVATION,False,
250000-tl-alacagim-odenmedi-ve-iletisim-kesildi,BOD115,Yasmin Bodrum Resort,Kadıkalesi,False,2026-08-23 11:09:00,4.3,5589,PAYMENT_REFUND,True,ödeme
250000-tl-alacagim-odenmedi-ve-iletisim-kesildi,BOD115,Yasmin Bodrum Resort,Kadıkalesi,False,2026-08-23 11:09:00,4.3,5589,PRICE_VALUE,False,
250000-tl-alacagim-odenmedi-ve-iletisim-kesildi,BOD115,Yasmin Bodrum Resort,Kadıkalesi,False,2026-08-23 11:09:00,4.3,5589,CHECKIN_CHECKOUT,False,
250000-tl-alacagim-odenmedi-ve-iletisim-kesildi,BOD115,Yasmin Bodrum Resort,Kadıkalesi,False,2026-08-23 11:09:00,4.3,5589,AIR_CONDITIONING,False,
250000-tl-alacagim-odenmedi-ve-iletisim-kesildi,BOD115,Yasmin Bodrum Resort,Kadıkalesi,False,2026-08-23 11:09:00,4.3,5589,NOISE,False,
250000-tl-alacagim-odenmedi-ve-iletisim-kesildi,BOD115,Yasmin Bodrum Resort,Kadıkalesi,False,2026-08-23 11:09:00,4.3,5589,FAMILY_CHILDREN,False,
250000-tl-alacagim-odenmedi-ve-iletisim-kesildi,BOD115,Yasmin Bodrum Resort,Kadıkalesi,False,2026-08-23 11:09:00,4.3,5589,TRANSPORT_TRANSFER,False,
250000-tl-alacagim-odenmedi-ve-iletisim-kesildi,BOD115,Yasmin Bodrum Resort,Kadıkalesi,False,2026-08-23 11:09:00,4.3,5589,MANAGEMENT_COMMUNICATION,True,geri dönüş|telefon|muhatap
250000-tl-alacagim-odenmedi-ve-iletisim-kesildi,BOD115,Yasmin Bodrum Resort,Kadıkalesi,False,2026-08-23 11:09:00,4.3,5589,SPA_WELLNESS,False,
250000-tl-alacagim-odenmedi-ve-iletisim-kesildi,BOD115,Yasmin Bodrum Resort,Kadıkalesi,False,2026-08-23 11:09:00,4.3,5589,SAFETY_SECURITY,False,
calisanlarin-mahremiyeti-ve-onuru-zedelenen-acik-canta-aramalari,BOD115,Yasmin Bodrum Resort,Kadıkalesi,False,2026-08-17 23:11:00,4.3,5589,STAFF_SERVICE,True,personel|çalışan|görevli|servis
calisanlarin-mahremiyeti-ve-onuru-zedelenen-acik-canta-aramalari,BOD115,Yasmin Bodrum Resort,Kadıkalesi,False,2026-08-17 23:11:00,4.3,5589,CLEANLINESS_HYGIENE,False,
calisanlarin-mahremiyeti-ve-onuru-zedelenen-acik-canta-aramalari,BOD115,Yasmin Bodrum Resort,Kadıkalesi,False,2026-08-17 23:11:00,4.3,5589,FOOD_BEVERAGE,False,
calisanlarin-mahremiyeti-ve-onuru-zedelenen-acik-canta-aramalari,BOD115,Yasmin Bodrum Resort,Kadıkalesi,False,2026-08-17 23:11:00,4.3,5589,ROOM,False,
calisanlarin-mahremiyeti-ve-onuru-zedelenen-acik-canta-aramalari,BOD115,Yasmin Bodrum Resort,Kadıkalesi,False,2026-08-17 23:11:00,4.3,5589,BEACH_SEA,False,
calisanlarin-mahremiyeti-ve-onuru-zedelenen-acik-canta-aramalari,BOD115,Yasmin Bodrum Resort,Kadıkalesi,False,2026-08-17 23:11:00,4.3,5589,POOL,False,
calisanlarin-mahremiyeti-ve-onuru-zedelenen-acik-canta-aramalari,BOD115,Yasmin Bodrum Resort,Kadıkalesi,False,2026-08-17 23:11:00,4.3,5589,FACILITIES_MAINTENANCE,False,
calisanlarin-mahremiyeti-ve-onuru-zedelenen-acik-canta-aramalari,BOD115,Yasmin Bodrum Resort,Kadıkalesi,False,2026-08-17 23:11:00,4.3,5589,RESERVATION,False,
calisanlarin-mahremiyeti-ve-onuru-zedelenen-acik-canta-aramalari,BOD115,Yasmin Bodrum Resort,Kadıkalesi,False,2026-08-17 23:11:00,4.3,5589,PAYMENT_REFUND,False,
calisanlarin-mahremiyeti-ve-onuru-zedelenen-acik-canta-aramalari,BOD115,Yasmin Bodrum Resort,Kadıkalesi,False,2026-08-17 23:11:00,4.3,5589,PRICE_VALUE,False,
calisanlarin-mahremiyeti-ve-onuru-zedelenen-acik-canta-aramalari,BOD115,Yasmin Bodrum Resort,Kadıkalesi,False,2026-08-17 23:11:00,4.3,5589,CHECKIN_CHECKOUT,False,
calisanlarin-mahremiyeti-ve-onuru-zedelenen-acik-canta-aramalari,BOD115,Yasmin Bodrum Resort,Kadıkalesi,False,2026-08-17 23:11:00,4.3,5589,AIR_CONDITIONING,False,
calisanlarin-mahremiyeti-ve-onuru-zedelenen-acik-canta-aramalari,BOD115,Yasmin Bodrum Resort,Kadıkalesi,False,2026-08-17 23:11:00,4.3,5589,NOISE,False,
calisanlarin-mahremiyeti-ve-onuru-zedelenen-acik-canta-aramalari,BOD115,Yasmin Bodrum Resort,Kadıkalesi,False,2026-08-17 23:11:00,4.3,5589,FAMILY_CHILDREN,False,
calisanlarin-mahremiyeti-ve-onuru-zedelenen-acik-canta-aramalari,BOD115,Yasmin Bodrum Resort,Kadıkalesi,False,2026-08-17 23:11:00,4.3,5589,TRANSPORT_TRANSFER,False,
calisanlarin-mahremiyeti-ve-onuru-zedelenen-acik-canta-aramalari,BOD115,Yasmin Bodrum Resort,Kadıkalesi,False,2026-08-17 23:11:00,4.3,5589,MANAGEMENT_COMMUNICATION,True,bilgilendirme|yönetim|telefon
calisanlarin-mahremiyeti-ve-onuru-zedelenen-acik-canta-aramalari,BOD115,Yasmin Bodrum Resort,Kadıkalesi,False,2026-08-17 23:11:00,4.3,5589,SPA_WELLNESS,False,
calisanlarin-mahremiyeti-ve-onuru-zedelenen-acik-canta-aramalari,BOD115,Yasmin Bodrum Resort,Kadıkalesi,False,2026-08-17 23:11:00,4.3,5589,SAFETY_SECURITY,True,güvenlik|güvenli
yasmin-bodrum-resortta-mac-izleme-talebimize-reddetme-ve-misafir-odakli-olmayan-yaklasim,BOD115,Yasmin Bodrum Resort,Kadıkalesi,False,2026-08-05 21:39:00,4.3,5589,STAFF_SERVICE,True,personel
yasmin-bodrum-resortta-mac-izleme-talebimize-reddetme-ve-misafir-odakli-olmayan-yaklasim,BOD115,Yasmin Bodrum Resort,Kadıkalesi,False,2026-08-05 21:39:00,4.3,5589,CLEANLINESS_HYGIENE,False,
yasmin-bodrum-resortta-mac-izleme-talebimize-reddetme-ve-misafir-odakli-olmayan-yaklasim,BOD115,Yasmin Bodrum Resort,Kadıkalesi,False,2026-08-05 21:39:00,4.3,5589,FOOD_BEVERAGE,False,
yasmin-bodrum-resortta-mac-izleme-talebimize-reddetme-ve-misafir-odakli-olmayan-yaklasim,BOD115,Yasmin Bodrum Resort,Kadıkalesi,False,2026-08-05 21:39:00,4.3,5589,ROOM,False,
yasmin-bodrum-resortta-mac-izleme-talebimize-reddetme-ve-misafir-odakli-olmayan-yaklasim,BOD115,Yasmin Bodrum Resort,Kadıkalesi,False,2026-08-05 21:39:00,4.3,5589,BEACH_SEA,False,
yasmin-bodrum-resortta-mac-izleme-talebimize-reddetme-ve-misafir-odakli-olmayan-yaklasim,BOD115,Yasmin Bodrum Resort,Kadıkalesi,False,2026-08-05 21:39:00,4.3,5589,POOL,False,
yasmin-bodrum-resortta-mac-izleme-talebimize-reddetme-ve-misafir-odakli-olmayan-yaklasim,BOD115,Yasmin Bodrum Resort,Kadıkalesi,False,2026-08-05 21:39:00,4.3,5589,FACILITIES_MAINTENANCE,True,kırık
yasmin-bodrum-resortta-mac-izleme-talebimize-reddetme-ve-misafir-odakli-olmayan-yaklasim,BOD115,Yasmin Bodrum Resort,Kadıkalesi,False,2026-08-05 21:39:00,4.3,5589,RESERVATION,False,
yasmin-bodrum-resortta-mac-izleme-talebimize-reddetme-ve-misafir-odakli-olmayan-yaklasim,BOD115,Yasmin Bodrum Resort,Kadıkalesi,False,2026-08-05 21:39:00,4.3,5589,PAYMENT_REFUND,False,
yasmin-bodrum-resortta-mac-izleme-talebimize-reddetme-ve-misafir-odakli-olmayan-yaklasim,BOD115,Yasmin Bodrum Resort,Kadıkalesi,False,2026-08-05 21:39:00,4.3,5589,PRICE_VALUE,True,değer
yasmin-bodrum-resortta-mac-izleme-talebimize-reddetme-ve-misafir-odakli-olmayan-yaklasim,BOD115,Yasmin Bodrum Resort,Kadıkalesi,False,2026-08-05 21:39:00,4.3,5589,CHECKIN_CHECKOUT,False,
yasmin-bodrum-resortta-mac-izleme-talebimize-reddetme-ve-misafir-odakli-olmayan-yaklasim,BOD115,Yasmin Bodrum Resort,Kadıkalesi,False,2026-08-05 21:39:00,4.3,5589,AIR_CONDITIONING,False,
yasmin-bodrum-resortta-mac-izleme-talebimize-reddetme-ve-misafir-odakli-olmayan-yaklasim,BOD115,Yasmin Bodrum Resort,Kadıkalesi,False,2026-08-05 21:39:00,4.3,5589,NOISE,False,
yasmin-bodrum-resortta-mac-izleme-talebimize-reddetme-ve-misafir-odakli-olmayan-yaklasim,BOD115,Yasmin Bodrum Resort,Kadıkalesi,False,2026-08-05 21:39:00,4.3,5589,FAMILY_CHILDREN,False,
yasmin-bodrum-resortta-mac-izleme-talebimize-reddetme-ve-misafir-odakli-olmayan-yaklasim,BOD115,Yasmin Bodrum Resort,Kadıkalesi,False,2026-08-05 21:39:00,4.3,5589,TRANSPORT_TRANSFER,False,
yasmin-bodrum-resortta-mac-izleme-talebimize-reddetme-ve-misafir-odakli-olmayan-yaklasim,BOD115,Yasmin Bodrum Resort,Kadıkalesi,False,2026-08-05 21:39:00,4.3,5589,MANAGEMENT_COMMUNICATION,True,yönetim
yasmin-bodrum-resortta-mac-izleme-talebimize-reddetme-ve-misafir-odakli-olmayan-yaklasim,BOD115,Yasmin Bodrum Resort,Kadıkalesi,False,2026-08-05 21:39:00,4.3,5589,SPA_WELLNESS,False,
yasmin-bodrum-resortta-mac-izleme-talebimize-reddetme-ve-misafir-odakli-olmayan-yaklasim,BOD115,Yasmin Bodrum Resort,Kadıkalesi,False,2026-08-05 21:39:00,4.3,5589,SAFETY_SECURITY,False,
yasmin-resort-otelinde-merkez-havalandirma-gurultusu-yasami-zorlastiriyor,BOD115,Yasmin Bodrum Resort,Kadıkalesi,False,2026-07-14 13:56:00,4.3,5589,STAFF_SERVICE,False,
yasmin-resort-otelinde-merkez-havalandirma-gurultusu-yasami-zorlastiriyor,BOD115,Yasmin Bodrum Resort,Kadıkalesi,False,2026-07-14 13:56:00,4.3,5589,CLEANLINESS_HYGIENE,False,
yasmin-resort-otelinde-merkez-havalandirma-gurultusu-yasami-zorlastiriyor,BOD115,Yasmin Bodrum Resort,Kadıkalesi,False,2026-07-14 13:56:00,4.3,5589,FOOD_BEVERAGE,False,
yasmin-resort-otelinde-merkez-havalandirma-gurultusu-yasami-zorlastiriyor,BOD115,Yasmin Bodrum Resort,Kadıkalesi,False,2026-07-14 13:56:00,4.3,5589,ROOM,False,
yasmin-resort-otelinde-merkez-havalandirma-gurultusu-yasami-zorlastiriyor,BOD115,Yasmin Bodrum Resort,Kadıkalesi,False,2026-07-14 13:56:00,4.3,5589,BEACH_SEA,False,
yasmin-resort-otelinde-merkez-havalandirma-gurultusu-yasami-zorlastiriyor,BOD115,Yasmin Bodrum Resort,Kadıkalesi,False,2026-07-14 13:56:00,4.3,5589,POOL,False,
yasmin-resort-otelinde-merkez-havalandirma-gurultusu-yasami-zorlastiriyor,BOD115,Yasmin Bodrum Resort,Kadıkalesi,False,2026-07-14 13:56:00,4.3,5589,FACILITIES_MAINTENANCE,False,
yasmin-resort-otelinde-merkez-havalandirma-gurultusu-yasami-zorlastiriyor,BOD115,Yasmin Bodrum Resort,Kadıkalesi,False,2026-07-14 13:56:00,4.3,5589,RESERVATION,False,
yasmin-resort-otelinde-merkez-havalandirma-gurultusu-yasami-zorlastiriyor,BOD115,Yasmin Bodrum Resort,Kadıkalesi,False,2026-07-14 13:56:00,4.3,5589,PAYMENT_REFUND,True,kesinti
yasmin-resort-otelinde-merkez-havalandirma-gurultusu-yasami-zorlastiriyor,BOD115,Yasmin Bodrum Resort,Kadıkalesi,False,2026-07-14 13:56:00,4.3,5589,PRICE_VALUE,False,
yasmin-resort-otelinde-merkez-havalandirma-gurultusu-yasami-zorlastiriyor,BOD115,Yasmin Bodrum Resort,Kadıkalesi,False,2026-07-14 13:56:00,4.3,5589,CHECKIN_CHECKOUT,False,
yasmin-resort-otelinde-merkez-havalandirma-gurultusu-yasami-zorlastiriyor,BOD115,Yasmin Bodrum Resort,Kadıkalesi,False,2026-07-14 13:56:00,4.3,5589,AIR_CONDITIONING,True,havalandırma
yasmin-resort-otelinde-merkez-havalandirma-gurultusu-yasami-zorlastiriyor,BOD115,Yasmin Bodrum Resort,Kadıkalesi,False,2026-07-14 13:56:00,4.3,5589,NOISE,True,gürültü|ses
yasmin-resort-otelinde-merkez-havalandirma-gurultusu-yasami-zorlastiriyor,BOD115,Yasmin Bodrum Resort,Kadıkalesi,False,2026-07-14 13:56:00,4.3,5589,FAMILY_CHILDREN,False,
yasmin-resort-otelinde-merkez-havalandirma-gurultusu-yasami-zorlastiriyor,BOD115,Yasmin Bodrum Resort,Kadıkalesi,False,2026-07-14 13:56:00,4.3,5589,TRANSPORT_TRANSFER,False,
yasmin-resort-otelinde-merkez-havalandirma-gurultusu-yasami-zorlastiriyor,BOD115,Yasmin Bodrum Resort,Kadıkalesi,False,2026-07-14 13:56:00,4.3,5589,MANAGEMENT_COMMUNICATION,True,yönetim|müdür
yasmin-resort-otelinde-merkez-havalandirma-gurultusu-yasami-zorlastiriyor,BOD115,Yasmin Bodrum Resort,Kadıkalesi,False,2026-07-14 13:56:00,4.3,5589,SPA_WELLNESS,False,
yasmin-resort-otelinde-merkez-havalandirma-gurultusu-yasami-zorlastiriyor,BOD115,Yasmin Bodrum Resort,Kadıkalesi,False,2026-07-14 13:56:00,4.3,5589,SAFETY_SECURITY,False,
yasmin-bodrum-resortta-kalitesiz-konaklama-ve-haksiz-kesinti,BOD115,Yasmin Bodrum Resort,Kadıkalesi,False,2026-07-08 00:03:00,4.3,5589,STAFF_SERVICE,True,hizmet
yasmin-bodrum-resortta-kalitesiz-konaklama-ve-haksiz-kesinti,BOD115,Yasmin Bodrum Resort,Kadıkalesi,False,2026-07-08 00:03:00,4.3,5589,CLEANLINESS_HYGIENE,True,hijyen|koku
yasmin-bodrum-resortta-kalitesiz-konaklama-ve-haksiz-kesinti,BOD115,Yasmin Bodrum Resort,Kadıkalesi,False,2026-07-08 00:03:00,4.3,5589,FOOD_BEVERAGE,True,kahvaltı|yiyecek|yemek
yasmin-bodrum-resortta-kalitesiz-konaklama-ve-haksiz-kesinti,BOD115,Yasmin Bodrum Resort,Kadıkalesi,False,2026-07-08 00:03:00,4.3,5589,ROOM,True,yatak|oda
yasmin-bodrum-resortta-kalitesiz-konaklama-ve-haksiz-kesinti,BOD115,Yasmin Bodrum Resort,Kadıkalesi,False,2026-07-08 00:03:00,4.3,5589,BEACH_SEA,False,
yasmin-bodrum-resortta-kalitesiz-konaklama-ve-haksiz-kesinti,BOD115,Yasmin Bodrum Resort,Kadıkalesi,False,2026-07-08 00:03:00,4.3,5589,POOL,False,
yasmin-bodrum-resortta-kalitesiz-konaklama-ve-haksiz-kesinti,BOD115,Yasmin Bodrum Resort,Kadıkalesi,False,2026-07-08 00:03:00,4.3,5589,FACILITIES_MAINTENANCE,True,bozuk
yasmin-bodrum-resortta-kalitesiz-konaklama-ve-haksiz-kesinti,BOD115,Yasmin Bodrum Resort,Kadıkalesi,False,2026-07-08 00:03:00,4.3,5589,RESERVATION,True,rezervasyon|iptal
yasmin-bodrum-resortta-kalitesiz-konaklama-ve-haksiz-kesinti,BOD115,Yasmin Bodrum Resort,Kadıkalesi,False,2026-07-08 00:03:00,4.3,5589,PAYMENT_REFUND,True,kesinti|ödeme|iade
yasmin-bodrum-resortta-kalitesiz-konaklama-ve-haksiz-kesinti,BOD115,Yasmin Bodrum Resort,Kadıkalesi,False,2026-07-08 00:03:00,4.3,5589,PRICE_VALUE,True,ödediğimiz|ücret
yasmin-bodrum-resortta-kalitesiz-konaklama-ve-haksiz-kesinti,BOD115,Yasmin Bodrum Resort,Kadıkalesi,False,2026-07-08 00:03:00,4.3,5589,CHECKIN_CHECKOUT,False,
yasmin-bodrum-resortta-kalitesiz-konaklama-ve-haksiz-kesinti,BOD115,Yasmin Bodrum Resort,Kadıkalesi,False,2026-07-08 00:03:00,4.3,5589,AIR_CONDITIONING,False,
yasmin-bodrum-resortta-kalitesiz-konaklama-ve-haksiz-kesinti,BOD115,Yasmin Bodrum Resort,Kadıkalesi,False,2026-07-08 00:03:00,4.3,5589,NOISE,False,
yasmin-bodrum-resortta-kalitesiz-konaklama-ve-haksiz-kesinti,BOD115,Yasmin Bodrum Resort,Kadıkalesi,False,2026-07-08 00:03:00,4.3,5589,FAMILY_CHILDREN,True,oğlum|aile
yasmin-bodrum-resortta-kalitesiz-konaklama-ve-haksiz-kesinti,BOD115,Yasmin Bodrum Resort,Kadıkalesi,False,2026-07-08 00:03:00,4.3,5589,TRANSPORT_TRANSFER,False,
yasmin-bodrum-resortta-kalitesiz-konaklama-ve-haksiz-kesinti,BOD115,Yasmin Bodrum Resort,Kadıkalesi,False,2026-07-08 00:03:00,4.3,5589,MANAGEMENT_COMMUNICATION,False,
yasmin-bodrum-resortta-kalitesiz-konaklama-ve-haksiz-kesinti,BOD115,Yasmin Bodrum Resort,Kadıkalesi,False,2026-07-08 00:03:00,4.3,5589,SPA_WELLNESS,False,
yasmin-bodrum-resortta-kalitesiz-konaklama-ve-haksiz-kesinti,BOD115,Yasmin Bodrum Resort,Kadıkalesi,False,2026-07-08 00:03:00,4.3,5589,SAFETY_SECURITY,False,
giris-saati-sistem-hatasi-nedeniyle-yarim-gun-beklemek-zorunda-kaldik,BOD115,Yasmin Bodrum Resort,Kadıkalesi,False,2026-07-06 15:07:00,4.3,5589,STAFF_SERVICE,True,personel|hizmet
giris-saati-sistem-hatasi-nedeniyle-yarim-gun-beklemek-zorunda-kaldik,BOD115,Yasmin Bodrum Resort,Kadıkalesi,False,2026-07-06 15:07:00,4.3,5589,CLEANLINESS_HYGIENE,False,
giris-saati-sistem-hatasi-nedeniyle-yarim-gun-beklemek-zorunda-kaldik,BOD115,Yasmin Bodrum Resort,Kadıkalesi,False,2026-07-06 15:07:00,4.3,5589,FOOD_BEVERAGE,False,
giris-saati-sistem-hatasi-nedeniyle-yarim-gun-beklemek-zorunda-kaldik,BOD115,Yasmin Bodrum Resort,Kadıkalesi,False,2026-07-06 15:07:00,4.3,5589,ROOM,True,oda
giris-saati-sistem-hatasi-nedeniyle-yarim-gun-beklemek-zorunda-kaldik,BOD115,Yasmin Bodrum Resort,Kadıkalesi,False,2026-07-06 15:07:00,4.3,5589,BEACH_SEA,False,
giris-saati-sistem-hatasi-nedeniyle-yarim-gun-beklemek-zorunda-kaldik,BOD115,Yasmin Bodrum Resort,Kadıkalesi,False,2026-07-06 15:07:00,4.3,5589,POOL,False,
giris-saati-sistem-hatasi-nedeniyle-yarim-gun-beklemek-zorunda-kaldik,BOD115,Yasmin Bodrum Resort,Kadıkalesi,False,2026-07-06 15:07:00,4.3,5589,FACILITIES_MAINTENANCE,True,bozuk
giris-saati-sistem-hatasi-nedeniyle-yarim-gun-beklemek-zorunda-kaldik,BOD115,Yasmin Bodrum Resort,Kadıkalesi,False,2026-07-06 15:07:00,4.3,5589,RESERVATION,False,
giris-saati-sistem-hatasi-nedeniyle-yarim-gun-beklemek-zorunda-kaldik,BOD115,Yasmin Bodrum Resort,Kadıkalesi,False,2026-07-06 15:07:00,4.3,5589,PAYMENT_REFUND,False,
giris-saati-sistem-hatasi-nedeniyle-yarim-gun-beklemek-zorunda-kaldik,BOD115,Yasmin Bodrum Resort,Kadıkalesi,False,2026-07-06 15:07:00,4.3,5589,PRICE_VALUE,False,
giris-saati-sistem-hatasi-nedeniyle-yarim-gun-beklemek-zorunda-kaldik,BOD115,Yasmin Bodrum Resort,Kadıkalesi,False,2026-07-06 15:07:00,4.3,5589,CHECKIN_CHECKOUT,False,
giris-saati-sistem-hatasi-nedeniyle-yarim-gun-beklemek-zorunda-kaldik,BOD115,Yasmin Bodrum Resort,Kadıkalesi,False,2026-07-06 15:07:00,4.3,5589,AIR_CONDITIONING,False,
giris-saati-sistem-hatasi-nedeniyle-yarim-gun-beklemek-zorunda-kaldik,BOD115,Yasmin Bodrum Resort,Kadıkalesi,False,2026-07-06 15:07:00,4.3,5589,NOISE,False,
giris-saati-sistem-hatasi-nedeniyle-yarim-gun-beklemek-zorunda-kaldik,BOD115,Yasmin Bodrum Resort,Kadıkalesi,False,2026-07-06 15:07:00,4.3,5589,FAMILY_CHILDREN,False,
giris-saati-sistem-hatasi-nedeniyle-yarim-gun-beklemek-zorunda-kaldik,BOD115,Yasmin Bodrum Resort,Kadıkalesi,False,2026-07-06 15:07:00,4.3,5589,TRANSPORT_TRANSFER,False,
giris-saati-sistem-hatasi-nedeniyle-yarim-gun-beklemek-zorunda-kaldik,BOD115,Yasmin Bodrum Resort,Kadıkalesi,False,2026-07-06 15:07:00,4.3,5589,MANAGEMENT_COMMUNICATION,False,
giris-saati-sistem-hatasi-nedeniyle-yarim-gun-beklemek-zorunda-kaldik,BOD115,Yasmin Bodrum Resort,Kadıkalesi,False,2026-07-06 15:07:00,4.3,5589,SPA_WELLNESS,False,
giris-saati-sistem-hatasi-nedeniyle-yarim-gun-beklemek-zorunda-kaldik,BOD115,Yasmin Bodrum Resort,Kadıkalesi,False,2026-07-06 15:07:00,4.3,5589,SAFETY_SECURITY,False,
balayi-tatilinde-fatura-sorunu-ve-ilgisiz-musteri-hizmeti,BOD115,Yasmin Bodrum Resort,Kadıkalesi,False,2025-08-23 20:24:00,4.3,5589,STAFF_SERVICE,True,çalışan
balayi-tatilinde-fatura-sorunu-ve-ilgisiz-musteri-hizmeti,BOD115,Yasmin Bodrum Resort,Kadıkalesi,False,2025-08-23 20:24:00,4.3,5589,CLEANLINESS_HYGIENE,False,
balayi-tatilinde-fatura-sorunu-ve-ilgisiz-musteri-hizmeti,BOD115,Yasmin Bodrum Resort,Kadıkalesi,False,2025-08-23 20:24:00,4.3,5589,FOOD_BEVERAGE,True,restoran|mutfak|yemek
balayi-tatilinde-fatura-sorunu-ve-ilgisiz-musteri-hizmeti,BOD115,Yasmin Bodrum Resort,Kadıkalesi,False,2025-08-23 20:24:00,4.3,5589,ROOM,False,
balayi-tatilinde-fatura-sorunu-ve-ilgisiz-musteri-hizmeti,BOD115,Yasmin Bodrum Resort,Kadıkalesi,False,2025-08-23 20:24:00,4.3,5589,BEACH_SEA,False,
balayi-tatilinde-fatura-sorunu-ve-ilgisiz-musteri-hizmeti,BOD115,Yasmin Bodrum Resort,Kadıkalesi,False,2025-08-23 20:24:00,4.3,5589,POOL,False,
balayi-tatilinde-fatura-sorunu-ve-ilgisiz-musteri-hizmeti,BOD115,Yasmin Bodrum Resort,Kadıkalesi,False,2025-08-23 20:24:00,4.3,5589,FACILITIES_MAINTENANCE,False,
balayi-tatilinde-fatura-sorunu-ve-ilgisiz-musteri-hizmeti,BOD115,Yasmin Bodrum Resort,Kadıkalesi,False,2025-08-23 20:24:00,4.3,5589,RESERVATION,True,rezervasyon|iptal
balayi-tatilinde-fatura-sorunu-ve-ilgisiz-musteri-hizmeti,BOD115,Yasmin Bodrum Resort,Kadıkalesi,False,2025-08-23 20:24:00,4.3,5589,PAYMENT_REFUND,True,fatura|ödeme
balayi-tatilinde-fatura-sorunu-ve-ilgisiz-musteri-hizmeti,BOD115,Yasmin Bodrum Resort,Kadıkalesi,False,2025-08-23 20:24:00,4.3,5589,PRICE_VALUE,True,fiyat
balayi-tatilinde-fatura-sorunu-ve-ilgisiz-musteri-hizmeti,BOD115,Yasmin Bodrum Resort,Kadıkalesi,False,2025-08-23 20:24:00,4.3,5589,CHECKIN_CHECKOUT,False,
balayi-tatilinde-fatura-sorunu-ve-ilgisiz-musteri-hizmeti,BOD115,Yasmin Bodrum Resort,Kadıkalesi,False,2025-08-23 20:24:00,4.3,5589,AIR_CONDITIONING,False,
balayi-tatilinde-fatura-sorunu-ve-ilgisiz-musteri-hizmeti,BOD115,Yasmin Bodrum Resort,Kadıkalesi,False,2025-08-23 20:24:00,4.3,5589,NOISE,False,
balayi-tatilinde-fatura-sorunu-ve-ilgisiz-musteri-hizmeti,BOD115,Yasmin Bodrum Resort,Kadıkalesi,False,2025-08-23 20:24:00,4.3,5589,FAMILY_CHILDREN,False,
balayi-tatilinde-fatura-sorunu-ve-ilgisiz-musteri-hizmeti,BOD115,Yasmin Bodrum Resort,Kadıkalesi,False,2025-08-23 20:24:00,4.3,5589,TRANSPORT_TRANSFER,False,
balayi-tatilinde-fatura-sorunu-ve-ilgisiz-musteri-hizmeti,BOD115,Yasmin Bodrum Resort,Kadıkalesi,False,2025-08-23 20:24:00,4.3,5589,MANAGEMENT_COMMUNICATION,True,telefon
balayi-tatilinde-fatura-sorunu-ve-ilgisiz-musteri-hizmeti,BOD115,Yasmin Bodrum Resort,Kadıkalesi,False,2025-08-23 20:24:00,4.3,5589,SPA_WELLNESS,False,
balayi-tatilinde-fatura-sorunu-ve-ilgisiz-musteri-hizmeti,BOD115,Yasmin Bodrum Resort,Kadıkalesi,False,2025-08-23 20:24:00,4.3,5589,SAFETY_SECURITY,False,
yasmin-bodrum-resort-cozulmeyen-gurultu-problemi-video,BOD115,Yasmin Bodrum Resort,Kadıkalesi,False,2025-08-06 11:32:00,4.3,5589,STAFF_SERVICE,False,
yasmin-bodrum-resort-cozulmeyen-gurultu-problemi-video,BOD115,Yasmin Bodrum Resort,Kadıkalesi,False,2025-08-06 11:32:00,4.3,5589,CLEANLINESS_HYGIENE,False,
yasmin-bodrum-resort-cozulmeyen-gurultu-problemi-video,BOD115,Yasmin Bodrum Resort,Kadıkalesi,False,2025-08-06 11:32:00,4.3,5589,FOOD_BEVERAGE,False,
yasmin-bodrum-resort-cozulmeyen-gurultu-problemi-video,BOD115,Yasmin Bodrum Resort,Kadıkalesi,False,2025-08-06 11:32:00,4.3,5589,ROOM,False,
yasmin-bodrum-resort-cozulmeyen-gurultu-problemi-video,BOD115,Yasmin Bodrum Resort,Kadıkalesi,False,2025-08-06 11:32:00,4.3,5589,BEACH_SEA,False,
yasmin-bodrum-resort-cozulmeyen-gurultu-problemi-video,BOD115,Yasmin Bodrum Resort,Kadıkalesi,False,2025-08-06 11:32:00,4.3,5589,POOL,False,
yasmin-bodrum-resort-cozulmeyen-gurultu-problemi-video,BOD115,Yasmin Bodrum Resort,Kadıkalesi,False,2025-08-06 11:32:00,4.3,5589,FACILITIES_MAINTENANCE,False,
yasmin-bodrum-resort-cozulmeyen-gurultu-problemi-video,BOD115,Yasmin Bodrum Resort,Kadıkalesi,False,2025-08-06 11:32:00,4.3,5589,RESERVATION,False,
yasmin-bodrum-resort-cozulmeyen-gurultu-problemi-video,BOD115,Yasmin Bodrum Resort,Kadıkalesi,False,2025-08-06 11:32:00,4.3,5589,PAYMENT_REFUND,False,
yasmin-bodrum-resort-cozulmeyen-gurultu-problemi-video,BOD115,Yasmin Bodrum Resort,Kadıkalesi,False,2025-08-06 11:32:00,4.3,5589,PRICE_VALUE,False,
yasmin-bodrum-resort-cozulmeyen-gurultu-problemi-video,BOD115,Yasmin Bodrum Resort,Kadıkalesi,False,2025-08-06 11:32:00,4.3,5589,CHECKIN_CHECKOUT,False,
yasmin-bodrum-resort-cozulmeyen-gurultu-problemi-video,BOD115,Yasmin Bodrum Resort,Kadıkalesi,False,2025-08-06 11:32:00,4.3,5589,AIR_CONDITIONING,False,
yasmin-bodrum-resort-cozulmeyen-gurultu-problemi-video,BOD115,Yasmin Bodrum Resort,Kadıkalesi,False,2025-08-06 11:32:00,4.3,5589,NOISE,False,
yasmin-bodrum-resort-cozulmeyen-gurultu-problemi-video,BOD115,Yasmin Bodrum Resort,Kadıkalesi,False,2025-08-06 11:32:00,4.3,5589,FAMILY_CHILDREN,False,
yasmin-bodrum-resort-cozulmeyen-gurultu-problemi-video,BOD115,Yasmin Bodrum Resort,Kadıkalesi,False,2025-08-06 11:32:00,4.3,5589,TRANSPORT_TRANSFER,False,
yasmin-bodrum-resort-cozulmeyen-gurultu-problemi-video,BOD115,Yasmin Bodrum Resort,Kadıkalesi,False,2025-08-06 11:32:00,4.3,5589,MANAGEMENT_COMMUNICATION,False,
yasmin-bodrum-resort-cozulmeyen-gurultu-problemi-video,BOD115,Yasmin Bodrum Resort,Kadıkalesi,False,2025-08-06 11:32:00,4.3,5589,SPA_WELLNESS,False,
yasmin-bodrum-resort-cozulmeyen-gurultu-problemi-video,BOD115,Yasmin Bodrum Resort,Kadıkalesi,False,2025-08-06 11:32:00,4.3,5589,SAFETY_SECURITY,False,
bes-yildizli-otelde-hayal-kirikligi-ve-kaybolan-havlu-gizemi,BOD115,Yasmin Bodrum Resort,Kadıkalesi,False,2025-08-03 09:59:00,4.3,5589,STAFF_SERVICE,True,personel|çalışan
bes-yildizli-otelde-hayal-kirikligi-ve-kaybolan-havlu-gizemi,BOD115,Yasmin Bodrum Resort,Kadıkalesi,False,2025-08-03 09:59:00,4.3,5589,CLEANLINESS_HYGIENE,True,temizlik|temiz|havlu
bes-yildizli-otelde-hayal-kirikligi-ve-kaybolan-havlu-gizemi,BOD115,Yasmin Bodrum Resort,Kadıkalesi,False,2025-08-03 09:59:00,4.3,5589,FOOD_BEVERAGE,True,a la carte|restoran|mutfak|yemek|tabak|çatal
bes-yildizli-otelde-hayal-kirikligi-ve-kaybolan-havlu-gizemi,BOD115,Yasmin Bodrum Resort,Kadıkalesi,False,2025-08-03 09:59:00,4.3,5589,ROOM,True,yatak|oda
bes-yildizli-otelde-hayal-kirikligi-ve-kaybolan-havlu-gizemi,BOD115,Yasmin Bodrum Resort,Kadıkalesi,False,2025-08-03 09:59:00,4.3,5589,BEACH_SEA,True,deniz
bes-yildizli-otelde-hayal-kirikligi-ve-kaybolan-havlu-gizemi,BOD115,Yasmin Bodrum Resort,Kadıkalesi,False,2025-08-03 09:59:00,4.3,5589,POOL,False,
bes-yildizli-otelde-hayal-kirikligi-ve-kaybolan-havlu-gizemi,BOD115,Yasmin Bodrum Resort,Kadıkalesi,False,2025-08-03 09:59:00,4.3,5589,FACILITIES_MAINTENANCE,True,ortak alan
bes-yildizli-otelde-hayal-kirikligi-ve-kaybolan-havlu-gizemi,BOD115,Yasmin Bodrum Resort,Kadıkalesi,False,2025-08-03 09:59:00,4.3,5589,RESERVATION,False,
bes-yildizli-otelde-hayal-kirikligi-ve-kaybolan-havlu-gizemi,BOD115,Yasmin Bodrum Resort,Kadıkalesi,False,2025-08-03 09:59:00,4.3,5589,PAYMENT_REFUND,False,
bes-yildizli-otelde-hayal-kirikligi-ve-kaybolan-havlu-gizemi,BOD115,Yasmin Bodrum Resort,Kadıkalesi,False,2025-08-03 09:59:00,4.3,5589,PRICE_VALUE,True,ucuz
bes-yildizli-otelde-hayal-kirikligi-ve-kaybolan-havlu-gizemi,BOD115,Yasmin Bodrum Resort,Kadıkalesi,False,2025-08-03 09:59:00,4.3,5589,CHECKIN_CHECKOUT,False,
bes-yildizli-otelde-hayal-kirikligi-ve-kaybolan-havlu-gizemi,BOD115,Yasmin Bodrum Resort,Kadıkalesi,False,2025-08-03 09:59:00,4.3,5589,AIR_CONDITIONING,True,havalandırma|klima
bes-yildizli-otelde-hayal-kirikligi-ve-kaybolan-havlu-gizemi,BOD115,Yasmin Bodrum Resort,Kadıkalesi,False,2025-08-03 09:59:00,4.3,5589,NOISE,False,
bes-yildizli-otelde-hayal-kirikligi-ve-kaybolan-havlu-gizemi,BOD115,Yasmin Bodrum Resort,Kadıkalesi,False,2025-08-03 09:59:00,4.3,5589,FAMILY_CHILDREN,False,
bes-yildizli-otelde-hayal-kirikligi-ve-kaybolan-havlu-gizemi,BOD115,Yasmin Bodrum Resort,Kadıkalesi,False,2025-08-03 09:59:00,4.3,5589,TRANSPORT_TRANSFER,False,
bes-yildizli-otelde-hayal-kirikligi-ve-kaybolan-havlu-gizemi,BOD115,Yasmin Bodrum Resort,Kadıkalesi,False,2025-08-03 09:59:00,4.3,5589,MANAGEMENT_COMMUNICATION,True,geri dönüş|telefon
bes-yildizli-otelde-hayal-kirikligi-ve-kaybolan-havlu-gizemi,BOD115,Yasmin Bodrum Resort,Kadıkalesi,False,2025-08-03 09:59:00,4.3,5589,SPA_WELLNESS,False,
bes-yildizli-otelde-hayal-kirikligi-ve-kaybolan-havlu-gizemi,BOD115,Yasmin Bodrum Resort,Kadıkalesi,False,2025-08-03 09:59:00,4.3,5589,SAFETY_SECURITY,True,çalındı
otel-kaynakli-surekli-gurultu-sorunu-ve-ilgisiz-yaklasim,BOD115,Yasmin Bodrum Resort,Kadıkalesi,False,2025-08-01 16:00:00,4.3,5589,STAFF_SERVICE,False,
otel-kaynakli-surekli-gurultu-sorunu-ve-ilgisiz-yaklasim,BOD115,Yasmin Bodrum Resort,Kadıkalesi,False,2025-08-01 16:00:00,4.3,5589,CLEANLINESS_HYGIENE,True,kirli
otel-kaynakli-surekli-gurultu-sorunu-ve-ilgisiz-yaklasim,BOD115,Yasmin Bodrum Resort,Kadıkalesi,False,2025-08-01 16:00:00,4.3,5589,FOOD_BEVERAGE,False,
otel-kaynakli-surekli-gurultu-sorunu-ve-ilgisiz-yaklasim,BOD115,Yasmin Bodrum Resort,Kadıkalesi,False,2025-08-01 16:00:00,4.3,5589,ROOM,False,
otel-kaynakli-surekli-gurultu-sorunu-ve-ilgisiz-yaklasim,BOD115,Yasmin Bodrum Resort,Kadıkalesi,False,2025-08-01 16:00:00,4.3,5589,BEACH_SEA,False,
otel-kaynakli-surekli-gurultu-sorunu-ve-ilgisiz-yaklasim,BOD115,Yasmin Bodrum Resort,Kadıkalesi,False,2025-08-01 16:00:00,4.3,5589,POOL,False,
otel-kaynakli-surekli-gurultu-sorunu-ve-ilgisiz-yaklasim,BOD115,Yasmin Bodrum Resort,Kadıkalesi,False,2025-08-01 16:00:00,4.3,5589,FACILITIES_MAINTENANCE,True,arızalı|tamir|kapı
otel-kaynakli-surekli-gurultu-sorunu-ve-ilgisiz-yaklasim,BOD115,Yasmin Bodrum Resort,Kadıkalesi,False,2025-08-01 16:00:00,4.3,5589,RESERVATION,False,
otel-kaynakli-surekli-gurultu-sorunu-ve-ilgisiz-yaklasim,BOD115,Yasmin Bodrum Resort,Kadıkalesi,False,2025-08-01 16:00:00,4.3,5589,PAYMENT_REFUND,False,
otel-kaynakli-surekli-gurultu-sorunu-ve-ilgisiz-yaklasim,BOD115,Yasmin Bodrum Resort,Kadıkalesi,False,2025-08-01 16:00:00,4.3,5589,PRICE_VALUE,False,
otel-kaynakli-surekli-gurultu-sorunu-ve-ilgisiz-yaklasim,BOD115,Yasmin Bodrum Resort,Kadıkalesi,False,2025-08-01 16:00:00,4.3,5589,CHECKIN_CHECKOUT,False,
otel-kaynakli-surekli-gurultu-sorunu-ve-ilgisiz-yaklasim,BOD115,Yasmin Bodrum Resort,Kadıkalesi,False,2025-08-01 16:00:00,4.3,5589,AIR_CONDITIONING,False,
otel-kaynakli-surekli-gurultu-sorunu-ve-ilgisiz-yaklasim,BOD115,Yasmin Bodrum Resort,Kadıkalesi,False,2025-08-01 16:00:00,4.3,5589,NOISE,True,gürültü
otel-kaynakli-surekli-gurultu-sorunu-ve-ilgisiz-yaklasim,BOD115,Yasmin Bodrum Resort,Kadıkalesi,False,2025-08-01 16:00:00,4.3,5589,FAMILY_CHILDREN,False,
otel-kaynakli-surekli-gurultu-sorunu-ve-ilgisiz-yaklasim,BOD115,Yasmin Bodrum Resort,Kadıkalesi,False,2025-08-01 16:00:00,4.3,5589,TRANSPORT_TRANSFER,False,
otel-kaynakli-surekli-gurultu-sorunu-ve-ilgisiz-yaklasim,BOD115,Yasmin Bodrum Resort,Kadıkalesi,False,2025-08-01 16:00:00,4.3,5589,MANAGEMENT_COMMUNICATION,False,
otel-kaynakli-surekli-gurultu-sorunu-ve-ilgisiz-yaklasim,BOD115,Yasmin Bodrum Resort,Kadıkalesi,False,2025-08-01 16:00:00,4.3,5589,SPA_WELLNESS,False,
otel-kaynakli-surekli-gurultu-sorunu-ve-ilgisiz-yaklasim,BOD115,Yasmin Bodrum Resort,Kadıkalesi,False,2025-08-01 16:00:00,4.3,5589,SAFETY_SECURITY,False,
elektrik-kesintileri-ve-klima-sorunlari-tatili-kabusa-cevirdi,BOD115,Yasmin Bodrum Resort,Kadıkalesi,False,2025-07-26 21:57:00,4.3,5589,STAFF_SERVICE,True,servis
elektrik-kesintileri-ve-klima-sorunlari-tatili-kabusa-cevirdi,BOD115,Yasmin Bodrum Resort,Kadıkalesi,False,2025-07-26 21:57:00,4.3,5589,CLEANLINESS_HYGIENE,True,hijyen
elektrik-kesintileri-ve-klima-sorunlari-tatili-kabusa-cevirdi,BOD115,Yasmin Bodrum Resort,Kadıkalesi,False,2025-07-26 21:57:00,4.3,5589,FOOD_BEVERAGE,True,her şey dahil|restoran|yemek|büfe
elektrik-kesintileri-ve-klima-sorunlari-tatili-kabusa-cevirdi,BOD115,Yasmin Bodrum Resort,Kadıkalesi,False,2025-07-26 21:57:00,4.3,5589,ROOM,True,minibar
elektrik-kesintileri-ve-klima-sorunlari-tatili-kabusa-cevirdi,BOD115,Yasmin Bodrum Resort,Kadıkalesi,False,2025-07-26 21:57:00,4.3,5589,BEACH_SEA,False,
elektrik-kesintileri-ve-klima-sorunlari-tatili-kabusa-cevirdi,BOD115,Yasmin Bodrum Resort,Kadıkalesi,False,2025-07-26 21:57:00,4.3,5589,POOL,False,
elektrik-kesintileri-ve-klima-sorunlari-tatili-kabusa-cevirdi,BOD115,Yasmin Bodrum Resort,Kadıkalesi,False,2025-07-26 21:57:00,4.3,5589,FACILITIES_MAINTENANCE,True,elektrik
elektrik-kesintileri-ve-klima-sorunlari-tatili-kabusa-cevirdi,BOD115,Yasmin Bodrum Resort,Kadıkalesi,False,2025-07-26 21:57:00,4.3,5589,RESERVATION,False,
elektrik-kesintileri-ve-klima-sorunlari-tatili-kabusa-cevirdi,BOD115,Yasmin Bodrum Resort,Kadıkalesi,False,2025-07-26 21:57:00,4.3,5589,PAYMENT_REFUND,True,para
elektrik-kesintileri-ve-klima-sorunlari-tatili-kabusa-cevirdi,BOD115,Yasmin Bodrum Resort,Kadıkalesi,False,2025-07-26 21:57:00,4.3,5589,PRICE_VALUE,False,
elektrik-kesintileri-ve-klima-sorunlari-tatili-kabusa-cevirdi,BOD115,Yasmin Bodrum Resort,Kadıkalesi,False,2025-07-26 21:57:00,4.3,5589,CHECKIN_CHECKOUT,False,
elektrik-kesintileri-ve-klima-sorunlari-tatili-kabusa-cevirdi,BOD115,Yasmin Bodrum Resort,Kadıkalesi,False,2025-07-26 21:57:00,4.3,5589,AIR_CONDITIONING,True,klima çalışmıyor|klima
elektrik-kesintileri-ve-klima-sorunlari-tatili-kabusa-cevirdi,BOD115,Yasmin Bodrum Resort,Kadıkalesi,False,2025-07-26 21:57:00,4.3,5589,NOISE,False,
elektrik-kesintileri-ve-klima-sorunlari-tatili-kabusa-cevirdi,BOD115,Yasmin Bodrum Resort,Kadıkalesi,False,2025-07-26 21:57:00,4.3,5589,FAMILY_CHILDREN,False,
elektrik-kesintileri-ve-klima-sorunlari-tatili-kabusa-cevirdi,BOD115,Yasmin Bodrum Resort,Kadıkalesi,False,2025-07-26 21:57:00,4.3,5589,TRANSPORT_TRANSFER,False,
elektrik-kesintileri-ve-klima-sorunlari-tatili-kabusa-cevirdi,BOD115,Yasmin Bodrum Resort,Kadıkalesi,False,2025-07-26 21:57:00,4.3,5589,MANAGEMENT_COMMUNICATION,False,
elektrik-kesintileri-ve-klima-sorunlari-tatili-kabusa-cevirdi,BOD115,Yasmin Bodrum Resort,Kadıkalesi,False,2025-07-26 21:57:00,4.3,5589,SPA_WELLNESS,False,
elektrik-kesintileri-ve-klima-sorunlari-tatili-kabusa-cevirdi,BOD115,Yasmin Bodrum Resort,Kadıkalesi,False,2025-07-26 21:57:00,4.3,5589,SAFETY_SECURITY,False,
uzak-oda-ve-buggy-sorunu-tatil-keyfini-bozdu,BOD115,Yasmin Bodrum Resort,Kadıkalesi,False,2025-07-23 02:45:00,4.3,5589,STAFF_SERVICE,False,
uzak-oda-ve-buggy-sorunu-tatil-keyfini-bozdu,BOD115,Yasmin Bodrum Resort,Kadıkalesi,False,2025-07-23 02:45:00,4.3,5589,CLEANLINESS_HYGIENE,False,
uzak-oda-ve-buggy-sorunu-tatil-keyfini-bozdu,BOD115,Yasmin Bodrum Resort,Kadıkalesi,False,2025-07-23 02:45:00,4.3,5589,FOOD_BEVERAGE,False,
uzak-oda-ve-buggy-sorunu-tatil-keyfini-bozdu,BOD115,Yasmin Bodrum Resort,Kadıkalesi,False,2025-07-23 02:45:00,4.3,5589,ROOM,True,oda
uzak-oda-ve-buggy-sorunu-tatil-keyfini-bozdu,BOD115,Yasmin Bodrum Resort,Kadıkalesi,False,2025-07-23 02:45:00,4.3,5589,BEACH_SEA,True,deniz
uzak-oda-ve-buggy-sorunu-tatil-keyfini-bozdu,BOD115,Yasmin Bodrum Resort,Kadıkalesi,False,2025-07-23 02:45:00,4.3,5589,POOL,False,
uzak-oda-ve-buggy-sorunu-tatil-keyfini-bozdu,BOD115,Yasmin Bodrum Resort,Kadıkalesi,False,2025-07-23 02:45:00,4.3,5589,FACILITIES_MAINTENANCE,True,kırık
uzak-oda-ve-buggy-sorunu-tatil-keyfini-bozdu,BOD115,Yasmin Bodrum Resort,Kadıkalesi,False,2025-07-23 02:45:00,4.3,5589,RESERVATION,False,
uzak-oda-ve-buggy-sorunu-tatil-keyfini-bozdu,BOD115,Yasmin Bodrum Resort,Kadıkalesi,False,2025-07-23 02:45:00,4.3,5589,PAYMENT_REFUND,False,
uzak-oda-ve-buggy-sorunu-tatil-keyfini-bozdu,BOD115,Yasmin Bodrum Resort,Kadıkalesi,False,2025-07-23 02:45:00,4.3,5589,PRICE_VALUE,False,
uzak-oda-ve-buggy-sorunu-tatil-keyfini-bozdu,BOD115,Yasmin Bodrum Resort,Kadıkalesi,False,2025-07-23 02:45:00,4.3,5589,CHECKIN_CHECKOUT,False,
uzak-oda-ve-buggy-sorunu-tatil-keyfini-bozdu,BOD115,Yasmin Bodrum Resort,Kadıkalesi,False,2025-07-23 02:45:00,4.3,5589,AIR_CONDITIONING,False,
uzak-oda-ve-buggy-sorunu-tatil-keyfini-bozdu,BOD115,Yasmin Bodrum Resort,Kadıkalesi,False,2025-07-23 02:45:00,4.3,5589,NOISE,False,
uzak-oda-ve-buggy-sorunu-tatil-keyfini-bozdu,BOD115,Yasmin Bodrum Resort,Kadıkalesi,False,2025-07-23 02:45:00,4.3,5589,FAMILY_CHILDREN,True,çocuğum
uzak-oda-ve-buggy-sorunu-tatil-keyfini-bozdu,BOD115,Yasmin Bodrum Resort,Kadıkalesi,False,2025-07-23 02:45:00,4.3,5589,TRANSPORT_TRANSFER,False,
uzak-oda-ve-buggy-sorunu-tatil-keyfini-bozdu,BOD115,Yasmin Bodrum Resort,Kadıkalesi,False,2025-07-23 02:45:00,4.3,5589,MANAGEMENT_COMMUNICATION,True,yönetim|telefon|müdür
uzak-oda-ve-buggy-sorunu-tatil-keyfini-bozdu,BOD115,Yasmin Bodrum Resort,Kadıkalesi,False,2025-07-23 02:45:00,4.3,5589,SPA_WELLNESS,False,
uzak-oda-ve-buggy-sorunu-tatil-keyfini-bozdu,BOD115,Yasmin Bodrum Resort,Kadıkalesi,False,2025-07-23 02:45:00,4.3,5589,SAFETY_SECURITY,False,
yasmin-bodrum-resort-otelinde-rezervasyon-surecinde-ilgisizlik-ve-ciddiyetsizlik,BOD115,Yasmin Bodrum Resort,Kadıkalesi,False,2025-07-17 22:26:00,4.3,5589,STAFF_SERVICE,False,
yasmin-bodrum-resort-otelinde-rezervasyon-surecinde-ilgisizlik-ve-ciddiyetsizlik,BOD115,Yasmin Bodrum Resort,Kadıkalesi,False,2025-07-17 22:26:00,4.3,5589,CLEANLINESS_HYGIENE,False,
yasmin-bodrum-resort-otelinde-rezervasyon-surecinde-ilgisizlik-ve-ciddiyetsizlik,BOD115,Yasmin Bodrum Resort,Kadıkalesi,False,2025-07-17 22:26:00,4.3,5589,FOOD_BEVERAGE,False,
yasmin-bodrum-resort-otelinde-rezervasyon-surecinde-ilgisizlik-ve-ciddiyetsizlik,BOD115,Yasmin Bodrum Resort,Kadıkalesi,False,2025-07-17 22:26:00,4.3,5589,ROOM,False,
yasmin-bodrum-resort-otelinde-rezervasyon-surecinde-ilgisizlik-ve-ciddiyetsizlik,BOD115,Yasmin Bodrum Resort,Kadıkalesi,False,2025-07-17 22:26:00,4.3,5589,BEACH_SEA,True,deniz
yasmin-bodrum-resort-otelinde-rezervasyon-surecinde-ilgisizlik-ve-ciddiyetsizlik,BOD115,Yasmin Bodrum Resort,Kadıkalesi,False,2025-07-17 22:26:00,4.3,5589,POOL,False,
yasmin-bodrum-resort-otelinde-rezervasyon-surecinde-ilgisizlik-ve-ciddiyetsizlik,BOD115,Yasmin Bodrum Resort,Kadıkalesi,False,2025-07-17 22:26:00,4.3,5589,FACILITIES_MAINTENANCE,False,
yasmin-bodrum-resort-otelinde-rezervasyon-surecinde-ilgisizlik-ve-ciddiyetsizlik,BOD115,Yasmin Bodrum Resort,Kadıkalesi,False,2025-07-17 22:26:00,4.3,5589,RESERVATION,True,rezervasyon
yasmin-bodrum-resort-otelinde-rezervasyon-surecinde-ilgisizlik-ve-ciddiyetsizlik,BOD115,Yasmin Bodrum Resort,Kadıkalesi,False,2025-07-17 22:26:00,4.3,5589,PAYMENT_REFUND,False,
yasmin-bodrum-resort-otelinde-rezervasyon-surecinde-ilgisizlik-ve-ciddiyetsizlik,BOD115,Yasmin Bodrum Resort,Kadıkalesi,False,2025-07-17 22:26:00,4.3,5589,PRICE_VALUE,True,fiyat
yasmin-bodrum-resort-otelinde-rezervasyon-surecinde-ilgisizlik-ve-ciddiyetsizlik,BOD115,Yasmin Bodrum Resort,Kadıkalesi,False,2025-07-17 22:26:00,4.3,5589,CHECKIN_CHECKOUT,False,
yasmin-bodrum-resort-otelinde-rezervasyon-surecinde-ilgisizlik-ve-ciddiyetsizlik,BOD115,Yasmin Bodrum Resort,Kadıkalesi,False,2025-07-17 22:26:00,4.3,5589,AIR_CONDITIONING,False,
yasmin-bodrum-resort-otelinde-rezervasyon-surecinde-ilgisizlik-ve-ciddiyetsizlik,BOD115,Yasmin Bodrum Resort,Kadıkalesi,False,2025-07-17 22:26:00,4.3,5589,NOISE,False,
yasmin-bodrum-resort-otelinde-rezervasyon-surecinde-ilgisizlik-ve-ciddiyetsizlik,BOD115,Yasmin Bodrum Resort,Kadıkalesi,False,2025-07-17 22:26:00,4.3,5589,FAMILY_CHILDREN,False,
yasmin-bodrum-resort-otelinde-rezervasyon-surecinde-ilgisizlik-ve-ciddiyetsizlik,BOD115,Yasmin Bodrum Resort,Kadıkalesi,False,2025-07-17 22:26:00,4.3,5589,TRANSPORT_TRANSFER,False,
yasmin-bodrum-resort-otelinde-rezervasyon-surecinde-ilgisizlik-ve-ciddiyetsizlik,BOD115,Yasmin Bodrum Resort,Kadıkalesi,False,2025-07-17 22:26:00,4.3,5589,MANAGEMENT_COMMUNICATION,True,yönetim|telefon
yasmin-bodrum-resort-otelinde-rezervasyon-surecinde-ilgisizlik-ve-ciddiyetsizlik,BOD115,Yasmin Bodrum Resort,Kadıkalesi,False,2025-07-17 22:26:00,4.3,5589,SPA_WELLNESS,False,
yasmin-bodrum-resort-otelinde-rezervasyon-surecinde-ilgisizlik-ve-ciddiyetsizlik,BOD115,Yasmin Bodrum Resort,Kadıkalesi,False,2025-07-17 22:26:00,4.3,5589,SAFETY_SECURITY,False,
otel-hizmet-kalitesi-ve-musteri-memnuniyeti-sorunlari-hakkinda-sikayet,BOD115,Yasmin Bodrum Resort,Kadıkalesi,False,2025-07-09 12:47:00,4.3,5589,STAFF_SERVICE,True,hizmet
otel-hizmet-kalitesi-ve-musteri-memnuniyeti-sorunlari-hakkinda-sikayet,BOD115,Yasmin Bodrum Resort,Kadıkalesi,False,2025-07-09 12:47:00,4.3,5589,CLEANLINESS_HYGIENE,False,
otel-hizmet-kalitesi-ve-musteri-memnuniyeti-sorunlari-hakkinda-sikayet,BOD115,Yasmin Bodrum Resort,Kadıkalesi,False,2025-07-09 12:47:00,4.3,5589,FOOD_BEVERAGE,True,a la carte|restoran|bar
otel-hizmet-kalitesi-ve-musteri-memnuniyeti-sorunlari-hakkinda-sikayet,BOD115,Yasmin Bodrum Resort,Kadıkalesi,False,2025-07-09 12:47:00,4.3,5589,ROOM,True,balkon
otel-hizmet-kalitesi-ve-musteri-memnuniyeti-sorunlari-hakkinda-sikayet,BOD115,Yasmin Bodrum Resort,Kadıkalesi,False,2025-07-09 12:47:00,4.3,5589,BEACH_SEA,False,
otel-hizmet-kalitesi-ve-musteri-memnuniyeti-sorunlari-hakkinda-sikayet,BOD115,Yasmin Bodrum Resort,Kadıkalesi,False,2025-07-09 12:47:00,4.3,5589,POOL,False,
otel-hizmet-kalitesi-ve-musteri-memnuniyeti-sorunlari-hakkinda-sikayet,BOD115,Yasmin Bodrum Resort,Kadıkalesi,False,2025-07-09 12:47:00,4.3,5589,FACILITIES_MAINTENANCE,False,
otel-hizmet-kalitesi-ve-musteri-memnuniyeti-sorunlari-hakkinda-sikayet,BOD115,Yasmin Bodrum Resort,Kadıkalesi,False,2025-07-09 12:47:00,4.3,5589,RESERVATION,True,rezervasyon
otel-hizmet-kalitesi-ve-musteri-memnuniyeti-sorunlari-hakkinda-sikayet,BOD115,Yasmin Bodrum Resort,Kadıkalesi,False,2025-07-09 12:47:00,4.3,5589,PAYMENT_REFUND,True,ödeme|para
otel-hizmet-kalitesi-ve-musteri-memnuniyeti-sorunlari-hakkinda-sikayet,BOD115,Yasmin Bodrum Resort,Kadıkalesi,False,2025-07-09 12:47:00,4.3,5589,PRICE_VALUE,True,fiyat|değer
otel-hizmet-kalitesi-ve-musteri-memnuniyeti-sorunlari-hakkinda-sikayet,BOD115,Yasmin Bodrum Resort,Kadıkalesi,False,2025-07-09 12:47:00,4.3,5589,CHECKIN_CHECKOUT,False,
otel-hizmet-kalitesi-ve-musteri-memnuniyeti-sorunlari-hakkinda-sikayet,BOD115,Yasmin Bodrum Resort,Kadıkalesi,False,2025-07-09 12:47:00,4.3,5589,AIR_CONDITIONING,False,
otel-hizmet-kalitesi-ve-musteri-memnuniyeti-sorunlari-hakkinda-sikayet,BOD115,Yasmin Bodrum Resort,Kadıkalesi,False,2025-07-09 12:47:00,4.3,5589,NOISE,False,
otel-hizmet-kalitesi-ve-musteri-memnuniyeti-sorunlari-hakkinda-sikayet,BOD115,Yasmin Bodrum Resort,Kadıkalesi,False,2025-07-09 12:47:00,4.3,5589,FAMILY_CHILDREN,False,
otel-hizmet-kalitesi-ve-musteri-memnuniyeti-sorunlari-hakkinda-sikayet,BOD115,Yasmin Bodrum Resort,Kadıkalesi,False,2025-07-09 12:47:00,4.3,5589,TRANSPORT_TRANSFER,True,shuttle|ulaşım
otel-hizmet-kalitesi-ve-musteri-memnuniyeti-sorunlari-hakkinda-sikayet,BOD115,Yasmin Bodrum Resort,Kadıkalesi,False,2025-07-09 12:47:00,4.3,5589,MANAGEMENT_COMMUNICATION,True,yetkili|muhatap
otel-hizmet-kalitesi-ve-musteri-memnuniyeti-sorunlari-hakkinda-sikayet,BOD115,Yasmin Bodrum Resort,Kadıkalesi,False,2025-07-09 12:47:00,4.3,5589,SPA_WELLNESS,False,
otel-hizmet-kalitesi-ve-musteri-memnuniyeti-sorunlari-hakkinda-sikayet,BOD115,Yasmin Bodrum Resort,Kadıkalesi,False,2025-07-09 12:47:00,4.3,5589,SAFETY_SECURITY,False,
yasmin-bodrum-resort-yemekler-cok-kotu,BOD115,Yasmin Bodrum Resort,Kadıkalesi,False,2025-07-04 10:59:00,4.3,5589,STAFF_SERVICE,True,servis
yasmin-bodrum-resort-yemekler-cok-kotu,BOD115,Yasmin Bodrum Resort,Kadıkalesi,False,2025-07-04 10:59:00,4.3,5589,CLEANLINESS_HYGIENE,False,
yasmin-bodrum-resort-yemekler-cok-kotu,BOD115,Yasmin Bodrum Resort,Kadıkalesi,False,2025-07-04 10:59:00,4.3,5589,FOOD_BEVERAGE,True,restoran|yemek
yasmin-bodrum-resort-yemekler-cok-kotu,BOD115,Yasmin Bodrum Resort,Kadıkalesi,False,2025-07-04 10:59:00,4.3,5589,ROOM,False,
yasmin-bodrum-resort-yemekler-cok-kotu,BOD115,Yasmin Bodrum Resort,Kadıkalesi,False,2025-07-04 10:59:00,4.3,5589,BEACH_SEA,True,deniz
yasmin-bodrum-resort-yemekler-cok-kotu,BOD115,Yasmin Bodrum Resort,Kadıkalesi,False,2025-07-04 10:59:00,4.3,5589,POOL,False,
yasmin-bodrum-resort-yemekler-cok-kotu,BOD115,Yasmin Bodrum Resort,Kadıkalesi,False,2025-07-04 10:59:00,4.3,5589,FACILITIES_MAINTENANCE,False,
yasmin-bodrum-resort-yemekler-cok-kotu,BOD115,Yasmin Bodrum Resort,Kadıkalesi,False,2025-07-04 10:59:00,4.3,5589,RESERVATION,False,
yasmin-bodrum-resort-yemekler-cok-kotu,BOD115,Yasmin Bodrum Resort,Kadıkalesi,False,2025-07-04 10:59:00,4.3,5589,PAYMENT_REFUND,False,
yasmin-bodrum-resort-yemekler-cok-kotu,BOD115,Yasmin Bodrum Resort,Kadıkalesi,False,2025-07-04 10:59:00,4.3,5589,PRICE_VALUE,False,
yasmin-bodrum-resort-yemekler-cok-kotu,BOD115,Yasmin Bodrum Resort,Kadıkalesi,False,2025-07-04 10:59:00,4.3,5589,CHECKIN_CHECKOUT,False,
yasmin-bodrum-resort-yemekler-cok-kotu,BOD115,Yasmin Bodrum Resort,Kadıkalesi,False,2025-07-04 10:59:00,4.3,5589,AIR_CONDITIONING,False,
yasmin-bodrum-resort-yemekler-cok-kotu,BOD115,Yasmin Bodrum Resort,Kadıkalesi,False,2025-07-04 10:59:00,4.3,5589,NOISE,False,
yasmin-bodrum-resort-yemekler-cok-kotu,BOD115,Yasmin Bodrum Resort,Kadıkalesi,False,2025-07-04 10:59:00,4.3,5589,FAMILY_CHILDREN,False,
yasmin-bodrum-resort-yemekler-cok-kotu,BOD115,Yasmin Bodrum Resort,Kadıkalesi,False,2025-07-04 10:59:00,4.3,5589,TRANSPORT_TRANSFER,False,
yasmin-bodrum-resort-yemekler-cok-kotu,BOD115,Yasmin Bodrum Resort,Kadıkalesi,False,2025-07-04 10:59:00,4.3,5589,MANAGEMENT_COMMUNICATION,False,
yasmin-bodrum-resort-yemekler-cok-kotu,BOD115,Yasmin Bodrum Resort,Kadıkalesi,False,2025-07-04 10:59:00,4.3,5589,SPA_WELLNESS,False,
yasmin-bodrum-resort-yemekler-cok-kotu,BOD115,Yasmin Bodrum Resort,Kadıkalesi,False,2025-07-04 10:59:00,4.3,5589,SAFETY_SECURITY,False,
cocuklarimin-hastaligina-ragmen-ucret-iadem-reddedildi,BOD115,Yasmin Bodrum Resort,Kadıkalesi,False,2025-06-01 17:09:00,4.3,5589,STAFF_SERVICE,False,
cocuklarimin-hastaligina-ragmen-ucret-iadem-reddedildi,BOD115,Yasmin Bodrum Resort,Kadıkalesi,False,2025-06-01 17:09:00,4.3,5589,CLEANLINESS_HYGIENE,True,temiz
cocuklarimin-hastaligina-ragmen-ucret-iadem-reddedildi,BOD115,Yasmin Bodrum Resort,Kadıkalesi,False,2025-06-01 17:09:00,4.3,5589,FOOD_BEVERAGE,False,
cocuklarimin-hastaligina-ragmen-ucret-iadem-reddedildi,BOD115,Yasmin Bodrum Resort,Kadıkalesi,False,2025-06-01 17:09:00,4.3,5589,ROOM,False,
cocuklarimin-hastaligina-ragmen-ucret-iadem-reddedildi,BOD115,Yasmin Bodrum Resort,Kadıkalesi,False,2025-06-01 17:09:00,4.3,5589,BEACH_SEA,False,
cocuklarimin-hastaligina-ragmen-ucret-iadem-reddedildi,BOD115,Yasmin Bodrum Resort,Kadıkalesi,False,2025-06-01 17:09:00,4.3,5589,POOL,True,havuz
cocuklarimin-hastaligina-ragmen-ucret-iadem-reddedildi,BOD115,Yasmin Bodrum Resort,Kadıkalesi,False,2025-06-01 17:09:00,4.3,5589,FACILITIES_MAINTENANCE,False,
cocuklarimin-hastaligina-ragmen-ucret-iadem-reddedildi,BOD115,Yasmin Bodrum Resort,Kadıkalesi,False,2025-06-01 17:09:00,4.3,5589,RESERVATION,False,
cocuklarimin-hastaligina-ragmen-ucret-iadem-reddedildi,BOD115,Yasmin Bodrum Resort,Kadıkalesi,False,2025-06-01 17:09:00,4.3,5589,PAYMENT_REFUND,True,iade|para
cocuklarimin-hastaligina-ragmen-ucret-iadem-reddedildi,BOD115,Yasmin Bodrum Resort,Kadıkalesi,False,2025-06-01 17:09:00,4.3,5589,PRICE_VALUE,True,ücret
cocuklarimin-hastaligina-ragmen-ucret-iadem-reddedildi,BOD115,Yasmin Bodrum Resort,Kadıkalesi,False,2025-06-01 17:09:00,4.3,5589,CHECKIN_CHECKOUT,False,
cocuklarimin-hastaligina-ragmen-ucret-iadem-reddedildi,BOD115,Yasmin Bodrum Resort,Kadıkalesi,False,2025-06-01 17:09:00,4.3,5589,AIR_CONDITIONING,False,
cocuklarimin-hastaligina-ragmen-ucret-iadem-reddedildi,BOD115,Yasmin Bodrum Resort,Kadıkalesi,False,2025-06-01 17:09:00,4.3,5589,NOISE,False,
cocuklarimin-hastaligina-ragmen-ucret-iadem-reddedildi,BOD115,Yasmin Bodrum Resort,Kadıkalesi,False,2025-06-01 17:09:00,4.3,5589,FAMILY_CHILDREN,True,çocuğum|çocuk
cocuklarimin-hastaligina-ragmen-ucret-iadem-reddedildi,BOD115,Yasmin Bodrum Resort,Kadıkalesi,False,2025-06-01 17:09:00,4.3,5589,TRANSPORT_TRANSFER,False,
cocuklarimin-hastaligina-ragmen-ucret-iadem-reddedildi,BOD115,Yasmin Bodrum Resort,Kadıkalesi,False,2025-06-01 17:09:00,4.3,5589,MANAGEMENT_COMMUNICATION,False,
cocuklarimin-hastaligina-ragmen-ucret-iadem-reddedildi,BOD115,Yasmin Bodrum Resort,Kadıkalesi,False,2025-06-01 17:09:00,4.3,5589,SPA_WELLNESS,False,
cocuklarimin-hastaligina-ragmen-ucret-iadem-reddedildi,BOD115,Yasmin Bodrum Resort,Kadıkalesi,False,2025-06-01 17:09:00,4.3,5589,SAFETY_SECURITY,True,sağlık|doktor
yasmin-bodrum-resort-otel-calisanlarinin-davranislari-ve-hijyen-sorunlari,BOD115,Yasmin Bodrum Resort,Kadıkalesi,False,2024-09-14 11:28:00,4.3,5589,STAFF_SERVICE,True,çalışan
yasmin-bodrum-resort-otel-calisanlarinin-davranislari-ve-hijyen-sorunlari,BOD115,Yasmin Bodrum Resort,Kadıkalesi,False,2024-09-14 11:28:00,4.3,5589,CLEANLINESS_HYGIENE,True,hijyen
yasmin-bodrum-resort-otel-calisanlarinin-davranislari-ve-hijyen-sorunlari,BOD115,Yasmin Bodrum Resort,Kadıkalesi,False,2024-09-14 11:28:00,4.3,5589,FOOD_BEVERAGE,False,
yasmin-bodrum-resort-otel-calisanlarinin-davranislari-ve-hijyen-sorunlari,BOD115,Yasmin Bodrum Resort,Kadıkalesi,False,2024-09-14 11:28:00,4.3,5589,ROOM,False,
yasmin-bodrum-resort-otel-calisanlarinin-davranislari-ve-hijyen-sorunlari,BOD115,Yasmin Bodrum Resort,Kadıkalesi,False,2024-09-14 11:28:00,4.3,5589,BEACH_SEA,False,
yasmin-bodrum-resort-otel-calisanlarinin-davranislari-ve-hijyen-sorunlari,BOD115,Yasmin Bodrum Resort,Kadıkalesi,False,2024-09-14 11:28:00,4.3,5589,POOL,False,
yasmin-bodrum-resort-otel-calisanlarinin-davranislari-ve-hijyen-sorunlari,BOD115,Yasmin Bodrum Resort,Kadıkalesi,False,2024-09-14 11:28:00,4.3,5589,FACILITIES_MAINTENANCE,False,
yasmin-bodrum-resort-otel-calisanlarinin-davranislari-ve-hijyen-sorunlari,BOD115,Yasmin Bodrum Resort,Kadıkalesi,False,2024-09-14 11:28:00,4.3,5589,RESERVATION,False,
yasmin-bodrum-resort-otel-calisanlarinin-davranislari-ve-hijyen-sorunlari,BOD115,Yasmin Bodrum Resort,Kadıkalesi,False,2024-09-14 11:28:00,4.3,5589,PAYMENT_REFUND,False,
yasmin-bodrum-resort-otel-calisanlarinin-davranislari-ve-hijyen-sorunlari,BOD115,Yasmin Bodrum Resort,Kadıkalesi,False,2024-09-14 11:28:00,4.3,5589,PRICE_VALUE,False,
yasmin-bodrum-resort-otel-calisanlarinin-davranislari-ve-hijyen-sorunlari,BOD115,Yasmin Bodrum Resort,Kadıkalesi,False,2024-09-14 11:28:00,4.3,5589,CHECKIN_CHECKOUT,False,
yasmin-bodrum-resort-otel-calisanlarinin-davranislari-ve-hijyen-sorunlari,BOD115,Yasmin Bodrum Resort,Kadıkalesi,False,2024-09-14 11:28:00,4.3,5589,AIR_CONDITIONING,False,
yasmin-bodrum-resort-otel-calisanlarinin-davranislari-ve-hijyen-sorunlari,BOD115,Yasmin Bodrum Resort,Kadıkalesi,False,2024-09-14 11:28:00,4.3,5589,NOISE,False,
yasmin-bodrum-resort-otel-calisanlarinin-davranislari-ve-hijyen-sorunlari,BOD115,Yasmin Bodrum Resort,Kadıkalesi,False,2024-09-14 11:28:00,4.3,5589,FAMILY_CHILDREN,False,
yasmin-bodrum-resort-otel-calisanlarinin-davranislari-ve-hijyen-sorunlari,BOD115,Yasmin Bodrum Resort,Kadıkalesi,False,2024-09-14 11:28:00,4.3,5589,TRANSPORT_TRANSFER,False,
yasmin-bodrum-resort-otel-calisanlarinin-davranislari-ve-hijyen-sorunlari,BOD115,Yasmin Bodrum Resort,Kadıkalesi,False,2024-09-14 11:28:00,4.3,5589,MANAGEMENT_COMMUNICATION,True,iletişim|müdür
yasmin-bodrum-resort-otel-calisanlarinin-davranislari-ve-hijyen-sorunlari,BOD115,Yasmin Bodrum Resort,Kadıkalesi,False,2024-09-14 11:28:00,4.3,5589,SPA_WELLNESS,False,
yasmin-bodrum-resort-otel-calisanlarinin-davranislari-ve-hijyen-sorunlari,BOD115,Yasmin Bodrum Resort,Kadıkalesi,False,2024-09-14 11:28:00,4.3,5589,SAFETY_SECURITY,False,
yasmin-bodrum-resort-bodrumda-tatil-hayal-kirikligi-oda-ve-hizmet-problemleri,BOD115,Yasmin Bodrum Resort,Kadıkalesi,False,2024-09-10 10:48:00,4.3,5589,STAFF_SERVICE,True,personel|görevli|hizmet
yasmin-bodrum-resort-bodrumda-tatil-hayal-kirikligi-oda-ve-hizmet-problemleri,BOD115,Yasmin Bodrum Resort,Kadıkalesi,False,2024-09-10 10:48:00,4.3,5589,CLEANLINESS_HYGIENE,True,koku
yasmin-bodrum-resort-bodrumda-tatil-hayal-kirikligi-oda-ve-hizmet-problemleri,BOD115,Yasmin Bodrum Resort,Kadıkalesi,False,2024-09-10 10:48:00,4.3,5589,FOOD_BEVERAGE,True,yemek|bar
yasmin-bodrum-resort-bodrumda-tatil-hayal-kirikligi-oda-ve-hizmet-problemleri,BOD115,Yasmin Bodrum Resort,Kadıkalesi,False,2024-09-10 10:48:00,4.3,5589,ROOM,True,oda değişikliği|oda
yasmin-bodrum-resort-bodrumda-tatil-hayal-kirikligi-oda-ve-hizmet-problemleri,BOD115,Yasmin Bodrum Resort,Kadıkalesi,False,2024-09-10 10:48:00,4.3,5589,BEACH_SEA,False,
yasmin-bodrum-resort-bodrumda-tatil-hayal-kirikligi-oda-ve-hizmet-problemleri,BOD115,Yasmin Bodrum Resort,Kadıkalesi,False,2024-09-10 10:48:00,4.3,5589,POOL,False,
yasmin-bodrum-resort-bodrumda-tatil-hayal-kirikligi-oda-ve-hizmet-problemleri,BOD115,Yasmin Bodrum Resort,Kadıkalesi,False,2024-09-10 10:48:00,4.3,5589,FACILITIES_MAINTENANCE,True,tamir
yasmin-bodrum-resort-bodrumda-tatil-hayal-kirikligi-oda-ve-hizmet-problemleri,BOD115,Yasmin Bodrum Resort,Kadıkalesi,False,2024-09-10 10:48:00,4.3,5589,RESERVATION,False,
yasmin-bodrum-resort-bodrumda-tatil-hayal-kirikligi-oda-ve-hizmet-problemleri,BOD115,Yasmin Bodrum Resort,Kadıkalesi,False,2024-09-10 10:48:00,4.3,5589,PAYMENT_REFUND,True,para
yasmin-bodrum-resort-bodrumda-tatil-hayal-kirikligi-oda-ve-hizmet-problemleri,BOD115,Yasmin Bodrum Resort,Kadıkalesi,False,2024-09-10 10:48:00,4.3,5589,PRICE_VALUE,True,fiyat
yasmin-bodrum-resort-bodrumda-tatil-hayal-kirikligi-oda-ve-hizmet-problemleri,BOD115,Yasmin Bodrum Resort,Kadıkalesi,False,2024-09-10 10:48:00,4.3,5589,CHECKIN_CHECKOUT,False,
yasmin-bodrum-resort-bodrumda-tatil-hayal-kirikligi-oda-ve-hizmet-problemleri,BOD115,Yasmin Bodrum Resort,Kadıkalesi,False,2024-09-10 10:48:00,4.3,5589,AIR_CONDITIONING,False,
yasmin-bodrum-resort-bodrumda-tatil-hayal-kirikligi-oda-ve-hizmet-problemleri,BOD115,Yasmin Bodrum Resort,Kadıkalesi,False,2024-09-10 10:48:00,4.3,5589,NOISE,False,
yasmin-bodrum-resort-bodrumda-tatil-hayal-kirikligi-oda-ve-hizmet-problemleri,BOD115,Yasmin Bodrum Resort,Kadıkalesi,False,2024-09-10 10:48:00,4.3,5589,FAMILY_CHILDREN,False,
yasmin-bodrum-resort-bodrumda-tatil-hayal-kirikligi-oda-ve-hizmet-problemleri,BOD115,Yasmin Bodrum Resort,Kadıkalesi,False,2024-09-10 10:48:00,4.3,5589,TRANSPORT_TRANSFER,True,ulaşım
yasmin-bodrum-resort-bodrumda-tatil-hayal-kirikligi-oda-ve-hizmet-problemleri,BOD115,Yasmin Bodrum Resort,Kadıkalesi,False,2024-09-10 10:48:00,4.3,5589,MANAGEMENT_COMMUNICATION,False,
yasmin-bodrum-resort-bodrumda-tatil-hayal-kirikligi-oda-ve-hizmet-problemleri,BOD115,Yasmin Bodrum Resort,Kadıkalesi,False,2024-09-10 10:48:00,4.3,5589,SPA_WELLNESS,False,
yasmin-bodrum-resort-bodrumda-tatil-hayal-kirikligi-oda-ve-hizmet-problemleri,BOD115,Yasmin Bodrum Resort,Kadıkalesi,False,2024-09-10 10:48:00,4.3,5589,SAFETY_SECURITY,True,kasa
yasmin-bodrum-resort-otel-deneyimi-degerlendirmesi,BOD115,Yasmin Bodrum Resort,Kadıkalesi,False,2024-09-02 15:39:00,4.3,5589,STAFF_SERVICE,True,çalışan
yasmin-bodrum-resort-otel-deneyimi-degerlendirmesi,BOD115,Yasmin Bodrum Resort,Kadıkalesi,False,2024-09-02 15:39:00,4.3,5589,CLEANLINESS_HYGIENE,False,
yasmin-bodrum-resort-otel-deneyimi-degerlendirmesi,BOD115,Yasmin Bodrum Resort,Kadıkalesi,False,2024-09-02 15:39:00,4.3,5589,FOOD_BEVERAGE,False,
yasmin-bodrum-resort-otel-deneyimi-degerlendirmesi,BOD115,Yasmin Bodrum Resort,Kadıkalesi,False,2024-09-02 15:39:00,4.3,5589,ROOM,True,oda
yasmin-bodrum-resort-otel-deneyimi-degerlendirmesi,BOD115,Yasmin Bodrum Resort,Kadıkalesi,False,2024-09-02 15:39:00,4.3,5589,BEACH_SEA,False,
yasmin-bodrum-resort-otel-deneyimi-degerlendirmesi,BOD115,Yasmin Bodrum Resort,Kadıkalesi,False,2024-09-02 15:39:00,4.3,5589,POOL,False,
yasmin-bodrum-resort-otel-deneyimi-degerlendirmesi,BOD115,Yasmin Bodrum Resort,Kadıkalesi,False,2024-09-02 15:39:00,4.3,5589,FACILITIES_MAINTENANCE,False,
yasmin-bodrum-resort-otel-deneyimi-degerlendirmesi,BOD115,Yasmin Bodrum Resort,Kadıkalesi,False,2024-09-02 15:39:00,4.3,5589,RESERVATION,False,
yasmin-bodrum-resort-otel-deneyimi-degerlendirmesi,BOD115,Yasmin Bodrum Resort,Kadıkalesi,False,2024-09-02 15:39:00,4.3,5589,PAYMENT_REFUND,True,para
yasmin-bodrum-resort-otel-deneyimi-degerlendirmesi,BOD115,Yasmin Bodrum Resort,Kadıkalesi,False,2024-09-02 15:39:00,4.3,5589,PRICE_VALUE,False,
yasmin-bodrum-resort-otel-deneyimi-degerlendirmesi,BOD115,Yasmin Bodrum Resort,Kadıkalesi,False,2024-09-02 15:39:00,4.3,5589,CHECKIN_CHECKOUT,False,
yasmin-bodrum-resort-otel-deneyimi-degerlendirmesi,BOD115,Yasmin Bodrum Resort,Kadıkalesi,False,2024-09-02 15:39:00,4.3,5589,AIR_CONDITIONING,False,
yasmin-bodrum-resort-otel-deneyimi-degerlendirmesi,BOD115,Yasmin Bodrum Resort,Kadıkalesi,False,2024-09-02 15:39:00,4.3,5589,NOISE,False,
yasmin-bodrum-resort-otel-deneyimi-degerlendirmesi,BOD115,Yasmin Bodrum Resort,Kadıkalesi,False,2024-09-02 15:39:00,4.3,5589,FAMILY_CHILDREN,True,çocuk|kızım|aile
yasmin-bodrum-resort-otel-deneyimi-degerlendirmesi,BOD115,Yasmin Bodrum Resort,Kadıkalesi,False,2024-09-02 15:39:00,4.3,5589,TRANSPORT_TRANSFER,False,
yasmin-bodrum-resort-otel-deneyimi-degerlendirmesi,BOD115,Yasmin Bodrum Resort,Kadıkalesi,False,2024-09-02 15:39:00,4.3,5589,MANAGEMENT_COMMUNICATION,True,yetkili
yasmin-bodrum-resort-otel-deneyimi-degerlendirmesi,BOD115,Yasmin Bodrum Resort,Kadıkalesi,False,2024-09-02 15:39:00,4.3,5589,SPA_WELLNESS,False,
yasmin-bodrum-resort-otel-deneyimi-degerlendirmesi,BOD115,Yasmin Bodrum Resort,Kadıkalesi,False,2024-09-02 15:39:00,4.3,5589,SAFETY_SECURITY,True,sağlık
yasmin-bodrum-resort-verdigimiz-paranin-karsiligi-yok,BOD115,Yasmin Bodrum Resort,Kadıkalesi,False,2024-07-31 11:48:00,4.3,5589,STAFF_SERVICE,True,personel|çalışan|servis
yasmin-bodrum-resort-verdigimiz-paranin-karsiligi-yok,BOD115,Yasmin Bodrum Resort,Kadıkalesi,False,2024-07-31 11:48:00,4.3,5589,CLEANLINESS_HYGIENE,True,temizlik|temiz|pis
yasmin-bodrum-resort-verdigimiz-paranin-karsiligi-yok,BOD115,Yasmin Bodrum Resort,Kadıkalesi,False,2024-07-31 11:48:00,4.3,5589,FOOD_BEVERAGE,True,yemek
yasmin-bodrum-resort-verdigimiz-paranin-karsiligi-yok,BOD115,Yasmin Bodrum Resort,Kadıkalesi,False,2024-07-31 11:48:00,4.3,5589,ROOM,False,
yasmin-bodrum-resort-verdigimiz-paranin-karsiligi-yok,BOD115,Yasmin Bodrum Resort,Kadıkalesi,False,2024-07-31 11:48:00,4.3,5589,BEACH_SEA,False,
yasmin-bodrum-resort-verdigimiz-paranin-karsiligi-yok,BOD115,Yasmin Bodrum Resort,Kadıkalesi,False,2024-07-31 11:48:00,4.3,5589,POOL,True,havuz
yasmin-bodrum-resort-verdigimiz-paranin-karsiligi-yok,BOD115,Yasmin Bodrum Resort,Kadıkalesi,False,2024-07-31 11:48:00,4.3,5589,FACILITIES_MAINTENANCE,True,kırık
yasmin-bodrum-resort-verdigimiz-paranin-karsiligi-yok,BOD115,Yasmin Bodrum Resort,Kadıkalesi,False,2024-07-31 11:48:00,4.3,5589,RESERVATION,False,
yasmin-bodrum-resort-verdigimiz-paranin-karsiligi-yok,BOD115,Yasmin Bodrum Resort,Kadıkalesi,False,2024-07-31 11:48:00,4.3,5589,PAYMENT_REFUND,True,para
yasmin-bodrum-resort-verdigimiz-paranin-karsiligi-yok,BOD115,Yasmin Bodrum Resort,Kadıkalesi,False,2024-07-31 11:48:00,4.3,5589,PRICE_VALUE,False,
yasmin-bodrum-resort-verdigimiz-paranin-karsiligi-yok,BOD115,Yasmin Bodrum Resort,Kadıkalesi,False,2024-07-31 11:48:00,4.3,5589,CHECKIN_CHECKOUT,False,
yasmin-bodrum-resort-verdigimiz-paranin-karsiligi-yok,BOD115,Yasmin Bodrum Resort,Kadıkalesi,False,2024-07-31 11:48:00,4.3,5589,AIR_CONDITIONING,False,
yasmin-bodrum-resort-verdigimiz-paranin-karsiligi-yok,BOD115,Yasmin Bodrum Resort,Kadıkalesi,False,2024-07-31 11:48:00,4.3,5589,NOISE,False,
yasmin-bodrum-resort-verdigimiz-paranin-karsiligi-yok,BOD115,Yasmin Bodrum Resort,Kadıkalesi,False,2024-07-31 11:48:00,4.3,5589,FAMILY_CHILDREN,True,oğlum
yasmin-bodrum-resort-verdigimiz-paranin-karsiligi-yok,BOD115,Yasmin Bodrum Resort,Kadıkalesi,False,2024-07-31 11:48:00,4.3,5589,TRANSPORT_TRANSFER,False,
yasmin-bodrum-resort-verdigimiz-paranin-karsiligi-yok,BOD115,Yasmin Bodrum Resort,Kadıkalesi,False,2024-07-31 11:48:00,4.3,5589,MANAGEMENT_COMMUNICATION,True,bilgilendirme
yasmin-bodrum-resort-verdigimiz-paranin-karsiligi-yok,BOD115,Yasmin Bodrum Resort,Kadıkalesi,False,2024-07-31 11:48:00,4.3,5589,SPA_WELLNESS,False,
yasmin-bodrum-resort-verdigimiz-paranin-karsiligi-yok,BOD115,Yasmin Bodrum Resort,Kadıkalesi,False,2024-07-31 11:48:00,4.3,5589,SAFETY_SECURITY,False,
yasmin-bodrum-resort-hijyen-ve-hizmet-eksikligi,BOD115,Yasmin Bodrum Resort,Kadıkalesi,False,2024-06-08 12:54:00,4.3,5589,STAFF_SERVICE,True,servis
yasmin-bodrum-resort-hijyen-ve-hizmet-eksikligi,BOD115,Yasmin Bodrum Resort,Kadıkalesi,False,2024-06-08 12:54:00,4.3,5589,CLEANLINESS_HYGIENE,True,hijyen|temiz|kirli|böcek
yasmin-bodrum-resort-hijyen-ve-hizmet-eksikligi,BOD115,Yasmin Bodrum Resort,Kadıkalesi,False,2024-06-08 12:54:00,4.3,5589,FOOD_BEVERAGE,True,yemek|tabak|çatal
yasmin-bodrum-resort-hijyen-ve-hizmet-eksikligi,BOD115,Yasmin Bodrum Resort,Kadıkalesi,False,2024-06-08 12:54:00,4.3,5589,ROOM,True,tuvalet|oda
yasmin-bodrum-resort-hijyen-ve-hizmet-eksikligi,BOD115,Yasmin Bodrum Resort,Kadıkalesi,False,2024-06-08 12:54:00,4.3,5589,BEACH_SEA,False,
yasmin-bodrum-resort-hijyen-ve-hizmet-eksikligi,BOD115,Yasmin Bodrum Resort,Kadıkalesi,False,2024-06-08 12:54:00,4.3,5589,POOL,False,
yasmin-bodrum-resort-hijyen-ve-hizmet-eksikligi,BOD115,Yasmin Bodrum Resort,Kadıkalesi,False,2024-06-08 12:54:00,4.3,5589,FACILITIES_MAINTENANCE,False,
yasmin-bodrum-resort-hijyen-ve-hizmet-eksikligi,BOD115,Yasmin Bodrum Resort,Kadıkalesi,False,2024-06-08 12:54:00,4.3,5589,RESERVATION,True,rezervasyon
yasmin-bodrum-resort-hijyen-ve-hizmet-eksikligi,BOD115,Yasmin Bodrum Resort,Kadıkalesi,False,2024-06-08 12:54:00,4.3,5589,PAYMENT_REFUND,False,
yasmin-bodrum-resort-hijyen-ve-hizmet-eksikligi,BOD115,Yasmin Bodrum Resort,Kadıkalesi,False,2024-06-08 12:54:00,4.3,5589,PRICE_VALUE,False,
yasmin-bodrum-resort-hijyen-ve-hizmet-eksikligi,BOD115,Yasmin Bodrum Resort,Kadıkalesi,False,2024-06-08 12:54:00,4.3,5589,CHECKIN_CHECKOUT,False,
yasmin-bodrum-resort-hijyen-ve-hizmet-eksikligi,BOD115,Yasmin Bodrum Resort,Kadıkalesi,False,2024-06-08 12:54:00,4.3,5589,AIR_CONDITIONING,False,
yasmin-bodrum-resort-hijyen-ve-hizmet-eksikligi,BOD115,Yasmin Bodrum Resort,Kadıkalesi,False,2024-06-08 12:54:00,4.3,5589,NOISE,False,
yasmin-bodrum-resort-hijyen-ve-hizmet-eksikligi,BOD115,Yasmin Bodrum Resort,Kadıkalesi,False,2024-06-08 12:54:00,4.3,5589,FAMILY_CHILDREN,False,
yasmin-bodrum-resort-hijyen-ve-hizmet-eksikligi,BOD115,Yasmin Bodrum Resort,Kadıkalesi,False,2024-06-08 12:54:00,4.3,5589,TRANSPORT_TRANSFER,False,
yasmin-bodrum-resort-hijyen-ve-hizmet-eksikligi,BOD115,Yasmin Bodrum Resort,Kadıkalesi,False,2024-06-08 12:54:00,4.3,5589,MANAGEMENT_COMMUNICATION,False,
yasmin-bodrum-resort-hijyen-ve-hizmet-eksikligi,BOD115,Yasmin Bodrum Resort,Kadıkalesi,False,2024-06-08 12:54:00,4.3,5589,SPA_WELLNESS,False,
yasmin-bodrum-resort-hijyen-ve-hizmet-eksikligi,BOD115,Yasmin Bodrum Resort,Kadıkalesi,False,2024-06-08 12:54:00,4.3,5589,SAFETY_SECURITY,False,
jolly-tatil-ile-alinan-yasmin-bodrum-resort-pismanligi-video,BOD115,Yasmin Bodrum Resort,Kadıkalesi,False,2024-06-06 16:41:00,4.3,5589,STAFF_SERVICE,False,
jolly-tatil-ile-alinan-yasmin-bodrum-resort-pismanligi-video,BOD115,Yasmin Bodrum Resort,Kadıkalesi,False,2024-06-06 16:41:00,4.3,5589,CLEANLINESS_HYGIENE,False,
jolly-tatil-ile-alinan-yasmin-bodrum-resort-pismanligi-video,BOD115,Yasmin Bodrum Resort,Kadıkalesi,False,2024-06-06 16:41:00,4.3,5589,FOOD_BEVERAGE,False,
jolly-tatil-ile-alinan-yasmin-bodrum-resort-pismanligi-video,BOD115,Yasmin Bodrum Resort,Kadıkalesi,False,2024-06-06 16:41:00,4.3,5589,ROOM,False,
jolly-tatil-ile-alinan-yasmin-bodrum-resort-pismanligi-video,BOD115,Yasmin Bodrum Resort,Kadıkalesi,False,2024-06-06 16:41:00,4.3,5589,BEACH_SEA,False,
jolly-tatil-ile-alinan-yasmin-bodrum-resort-pismanligi-video,BOD115,Yasmin Bodrum Resort,Kadıkalesi,False,2024-06-06 16:41:00,4.3,5589,POOL,False,
jolly-tatil-ile-alinan-yasmin-bodrum-resort-pismanligi-video,BOD115,Yasmin Bodrum Resort,Kadıkalesi,False,2024-06-06 16:41:00,4.3,5589,FACILITIES_MAINTENANCE,False,
jolly-tatil-ile-alinan-yasmin-bodrum-resort-pismanligi-video,BOD115,Yasmin Bodrum Resort,Kadıkalesi,False,2024-06-06 16:41:00,4.3,5589,RESERVATION,False,
jolly-tatil-ile-alinan-yasmin-bodrum-resort-pismanligi-video,BOD115,Yasmin Bodrum Resort,Kadıkalesi,False,2024-06-06 16:41:00,4.3,5589,PAYMENT_REFUND,False,
jolly-tatil-ile-alinan-yasmin-bodrum-resort-pismanligi-video,BOD115,Yasmin Bodrum Resort,Kadıkalesi,False,2024-06-06 16:41:00,4.3,5589,PRICE_VALUE,False,
jolly-tatil-ile-alinan-yasmin-bodrum-resort-pismanligi-video,BOD115,Yasmin Bodrum Resort,Kadıkalesi,False,2024-06-06 16:41:00,4.3,5589,CHECKIN_CHECKOUT,False,
jolly-tatil-ile-alinan-yasmin-bodrum-resort-pismanligi-video,BOD115,Yasmin Bodrum Resort,Kadıkalesi,False,2024-06-06 16:41:00,4.3,5589,AIR_CONDITIONING,False,
jolly-tatil-ile-alinan-yasmin-bodrum-resort-pismanligi-video,BOD115,Yasmin Bodrum Resort,Kadıkalesi,False,2024-06-06 16:41:00,4.3,5589,NOISE,False,
jolly-tatil-ile-alinan-yasmin-bodrum-resort-pismanligi-video,BOD115,Yasmin Bodrum Resort,Kadıkalesi,False,2024-06-06 16:41:00,4.3,5589,FAMILY_CHILDREN,False,
jolly-tatil-ile-alinan-yasmin-bodrum-resort-pismanligi-video,BOD115,Yasmin Bodrum Resort,Kadıkalesi,False,2024-06-06 16:41:00,4.3,5589,TRANSPORT_TRANSFER,False,
jolly-tatil-ile-alinan-yasmin-bodrum-resort-pismanligi-video,BOD115,Yasmin Bodrum Resort,Kadıkalesi,False,2024-06-06 16:41:00,4.3,5589,MANAGEMENT_COMMUNICATION,False,
jolly-tatil-ile-alinan-yasmin-bodrum-resort-pismanligi-video,BOD115,Yasmin Bodrum Resort,Kadıkalesi,False,2024-06-06 16:41:00,4.3,5589,SPA_WELLNESS,False,
jolly-tatil-ile-alinan-yasmin-bodrum-resort-pismanligi-video,BOD115,Yasmin Bodrum Resort,Kadıkalesi,False,2024-06-06 16:41:00,4.3,5589,SAFETY_SECURITY,False,
jolly-tatil-ve-yasmin-bodrum-resort-otel-pismanligi,BOD115,Yasmin Bodrum Resort,Kadıkalesi,False,2024-06-05 18:09:00,4.3,5589,STAFF_SERVICE,True,çalışan|garson|hizmet|servis
jolly-tatil-ve-yasmin-bodrum-resort-otel-pismanligi,BOD115,Yasmin Bodrum Resort,Kadıkalesi,False,2024-06-05 18:09:00,4.3,5589,CLEANLINESS_HYGIENE,False,
jolly-tatil-ve-yasmin-bodrum-resort-otel-pismanligi,BOD115,Yasmin Bodrum Resort,Kadıkalesi,False,2024-06-05 18:09:00,4.3,5589,FOOD_BEVERAGE,True,snack|bar
jolly-tatil-ve-yasmin-bodrum-resort-otel-pismanligi,BOD115,Yasmin Bodrum Resort,Kadıkalesi,False,2024-06-05 18:09:00,4.3,5589,ROOM,True,minibar|oda
jolly-tatil-ve-yasmin-bodrum-resort-otel-pismanligi,BOD115,Yasmin Bodrum Resort,Kadıkalesi,False,2024-06-05 18:09:00,4.3,5589,BEACH_SEA,True,plaj
jolly-tatil-ve-yasmin-bodrum-resort-otel-pismanligi,BOD115,Yasmin Bodrum Resort,Kadıkalesi,False,2024-06-05 18:09:00,4.3,5589,POOL,False,
jolly-tatil-ve-yasmin-bodrum-resort-otel-pismanligi,BOD115,Yasmin Bodrum Resort,Kadıkalesi,False,2024-06-05 18:09:00,4.3,5589,FACILITIES_MAINTENANCE,True,kırık
jolly-tatil-ve-yasmin-bodrum-resort-otel-pismanligi,BOD115,Yasmin Bodrum Resort,Kadıkalesi,False,2024-06-05 18:09:00,4.3,5589,RESERVATION,False,
jolly-tatil-ve-yasmin-bodrum-resort-otel-pismanligi,BOD115,Yasmin Bodrum Resort,Kadıkalesi,False,2024-06-05 18:09:00,4.3,5589,PAYMENT_REFUND,False,
jolly-tatil-ve-yasmin-bodrum-resort-otel-pismanligi,BOD115,Yasmin Bodrum Resort,Kadıkalesi,False,2024-06-05 18:09:00,4.3,5589,PRICE_VALUE,False,
jolly-tatil-ve-yasmin-bodrum-resort-otel-pismanligi,BOD115,Yasmin Bodrum Resort,Kadıkalesi,False,2024-06-05 18:09:00,4.3,5589,CHECKIN_CHECKOUT,False,
jolly-tatil-ve-yasmin-bodrum-resort-otel-pismanligi,BOD115,Yasmin Bodrum Resort,Kadıkalesi,False,2024-06-05 18:09:00,4.3,5589,AIR_CONDITIONING,False,
jolly-tatil-ve-yasmin-bodrum-resort-otel-pismanligi,BOD115,Yasmin Bodrum Resort,Kadıkalesi,False,2024-06-05 18:09:00,4.3,5589,NOISE,False,
jolly-tatil-ve-yasmin-bodrum-resort-otel-pismanligi,BOD115,Yasmin Bodrum Resort,Kadıkalesi,False,2024-06-05 18:09:00,4.3,5589,FAMILY_CHILDREN,False,
jolly-tatil-ve-yasmin-bodrum-resort-otel-pismanligi,BOD115,Yasmin Bodrum Resort,Kadıkalesi,False,2024-06-05 18:09:00,4.3,5589,TRANSPORT_TRANSFER,True,otopark
jolly-tatil-ve-yasmin-bodrum-resort-otel-pismanligi,BOD115,Yasmin Bodrum Resort,Kadıkalesi,False,2024-06-05 18:09:00,4.3,5589,MANAGEMENT_COMMUNICATION,True,yetkili|telefon
jolly-tatil-ve-yasmin-bodrum-resort-otel-pismanligi,BOD115,Yasmin Bodrum Resort,Kadıkalesi,False,2024-06-05 18:09:00,4.3,5589,SPA_WELLNESS,False,
jolly-tatil-ve-yasmin-bodrum-resort-otel-pismanligi,BOD115,Yasmin Bodrum Resort,Kadıkalesi,False,2024-06-05 18:09:00,4.3,5589,SAFETY_SECURITY,False,
kahvaltida-kil-cikti-ozur-yetmedi,BOD068,Selectum Colours Bodrum,Gümbet,False,2026-08-21 14:54:00,4.8,13412,STAFF_SERVICE,False,
kahvaltida-kil-cikti-ozur-yetmedi,BOD068,Selectum Colours Bodrum,Gümbet,False,2026-08-21 14:54:00,4.8,13412,CLEANLINESS_HYGIENE,False,
kahvaltida-kil-cikti-ozur-yetmedi,BOD068,Selectum Colours Bodrum,Gümbet,False,2026-08-21 14:54:00,4.8,13412,FOOD_BEVERAGE,True,kahvaltı|restoran
kahvaltida-kil-cikti-ozur-yetmedi,BOD068,Selectum Colours Bodrum,Gümbet,False,2026-08-21 14:54:00,4.8,13412,ROOM,False,
kahvaltida-kil-cikti-ozur-yetmedi,BOD068,Selectum Colours Bodrum,Gümbet,False,2026-08-21 14:54:00,4.8,13412,BEACH_SEA,False,
kahvaltida-kil-cikti-ozur-yetmedi,BOD068,Selectum Colours Bodrum,Gümbet,False,2026-08-21 14:54:00,4.8,13412,POOL,False,
kahvaltida-kil-cikti-ozur-yetmedi,BOD068,Selectum Colours Bodrum,Gümbet,False,2026-08-21 14:54:00,4.8,13412,FACILITIES_MAINTENANCE,False,
kahvaltida-kil-cikti-ozur-yetmedi,BOD068,Selectum Colours Bodrum,Gümbet,False,2026-08-21 14:54:00,4.8,13412,RESERVATION,False,
kahvaltida-kil-cikti-ozur-yetmedi,BOD068,Selectum Colours Bodrum,Gümbet,False,2026-08-21 14:54:00,4.8,13412,PAYMENT_REFUND,False,
kahvaltida-kil-cikti-ozur-yetmedi,BOD068,Selectum Colours Bodrum,Gümbet,False,2026-08-21 14:54:00,4.8,13412,PRICE_VALUE,False,
kahvaltida-kil-cikti-ozur-yetmedi,BOD068,Selectum Colours Bodrum,Gümbet,False,2026-08-21 14:54:00,4.8,13412,CHECKIN_CHECKOUT,False,
kahvaltida-kil-cikti-ozur-yetmedi,BOD068,Selectum Colours Bodrum,Gümbet,False,2026-08-21 14:54:00,4.8,13412,AIR_CONDITIONING,False,
kahvaltida-kil-cikti-ozur-yetmedi,BOD068,Selectum Colours Bodrum,Gümbet,False,2026-08-21 14:54:00,4.8,13412,NOISE,False,
kahvaltida-kil-cikti-ozur-yetmedi,BOD068,Selectum Colours Bodrum,Gümbet,False,2026-08-21 14:54:00,4.8,13412,FAMILY_CHILDREN,False,
kahvaltida-kil-cikti-ozur-yetmedi,BOD068,Selectum Colours Bodrum,Gümbet,False,2026-08-21 14:54:00,4.8,13412,TRANSPORT_TRANSFER,False,
kahvaltida-kil-cikti-ozur-yetmedi,BOD068,Selectum Colours Bodrum,Gümbet,False,2026-08-21 14:54:00,4.8,13412,MANAGEMENT_COMMUNICATION,True,müdür
kahvaltida-kil-cikti-ozur-yetmedi,BOD068,Selectum Colours Bodrum,Gümbet,False,2026-08-21 14:54:00,4.8,13412,SPA_WELLNESS,False,
kahvaltida-kil-cikti-ozur-yetmedi,BOD068,Selectum Colours Bodrum,Gümbet,False,2026-08-21 14:54:00,4.8,13412,SAFETY_SECURITY,False,
selectum-hotels-aldigimiz-hizmetten-memnun-kalmadik,BOD068,Selectum Colours Bodrum,Gümbet,False,2026-08-17 09:18:00,4.8,13412,STAFF_SERVICE,True,animasyon ekibi|hizmet
selectum-hotels-aldigimiz-hizmetten-memnun-kalmadik,BOD068,Selectum Colours Bodrum,Gümbet,False,2026-08-17 09:18:00,4.8,13412,CLEANLINESS_HYGIENE,False,
selectum-hotels-aldigimiz-hizmetten-memnun-kalmadik,BOD068,Selectum Colours Bodrum,Gümbet,False,2026-08-17 09:18:00,4.8,13412,FOOD_BEVERAGE,True,açık büfe|lezzet|mutfak|yemek|büfe|bar
selectum-hotels-aldigimiz-hizmetten-memnun-kalmadik,BOD068,Selectum Colours Bodrum,Gümbet,False,2026-08-17 09:18:00,4.8,13412,ROOM,True,oda
selectum-hotels-aldigimiz-hizmetten-memnun-kalmadik,BOD068,Selectum Colours Bodrum,Gümbet,False,2026-08-17 09:18:00,4.8,13412,BEACH_SEA,False,
selectum-hotels-aldigimiz-hizmetten-memnun-kalmadik,BOD068,Selectum Colours Bodrum,Gümbet,False,2026-08-17 09:18:00,4.8,13412,POOL,False,
selectum-hotels-aldigimiz-hizmetten-memnun-kalmadik,BOD068,Selectum Colours Bodrum,Gümbet,False,2026-08-17 09:18:00,4.8,13412,FACILITIES_MAINTENANCE,True,kırık
selectum-hotels-aldigimiz-hizmetten-memnun-kalmadik,BOD068,Selectum Colours Bodrum,Gümbet,False,2026-08-17 09:18:00,4.8,13412,RESERVATION,False,
selectum-hotels-aldigimiz-hizmetten-memnun-kalmadik,BOD068,Selectum Colours Bodrum,Gümbet,False,2026-08-17 09:18:00,4.8,13412,PAYMENT_REFUND,False,
selectum-hotels-aldigimiz-hizmetten-memnun-kalmadik,BOD068,Selectum Colours Bodrum,Gümbet,False,2026-08-17 09:18:00,4.8,13412,PRICE_VALUE,True,fiyat
selectum-hotels-aldigimiz-hizmetten-memnun-kalmadik,BOD068,Selectum Colours Bodrum,Gümbet,False,2026-08-17 09:18:00,4.8,13412,CHECKIN_CHECKOUT,False,
selectum-hotels-aldigimiz-hizmetten-memnun-kalmadik,BOD068,Selectum Colours Bodrum,Gümbet,False,2026-08-17 09:18:00,4.8,13412,AIR_CONDITIONING,False,
selectum-hotels-aldigimiz-hizmetten-memnun-kalmadik,BOD068,Selectum Colours Bodrum,Gümbet,False,2026-08-17 09:18:00,4.8,13412,NOISE,False,
selectum-hotels-aldigimiz-hizmetten-memnun-kalmadik,BOD068,Selectum Colours Bodrum,Gümbet,False,2026-08-17 09:18:00,4.8,13412,FAMILY_CHILDREN,False,
selectum-hotels-aldigimiz-hizmetten-memnun-kalmadik,BOD068,Selectum Colours Bodrum,Gümbet,False,2026-08-17 09:18:00,4.8,13412,TRANSPORT_TRANSFER,False,
selectum-hotels-aldigimiz-hizmetten-memnun-kalmadik,BOD068,Selectum Colours Bodrum,Gümbet,False,2026-08-17 09:18:00,4.8,13412,MANAGEMENT_COMMUNICATION,True,yönetim
selectum-hotels-aldigimiz-hizmetten-memnun-kalmadik,BOD068,Selectum Colours Bodrum,Gümbet,False,2026-08-17 09:18:00,4.8,13412,SPA_WELLNESS,False,
selectum-hotels-aldigimiz-hizmetten-memnun-kalmadik,BOD068,Selectum Colours Bodrum,Gümbet,False,2026-08-17 09:18:00,4.8,13412,SAFETY_SECURITY,False,
selectum-colors-bodrum-otelinde-kayip-airpods-teslim-edilmedi-ve-kullaniliyor,BOD068,Selectum Colours Bodrum,Gümbet,False,2026-08-12 10:24:00,4.8,13412,STAFF_SERVICE,True,personel
selectum-colors-bodrum-otelinde-kayip-airpods-teslim-edilmedi-ve-kullaniliyor,BOD068,Selectum Colours Bodrum,Gümbet,False,2026-08-12 10:24:00,4.8,13412,CLEANLINESS_HYGIENE,False,
selectum-colors-bodrum-otelinde-kayip-airpods-teslim-edilmedi-ve-kullaniliyor,BOD068,Selectum Colours Bodrum,Gümbet,False,2026-08-12 10:24:00,4.8,13412,FOOD_BEVERAGE,False,
selectum-colors-bodrum-otelinde-kayip-airpods-teslim-edilmedi-ve-kullaniliyor,BOD068,Selectum Colours Bodrum,Gümbet,False,2026-08-12 10:24:00,4.8,13412,ROOM,True,oda
selectum-colors-bodrum-otelinde-kayip-airpods-teslim-edilmedi-ve-kullaniliyor,BOD068,Selectum Colours Bodrum,Gümbet,False,2026-08-12 10:24:00,4.8,13412,BEACH_SEA,False,
selectum-colors-bodrum-otelinde-kayip-airpods-teslim-edilmedi-ve-kullaniliyor,BOD068,Selectum Colours Bodrum,Gümbet,False,2026-08-12 10:24:00,4.8,13412,POOL,True,havuz
selectum-colors-bodrum-otelinde-kayip-airpods-teslim-edilmedi-ve-kullaniliyor,BOD068,Selectum Colours Bodrum,Gümbet,False,2026-08-12 10:24:00,4.8,13412,FACILITIES_MAINTENANCE,False,
selectum-colors-bodrum-otelinde-kayip-airpods-teslim-edilmedi-ve-kullaniliyor,BOD068,Selectum Colours Bodrum,Gümbet,False,2026-08-12 10:24:00,4.8,13412,RESERVATION,False,
selectum-colors-bodrum-otelinde-kayip-airpods-teslim-edilmedi-ve-kullaniliyor,BOD068,Selectum Colours Bodrum,Gümbet,False,2026-08-12 10:24:00,4.8,13412,PAYMENT_REFUND,False,
selectum-colors-bodrum-otelinde-kayip-airpods-teslim-edilmedi-ve-kullaniliyor,BOD068,Selectum Colours Bodrum,Gümbet,False,2026-08-12 10:24:00,4.8,13412,PRICE_VALUE,False,
selectum-colors-bodrum-otelinde-kayip-airpods-teslim-edilmedi-ve-kullaniliyor,BOD068,Selectum Colours Bodrum,Gümbet,False,2026-08-12 10:24:00,4.8,13412,CHECKIN_CHECKOUT,False,
selectum-colors-bodrum-otelinde-kayip-airpods-teslim-edilmedi-ve-kullaniliyor,BOD068,Selectum Colours Bodrum,Gümbet,False,2026-08-12 10:24:00,4.8,13412,AIR_CONDITIONING,False,
selectum-colors-bodrum-otelinde-kayip-airpods-teslim-edilmedi-ve-kullaniliyor,BOD068,Selectum Colours Bodrum,Gümbet,False,2026-08-12 10:24:00,4.8,13412,NOISE,False,
selectum-colors-bodrum-otelinde-kayip-airpods-teslim-edilmedi-ve-kullaniliyor,BOD068,Selectum Colours Bodrum,Gümbet,False,2026-08-12 10:24:00,4.8,13412,FAMILY_CHILDREN,False,
selectum-colors-bodrum-otelinde-kayip-airpods-teslim-edilmedi-ve-kullaniliyor,BOD068,Selectum Colours Bodrum,Gümbet,False,2026-08-12 10:24:00,4.8,13412,TRANSPORT_TRANSFER,False,
selectum-colors-bodrum-otelinde-kayip-airpods-teslim-edilmedi-ve-kullaniliyor,BOD068,Selectum Colours Bodrum,Gümbet,False,2026-08-12 10:24:00,4.8,13412,MANAGEMENT_COMMUNICATION,True,iletişim|yönetim|yetkili|telefon
selectum-colors-bodrum-otelinde-kayip-airpods-teslim-edilmedi-ve-kullaniliyor,BOD068,Selectum Colours Bodrum,Gümbet,False,2026-08-12 10:24:00,4.8,13412,SPA_WELLNESS,False,
selectum-colors-bodrum-otelinde-kayip-airpods-teslim-edilmedi-ve-kullaniliyor,BOD068,Selectum Colours Bodrum,Gümbet,False,2026-08-12 10:24:00,4.8,13412,SAFETY_SECURITY,False,
selectum-hotels-turk-misafirlere-karsi-son-derece-saygisiz-ve-ayrimci-davrandigina-sahit-olduk,BOD068,Selectum Colours Bodrum,Gümbet,False,2026-07-30 08:53:00,4.8,13412,STAFF_SERVICE,True,personel|saygısız|görevli|garson|hizmet
selectum-hotels-turk-misafirlere-karsi-son-derece-saygisiz-ve-ayrimci-davrandigina-sahit-olduk,BOD068,Selectum Colours Bodrum,Gümbet,False,2026-07-30 08:53:00,4.8,13412,CLEANLINESS_HYGIENE,False,
selectum-hotels-turk-misafirlere-karsi-son-derece-saygisiz-ve-ayrimci-davrandigina-sahit-olduk,BOD068,Selectum Colours Bodrum,Gümbet,False,2026-07-30 08:53:00,4.8,13412,FOOD_BEVERAGE,True,her şey dahil|restoran
selectum-hotels-turk-misafirlere-karsi-son-derece-saygisiz-ve-ayrimci-davrandigina-sahit-olduk,BOD068,Selectum Colours Bodrum,Gümbet,False,2026-07-30 08:53:00,4.8,13412,ROOM,True,oda
selectum-hotels-turk-misafirlere-karsi-son-derece-saygisiz-ve-ayrimci-davrandigina-sahit-olduk,BOD068,Selectum Colours Bodrum,Gümbet,False,2026-07-30 08:53:00,4.8,13412,BEACH_SEA,False,
selectum-hotels-turk-misafirlere-karsi-son-derece-saygisiz-ve-ayrimci-davrandigina-sahit-olduk,BOD068,Selectum Colours Bodrum,Gümbet,False,2026-07-30 08:53:00,4.8,13412,POOL,False,
selectum-hotels-turk-misafirlere-karsi-son-derece-saygisiz-ve-ayrimci-davrandigina-sahit-olduk,BOD068,Selectum Colours Bodrum,Gümbet,False,2026-07-30 08:53:00,4.8,13412,FACILITIES_MAINTENANCE,True,kırık
selectum-hotels-turk-misafirlere-karsi-son-derece-saygisiz-ve-ayrimci-davrandigina-sahit-olduk,BOD068,Selectum Colours Bodrum,Gümbet,False,2026-07-30 08:53:00,4.8,13412,RESERVATION,False,
selectum-hotels-turk-misafirlere-karsi-son-derece-saygisiz-ve-ayrimci-davrandigina-sahit-olduk,BOD068,Selectum Colours Bodrum,Gümbet,False,2026-07-30 08:53:00,4.8,13412,PAYMENT_REFUND,True,para
selectum-hotels-turk-misafirlere-karsi-son-derece-saygisiz-ve-ayrimci-davrandigina-sahit-olduk,BOD068,Selectum Colours Bodrum,Gümbet,False,2026-07-30 08:53:00,4.8,13412,PRICE_VALUE,False,
selectum-hotels-turk-misafirlere-karsi-son-derece-saygisiz-ve-ayrimci-davrandigina-sahit-olduk,BOD068,Selectum Colours Bodrum,Gümbet,False,2026-07-30 08:53:00,4.8,13412,CHECKIN_CHECKOUT,False,
selectum-hotels-turk-misafirlere-karsi-son-derece-saygisiz-ve-ayrimci-davrandigina-sahit-olduk,BOD068,Selectum Colours Bodrum,Gümbet,False,2026-07-30 08:53:00,4.8,13412,AIR_CONDITIONING,False,
selectum-hotels-turk-misafirlere-karsi-son-derece-saygisiz-ve-ayrimci-davrandigina-sahit-olduk,BOD068,Selectum Colours Bodrum,Gümbet,False,2026-07-30 08:53:00,4.8,13412,NOISE,False,
selectum-hotels-turk-misafirlere-karsi-son-derece-saygisiz-ve-ayrimci-davrandigina-sahit-olduk,BOD068,Selectum Colours Bodrum,Gümbet,False,2026-07-30 08:53:00,4.8,13412,FAMILY_CHILDREN,False,
selectum-hotels-turk-misafirlere-karsi-son-derece-saygisiz-ve-ayrimci-davrandigina-sahit-olduk,BOD068,Selectum Colours Bodrum,Gümbet,False,2026-07-30 08:53:00,4.8,13412,TRANSPORT_TRANSFER,False,
selectum-hotels-turk-misafirlere-karsi-son-derece-saygisiz-ve-ayrimci-davrandigina-sahit-olduk,BOD068,Selectum Colours Bodrum,Gümbet,False,2026-07-30 08:53:00,4.8,13412,MANAGEMENT_COMMUNICATION,True,yönetim|müdür
selectum-hotels-turk-misafirlere-karsi-son-derece-saygisiz-ve-ayrimci-davrandigina-sahit-olduk,BOD068,Selectum Colours Bodrum,Gümbet,False,2026-07-30 08:53:00,4.8,13412,SPA_WELLNESS,False,
selectum-hotels-turk-misafirlere-karsi-son-derece-saygisiz-ve-ayrimci-davrandigina-sahit-olduk,BOD068,Selectum Colours Bodrum,Gümbet,False,2026-07-30 08:53:00,4.8,13412,SAFETY_SECURITY,True,ayrımcı
selectum-collection-bodrumda-valesiz-giris-ve-koordinasyon-sorunlari,BOD012,Selectum Collection Bodrum,Akyarlar,False,2026-05-31 20:33:00,4.5,6514,STAFF_SERVICE,True,personel|hizmet|servis
selectum-collection-bodrumda-valesiz-giris-ve-koordinasyon-sorunlari,BOD012,Selectum Collection Bodrum,Akyarlar,False,2026-05-31 20:33:00,4.5,6514,CLEANLINESS_HYGIENE,True,temizlik|temiz
selectum-collection-bodrumda-valesiz-giris-ve-koordinasyon-sorunlari,BOD012,Selectum Collection Bodrum,Akyarlar,False,2026-05-31 20:33:00,4.5,6514,FOOD_BEVERAGE,True,yemek|snack
selectum-collection-bodrumda-valesiz-giris-ve-koordinasyon-sorunlari,BOD012,Selectum Collection Bodrum,Akyarlar,False,2026-05-31 20:33:00,4.5,6514,ROOM,True,tuvalet|oda
selectum-collection-bodrumda-valesiz-giris-ve-koordinasyon-sorunlari,BOD012,Selectum Collection Bodrum,Akyarlar,False,2026-05-31 20:33:00,4.5,6514,BEACH_SEA,False,
selectum-collection-bodrumda-valesiz-giris-ve-koordinasyon-sorunlari,BOD012,Selectum Collection Bodrum,Akyarlar,False,2026-05-31 20:33:00,4.5,6514,POOL,True,havuz
selectum-collection-bodrumda-valesiz-giris-ve-koordinasyon-sorunlari,BOD012,Selectum Collection Bodrum,Akyarlar,False,2026-05-31 20:33:00,4.5,6514,FACILITIES_MAINTENANCE,True,tamir
selectum-collection-bodrumda-valesiz-giris-ve-koordinasyon-sorunlari,BOD012,Selectum Collection Bodrum,Akyarlar,False,2026-05-31 20:33:00,4.5,6514,RESERVATION,False,
selectum-collection-bodrumda-valesiz-giris-ve-koordinasyon-sorunlari,BOD012,Selectum Collection Bodrum,Akyarlar,False,2026-05-31 20:33:00,4.5,6514,PAYMENT_REFUND,False,
selectum-collection-bodrumda-valesiz-giris-ve-koordinasyon-sorunlari,BOD012,Selectum Collection Bodrum,Akyarlar,False,2026-05-31 20:33:00,4.5,6514,PRICE_VALUE,False,
selectum-collection-bodrumda-valesiz-giris-ve-koordinasyon-sorunlari,BOD012,Selectum Collection Bodrum,Akyarlar,False,2026-05-31 20:33:00,4.5,6514,CHECKIN_CHECKOUT,False,
selectum-collection-bodrumda-valesiz-giris-ve-koordinasyon-sorunlari,BOD012,Selectum Collection Bodrum,Akyarlar,False,2026-05-31 20:33:00,4.5,6514,AIR_CONDITIONING,False,
selectum-collection-bodrumda-valesiz-giris-ve-koordinasyon-sorunlari,BOD012,Selectum Collection Bodrum,Akyarlar,False,2026-05-31 20:33:00,4.5,6514,NOISE,False,
selectum-collection-bodrumda-valesiz-giris-ve-koordinasyon-sorunlari,BOD012,Selectum Collection Bodrum,Akyarlar,False,2026-05-31 20:33:00,4.5,6514,FAMILY_CHILDREN,False,
selectum-collection-bodrumda-valesiz-giris-ve-koordinasyon-sorunlari,BOD012,Selectum Collection Bodrum,Akyarlar,False,2026-05-31 20:33:00,4.5,6514,TRANSPORT_TRANSFER,False,
selectum-collection-bodrumda-valesiz-giris-ve-koordinasyon-sorunlari,BOD012,Selectum Collection Bodrum,Akyarlar,False,2026-05-31 20:33:00,4.5,6514,MANAGEMENT_COMMUNICATION,True,bilgilendirme|iletişim|yönetim|yetkili
selectum-collection-bodrumda-valesiz-giris-ve-koordinasyon-sorunlari,BOD012,Selectum Collection Bodrum,Akyarlar,False,2026-05-31 20:33:00,4.5,6514,SPA_WELLNESS,False,
selectum-collection-bodrumda-valesiz-giris-ve-koordinasyon-sorunlari,BOD012,Selectum Collection Bodrum,Akyarlar,False,2026-05-31 20:33:00,4.5,6514,SAFETY_SECURITY,False,
selectum-hotels-odalar-eski-temizlik-yetersiz-yemek-kalitesi-dusuk-ve-yerli-misafirlere-ayrimcilik,BOD012,Selectum Collection Bodrum,Akyarlar,False,2026-05-25 10:56:00,4.5,6514,STAFF_SERVICE,True,hizmet|servis
selectum-hotels-odalar-eski-temizlik-yetersiz-yemek-kalitesi-dusuk-ve-yerli-misafirlere-ayrimcilik,BOD012,Selectum Collection Bodrum,Akyarlar,False,2026-05-25 10:56:00,4.5,6514,CLEANLINESS_HYGIENE,True,temizlik|hijyen|temiz
selectum-hotels-odalar-eski-temizlik-yetersiz-yemek-kalitesi-dusuk-ve-yerli-misafirlere-ayrimcilik,BOD012,Selectum Collection Bodrum,Akyarlar,False,2026-05-25 10:56:00,4.5,6514,FOOD_BEVERAGE,True,restoran|yemek|snack
selectum-hotels-odalar-eski-temizlik-yetersiz-yemek-kalitesi-dusuk-ve-yerli-misafirlere-ayrimcilik,BOD012,Selectum Collection Bodrum,Akyarlar,False,2026-05-25 10:56:00,4.5,6514,ROOM,True,oda
selectum-hotels-odalar-eski-temizlik-yetersiz-yemek-kalitesi-dusuk-ve-yerli-misafirlere-ayrimcilik,BOD012,Selectum Collection Bodrum,Akyarlar,False,2026-05-25 10:56:00,4.5,6514,BEACH_SEA,True,sahil|deniz
selectum-hotels-odalar-eski-temizlik-yetersiz-yemek-kalitesi-dusuk-ve-yerli-misafirlere-ayrimcilik,BOD012,Selectum Collection Bodrum,Akyarlar,False,2026-05-25 10:56:00,4.5,6514,POOL,False,
selectum-hotels-odalar-eski-temizlik-yetersiz-yemek-kalitesi-dusuk-ve-yerli-misafirlere-ayrimcilik,BOD012,Selectum Collection Bodrum,Akyarlar,False,2026-05-25 10:56:00,4.5,6514,FACILITIES_MAINTENANCE,True,bakımsız|bakım|kırık|eski
selectum-hotels-odalar-eski-temizlik-yetersiz-yemek-kalitesi-dusuk-ve-yerli-misafirlere-ayrimcilik,BOD012,Selectum Collection Bodrum,Akyarlar,False,2026-05-25 10:56:00,4.5,6514,RESERVATION,False,
selectum-hotels-odalar-eski-temizlik-yetersiz-yemek-kalitesi-dusuk-ve-yerli-misafirlere-ayrimcilik,BOD012,Selectum Collection Bodrum,Akyarlar,False,2026-05-25 10:56:00,4.5,6514,PAYMENT_REFUND,False,
selectum-hotels-odalar-eski-temizlik-yetersiz-yemek-kalitesi-dusuk-ve-yerli-misafirlere-ayrimcilik,BOD012,Selectum Collection Bodrum,Akyarlar,False,2026-05-25 10:56:00,4.5,6514,PRICE_VALUE,True,ödediğimiz|değer|ücret
selectum-hotels-odalar-eski-temizlik-yetersiz-yemek-kalitesi-dusuk-ve-yerli-misafirlere-ayrimcilik,BOD012,Selectum Collection Bodrum,Akyarlar,False,2026-05-25 10:56:00,4.5,6514,CHECKIN_CHECKOUT,False,
selectum-hotels-odalar-eski-temizlik-yetersiz-yemek-kalitesi-dusuk-ve-yerli-misafirlere-ayrimcilik,BOD012,Selectum Collection Bodrum,Akyarlar,False,2026-05-25 10:56:00,4.5,6514,AIR_CONDITIONING,False,
selectum-hotels-odalar-eski-temizlik-yetersiz-yemek-kalitesi-dusuk-ve-yerli-misafirlere-ayrimcilik,BOD012,Selectum Collection Bodrum,Akyarlar,False,2026-05-25 10:56:00,4.5,6514,NOISE,False,
selectum-hotels-odalar-eski-temizlik-yetersiz-yemek-kalitesi-dusuk-ve-yerli-misafirlere-ayrimcilik,BOD012,Selectum Collection Bodrum,Akyarlar,False,2026-05-25 10:56:00,4.5,6514,FAMILY_CHILDREN,False,
selectum-hotels-odalar-eski-temizlik-yetersiz-yemek-kalitesi-dusuk-ve-yerli-misafirlere-ayrimcilik,BOD012,Selectum Collection Bodrum,Akyarlar,False,2026-05-25 10:56:00,4.5,6514,TRANSPORT_TRANSFER,False,
selectum-hotels-odalar-eski-temizlik-yetersiz-yemek-kalitesi-dusuk-ve-yerli-misafirlere-ayrimcilik,BOD012,Selectum Collection Bodrum,Akyarlar,False,2026-05-25 10:56:00,4.5,6514,MANAGEMENT_COMMUNICATION,False,
selectum-hotels-odalar-eski-temizlik-yetersiz-yemek-kalitesi-dusuk-ve-yerli-misafirlere-ayrimcilik,BOD012,Selectum Collection Bodrum,Akyarlar,False,2026-05-25 10:56:00,4.5,6514,SPA_WELLNESS,False,
selectum-hotels-odalar-eski-temizlik-yetersiz-yemek-kalitesi-dusuk-ve-yerli-misafirlere-ayrimcilik,BOD012,Selectum Collection Bodrum,Akyarlar,False,2026-05-25 10:56:00,4.5,6514,SAFETY_SECURITY,True,ayrımcı
selectum-colors-bodrumda-oda-temizligi-ve-musteri-iliskilerinde-yetersizlik,BOD068,Selectum Colours Bodrum,Gümbet,False,2025-10-02 18:13:00,4.8,13412,STAFF_SERVICE,False,
selectum-colors-bodrumda-oda-temizligi-ve-musteri-iliskilerinde-yetersizlik,BOD068,Selectum Colours Bodrum,Gümbet,False,2025-10-02 18:13:00,4.8,13412,CLEANLINESS_HYGIENE,True,temizlik|temiz|böcek
selectum-colors-bodrumda-oda-temizligi-ve-musteri-iliskilerinde-yetersizlik,BOD068,Selectum Colours Bodrum,Gümbet,False,2025-10-02 18:13:00,4.8,13412,FOOD_BEVERAGE,False,
selectum-colors-bodrumda-oda-temizligi-ve-musteri-iliskilerinde-yetersizlik,BOD068,Selectum Colours Bodrum,Gümbet,False,2025-10-02 18:13:00,4.8,13412,ROOM,True,oda değişikliği|yatak|oda
selectum-colors-bodrumda-oda-temizligi-ve-musteri-iliskilerinde-yetersizlik,BOD068,Selectum Colours Bodrum,Gümbet,False,2025-10-02 18:13:00,4.8,13412,BEACH_SEA,False,
selectum-colors-bodrumda-oda-temizligi-ve-musteri-iliskilerinde-yetersizlik,BOD068,Selectum Colours Bodrum,Gümbet,False,2025-10-02 18:13:00,4.8,13412,POOL,False,
selectum-colors-bodrumda-oda-temizligi-ve-musteri-iliskilerinde-yetersizlik,BOD068,Selectum Colours Bodrum,Gümbet,False,2025-10-02 18:13:00,4.8,13412,FACILITIES_MAINTENANCE,True,kırık
selectum-colors-bodrumda-oda-temizligi-ve-musteri-iliskilerinde-yetersizlik,BOD068,Selectum Colours Bodrum,Gümbet,False,2025-10-02 18:13:00,4.8,13412,RESERVATION,False,
selectum-colors-bodrumda-oda-temizligi-ve-musteri-iliskilerinde-yetersizlik,BOD068,Selectum Colours Bodrum,Gümbet,False,2025-10-02 18:13:00,4.8,13412,PAYMENT_REFUND,False,
selectum-colors-bodrumda-oda-temizligi-ve-musteri-iliskilerinde-yetersizlik,BOD068,Selectum Colours Bodrum,Gümbet,False,2025-10-02 18:13:00,4.8,13412,PRICE_VALUE,False,
selectum-colors-bodrumda-oda-temizligi-ve-musteri-iliskilerinde-yetersizlik,BOD068,Selectum Colours Bodrum,Gümbet,False,2025-10-02 18:13:00,4.8,13412,CHECKIN_CHECKOUT,False,
selectum-colors-bodrumda-oda-temizligi-ve-musteri-iliskilerinde-yetersizlik,BOD068,Selectum Colours Bodrum,Gümbet,False,2025-10-02 18:13:00,4.8,13412,AIR_CONDITIONING,False,
selectum-colors-bodrumda-oda-temizligi-ve-musteri-iliskilerinde-yetersizlik,BOD068,Selectum Colours Bodrum,Gümbet,False,2025-10-02 18:13:00,4.8,13412,NOISE,False,
selectum-colors-bodrumda-oda-temizligi-ve-musteri-iliskilerinde-yetersizlik,BOD068,Selectum Colours Bodrum,Gümbet,False,2025-10-02 18:13:00,4.8,13412,FAMILY_CHILDREN,False,
selectum-colors-bodrumda-oda-temizligi-ve-musteri-iliskilerinde-yetersizlik,BOD068,Selectum Colours Bodrum,Gümbet,False,2025-10-02 18:13:00,4.8,13412,TRANSPORT_TRANSFER,False,
selectum-colors-bodrumda-oda-temizligi-ve-musteri-iliskilerinde-yetersizlik,BOD068,Selectum Colours Bodrum,Gümbet,False,2025-10-02 18:13:00,4.8,13412,MANAGEMENT_COMMUNICATION,True,yetkili
selectum-colors-bodrumda-oda-temizligi-ve-musteri-iliskilerinde-yetersizlik,BOD068,Selectum Colours Bodrum,Gümbet,False,2025-10-02 18:13:00,4.8,13412,SPA_WELLNESS,False,
selectum-colors-bodrumda-oda-temizligi-ve-musteri-iliskilerinde-yetersizlik,BOD068,Selectum Colours Bodrum,Gümbet,False,2025-10-02 18:13:00,4.8,13412,SAFETY_SECURITY,False,
selectum-collection-hotel-bodrum-sorun-yasama,BOD012,Selectum Collection Bodrum,Akyarlar,False,2025-07-16 08:41:00,4.5,6514,STAFF_SERVICE,True,saygısız|garson|hizmet
selectum-collection-hotel-bodrum-sorun-yasama,BOD012,Selectum Collection Bodrum,Akyarlar,False,2025-07-16 08:41:00,4.5,6514,CLEANLINESS_HYGIENE,True,temiz|kirli
selectum-collection-hotel-bodrum-sorun-yasama,BOD012,Selectum Collection Bodrum,Akyarlar,False,2025-07-16 08:41:00,4.5,6514,FOOD_BEVERAGE,True,restoran|yemek
selectum-collection-hotel-bodrum-sorun-yasama,BOD012,Selectum Collection Bodrum,Akyarlar,False,2025-07-16 08:41:00,4.5,6514,ROOM,True,oda
selectum-collection-hotel-bodrum-sorun-yasama,BOD012,Selectum Collection Bodrum,Akyarlar,False,2025-07-16 08:41:00,4.5,6514,BEACH_SEA,False,
selectum-collection-hotel-bodrum-sorun-yasama,BOD012,Selectum Collection Bodrum,Akyarlar,False,2025-07-16 08:41:00,4.5,6514,POOL,False,
selectum-collection-hotel-bodrum-sorun-yasama,BOD012,Selectum Collection Bodrum,Akyarlar,False,2025-07-16 08:41:00,4.5,6514,FACILITIES_MAINTENANCE,True,kapı
selectum-collection-hotel-bodrum-sorun-yasama,BOD012,Selectum Collection Bodrum,Akyarlar,False,2025-07-16 08:41:00,4.5,6514,RESERVATION,False,
selectum-collection-hotel-bodrum-sorun-yasama,BOD012,Selectum Collection Bodrum,Akyarlar,False,2025-07-16 08:41:00,4.5,6514,PAYMENT_REFUND,True,ücret iadesi|iade
selectum-collection-hotel-bodrum-sorun-yasama,BOD012,Selectum Collection Bodrum,Akyarlar,False,2025-07-16 08:41:00,4.5,6514,PRICE_VALUE,True,ücret
selectum-collection-hotel-bodrum-sorun-yasama,BOD012,Selectum Collection Bodrum,Akyarlar,False,2025-07-16 08:41:00,4.5,6514,CHECKIN_CHECKOUT,False,
selectum-collection-hotel-bodrum-sorun-yasama,BOD012,Selectum Collection Bodrum,Akyarlar,False,2025-07-16 08:41:00,4.5,6514,AIR_CONDITIONING,False,
selectum-collection-hotel-bodrum-sorun-yasama,BOD012,Selectum Collection Bodrum,Akyarlar,False,2025-07-16 08:41:00,4.5,6514,NOISE,False,
selectum-collection-hotel-bodrum-sorun-yasama,BOD012,Selectum Collection Bodrum,Akyarlar,False,2025-07-16 08:41:00,4.5,6514,FAMILY_CHILDREN,True,çocuk|bebek
selectum-collection-hotel-bodrum-sorun-yasama,BOD012,Selectum Collection Bodrum,Akyarlar,False,2025-07-16 08:41:00,4.5,6514,TRANSPORT_TRANSFER,False,
selectum-collection-hotel-bodrum-sorun-yasama,BOD012,Selectum Collection Bodrum,Akyarlar,False,2025-07-16 08:41:00,4.5,6514,MANAGEMENT_COMMUNICATION,True,müşteri hizmetleri|yönetim|yetkili
selectum-collection-hotel-bodrum-sorun-yasama,BOD012,Selectum Collection Bodrum,Akyarlar,False,2025-07-16 08:41:00,4.5,6514,SPA_WELLNESS,False,
selectum-collection-hotel-bodrum-sorun-yasama,BOD012,Selectum Collection Bodrum,Akyarlar,False,2025-07-16 08:41:00,4.5,6514,SAFETY_SECURITY,False,
bodrumda-kotu-hijyen-ve-yetersiz-hizmet-deneyimi,BOD068,Selectum Colours Bodrum,Gümbet,False,2025-07-15 16:36:00,4.8,13412,STAFF_SERVICE,True,personel|hizmet
bodrumda-kotu-hijyen-ve-yetersiz-hizmet-deneyimi,BOD068,Selectum Colours Bodrum,Gümbet,False,2025-07-15 16:36:00,4.8,13412,CLEANLINESS_HYGIENE,True,böcek
bodrumda-kotu-hijyen-ve-yetersiz-hizmet-deneyimi,BOD068,Selectum Colours Bodrum,Gümbet,False,2025-07-15 16:36:00,4.8,13412,FOOD_BEVERAGE,True,her şey dahil|restoran|yemek
bodrumda-kotu-hijyen-ve-yetersiz-hizmet-deneyimi,BOD068,Selectum Colours Bodrum,Gümbet,False,2025-07-15 16:36:00,4.8,13412,ROOM,True,tuvalet
bodrumda-kotu-hijyen-ve-yetersiz-hizmet-deneyimi,BOD068,Selectum Colours Bodrum,Gümbet,False,2025-07-15 16:36:00,4.8,13412,BEACH_SEA,True,şezlong|plaj
bodrumda-kotu-hijyen-ve-yetersiz-hizmet-deneyimi,BOD068,Selectum Colours Bodrum,Gümbet,False,2025-07-15 16:36:00,4.8,13412,POOL,False,
bodrumda-kotu-hijyen-ve-yetersiz-hizmet-deneyimi,BOD068,Selectum Colours Bodrum,Gümbet,False,2025-07-15 16:36:00,4.8,13412,FACILITIES_MAINTENANCE,False,
bodrumda-kotu-hijyen-ve-yetersiz-hizmet-deneyimi,BOD068,Selectum Colours Bodrum,Gümbet,False,2025-07-15 16:36:00,4.8,13412,RESERVATION,False,
bodrumda-kotu-hijyen-ve-yetersiz-hizmet-deneyimi,BOD068,Selectum Colours Bodrum,Gümbet,False,2025-07-15 16:36:00,4.8,13412,PAYMENT_REFUND,True,para
bodrumda-kotu-hijyen-ve-yetersiz-hizmet-deneyimi,BOD068,Selectum Colours Bodrum,Gümbet,False,2025-07-15 16:36:00,4.8,13412,PRICE_VALUE,True,fiyat
bodrumda-kotu-hijyen-ve-yetersiz-hizmet-deneyimi,BOD068,Selectum Colours Bodrum,Gümbet,False,2025-07-15 16:36:00,4.8,13412,CHECKIN_CHECKOUT,False,
bodrumda-kotu-hijyen-ve-yetersiz-hizmet-deneyimi,BOD068,Selectum Colours Bodrum,Gümbet,False,2025-07-15 16:36:00,4.8,13412,AIR_CONDITIONING,False,
bodrumda-kotu-hijyen-ve-yetersiz-hizmet-deneyimi,BOD068,Selectum Colours Bodrum,Gümbet,False,2025-07-15 16:36:00,4.8,13412,NOISE,False,
bodrumda-kotu-hijyen-ve-yetersiz-hizmet-deneyimi,BOD068,Selectum Colours Bodrum,Gümbet,False,2025-07-15 16:36:00,4.8,13412,FAMILY_CHILDREN,False,
bodrumda-kotu-hijyen-ve-yetersiz-hizmet-deneyimi,BOD068,Selectum Colours Bodrum,Gümbet,False,2025-07-15 16:36:00,4.8,13412,TRANSPORT_TRANSFER,False,
bodrumda-kotu-hijyen-ve-yetersiz-hizmet-deneyimi,BOD068,Selectum Colours Bodrum,Gümbet,False,2025-07-15 16:36:00,4.8,13412,MANAGEMENT_COMMUNICATION,True,yetkili
bodrumda-kotu-hijyen-ve-yetersiz-hizmet-deneyimi,BOD068,Selectum Colours Bodrum,Gümbet,False,2025-07-15 16:36:00,4.8,13412,SPA_WELLNESS,False,
bodrumda-kotu-hijyen-ve-yetersiz-hizmet-deneyimi,BOD068,Selectum Colours Bodrum,Gümbet,False,2025-07-15 16:36:00,4.8,13412,SAFETY_SECURITY,False,
selectum-hotels-muthis-balayi-avantajlari,BOD068,Selectum Colours Bodrum,Gümbet,False,2024-06-20 22:57:00,4.8,13412,STAFF_SERVICE,False,
selectum-hotels-muthis-balayi-avantajlari,BOD068,Selectum Colours Bodrum,Gümbet,False,2024-06-20 22:57:00,4.8,13412,CLEANLINESS_HYGIENE,False,
selectum-hotels-muthis-balayi-avantajlari,BOD068,Selectum Colours Bodrum,Gümbet,False,2024-06-20 22:57:00,4.8,13412,FOOD_BEVERAGE,False,
selectum-hotels-muthis-balayi-avantajlari,BOD068,Selectum Colours Bodrum,Gümbet,False,2024-06-20 22:57:00,4.8,13412,ROOM,True,oda
selectum-hotels-muthis-balayi-avantajlari,BOD068,Selectum Colours Bodrum,Gümbet,False,2024-06-20 22:57:00,4.8,13412,BEACH_SEA,False,
selectum-hotels-muthis-balayi-avantajlari,BOD068,Selectum Colours Bodrum,Gümbet,False,2024-06-20 22:57:00,4.8,13412,POOL,False,
selectum-hotels-muthis-balayi-avantajlari,BOD068,Selectum Colours Bodrum,Gümbet,False,2024-06-20 22:57:00,4.8,13412,FACILITIES_MAINTENANCE,True,kapı
selectum-hotels-muthis-balayi-avantajlari,BOD068,Selectum Colours Bodrum,Gümbet,False,2024-06-20 22:57:00,4.8,13412,RESERVATION,True,rezervasyon
selectum-hotels-muthis-balayi-avantajlari,BOD068,Selectum Colours Bodrum,Gümbet,False,2024-06-20 22:57:00,4.8,13412,PAYMENT_REFUND,False,
selectum-hotels-muthis-balayi-avantajlari,BOD068,Selectum Colours Bodrum,Gümbet,False,2024-06-20 22:57:00,4.8,13412,PRICE_VALUE,False,
selectum-hotels-muthis-balayi-avantajlari,BOD068,Selectum Colours Bodrum,Gümbet,False,2024-06-20 22:57:00,4.8,13412,CHECKIN_CHECKOUT,False,
selectum-hotels-muthis-balayi-avantajlari,BOD068,Selectum Colours Bodrum,Gümbet,False,2024-06-20 22:57:00,4.8,13412,AIR_CONDITIONING,False,
selectum-hotels-muthis-balayi-avantajlari,BOD068,Selectum Colours Bodrum,Gümbet,False,2024-06-20 22:57:00,4.8,13412,NOISE,False,
selectum-hotels-muthis-balayi-avantajlari,BOD068,Selectum Colours Bodrum,Gümbet,False,2024-06-20 22:57:00,4.8,13412,FAMILY_CHILDREN,False,
selectum-hotels-muthis-balayi-avantajlari,BOD068,Selectum Colours Bodrum,Gümbet,False,2024-06-20 22:57:00,4.8,13412,TRANSPORT_TRANSFER,False,
selectum-hotels-muthis-balayi-avantajlari,BOD068,Selectum Colours Bodrum,Gümbet,False,2024-06-20 22:57:00,4.8,13412,MANAGEMENT_COMMUNICATION,False,
selectum-hotels-muthis-balayi-avantajlari,BOD068,Selectum Colours Bodrum,Gümbet,False,2024-06-20 22:57:00,4.8,13412,SPA_WELLNESS,False,
selectum-hotels-muthis-balayi-avantajlari,BOD068,Selectum Colours Bodrum,Gümbet,False,2024-06-20 22:57:00,4.8,13412,SAFETY_SECURITY,False,
selectum-colours-bodrum-otel,BOD068,Selectum Colours Bodrum,Gümbet,False,2024-06-09 12:08:00,4.8,13412,STAFF_SERVICE,True,garson|servis|kaba
selectum-colours-bodrum-otel,BOD068,Selectum Colours Bodrum,Gümbet,False,2024-06-09 12:08:00,4.8,13412,CLEANLINESS_HYGIENE,True,kirli|böcek
selectum-colours-bodrum-otel,BOD068,Selectum Colours Bodrum,Gümbet,False,2024-06-09 12:08:00,4.8,13412,FOOD_BEVERAGE,False,
selectum-colours-bodrum-otel,BOD068,Selectum Colours Bodrum,Gümbet,False,2024-06-09 12:08:00,4.8,13412,ROOM,True,oda
selectum-colours-bodrum-otel,BOD068,Selectum Colours Bodrum,Gümbet,False,2024-06-09 12:08:00,4.8,13412,BEACH_SEA,False,
selectum-colours-bodrum-otel,BOD068,Selectum Colours Bodrum,Gümbet,False,2024-06-09 12:08:00,4.8,13412,POOL,True,havuz
selectum-colours-bodrum-otel,BOD068,Selectum Colours Bodrum,Gümbet,False,2024-06-09 12:08:00,4.8,13412,FACILITIES_MAINTENANCE,False,
selectum-colours-bodrum-otel,BOD068,Selectum Colours Bodrum,Gümbet,False,2024-06-09 12:08:00,4.8,13412,RESERVATION,False,
selectum-colours-bodrum-otel,BOD068,Selectum Colours Bodrum,Gümbet,False,2024-06-09 12:08:00,4.8,13412,PAYMENT_REFUND,False,
selectum-colours-bodrum-otel,BOD068,Selectum Colours Bodrum,Gümbet,False,2024-06-09 12:08:00,4.8,13412,PRICE_VALUE,True,fiyat performans|fiyat
selectum-colours-bodrum-otel,BOD068,Selectum Colours Bodrum,Gümbet,False,2024-06-09 12:08:00,4.8,13412,CHECKIN_CHECKOUT,False,
selectum-colours-bodrum-otel,BOD068,Selectum Colours Bodrum,Gümbet,False,2024-06-09 12:08:00,4.8,13412,AIR_CONDITIONING,False,
selectum-colours-bodrum-otel,BOD068,Selectum Colours Bodrum,Gümbet,False,2024-06-09 12:08:00,4.8,13412,NOISE,False,
selectum-colours-bodrum-otel,BOD068,Selectum Colours Bodrum,Gümbet,False,2024-06-09 12:08:00,4.8,13412,FAMILY_CHILDREN,False,
selectum-colours-bodrum-otel,BOD068,Selectum Colours Bodrum,Gümbet,False,2024-06-09 12:08:00,4.8,13412,TRANSPORT_TRANSFER,False,
selectum-colours-bodrum-otel,BOD068,Selectum Colours Bodrum,Gümbet,False,2024-06-09 12:08:00,4.8,13412,MANAGEMENT_COMMUNICATION,False,
selectum-colours-bodrum-otel,BOD068,Selectum Colours Bodrum,Gümbet,False,2024-06-09 12:08:00,4.8,13412,SPA_WELLNESS,False,
selectum-colours-bodrum-otel,BOD068,Selectum Colours Bodrum,Gümbet,False,2024-06-09 12:08:00,4.8,13412,SAFETY_SECURITY,False,
yogun-idrar-kokusu-ve-yetersiz-temizlik-sikayeti,BOD012,Selectum Collection Bodrum,Akyarlar,False,2026-07-27 00:01:00,4.5,6514,STAFF_SERVICE,True,çalışan
yogun-idrar-kokusu-ve-yetersiz-temizlik-sikayeti,BOD012,Selectum Collection Bodrum,Akyarlar,False,2026-07-27 00:01:00,4.5,6514,CLEANLINESS_HYGIENE,True,temizlik|hijyen|temiz|koku
yogun-idrar-kokusu-ve-yetersiz-temizlik-sikayeti,BOD012,Selectum Collection Bodrum,Akyarlar,False,2026-07-27 00:01:00,4.5,6514,FOOD_BEVERAGE,False,
yogun-idrar-kokusu-ve-yetersiz-temizlik-sikayeti,BOD012,Selectum Collection Bodrum,Akyarlar,False,2026-07-27 00:01:00,4.5,6514,ROOM,True,oda değişikliği|tuvalet|lavabo|banyo|oda
yogun-idrar-kokusu-ve-yetersiz-temizlik-sikayeti,BOD012,Selectum Collection Bodrum,Akyarlar,False,2026-07-27 00:01:00,4.5,6514,BEACH_SEA,False,
yogun-idrar-kokusu-ve-yetersiz-temizlik-sikayeti,BOD012,Selectum Collection Bodrum,Akyarlar,False,2026-07-27 00:01:00,4.5,6514,POOL,False,
yogun-idrar-kokusu-ve-yetersiz-temizlik-sikayeti,BOD012,Selectum Collection Bodrum,Akyarlar,False,2026-07-27 00:01:00,4.5,6514,FACILITIES_MAINTENANCE,False,
yogun-idrar-kokusu-ve-yetersiz-temizlik-sikayeti,BOD012,Selectum Collection Bodrum,Akyarlar,False,2026-07-27 00:01:00,4.5,6514,RESERVATION,False,
yogun-idrar-kokusu-ve-yetersiz-temizlik-sikayeti,BOD012,Selectum Collection Bodrum,Akyarlar,False,2026-07-27 00:01:00,4.5,6514,PAYMENT_REFUND,True,ücret iadesi|iade
yogun-idrar-kokusu-ve-yetersiz-temizlik-sikayeti,BOD012,Selectum Collection Bodrum,Akyarlar,False,2026-07-27 00:01:00,4.5,6514,PRICE_VALUE,True,ödediğimiz|ücret
yogun-idrar-kokusu-ve-yetersiz-temizlik-sikayeti,BOD012,Selectum Collection Bodrum,Akyarlar,False,2026-07-27 00:01:00,4.5,6514,CHECKIN_CHECKOUT,False,
yogun-idrar-kokusu-ve-yetersiz-temizlik-sikayeti,BOD012,Selectum Collection Bodrum,Akyarlar,False,2026-07-27 00:01:00,4.5,6514,AIR_CONDITIONING,False,
yogun-idrar-kokusu-ve-yetersiz-temizlik-sikayeti,BOD012,Selectum Collection Bodrum,Akyarlar,False,2026-07-27 00:01:00,4.5,6514,NOISE,False,
yogun-idrar-kokusu-ve-yetersiz-temizlik-sikayeti,BOD012,Selectum Collection Bodrum,Akyarlar,False,2026-07-27 00:01:00,4.5,6514,FAMILY_CHILDREN,False,
yogun-idrar-kokusu-ve-yetersiz-temizlik-sikayeti,BOD012,Selectum Collection Bodrum,Akyarlar,False,2026-07-27 00:01:00,4.5,6514,TRANSPORT_TRANSFER,False,
yogun-idrar-kokusu-ve-yetersiz-temizlik-sikayeti,BOD012,Selectum Collection Bodrum,Akyarlar,False,2026-07-27 00:01:00,4.5,6514,MANAGEMENT_COMMUNICATION,True,bilgilendirme|yönetim
yogun-idrar-kokusu-ve-yetersiz-temizlik-sikayeti,BOD012,Selectum Collection Bodrum,Akyarlar,False,2026-07-27 00:01:00,4.5,6514,SPA_WELLNESS,False,
yogun-idrar-kokusu-ve-yetersiz-temizlik-sikayeti,BOD012,Selectum Collection Bodrum,Akyarlar,False,2026-07-27 00:01:00,4.5,6514,SAFETY_SECURITY,False,
