complaint_id,canonical_complaint_url,hotel_id,hotel_name,reply_order,reply_author_type,reply_date_raw,reply_text
yetersiz-yemek-ve-icecek-sikici-aksam-etkinlikleriyle-hayal-kirikligi,https://www.sikayetvar.com/azure-by-yelken-hotel/yetersiz-yemek-ve-icecek-sikici-aksam-etkinlikleriyle-hayal-kirikligi,BOD112,Azure By Yelken Hotel,1,COMPANY,4 Haziran 10:21,"Değerli Misafirimiz, 
Sizlere ulaşmaya çalışıyoruz. Sizlerde misafir ilişkileri ekibimiz ile iletişime geçebilirsiniz.
Saygılarımızla,"
yetersiz-yemek-ve-icecek-sikici-aksam-etkinlikleriyle-hayal-kirikligi,https://www.sikayetvar.com/azure-by-yelken-hotel/yetersiz-yemek-ve-icecek-sikici-aksam-etkinlikleriyle-hayal-kirikligi,BOD112,Azure By Yelken Hotel,2,USER,4 Haziran 16:05,Oteldeki bütün birimlere söyledik çözüm bulunamadı bir daha tercih etmeyeceğim.
yetersiz-yemek-ve-icecek-sikici-aksam-etkinlikleriyle-hayal-kirikligi,https://www.sikayetvar.com/azure-by-yelken-hotel/yetersiz-yemek-ve-icecek-sikici-aksam-etkinlikleriyle-hayal-kirikligi,BOD112,Azure By Yelken Hotel,3,USER,4 Haziran 16:07,Havuz da etkinlik yok otel çok sıkıcı bitse de gitsem diye bakıyorum. Yarın tatilim bitiyor bir daha gelmem
bendis-beach-otelde-dusakabin-cami-patladi-anne-ciddi-yaralandi-ve-iade-reddi,https://www.sikayetvar.com/bendis-beach-hotel/bendis-beach-otelde-dusakabin-cami-patladi-anne-ciddi-yaralandi-ve-iade-reddi,BOD004,Bendis Beach Hotel,1,COMPANY,8 Ağustos 12:02,"Sayın Gamze Hanım, 

Öncelikle 06.08.2026 tarihinde 222 numaralı odamızda yaşanan duşakabin camı kırılması olayı nedeniyle yaşadığınız korku ve endişeyi anladığımızı belirtmek isteriz. Böyle beklenmedik bir olayın özellikle banyo gibi kişinin kendisini güvende hissetmesi gereken bir alanda yaşanmasının siz ve anneniz açısından oldukça sarsıcı olabileceğinin farkındayız. Yaşanan olaydan dolayı üzüntümüzü ifade etmek isteriz.

Olayın hemen ardından teknik müdürümüz, güvenlik ekibimiz ve ilk yardım konusunda görevli personelimiz odaya yönlendirilmiş, gerekli kontroller ve müdahaleler gerçekleştirilmiştir. Yapılan teknik değerlendirmede duşakabin camının kullanım kaynaklı olarak kırıldığı görülmüş olup, olayın tesisimiz veya personelimizin doğrudan müdahalesinden kaynaklandığına ilişkin bir durum tespit edilmemiştir.

Olay sonrasında önceliğimiz, sizin ve annenizin kendinizi güvende hissetmeniz ve konaklamanızın mümkün olduğunca sorunsuz devam etmesiydi. Bu nedenle resepsiyon ekibimiz tarafından tarafınıza alternatif oda değişikliği teklif edilmiştir. Ancak aynı odada konaklamaya devam etmek istediğinizi belirtmeniz üzerine talebiniz doğrultusunda konaklamanız sürdürülmüştür.

Bununla birlikte, yaşanan olayın sizde oluşturduğu olumsuz deneyimi dikkate alarak ve tamamen misafir memnuniyeti anlayışımız doğrultusunda, normal koşullarda ücretsiz iade hakkı bulunmamasına rağmen kalan konaklama günlerinizin ücretinin iade edilebileceği tarafınıza iletilmiştir. Bu yaklaşımımız herhangi bir kusur veya sorumluluk kabulü anlamına gelmemekte, yaşanan durum sonrasında mağduriyetinizi azaltmaya yönelik iyi niyetli bir çözüm olarak sunulmuştur.

Ayrıca çıkış yapacağınız gün için normal çıkış saatinin ötesinde late check-out imkanı sağlanarak, otelden ayrılışınızı daha rahat gerçekleştirmeniz için tarafınıza kolaylık sunulmuştur.

Olayla ilgili güvenlik personelimiz tarafından gerekli tutanak da düzenlenmiştir. Tarafınıza tutanağın fotokopisinin verilebileceği bilgisi aktarılmış, ancak tutanağın fotoğrafının çekilmesinin tarafınızca tercih edildiği görülmüştür. Dolayısıyla olayın kayıt altına alınmadığı veya tutanağın tarafınızdan saklandığı yönündeki değerlendirmenin gerçeği yansıtmadığını belirtmek isteriz.

Ücret iadesi konusunda ise bir yanlış anlaşılmayı açıklığa kavuşturmak isteriz. Rezervasyonunuz acente/call center kanalı üzerinden gerçekleştirildiğinden, ödemenin tahsilatı, konaklama bedelinin hesaplanması ve iadenin tarafınıza aktarılması doğrudan tesisimiz tarafından yürütülen işlemler değildir. Otelimiz, kalan günlerin ücretinin iade edilmesi yönündeki onayını ilgili acenteye iletmiştir. İade tutarının hesaplanması ve ödemenin tarafınıza ne zaman aktarılacağı ise acentenin ödeme ve muhasebe süreçleri kapsamında ilerlemektedir.

Bu nedenle tarafınıza belirtilen günlük ücretler veya toplam iade tutarı konusunda tesisimizin keyfi bir kesinti uyguladığı düşüncesinin oluşmasını istemeyiz. Otelimiz tarafından iade konusunda gerekli onay verilmiş olup, ödemenin fiilen gerçekleştirilmesi ilgili acentenin sorumluluğundadır. Bu konudaki belirsizliğin de mümkün olan en kısa sürede giderilmesini temenni ediyoruz.

Alternatif oda konusunda da olay sonrasında tarafınıza oda değişikliği seçeneği sunulduğunu, ancak mevcut odada kalmaya devam etmenin tarafınızca tercih edildiğini tekrar belirtmek isteriz. Sonrasında otelden ayrılma kararınız da tarafınızın tercihi doğrultusunda gerçekleşmiştir.

Yemekler, genel alanlar ve hijyenle ilgili diğer değerlendirmelerinizi de ayrıca not ettiğimizi belirtmek isteriz. Bu hususların yaşadığınız olay sonrasında genel tatil memnuniyetinizi olumsuz etkilemiş olmasını anlayabiliyoruz. Bununla birlikte, bu konuların duşakabin olayı ile ayrı değerlendirilmesi gerektiğini düşünüyoruz.

Bizim açımızdan önemli olan, olayın ardından sizi ve annenizi yalnız bırakmamak ve mevcut koşullar içerisinde çözüm sunmaktı. Teknik ekip, güvenlik ve ilk yardım personelimizin olay yerine yönlendirilmesi, alternatif oda teklif edilmesi, late check-out kolaylığı sağlanması ve ayrıca kalan günler için ücret iadesi yönünde inisiyatif alınması bu yaklaşımımızın göstergesidir.

Yaşanan olayın sizde oluşturduğu korkuyu veya endişeyi küçümsemek gibi bir yaklaşımımız kesinlikle bulunmamaktadır. Ancak olay sonrasında gerekli müdahalelerin yapılmadığı veya ücret iadesi konusunda sizleri mağdur etmek amacıyla hareket edildiği yönündeki değerlendirmenizin, tarafımızca atılan adımlarla örtüşmediğini de belirtmek isteriz.

Son olarak, iade sürecinin tesisimiz tarafından onaylandığını; ancak ödemenin acente üzerinden gerçekleştirilecek olması nedeniyle tutar ve ödeme tarihi konusunda ilgili acenteden bilgi alınması gerektiğini tekrar hatırlatmak isteriz.

Yaşanan bu tatsız olayın tatil deneyiminizi olumsuz etkilemiş olmasından dolayı üzgün olduğumuzu belirtir, konunun ilgili taraflarca en kısa sürede ve sizin açınızdan da net olacak şekilde sonuçlandırılmasını dileriz.

Saygılarımızla, 

Bendis Beach Hotel Yönetimi
GRM Management"
sahilde-dus-ve-tuvalet-yok-tekrarlanan-yemekler-ve-kaba-personel,https://www.sikayetvar.com/bendis-beach-hotel/sahilde-dus-ve-tuvalet-yok-tekrarlanan-yemekler-ve-kaba-personel,BOD004,Bendis Beach Hotel,1,COMPANY,8 Ağustos 12:09,"Sayın Galip Bey, 

Öncelikle 13–19 Temmuz 2026 tarihleri arasındaki konaklamanız sonrasında deneyimlerinizi bizimle paylaşmış olmanız için teşekkür ederiz. Tatilinizden beklediğiniz memnuniyeti sağlayamamış olmanızdan dolayı üzgün olduğumuzu belirtmek isteriz. Bununla birlikte, ilettiğiniz bazı hususların tesisimizin sunduğu hizmetlerin kapsamı ve uygulamaları açısından açıklığa kavuşturulmasının faydalı olacağını düşünüyoruz.

Öncelikle sahil kullanımına ilişkin değerlendirmeniz hakkında; tesisimizin plaj kullanımına ilişkin sunduğu hizmetler, rezervasyon ve tanıtım kanallarında belirtilen tesis özellikleri doğrultusunda gerçekleştirilmektedir. Sahil alanımızda duş ve tuvalet bulunmaması, tesisimiz tarafından gizlenen veya misafirlerimize farklı şekilde sunulan bir hizmetin sonradan eksiltilmesi şeklinde değerlendirilmemelidir. Bununla birlikte, deniz kullanımının ardından misafirlerimizin Konfor ihtiyacının farkında olduğumuzu ve bu konudaki görüşünüzü ilgili birimlerimizle paylaşacağımızı belirtmek isteriz.

Yemeklerle ilgili olarak ise tesisimizde tüm yiyecek ve içecek hizmetleri belirlenmiş hazırlama, muhafaza ve servis prosedürleri çerçevesinde yürütülmektedir. Menüler içerisinde benzer ürünlerin farklı sunumlarla yer alması, özellikle belirli ürün gruplarında menü çeşitliliğinin sağlanmasına yönelik mutfak uygulamalarının bir parçasıdır. Ancak buradan hareketle önceki gün servis edilen ürünlerin farklı bir yemek adı altında misafirlere sunulduğu veya gıdaların hijyen kurallarına aykırı şekilde değerlendirildiği sonucuna varılması doğru değildir.

Özellikle “artan köftelerin ertesi gün farklı bir yemek olarak sunulduğu” yönündeki değerlendirmenizi kabul etmediğimizi belirtmek isteriz. Tesisimizde gıda güvenliği ve hijyen konusunda gerekli uygulamalar takip edilmekte, ürünlerin hazırlanması, saklanması ve servis edilmesi ilgili prosedürler doğrultusunda gerçekleştirilmektedir. Aynı şekilde kullanılan ürünlerin dondurulmuş olması tek başına ürünün kalitesiz veya hijyenik olmadığı anlamına gelmemektedir. Mutfak operasyonlarımızda kullanılan ürünler, tedarik ve saklama koşulları gözetilerek hazırlanmakta ve servis edilmektedir.

Garsonlarımızın iletişim tarzıyla ilgili görüşünüzü de ayrıca dikkate aldığımızı belirtmek isteriz. Misafirlerimize karşı saygılı, güler yüzlü ve çözüm odaklı bir iletişim kurulması, hizmet anlayışımızın temel unsurlarındandır. Konaklamanız sırasında bazı çalışanlarımızın iletişim tarzını beklentinizin altında bulmuş olmanız elbette bizim açımızdan dikkate alınması gereken bir geri bildirimdir. Bununla birlikte, tesisimizin genel personel yaklaşımının misafirlerimizi küçümsemek veya rahatsız etmek üzerine olduğunu düşünmenizi gerektirecek genel bir uygulama bulunmamaktadır.

ETS üzerinden gerçekleştirdiğiniz rezervasyonunuz kapsamında tesisimizi tercih etmiş olmanızdan dolayı, konaklamanızın beklentilerinizi karşılamamış olmasını elbette arzu etmezdik. Ancak tesisimizde sunulan hizmetlerin rezervasyon ve tanıtım kanallarında belirtilen kapsam doğrultusunda olduğunu ve konaklamanız sırasında tarafımıza doğrudan iletilen sorunların mümkün olduğunca çözülmesi için ilgili ekiplerimiz tarafından değerlendirildiğini belirtmek isteriz.

Misafir geri bildirimlerini tesisimizin hizmet kalitesini geliştirmesi açısından değerli buluyoruz. Bu kapsamda sahil kullanımına ilişkin görüşünüzü, yemek çeşitliliği konusundaki beklentinizi ve personel iletişimine ilişkin değerlendirmenizi ilgili departmanlarımızla paylaşacağız.

Bununla birlikte, tesisimizin gıda hijyeni kurallarına aykırı hareket ettiği, artan yemekleri uygunsuz şekilde yeniden servis ettiği veya misafirlerine sunulan ürünlerin güvenli olmadığı yönündeki iddiaların, yalnızca kişisel gözlem ve değerlendirmeler üzerinden kesin bir gerçeklik olarak ifade edilmesinin doğru olmadığını da belirtmek isteriz.

Yaşadığınız deneyimin beklentilerinizle örtüşmemiş olmasını anlıyor, geri bildiriminizi tesisimizin gelişimine katkı sağlayacak şekilde değerlendireceğimizi belirtmek istiyoruz. Her misafirimizin konaklamasından memnun ayrılmasını arzu ediyoruz; ancak tesisimizde sunulan hizmetlerin kapsamı ve uygulamalar konusunda da doğru bilginin paylaşılmasını önemsiyoruz.

Değerli geri bildiriminiz için teşekkür eder, bundan sonraki konaklamalarınızda beklentilerinizi karşılayan daha olumlu deneyimler yaşamanızı dileriz.

Saygılarımızla, 

Bendis Beach Hotel Yönetimi
GRM Management"
bendis-beach-akyarlar-otelinde-hijyen-ve-konfor-sorunlari,https://www.sikayetvar.com/bendis-beach-hotel/bendis-beach-akyarlar-otelinde-hijyen-ve-konfor-sorunlari,BOD004,Bendis Beach Hotel,1,USER,13 Temmuz 09:49,"Dalga mi geçiyorsunuz siz ya hangi standart Allah aşkına, Hindistan standartlarında bir otel orası her yere şikayet edeceğim sizi verdiğimiz para haram olsun"
bendis-beach-akyarlar-otelinde-hijyen-ve-konfor-sorunlari,https://www.sikayetvar.com/bendis-beach-hotel/bendis-beach-akyarlar-otelinde-hijyen-ve-konfor-sorunlari,BOD004,Bendis Beach Hotel,2,COMPANY,13 Temmuz 11:35,"Sayın Ceyda Hanım, 

Paylaşmış olduğunuz değerlendirmeniz tarafımızca okunmuştur.

Öncelikle belirtmek isteriz ki, tesisimizde tüm temizlik, hijyen ve gıda güvenliği uygulamaları ilgili mevzuat, uluslararası hijyen standartları ve düzenli denetimler doğrultusunda yürütülmektedir. Odalarımız her giriş öncesinde belirlenmiş kontrol prosedürlerine göre hazırlanmakta, ortak alanlar ve restoran bölümleri ise gün içerisinde düzenli olarak temizlenmektedir. İddia ettiğiniz şekilde genel bir hijyen sorununun bulunduğu yönündeki değerlendirmelerinizi kabul etmediğimizi belirtmek isteriz.

Konaklamanız süresince belirttiğiniz hususlarla ilgili olarak resepsiyon veya Misafir İlişkileri departmanımıza detaylı bir bildirimde bulunmadığınızı ifade etmişsiniz. Olası bir memnuniyetsizlik durumunda ekibimiz, misafirlerimizin konforunu sağlamak adına oda değişikliği dahil olmak üzere gerekli çözümleri sunmaktadır. Tarafımıza herhangi bir talep iletilmemesi nedeniyle, konaklamanız sırasında söz konusu iddiaların yerinde değerlendirilmesi ve anında çözüm üretilmesi mümkün olmamıştır.

Restoranımızda sunulan yiyecek ve içecekler, gıda güvenliği prosedürleri kapsamında hazırlanmakta ve düzenli kontrollerden geçirilmektedir. Servis ekipmanları ve restoran alanları da belirli periyotlarla temizlenmekte olup, tesisimiz bu konuda ilgili standartlara uygun şekilde faaliyet göstermektedir.

Tesisimizin hizmet kalitesi, her sezon binlerce misafirimizin geri bildirimleri doğrultusunda değerlendirilmekte olup, yorumunuzda yer alan değerlendirmelerin tesisimizin genel hizmet standardını yansıtmadığını düşünmekteyiz.

Bu doğrultuda, ücret iadesi talebinizi kabul etmediğimizi bilgilerinize sunar, görüşlerinizi bizimle paylaştığınız için teşekkür ederiz. 

Saygılarımızla, 
gram Management"
bendis-beach-akyarlar-otelinde-hijyen-ve-konfor-sorunlari,https://www.sikayetvar.com/bendis-beach-hotel/bendis-beach-akyarlar-otelinde-hijyen-ve-konfor-sorunlari,BOD004,Bendis Beach Hotel,3,USER,13 Temmuz 11:51,Otele yazılan olumlu yorumları da belli ki kendiniz yazıyorsunuz verdiğiniz her cevabin kopyala yapıştır olduğundan belli oluyor. Allah bir yerden çıkarır kardeş o aldığınız paraları dikkat edin mikroptan ölmeyin oralarda hadi selametle.
menu-cesitliligi-eksikligi-ve-lezzet-sorunu,https://www.sikayetvar.com/bendis-beach-hotel/menu-cesitliligi-eksikligi-ve-lezzet-sorunu,BOD004,Bendis Beach Hotel,1,USER,5 Haziran 13:32,Suyun Tadı o kadar acı ki ilaç gibi dişlerimizi fırçalarken bile artık zorlanıyoruz
menu-cesitliligi-eksikligi-ve-lezzet-sorunu,https://www.sikayetvar.com/bendis-beach-hotel/menu-cesitliligi-eksikligi-ve-lezzet-sorunu,BOD004,Bendis Beach Hotel,2,COMPANY,5 Haziran 17:11,"Değerli Misafirimiz, 

Öncelikle konaklamanız süresince yaşadığınız memnuniyetsizlikleri bizimle paylaştığınız için teşekkür ederiz. Görüşleriniz, hizmet kalitemizi geliştirebilmemiz adına bizim için önem taşımaktadır.

Yemek çeşitliliği ve lezzeti konusunda beklentilerinizi karşılayamamış olmaktan dolayı üzgün olduğumuzu belirtmek isteriz. Otelimizde misafir profiline uygun, geniş bir ürün yelpazesi sunulmaya çalışılmakta olup farklı günlerde farklı menüler hazırlanmaktadır. Bununla birlikte bazı ürün gruplarının farklı reçeteler ve sunumlarla yeniden değerlendirilmesi mutfak operasyonlarının doğal bir parçasıdır. Ancak yorumlarınız ilgili departman yöneticilerimizle paylaşılmış olup menü planlamalarında misafir geri bildirimleri dikkate alınmaya devam edilecektir.

Su ile ilgili belirtmiş olduğunuz konu hakkında da bilgi vermek isteriz. Tesisimizde kullanılan şebeke suyu, bölgedeki tüm işletmelerde olduğu gibi belediye tarafından sağlanan su altyapısından temin edilmektedir. Bu nedenle zaman zaman suyun tadına ilişkin algısal farklılıklar yaşanabilmektedir. Söz konusu durum otelimize özgü olmayıp bölgesel su kaynağının özelliklerinden kaynaklanmaktadır.

Misafirlerimizin konaklamaları boyunca en iyi deneyimi yaşamaları bizim için büyük önem taşımaktadır. Bu nedenle ilettiğiniz tüm görüşler değerlendirilmiş olup ilgili departmanlarımız tarafından gerekli kontroller ve değerlendirmeler yapılmaktadır.

Değerli geri bildiriminiz için tekrar teşekkür eder, sizi gelecekte yeniden ağırlama fırsatı bulmayı temenni ederiz.

Saygılarımızla, 

Bendis Beach Hotel Yönetimi"
balayi-cifti-olarak-rezervasyonumuz-karsilanmadi-eksik-iade-yapildi,https://www.sikayetvar.com/bendis-beach-hotel/balayi-cifti-olarak-rezervasyonumuz-karsilanmadi-eksik-iade-yapildi,BOD004,Bendis Beach Hotel,1,COMPANY,13 Temmuz 09:13,"Sayın Kubilay Bey, 

Paylaşmış olduğunuz değerlendirmeniz tarafımızca incelenmiştir.

Öncelikle belirtmek isteriz ki, tesisimizde **deniz manzaralı oda kategorisi bulunmamaktadır** ve otelimiz tarafından bu nitelikte herhangi bir oda satışı yapılmamaktadır. Bu nedenle, yorumunuzda belirttiğiniz deniz manzaralı oda talebinin otelimiz tarafından taahhüt edilmesi söz konusu değildir. Rezervasyonunuzu gerçekleştirdiğiniz aracı platform tarafından size farklı bir bilgilendirme yapılmış ise, bu hususun ilgili acente ile değerlendirilmesi gerekmektedir.

Konaklamanız başlamış, giriş işlemleriniz tamamlanmış ve tarafınıza oda tahsisi gerçekleştirilmiştir. Daha sonrasında kendi talebiniz doğrultusunda tesisten ayrılma kararı almış olmanız nedeniyle rezervasyon iptal süreci uygulanmıştır.

Konaklama sektöründe, giriş işlemleri tamamlandıktan sonra misafir tarafından gerçekleştirilen erken ayrılış veya rezervasyon iptallerinde, ilk gece konaklama bedelinin tahsil edilmesi standart uygulamalardan biridir. Bunun nedeni, odanın misafir adına tahsis edilmesi, rezervasyon süresince satışa kapatılması ve operasyonel planlamanın bu rezervasyona göre yapılmış olmasıdır. İlk geceye ilişkin ücret kesintisi, rezervasyon ve iptal koşulları kapsamında uygulanmakta olup konaklama sektöründe genel kabul gören bir prosedürdür.

Bu kapsamda, kullanılmayan konaklama bedelleri tarafınıza iade edilmiş, yalnızca ilk geceye ait ücret rezervasyon koşulları doğrultusunda mahsup edilmiştir. Dolayısıyla, ilk gece konaklama bedelinin ayrıca iade edilmesi yönündeki talebinizi kabul etmemiz mümkün değildir.

Bilgilerinize sunar, anlayışınız için teşekkür ederiz.
Saygılarımızla, 
Bendis Beach Hotel 
gram Management"
bendis-beach-hotel-hamam-sauna-sikayet,https://www.sikayetvar.com/bendis-beach-hotel/bendis-beach-hotel-hamam-sauna-sikayet,BOD004,Bendis Beach Hotel,1,USER,9 Eylül 2024 19:51,Misafir ilişkileri ile ilgilenen hanımefendiye teşekkür ediyorum çok iyi ilgilendi bizimle resepsiyonun yanındaki odası
iptal-edilen-rezervasyon-ucretinin-iadesi-surekli-erteleniyor,https://www.sikayetvar.com/bodrum-beach-resort/iptal-edilen-rezervasyon-ucretinin-iadesi-surekli-erteleniyor,BOD058,Bodrum Beach Resort,1,USER,12 Ağustos 08:52,Hala hiçbir şekilde iadem yatmadı ve iletişime geçen de olmadı
iptal-edilen-rezervasyon-ucretinin-iadesi-surekli-erteleniyor,https://www.sikayetvar.com/bodrum-beach-resort/iptal-edilen-rezervasyon-ucretinin-iadesi-surekli-erteleniyor,BOD058,Bodrum Beach Resort,2,USER,13 Ağustos 09:50,İademi sonunda bugün yatırdılar. Hakem Heyeti'ne yazdım bankadan harcama itirazı oluşturdum ve iademi ancak bugün yatırdılar
bodrum-beach-resortta-iptal-edilen-rezervasyonun-iadesi-28-gun-boyunca-gelmedi,https://www.sikayetvar.com/bodrum-beach-resort/bodrum-beach-resortta-iptal-edilen-rezervasyonun-iadesi-28-gun-boyunca-gelmedi,BOD058,Bodrum Beach Resort,1,USER,16 Ağustos 21:34,"Uzun bir aradan sonra iadem bugün yattı. Otelde kalmadığım için otelin hizmetleri hakkında yorum yapmıyorum ama benim gibi rezervasyon iptali yaptıysanız ödediğiniz ücreti geri alabilmek için ortalama en az 1/1,5 ay beklemeniz gerekebilir."
celeste-bella-luxury-hotel-spa-kirli-oda-faciasi,https://www.sikayetvar.com/celeste-bella-luxury-hotel-spa/celeste-bella-luxury-hotel-spa-kirli-oda-faciasi,BOD120,Celeste Bella Luxury Hotel & Spa,1,USER,28 Haziran 2024 14:41,Kahvaltı dahil olduğu için mi bilmiyorum tüm masalar doydu 1 saat bekletildikten sonra getirdiler kahvaltıyı o da hiç göze hitap etmeyen en ucuz peynirden oluşmuş bir kahvaltı tabağı zeytin ve söğüş tabağı daha kotu hizmet veren bir otelde hiç kalmamıştım
vaat-edilen-yetiskin-havuzu-ve-barin-cocuklarla-dolu-olmasi-nedeniyle-ucret-iadesi-talebi,https://www.sikayetvar.com/green-bay-resort-spa/vaat-edilen-yetiskin-havuzu-ve-barin-cocuklarla-dolu-olmasi-nedeniyle-ucret-iadesi-talebi,BOD103,Green Bay Resort & Spa Bodrum,1,USER,14 Ağustos 16:54,Tarafıma otel tarafından dönüş sağlanmadı. Rezalet asla önermem
green-bay-resort-spa-bodrumun-buyuk-hijyen-ve-temizlik-problemleri-video,https://www.sikayetvar.com/green-bay-resort-spa/green-bay-resort-spa-bodrumun-buyuk-hijyen-ve-temizlik-problemleri-video,BOD103,Green Bay Resort & Spa Bodrum,1,USER,31 Temmuz 17:39,"Hijyen ve temizlik gibi büyük sorunlar yaşanan otel, paramızı iade edilmesi konusunda bizden 1 gün kesinti yaptı."
irmak-boutique-hotel-saygisiz-ve-rencide-edici-davranis,https://www.sikayetvar.com/irmak-boutique-hotel/irmak-boutique-hotel-saygisiz-ve-rencide-edici-davranis,BOD124,Irmak Boutique Hotel,1,USER,25 Temmuz 09:10,İşletmenin belirgin görseli
kadikale-resort-otelinde-gurultulu-oda-ve-su-aritma-tesisinin-ustunde-konaklama,https://www.sikayetvar.com/kadikale-resort/kadikale-resort-otelinde-gurultulu-oda-ve-su-aritma-tesisinin-ustunde-konaklama,BOD113,Kadıkale Resort,1,USER,14 Temmuz 12:27,Etstur sorunumu çözdü
kadikale-resort-otel-camasirhanesinde-surekli-hijyen-ve-etik-sorunlari,https://www.sikayetvar.com/kadikale-resort/kadikale-resort-otel-camasirhanesinde-surekli-hijyen-ve-etik-sorunlari,BOD113,Kadıkale Resort,1,USER,16 Eylül 2025 13:53,"Eylül 2025’e kadar Kadıkale Resort Otel’de çamaşırhane personeli olarak iki yaz sezonu boyunca çalıştım. Bu süreçte, çamaşırhanede hem hijyen hem de çalışan davranışları açısından ciddi ve sürekli sorunlara şahit oldum. Özellikle plaj ve SPA havluları çoğu zaman yıkanmadan, yalnızca kurutma makinesinde kurutulup parfüm sıkılarak tekrar kullanıma sunuluyordu. İşlerin yoğun olduğu dönemlerde ise yüz ve banyo havluları, çarşaflar ve pikeler yetersiz şekilde, sadece soğuk suyla durulanıp müşterilere gönderiliyordu. Kirli çamaşırların konulduğu arabalara temiz çamaşırlar yerleştiriliyor, katlama sırasında pikeler ve çarşaflar yere, ayakkabıyla basılan yerlere temas ediyordu. Ütüleme esnasında da çarşaflar temiz olmayan yüzeylere değiyordu. Ayrıca bazı çalışanlar, yıkanmış ve müşteriye verilecek havlularla terlerini silip bu şekilde katlayarak teslim ediyordu. Bu sorunlar sadece yoğun dönemlerde değil, çalıştığım tüm süre boyunca devam etti. Çamaşırhanede hijyen kurallarına kesinlikle uyulmuyor ve bu durumdan çamaşırhane şefi s. T. Tamamen haberdar olmasına rağmen hiçbir önlem almıyor, müdahale etmiyordu. Ayrıca çamaşırhaneye üniforma almaya gelen kadınlar hakkında uygunsuz ve rahatsız edici konuşmalar yapılıyor, kamera sistemi kullanılarak kadınlar izleniyordu. Şef s. T. Ve oğlu, mesai saatleri içinde korsan taşımacılık yapıyor ve uygunsuz davranışlarda bulunuyordu. S*** t***.’nin çalışanlara ve çevresine karşı ileri derecede rahatsız edici söz ve davranışları oluyordu. Çamaşırhanede genellikle deneyimsiz, genç ve eğitimsiz kişiler çalıştırılıyor, işlerin büyük bir bölümü bu kişilere yaptırılıyordu. Bu hijyen ve etik sorunları yalnızca benim gözlemimle sınırlı değil; oteldeki hk departmanından da çamaşırların pis koktuğuna dair şikayetler gelmişti. Ancak biz çalışanların üst yönetimle doğrudan iletişim kurması yasaktı. Bu nedenle sorunlar sürekli olarak devam etti ve herhangi bir iyileştirme yapılmadı. Elimde bu yaşananları kanıtlayan videolar da mevcut. Tüm bu nedenlerle, Kadıkale Resort Otel yönetiminin acilen çamaşırhanede kapsamlı bir denetim yapmasını, hijyen ve çalışan davranışlarıyla ilgili gerekli tüm önlemleri almasını talep ediyorum. Otelin ve misafirlerin sağlığı açısından bu sorunların acilen giderilmesi gerekmektedir."
cikis-gunu-tesis-kullaniminda-ayrimcilik-ve-iletisim-sorunu,https://www.sikayetvar.com/kadikale-resort/cikis-gunu-tesis-kullaniminda-ayrimcilik-ve-iletisim-sorunu,BOD113,Kadıkale Resort,1,COMPANY,25 Ağustos 2025 12:22,"Merhabalar

tüm otellede giriş ve çıkış saati uygulaması yapılmaktdır

gırıs 14:00 çıkış 12:00 dır

munferıt bir üslup yanlısıgı yaşanmış ise özür dileriz

saygılarımla"
cikis-gunu-tesis-kullaniminda-ayrimcilik-ve-iletisim-sorunu,https://www.sikayetvar.com/kadikale-resort/cikis-gunu-tesis-kullaniminda-ayrimcilik-ve-iletisim-sorunu,BOD113,Kadıkale Resort,2,USER,25 Ağustos 2025 12:38,Merhaba transferi olan müşterilerle diğer müşfiklerin farkı nedir açıklama yapabilir misiniz
kadikale-resort-otelinde-beklentilerin-altinda-bir-deneyim,https://www.sikayetvar.com/kadikale-resort/kadikale-resort-otelinde-beklentilerin-altinda-bir-deneyim,BOD113,Kadıkale Resort,1,COMPANY,8 Haziran 2025 13:18,"Merhabalar
 tesis taahhüt ettiği tüm hizmetleri yerine getirmiştir geç kahvaltı tüm otellede aynı şekildedir menü daralır buklet malzemeleri sürdürülebilir turizn kapsamında kaldırılmış olup sabit sabuluk ve şampuan olarak kullanılması talimatı tesisilere gelmiştir. Otelimiz fiyat performans oteli olup alınan ücretin fazlası hizmet vermektedir"
kefaluka-resortta-ultra-her-sey-dahil-konseptinde-yiyecek-ve-havlu-eksikligi,https://www.sikayetvar.com/kefaluka-resort/kefaluka-resortta-ultra-her-sey-dahil-konseptinde-yiyecek-ve-havlu-eksikligi,BOD007,Kefaluka Resort,1,COMPANY,22 Ağustos 18:29,"Sayın Misafirimiz, 

Öncelikle tesisimizi tercih ettiğiniz için teşekkür ederiz. Tarafınızca iletilen bildirimler ilgili departmanlarımız tarafından incelenmiş olup, konuya ilişkin açıklamalarımız aşağıda bilgilerinize sunulmuştur.

Ultra Her Şey Dahil konseptimiz kapsamında tesisimizde gün içerisinde farklı saatlerde hizmet veren yiyecek noktaları bulunmaktadır. Pastane ve Teras Bar'da belirli saatlerde ikramlar sunulmakta, ayrıca 4 ayrı snack restoranımız 12:00–17:00 saatleri arasında yiyecek hizmeti vermektedir. Ana restoranımız ise 07:00–13:45 ve 19:00–21:30 saatleri arasında hizmet vermektedir. Dolayısıyla Ultra Her Şey Dahil konsepti kapsamında tesisimizde gün içerisinde farklı noktalardan yiyecek hizmeti sunulmaktadır.

Pastane bölümünde sunulan ikramların köpük tabak ile servis edilmesi ise havuz çevresinde cam ve kırılabilir servis ekipmanlarının kullanımının misafir güvenliği ve Health & Safety kuralları açısından uygun olmaması nedeniyle tercih edilen bir uygulamadır. Havuz çevresinde cam kırılması sonucu oluşabilecek yaralanma ve hijyen risklerinin önlenmesi amacıyla kırılabilir servis ekipmanlarının kullanımından kaçınılmaktadır. Pastane ürün ve ikram çeşitliliği ise tesisimizde uygulanmakta olan Ultra Her Şey Dahil konsepti kapsamında sunulmaktadır.

Havlu talebiniz ile ilgili yapılan değerlendirmede, tarafınıza havlu temin edildiği, ancak mevcut havlunun nemli olduğunu bildirmeniz üzerine yeni havluların temin edilmesinin beklendiği anlaşılmıştır. Bu süreçte tarafınıza yeni havluların temin edileceği ve dilerseniz bekleyebileceğiniz bilgisi verilmiştir. Dolayısıyla yaşanan durum, havlu hizmetinin sunulmaması şeklinde olmayıp, talebiniz doğrultusunda havlu değişimi ve yeni havluların temini sürecinde yaşanan kısa süreli operasyonel bir aksaklık niteliğindedir.

Şikâyetiniz, tesisimizde mevcut prosedürler doğrultusunda yürütülen şikayet yönetimi süreci kapsamında kayıt altına alınarak ilgili departmanlara iletilmiş olup, konu ilgili birimler tarafından takip edilmektedir. Misafir İlişkileri ekibimiz tarafından tarafınızla iletişim kurulmaya çalışılmış, ancak devam eden süreçte iletişim sağlanamamıştır.

Tarafınızca iletilen ücret iadesi talebi de ilgili birimlerimiz tarafından değerlendirilmiştir. Yapılan değerlendirmede, tesisimizde Ultra Her Şey Dahil konsepti kapsamında sunulması öngörülen hizmetlerin mevcut olduğu, bildirilen hususların ise hizmetin tamamen sunulmaması niteliğinde olmayıp geçici operasyonel aksaklıklar kapsamında değerlendirildiği görülmüştür. Bu doğrultuda, mevcut değerlendirmeler kapsamında konaklama bedelinin kısmen veya tamamen iadesini gerektiren bir durum oluşmadığı değerlendirilmiş olup, ücret iadesi talebinizin karşılanması yönünde bir işlem yapılamamıştır.

Tesisimizde misafirlerimize sunulan hizmetler belirlenen konsept ve operasyonel planlama doğrultusunda yürütülmekte olup, tarafınızca bildirilen hususlar ilgili departmanlarımız tarafından değerlendirilmiştir. Geri bildiriminiz için teşekkür eder, konaklamanızın geri kalanının memnuniyetiniz doğrultusunda devam etmesini dileriz.

Saygılarımızla

Kefaluka Resort 
Misafir İlişkileri Departmanı"
kefaluka-resortta-ultra-her-sey-dahil-konseptinde-yiyecek-ve-havlu-eksikligi,https://www.sikayetvar.com/kefaluka-resort/kefaluka-resortta-ultra-her-sey-dahil-konseptinde-yiyecek-ve-havlu-eksikligi,BOD007,Kefaluka Resort,2,USER,22 Ağustos 18:46,"Konu: Kefaluka Resort – Ücret İadesi Talebime Verilen Cevaba İtiraz ve resmi Başvuru Bildirimi

Sayın Kefaluka Resort Yetkilileri, 

Tarafıma göndermiş olduğunuz cevabı okudum. Ancak cevabınızın, konaklama süresince tarafımdan bildirilen sorunların tamamına cevap vermediğini ve mevcut durumun yalnızca “geçici operasyonel aksaklık” şeklinde nitelendirilmesinin gerçeği yansıtmadığını belirtmek isterim.

Öncelikle açıkça ifade ediyorum: Tarafımdan ödenen konaklama bedeli 271.000 TL’dir. Bu bedel karşılığında satın alınan hizmetin yalnızca tesis bünyesinde teorik olarak bazı hizmet noktalarının mevcut olup olmadığı üzerinden değerlendirilmesini kabul etmiyorum.

1. Ultra Her Şey Dahil konsepti

Cevabınızda farklı yiyecek noktalarının bulunduğunu belirterek Ultra Her Şey Dahil konseptinin yerine getirildiğini ifade etmişsiniz.

Ancak benim itirazım tesis içerisinde kağıt üzerinde hangi noktaların bulunduğu değildir. Esas mesele, tarafıma satılan ve bedeli ödenen hizmetin fiilen hangi kalite, çeşitlilik, süreklilik ve standartta sunulduğudur.

Bu nedenle “4 snack restoranımız bulunmaktadır” şeklindeki açıklamanız, tarafımdan bildirilen somut hizmet problemlerine tek başına cevap teşkil etmemektedir.

2. Karton ve sert plastik kullanımına ilişkin açıklamanız

Pastane bölümündeki köpük tabak kullanımını yalnızca havuz çevresindeki cam güvenliği ile açıklamışsınız.

Ancak burada özellikle belirtmek isterim ki tesis genelinde yalnızca havuz çevresinde değil, farklı alanlarda karton, mika ve sert plastik servis ekipmanlarının kullanıldığı tarafımdan gözlemlenmiştir.

Dolayısıyla “havuz çevresinde cam kullanılamaması” gerekçesiyle yapılan açıklamanız, tesis genelindeki uygulamayı açıklamamaktadır.

Eğer bu uygulama gerçekten yalnızca Health & Safety gerekçesiyle ve yalnızca havuz çevresine özgü ise, tesisin diğer alanlarında neden aynı veya benzer servis ekipmanlarının kullanıldığının da açıklanmasını bekliyorum.

3. Oda içerisindeki rutubet ve koku

Tarafımdan bildirilen odadaki rutubet ve koku problemi hakkında cevabınızda herhangi bir açıklama bulunmamaktadır.

Bu hususun cevabınızda tamamen karşılıksız bırakılmış olması özellikle dikkat çekicidir.

Konaklama hizmetinin en temel unsurlarından biri, misafire temiz, sağlıklı ve konaklamaya elverişli bir oda sunulmasıdır.

Bu nedenle;

* Oda içerisindeki rutubet ve koku iddiamın, 
* Bu durumun tesis tarafından tespit edilip edilmediğinin, 
* Odaya ilişkin teknik/housekeeping kayıtlarının, 
* Tarafımdan yapılan bildirimler"
kefaluka-resortta-ultra-her-sey-dahil-konseptinde-yiyecek-ve-havlu-eksikligi,https://www.sikayetvar.com/kefaluka-resort/kefaluka-resortta-ultra-her-sey-dahil-konseptinde-yiyecek-ve-havlu-eksikligi,BOD007,Kefaluka Resort,3,USER,22 Ağustos 18:55,"Konu: Kefaluka Resort – Ek Açıklama ve Oda Koşullarına İlişkin İtiraz

Sayın Kefaluka Resort Yetkilileri, 

Tarafıma göndermiş olduğunuz cevabınıza ek olarak özellikle bir hususun düzeltilmesini ve kayıt altına alınmasını istiyorum.

Konaklamam sırasında kaldığım odada rutubet ve belirgin koku problemi yaşadığımı tarafınıza bildirdim. Bu şikayetimin ardından tarafıma üst katlardan alternatif bir oda teklif edilmiştir.

Dolayısıyla bu husus yalnızca benim kişisel olarak ileri sürdüğüm ve tesis tarafından dikkate alınmamış bir iddia değildir. Şikayetim üzerine tarafınızca alternatif oda önerilmesi, mevcut odanın koşullarına ilişkin tarafımdan yapılan bildirimin tesisiniz tarafından dikkate alındığını açıkça göstermektedir.

Buna rağmen tarafıma gönderdiğiniz cevapta oda içerisindeki rutubet ve koku şikayetime tek bir açıklama dahi yapılmamıştır.

Bu durum özellikle dikkat çekicidir.

Eğer oda koşullarına ilişkin herhangi bir problem bulunmadığını düşünüyorsanız, tarafıma neden alternatif oda teklif edildiğinin açıklanmasını bekliyorum.

Ayrıca söz konusu oda değişikliği teklifinin;

* hangi personel tarafından yapıldığı, 
* hangi tarihte ve saatte kayıt altına alındığı, 
* tarafımdan yapılan şikayetin tesis sistemine nasıl işlendiği, 
* alternatif oda teklifinin hangi gerekçeyle yapıldığı, 
* mevcut odayla ilgili housekeeping veya teknik bir kayıt bulunup bulunmadığı

hususlarının incelenmesini talep ediyorum.

Bu nedenle önceki cevabınızda yer alan ve sorunların tamamını “geçici operasyonel aksaklık” olarak nitelendiren yaklaşımınızı kabul etmiyorum.

Özellikle 271.000 TL bedel ödenmiş bir konaklamada, oda koşulları, yiyecek-içecek hizmetleri, servis ekipmanları, havlu hizmeti ve tesis içerisindeki güvenlik uygulamaları gibi birden fazla başlıkta yaşanan sorunların her birinin ayrı ayrı değerlendirilmesi gerekir.

Tarafınızca gönderilen cevabın, oda içerisindeki rutubet ve koku sorununu tamamen cevapsız bırakması nedeniyle mevcut şikayet dosyamın bu husus da eklenerek yeniden değerlendirilmesini talep ediyorum.

Ayrıca tesis genelinde gözlemlediğim ve daha önce belirttiğim karton/mika/sert plastik servis ekipmanları ile açık yeşil alanlarda bulunan tüp ve tüp ekipmanlarına ilişkin fotoğraf ve video kayıtlarını da muhafaza etmekteyim.

Health & Safety gerekçesinin tarafıma yapılan açıklamalarda kullanılması nedeniyle, tesis genelindeki uygulamaların aynı güvenlik standartları açısından değerlendirilmesini de ilgili mercilerin takdirine bırakacağım.

Tarafıma veri"
guvenlik-sorunu-ve-aile-saldirisi-nedeniyle-tatil-iptali-ve-ucret-iadesi-talebi,https://www.sikayetvar.com/kefaluka-resort/guvenlik-sorunu-ve-aile-saldirisi-nedeniyle-tatil-iptali-ve-ucret-iadesi-talebi,BOD007,Kefaluka Resort,1,USER,21 Ağustos 02:14,Diğer bir misafir tanığın ifadesi. Tüm aileler haklı oldupumuzu sakinliğimizi koruduğumuzu söylerken otelin yanımızda olmaması üzücü. Elbette otel bir yargı mecrisi değil ama biraz daha duyarlı ve adil davranabilirdi :(
guvenlik-sorunu-ve-aile-saldirisi-nedeniyle-tatil-iptali-ve-ucret-iadesi-talebi,https://www.sikayetvar.com/kefaluka-resort/guvenlik-sorunu-ve-aile-saldirisi-nedeniyle-tatil-iptali-ve-ucret-iadesi-talebi,BOD007,Kefaluka Resort,2,COMPANY,22 Ağustos 20:07,"Sayın Misafirimiz, 

Tesisimize iletmiş olduğunuz şikayet ve talepleriniz, otel yönetimimiz ve hukuk müşavirliğimiz tarafından titizlikle incelenmiştir.

Yaşanan olaylara ilişkin tesisimizce yapılan değerlendirme, olayların gelişimi ve konuya dair açıklamalarımız ekte yer alan resmi yazımızda detaylı şekilde bilgilerinize sunulmuştur.

Saygılarımızla, 
Kefaluka Resort Otel Yönetimi"
guvenlik-sorunu-ve-aile-saldirisi-nedeniyle-tatil-iptali-ve-ucret-iadesi-talebi,https://www.sikayetvar.com/kefaluka-resort/guvenlik-sorunu-ve-aile-saldirisi-nedeniyle-tatil-iptali-ve-ucret-iadesi-talebi,BOD007,Kefaluka Resort,3,USER,23 Ağustos 04:35,"Sayın Kefaluka Resort ve Hukuk Müşavirliği,"
kefaluka-resortta-sahte-rezervasyon-ve-115-bin-tl-kayip,https://www.sikayetvar.com/kefaluka-resort/kefaluka-resortta-sahte-rezervasyon-ve-115-bin-tl-kayip,BOD007,Kefaluka Resort,1,COMPANY,14 Ağustos 21:05,"Değerli Misafirimiz, 

Öncelikle yaşadığınız mağduriyet nedeniyle üzüntümüzü belirtmek isteriz. Uzun bir yolculuk sonrasında rezervasyonunuzun tesis sistemimizde bulunmadığını öğrenmeniz ve konaklamanızı gerçekleştirebilmek için aynı tarihler için yeniden ödeme yapmak zorunda kalmanızın sizin açınızdan son derece zorlayıcı bir durum olduğunu anlıyoruz.

Bununla birlikte, yaşanan olayın tesisimiz tarafından gerçekleştirilmiş veya tesisimizin resmi rezervasyon kanalları üzerinden oluşturulmuş bir işlem olmadığını özellikle belirtmek isteriz. Tarafımıza ilettiğiniz bilgiler doğrultusunda işlemin, tesisimizin adı ve markası kullanılarak gerçekleştirilen sahte bir rezervasyon girişimi olduğu anlaşılmaktadır.

Kefaluka Resort olarak bu tür sahte rezervasyon ve dolandırıcılık girişimlerine karşı gerekli aksiyonları almaktayız. Tesisimizin adı kullanılarak yayımlanan ücretli sponsorlu reklamlar ve sahte yönlendirmeler tespit edildiğinde, ivedilikle bildirilmektedir ve ilgili sahte içeriklerin erişime engellenmesi için gerekli girişimler yapılmaktadır.

Ayrıca misafirlerimizin bu tür mağduriyetler yaşamaması amacıyla resmi Instagram hesabımız olan  üzerinde, sahte rezervasyonlara karşı uyarı niteliğindeki bilgilendirmemiz sabitlenmiş ilk gönderi olarak yayınlanmaktadır. Misafirlerimizin rezervasyon işlemlerini yalnızca tesisimizin doğrulanmış ve resmi iletişim kanalları üzerinden gerçekleştirmeleri konusunda düzenli olarak bilgilendirme yapılmaktadır.

Özellikle belirtmek isteriz ki, bu tür sahte rezervasyon girişimleri yalnızca tesisimize özgü bir durum değildir. Otel, havayolu, seyahat acentesi ve farklı turizm markalarının isimleri kullanılarak benzer yöntemlerle gerçekleştirilen dolandırıcılık vakaları sektör genelinde yaşanabilmektedir. Bu nedenle Google gibi arama motorlarında görülen ve resmi otel sitesi izlenimi veren üçüncü taraf internet siteleri veya telefon numaraları üzerinden işlem yapılması önemli riskler taşıyabilmektedir.

Yaşadığınız olayın ardından tarafınıza doğrudan bir yönetici tarafından yeterli bilgilendirme yapılmamış olmasından dolayı ayrıca üzgünüz. Olayın hukuki boyutu bulunduğu ve konuyla ilgili resmi mercilere başvuru yapıldığı için süreç hukuk birimlerimiz tarafından da takip edilmektedir. Bu durum, yaşadığınız mağduriyeti önemsemediğimiz anlamına gelmemektedir.

Ancak sahte rezervasyon işlemi tesisimizin sistemlerinde oluşturulmadığından ve ödemenin de tesisimizin resmi banka hesaplarına yapılmadığından, söz konusu 115.000 TL'lik ödemenin tesisimiz tarafından tahsil edilmiş bir konaklama bedeli olmadığını özellikle belirtmek isteriz. Bu nedenle ortaya çıkan maddi zararın doğrudan tesisimiz tarafından oluşturulduğu veya tesisimizin bu bedeli aldığı yönünde bir değerlendirme yapılması doğru olmayacaktır.

Bununla birlikte, yaşanan durumun ciddiyetinin farkındayız ve başka misafirlerimizin benzer bir mağduriyet yaşamaması için gerekli uyarı ve bildirim çalışmalarımızı sürdürmekteyiz. Tarafınızdan sunulan bilgi ve belgelerin de ilgili hukuki süreç kapsamında değerlendirilmesini önemsiyoruz.

Yaşadığınız mağduriyet için tekrar üzgün olduğumuzu belirtir, resmi kanallarımız dışında yapılan rezervasyon işlemlerinde misafirlerimizin son derece dikkatli olmalarını önemle rica ederiz.

Saygılarımızla, 
Kefaluka Resort
Misafir İlişkileri Ekibi"
kefaluka-resort-havuz-kenarlari-temizlenmiyor-bir-suru-sinekler-var-video,https://www.sikayetvar.com/kefaluka-resort/kefaluka-resort-havuz-kenarlari-temizlenmiyor-bir-suru-sinekler-var-video,BOD007,Kefaluka Resort,1,USER,3 Ağustos 08:31,Havuz kenarları pislik ten ve sinekten geçilmiyor tam 4 gündür buradayım defalarca söylememe rağmen temizlik yapan yok
kefaluka-resort-havuz-kenarlari-temizlenmiyor-bir-suru-sinekler-var-video,https://www.sikayetvar.com/kefaluka-resort/kefaluka-resort-havuz-kenarlari-temizlenmiyor-bir-suru-sinekler-var-video,BOD007,Kefaluka Resort,2,COMPANY,3 Ağustos 18:26,"Sayın Misafirimiz, 

Öncelikle görüşlerinizi bizlerle paylaştığınız için teşekkür ederiz.

Sıcak yaz aylarında açık alanlarda, özellikle de havuz çevresinde doğa kaynaklı sinek ve böcek hareketliliği mevsimsel koşullar gereği artış gösterebilmektedir. Ancak tesisimizde hijyen standartları en üst düzeyde tutulmakta olup, havuz çevresi ve genel kullanım alanları gün boyunca belirli periyotlarla ve düzenli olarak temizlik ekiplerimiz tarafından titizlikle temizlenmektedir. Ayrıca açık alanlarımızda periyodik ilaçlama çalışmaları da kesintisiz sürdürülmektedir.

Geri bildiriminizi ilgili departman yöneticilerimizle paylaştığımızı ve konunun takibinde olduğumuzu belirtmek isteriz. Tatilinizin kalan kısmını çok daha keyifli geçirmenizi dileriz.

Saygılarımızla, 

Misafir İlişkileri Departmanı
Kefaluka Resort"
kefaluka-otelde-unutulan-gozlugun-bulunamamasi-ve-guvenlik-ihmali,https://www.sikayetvar.com/kefaluka-resort/kefaluka-otelde-unutulan-gozlugun-bulunamamasi-ve-guvenlik-ihmali,BOD007,Kefaluka Resort,1,COMPANY,8 Temmuz 00:38,"Sayın Misafir, 

Kefaluka Resort’ta gerçekleştirdiğiniz konaklamanın ardından paylaştığınız geri bildiriminiz için teşekkür ederiz.

Çocuk havuzu kenarında unuttuğunuz güneş gözlüğünüz, bildiriminiz anından itibaren resmi kayıtlarımıza alınmış ve titizlikle yürütülen kamera/saha incelemelerimiz neticesinde bugün itibarıyla bulunarak Kayıp Eşya (Lost & Found) birimimizde koruma altına alınmıştır. Güvenlik kameralarının geriye dönük incelenmesi teknik bir süreç gerektirdiğinden, eşyanızın tespiti doğal olarak bugünü bulmuştur; dolayısıyla süreçte herhangi bir zafiyet ya da ilgisizlik söz konusu değildir.

Gözlüğünüzün bulunduğu bilgisini paylaşmak adına çıkış gününüzde ve bugün kayıtlı numaranızdan size ulaşılmaya çalışılmış, ancak aramalarımız yanıtsız kalmıştır.

Eşyanız tesisimizde güvenle muhafaza edilmektedir. Yarın gün içinde, teslimat detaylarını netleştirmek adına sizinle tekrar iletişime geçilecektir.

Saygılarımızla, 

Misafir İlişkileri Yönetimi"
kefaluka-otelde-unutulan-gozlugun-bulunamamasi-ve-guvenlik-ihmali,https://www.sikayetvar.com/kefaluka-resort/kefaluka-otelde-unutulan-gozlugun-bulunamamasi-ve-guvenlik-ihmali,BOD007,Kefaluka Resort,2,USER,9 Temmuz 15:17,"Evet sonunda nasıl olduysa bulunmuş orada 6 günde, gözlüğün sap kısımları sanki taş ile ezilmiş çizilmiş. Alici ödeme yoluyla 850 TL bedelle İstanbul'a gönderilmiş. Yazık sizin gibi 5 yıldızlı otele tanıdığın tanımadığım herkese aldığım hizmeti tavırınızı anlatacağım!"
kefaluka-resortta-cokmus-altyapi-ve-yetersiz-yonetim,https://www.sikayetvar.com/kefaluka-resort/kefaluka-resortta-cokmus-altyapi-ve-yetersiz-yonetim,BOD007,Kefaluka Resort,1,COMPANY,25 Haziran 12:02,"Sayın Misafirimiz, 
Tesisimizde gerçekleştirdiğiniz konaklama sürecinize ve dijital platformlar üzerinden paylaştığınız değerli geri bildirimlerinize ilişkin detaylar, yönetimimiz tarafından büyük bir titizlikle incelenmiştir.
Öncelikle tatiliniz sırasında yaşamış olduğunuz güneş yanığı rahatsızlığı nedeniyle geçmiş olsun dileklerimizi samimiyetle iletmek isteriz. Ortak kullanım alanlarımızdan fitness salonumuzda uygulanan kapalı spor ayakkabısı ve uygun spor kıyafeti zorunluluğu; sizlerin de takdir edeceği üzere yalnızca tesis içi basit bir kuraldan ibaret olmayıp, 6331 sayılı İş Sağlığı ve Güvenliği Kanunu, genel hijyen yönetmelikleri ve uluslararası emniyet standartları gereği tüm misafirlerimizin sağlığını ve can güvenliğini korumak adına tavizsiz uygulanması gereken yasal bir yükümlülüktür.
Sağlık durumunuz nedeniyle bu kuralların esnetilmesini talep ettiğiniz süreçte, sizleri spordan uzak bırakmamak ve tatil konforunuzu korumak adına Misafir İlişkileri ekibimiz son derece yapıcı bir yaklaşımla yaklaşmıştır. Bu doğrultuda, açık hava Yoga alanımızda kullanabileceğiniz size özel serbest ağırlıklar (dumbbell) ve taşınabilir spor ekipmanları alternatif bir çözüm olarak sunulmuş, ancak bu önerimiz kabul görmemiştir. Bununla birlikte, yapılan bilgilendirmelerin hemen akabinde, şahsınızın uygun spor kıyafetlerini ve kapalı spor ayakkabılarını giyerek fitness salonumuzu ziyaret ettiği, tesis imkanlarından herhangi bir sağlık konforu kaybı yaşamadan, rutin ve güvenli bir şekilde faydalandığı kronolojik hizmet kayıtlarımız ve departman tutanaklarımızla sabittir. Bu durum, paylaşımlarınızda yer alan mağduriyet iddialarının aksine, tesisimizin misafir güvenliğini ön planda tutarken hizmet sunmaya devam ettiğini göstermektedir.
Otelimiz, ""Ultra Her Şey Dahil"" konseptinde hizmet vermekte olup; ana restoranımızın yanı sıra gün boyu kesintisiz hizmet sunan snack restoranlarımız, pastanemiz ve alternatif yiyecek alanlarımızla öğle yemeği dahil tüm ikramlar uluslararası standartlarda eksiksiz şekilde misafirlerimize ulaştırılmaktadır. Bölgemizin kendine has coğrafi bir zenginliği olan Bodrum rüzgarını veya periyodik uluslararası denetimlerden başarıyla geçen altyapı ve asansör sistemlerimizi, kuralların uygulanmasına duyulan bir sitem nedeniyle ""yetersiz"" olarak nitelendirmenin objektif eleştiri sınırlarının ötesinde kaldığını üzülerek belirtmek isteriz.
Son olarak; görevlerini yasal mevzuata ve misafir memnuniyeti ilkelerine uygun olarak nezaketle yürüten çalışanlarımızın isimlerinin, rızaları olmaksızın dijital mecralarda açıkça zikredilerek hedef gösterilmesi, 6698 sayılı Kişisel Verilerin Korunması Kanunu (KVKK) kapsamında yasal bir ihlal niteliği taşımaktadır. Tesisimizin ticari itibarına ve özveriyle çalışan personellerimizin şahsi haklarına yönelik gerçekleştirilen bu haksız paylaşımlara karşı, her kurumsal işletme gibi tüm yasal haklarımızı saklı tuttuğumuzu bilgilerinize sunarız.
Yaşadığınız rahatsızlığın tekrar geçmiş olmasını diler, sağlıklı günler dileriz.
Saygılarımızla, 
Kefaluka Resort Yönetimi"
kefaluka-resortta-cokmus-altyapi-ve-yetersiz-yonetim,https://www.sikayetvar.com/kefaluka-resort/kefaluka-resortta-cokmus-altyapi-ve-yetersiz-yonetim,BOD007,Kefaluka Resort,2,USER,3 Temmuz 19:27,Restorant alanında öğlen yemeği var savınız bizzat sizin tabelalarınız ile doğrulanmazken aksini iddaa etmeniz ilginç bundan dolayı diğer doğru olmayan iddalariniza cevap vermeyi uygun görmedim.
kefaluka-otelinde-televizyon-arizasi-ve-vasat-yemek-hizmeti,https://www.sikayetvar.com/kefaluka-resort/kefaluka-otelinde-televizyon-arizasi-ve-vasat-yemek-hizmeti,BOD007,Kefaluka Resort,1,COMPANY,14 Haziran 16:58,"Değerli Misafirimiz, 

Öncelikle geri bildiriminizi bizimle paylaştığınız için teşekkür ederiz.

Konaklamanız sırasında beklentilerinizi tam olarak karşılayamamış olmaktan dolayı üzüntü duyduğumuzu belirtmek isteriz. Yemek çeşitliliği ve lezzet algısı kişisel tercihlere göre farklılık gösterebilmekle birlikte, yorumlarınızı ilgili departmanlarımızla paylaşacağımızdan emin olabilirsiniz.

A la carte restoranlarımızla ilgili olarak ise, konseptimiz gereği ücretsiz kullanım hakkı 5 gece ve üzeri konaklayan misafirlerimize sunulmaktadır. Bununla birlikte, misafir memnuniyetini ön planda tutarak zaman zaman inisiyatif kullanılarak farklı uygulamalar gerçekleştirilebilmektedir. Ancak bu durum tamamen restoranlarımızın müsaitlik durumuna bağlı olup garanti edilememektedir. Bu nedenle talep edilen tarihlerde yer bulunamaması söz konusu olabilmektedir.

Televizyonlarla ilgili yaşadığınız sorun konusunda kayıtlarımız incelendiğinde, tarafımıza yalnızca bir kez arıza bildirimi yapıldığı görülmektedir. İlgili talep teknik ekibimize iletilmiş ve gerekli kontroller gerçekleştirilmiştir. Konaklamanız süresince sorunun devam etmesi halinde tekrar bilgi verilmesi durumunda ek müdahale sağlanabilirdi. Bununla birlikte, yaşadığınız memnuniyetsizliği anlıyor ve geri bildiriminizi dikkate alıyoruz.

Yorumlarınız, hizmet kalitemizi geliştirmemiz açısından bizim için değerlidir. Görüşlerinizi paylaştığınız için tekrar teşekkür ederiz.

Saygılarımızla, 

Kefaluka Resort Bodrum Misafir İlişkileri Ekibi"
kefaluka-resort-hijyen-acisindan-endiselendirdi,https://www.sikayetvar.com/kefaluka-resort/kefaluka-resort-hijyen-acisindan-endiselendirdi,BOD007,Kefaluka Resort,1,COMPANY,13 Haziran 16:21,"Değerli Misafirimiz Barış Bey, 

Yorumunuzu üzülerek okuduk. Ancak paylaşımınızda yer alan bazı hususların gerçeği tam olarak yansıtmadığını belirtmek isteriz.

Çocuk oyun alanlarıyla ilgili tarafımıza ilettiğiniz geri bildiriminiz üzerine gerekli kontroller ilgili departmanlarımız tarafından gerçekleştirilmiştir. Yapılan incelemelerde, iddia ettiğiniz şekilde bir hijyen veya güvenlik sorunu tespit edilmemiştir. Çocuk alanlarımız düzenli bakım ve temizlik programları kapsamında kontrol edilmekte olup, misafirlerimizin güvenliği ve konforu konusunda taviz verilmemektedir.

A la carte restoranlarımızla ilgili olarak ise tüm rezervasyon süreçleri, misafirlerimize giriş sırasında ve bilgi materyallerimizde açıkça belirtilen kurallar doğrultusunda yürütülmektedir. Restoranlarımızın kullanım hakkı müsaitlik ve rezervasyon durumuna bağlıdır. Talebiniz üzerine ekibimiz sizlere yardımcı olmaya çalışmış, ancak ilgili gün için müsaitlik bulunmadığından alternatif seçenekler sunulmuştur. Bu durum misafirlerimizi zorlamak amacıyla değil, tüm misafirlerimize eşit hizmet verebilmek adına uygulanan standart operasyon prosedürüdür.

Sahil ve yiyecek-içecek hizmetleri konusunda ise tesisimizde belirlenmiş servis noktaları ve görevli ekiplerimiz bulunmaktadır. Yoğun dönemlerde kısa süreli beklemeler yaşanabilse de, misafirlerimizin hizmet alamadığı yönündeki değerlendirmenize katılmamaktayız.

Ayrıca konaklamanız sırasında görüşlerinizi bizimle paylaşmanız üzerine ilgili departman yöneticilerimiz tarafından konu değerlendirilmiş ve tarafınıza gerekli bilgilendirme yapılmıştır. Talebinizin karşılanamaması, konunun dikkate alınmadığı anlamına gelmemektedir.

Her misafirimizin görüşüne saygı duyuyor, hizmet kalitemizi geliştirmek adına tüm geri bildirimleri değerlendirmeye devam ediyoruz.

Saygılarımızla, 

Kefaluka Resort Bodrum Misafir İlişkileri Ekibi"
balayi-konseptinde-sunulan-haklarin-eksikligi-ve-ilgisiz-otel-yonetimi,https://www.sikayetvar.com/kefaluka-resort/balayi-konseptinde-sunulan-haklarin-eksikligi-ve-ilgisiz-otel-yonetimi,BOD007,Kefaluka Resort,1,COMPANY,19 Ekim 2025 21:23,"Sayın Misafirimiz, 

Konaklamanızla ilgili detaylı incelememiz tamamlanmıştır.
Belirtmiş olduğunuz konuların tamamı kayıtlar, sistem raporları ve kamera görüntüleri üzerinden değerlendirilmiştir.

Öncelikle, otelimiz doğayla iç içe bir konumda yer almakta olup bu durum açıkça hem tanıtım materyallerinde hem de rezervasyon öncesi tüm platformlarda belirtilmektedir. Konumdan kaynaklı erişim koşulları, tesisimizin doğa temalı yapısının doğal bir sonucudur.

Hizmet kalitemiz, misafir değerlendirmeleriyle de açık biçimde görüleceği üzere, bölgemizdeki en yüksek standarttadır.

Minibarınız 07.10, 08.10 ve 09.10 tarihlerinde yenilenmiştir. 10.10 ve 11.10 tarihlerinde ise kapınızda dnd (Rahatsız Etmeyiniz) kartı bulunduğundan oda servisi yapılmamıştır. Çıkış günü yapılan son kontrolde sıvı sabun dolumunun eksiksiz şekilde tamamlandığı tespit edilmiştir.

Banyonuzla ilgili teknik ekibimiz tarafından yapılan incelemede herhangi bir akıntı veya arıza tespit edilmemiştir. “Banyo göl gibiydi” ifadesi mevcut bulgularla örtüşmemektedir.

Ana restoran saatlerinde kısa süreli yoğunluk yaşanabilmektedir; bu durum tüm büyük tesislerde görülen olağan bir süreçtir. Ayrıca tarafınıza tahsis edilen oda, ana restoran bölgesine en yakın konumlardan biridir.

A La Carte restoran konusuna gelince; rezervasyon esnasında her iki misafir de Misafir İlişkileri Departmanımızda bulunmaktaydı. Bu sırada, “masa fark etmez, yeter ki restoranda yerimiz olsun” şeklinde bir beyanda bulunulmuştur. Buna rağmen, akşam yemeği öncesinde tarafınıza farklı masa alternatifleri de sunulmuş, ancak bu seçenekler kabul edilmemiştir.
Size ayrılan masa, çam kenarında, açık manzaralı ve iki kişi olmanıza rağmen dört kişilik olarak ö. Şekilde düzenlenmiştir.

Personelimizin hiçbir aşamada kaba ya da ilgisiz davrandığına dair herhangi bir kanıt bulunmamaktadır. Tüm süreç boyunca ekip, çözüm üretmek ve sizi memnun etmek adına azami çabayı göstermiştir.

Tarafımıza ilettiğiniz “ücretsiz konaklama uzatımı” talebiniz, yaşanan durumların gerçeğe dayalı olmadığı kanaatiyle uygun bulunmamıştır.
Konaklamanız boyunca personelimize yönelik haksız ithamların yanı sıra, odada içeceklerin yere döküldüğü ve düzenin bozulduğu da kayıt altına alınmıştır. Bu durum, tesis kurallarımıza açıkça aykırıdır.

Yaşanan memnuniyetsizliğinizin otel kaynaklı olmadığı net şekilde tespit edilmiştir. Bu nedenle, tarafımızdan herhangi bir telafi uygulaması yapılmayacaktır.

Saygılarımızla, 
Kefaluka Resort Yönetimi"
kefaluka-resort-balayi-tatilimizde-buyuk-hayal-kirikligi-hizmet-ve-ilgi-sifir,https://www.sikayetvar.com/kefaluka-resort/kefaluka-resort-balayi-tatilimizde-buyuk-hayal-kirikligi-hizmet-ve-ilgi-sifir,BOD007,Kefaluka Resort,1,COMPANY,12 Ekim 2025 14:17,"Sayın Misafirimiz, 

Konaklamanızla ilgili detaylı incelememiz tamamlanmıştır.
Belirtmiş olduğunuz konuların tamamı kayıtlar, sistem raporları ve kamera görüntüleri üzerinden değerlendirilmiştir.

Öncelikle, otelimiz doğayla iç içe bir konumda yer almakta olup bu durum açıkça hem tanıtım materyallerinde hem de rezervasyon öncesi tüm platformlarda belirtilmektedir. Konumdan kaynaklı erişim koşulları, tesisimizin doğa temalı yapısının doğal bir sonucudur.

Hizmet kalitemiz, misafir değerlendirmeleriyle de açık biçimde görüleceği üzere, bölgemizdeki en yüksek standarttadır.

Minibarınız 07.10, 08.10 ve 09.10 tarihlerinde yenilenmiştir. 10.10 ve 11.10 tarihlerinde ise kapınızda dnd (Rahatsız Etmeyiniz) kartı bulunduğundan oda servisi yapılmamıştır. Çıkış günü yapılan son kontrolde sıvı sabun dolumunun eksiksiz şekilde tamamlandığı tespit edilmiştir.

Banyonuzla ilgili teknik ekibimiz tarafından yapılan incelemede herhangi bir akıntı veya arıza tespit edilmemiştir. “Banyo göl gibiydi” ifadesi mevcut bulgularla örtüşmemektedir.

Ana restoran saatlerinde kısa süreli yoğunluk yaşanabilmektedir; bu durum tüm büyük tesislerde görülen olağan bir süreçtir. Ayrıca tarafınıza tahsis edilen oda, ana restoran bölgesine en yakın konumlardan biridir.

A La Carte restoran konusuna gelince; rezervasyon esnasında her iki misafir de Misafir İlişkileri Departmanımızda bulunmaktaydı. Bu sırada, “masa fark etmez, yeter ki restoranda yerimiz olsun” şeklinde bir beyanda bulunulmuştur. Buna rağmen, akşam yemeği öncesinde tarafınıza farklı masa alternatifleri de sunulmuş, ancak bu seçenekler kabul edilmemiştir.
Size ayrılan masa, çam kenarında, açık manzaralı ve iki kişi olmanıza rağmen dört kişilik olarak ö. Şekilde düzenlenmiştir.

Personelimizin hiçbir aşamada kaba ya da ilgisiz davrandığına dair herhangi bir kanıt bulunmamaktadır. Tüm süreç boyunca ekip, çözüm üretmek ve sizi memnun etmek adına azami çabayı göstermiştir.

Tarafımıza ilettiğiniz “ücretsiz konaklama uzatımı” talebiniz, yaşanan durumların gerçeğe dayalı olmadığı kanaatiyle uygun bulunmamıştır.
Konaklamanız boyunca personelimize yönelik haksız ithamların yanı sıra, odada içeceklerin yere döküldüğü ve düzenin bozulduğu da kayıt altına alınmıştır. Bu durum, tesis kurallarımıza açıkça aykırıdır.

Yaşanan memnuniyetsizliğinizin otel kaynaklı olmadığı net şekilde tespit edilmiştir. Bu nedenle, tarafımızdan herhangi bir telafi uygulaması yapılmayacaktır.

Saygılarımızla, 
Kefaluka Resort Yönetimi"
kefaluka-resort-balayi-tatilimizde-buyuk-hayal-kirikligi-hizmet-ve-ilgi-sifir,https://www.sikayetvar.com/kefaluka-resort/kefaluka-resort-balayi-tatilimizde-buyuk-hayal-kirikligi-hizmet-ve-ilgi-sifir,BOD007,Kefaluka Resort,2,USER,12 Ekim 2025 14:51,"Ben misafirler için yazıyorum inan ki yazdıklarımın hepsi doğru. Sıvı sabun günlerce doldurulmadı biz söylemeden. Aşağı arayıp da dolduruldu. Biz ellerimizi banyodaki şampuanla yıkadık. Mini bar asla yenilenmedi. Sadece 1 kez yenilendi odada su bile yok raporlarınızı kayıtlarınızı yanlış tutmuşsunuz ya da tutmamışsınız çoğu konuda birbirinizden haberiniz olmadığı gibi bu konuda da birbirinizden haberiniz yok. Ya da anlamak istemiyor. Ben A*** hanımdan teyit almak için soru yöneltirken sözünü kesiyor A*** hanımı konuşturmadı ve en sonunda masadan kalkıp gitti. Bugün çıkış için ayrılırken resepsiyon, misafir ilişkileri sizinle görüşmek istiyor dedi k*** bey buyurun benimle görüşmek istemişsiniz dedi hayır resepsiyon sizin görüşmek istediğinizi söyledi dedim ve yazdığım şikayetlerden konuyu açtı buradan ne kadar değişik olduklarını anlayabilirsiniz. Sizinle de asla görüşmek istemiyoruz zaten konuşmak istemediğimi bile yüzünüze de belirttim. Biz buraya kavgaya gelmedik balayı tatiline geldik keşke gelmeseydik. Biz bu sabah 5,5 gibi susuzluktan telefon açmak zorunda kaldık dolapta kalan son 1 gazozu içmek zorunda kaldık ilk önce. Odaya kırmızı yazıyı asmıyoruz ki temizliğe geliniyor o zaman yarım yamalak olan temizliğinizi de yapamazdınız. Bizim su için kaç defa aradığımızı bir kontrol edin edebiliyorsanız onu da tabii. İnsanız ya bir su içiyoruz bir yemek yiyoruz ihtiyaç olarak onu bile karşılayamıyorsunuz. Temizliğe gelinip mini bar doldurulmadı üstüne basa basa tekrar ediyorum. Biz sizden ne kola ne gazoz ne bira istiyoruz odaya su koyun yeterli.
Banyo konusunda bizim en az 2 ya da 3 kez aradığımız benim hatırladığım. Banyo tamamen göl gibiydi kesinlikle doğru teknik ekibinizle görüşün ben görmedim ama 2 ayrı kişi görmüş olmalı ben odadaydım hazırlandığım için konuşamadım. Bir de bizi yalancı konumuna mı sokacaksınız midem bulandı artık bu otelden bir an önce kurtulmak istiyorum. Oteldeyiz mümkünse müdür k*** beyin yöneticisi ya da üstü birisiyle görüşüp şikayette bulunmak istiyoruz. Bu kadarına pes artık inanılır gibi değilsiniz. Resmen dalga geçiyor bizimle."
kefaluka-resort-balayi-tatilimizde-buyuk-hayal-kirikligi-hizmet-ve-ilgi-sifir,https://www.sikayetvar.com/kefaluka-resort/kefaluka-resort-balayi-tatilimizde-buyuk-hayal-kirikligi-hizmet-ve-ilgi-sifir,BOD007,Kefaluka Resort,3,USER,12 Ekim 2025 15:00,Gerçeğe dayalı olmamak? Komik. Hepsi hayal ürünüydü. Siz bizim aklımızla dalga mı geçiyorsunuz? Başka bir kelime karşılığınız yok. Biz telafi ya da özür istediğimizi açıkça belirttik. Özür dilemediniz ben her yere her yaptığınızı yazmaya devam edeceğim
kefaluka-resort-balayi-tatilimizde-buyuk-hayal-kirikligi-hizmet-ve-ilgi-sifir,https://www.sikayetvar.com/kefaluka-resort/kefaluka-resort-balayi-tatilimizde-buyuk-hayal-kirikligi-hizmet-ve-ilgi-sifir,BOD007,Kefaluka Resort,4,COMPANY,12 Ekim 2025 18:05,"Sayın Misafirimiz, 

Yorumunuzu ve ilave açıklamanızı dikkatle okuduk.
Otelimizde konakladığınız süre boyunca tüm hizmet süreçleriniz, kayıtlar ve departman raporları üzerinden yeniden incelenmiştir.

Tarafınızdan bahsedilen minibar, temizlik ve teknik konuların her biri sistemde zaman ve personel kaydıyla birlikte bulunmaktadır. Minibar yenileme işlemi 07.10, 08.10 ve 09.10 tarihlerinde yapılmıştır; 10.10 ve 11.10 tarihlerinde ise kapınızda “Rahatsız Etmeyiniz” içinde

Teknik Servis ekibimiz tarafından odanızda yapılan kontrollerde herhangi bir su kaçağı, arıza ya da banyo taşması tespit edilmemiştir. “Banyo göl gibiydi” ifadesiyle ilgili somut bir bulguya rastlanmamıştır.

Misafir İlişkileri Departmanımız ve yöneticilerimiz, konaklamanız süresince sizinle iletişim kurmaya ve çözüm üretmeye çalışmıştır. Görüşmeler sırasında size ve eşinize karşı herhangi bir saygısızlık veya olumsuz tutum kesinlikle sergilenmemiştir. Tüm ekip, otel standartları gereği misafirlere daima saygılı bir şekilde hizmet verir.

Bununla birlikte, kişisel memnuniyetsizliklerinizi “yalan beyanda bulunma” veya “kasıtlı yanlış tutum” gibi iddialarla personelimize yöneltmeniz kabul edilemez. Bu tür ithamlar gerçeği yansıtmamaktadır.
Otelimizde her misafire eşit, şeffaf ve kayıt altına alınan hizmet sunulmaktadır; hiçbir işlem keyfi değildir.

Tüm bu bilgiler ışığında, tarafımızca herhangi bir ihmal ya da kusur tespit edilmemiştir.
Dolayısıyla tarafımıza yönelttiğiniz ağır ve gerçeğe dayanmayan ifadeleri reddediyoruz.

Otelimiz, her zaman olduğu gibi, gerçek misafir memnuniyetine dayalı hizmet anlayışını sürdürecektir.

Saygılarımızla,
Kefaluka Resort Yönetimi"
kefaluka-resort-balayi-tatilimizde-buyuk-hayal-kirikligi-hizmet-ve-ilgi-sifir,https://www.sikayetvar.com/kefaluka-resort/kefaluka-resort-balayi-tatilimizde-buyuk-hayal-kirikligi-hizmet-ve-ilgi-sifir,BOD007,Kefaluka Resort,5,USER,12 Ekim 2025 18:14,Kayıt oluşturulmuş peki çözümlenmiş mi? Yaptığınız hataları kabul etseniz artık. Özür dilemeniz gerekirken yalan yanlış bilmeden yazıyorsunuz. Hakkımızı size helal etmiyoruz. Bir taraf doğruyu söylemiyor demek ki çatıştığımıza göre. Size mini bar doldurulmadı diyorum ne diye uzatabilirim bu konuyu. Büyük harflerle yazıyorum buraya tüm kamu görsün. Ve tarih belirtiyorsunuz yazık size. Biz tatil boyunca elimizden geldiğince derli toplu ve tertemiz tuttuk odayı 1 hafta boyunca odaya su bile koymayan otel için miymiş yanlış yapmışız keşke bu kadar iyi niyetli yaklaşmasaymışız
kefaluka-resort-balayi-tatilimizde-buyuk-hayal-kirikligi-hizmet-ve-ilgi-sifir,https://www.sikayetvar.com/kefaluka-resort/kefaluka-resort-balayi-tatilimizde-buyuk-hayal-kirikligi-hizmet-ve-ilgi-sifir,BOD007,Kefaluka Resort,6,USER,14 Ekim 2025 01:59,Müşteri ilişkileri müdürü k*** beyin balayı misafirimiz için seçtiğimiz en güzel en manzaralı masa diyerek aklımızla alay ettiği kendi reklamlarında bile fotoğraflarda gözükmeyen duvar kenarındaki masa. Bizimle açıkça dalga geçiyor fotoğrafta ok işareti ile göstermeye çalıştığım en kör noktadaki en tercih edilmeyen masayı bize en özel masa demesi kabul edilemez. Otel yönetiminin geri dönüşünü bekliyor olacağım.
otel-odasinda-kapi-calmadan-girilmesi-mahremiyetimi-zedeledi,https://www.sikayetvar.com/kefaluka-resort/otel-odasinda-kapi-calmadan-girilmesi-mahremiyetimi-zedeledi,BOD007,Kefaluka Resort,1,COMPANY,12 Ekim 2025 18:47,"Sayın Misafirimiz, 

Öncelikle yaşadığınız deneyim için üzüntülerimizi belirtmek isteriz. Otelimizde, misafirlerimizin mahremiyeti ve güvenliği her zaman önceliğimizdir ve standart prosedürlerimiz doğrultusunda temizlik hizmetleri, misafirlerimizin konforunu aksatmayacak şekilde yürütülmektedir. 11.10.2025 tarihinde yaşanan istem dışı durum, kesinlikle alışılmış uygulamalarımızın dışında gerçekleşmiştir. İlgili personelimize gerekli uyarılar yapılmış ve benzer bir durumun tekrar yaşanmaması için tüm önlemler alınmıştır.

Yaşadığınız olumsuz deneyimi telafi etmek amacıyla konaklamanız süresince ücretsiz geç çıkış hakkı sağlanmıştır. Mahremiyetiniz ve güvenliğiniz bizim için son derece önemlidir; bu nedenle, benzer bir durumun tekrar yaşanmaması için tüm süreçlerimizi gözden geçirdik.

Sizi tekrar otelimizde ağırlamayı ve çok daha güvenli, huzurlu bir konaklama deneyimi sunmayı temenni ederiz.

Saygılarımızla, 
Kefaluka Resort Yönetimi"
hijyen-ve-guvenlik-sorunlari-nedeniyle-hayal-kirikligi-yaratan-tatil-deneyimi,https://www.sikayetvar.com/kefaluka-resort/hijyen-ve-guvenlik-sorunlari-nedeniyle-hayal-kirikligi-yaratan-tatil-deneyimi,BOD007,Kefaluka Resort,1,COMPANY,20 Ağustos 2025 17:34,"Sayın Misafirimiz, 

Görüşlerinizi bizimle paylaştığınız için teşekkür ederiz. Öncelikle, konaklamanız sırasında yaşadığınız deneyimin beklentilerinizi karşılamamış olmasından dolayı üzüntü duyduğumuzu belirtmek isteriz.

Belirtmiş olduğunuz konularla ilgili kayıtlarımız incelendiğinde, üç günlük konaklamanız boyunca odanıza her gün düzenli olarak temizlik hizmeti verildiği görülmektedir. Ayrıca tarafınızdan iki kez ekstra temizlik talebi alınmış olup, görevli personelimiz odaya gittiğinde tarafınızca “daha sonra gelin” denilerek temizlik ertelenmiştir.

Teknik veya temizlik ile ilgili bildirdiğiniz her konuya, departmanlarımız tarafından anında müdahale edilmiş ve gerekli işlemler yapılmıştır. Bunun yanı sıra, tarafınızla iki kez yüz yüze görüşme talebimiz ne yazık ki karşılanmamıştır. Odanızla ilgili şikayetiniz üzerine tarafınıza oda değişikliği seçeneği de sunulmuş, ancak bu teklif tarafınızca kabul edilmemiştir.

İlk giriş yaptığınız gün, oda ile ilgili memnuniyetsizliğinizi Misafir İlişkileri ekibimizle paylaştığınızda, çalışanımıza telefonda yüksek sesle hitap etmiş olmanız ise üzüntüyle not edilmiştir.

Tüm bu süreçte ekibimiz, konforlu bir konaklama geçirmeniz için gereken desteği sağlamış ve her türlü çözümü sunmuştur. Misafirlerimizin memnuniyeti her zaman önceliğimizdir; geri bildiriminizi hizmet standartlarımızı geliştirme yönünde dikkate aldığımızı bilmenizi isteriz.

Saygılarımızla, 
Kefaluka Resort Misafir İlişkileri"
yemek-saatleri-bilgilendirilmemesi-ve-cocuklu-aileler-icin-yetersiz-karsilama,https://www.sikayetvar.com/kefaluka-resort/yemek-saatleri-bilgilendirilmemesi-ve-cocuklu-aileler-icin-yetersiz-karsilama,BOD007,Kefaluka Resort,1,USER,8 Ağustos 2025 20:33,"Adil yaklaşım derken 11'den itibaren otelinize gelebilecekken 16:30'da giriş yaptık ve mevcut haklarımızdan zaten yararlanmadık. Savunma yapıp size bir buket verdik diyorsunuz orada yoldan gelmiş insanların 20 dakika sonra restoranların kapatacağını ikaz Edip önce restorana geçer misiniz demek neden aklınıza gelmedi, 10 dakika içerisinde makinalı tüfek gibi her şeyi arka arkaya sıralarken buna dikkat etmemizi beklemekten ziyade yanımızda küçük çocuğumuz varken sizin bu uyarıyı yapacak tecrübeye sahip olmanızı beklerdim. Hadi bu aklınıza gelmedi peki Otelinizde on'a yakın restoran varken küçük çocuğuyla yoldan gelmiş insanlara sizin için ne hazırlatalım demek sanırım size adaletsiz geldi. Ücretini aldığınız bir hizmetin nezaket içinde karşılığını vermek kalite göstergesidir."
yemek-saatleri-bilgilendirilmemesi-ve-cocuklu-aileler-icin-yetersiz-karsilama,https://www.sikayetvar.com/kefaluka-resort/yemek-saatleri-bilgilendirilmemesi-ve-cocuklu-aileler-icin-yetersiz-karsilama,BOD007,Kefaluka Resort,2,COMPANY,9 Ağustos 2025 10:48,"Değerli Misafirimiz, 

Öncelikle görüşlerinizi bizimle paylaştığınız için teşekkür ederiz. Konaklamanız sırasında yaşadığınız memnuniyetsizliği üzüntüyle karşıladığımızı belirtmek isteriz.

Sabah 08:00’den gece 00:00’a kadar açık olan Teras Barımızda tatlı ve atıştırmalık ikramlarımız, içecek çeşitlerimiz her zaman hazırdır. Bu alanımızdan, oda teslim saatinizi beklerken faydalanmanız mümkündür.

Küçük çocuğunuzdan bahsederek yaşadığınız durumu özellikle dile getirmenizi anlıyoruz; ancak personelimiz, aynı anda pek çok süreci yönetmekte ve tüm misafirlerimize adil yaklaşmaya özen göstermektedir. Restoranlarımızın kapanış saatleri bellidir ve bu saatler içinde yönlendirme yapılması için azami gayret gösterilmektedir.

Görüşleriniz tarafımızca değerlendirilmiş olup, operasyon süreçlerimiz belirlenmiş standartlar çerçevesinde devam etmektedir. Sizleri tekrar ağırlamaktan memnuniyet duyarız.

Saygılarımızla, 
Kefaluka Resort Bodrum
Misafir İlişkileri Departmanı"
yemek-saatleri-bilgilendirilmemesi-ve-cocuklu-aileler-icin-yetersiz-karsilama,https://www.sikayetvar.com/kefaluka-resort/yemek-saatleri-bilgilendirilmemesi-ve-cocuklu-aileler-icin-yetersiz-karsilama,BOD007,Kefaluka Resort,3,USER,9 Ağustos 2025 16:45,Yarattığınız süreç için defalarca otelinizde şikayette bulunmama rağmen üzüntü duyduğunuzu yazmanız okuyucuları etkilemeye yönelik sahte sözler maalesef. Misafirperverliğinizi okuyucuların takdirine bırakıyorum.
otel-rezervasyonunda-yasanan-buyuk-magduriyet-1,https://www.sikayetvar.com/kefaluka-resort/otel-rezervasyonunda-yasanan-buyuk-magduriyet-1,BOD007,Kefaluka Resort,1,COMPANY,4 Ağustos 2025 11:19,"Sayın Misafirimiz,

Öncelikle yaşamış olduğunuz bu talihsiz durumdan dolayı büyük bir üzüntü duyduğumuzuzu içtenlikle belirtmek isteriz. Her ne kadar bu olay otelimizin resmî kanallarının tamamen dışında gerçekleşmiş olsa da, markamızın adının böyle bir dolandırıcılık girişiminde kullanılması hem bizi hem de turizm sektörünü derinden yaralamaktadır.

Maalesef, son yıllarda turizm sektöründe artan dijital dolandırıcılık faaliyetleri nedeniyle birçok tesisin adı ve kurumsal kimliği kötü niyetli kişiler tarafından izinsiz ve sahte yollarla kullanılmaktadır. Bu durumdan bizim gibi birçok otel etkilenmekte ve ne yazık ki bazı misafirlerimiz mağduriyet yaşayabilmektedir.

Şunun altını özellikle çizmek isteriz:
🔹 Resmî rezervasyon ve iletişim yalnızca bu site üzerindeki sabit telefon numaramız ve kurumsal e-posta adreslerimiz aracılığıyla yürütülmektedir.
🔹 Otelimizin hiçbir şekilde resmî bir WhatsApp rezervasyon hattı yoktur.

Bu ve benzeri dolandırıcılık girişimleriyle ilgili olarak tarafımızca hem BTK hem de siber suçlar birimlerine defalarca bildirimde bulunulmuş, gerekli teknik ve hukuki adımlar atılmıştır. Ancak ilgili kişi ya da kişilerin bulunması ve adalete teslim edilmesi, kolluk kuvvetleri ve adli makamların yürüttüğü soruşturmalarla mümkündür.

Yaşadığınız mağduriyetin farkındayız ve bu süreçte her türlü bilgi ve belge paylaşımı konusunda size destek olmaya hazır olduğumuzu bilmenizi isteriz. Elinizdeki sahte rezervasyon belgelerini bizimle paylaşırsanız, resmi kurumlara yapılacak başvurular için dosyanıza destek olabilecek ek bilgiler sağlayabiliriz.

Tüm kalbimizle diliyoruz ki bu durumu en kısa zamanda ve en az zararla atlatırsınız. Yaşadığınız bu olumsuz deneyime rağmen sizi ileride gerçek Kefaluka Resort deneyimi ile ağırlamaktan büyük memnuniyet duyacağımızı belirtmek isteriz.

Saygılarımızla,
Kefaluka Resort Otel Yönetimi"
sahte-web-sitesi-uzerinden-kefaluka-otel-rezervasyonunda-magduriyet,https://www.sikayetvar.com/kefaluka-resort/sahte-web-sitesi-uzerinden-kefaluka-otel-rezervasyonunda-magduriyet,BOD007,Kefaluka Resort,1,COMPANY,4 Ağustos 2025 11:41,"Sayın Misafirimiz, 

Öncelikle yaşadığınız bu üzücü durumdan dolayı geçmiş olsun dileklerimizi iletmek isteriz.

Belirttiğiniz şekilde, otelimizin adı ve kurumsal kimliği kullanılarak gerçekleştirilen bu tür dolandırıcılık girişimleri son zamanlarda artış göstermiştir. Ne yazık ki bazı kişi ya da gruplar, internet ortamında sahte web siteleri, reklamlar ve telefon numaraları aracılığıyla otelimizi temsil ediyormuş gibi davranarak misafirleri yanıltmaktadır.

Tarafımızca bu sahte oluşumlarla ilgili olarak defalarca BTK, Emniyet ve ilgili yasal mercilere başvurularda bulunulmuş, konu düzenli olarak takip edilmektedir. Ancak bu yapıların hızlı biçimde yayılabilmesi, otelimizin bilgisi dışında gelişen dolandırıcılıkları maalesef tamamen engelleyememektedir.

Şunu önemle belirtmek isteriz:
✅ Otelimizin tek resmî web sitesi adresidir.
✅ Hiçbir şekilde WhatsApp üzerinden rezervasyon ya da ödeme alınmamaktadır.
✅ İletişim yalnızca resmî telefon ve e-posta adresleri üzerinden sağlanmaktadır.

Yaşadığınız bu durum bizim için de hassastır. Konuya gösterdiğiniz duyarlılık için teşekkür eder, ilgili kişi veya kişilerin adalete teslim edilmesi için gerekli tüm desteği vermeye hazır olduğumuzu bildiririz.

Saygılarımızla, 
Kefaluka Resort Bodrum Yönetim"
sahte-web-sitesi-uzerinden-kefaluka-otel-rezervasyonunda-magduriyet,https://www.sikayetvar.com/kefaluka-resort/sahte-web-sitesi-uzerinden-kefaluka-otel-rezervasyonunda-magduriyet,BOD007,Kefaluka Resort,2,USER,6 Ağustos 2025 21:15,Çok kez aramanız ve nazik yaklaşımınız için teşekkür ederiz umarım bu kişilerin bulunması için bir gelişme sağlayabilirsiniz.
kefaluka-resort-dogum-gunumde-yasadigimiz-hayal-kirikligi-ve-ilgisizlik,https://www.sikayetvar.com/kefaluka-resort/kefaluka-resort-dogum-gunumde-yasadigimiz-hayal-kirikligi-ve-ilgisizlik,BOD007,Kefaluka Resort,1,COMPANY,22 Temmuz 2025 09:26,"Değerli Misafirimiz, 

Öncelikle otelimizi tercih ettiğiniz ve geri bildiriminizi bizlerle paylaştığınız için teşekkür ederiz. Misafir memnuniyetini en üst seviyede tutmayı hedefleyen bir işletme olarak, yaşadığınız deneyimi üzülerek okuduk.
Bahsettiğiniz bazı konulara açıklık getirmek isteriz. Rezervasyonunuz kara manzaralı standart oda olmasına rağmen, misafir memnuniyetini ön planda tutarak sizlere deniz manzaralı bir oda tahsis edildiğini hatırlatmak isteriz. Ayrıca, konaklamanız iki gece ile sınırlı olmasına rağmen, normalde en az beş gece konaklayan misafirlerimizin yararlanabildiği a la carte restoranımıza, özel gününüz vesilesiyle istisnai olarak rezervasyon yapıldı.
Otelimizdeki standart odaların büyük bir kısmı twin bed (iki ayrı yatak) şeklindedir ve bu bilgi tüm rezervasyon kanallarında açıkça belirtilmektedir. Talebiniz üzerine yataklar birleştirilerek yardımcı olunmak istenmiş, ancak bu önerimiz kabul görmemiştir. “Var ama kirli” şeklinde bir ifade hiçbir personelimiz tarafından kullanılmamıştır; çünkü prosedürümüz gereği, oda değişikliği talebi olduğunda uygun oda temizletilerek misafirlerimize sunulmaktadır.
Snack restoranlarımız, misafirlerimizden sıklıkla olumlu geri dönüşler almakta olup, yaşadığınız olumsuz deneyimi yerinde değerlendirebilmek adına sizden detay rica edilmiş, ancak yeterli bilgiye ulaşılamamıştır.
Lobide yaşanan olayla ilgili olarak, orada bulunan personelimizin de çok net şekilde şahit olduğu üzere, belirttiklerinizin gerçeği yansıtmadığını üzülerek söylemek zorundayız. Olabilecek basit bir aksaklığı bu kadar anlaşılmaz bir gerginlikle karşılamanız ve sizden farkı yalnızca burada görevini yerine getirmeye çalışan bir misafir ilişkileri yöneticimize, üstelik birçok insanın önünde, hiç hak etmediği bir tonda gösterdiğiniz şiddetli reaksiyon karşısında personelimizin bu duruma verdiği tepkiyi her ne kadar misafir–çalışan ilişkisine yakıştırmasak da, maalesef olay bu şekilde yaşanmıştır. Netice itibarıyla, çağırdığınız kolluk kuvvetine “biz davacı değiliz ama o da olmasın” diyerek olayın tek taraflı olmadığını ifade etmiş oldunuz.
Otellerde görev yapan çalışanların da birer ailesi, sorumlulukları ve duyguları olduğunu; zaman zaman hata yapabileceklerini kabul etmek, insani ve yapıcı bir yaklaşım olacaktır.
Tarafınızca kamuya açık bir platformda paylaşılan video içeriğinde, otelimiz çalışanının izinsiz şekilde görüntüsünün yer alması, 6698 sayılı Kişisel Verilerin Korunması Kanunu (KVKK) kapsamında kişisel veri ihlali teşkil etmektedir. İlgili kişinin açık rızası olmaksızın gerçekleştirilen bu paylaşım, hem çalışanın kişilik haklarını hem de kurumumuzun itibarını etkileyebilecek mahiyettedir. Bu nedenle, söz konusu içeriğin kaldırılması yönünde gerekli yasal başvuru hakkımızın saklı olduğu durumunu bilgilerinize sunarız.
Saygılarımızla, 
Kefaluka Resort Bodrum Yönetimi"
kefaluka-resort-dogum-gunumde-yasadigimiz-hayal-kirikligi-ve-ilgisizlik,https://www.sikayetvar.com/kefaluka-resort/kefaluka-resort-dogum-gunumde-yasadigimiz-hayal-kirikligi-ve-ilgisizlik,BOD007,Kefaluka Resort,2,USER,22 Temmuz 2025 11:10,Öncelikle ilginize teşekkür ederiz otelde kaldığımız sürece çünkü cevap veren bir yetkili bulamadık gönderdiğimiz videoda çalışanınızı rencide etmek için olmadığını sadece marka ile paylaşıldığını 3. Şahısların ulaşamadığı bir video dur bunu da otel yönetiminin bize cevap vermeyen suratımıza dahi bakmayan misafir ilişkileri müdürünün davranışlarını kanıtlamak için olduğunu belirtmek içindir...
bodrum-kefaluka-resort-otelde-hijyen-ve-hizmet-sorunlari,https://www.sikayetvar.com/kefaluka-resort/bodrum-kefaluka-resort-otelde-hijyen-ve-hizmet-sorunlari,BOD007,Kefaluka Resort,1,COMPANY,17 Temmuz 2025 14:37,"Sayın Misafirimiz, 

Öncelikle yaşadığınız durum nedeniyle üzgün olduğumuzu belirtmek isteriz. Ancak konaklamanız süresince tarafımıza iletmiş olduğunuz iddialarla ilgili detaylı bir değerlendirme yapılmıştır ve kayıtlar doğrultusunda durumun tamamen farklı şekilde geliştiği tespit edilmiştir.
Otelimizde konakladığınız süre boyunca tarafınızdan bildirilen her konuya gerekli hassasiyet gösterilmiş, sağlık ve güvenlik açısından gereken tüm prosedürler eksiksiz olarak uygulanmıştır.

14.07.2025 Pazartesi Akşamı
Saat 19:29’da çocuğunuzla birlikte revirimize başvurdunuz. Yapılan değerlendirmede, çocuğunuzun başka bir misafirimizin taşıdığı tabakla yüzüne çarpması sonucu yüz bölgesinde hafif şişlik ve kızarıklık oluştuğu, sağlık personelimizce buz uygulaması yapıldığı ve ciddi bir sağlık problemi bulunmadığı tespit edilmiştir. Bölge bandajlanarak destek sunulmuştur.
Kamera kayıtları incelenmiş, olayın çocuğunuzun Scooter ile restoran içerisinde ilerlerken başka bir misafirin yakınından geçerken tabakla çarpışması sonucu meydana geldiği, durmadan Scooter sürmeye devam ettiği gözlemlenmiştir. Tarafınıza bu kayıtlar KVKK gereği ancak resmi makamlar (polis, jandarma, mahkeme) talep ederse verilebileceği açıkça iletilmiştir. O esnada jandarmayı arayarak şikayetçi olduğunuzu ve bu konuda izlenecek resmi yol hakkında bilgi verildiği kayıt altındadır. Ayrıca, olay sonrası misafir ilişkileri yöneticimize teşekkür ettiğiniz de tarafımızca not edilmiştir.

15.07.2025 Saat 05:34
Çocuğunuzun mide bulantısı şikayetiyle revirimize tekrar başvurmanız üzerine, sağlık personelimizce muayene gerektiği ifade edilerek, dilerseniz devlet hastanesine, dilerseniz özel hastaneye yönlendirme yapılabileceği ya da ambulans çağrılabileceği tarafınıza bildirilmiştir. Siz ise çocuğunuzu kendiniz hastaneye götüreceğinizi belirtmişsinizdir. Aynı gün içerisinde tarafınıza ulaşılmış, çocuğunuzun durumu sorulmuş, ağrı kesici verdiğinizi ve şu anda daha iyi olduğunu beyan etmişsinizdir.

17.07.2025 Sabahı
İlaç temini talebiniz üzerine tarafınıza otel içerisinde eczane bulunmadığı, en yakın eczanenin araçla 10 dakika mesafede olduğu ve ulaşımın özel hizmet kapsamında ücretli olduğu bilgisi aktarılmıştır. Bu bilgilendirme sonrası misafir ilişkileri personelimize yüksek sesle ve hakaret içerikli söylemlerde bulunduğunuz ve telefonu kapattığınız, ardından lobide de benzer şekilde personelimize bağırarak tehdit ve hakaret içeren sözler sarf ettiğiniz tespit edilmiştir.

Otelimizde 1200’e yakın misafir konaklamakta olup, herhangi bir gıda kaynaklı zehirlenme veya hijyen problemi yaşanmamıştır. Hijyen, sağlık ve kalite kontrollerimiz düzenli olarak gerçekleştirilmekte ve ilgili tüm sertifikasyonlara sahibiz.

Sağlık personelimiz tarafından doktor muayenesi şiddetle önerilmiş olmasına rağmen bu konuda inisiyatif tamamen sizde kalmış ve herhangi bir muayene gerçekleştirilmemiştir. Kendi temin ettiğiniz ilaçları kullanmanız ise tarafımızdan yönlendirilmemiştir.

Misafir güvenliği, hijyen ve hizmet kalitesi otelimizin en öncelikli değerleridir. Ancak yanlış bilgi, yönlendirme dışı müdahale ve çalışanlarımıza yönelik hakaret içerikli davranışlar kabul edilemez niteliktedir.

Yine de konuya yaklaşımınız ve görüşlerinizi bizimle paylaştığınız için teşekkür eder, sağlıklı günler dileriz.

Saygılarımızla, 

Kefaluka Resort Bodrum Yönetimi"
bodrum-kefaluka-resort-otelde-hijyen-ve-hizmet-sorunlari,https://www.sikayetvar.com/kefaluka-resort/bodrum-kefaluka-resort-otelde-hijyen-ve-hizmet-sorunlari,BOD007,Kefaluka Resort,2,USER,25 Ağustos 2025 20:31,"Yüklenen fotoğraflarda çarpma sonucu göz altında patlama olduğu açıkça gözüküyor buz kompresin buna uygun bir tedavi olmadığı, devlet Hastanesi ve Bodrum american Hastanesi hekimlerince yaranın dikiş veya yapıştırmayla kapatılmasının şart olduğu söylendi. 
Kamera kayıtlarını daha detaylı izlerseniz ne olduğunu göreceksiniz. 
Ertesi gün çocuğum lobide kusarken müşteri ilişkileri sorumlunuzun vale hizmeti olmadığına dair benimle yerinden kalkmadan kavga ettiğinide görmüşsünüzdür tabii. Otel sayfasında 7/24 vale hizmeti bulunduğunu belirtip vale hizmeti vermeyen vaatlerini kesinlikle yerine getirmeyen pis bir otel."
kefaluka-resortta-konaklama-sonrasi-gida-zehirlenmesi-ve-saglik-sorunlari,https://www.sikayetvar.com/kefaluka-resort/kefaluka-resortta-konaklama-sonrasi-gida-zehirlenmesi-ve-saglik-sorunlari,BOD007,Kefaluka Resort,1,COMPANY,22 Haziran 2025 15:16,"Değerli Misafirimiz, 

Öncelikle otelimizi tercih ettiğiniz ve deneyimlerinizi paylaştığınız için teşekkür ederiz.

Konaklamanız süresince yaşamış olduğunuz sağlık sorunları nedeniyle geçmiş olsun dileklerimizi iletmek isteriz. Belirtmiş olduğunuz tarihlerde (17.06.2025 - 19.06.2025) 2 yetişkin ve 1 çocuk olarak acente aracılığıyla yaptığınız rezervasyonunuz kapsamında, 19.06.2025 tarihinde sabah saat 09:48'de revirimize başvurduğunuz kayıtlarımızda yer almaktadır. Sağlık personelimiz tarafından yapılan ilk değerlendirmede, çocuğunuzun ateşinin 37.5°c olduğu ve nabzının yüksek seyretmesi nedeniyle dış bir sağlık kuruluşuna yönlendirme yapılabileceği bilgisi tarafınıza iletilmiştir. Ailenizin özel sağlık sigortası bulunduğu için kendi tercihinizle Acıbadem Bodrum Hastanesi’ne gitmeyi tercih ettiğiniz tarafımıza aktarılmıştır. Devamında, Misafir İlişkileri ekibimiz sizi hastane sürecinde de yalnız bırakmamış, tarafınıza ulaşarak sağlık durumunuzu takip etmiştir. Dönüşünüzde tekrar iletişime geçilmiş ve çocuğunuzun durumunun iyi olduğu, ilaç verildiği ve enfeksiyon teşhisi konduğu bilgisi tarafınızdan paylaşılmıştır. Bu görüşmede, herhangi bir talebinizin bulunmadığı da yine sizin tarafınızdan ifade edilmiştir.

Konaklamanızı uzatma talebiniz üzerine resepsiyon personelimiz size o gün geçerli indirimli güncel fiyat üzerinden yardımcı olmuş, erken rezervasyon ve güncel fiyat farkları size detaylı olarak açıklanmıştır. 21.06.2025 tarihine kadar tatilinizi 1 gün daha uzattığınız kayıtlarımızda yer almaktadır.

20.06.2025 tarihinde yapılan telefon görüşmesinde tarafınızca herhangi bir sorun kalmadığı, oğlunuzun sağlığının iyi olduğu ve ilgimiz için teşekkür ettiğiniz tarafımızca memnuniyetle not edilmiştir. Ancak 21.06.2025 tarihinde yapılan son görüşmede, tatilinizin sağlık sorunlarıyla geçtiği ve bu nedenle bir telafi beklentiniz olduğu ifade edilmiştir. Misafir İlişkileri yöneticimizle yapılan görüşmede; otelimizin gıda ve hijyen kontrollerinin düzenli olarak hem iç denetim ekiplerimiz hem de resmi kurumlar tarafından gerçekleştirildiği, benzer bir sağlık şikayetinin başka misafirlerden alınmadığı ve bu nedenle otel yönetimi tarafından herhangi bir telafi sürecine gidilemeyeceği bilgisi sizlerle açıkça paylaşılmıştır.

Misafir memnuniyeti politikamız doğrultusunda, otelimizde yaşanan bir durumun yanıltıcı şekilde yorumlanarak diğer misafirlerimizin yanlış bilgilendirilmesine karşı net bir duruş sergilemekteyiz. Yaşadığınız sağlık problemleri nedeniyle üzüntü duyduğumuzu tekrar belirtir, sağlığınızın tamamen yerinde olduğunu duymaktan memnuniyet duyduğumuzu bilmenizi isteriz.

Saygılarımızla, 

Kefaluka Resort Bodrum Yönetimi"
alakart-rezervasyonunda-hayal-kirikligi,https://www.sikayetvar.com/kefaluka-resort/alakart-rezervasyonunda-hayal-kirikligi,BOD007,Kefaluka Resort,1,COMPANY,10 Ekim 2024 12:15,"Sayın f, 
Sizler otelimize giriş yaptıktan sonra misafir ilişkileri masasına gelerek a la carte restoranlarımız hakkında bilgi almış ve kendi kararınızla 09.10.2024 Çarşamba akşamı açık olan İtalyan restorana rezervasyonunuzu gerçekleştirdiniz. Yine aynı akşam saat 19:00 civarında misafir ilişkilerini arayarak rezervasyon değişikliği talebinde bulunmanız üzerine görevli arkadaşımız bunun mümkün olmadığını ve Restoranın dolu olduğunun belirtmesi üzerine arkadaşımıza bilmiş bilmiş konuşma otele giriş çıkış saatini bilmiyorsun şeklindeki kırıcı tutumunuzu da nazikçe hatırlatmak isteriz. Otelimizde çalışan ekip arkadaşlarımız kendi alanlarında tecrübeli ve çoğu turizm otelcilik okumuş, doktora yapan, öğretmen o kariyer hedefleri olan genç çalışanlardır. 
Otelimiz uluslararası bir tesisi olup din, dil ve ırk ayrımı yapmadığımızı ve dünyanın her yerinde misafirler ağırladığımızı nazikçe belirtmek isteriz.
A la carte rezervasyonlarımız bir gün öncesinden diğer gün için ve saat 10:00-13:00 arasında yapılmaktadır. Müsaitliğimiz olduğu süre içerisinde de rezervasyonlarımızı yapmaktayız. Her restoranın belli bir kapasitesi bulunuyor ve ne yazık ki alanları nedeni ile bu kapasitenin üzerine çıkılamamaktadır. 
09.10.2024 tarihinde yine rezervasyon saati dışında misafir ilişkilerini arayarak ( saat 17:00 civarında ) İtalyan restoran rezervasyonunuzu iptal edip 10.10.2024 tarihinde Kebap a la carte ye gitmek istediğinizi belirttiniz. Müsaitlik doğrultusunda sizlere yardımcı olunmuştur. Tercih edilmeyeni değil sizlerin tercihine göre rezervasyonunuz gerçekleştirilmiştir. Yapmış olduğunuz şikayetin gerçekleri yansıtmadığını nazik bir şekilde belirtmek isteriz.
Saygılarımızla."
kefaluka-resort-kefaluka-otelde-yasadigim-buyuk-hayal-kirikligi,https://www.sikayetvar.com/kefaluka-resort/kefaluka-resort-kefaluka-otelde-yasadigim-buyuk-hayal-kirikligi,BOD007,Kefaluka Resort,1,COMPANY,9 Eylül 2024 13:34,"Sayın konuğumuz Onur y., 
Geri bildiriminiz için öncelikle teşekkür ederiz. Geldiğiniz ilk gece memnuniyetiniz sağlayamamış olmaktan dolayı üzgün olduğumuzu belirtmek isteriz. Hatamız ile ilgili sizlerden defalarca özür dilediğimizi ve sizleri memnun edebilmek adına elimizden gelen her şeyi sunduğumuzu da nazikçe hatırlatmak isteriz.
A la cartelerimiz 5 gece ve üzeri konaklayan misafirlerimize 1 gece ücretsiz olarak verilmektedir. Sizleri memnun edebilmek adına 3 ala carte ve ücretsiz olarak pavillionlarmız dan hizmetinize sunduk.
Otelimizde 24 saat görevli bir hemşiremiz bulunmaktadır. Herhangi bir reaksiyona karşı enjeksiyonlar otellerde yapılmamaktadır.
Her otelin çalıştığı bir klinik bulunmaktadır. Hangi otelde olursanız olun enjeksiyon için bu kliniklere yönlendirilirsiniz. Size özel olarak enjeksiyon yapması için klinik doktorumuzun otele geldiğini de hatırlatmak isteriz.

Misafirlerimize daha iyi bir hizmet sunmak için sizlerden aldığımız geri dönüşleri ilgili departman yöneticilerine iletmiş bulunmaktayız.
2009 yılından bu yana her sezonda sunduğumuz özenli hizmetin karşılığı olarak misafirlerimizin bizlere layık gördüğü %90 global misafir memnuniyet puanımızla elimizden gelenin en iyisini yapmaya devam edeceğiz.
Hizmet kalitemizden ödün vermediğimizi de belirterek, tüm acentelere iletmiş olduğumuz otel konseptimizde vermeyi taahhüt ettiğimiz her türlü hizmeti eksiltilmeden yerine getirmekteyiz.
Saygılarımızla, 
Kefaluka Ekibi."
kefaluka-resort-kefaluka-otelde-yasadigim-buyuk-hayal-kirikligi,https://www.sikayetvar.com/kefaluka-resort/kefaluka-resort-kefaluka-otelde-yasadigim-buyuk-hayal-kirikligi,BOD007,Kefaluka Resort,2,USER,10 Eylül 2024 06:53,"Defalarca özür diledik demişsiniz ancak sadece bir personeliniz yatak verilmeyen sabahın ertesi günü gelip bir kere özür diledi ve sonrasında durumumuzu, sağlığımızın nasıl olduğumu soran kimse olmadı. Şöyle anlatayım 2. Gece için verdiğiniz yatağın çöktüğünden buradan haberiniz oldu.
Hatta çıkarken de misafir ilişkilerinde ve resepsiyonda kimse yoktu videosunu ekleyeyim global standartlarınızı geliştirmek için bir katkısı olur belki.
(Kalp krizi geçiren bir misafir olsa, çocuğuna bir şey olsa, o anda resepsiyonda yardım edecek kimse yok, bunu 2. Sabah da şikayet etmiştim. İlk kez karşılaştığımız bir konu değil, kamera kayıtlarından bakarsınız.)
Global misafir memnuniyeti için, skandal bir konaklama sonrası misafirinize en azından check outta misafirinizin tatilinin nasıl geçtiğini sorabilirdiniz.
Ultra her şey dahil satın aldığımız bir pakette;
yemeğin, içkinin sınırsız olduğu bir ortamda alakart yemek verdiğiniz için teşekkür ederiz.
Alakart yemeğin 5 gece üzeri konaklamada verildiği bilgisi satış ekibiniz tarafından verilmediği için 4 gece konaklama aldık kusura bakmayın. Satış ekibinizin bu bilgiyi vermediğini ayrıca belirtmiş ve şikayet etmiştim. Satış ekibinin Upsell yeteneği sıfır.
(Otelinizin yaptıklarını da şikayete eklemiştim halbuki gayet şeffaf bir şekilde ama okumadınız sanırım.)
Hemşiremiz var diyorsunuz kamera var ise kaydı da vardır. Biz revire girdiğimizde adam ben doctor – hemşire değilim dedi. Enjeksiyon yapamam dedi ama bir telefon adres de vermedi yönlendirme için, verse zaten arardım veya giderdim neden şikayet edeyim? 
milyar dolarlık şirketlerin yöneticilerine, internetsiz business centerda kirli bardakları taşıtmak…"
kefaluka-resortta-karinca-istilasi-ve-temizlik-sorunlari,https://www.sikayetvar.com/kefaluka-resort/kefaluka-resortta-karinca-istilasi-ve-temizlik-sorunlari,BOD007,Kefaluka Resort,1,USER,30 Ağustos 2024 09:32,Sabah uyandığımızda tepemizde ve konsolda yeniden karıncalarla karşılaştık. Resepsiyona durumu ilettik ilaçlayın dedik kahvaltıdan döndüğümüzde temizlik görevlisi arkadaşın Raid sprey ile ilaçladığını gördük. Bu otelden hiçbir şey olmaz.
kefaluka-resortta-karinca-istilasi-ve-temizlik-sorunlari,https://www.sikayetvar.com/kefaluka-resort/kefaluka-resortta-karinca-istilasi-ve-temizlik-sorunlari,BOD007,Kefaluka Resort,2,USER,5 Eylül 2024 23:28,Kaç gün oldu hiçbir cevap yok
kefaluka-resort-bodrum-saygisiz-garson-video,https://www.sikayetvar.com/kefaluka-resort/kefaluka-resort-bodrum-saygisiz-garson-video,BOD007,Kefaluka Resort,1,COMPANY,18 Ağustos 2024 12:34,"Değerli Konuğumuz ö, 
Misafirlerimize her zaman en üst seviyede hizmet sunmak ve onların konforlu bir tatil geçirmelerini sağlayıp güzel anılarla uğurlamak önceliğimiz olmuştur.
Kalite standartlarımızı arttırmak ve misafirlerimize daha iyi bir hizmet sunmak için sizlerden aldığımız geri dönüşleri ilgili departman yöneticilerine iletmiş bulunmaktayız.
Sezonumuzu açtığımız günden beri hizmet kalitemizden ödün vermediğimizi de belirterek, tüm acentelere iletmiş olduğumuz otel konseptimizde vermeyi taahhüt ettiğimiz her türlü hizmeti eksiltilmeden yerine getirmekteyiz. 
Bahsi geçen ayrımcılık yapılmakta yorumunuza üzülerek katılmadığımızı belirtiriz.
Özellikle yabancılarla ilgilenen ve saygısızlık yaptığını belirttiğiniz ekip arkadaşımıza karşı yapmış olduğunuz yorumunuza da üzülerek katılamadığımız belirtmek isteriz. Zira kendisi yıllardır tesisimizde çalışmaktadır. Bizler hiçbir şekilde ırk, din, dil ayrımı gözetmeksizin hizmet vermekteyiz. Bu söyleminizle bizleri ırkçı olarak nitelendirdiğinizi ve bizlere haksız bir yorum yaptığınızı 400 personelimizle en iyi şekilde hizmet veren ve sezon başından beri ağırladığımız misafirlerimiz tarafından takdir edilen otelimizin, servis ve imkanlarının en iyi şekilde sunulduğunu belirtmek isteriz.
2009 yılından bu yana her sezonda sunduğumuz özenli hizmetin karşılığı olarak misafirlerimizin bizlere layık gördüğü %90 global misafir memnuniyet puanımızla elimizden gelenin en iyisini yapmaya devam edeceğiz.
Saygılarımızla, 
Kefaluka Ekibi."
kefaluka-resort-bodrum-saygisiz-garson-video,https://www.sikayetvar.com/kefaluka-resort/kefaluka-resort-bodrum-saygisiz-garson-video,BOD007,Kefaluka Resort,2,USER,3 Ekim 2024 11:08,"Bence şikayetimi bir daha okuyun! Otelinizden memnun kaldığımı ve sadece garsonla ilgili şikayetim olduğunu yazdım. Yüzlerce garson arasından bir tanesi. Onun dışında gerçekten işini hakkıyla yapan çok personeliniz var. Şikayet konusu bir personel, yani otel değil. Ayrıca otelinize hiçbir şekilde ayrımcı söylemim yok, bunu da nereden çıkarıyorsunuz!"
kefaluka-resort-bodrum-saygisiz-garson-video,https://www.sikayetvar.com/kefaluka-resort/kefaluka-resort-bodrum-saygisiz-garson-video,BOD007,Kefaluka Resort,3,USER,3 Ekim 2024 11:28,"Ayrıca bir personeli savunarak geri kalan 399 personelinize haksızlık yapıyorsunuz. Memnuniyet oranınızın ℅90 olduğunu yazdınız, doğrudur ama ben de 1/400 personel şikayet ettim, yani benim otelden memnuniyet oranım%99. Şikayetim otel değil sadece 1 personel!"
kefaluka-resort-otelin-yemek-kalitesi-ve-hizmet-sorunlari,https://www.sikayetvar.com/kefaluka-resort/kefaluka-resort-otelin-yemek-kalitesi-ve-hizmet-sorunlari,BOD007,Kefaluka Resort,1,USER,15 Temmuz 2024 14:04,Merhaba otelin çalışanları Türk müşterileri karşı umursamaz tavrı ilgi alaka yok garsona sipariş veriyorsun getirmiyor ama yabancılara masa başında şampanya bile açılıyor kısacası yemekleri olsun çalışanları olsun yaramaz
kefaluka-resort-otelin-yemek-kalitesi-ve-hizmet-sorunlari,https://www.sikayetvar.com/kefaluka-resort/kefaluka-resort-otelin-yemek-kalitesi-ve-hizmet-sorunlari,BOD007,Kefaluka Resort,2,COMPANY,16 Temmuz 2024 09:00,"Sayın Misafirimiz
Misafirlerimize her zaman en üst seviyede hizmet sunmak ve onların konforlu bir tatil geçirmelerini sağlayıp güzel anılarla uğurlamak önceliğimiz olmuştur. Kalite standartlarımızı arttırmak ve misafirlerimize daha iyi bir hizmet sunmak için sizlerden aldığımız geri dönüşleri ilgili departman yöneticilerine ileteceğimizi bilmenizi isteriz.
Yemekler çok kötü yorumunuza üzülerek katılamadığımızı belirtmek isteriz.
Otelimizde seçkin yiyecek ve içecek markaları ile hizmet vermekteyiz. Yemeklerimiz günlük ve o öğünlere özel taze olarak pişirilmekte ve servis edilmektedir. Yemek lezzeti yoruma açık olup kişisel tercihe göre değişikliler göstermektedir. İnternational bir otel olarak onlarca ülkeden misafirler ağırlamaktayız. Konaklama süreniz boyunca yemeklerimizden memnun misafirler ağırladık. Her öğünde büfelerimizde 180 civarında yemek seçeneği bulunmaktadır. 1200 yakın misafirimiz kolayca yiyecek bir şeyler bulmakta ve titizlikle hazırlanan yemeklerden çok memnun kalmaktadırlar. Mutfak ekibimiz gerek sözlü gerek yazılı olarak bir çok misafirimizden övgüler almıştır. 
Bu bağlamda hizmet kalitemizden ödün vermediğimizi de belirterek, tüm acentelere iletmiş olduğumuz otel konseptimizde vermeyi taahhüt ettiğimiz her türlü hizmeti eksiltilmeden yerine getirmekteyiz.
Öğlen ve akşam büfelerimizde dönüşümlü olarak köfte, kırmızı et, tavuk, balık ızgara ve akşam büfemizde bunlara ek olarak içeride ve dışarıda kesim showlarımız yapılmaktadır.
400 personelimizle en iyi şekilde hizmet veren ve sezon başından beri ağırladığımız misafirlerimiz tarafından takdir edilen otelimizin, servis ve imkanlarının en iyi şekilde sunulduğunu belirtmek isteriz.
Bir de Agora diye bir restoranı var, bilenler bilir, çalışanları kibirli, yabancı-Türk ayrımı yapıyorlar. Türkler'in yüzüne bile bakmıyorlar şeklindeki yorumunuzun çok rahatsız edici olduğunu ve orada çalışan ve sizlere hizmet eden ekip arkadaşlarımıza haksız yapılmış bir yorum olduğunu düşünüyoruz. %90 global misafir memnuniyet puanımızla Türk ve yabancı misafir ayrımı yapmamaktayız. Agora snack barımızda a la carte usulü hizmet vermekteyiz. Siparişler sıraya konulmakta, her ürünün pişme ve hazırlanma süresi farklı olmaktadır dolayısı ile sizden önce yabancı bir misafirimiz sipariş verdiyse onların yiyecekleri öncelikli olarak servis edilecektir. Herhangi bir restorana gittiğinizde böyle bir durumla karşılaşabileceğinizi aralıklı olarak sipariş verdiğinizde bekleme süresinin olacağını size nazikçe hatırlatmak isteriz. 
2009 yılından bu yana her sezonda sunduğumuz özenli hizmetin karşılığı olarak misafirlerimizin bizlere layık gördüğü %90 global misafir memnuniyet puanımızla elimizden gelenin en iyisini yapmaya devam edeceğiz.
Saygılarımızla, 
Kefaluka Ekibi."
kefaluka-resort-otelin-yemek-kalitesi-ve-hizmet-sorunlari,https://www.sikayetvar.com/kefaluka-resort/kefaluka-resort-otelin-yemek-kalitesi-ve-hizmet-sorunlari,BOD007,Kefaluka Resort,3,USER,16 Temmuz 2024 09:12,Söylediklerimin sonuna kadar arkasındayım özellikle belirtiyorum Agora restoran çalışanlarının restoran boş olduğu halde bizden geç sipariş almaları üzerinden 1 saat geçmesine rağmen siparişimizin gelmeyişi çalışanların yabancı müşterilerin masasında gezip şampanya ve şarap doldurmaları bunlar normal şeyler mi? Şunu da belirtmek isterim tam o sırada otelin müşteri departmanından müşteri memnuniyeti hakkında anket yapıyordu yanımıza geldi ve kendisi bizim masamıza servis açılmadığını gördü ve şefle konuştu ondan sonra zaten bize hamur bittiğini söylediler bizde çıktık benim ailemin yanında ne kadar küçük düştüğümü size anlatmam ki anlamazsınız zaten müşteri ilişkilerindeki şikayetlere bakın isterseniz ve bütün forumlara şikayetimi ileteceğim ilk önce müşteriyle nasıl iletişime geçileceğini öğren ok.
kucuk-ve-uzak-oda-saygisiz-personel-ve-kalitesiz-yemekler,https://www.sikayetvar.com/la-blanche-island-bodrum/kucuk-ve-uzak-oda-saygisiz-personel-ve-kalitesiz-yemekler,BOD106,La Blanche Island Bodrum,1,USER,19 Temmuz 14:47,"Otel odası çok küçük ve uzak, bebeğim için uygun değil, personel somurtkan ve kaba, yemekler kalitesiz, hiçbir arama ya da dönüş yapılmadı, bu durum beni rezalet olarak nitelendirmeme neden oldu."
la-blanche-island-hotelde-telefon-gorusmesindeki-saygisiz-ve-kaba-uslup,https://www.sikayetvar.com/la-blanche-island-bodrum/la-blanche-island-hotelde-telefon-gorusmesindeki-saygisiz-ve-kaba-uslup,BOD106,La Blanche Island Bodrum,1,COMPANY,16 Mart 15:12,"Sayın Özlem Hanım, 

Öncelikle bizimle deneyiminizi paylaştığınız için teşekkür ederiz. Telefon görüşmeniz sırasında yaşadığınız olumsuz deneyimden dolayı üzüntü duyduğumuzu belirtmek isteriz. Misafirlerimizle kurduğumuz ilk temasın son derece önemli olduğunu biliyor ve her zaman saygılı, ilgili bir yaklaşım sergilemeyi hedefliyoruz.

Yaşadığınız durumun detaylarını ilgili birimimizle paylaşabilmemiz ve konuyu en doğru şekilde değerlendirebilmemiz için sizden ricamız, şikayetinizi ve iletişim bilgilerinizi iletmenizdir. Böylece konuyu titizlikle inceleyip gerekli aksiyonları alabiliriz.

Görüşlerinizi bizimle paylaştığınız için teşekkür eder, bir sonraki deneyiminizin çok daha olumlu ve konforlu olmasını temenni ederiz.

Saygılarımızla, 
La Blanche Island Hotel"
la-blanche-island-hotelde-telefon-gorusmesindeki-saygisiz-ve-kaba-uslup,https://www.sikayetvar.com/la-blanche-island-bodrum/la-blanche-island-hotelde-telefon-gorusmesindeki-saygisiz-ve-kaba-uslup,BOD106,La Blanche Island Bodrum,2,USER,16 Mart 17:04,Ne ararım sizi bir daha ne yazarım.
la-blanche-island-hotelde-telefon-gorusmesindeki-saygisiz-ve-kaba-uslup,https://www.sikayetvar.com/la-blanche-island-bodrum/la-blanche-island-hotelde-telefon-gorusmesindeki-saygisiz-ve-kaba-uslup,BOD106,La Blanche Island Bodrum,3,COMPANY,18 Mart 11:25,"Sayın Özlem Hanım, 

Geri bildiriminiz için tekrar teşekkür ederiz.

Yaşadığınız olumsuz deneyim sonrası bu şekilde hissetmiş olmanızı anlayışla karşılıyoruz. Amacımız sizi rahatsız eden durumu göz ardı etmek değil, tam aksine varsa bir yanlış anlaşılmayı netleştirmek ve benzer durumların tekrar yaşanmaması adına gerekli iyileştirmeleri yapmaktır.

Sizinle yeniden iletişime geçme talebimiz yalnızca süreci daha sağlıklı değerlendirebilmek ve tarafınızı memnun edecek bir çözüm sunabilmek içindir. Ancak elbette bu tamamen sizin tercihinizdir.

Görüşlerinizi bizimle paylaşmış olmanız, hizmet kalitemizi geliştirebilmemiz açısından bizim için son derece kıymetlidir. Bu nedenle, yaşanan durumu iç değerlendirme sürecimize dahil ettiğimizi bilmenizi isteriz.

Anlayışınız için teşekkür eder, iyi günler dileriz.

Saygılarımızla, 
La Blanche Island Hotel"
ilgisiz-personel-ve-ilgisiz-yonetim-misafirleri-magdur-ediyor,https://www.sikayetvar.com/la-blanche-island-bodrum/ilgisiz-personel-ve-ilgisiz-yonetim-misafirleri-magdur-ediyor,BOD106,La Blanche Island Bodrum,1,COMPANY,30 Eylül 2025 17:12,"Sayın p...

25.09.2025 – 30.09.2025 tarihleri arasında otelimizde gerçekleştirmiş olduğunuz konaklamaya dair geri bildiriminizi aldık. Öncelikle, deneyimlerinizi bizimle paylaştığınız için teşekkür ederiz. Misafir memnuniyetini her zaman önceliğimiz olarak görmekteyiz. Bu doğrultuda ilettiğiniz değerlendirmelere içtenlikle yanıt vermek isteriz.

Sezon sonuna yaklaşılmış olmasına rağmen, otelimiz hizmet kalitesinden ödün vermeden tüm misafirlerine en iyi deneyimi sunmak adına faaliyetlerine devam etmektedir. Tüm departmanlarımızda görev yapan personelimiz otel standartlarına uygun eğitimlerden geçmiş, alanında deneyimli kişilerden oluşmaktadır. Yoğunluk dönemlerinde bazı geçici personel desteği sağlanabilmektedir ancak bu durum hizmet kalitesinin düşmesine izin vermeyecek şekilde planlanmaktadır.

Yeme-içme alanındaki yorumlarınıza istinaden, damak tadının kişisel bir deneyim olduğunu da göz önünde bulundurarak, genel misafir memnuniyeti oranının yüksek olduğunu belirtmek isteriz. Ancak yine de yapıcı eleştirileriniz ilgili departmanlarla paylaşılmıştır.

29 Eylül tarihinde yaşanan ani yağış sonrası oluşan geçici aksaklıklar sebebiyle ortak alanlarda yaşanan sıkışıklık konusunda üzüntümüzü bildiririz. Yağmurun etkisiyle kapalı alanlarda yoğunluk oluşması neticesinde misafirlerimize uygun alternatif alanlar nazikçe önerilmiş, ancak önerilerimizin tarafınızca kabul edilmediği görülmüştür.

Ayrıca, a la carte hizmetiyle ilgili bilgi almak üzere müşteri ilişkileri masasına geldiğinizde, tarafınıza açıklamalar Müşteri İlişkileri Müdür Yardımcımız ö*** Hanım tarafından yapılmıştır. Kendisi görüşme boyunca nazik ve açıklayıcı bir tavır sergilemiş, yaşanan durumun doğal bir afet olduğu ifade edilmiştir. Bu esnada asla alaycı ya da küçümseyici bir tutum sergilenmemiştir. Söz konusu görüşme sırasında hem Misafir İlişkileri Müdür Yardımcımız, hem ilgili personellerimiz hem de Misafir İlişkileri Müdürümüz alanda hazır bulunmuş ve gerekli bilgilendirmeler yapılmıştır.

Otelimizde sekiz yıldır görev yapmakta olan ö*** Hanım, bugüne dek binlerce misafirimize özenli ve saygılı bir yaklaşımla hizmet vermiş, misafir ilişkilerinde profesyonelliği ile tanınmış bir çalışanımızdır. Bahsi geçen tutumun kişisel bir algı farklılığından kaynaklandığını düşünüyoruz.

Son olarak, otelimize ve çalışanlarımıza yönelik gerçek dışı ithamların kurum itibarımıza zarar verdiğini düşündüğümüzü belirtir, bu konuda daha yapıcı ve objektif bir yaklaşım sergilenmesini önemle rica ederiz.

Saygılarımızla, 
La Blanche Island Bodrum Otel Yönetimi"
la-blanche-island-otelinde-yasanan-hizmet-eksiklikleri-ve-musteri-iliskileri-sorunlari,https://www.sikayetvar.com/la-blanche-island-bodrum/la-blanche-island-otelinde-yasanan-hizmet-eksiklikleri-ve-musteri-iliskileri-sorunlari,BOD106,La Blanche Island Bodrum,1,COMPANY,30 Eylül 2025 17:09,"Sayın e...

25.09.2025 – 30.09.2025 tarihleri arasında otelimizde konaklayan misafirimizin iletmiş olduğu şikayetle ilgili durumu açıklamak ve bazı hususları netleştirmek isteriz.

Öncelikle, 29 Eylül’de yaşanan yağmur nedeniyle ortak alanlarda oluşan geçici olumsuzluktan dolayı misafirlerimizin konforunun etkilenmesinden dolayı üzgünüz. Ancak, bu tarihte misafirlerimize alternatif oturma alanları nazikçe önerilmiş, fakat bu alternatifler misafirlerimiz tarafından kabul edilmemiştir. Müşteri İlişkileri Müdür Yardımcısı ö*** Hanım, bu önerileri ve durumu açıklarken asla küçümseyici veya alaycı bir tavır takınmamış; nazik ve profesyonel bir üslupla iletişim kurmuştur.

Söz konusu görüşme sonrasında oteli arayarak bir yetkili ile görüşme talebinde bulunulmuştur. Ancak, iletişim numarasından tarafınızı aradığımızda, eşiniz yetkiliyle görüşme taleplerinin olmadığını, misafir ilişkileri masasına gelerek zaten görüşme yaptıklarını ve başka bir görüşme talebinde bulunmadıklarını belirtmiştir.

Bunun yanı sıra, misafir ilişkileri masasındaki görüşme sırasında hem Misafir İlişkileri Personellerimiz, hem Misafir İlişkileri Müdür Yardımcımız hem de Misafir İlişkileri Müdürümüz hali hazırda oradaydı ve sürecin en sağlıklı şekilde yürütülmesi için gerekli hassasiyet gösterilmiştir.

Otelimizde çalışan tüm personelimiz alanlarında profesyonel kişilerden oluşmakta olup, hiçbir misafirimize karşı kötü niyetli veya saygısız davranışta bulunmamaktadır. Ö*** Hanım da sekiz yıldır kurumumuzda görev yapmakta olup, bugüne kadar misafirlerimizle ilişkilerinde titiz ve özenli davranışları ile tanınmaktadır. Misafirlerimizin memnuniyeti için gerekli tüm iyileştirmeleri yapmaya devam etmekteyiz. Bu bağlamda, otelimizdeki hizmet kalitesini artırmak üzere çalışmalarımız sürmektedir.

Son olarak, bu tür asılsız iddiaların otelimizin ve personelimizin itibarını zedelemeye yönelik olduğunu üzülerek düşünmekteyiz ve gereken hassasiyetin gösterilmesini önemle rica ederiz.

Saygılarımızla, 
La Blanche Island Otel Yönetimi"
la-blanche-island-otelinde-yasanan-hizmet-eksiklikleri-ve-musteri-iliskileri-sorunlari,https://www.sikayetvar.com/la-blanche-island-bodrum/la-blanche-island-otelinde-yasanan-hizmet-eksiklikleri-ve-musteri-iliskileri-sorunlari,BOD106,La Blanche Island Bodrum,2,USER,30 Eylül 2025 21:26,"Sayın Yetkili,

Öncelikle belirtmek isteriz ki bu şikayet tarafımızca bizzat yaşanmış bir olaydır ve asılsız bir iddia değildir. Olay anında 4 kişi olarak oradaydık ve Ö*** Hanım’ın bize karşı sergilediği üslup son derece yanlıştır. 

Bu olayın dile getirilmesi bir “itibar zedeleme” amacı taşımamaktadır. Aksine, itibarınızı zedeleyen husus bizzat çalışanlarınızın ve yönetiminizin müşterilere yönelik davranışlarıdır. Dolayısıyla bu yaşananların sorumluluğu tamamen kurumunuza aittir.

Ayrıca yaşanan durum, “doğal afet” bahanesiyle geçiştirilemez. Profesyonel bir otel yönetimi, misafirlerini mağdur etmeyecek önlemleri almakla yükümlüdür."
la-blanche-island-bodrum-plajda-guvenlik-eksikligi-ve-lakayit-personel-nedeniyle-yasanan-yaralanma,https://www.sikayetvar.com/la-blanche-island-bodrum/la-blanche-island-bodrum-plajda-guvenlik-eksikligi-ve-lakayit-personel-nedeniyle-yasanan-yaralanma,BOD106,La Blanche Island Bodrum,1,COMPANY,30 Eylül 2025 17:18,"Değerli Misafirimiz, 

Öncelikle, 27.09.2025 – 28.09.2025 tarihleri arasında gerçekleştirdiğiniz konaklamanız süresince yaşamış olduğunuz olumsuz deneyimden dolayı derin bir üzüntü duyduğumuzu içtenlikle belirtmek isteriz.

Yaşadığınız talihsiz kazanın herhangi bir kalıcı sağlık sorununa yol açmamış olmasına sevindik. Ancak, misafirlerimizin kendini her an güvende hissetmesi bizim için en öncelikli konudur. Bu nedenle, söz konusu plaj alanında yaşadığınız yaralanmaya sebep olan durum tarafımızca son derece ciddiyetle ele alınmış, olayın yaşandığı bölge detaylı şekilde incelenmiş ve gerekli tüm bakım ve güvenlik önlemleri derhal uygulanmaya başlanmıştır.

Ayrıca, sahil alanında hizmet veren personelle ilgili tarafınıza yansıyan davranışlar asla otelimizin hizmet ve etik standartlarıyla bağdaşmamaktadır. Belirttiğiniz tutumun kabul edilebilir bir açıklaması bulunmamakta olup, ilgili personel hakkında iç disiplin süreci başlatılmıştır. Misafirlerimize sunulan hizmetin her zaman en üst seviyede ve saygı çerçevesinde olması gerektiği anlayışıyla, tüm ekiplerimize gerekli hatırlatma ve eğitimler yeniden yapılacaktır.

Geri bildiriminizdeki açık ve net ifadeleriniz sayesinde, gözden kaçmış olabilecek önemli bir duruma müdahale etme imkanı bulduğumuzu belirtmek isteriz. Bu yaklaşımınız için ayrıca teşekkür ederiz.

Tüm samimiyetimizle, sizi yaşanan bu durum sebebiyle tekrar misafir edememiş olmanın üzüntüsünü yaşıyoruz. Umuyoruz ki gelecekte sizleri otelimizde yeniden ağırlama ve bu olumsuz izlenimi telafi etme şansı bulabiliriz.

Saygılarımızla, 
La Blanche Island Bodrum Otel Yönetimi"
balayi-ciftine-ozel-hizmetlerde-gecikme-ve-guvenlik-sorunu,https://www.sikayetvar.com/la-blanche-island-bodrum/balayi-ciftine-ozel-hizmetlerde-gecikme-ve-guvenlik-sorunu,BOD106,La Blanche Island Bodrum,1,COMPANY,30 Eylül 2025 17:22,"Değerli Misafirimiz, 

Öncelikle, en özel anlarınızdan biri olan balayınızı otelimizde geçirmeyi tercih ettiğiniz için sizlere içtenlikle teşekkür ederiz. Bu özel süreci sizin için unutulmaz kılmak isterken, bazı aksaklıklar sebebiyle hayal kırıklığına uğramış olmanız bizleri gerçekten çok üzdü.

Balayı çiftlerimize özel sunduğumuz süsleme ve ikramlıkların zamanında ulaştırılamaması, özellikle de ilk izleniminizde eksiklik yaratmış olması bizim açımızdan kabul edilebilir değildir. Oda kapısının açık bırakılması ise, tamamen dikkat ve sorumluluk gerektiren bir konuda yaşanmış ciddi bir hatadır ve bu durumun sizi endişelendirmiş olmasını tüm samimiyetimizle anlıyoruz.

Ne mutlu ki değerli eşyalarınızda herhangi bir kayıp yaşanmamış; ancak sizin de belirttiğiniz gibi, yaşanabilecek bir olumsuzluk düşüncesi dahi yeterince rahatsız edici bir durumdur. Bu konuyla ilgili olarak görevli ekibimizle gereken değerlendirme yapılmış ve benzer durumların tekrar yaşanmaması adına gerekli iç önlemler hızla alınmıştır.

Yaşanan süreçte ö*** Hanım’ın sürece dahil olarak sizlerle birebir ilgilenmiş olması ve elinden geleni yapması bizler için kıymetlidir.

Misafir memnuniyeti bizim için her zaman ön plandadır. Özellikle balayı çiftlerimiz gibi bizler için anlamı büyük olan konuklarımızın en mutlu günlerini huzur içinde geçirmesi en büyük arzumuzdur. Bu bağlamda geri bildiriminiz bizim için oldukça kıymetli olmuş, ilgili tüm birimlerle paylaşılmıştır.

Sizleri gelecekte yeniden otelimizde misafir ederek bu deneyimi telafi etme şansı bulabilmeyi içtenlikle diler, mutluluğunuzun ömür boyu sürmesini temenni ederiz.

Saygılarımızla, 
La Blanche Island Bodrum Otel Yönetimi"
odamizda-kuf-kokusu-ve-su-sizintisi-sorunu-cozulmuyor,https://www.sikayetvar.com/la-blanche-resort-spa-bodrum/odamizda-kuf-kokusu-ve-su-sizintisi-sorunu-cozulmuyor,BOD160,La Blanche Resort Bodrum,1,USER,24 Ağustos 2025 13:25,Şu görüntüye küflenme yok boya hafif kararmış dedi teknik servis.
oda-hazir-degildi-konaklama-alinamadi-ve-iade-yapilmadi,https://www.sikayetvar.com/ladonia-hotels-zemda/oda-hazir-degildi-konaklama-alinamadi-ve-iade-yapilmadi,BOD077,Ladonia Hotels Zemda,1,USER,8 Ağustos 00:33,"Alınmayan hizmetin ücret iadesi 28 iş günü sonra yapılacağı söylendi. Yani toplamda 1 buçuk ay sonra demek oluyor. Bu yasal ve adil değil, ancak beklememizi istiyorlar."
30-bin-tl-geri-odeme-yapilmiyor-ve-telefonlara-cevap-verilmiyor,https://www.sikayetvar.com/ladonia-hotels-zemda/30-bin-tl-geri-odeme-yapilmiyor-ve-telefonlara-cevap-verilmiyor,BOD077,Ladonia Hotels Zemda,1,USER,13 Temmuz 13:37,Bugün ayin 13 u tekrar aradığımda bana 21 günden önce iade yapamayacaklarını söyleyip tekrar uzattılar sureci. Dedim öncesinde günübirlik yapabiliriz dediniz yapmadınız ayin 1 inde dediniz yapmadınız bu sefer de 21 günden önce Yapamayız diyorsunuz ben inanmıyorum Savcılığa şikayette bulundum dediğimde bana hakaretler ve küfürler saydırmaya başladılar telefonda. Nereden düştüm bu batağa bilmiyorum insani bu kadar kendi parasıyla rezil eden sürükleyen başka bir isletme hayatımda görmedim duymadım
izin-ucretlerim-odenmedi-magdur-edildim,https://www.sikayetvar.com/mare-garden-hotel/izin-ucretlerim-odenmedi-magdur-edildim,BOD010,Mare Garden Hotel,1,USER,25 Aralık 2024 02:01,Hiçbir şekilde dönüş yapılmıyor sevgili şikayet var ailesi lütfen yardımcı olun ben maddiyat derdinde değilim bu gibi durumlar artmasın ve her emekçi emeğinin karşılığını alsın biz böyle güzeliz teşekkürler
petunya-beach-resort-iadesi-31000-tl-gecikmesi-ve-belirsiz-aciklama,https://www.sikayetvar.com/petunya-beach-resort/petunya-beach-resort-iadesi-31000-tl-gecikmesi-ve-belirsiz-aciklama,BOD130,Petunya Beach Resort,1,USER,6 Ağustos 18:22,31 temmuzda muhasebe bölümü iletişime geçti ve 5 Ağustos tarihinde ödeme yapılacağı söylendi. Ödeme 6 ağustosta gerçekleşti. Sorun çözüldü ama süreç bu kadar uzun olmamalı ve geçiştirici cevaplar verilmemeli.
bodrum-petunyada-sozlesmesiz-odeme-ve-28-gun-bekleyen-iade-guvenimi-sarsiyor,https://www.sikayetvar.com/petunya-beach-resort/bodrum-petunyada-sozlesmesiz-odeme-ve-28-gun-bekleyen-iade-guvenimi-sarsiyor,BOD130,Petunya Beach Resort,1,USER,10 Temmuz 11:15,Ücret iadesi yqpildigi için teşekkürler
salmakis-resort-spa-dusakabin-cami-patlamasi,https://www.sikayetvar.com/salmakis-resort-spa/salmakis-resort-spa-dusakabin-cami-patlamasi,BOD045,Salmakis Resort & Spa,1,USER,20 Ağustos 05:05,"Otel, bir gecelik konaklama ücretini iade edeceğini ve sağlık masraflarını karşılayacağını söylemiş, ancak ben tam iade ve ek tazminat talep ediyorum. Şu ana kadar hiçbir ödeme yapılmadı ve otelin ilgisizliği nedeniyle CİMER ve diğer kurumlara başvurdum."
salmakis-resort-spa-dusakabin-cami-patlamasi,https://www.sikayetvar.com/salmakis-resort-spa/salmakis-resort-spa-dusakabin-cami-patlamasi,BOD045,Salmakis Resort & Spa,2,USER,25 Ağustos 00:28,Otelden hiçbir şekilde geri dönüş olmadı hatta giden misafir yorumlarını sürekli takip ediyorum ve gözlerime inanamıyorum
verilen-taahhutlerin-yerine-getirilmemesi-nedeniyle-ucret-iadesi-talebi,https://www.sikayetvar.com/siesta-beach-apart/verilen-taahhutlerin-yerine-getirilmemesi-nedeniyle-ucret-iadesi-talebi,BOD069,Siesta Beach Apart,1,USER,8 Temmuz 23:20,"Şikayetimi ilettim ve 12.180 TL tutarındaki ücretin iadesini talep ediyorum. Otelde vaat edilen hizmetler (açık büfe kahvaltı, klima, televizyon, oda temizliği, sahil hizmeti) sağlanmadı ve talep ettiğim oda değişikliği reddedildi. Şu ana kadar bu konularla ilgili bir gelişme yaşamadım."
the-oba-hotelde-saglik-ve-hijyen-sorunlari,https://www.sikayetvar.com/the-oba-hotel/the-oba-hotelde-saglik-ve-hijyen-sorunlari,BOD153,The Oba Hotel,1,USER,30 Ağustos 2024 18:25,"Salatada çıkan böceği yaşadığımız şok ile çekmemiştik makarnadan kıl çıkınca artık videosunu çektik
İşin en ilginç tarafı durumu ve videoyu tatil asistanlarına bildirmeme rağmen tenezzül edip cevap bile vermediler bırakın bir özürü cevap yazmaya tenezzül bile etmediler"
titanic-luxury-collection-bodrum-saglik-durumum-hicbir-sekilde-dikkate-alinmadi,https://www.sikayetvar.com/titanic-luxury-collection-bodrum/titanic-luxury-collection-bodrum-saglik-durumum-hicbir-sekilde-dikkate-alinmadi,BOD110,Titanic Luxury Collection Bodrum,1,USER,23 Temmuz 17:30,Teşekkürler tatilimizin güzel geçmesi için uğraştınız
alakart-iddiasi-yalan-tekrarlayan-menu-ve-duzensiz-plaj,https://www.sikayetvar.com/very-chic-bodrum/alakart-iddiasi-yalan-tekrarlayan-menu-ve-duzensiz-plaj,BOD072,VERY CHIC BODRUM,1,USER,24 Temmuz 13:43,"Very Chic Bodrum otelinde 13-16 Temmuz 2026 tarihleri arasında konakladım, odada ve restoran menüsünde tekrarlayan ve balık ağırlıklı yemekler, plaj ve tuvalet düzeninde rahatsızlık yaşadım, beklentilerim karşılanmadı."
premium-king-suite-oda-hijyeninde-tekrarlayan-temizlik-problemleri,https://www.sikayetvar.com/xanadu-island/premium-king-suite-oda-hijyeninde-tekrarlayan-temizlik-problemleri,BOD016,Xanadu Island,1,COMPANY,14 Temmuz 16:28,"Değerli Mesut Bey, 

Görüşlerinizi bizimle paylaştığınız için teşekkür ederiz.

Konaklamanız süresince ekibimiz tarafından talepleriniz yakından takip edilmiş ve memnuniyetinizi sağlamak adına gerekli adımlar atılmış olmasına rağmen beklentilerinizi karşılayamamış olmaktan dolayı üzgün olduğumuzu belirtmek isteriz.

Paylaşmış olduğunuz tüm hususlar, ilgili departman yöneticilerimiz tarafından yeniden değerlendirilmiş olup, hizmet ve kalite standartlarımızın sürdürülebilirliği kapsamında gerekli incelemeler titizlikle yürütülmektedir. Misafirlerimizden gelen her geri bildirimi, hizmet süreçlerimizi geliştirmek adına önemli bir fırsat olarak görmekteyiz.

Yaşadığınız olumsuz deneyim nedeniyle üzüntümüzü bir kez daha ifade eder, görüşlerinizi bizimle paylaştığınız için teşekkür ederiz.

Saygılarımızla, 
Xanadu Ekibiniz"
premium-king-suite-oda-hijyeninde-tekrarlayan-temizlik-problemleri,https://www.sikayetvar.com/xanadu-island/premium-king-suite-oda-hijyeninde-tekrarlayan-temizlik-problemleri,BOD016,Xanadu Island,2,USER,16 Temmuz 18:25,Yinede ibrahim Bey'e ve Sefa Beye ilgi ve çözüm görüşleri için tessekür ederim
ultra-her-sey-dahil-otelde-servis-temizlik-ve-plaj-siparislerinde-surekli-aksakliklar,https://www.sikayetvar.com/xanadu-island/ultra-her-sey-dahil-otelde-servis-temizlik-ve-plaj-siparislerinde-surekli-aksakliklar,BOD016,Xanadu Island,1,COMPANY,5 Haziran 14:28,"Değerli Misafirimiz, 

Xanadu Island’ı tercih ettiğiniz ve konaklamanıza ilişkin geri bildiriminizi bizlerle paylaştığınız için teşekkür ederiz.

Konaklamanız süresince özellikle restoran servis süreçleri, oda temizliği ve sipariş sistemi ile ilgili yaşamış olduğunuz memnuniyetsizlik nedeniyle üzgün olduğumuzu belirtmek isteriz. Misafirlerimize konforlu, özenli ve kesintisiz bir hizmet deneyimi sunmak bizim için büyük önem taşımaktadır.

Paylaşmış olduğunuz değerlendirmeler ilgili departmanlarımız tarafından dikkatle incelenmiş olup; servis operasyonları, housekeeping süreçleri, QR sipariş sistemi ve misafir deneyimine yönelik süreçler kapsamında gerekli değerlendirmeler yapılmıştır.

Ayrıca, geri bildiriminiz doğrultusunda tarafınızla iletişime geçilmiş ve memnuniyetinizi esas alan yaklaşımımız çerçevesinde size özel gerekli aksiyonlar alınmıştır.

Görüşleriniz bizim için son derece kıymetlidir. Dilerseniz bizimle her zaman iletişime geçebilirsiniz.

Sizleri gelecekte çok daha keyifli bir konaklama deneyimi için yeniden ağırlamayı arzu ederiz.

Saygılarımızla, 
Xanadu Ekibiniz"
ultra-her-sey-dahil-otelde-bar-servisi-kabusa-donustu,https://www.sikayetvar.com/xanadu-island/ultra-her-sey-dahil-otelde-bar-servisi-kabusa-donustu,BOD016,Xanadu Island,1,COMPANY,5 Haziran 14:33,"Değerli Misafirimiz, 

Xanadu Island’ı tercih ettiğiniz ve konaklamanıza ilişkin geri bildiriminizi bizlerle paylaştığınız için teşekkür ederiz.

Öncelikle, tatiliniz süresince özellikle bar servisi, bekleme süreleri ve operasyonel süreçlerle ilgili yaşamış olduğunuz memnuniyetsizlik nedeniyle üzgün olduğumuzu belirtmek isteriz. Misafirlerimize konforlu, ayrıcalıklı ve kesintisiz bir hizmet deneyimi sunmak bizim için büyük önem taşımaktadır.

Paylaşmış olduğunuz geri bildirimler; servis akışı, personel planlaması, oda teslim süreçleri ve akşam eğlence olanakları dahil olmak üzere ilgili departmanlarımız tarafından dikkatle incelenmiş olup gerekli değerlendirmeler yapılmaktadır.

Aynı zamanda tesisimizin fiziksel yapısı, oda konforu ve personel yaklaşımına ilişkin olumlu değerlendirmeleriniz için teşekkür ederiz.

Geri bildiriminizi daha detaylı değerlendirebilmek adına tarafınıza ulaşmaya çalıştık; ancak ne yazık ki sizinle görüşme fırsatı bulamadık. Dilerseniz bizimle iletişime geçebilirsiniz.

Sizleri gelecekte çok daha keyifli bir tatil deneyimi için yeniden ağırlamayı dileriz.

Saygılarımızla, 
Xanadu Ekibiniz"
otelde-yasanan-ciddi-olay-sonrasi-tatilimizin-yarida-kesilmesi-ve-manevi-magduriyet,https://www.sikayetvar.com/xanadu-island/otelde-yasanan-ciddi-olay-sonrasi-tatilimizin-yarida-kesilmesi-ve-manevi-magduriyet,BOD016,Xanadu Island,1,COMPANY,23 Eylül 2025 16:08,"Sayın Misafirimiz, 

Öncelikle tatilinizin yarıda kesilmesi nedeniyle yaşamış olduğunuz memnuniyetsizlikten dolayı üzgün olduğumuzu belirtmek isteriz. Xanadu Island’da misafirlerimizin huzuru, güvenliği ve memnuniyeti daima önceliğimizdir.

Söz konusu olay yönetim ekiplerimiz tarafından titizlikle incelenmiş, durum ilgili prosedürler çerçevesinde değerlendirilmiş, süreç içerisinde tüm tarafların güvenliğini sağlamak amacıyla gerekli adımlar atılmıştır. Bu doğrultuda konaklamanıza ilişkin ücret tarafınıza iade edilmiştir.

Geri bildiriminiz özenle dikkate alınacak ve hizmet süreçlerimizin geliştirilmesinde yol gösterici olacaktır.

Saygılarımızla, 
Xanadu Ekibiniz"
selectum-hotels-odalar-eski-temizlik-yetersiz-yemek-kalitesi-dusuk-ve-yerli-misafirlere-ayrimcilik,https://www.sikayetvar.com/selectum-hotels/selectum-hotels-odalar-eski-temizlik-yetersiz-yemek-kalitesi-dusuk-ve-yerli-misafirlere-ayrimcilik,BOD012,Selectum Collection Bodrum,1,USER,1 Haziran 17:15,Ücret iadesi talebimle ilgili bir gelişme olmadı ve markanın bana yaklaşımı iyi değildi.
yanlis-mesafe-bilgisi-nedeniyle-saglik-durumuma-uygun-olmayan-otel-rezervasyonu-ve-iade-talebi,https://www.sikayetvar.com/bitez-garden-life-hotel/yanlis-mesafe-bilgisi-nedeniyle-saglik-durumuma-uygun-olmayan-otel-rezervasyonu-ve-iade-talebi,BOD019,Bitez Garden Life Hotel&Suites,1,USER,25 Ağustos 16:44,"19-21 Mayıs tarihleri arasında Etstur üzerinden Bitez Garden Life Hotel’e rezervasyon yaptırdım. Tanıtımda denize uzaklığın 250 metre olduğu belirtilmişti, ancak otelde gerçek mesafenin yaklaşık 900 metre olduğunu fark ettim ve sağlık durumum nedeniyle bu mesafeyi yürümem mümkün olmadı. Otel yetkilileri iade yapmayacaklarını söyledi ve hizmet almadan otelden ayrıldım. Aynı tarihlerde farklı bir otelde konakladığımı gösteren fatura elimde mevcut ve bu durum nedeniyle dava açmayı düşünüyorum."
bodrum-bitez-garden-life-otelde-bocek-ve-rutubet-sorunu-konaklama-iptali-ve-geciken-10000-tl-iade,https://www.sikayetvar.com/bitez-garden-life-hotel/bodrum-bitez-garden-life-otelde-bocek-ve-rutubet-sorunu-konaklama-iptali-ve-geciken-10000-tl-iade,BOD019,Bitez Garden Life Hotel&Suites,1,USER,22 Temmuz 08:36,"Bitez Garden Life Hotel’te konakladığımda odada ve otelde böcekler, yoğun rutubet ve nem vardı; bu yüzden konaklamayı bırakmak zorunda kaldım. Ücret iadesi talebinde bulundum, 10.600 TL iade edildi, kalan 10.000 TL hâlâ ödenmedi ve otel sürekli gecikme sözü veriyor ancak bir adım atılmadı. Bu durumdan çok memnun değilim ve oteli yalancı buluyorum."
160-bin-tllik-konaklamada-kalitesiz-hizmet-ve-haksiz-27-bin-tl-kesinti,https://www.sikayetvar.com/delta-hotels-marriott-bodrum/160-bin-tllik-konaklamada-kalitesiz-hizmet-ve-haksiz-27-bin-tl-kesinti,BOD177,Delta Hotels By Marriott Bodrum,1,USER,20 Temmuz 23:37,ETS Tur değil sabah nöbetçi olan resepsiyon personeli otelin ETS nin sahibinin oteli olduğunu söyledi
hijyen-ve-yatak-sorunlariyla-5-yildizli-otelde-tatil-kabusu,https://www.sikayetvar.com/delta-hotels-marriott-bodrum/hijyen-ve-yatak-sorunlariyla-5-yildizli-otelde-tatil-kabusu,BOD177,Delta Hotels By Marriott Bodrum,1,USER,30 Mayıs 21:23,Hijyen sorunu devam ederken ücretli WC'lerde bile olmayacak kadar pis muslukları kullanmak zorunda kalmaya devam ettik
delta-hotels-marriott-bodrum-otel-konaklamasinda-kayip-esya-ve-ilgisizlik-sorunu,https://www.sikayetvar.com/delta-hotels-marriott-bodrum/delta-hotels-marriott-bodrum-otel-konaklamasinda-kayip-esya-ve-ilgisizlik-sorunu,BOD177,Delta Hotels By Marriott Bodrum,1,USER,16 Eylül 2024 22:56,13.09.2024 tarihinde uzun uğraşlarım sonucunda otelin Güvenlik Müdürü Ş*** beye ulaştım. Kendisiyle telefonda konuşurken kamera kayıtlarını izledi ve kıyafetlerimizi buldu. Ertesi gün de kargoya verdi ve her adımda bizi bilgilendirdi. 16.09.2024 tarihinde de kıyafetlerimiz geldi. Ş*** beye yardımları için çok teşekkür ederiz.
diamond-of-bodrum-5-yildizli-otelde-donuyoruz-video,https://www.sikayetvar.com/diamond-of-bodrum/diamond-of-bodrum-5-yildizli-otelde-donuyoruz-video,BOD040,Diamond of Bodrum Hotel,1,USER,30 Mart 2025 04:06,Hala hiçbir şekilde geri dönüş yapılmayan bir otel! Saç kurutma makinesiyle ısınmaya çalışıyoruz bebeğim soğuktan tüm gece uyuyamadı ağladı çocuğum hastalandığında bunun açıklamasını kim yapacak?
jasmin-beach-hotels-cocuklarimla-tatil-yapmakta-zorluk-yasiyorum,https://www.sikayetvar.com/jasmin-beach-hotels/jasmin-beach-hotels-cocuklarimla-tatil-yapmakta-zorluk-yasiyorum,BOD063,Jasmin Beach Hotel,1,COMPANY,20 Haziran 2025 11:36,"Merhaba, 
Bir iletişim eksikliği yaşanmış olabilir. Lütfen tarafımıza ulaşabilir misiniz? Yardımcı olalım.
Jasmın Beach Hotel 

Mail adresimize iletişim bilgilerinizi yazabilirseniz biz de sizi arayabiliriz. İyi günler."
jasmin-beach-hotels-cocuklarimla-tatil-yapmakta-zorluk-yasiyorum,https://www.sikayetvar.com/jasmin-beach-hotels/jasmin-beach-hotels-cocuklarimla-tatil-yapmakta-zorluk-yasiyorum,BOD063,Jasmin Beach Hotel,2,USER,20 Haziran 2025 13:54,Otel yetkilisi ile görüştüm. Sorunumu çözdüler. Teşekkürler
jasmin-beach-hotels-cocuklarimla-tatil-yapmakta-zorluk-yasiyorum,https://www.sikayetvar.com/jasmin-beach-hotels/jasmin-beach-hotels-cocuklarimla-tatil-yapmakta-zorluk-yasiyorum,BOD063,Jasmin Beach Hotel,3,USER,20 Haziran 2025 13:56,"Otel Yetkilisi sorunuma ilgili davrandı ve çözüm üretti, F**** Beye ilgi ve alakasından ötürü teşekkür ediyorum."
lujo-hotel-kaybolan-esyalarim-konusunda-ciddiye-alinmadim,https://www.sikayetvar.com/lujo-hotel/lujo-hotel-kaybolan-esyalarim-konusunda-ciddiye-alinmadim,BOD108,Lujo Hotel Bodrum,1,USER,27 Temmuz 21:34,"Lujo Hotel'de konakladığımda, odadan çıkarken rimel ve göz kalemimi unuttuğumu bildirdim, asistan ""baktırıyoruz"" dedi ancak bir gün içinde geri dönüş almadım. Tekrar sorduğumda bulunamadığını söylediler ve personel eşyalarımın bende olması gerektiğini, tutumunu saygısız bulduğumu belirttim. Şu ana kadar hiçbir çözüm veya açıklama gelmedi."
oda-ve-ortak-alanlarda-hijyen-sorunu,https://www.sikayetvar.com/my-ella-resort-spa/oda-ve-ortak-alanlarda-hijyen-sorunu,BOD161,MyElla Hotel Resort & Spa,1,USER,16 Temmuz 20:06,Yemede kıl çıktı yemekler bayat önceki günden kalan yemekler tekrar sunuluyordu 3 gün boyunca dışarıdan yemek yedik sözde full pansiyon rezervasyon şeklinde gittik otopark sorunu zaten başlı başınca saçmalık personeller bir şey isteyeceğiz diye adeta kafasını çeviriyor 3 gün konakladığımız tarihte hiç denize giremedik yemin ederim şezlong sayısı zaten az hayvan kokusu havuz etrafını sarmış durumda inanın anlatmakla bitecek bir şey değil parasına düşman olan varsa bu otelde konaklasın...
unutulan-tablet-ve-dis-plak-kabinin-kargoya-verilmemesi-ve-operasyon-sefinin-dusuk-ilgisi,https://www.sikayetvar.com/my-ella-resort-spa/unutulan-tablet-ve-dis-plak-kabinin-kargoya-verilmemesi-ve-operasyon-sefinin-dusuk-ilgisi,BOD161,MyElla Hotel Resort & Spa,1,USER,20 Temmuz 11:57,Üç haftalık süre geçmesine rağmen hala kargomuz yollanmadı elimize ulaşmadı ve aradığım halde hiçbir cevap veremiyorlar takip numarası verin diyorum yok diyorlar onu diyorum cevap vermiyorlar kesinlikle yaklaşım çok kötü
havuzda-yasanan-kaza-tatilimizi-mahvetti-cozum-sunulmadi,https://www.sikayetvar.com/my-ella-resort-spa/havuzda-yasanan-kaza-tatilimizi-mahvetti-cozum-sunulmadi,BOD161,MyElla Hotel Resort & Spa,1,USER,24 Eylül 2025 16:47,Eşim görevden geldi ve adam akıllı iznimiz yoktu ama öyle bir kesildiki ne havuza ne denize girebildi yattı durdu  odalar çok pis özellikle lavabolar. Hadi her şeyi geçtim siz o fayansların halini görmüyor musunuz?
my-ella-resort-spakonaklama-icin-geldigim-otelde-param-ile-rezil-oldum,https://www.sikayetvar.com/my-ella-resort-spa/my-ella-resort-spakonaklama-icin-geldigim-otelde-param-ile-rezil-oldum,BOD161,MyElla Hotel Resort & Spa,1,USER,7 Haziran 2025 00:01,Bu şikayetimğ CİMER'den de yapacağım
beach-otelinde-temizlik-yemek-ve-saygisiz-yonetim-sikayeti,https://www.sikayetvar.com/royal-asarlik-beach/beach-otelinde-temizlik-yemek-ve-saygisiz-yonetim-sikayeti,BOD066,Royal Asarlik Beach Hotel & Spa,1,USER,11 Ağustos 11:44,"Royal Asarlık Beach otelinde 25‑07‑2026 – 29‑07‑2026 tarihleri arasında konakladım, temizlik, hijyen, hizmet kalitesi ve personel davranışı konusunda ciddi eksiklikler yaşadım. Otel müdürünün kaba tutumu ve geri dönüş alamamam nedeniyle hayal kırıklığına uğradım. Şu ana kadar otelle bir iletişim kurulamıyor ve ücret iadesi talebime bir gelişme olmadı."
royal-asarlik-beach-hotelde-son-dakika-otel-degisikligi-ve-magduriyet,https://www.sikayetvar.com/royal-asarlik-beach/royal-asarlik-beach-hotelde-son-dakika-otel-degisikligi-ve-magduriyet,BOD066,Royal Asarlik Beach Hotel & Spa,1,USER,24 Mayıs 18:34,Herhangi bir özür dilenmedi sonuç getirilmedi otelde konaklamaktayım şu an için herhangi bir yer değiştirme kesinlikle yapmayacağım
royal-asarlik-beach-hotelde-son-dakika-otel-degisikligi-ve-magduriyet,https://www.sikayetvar.com/royal-asarlik-beach/royal-asarlik-beach-hotelde-son-dakika-otel-degisikligi-ve-magduriyet,BOD066,Royal Asarlik Beach Hotel & Spa,2,USER,27 Mayıs 12:06,Maalesef mağdur olduk aşırı derecede nefret ettim bu turdan aklı olan kimse miki turu tercih bile etmesin
otelin-musterilere-esit-davranmamasi-ve-ayrimcilik,https://www.sikayetvar.com/royal-asarlik-beach/otelin-musterilere-esit-davranmamasi-ve-ayrimcilik,BOD066,Royal Asarlik Beach Hotel & Spa,1,USER,31 Temmuz 2025 16:29,Royal Asarlık Beach Tatilbudur.com aracılığıyla geldiğim ve hayal kırıklığına uğradığım bir otel oldu. Otel içerisinde otorite 0 üst birimler ve alt birimler arasında tamamen bir iletişim kopukluğu mevcut asla çözümcül yaklaşmıyorlar derdimi anlatıyorum fakat geçiştiriyorlar hallettik diyerek gönderiyorlar fakat bir bakıyoruz değişen bir şey yok vakit kaybı yaşıyoruz
otelin-hijyen-eksikligi-ve-calisanlarin-saygisiz-tavirlari-tatilimizi-mahvetti,https://www.sikayetvar.com/royal-asarlik-beach/otelin-hijyen-eksikligi-ve-calisanlarin-saygisiz-tavirlari-tatilimizi-mahvetti,BOD066,Royal Asarlik Beach Hotel & Spa,1,USER,23 Temmuz 2025 20:01,Salatalarda sinekler geziniyor yiyemiyoruz.
