hotel_id,hotel_name,area,sikayetvar_company_name,source_page,complaint_url,canonical_complaint_url,discovered_page,discovered_at,entity_match_status,entity_match_score
BOD158,Arin Resort Bodrum,Turgutreis,Arin Resort Bodrum,https://www.sikayetvar.com/arin-resort-bodrum,https://www.sikayetvar.com/arin-resort-bodrum/arin-resort-bodrum-memnuniyetsizligi,https://www.sikayetvar.com/arin-resort-bodrum/arin-resort-bodrum-memnuniyetsizligi,1,2026-08-25T12:56:18.965457+00:00,COMPLAINT_MATCHED,
BOD112,Azure By Yelken Hotel,Kadıkalesi,Azure by Yelken Hotel,https://www.sikayetvar.com/azure-by-yelken-hotel,https://www.sikayetvar.com/azure-by-yelken-hotel/plaj-yaniltmasi-ve-guvenlik-endisesi-nedeniyle-tam-iptal-ve-80126-tl-iade-talebi,https://www.sikayetvar.com/azure-by-yelken-hotel/plaj-yaniltmasi-ve-guvenlik-endisesi-nedeniyle-tam-iptal-ve-80126-tl-iade-talebi,1,2026-08-25T12:56:24.349286+00:00,COMPLAINT_MATCHED,
BOD112,Azure By Yelken Hotel,Kadıkalesi,Azure by Yelken Hotel,https://www.sikayetvar.com/azure-by-yelken-hotel,https://www.sikayetvar.com/azure-by-yelken-hotel/soz-verilen-2500-tl-kampanya-odulu-alinmadi-ve-yaniltici-bilgilendirme,https://www.sikayetvar.com/azure-by-yelken-hotel/soz-verilen-2500-tl-kampanya-odulu-alinmadi-ve-yaniltici-bilgilendirme,1,2026-08-25T12:56:24.349286+00:00,COMPLAINT_MATCHED,
BOD112,Azure By Yelken Hotel,Kadıkalesi,Azure by Yelken Hotel,https://www.sikayetvar.com/azure-by-yelken-hotel,https://www.sikayetvar.com/azure-by-yelken-hotel/azure-by-yelken-otelinde-temizlik-ve-hizmet-sorunlari-iade-talebi,https://www.sikayetvar.com/azure-by-yelken-hotel/azure-by-yelken-otelinde-temizlik-ve-hizmet-sorunlari-iade-talebi,1,2026-08-25T12:56:24.349286+00:00,COMPLAINT_MATCHED,
BOD112,Azure By Yelken Hotel,Kadıkalesi,Azure by Yelken Hotel,https://www.sikayetvar.com/azure-by-yelken-hotel,https://www.sikayetvar.com/azure-by-yelken-hotel/ultra-her-sey-dahil-konseptinde-lobi-bar-ve-snack-bar-kapanmasi-ve-hamburger-ekmek-eksikligi-nedeniyle-ucret-iadesi-talebi,https://www.sikayetvar.com/azure-by-yelken-hotel/ultra-her-sey-dahil-konseptinde-lobi-bar-ve-snack-bar-kapanmasi-ve-hamburger-ekmek-eksikligi-nedeniyle-ucret-iadesi-talebi,1,2026-08-25T12:56:24.349286+00:00,COMPLAINT_MATCHED,
BOD112,Azure By Yelken Hotel,Kadıkalesi,Azure by Yelken Hotel,https://www.sikayetvar.com/azure-by-yelken-hotel,https://www.sikayetvar.com/azure-by-yelken-hotel/yetersiz-yemek-ve-icecek-sikici-aksam-etkinlikleriyle-hayal-kirikligi,https://www.sikayetvar.com/azure-by-yelken-hotel/yetersiz-yemek-ve-icecek-sikici-aksam-etkinlikleriyle-hayal-kirikligi,1,2026-08-25T12:56:24.349286+00:00,COMPLAINT_MATCHED,
BOD112,Azure By Yelken Hotel,Kadıkalesi,Azure by Yelken Hotel,https://www.sikayetvar.com/azure-by-yelken-hotel,https://www.sikayetvar.com/azure-by-yelken-hotel/personel-yetersizligi-ve-hijyen-sorunlari-tatil-deneyimini-mahvediyor,https://www.sikayetvar.com/azure-by-yelken-hotel/personel-yetersizligi-ve-hijyen-sorunlari-tatil-deneyimini-mahvediyor,1,2026-08-25T12:56:24.349286+00:00,COMPLAINT_MATCHED,
BOD112,Azure By Yelken Hotel,Kadıkalesi,Azure by Yelken Hotel,https://www.sikayetvar.com/azure-by-yelken-hotel,https://www.sikayetvar.com/azure-by-yelken-hotel/hijyen-ve-hizmet-cokusu-azur-by-yelken-bodrum-otelinde,https://www.sikayetvar.com/azure-by-yelken-hotel/hijyen-ve-hizmet-cokusu-azur-by-yelken-bodrum-otelinde,1,2026-08-25T12:56:24.349286+00:00,COMPLAINT_MATCHED,
BOD112,Azure By Yelken Hotel,Kadıkalesi,Azure by Yelken Hotel,https://www.sikayetvar.com/azure-by-yelken-hotel,https://www.sikayetvar.com/azure-by-yelken-hotel/azure-by-yelken-hotel-yoneticinin-ayrimci-sozleri,https://www.sikayetvar.com/azure-by-yelken-hotel/azure-by-yelken-hotel-yoneticinin-ayrimci-sozleri,1,2026-08-25T12:56:24.349286+00:00,COMPLAINT_MATCHED,
BOD112,Azure By Yelken Hotel,Kadıkalesi,Azure by Yelken Hotel,https://www.sikayetvar.com/azure-by-yelken-hotel,https://www.sikayetvar.com/azure-by-yelken-hotel/oda-temizligi-ve-eksik-malzeme-sorunlari-cozulmedi-kotu-koku-giderilmedi,https://www.sikayetvar.com/azure-by-yelken-hotel/oda-temizligi-ve-eksik-malzeme-sorunlari-cozulmedi-kotu-koku-giderilmedi,1,2026-08-25T12:56:24.349286+00:00,COMPLAINT_MATCHED,
BOD112,Azure By Yelken Hotel,Kadıkalesi,Azure by Yelken Hotel,https://www.sikayetvar.com/azure-by-yelken-hotel,https://www.sikayetvar.com/azure-by-yelken-hotel/5-yildizli-otelde-temizlik-ve-ilgi-yok-odedigim-hizmetin-karsiligini-alamadim,https://www.sikayetvar.com/azure-by-yelken-hotel/5-yildizli-otelde-temizlik-ve-ilgi-yok-odedigim-hizmetin-karsiligini-alamadim,1,2026-08-25T12:56:24.349286+00:00,COMPLAINT_MATCHED,
BOD112,Azure By Yelken Hotel,Kadıkalesi,Azure by Yelken Hotel,https://www.sikayetvar.com/azure-by-yelken-hotel,https://www.sikayetvar.com/azure-by-yelken-hotel/hayal-kirikligi-yaratan-oda-ve-eksik-hizmet-icin-tam-iade-talebim-var,https://www.sikayetvar.com/azure-by-yelken-hotel/hayal-kirikligi-yaratan-oda-ve-eksik-hizmet-icin-tam-iade-talebim-var,1,2026-08-25T12:56:24.349286+00:00,COMPLAINT_MATCHED,
BOD112,Azure By Yelken Hotel,Kadıkalesi,Azure by Yelken Hotel,https://www.sikayetvar.com/azure-by-yelken-hotel,https://www.sikayetvar.com/azure-by-yelken-hotel/azure-by-yelken-otel-bodrumda-hijyen-ve-hizmette-ciddi-eksiklikler-tatilbudurda-yaniltici-bilgilendirme,https://www.sikayetvar.com/azure-by-yelken-hotel/azure-by-yelken-otel-bodrumda-hijyen-ve-hizmette-ciddi-eksiklikler-tatilbudurda-yaniltici-bilgilendirme,1,2026-08-25T12:56:24.349286+00:00,COMPLAINT_MATCHED,
BOD112,Azure By Yelken Hotel,Kadıkalesi,Azure by Yelken Hotel,https://www.sikayetvar.com/azure-by-yelken-hotel,https://www.sikayetvar.com/azure-by-yelken-hotel/bodrumda-yuksek-ucretle-karsilasilan-ciddi-hijyen-sorunlari,https://www.sikayetvar.com/azure-by-yelken-hotel/bodrumda-yuksek-ucretle-karsilasilan-ciddi-hijyen-sorunlari,1,2026-08-25T12:56:24.349286+00:00,COMPLAINT_MATCHED,
BOD112,Azure By Yelken Hotel,Kadıkalesi,Azure by Yelken Hotel,https://www.sikayetvar.com/azure-by-yelken-hotel,https://www.sikayetvar.com/azure-by-yelken-hotel/otelin-hijyen-eksikligi-nedeniyle-ailecek-ciddi-saglik-sorunlari-yasadik,https://www.sikayetvar.com/azure-by-yelken-hotel/otelin-hijyen-eksikligi-nedeniyle-ailecek-ciddi-saglik-sorunlari-yasadik,1,2026-08-25T12:56:24.349286+00:00,COMPLAINT_MATCHED,
BOD112,Azure By Yelken Hotel,Kadıkalesi,Azure by Yelken Hotel,https://www.sikayetvar.com/azure-by-yelken-hotel,https://www.sikayetvar.com/azure-by-yelken-hotel/azure-by-yelken-hotel-kisa-sureli-konaklamada-yuksek-ucret-kesintisi-ve-deniz-sorunu,https://www.sikayetvar.com/azure-by-yelken-hotel/azure-by-yelken-hotel-kisa-sureli-konaklamada-yuksek-ucret-kesintisi-ve-deniz-sorunu,1,2026-08-25T12:56:24.349286+00:00,COMPLAINT_MATCHED,
BOD112,Azure By Yelken Hotel,Kadıkalesi,Azure by Yelken Hotel,https://www.sikayetvar.com/azure-by-yelken-hotel,https://www.sikayetvar.com/azure-by-yelken-hotel/otelin-denizinin-kotu-olmasi-ve-haksiz-rezervasyon-kesintisi,https://www.sikayetvar.com/azure-by-yelken-hotel/otelin-denizinin-kotu-olmasi-ve-haksiz-rezervasyon-kesintisi,1,2026-08-25T12:56:24.349286+00:00,COMPLAINT_MATCHED,
BOD112,Azure By Yelken Hotel,Kadıkalesi,Azure by Yelken Hotel,https://www.sikayetvar.com/azure-by-yelken-hotel,https://www.sikayetvar.com/azure-by-yelken-hotel/oglum-icin-uygun-yatak-saglanmadi-personel-ilgisiz-ve-temizlik-sorunlari-var,https://www.sikayetvar.com/azure-by-yelken-hotel/oglum-icin-uygun-yatak-saglanmadi-personel-ilgisiz-ve-temizlik-sorunlari-var,1,2026-08-25T12:56:24.349286+00:00,COMPLAINT_MATCHED,
BOD112,Azure By Yelken Hotel,Kadıkalesi,Azure by Yelken Hotel,https://www.sikayetvar.com/azure-by-yelken-hotel,https://www.sikayetvar.com/azure-by-yelken-hotel/hijyen-ve-hizmet-eksiklikleri-hayal-kirikligi-yaratti,https://www.sikayetvar.com/azure-by-yelken-hotel/hijyen-ve-hizmet-eksiklikleri-hayal-kirikligi-yaratti,1,2026-08-25T12:56:24.349286+00:00,COMPLAINT_MATCHED,
BOD112,Azure By Yelken Hotel,Kadıkalesi,Azure by Yelken Hotel,https://www.sikayetvar.com/azure-by-yelken-hotel,https://www.sikayetvar.com/azure-by-yelken-hotel/hijyen-eksikligi-ve-cozum-sunulmayan-otelde-magduriyet-yasadim,https://www.sikayetvar.com/azure-by-yelken-hotel/hijyen-eksikligi-ve-cozum-sunulmayan-otelde-magduriyet-yasadim,1,2026-08-25T12:56:24.349286+00:00,COMPLAINT_MATCHED,
BOD112,Azure By Yelken Hotel,Kadıkalesi,Azure by Yelken Hotel,https://www.sikayetvar.com/azure-by-yelken-hotel,https://www.sikayetvar.com/azure-by-yelken-hotel/azure-by-yelken-hotelde-zehirlenenler,https://www.sikayetvar.com/azure-by-yelken-hotel/azure-by-yelken-hotelde-zehirlenenler,1,2026-08-25T12:56:24.349286+00:00,COMPLAINT_MATCHED,
BOD112,Azure By Yelken Hotel,Kadıkalesi,Azure by Yelken Hotel,https://www.sikayetvar.com/azure-by-yelken-hotel,https://www.sikayetvar.com/azure-by-yelken-hotel/rezervasyonum-eksik-oda-ve-yatakla-hayal-kirikligina-donustu,https://www.sikayetvar.com/azure-by-yelken-hotel/rezervasyonum-eksik-oda-ve-yatakla-hayal-kirikligina-donustu,1,2026-08-25T12:56:24.349286+00:00,COMPLAINT_MATCHED,
BOD112,Azure By Yelken Hotel,Kadıkalesi,Azure by Yelken Hotel,https://www.sikayetvar.com/azure-by-yelken-hotel,https://www.sikayetvar.com/azure-by-yelken-hotel/tatilbudurda-hayal-kirikligi-temizlik-hizmet-ve-konfor-sorunlari,https://www.sikayetvar.com/azure-by-yelken-hotel/tatilbudurda-hayal-kirikligi-temizlik-hizmet-ve-konfor-sorunlari,1,2026-08-25T12:56:24.349286+00:00,COMPLAINT_MATCHED,
BOD112,Azure By Yelken Hotel,Kadıkalesi,Azure by Yelken Hotel,https://www.sikayetvar.com/azure-by-yelken-hotel,https://www.sikayetvar.com/azure-by-yelken-hotel/otel-yonetimi-ve-hizmet-kalitesi-hayal-kirikligi-yaratti,https://www.sikayetvar.com/azure-by-yelken-hotel/otel-yonetimi-ve-hizmet-kalitesi-hayal-kirikligi-yaratti,2,2026-08-25T12:56:24.349286+00:00,COMPLAINT_MATCHED,
BOD112,Azure By Yelken Hotel,Kadıkalesi,Azure by Yelken Hotel,https://www.sikayetvar.com/azure-by-yelken-hotel,https://www.sikayetvar.com/azure-by-yelken-hotel/gece-gurultusu-ve-yetersiz-hizmetler-nedeniyle-memnuniyetsizlik,https://www.sikayetvar.com/azure-by-yelken-hotel/gece-gurultusu-ve-yetersiz-hizmetler-nedeniyle-memnuniyetsizlik,2,2026-08-25T12:56:24.349286+00:00,COMPLAINT_MATCHED,
BOD112,Azure By Yelken Hotel,Kadıkalesi,Azure by Yelken Hotel,https://www.sikayetvar.com/azure-by-yelken-hotel,https://www.sikayetvar.com/azure-by-yelken-hotel/azure-by-yelken-hotel-sikayetciyim,https://www.sikayetvar.com/azure-by-yelken-hotel/azure-by-yelken-hotel-sikayetciyim,2,2026-08-25T12:56:24.349286+00:00,COMPLAINT_MATCHED,
BOD112,Azure By Yelken Hotel,Kadıkalesi,Azure by Yelken Hotel,https://www.sikayetvar.com/azure-by-yelken-hotel,https://www.sikayetvar.com/azure-by-yelken-hotel/azure-by-yelken-hotel-azure-by-yelken-odamizin-baska-birine-ayni-anda-satilmasi-ve-magduriyet,https://www.sikayetvar.com/azure-by-yelken-hotel/azure-by-yelken-hotel-azure-by-yelken-odamizin-baska-birine-ayni-anda-satilmasi-ve-magduriyet,2,2026-08-25T12:56:24.349286+00:00,COMPLAINT_MATCHED,
BOD004,Bendis Beach Hotel,Akyarlar,Bendis Beach Hotel,https://www.sikayetvar.com/bendis-beach-hotel,https://www.sikayetvar.com/bendis-beach-hotel/bendis-beach-otelde-hijyen-ve-yemek-kalitesindeki-buyuk-hayal-kirikligi,https://www.sikayetvar.com/bendis-beach-hotel/bendis-beach-otelde-hijyen-ve-yemek-kalitesindeki-buyuk-hayal-kirikligi,1,2026-08-25T12:56:27.923159+00:00,COMPLAINT_MATCHED,
BOD004,Bendis Beach Hotel,Akyarlar,Bendis Beach Hotel,https://www.sikayetvar.com/bendis-beach-hotel,https://www.sikayetvar.com/bendis-beach-hotel/bendis-beach-otelde-dusakabin-cami-patladi-anne-ciddi-yaralandi-ve-iade-reddi,https://www.sikayetvar.com/bendis-beach-hotel/bendis-beach-otelde-dusakabin-cami-patladi-anne-ciddi-yaralandi-ve-iade-reddi,1,2026-08-25T12:56:27.923159+00:00,COMPLAINT_MATCHED,
BOD004,Bendis Beach Hotel,Akyarlar,Bendis Beach Hotel,https://www.sikayetvar.com/bendis-beach-hotel,https://www.sikayetvar.com/bendis-beach-hotel/sahilde-dus-ve-tuvalet-yok-tekrarlanan-yemekler-ve-kaba-personel,https://www.sikayetvar.com/bendis-beach-hotel/sahilde-dus-ve-tuvalet-yok-tekrarlanan-yemekler-ve-kaba-personel,1,2026-08-25T12:56:27.923159+00:00,COMPLAINT_MATCHED,
BOD004,Bendis Beach Hotel,Akyarlar,Bendis Beach Hotel,https://www.sikayetvar.com/bendis-beach-hotel,https://www.sikayetvar.com/bendis-beach-hotel/bendis-beach-akyarlar-otelinde-hijyen-ve-konfor-sorunlari,https://www.sikayetvar.com/bendis-beach-hotel/bendis-beach-akyarlar-otelinde-hijyen-ve-konfor-sorunlari,1,2026-08-25T12:56:27.923159+00:00,COMPLAINT_MATCHED,
BOD004,Bendis Beach Hotel,Akyarlar,Bendis Beach Hotel,https://www.sikayetvar.com/bendis-beach-hotel,https://www.sikayetvar.com/bendis-beach-hotel/menu-cesitliligi-eksikligi-ve-lezzet-sorunu,https://www.sikayetvar.com/bendis-beach-hotel/menu-cesitliligi-eksikligi-ve-lezzet-sorunu,1,2026-08-25T12:56:27.923159+00:00,COMPLAINT_MATCHED,
BOD004,Bendis Beach Hotel,Akyarlar,Bendis Beach Hotel,https://www.sikayetvar.com/bendis-beach-hotel,https://www.sikayetvar.com/bendis-beach-hotel/balayi-cifti-olarak-rezervasyonumuz-karsilanmadi-eksik-iade-yapildi,https://www.sikayetvar.com/bendis-beach-hotel/balayi-cifti-olarak-rezervasyonumuz-karsilanmadi-eksik-iade-yapildi,1,2026-08-25T12:56:27.923159+00:00,COMPLAINT_MATCHED,
BOD004,Bendis Beach Hotel,Akyarlar,Bendis Beach Hotel,https://www.sikayetvar.com/bendis-beach-hotel,https://www.sikayetvar.com/bendis-beach-hotel/bendis-beach-hotelde-hijyen-ve-hizmet-faciasi-paramiz-cope-gitti,https://www.sikayetvar.com/bendis-beach-hotel/bendis-beach-hotelde-hijyen-ve-hizmet-faciasi-paramiz-cope-gitti,1,2026-08-25T12:56:27.923159+00:00,COMPLAINT_MATCHED,
BOD004,Bendis Beach Hotel,Akyarlar,Bendis Beach Hotel,https://www.sikayetvar.com/bendis-beach-hotel,https://www.sikayetvar.com/bendis-beach-hotel/bendis-beach-otelde-hijyen-ve-hizmet-kalitesi-buyuk-hayal-kirikligi-yaratti,https://www.sikayetvar.com/bendis-beach-hotel/bendis-beach-otelde-hijyen-ve-hizmet-kalitesi-buyuk-hayal-kirikligi-yaratti,1,2026-08-25T12:56:27.923159+00:00,COMPLAINT_MATCHED,
BOD004,Bendis Beach Hotel,Akyarlar,Bendis Beach Hotel,https://www.sikayetvar.com/bendis-beach-hotel,https://www.sikayetvar.com/bendis-beach-hotel/otelin-su-kaynagi-belirsizligi-sagligimizi-tehdit-ediyor,https://www.sikayetvar.com/bendis-beach-hotel/otelin-su-kaynagi-belirsizligi-sagligimizi-tehdit-ediyor,1,2026-08-25T12:56:27.923159+00:00,COMPLAINT_MATCHED,
BOD004,Bendis Beach Hotel,Akyarlar,Bendis Beach Hotel,https://www.sikayetvar.com/bendis-beach-hotel,https://www.sikayetvar.com/bendis-beach-hotel/bendis-beach-hotel-hamam-sauna-sikayet,https://www.sikayetvar.com/bendis-beach-hotel/bendis-beach-hotel-hamam-sauna-sikayet,1,2026-08-25T12:56:27.923159+00:00,COMPLAINT_MATCHED,
BOD004,Bendis Beach Hotel,Akyarlar,Bendis Beach Hotel,https://www.sikayetvar.com/bendis-beach-hotel,https://www.sikayetvar.com/bendis-beach-hotel/bendis-beach-hotel-tatil-hayal-kirikligi-hizmet-ve-hijyen-sorunlari,https://www.sikayetvar.com/bendis-beach-hotel/bendis-beach-hotel-tatil-hayal-kirikligi-hizmet-ve-hijyen-sorunlari,1,2026-08-25T12:56:27.923159+00:00,COMPLAINT_MATCHED,
BOD004,Bendis Beach Hotel,Akyarlar,Bendis Beach Hotel,https://www.sikayetvar.com/bendis-beach-hotel,https://www.sikayetvar.com/bendis-beach-hotel/ets-tur-bendis-beach,https://www.sikayetvar.com/bendis-beach-hotel/ets-tur-bendis-beach,1,2026-08-25T12:56:27.923159+00:00,COMPLAINT_MATCHED,
BOD058,Bodrum Beach Resort,Gümbet,Bodrum Beach Resort,https://www.sikayetvar.com/bodrum-beach-resort,https://www.sikayetvar.com/bodrum-beach-resort/iptal-edilen-rezervasyon-ucretinin-iadesi-surekli-erteleniyor,https://www.sikayetvar.com/bodrum-beach-resort/iptal-edilen-rezervasyon-ucretinin-iadesi-surekli-erteleniyor,1,2026-08-25T12:56:30.856967+00:00,COMPLAINT_MATCHED,
BOD058,Bodrum Beach Resort,Gümbet,Bodrum Beach Resort,https://www.sikayetvar.com/bodrum-beach-resort,https://www.sikayetvar.com/bodrum-beach-resort/bodrum-beach-resortta-iptal-edilen-rezervasyonun-iadesi-28-gun-boyunca-gelmedi,https://www.sikayetvar.com/bodrum-beach-resort/bodrum-beach-resortta-iptal-edilen-rezervasyonun-iadesi-28-gun-boyunca-gelmedi,1,2026-08-25T12:56:30.856967+00:00,COMPLAINT_MATCHED,
BOD058,Bodrum Beach Resort,Gümbet,Bodrum Beach Resort,https://www.sikayetvar.com/bodrum-beach-resort,https://www.sikayetvar.com/bodrum-beach-resort/bodrum-beach-resort-banyoyu-su-basiyor-video,https://www.sikayetvar.com/bodrum-beach-resort/bodrum-beach-resort-banyoyu-su-basiyor-video,1,2026-08-25T12:56:30.856967+00:00,COMPLAINT_MATCHED,
BOD038,Casa Mare Bodrum,Bodrum Merkez,Casa Mare Bodrum,https://www.sikayetvar.com/casa-mare-bodrum,https://www.sikayetvar.com/casa-mare-bodrum/casa-mare-bodrum-ucret-iade-talebi,https://www.sikayetvar.com/casa-mare-bodrum/casa-mare-bodrum-ucret-iade-talebi,1,2026-08-25T12:56:34.075359+00:00,COMPLAINT_MATCHED,
BOD120,Celeste Bella Luxury Hotel & Spa,Ortakent-Yahşi,Celeste Bella Luxury Hotel & Spa,https://www.sikayetvar.com/celeste-bella-luxury-hotel-spa,https://www.sikayetvar.com/celeste-bella-luxury-hotel-spa/celeste-bella-luxury-hotel-spa-memnuniyetsizligi,https://www.sikayetvar.com/celeste-bella-luxury-hotel-spa/celeste-bella-luxury-hotel-spa-memnuniyetsizligi,1,2026-08-25T12:56:37.204715+00:00,COMPLAINT_MATCHED,
BOD120,Celeste Bella Luxury Hotel & Spa,Ortakent-Yahşi,Celeste Bella Luxury Hotel & Spa,https://www.sikayetvar.com/celeste-bella-luxury-hotel-spa,https://www.sikayetvar.com/celeste-bella-luxury-hotel-spa/celeste-bella-luxury-hotel-spa-kirli-oda-faciasi,https://www.sikayetvar.com/celeste-bella-luxury-hotel-spa/celeste-bella-luxury-hotel-spa-kirli-oda-faciasi,1,2026-08-25T12:56:37.204715+00:00,COMPLAINT_MATCHED,
BOD006,Club Marma Hotel,Akyarlar,Club Marma Hotel Bodrum,https://www.sikayetvar.com/club-marma-hotel-bodrum,https://www.sikayetvar.com/club-marma-hotel-bodrum/otelin-hijyen-sorunlari-ve-isletme-sahibinin-kabul-edilemez-davranisi,https://www.sikayetvar.com/club-marma-hotel-bodrum/otelin-hijyen-sorunlari-ve-isletme-sahibinin-kabul-edilemez-davranisi,1,2026-08-25T12:56:40.358356+00:00,COMPLAINT_MATCHED,
BOD006,Club Marma Hotel,Akyarlar,Club Marma Hotel Bodrum,https://www.sikayetvar.com/club-marma-hotel-bodrum,https://www.sikayetvar.com/club-marma-hotel-bodrum/otel-isletmecisinin-davranislari-ve-kotu-kosullar-hayal-kirikligi-yaratti,https://www.sikayetvar.com/club-marma-hotel-bodrum/otel-isletmecisinin-davranislari-ve-kotu-kosullar-hayal-kirikligi-yaratti,1,2026-08-25T12:56:40.358356+00:00,COMPLAINT_MATCHED,
BOD006,Club Marma Hotel,Akyarlar,Club Marma Hotel Bodrum,https://www.sikayetvar.com/club-marma-hotel-bodrum,https://www.sikayetvar.com/club-marma-hotel-bodrum/otel-isletmecisinin-hakaret-ve-kotu-davranisi-etkinligimizi-mahvetti,https://www.sikayetvar.com/club-marma-hotel-bodrum/otel-isletmecisinin-hakaret-ve-kotu-davranisi-etkinligimizi-mahvetti,1,2026-08-25T12:56:40.358356+00:00,COMPLAINT_MATCHED,
BOD006,Club Marma Hotel,Akyarlar,Club Marma Hotel Bodrum,https://www.sikayetvar.com/club-marma-hotel-bodrum,https://www.sikayetvar.com/club-marma-hotel-bodrum/isletme-sahibinin-sarhos-ve-tehditkar-tavri-magdur-etti,https://www.sikayetvar.com/club-marma-hotel-bodrum/isletme-sahibinin-sarhos-ve-tehditkar-tavri-magdur-etti,1,2026-08-25T12:56:40.358356+00:00,COMPLAINT_MATCHED,
BOD006,Club Marma Hotel,Akyarlar,Club Marma Hotel Bodrum,https://www.sikayetvar.com/club-marma-hotel-bodrum,https://www.sikayetvar.com/club-marma-hotel-bodrum/otel-sahibi-nedeniyle-hayal-kirikligi-ve-rahatsizlik,https://www.sikayetvar.com/club-marma-hotel-bodrum/otel-sahibi-nedeniyle-hayal-kirikligi-ve-rahatsizlik,1,2026-08-25T12:56:40.358356+00:00,COMPLAINT_MATCHED,
BOD060,Club Shark Hotel,Gümbet,Club Shark Hotel,https://www.sikayetvar.com/club-shark-hotel,https://www.sikayetvar.com/club-shark-hotel/iptal-edilen-rezervasyonun-ucret-iadesi-yapilmiyor-magdur-edildim-1,https://www.sikayetvar.com/club-shark-hotel/iptal-edilen-rezervasyonun-ucret-iadesi-yapilmiyor-magdur-edildim-1,1,2026-08-25T12:56:43.053039+00:00,COMPLAINT_MATCHED,
BOD023,Doria Hotel Bodrum,Bitez,Doria Hotel Bodrum,https://www.sikayetvar.com/doria-hotel-bodrum,https://www.sikayetvar.com/doria-hotel-bodrum/doria-hotel-bodrumda-guvenlik-zafiyeti-ve-musteri-magduriyeti,https://www.sikayetvar.com/doria-hotel-bodrum/doria-hotel-bodrumda-guvenlik-zafiyeti-ve-musteri-magduriyeti,1,2026-08-25T12:56:46.285212+00:00,COMPLAINT_MATCHED,
BOD103,Green Bay Resort & Spa Bodrum,Güvercinlik,Green Bay Resort & Spa,https://www.sikayetvar.com/green-bay-resort-spa,https://www.sikayetvar.com/green-bay-resort-spa/vaat-edilen-yetiskin-havuzu-ve-barin-cocuklarla-dolu-olmasi-nedeniyle-ucret-iadesi-talebi,https://www.sikayetvar.com/green-bay-resort-spa/vaat-edilen-yetiskin-havuzu-ve-barin-cocuklarla-dolu-olmasi-nedeniyle-ucret-iadesi-talebi,1,2026-08-25T12:56:49.164808+00:00,COMPLAINT_MATCHED,
BOD103,Green Bay Resort & Spa Bodrum,Güvercinlik,Green Bay Resort & Spa,https://www.sikayetvar.com/green-bay-resort-spa,https://www.sikayetvar.com/green-bay-resort-spa/green-bay-resort-spa-bodrumun-buyuk-hijyen-ve-temizlik-problemleri-video,https://www.sikayetvar.com/green-bay-resort-spa/green-bay-resort-spa-bodrumun-buyuk-hijyen-ve-temizlik-problemleri-video,1,2026-08-25T12:56:49.164808+00:00,COMPLAINT_MATCHED,
BOD103,Green Bay Resort & Spa Bodrum,Güvercinlik,Green Bay Resort & Spa,https://www.sikayetvar.com/green-bay-resort-spa,https://www.sikayetvar.com/green-bay-resort-spa/green-bay-resort-bodrumda-bozuk-spor-salonu-ekipmanlari-misafir-guvenligini-tehdit-ediyor,https://www.sikayetvar.com/green-bay-resort-spa/green-bay-resort-bodrumda-bozuk-spor-salonu-ekipmanlari-misafir-guvenligini-tehdit-ediyor,1,2026-08-25T12:56:49.164808+00:00,COMPLAINT_MATCHED,
BOD103,Green Bay Resort & Spa Bodrum,Güvercinlik,Green Bay Resort & Spa,https://www.sikayetvar.com/green-bay-resort-spa,https://www.sikayetvar.com/green-bay-resort-spa/yetersiz-sezlong-kalitesiz-yemek-ve-aldirmadigi-promosyonlar-nedeniyle-hayal-kirikligi,https://www.sikayetvar.com/green-bay-resort-spa/yetersiz-sezlong-kalitesiz-yemek-ve-aldirmadigi-promosyonlar-nedeniyle-hayal-kirikligi,1,2026-08-25T12:56:49.164808+00:00,COMPLAINT_MATCHED,
BOD103,Green Bay Resort & Spa Bodrum,Güvercinlik,Green Bay Resort & Spa,https://www.sikayetvar.com/green-bay-resort-spa,https://www.sikayetvar.com/green-bay-resort-spa/cocugumun-salmonella-hastaligina-neden-olan-hijyen-eksikligi-ve-otel-yonetiminin-ilgisizligi,https://www.sikayetvar.com/green-bay-resort-spa/cocugumun-salmonella-hastaligina-neden-olan-hijyen-eksikligi-ve-otel-yonetiminin-ilgisizligi,1,2026-08-25T12:56:49.164808+00:00,COMPLAINT_MATCHED,
BOD103,Green Bay Resort & Spa Bodrum,Güvercinlik,Green Bay Resort & Spa,https://www.sikayetvar.com/green-bay-resort-spa,https://www.sikayetvar.com/green-bay-resort-spa/green-bay-resortta-engelli-odada-hijyen-ve-konfor-eksikligi,https://www.sikayetvar.com/green-bay-resort-spa/green-bay-resortta-engelli-odada-hijyen-ve-konfor-eksikligi,1,2026-08-25T12:56:49.164808+00:00,COMPLAINT_MATCHED,
BOD103,Green Bay Resort & Spa Bodrum,Güvercinlik,Green Bay Resort & Spa,https://www.sikayetvar.com/green-bay-resort-spa,https://www.sikayetvar.com/green-bay-resort-spa/green-bay-resort-spa-hem-hizmetten-hem-de-genel-ortamdan-ciddi-anlamda-memnun-kalmadik,https://www.sikayetvar.com/green-bay-resort-spa/green-bay-resort-spa-hem-hizmetten-hem-de-genel-ortamdan-ciddi-anlamda-memnun-kalmadik,1,2026-08-25T12:56:49.164808+00:00,COMPLAINT_MATCHED,
BOD103,Green Bay Resort & Spa Bodrum,Güvercinlik,Green Bay Resort & Spa,https://www.sikayetvar.com/green-bay-resort-spa,https://www.sikayetvar.com/green-bay-resort-spa/otel-fiyat-farki-ve-bebek-ucretine-itiraz-ve-iade-talebi,https://www.sikayetvar.com/green-bay-resort-spa/otel-fiyat-farki-ve-bebek-ucretine-itiraz-ve-iade-talebi,1,2026-08-25T12:56:49.164808+00:00,COMPLAINT_MATCHED,
BOD103,Green Bay Resort & Spa Bodrum,Güvercinlik,Green Bay Resort & Spa,https://www.sikayetvar.com/green-bay-resort-spa,https://www.sikayetvar.com/green-bay-resort-spa/hayal-kirikligi-ve-bosa-harcanan-tatil-parasi,https://www.sikayetvar.com/green-bay-resort-spa/hayal-kirikligi-ve-bosa-harcanan-tatil-parasi,1,2026-08-25T12:56:49.164808+00:00,COMPLAINT_MATCHED,
BOD103,Green Bay Resort & Spa Bodrum,Güvercinlik,Green Bay Resort & Spa,https://www.sikayetvar.com/green-bay-resort-spa,https://www.sikayetvar.com/green-bay-resort-spa/ultra-her-sey-dahil-pakette-vaat-edilen-hizmetler-sunulmadi-calisanlar-ilgisizdi,https://www.sikayetvar.com/green-bay-resort-spa/ultra-her-sey-dahil-pakette-vaat-edilen-hizmetler-sunulmadi-calisanlar-ilgisizdi,1,2026-08-25T12:56:49.164808+00:00,COMPLAINT_MATCHED,
BOD103,Green Bay Resort & Spa Bodrum,Güvercinlik,Green Bay Resort & Spa,https://www.sikayetvar.com/green-bay-resort-spa,https://www.sikayetvar.com/green-bay-resort-spa/green-bay-resort-spa-green-bay-otel-magdurlugu,https://www.sikayetvar.com/green-bay-resort-spa/green-bay-resort-spa-green-bay-otel-magdurlugu,1,2026-08-25T12:56:49.164808+00:00,COMPLAINT_MATCHED,
BOD061,Gümbet Anıl Beach,Gümbet,Gümbet Anıl Beach,https://www.sikayetvar.com/gumbet-anil-beach,https://www.sikayetvar.com/gumbet-anil-beach/otel-yonetiminin-ayrimci-ve-uygunsuz-tutumu-aile-tatilimizi-mahvetti,https://www.sikayetvar.com/gumbet-anil-beach/otel-yonetiminin-ayrimci-ve-uygunsuz-tutumu-aile-tatilimizi-mahvetti,1,2026-08-25T12:56:52.085504+00:00,COMPLAINT_MATCHED,
BOD061,Gümbet Anıl Beach,Gümbet,Gümbet Anıl Beach,https://www.sikayetvar.com/gumbet-anil-beach,https://www.sikayetvar.com/gumbet-anil-beach/gumbet-anil-beach-tarafindan-magdur-edildim,https://www.sikayetvar.com/gumbet-anil-beach/gumbet-anil-beach-tarafindan-magdur-edildim,1,2026-08-25T12:56:52.085504+00:00,COMPLAINT_MATCHED,
BOD124,Irmak Boutique Hotel,Ortakent-Yahşi,Irmak Boutique Hotel,https://www.sikayetvar.com/irmak-boutique-hotel,https://www.sikayetvar.com/irmak-boutique-hotel/irmak-boutique-hotel-saygisiz-ve-rencide-edici-davranis,https://www.sikayetvar.com/irmak-boutique-hotel/irmak-boutique-hotel-saygisiz-ve-rencide-edici-davranis,1,2026-08-25T12:56:55.091668+00:00,COMPLAINT_MATCHED,
BOD113,Kadıkale Resort,Kadıkalesi,Kadıkale Resort,https://www.sikayetvar.com/kadikale-resort,https://www.sikayetvar.com/kadikale-resort/kadikale-resort-otelinde-gurultulu-oda-ve-su-aritma-tesisinin-ustunde-konaklama,https://www.sikayetvar.com/kadikale-resort/kadikale-resort-otelinde-gurultulu-oda-ve-su-aritma-tesisinin-ustunde-konaklama,1,2026-08-25T12:56:58.205451+00:00,COMPLAINT_MATCHED,
BOD113,Kadıkale Resort,Kadıkalesi,Kadıkale Resort,https://www.sikayetvar.com/kadikale-resort,https://www.sikayetvar.com/kadikale-resort/kadikale-resort-otelinde-all-inclusive-eksikligi-ve-bocek-sorunu,https://www.sikayetvar.com/kadikale-resort/kadikale-resort-otelinde-all-inclusive-eksikligi-ve-bocek-sorunu,1,2026-08-25T12:56:58.205451+00:00,COMPLAINT_MATCHED,
BOD113,Kadıkale Resort,Kadıkalesi,Kadıkale Resort,https://www.sikayetvar.com/kadikale-resort,https://www.sikayetvar.com/kadikale-resort/kadikale-resort-otel-camasirhanesinde-surekli-hijyen-ve-etik-sorunlari,https://www.sikayetvar.com/kadikale-resort/kadikale-resort-otel-camasirhanesinde-surekli-hijyen-ve-etik-sorunlari,1,2026-08-25T12:56:58.205451+00:00,COMPLAINT_MATCHED,
BOD113,Kadıkale Resort,Kadıkalesi,Kadıkale Resort,https://www.sikayetvar.com/kadikale-resort,https://www.sikayetvar.com/kadikale-resort/kadikale-resortta-hijyen-hizmet-ve-organizasyon-eksikligi-nedeniyle-memnuniyetsizlik,https://www.sikayetvar.com/kadikale-resort/kadikale-resortta-hijyen-hizmet-ve-organizasyon-eksikligi-nedeniyle-memnuniyetsizlik,1,2026-08-25T12:56:58.205451+00:00,COMPLAINT_MATCHED,
BOD113,Kadıkale Resort,Kadıkalesi,Kadıkale Resort,https://www.sikayetvar.com/kadikale-resort,https://www.sikayetvar.com/kadikale-resort/cikis-gunu-tesis-kullaniminda-ayrimcilik-ve-iletisim-sorunu,https://www.sikayetvar.com/kadikale-resort/cikis-gunu-tesis-kullaniminda-ayrimcilik-ve-iletisim-sorunu,1,2026-08-25T12:56:58.205451+00:00,COMPLAINT_MATCHED,
BOD113,Kadıkale Resort,Kadıkalesi,Kadıkale Resort,https://www.sikayetvar.com/kadikale-resort,https://www.sikayetvar.com/kadikale-resort/kadikale-resort-otelinde-beklentilerin-altinda-bir-deneyim,https://www.sikayetvar.com/kadikale-resort/kadikale-resort-otelinde-beklentilerin-altinda-bir-deneyim,1,2026-08-25T12:56:58.205451+00:00,COMPLAINT_MATCHED,
BOD113,Kadıkale Resort,Kadıkalesi,Kadıkale Resort,https://www.sikayetvar.com/kadikale-resort,https://www.sikayetvar.com/kadikale-resort/kadikale-resort-hotelde-hayal-kirikligi-yasadik,https://www.sikayetvar.com/kadikale-resort/kadikale-resort-hotelde-hayal-kirikligi-yasadik,1,2026-08-25T12:56:58.205451+00:00,COMPLAINT_MATCHED,
BOD007,Kefaluka Resort,Akyarlar,Kefaluka Resort,https://www.sikayetvar.com/kefaluka-resort,https://www.sikayetvar.com/kefaluka-resort/kefaluka-resortta-ultra-her-sey-dahil-konseptinde-yiyecek-ve-havlu-eksikligi,https://www.sikayetvar.com/kefaluka-resort/kefaluka-resortta-ultra-her-sey-dahil-konseptinde-yiyecek-ve-havlu-eksikligi,1,2026-08-25T12:57:02.918515+00:00,COMPLAINT_MATCHED,
BOD007,Kefaluka Resort,Akyarlar,Kefaluka Resort,https://www.sikayetvar.com/kefaluka-resort,https://www.sikayetvar.com/kefaluka-resort/guvenlik-sorunu-ve-aile-saldirisi-nedeniyle-tatil-iptali-ve-ucret-iadesi-talebi,https://www.sikayetvar.com/kefaluka-resort/guvenlik-sorunu-ve-aile-saldirisi-nedeniyle-tatil-iptali-ve-ucret-iadesi-talebi,1,2026-08-25T12:57:02.918515+00:00,COMPLAINT_MATCHED,
BOD007,Kefaluka Resort,Akyarlar,Kefaluka Resort,https://www.sikayetvar.com/kefaluka-resort,https://www.sikayetvar.com/kefaluka-resort/kefaluka-resortta-sahte-rezervasyon-ve-115-bin-tl-kayip,https://www.sikayetvar.com/kefaluka-resort/kefaluka-resortta-sahte-rezervasyon-ve-115-bin-tl-kayip,1,2026-08-25T12:57:02.918515+00:00,COMPLAINT_MATCHED,
BOD007,Kefaluka Resort,Akyarlar,Kefaluka Resort,https://www.sikayetvar.com/kefaluka-resort,https://www.sikayetvar.com/kefaluka-resort/kefaluka-resort-havuz-kenarlari-temizlenmiyor-bir-suru-sinekler-var-video,https://www.sikayetvar.com/kefaluka-resort/kefaluka-resort-havuz-kenarlari-temizlenmiyor-bir-suru-sinekler-var-video,1,2026-08-25T12:57:02.918515+00:00,COMPLAINT_MATCHED,
BOD007,Kefaluka Resort,Akyarlar,Kefaluka Resort,https://www.sikayetvar.com/kefaluka-resort,https://www.sikayetvar.com/kefaluka-resort/bodrum-kefalukada-gida-zehirlenmesi-ve-destek-yoklugu,https://www.sikayetvar.com/kefaluka-resort/bodrum-kefalukada-gida-zehirlenmesi-ve-destek-yoklugu,1,2026-08-25T12:57:02.918515+00:00,COMPLAINT_MATCHED,
BOD007,Kefaluka Resort,Akyarlar,Kefaluka Resort,https://www.sikayetvar.com/kefaluka-resort,https://www.sikayetvar.com/kefaluka-resort/sezlong-ve-havlu-takibinde-sorumluluk-almayan-otel-yonetimi,https://www.sikayetvar.com/kefaluka-resort/sezlong-ve-havlu-takibinde-sorumluluk-almayan-otel-yonetimi,1,2026-08-25T12:57:02.918515+00:00,COMPLAINT_MATCHED,
BOD007,Kefaluka Resort,Akyarlar,Kefaluka Resort,https://www.sikayetvar.com/kefaluka-resort,https://www.sikayetvar.com/kefaluka-resort/kefaluka-otelde-unutulan-gozlugun-bulunamamasi-ve-guvenlik-ihmali,https://www.sikayetvar.com/kefaluka-resort/kefaluka-otelde-unutulan-gozlugun-bulunamamasi-ve-guvenlik-ihmali,1,2026-08-25T12:57:02.918515+00:00,COMPLAINT_MATCHED,
BOD007,Kefaluka Resort,Akyarlar,Kefaluka Resort,https://www.sikayetvar.com/kefaluka-resort,https://www.sikayetvar.com/kefaluka-resort/kefaluka-resortta-cokmus-altyapi-ve-yetersiz-yonetim,https://www.sikayetvar.com/kefaluka-resort/kefaluka-resortta-cokmus-altyapi-ve-yetersiz-yonetim,1,2026-08-25T12:57:02.918515+00:00,COMPLAINT_MATCHED,
BOD007,Kefaluka Resort,Akyarlar,Kefaluka Resort,https://www.sikayetvar.com/kefaluka-resort,https://www.sikayetvar.com/kefaluka-resort/kefaluka-otelinde-televizyon-arizasi-ve-vasat-yemek-hizmeti,https://www.sikayetvar.com/kefaluka-resort/kefaluka-otelinde-televizyon-arizasi-ve-vasat-yemek-hizmeti,1,2026-08-25T12:57:02.918515+00:00,COMPLAINT_MATCHED,
BOD007,Kefaluka Resort,Akyarlar,Kefaluka Resort,https://www.sikayetvar.com/kefaluka-resort,https://www.sikayetvar.com/kefaluka-resort/kefaluka-resort-hijyen-acisindan-endiselendirdi,https://www.sikayetvar.com/kefaluka-resort/kefaluka-resort-hijyen-acisindan-endiselendirdi,1,2026-08-25T12:57:02.918515+00:00,COMPLAINT_MATCHED,
BOD007,Kefaluka Resort,Akyarlar,Kefaluka Resort,https://www.sikayetvar.com/kefaluka-resort,https://www.sikayetvar.com/kefaluka-resort/balayi-konseptinde-sunulan-haklarin-eksikligi-ve-ilgisiz-otel-yonetimi,https://www.sikayetvar.com/kefaluka-resort/balayi-konseptinde-sunulan-haklarin-eksikligi-ve-ilgisiz-otel-yonetimi,1,2026-08-25T12:57:02.918515+00:00,COMPLAINT_MATCHED,
BOD007,Kefaluka Resort,Akyarlar,Kefaluka Resort,https://www.sikayetvar.com/kefaluka-resort,https://www.sikayetvar.com/kefaluka-resort/kefaluka-resort-balayi-tatilimizde-buyuk-hayal-kirikligi-hizmet-ve-ilgi-sifir,https://www.sikayetvar.com/kefaluka-resort/kefaluka-resort-balayi-tatilimizde-buyuk-hayal-kirikligi-hizmet-ve-ilgi-sifir,1,2026-08-25T12:57:02.918515+00:00,COMPLAINT_MATCHED,
BOD007,Kefaluka Resort,Akyarlar,Kefaluka Resort,https://www.sikayetvar.com/kefaluka-resort,https://www.sikayetvar.com/kefaluka-resort/otel-odasinda-kapi-calmadan-girilmesi-mahremiyetimi-zedeledi,https://www.sikayetvar.com/kefaluka-resort/otel-odasinda-kapi-calmadan-girilmesi-mahremiyetimi-zedeledi,1,2026-08-25T12:57:02.918515+00:00,COMPLAINT_MATCHED,
BOD007,Kefaluka Resort,Akyarlar,Kefaluka Resort,https://www.sikayetvar.com/kefaluka-resort,https://www.sikayetvar.com/kefaluka-resort/oda-temizligi-ve-hijyen-eksikligi-nedeniyle-tatil-planimizi-degistirdik,https://www.sikayetvar.com/kefaluka-resort/oda-temizligi-ve-hijyen-eksikligi-nedeniyle-tatil-planimizi-degistirdik,1,2026-08-25T12:57:02.918515+00:00,COMPLAINT_MATCHED,
BOD007,Kefaluka Resort,Akyarlar,Kefaluka Resort,https://www.sikayetvar.com/kefaluka-resort,https://www.sikayetvar.com/kefaluka-resort/sahte-rezervasyon-sitesi-nedeniyle-magduriyet-yasadim,https://www.sikayetvar.com/kefaluka-resort/sahte-rezervasyon-sitesi-nedeniyle-magduriyet-yasadim,1,2026-08-25T12:57:02.918515+00:00,COMPLAINT_MATCHED,
BOD007,Kefaluka Resort,Akyarlar,Kefaluka Resort,https://www.sikayetvar.com/kefaluka-resort,https://www.sikayetvar.com/kefaluka-resort/hijyen-ve-guvenlik-sorunlari-nedeniyle-hayal-kirikligi-yaratan-tatil-deneyimi,https://www.sikayetvar.com/kefaluka-resort/hijyen-ve-guvenlik-sorunlari-nedeniyle-hayal-kirikligi-yaratan-tatil-deneyimi,1,2026-08-25T12:57:02.918515+00:00,COMPLAINT_MATCHED,
BOD007,Kefaluka Resort,Akyarlar,Kefaluka Resort,https://www.sikayetvar.com/kefaluka-resort,https://www.sikayetvar.com/kefaluka-resort/yemek-saatleri-bilgilendirilmemesi-ve-cocuklu-aileler-icin-yetersiz-karsilama,https://www.sikayetvar.com/kefaluka-resort/yemek-saatleri-bilgilendirilmemesi-ve-cocuklu-aileler-icin-yetersiz-karsilama,1,2026-08-25T12:57:02.918515+00:00,COMPLAINT_MATCHED,
BOD007,Kefaluka Resort,Akyarlar,Kefaluka Resort,https://www.sikayetvar.com/kefaluka-resort,https://www.sikayetvar.com/kefaluka-resort/otel-rezervasyonunda-yasanan-buyuk-magduriyet-1,https://www.sikayetvar.com/kefaluka-resort/otel-rezervasyonunda-yasanan-buyuk-magduriyet-1,1,2026-08-25T12:57:02.918515+00:00,COMPLAINT_MATCHED,
BOD007,Kefaluka Resort,Akyarlar,Kefaluka Resort,https://www.sikayetvar.com/kefaluka-resort,https://www.sikayetvar.com/kefaluka-resort/sahte-web-sitesi-uzerinden-kefaluka-otel-rezervasyonunda-magduriyet,https://www.sikayetvar.com/kefaluka-resort/sahte-web-sitesi-uzerinden-kefaluka-otel-rezervasyonunda-magduriyet,1,2026-08-25T12:57:02.918515+00:00,COMPLAINT_MATCHED,
BOD007,Kefaluka Resort,Akyarlar,Kefaluka Resort,https://www.sikayetvar.com/kefaluka-resort,https://www.sikayetvar.com/kefaluka-resort/kefaluka-resort-dogum-gunumde-yasadigimiz-hayal-kirikligi-ve-ilgisizlik,https://www.sikayetvar.com/kefaluka-resort/kefaluka-resort-dogum-gunumde-yasadigimiz-hayal-kirikligi-ve-ilgisizlik,1,2026-08-25T12:57:02.918515+00:00,COMPLAINT_MATCHED,
BOD007,Kefaluka Resort,Akyarlar,Kefaluka Resort,https://www.sikayetvar.com/kefaluka-resort,https://www.sikayetvar.com/kefaluka-resort/otel-icindeki-kiralik-hizmetlerde-yasanan-iletisim-ve-odeme-sorunlari-huzurumuzu-kacirdi,https://www.sikayetvar.com/kefaluka-resort/otel-icindeki-kiralik-hizmetlerde-yasanan-iletisim-ve-odeme-sorunlari-huzurumuzu-kacirdi,1,2026-08-25T12:57:02.918515+00:00,COMPLAINT_MATCHED,
BOD007,Kefaluka Resort,Akyarlar,Kefaluka Resort,https://www.sikayetvar.com/kefaluka-resort,https://www.sikayetvar.com/kefaluka-resort/bodrum-kefaluka-resort-otelde-hijyen-ve-hizmet-sorunlari,https://www.sikayetvar.com/kefaluka-resort/bodrum-kefaluka-resort-otelde-hijyen-ve-hizmet-sorunlari,1,2026-08-25T12:57:02.918515+00:00,COMPLAINT_MATCHED,
BOD007,Kefaluka Resort,Akyarlar,Kefaluka Resort,https://www.sikayetvar.com/kefaluka-resort,https://www.sikayetvar.com/kefaluka-resort/kefaluka-resortta-konaklama-sonrasi-gida-zehirlenmesi-ve-saglik-sorunlari,https://www.sikayetvar.com/kefaluka-resort/kefaluka-resortta-konaklama-sonrasi-gida-zehirlenmesi-ve-saglik-sorunlari,2,2026-08-25T12:57:02.918515+00:00,COMPLAINT_MATCHED,
BOD007,Kefaluka Resort,Akyarlar,Kefaluka Resort,https://www.sikayetvar.com/kefaluka-resort,https://www.sikayetvar.com/kefaluka-resort/alakart-rezervasyonunda-hayal-kirikligi,https://www.sikayetvar.com/kefaluka-resort/alakart-rezervasyonunda-hayal-kirikligi,2,2026-08-25T12:57:02.918515+00:00,COMPLAINT_MATCHED,
BOD007,Kefaluka Resort,Akyarlar,Kefaluka Resort,https://www.sikayetvar.com/kefaluka-resort,https://www.sikayetvar.com/kefaluka-resort/kefaluka-resort-kefaluka-otelde-yasadigim-buyuk-hayal-kirikligi,https://www.sikayetvar.com/kefaluka-resort/kefaluka-resort-kefaluka-otelde-yasadigim-buyuk-hayal-kirikligi,2,2026-08-25T12:57:02.918515+00:00,COMPLAINT_MATCHED,
BOD007,Kefaluka Resort,Akyarlar,Kefaluka Resort,https://www.sikayetvar.com/kefaluka-resort,https://www.sikayetvar.com/kefaluka-resort/kefaluka-resortta-karinca-istilasi-ve-temizlik-sorunlari,https://www.sikayetvar.com/kefaluka-resort/kefaluka-resortta-karinca-istilasi-ve-temizlik-sorunlari,2,2026-08-25T12:57:02.918515+00:00,COMPLAINT_MATCHED,
BOD007,Kefaluka Resort,Akyarlar,Kefaluka Resort,https://www.sikayetvar.com/kefaluka-resort,https://www.sikayetvar.com/kefaluka-resort/kefaluka-resort-bodrum-saygisiz-garson-video,https://www.sikayetvar.com/kefaluka-resort/kefaluka-resort-bodrum-saygisiz-garson-video,2,2026-08-25T12:57:02.918515+00:00,COMPLAINT_MATCHED,
BOD007,Kefaluka Resort,Akyarlar,Kefaluka Resort,https://www.sikayetvar.com/kefaluka-resort,https://www.sikayetvar.com/kefaluka-resort/kefaluka-resort-otelin-yemek-kalitesi-ve-hizmet-sorunlari,https://www.sikayetvar.com/kefaluka-resort/kefaluka-resort-otelin-yemek-kalitesi-ve-hizmet-sorunlari,2,2026-08-25T12:57:02.918515+00:00,COMPLAINT_MATCHED,
BOD007,Kefaluka Resort,Akyarlar,Kefaluka Resort,https://www.sikayetvar.com/kefaluka-resort,https://www.sikayetvar.com/kefaluka-resort/kefaluka-resort-kefaluka-bodrum-sikayet,https://www.sikayetvar.com/kefaluka-resort/kefaluka-resort-kefaluka-bodrum-sikayet,2,2026-08-25T12:57:02.918515+00:00,COMPLAINT_MATCHED,
BOD168,Kuum Hotel & SPA Bodrum,Türkbükü,Kuum Hotel & SPA Bodrum,https://www.sikayetvar.com/kuum-hotel-spa-bodrum,https://www.sikayetvar.com/kuum-hotel-spa-bodrum/kuum-hotel-spa-bodrum-maasimizi-zamaninda-alamadik-hala-alamiyoruz,https://www.sikayetvar.com/kuum-hotel-spa-bodrum/kuum-hotel-spa-bodrum-maasimizi-zamaninda-alamadik-hala-alamiyoruz,1,2026-08-25T12:57:06.836146+00:00,COMPLAINT_MATCHED,
BOD106,La Blanche Island Bodrum,Güvercinlik,La Blanche Island Bodrum,https://www.sikayetvar.com/la-blanche-island-bodrum,https://www.sikayetvar.com/la-blanche-island-bodrum/la-blanche-island-bodrum-hicbir-seyden-memnun-kalmadim,https://www.sikayetvar.com/la-blanche-island-bodrum/la-blanche-island-bodrum-hicbir-seyden-memnun-kalmadim,1,2026-08-25T12:57:11.894841+00:00,COMPLAINT_MATCHED,
BOD106,La Blanche Island Bodrum,Güvercinlik,La Blanche Island Bodrum,https://www.sikayetvar.com/la-blanche-island-bodrum,https://www.sikayetvar.com/la-blanche-island-bodrum/havlu-birakan-misafirlerin-sezlong-sahipligi-tartismasi-ve-kaba-tutumu,https://www.sikayetvar.com/la-blanche-island-bodrum/havlu-birakan-misafirlerin-sezlong-sahipligi-tartismasi-ve-kaba-tutumu,1,2026-08-25T12:57:11.894841+00:00,COMPLAINT_MATCHED,
BOD106,La Blanche Island Bodrum,Güvercinlik,La Blanche Island Bodrum,https://www.sikayetvar.com/la-blanche-island-bodrum,https://www.sikayetvar.com/la-blanche-island-bodrum/kucuk-ve-uzak-oda-saygisiz-personel-ve-kalitesiz-yemekler,https://www.sikayetvar.com/la-blanche-island-bodrum/kucuk-ve-uzak-oda-saygisiz-personel-ve-kalitesiz-yemekler,1,2026-08-25T12:57:11.894841+00:00,COMPLAINT_MATCHED,
BOD106,La Blanche Island Bodrum,Güvercinlik,La Blanche Island Bodrum,https://www.sikayetvar.com/la-blanche-island-bodrum,https://www.sikayetvar.com/la-blanche-island-bodrum/la-blanche-island-bodrum-konaklamam-sirasinda-yasadigim-gida-zehirlenmesi,https://www.sikayetvar.com/la-blanche-island-bodrum/la-blanche-island-bodrum-konaklamam-sirasinda-yasadigim-gida-zehirlenmesi,1,2026-08-25T12:57:11.894841+00:00,COMPLAINT_MATCHED,
BOD106,La Blanche Island Bodrum,Güvercinlik,La Blanche Island Bodrum,https://www.sikayetvar.com/la-blanche-island-bodrum,https://www.sikayetvar.com/la-blanche-island-bodrum/balayi-konsepti-eksik-acik-sarap-sisesi-ve-kucuk-sac-kremi,https://www.sikayetvar.com/la-blanche-island-bodrum/balayi-konsepti-eksik-acik-sarap-sisesi-ve-kucuk-sac-kremi,1,2026-08-25T12:57:11.894841+00:00,COMPLAINT_MATCHED,
BOD106,La Blanche Island Bodrum,Güvercinlik,La Blanche Island Bodrum,https://www.sikayetvar.com/la-blanche-island-bodrum,https://www.sikayetvar.com/la-blanche-island-bodrum/la-blanche-island-hotelde-telefon-gorusmesindeki-saygisiz-ve-kaba-uslup,https://www.sikayetvar.com/la-blanche-island-bodrum/la-blanche-island-hotelde-telefon-gorusmesindeki-saygisiz-ve-kaba-uslup,1,2026-08-25T12:57:11.894841+00:00,COMPLAINT_MATCHED,
BOD106,La Blanche Island Bodrum,Güvercinlik,La Blanche Island Bodrum,https://www.sikayetvar.com/la-blanche-island-bodrum,https://www.sikayetvar.com/la-blanche-island-bodrum/ilgisiz-personel-ve-ilgisiz-yonetim-misafirleri-magdur-ediyor,https://www.sikayetvar.com/la-blanche-island-bodrum/ilgisiz-personel-ve-ilgisiz-yonetim-misafirleri-magdur-ediyor,1,2026-08-25T12:57:11.894841+00:00,COMPLAINT_MATCHED,
BOD106,La Blanche Island Bodrum,Güvercinlik,La Blanche Island Bodrum,https://www.sikayetvar.com/la-blanche-island-bodrum,https://www.sikayetvar.com/la-blanche-island-bodrum/la-blanche-island-otelinde-yasanan-hizmet-eksiklikleri-ve-musteri-iliskileri-sorunlari,https://www.sikayetvar.com/la-blanche-island-bodrum/la-blanche-island-otelinde-yasanan-hizmet-eksiklikleri-ve-musteri-iliskileri-sorunlari,1,2026-08-25T12:57:11.894841+00:00,COMPLAINT_MATCHED,
BOD106,La Blanche Island Bodrum,Güvercinlik,La Blanche Island Bodrum,https://www.sikayetvar.com/la-blanche-island-bodrum,https://www.sikayetvar.com/la-blanche-island-bodrum/la-blanche-island-bodrum-plajda-guvenlik-eksikligi-ve-lakayit-personel-nedeniyle-yasanan-yaralanma,https://www.sikayetvar.com/la-blanche-island-bodrum/la-blanche-island-bodrum-plajda-guvenlik-eksikligi-ve-lakayit-personel-nedeniyle-yasanan-yaralanma,1,2026-08-25T12:57:11.894841+00:00,COMPLAINT_MATCHED,
BOD106,La Blanche Island Bodrum,Güvercinlik,La Blanche Island Bodrum,https://www.sikayetvar.com/la-blanche-island-bodrum,https://www.sikayetvar.com/la-blanche-island-bodrum/balayi-ciftine-ozel-hizmetlerde-gecikme-ve-guvenlik-sorunu,https://www.sikayetvar.com/la-blanche-island-bodrum/balayi-ciftine-ozel-hizmetlerde-gecikme-ve-guvenlik-sorunu,1,2026-08-25T12:57:11.894841+00:00,COMPLAINT_MATCHED,
BOD106,La Blanche Island Bodrum,Güvercinlik,La Blanche Island Bodrum,https://www.sikayetvar.com/la-blanche-island-bodrum,https://www.sikayetvar.com/la-blanche-island-bodrum/vale-hizmetiyle-aracimiz-insaat-alanina-park-edildi-ve-kir-icinde-birakildi,https://www.sikayetvar.com/la-blanche-island-bodrum/vale-hizmetiyle-aracimiz-insaat-alanina-park-edildi-ve-kir-icinde-birakildi,1,2026-08-25T12:57:11.894841+00:00,COMPLAINT_MATCHED,
BOD106,La Blanche Island Bodrum,Güvercinlik,La Blanche Island Bodrum,https://www.sikayetvar.com/la-blanche-island-bodrum,https://www.sikayetvar.com/la-blanche-island-bodrum/otelin-yiyeceklerinden-kaynaklanan-zehirlenme-nedeniyle-magduriyet,https://www.sikayetvar.com/la-blanche-island-bodrum/otelin-yiyeceklerinden-kaynaklanan-zehirlenme-nedeniyle-magduriyet,1,2026-08-25T12:57:11.894841+00:00,COMPLAINT_MATCHED,
BOD106,La Blanche Island Bodrum,Güvercinlik,La Blanche Island Bodrum,https://www.sikayetvar.com/la-blanche-island-bodrum,https://www.sikayetvar.com/la-blanche-island-bodrum/balayi-ciftine-oda-seciminde-haksizlik-ve-eksik-hizmet,https://www.sikayetvar.com/la-blanche-island-bodrum/balayi-ciftine-oda-seciminde-haksizlik-ve-eksik-hizmet,1,2026-08-25T12:57:11.894841+00:00,COMPLAINT_MATCHED,
BOD106,La Blanche Island Bodrum,Güvercinlik,La Blanche Island Bodrum,https://www.sikayetvar.com/la-blanche-island-bodrum,https://www.sikayetvar.com/la-blanche-island-bodrum/la-blanche-island-bodrum-garson-yok-otelde-video,https://www.sikayetvar.com/la-blanche-island-bodrum/la-blanche-island-bodrum-garson-yok-otelde-video,1,2026-08-25T12:57:11.894841+00:00,COMPLAINT_MATCHED,
BOD106,La Blanche Island Bodrum,Güvercinlik,La Blanche Island Bodrum,https://www.sikayetvar.com/la-blanche-island-bodrum,https://www.sikayetvar.com/la-blanche-island-bodrum/bellboyun-hatasi-ve-otelin-ilgisizligi,https://www.sikayetvar.com/la-blanche-island-bodrum/bellboyun-hatasi-ve-otelin-ilgisizligi,1,2026-08-25T12:57:11.894841+00:00,COMPLAINT_MATCHED,
BOD106,La Blanche Island Bodrum,Güvercinlik,La Blanche Island Bodrum,https://www.sikayetvar.com/la-blanche-island-bodrum,https://www.sikayetvar.com/la-blanche-island-bodrum/la-blanche-island-bodrum-la-blanche-island-pismanligi,https://www.sikayetvar.com/la-blanche-island-bodrum/la-blanche-island-bodrum-la-blanche-island-pismanligi,1,2026-08-25T12:57:11.894841+00:00,COMPLAINT_MATCHED,
BOD106,La Blanche Island Bodrum,Güvercinlik,La Blanche Island Bodrum,https://www.sikayetvar.com/la-blanche-island-bodrum,https://www.sikayetvar.com/la-blanche-island-bodrum/la-blanche-island-bodrum-tam-bir-hayal-kirikligi-1,https://www.sikayetvar.com/la-blanche-island-bodrum/la-blanche-island-bodrum-tam-bir-hayal-kirikligi-1,2,2026-08-25T12:57:11.894841+00:00,COMPLAINT_MATCHED,
BOD106,La Blanche Island Bodrum,Güvercinlik,La Blanche Island Bodrum,https://www.sikayetvar.com/la-blanche-island-bodrum,https://www.sikayetvar.com/la-blanche-island-bodrum/la-blanche-island-bodrum-oteldeki-personel-ilgisizligi-ve-sorumsuzluk,https://www.sikayetvar.com/la-blanche-island-bodrum/la-blanche-island-bodrum-oteldeki-personel-ilgisizligi-ve-sorumsuzluk,2,2026-08-25T12:57:11.894841+00:00,COMPLAINT_MATCHED,
BOD106,La Blanche Island Bodrum,Güvercinlik,La Blanche Island Bodrum,https://www.sikayetvar.com/la-blanche-island-bodrum,https://www.sikayetvar.com/la-blanche-island-bodrum/la-blanche-island-bodrum-tam-bir-pismanlik,https://www.sikayetvar.com/la-blanche-island-bodrum/la-blanche-island-bodrum-tam-bir-pismanlik,2,2026-08-25T12:57:11.894841+00:00,COMPLAINT_MATCHED,
BOD160,La Blanche Resort Bodrum,Turgutreis,La Blanche Resort & Spa Bodrum,https://www.sikayetvar.com/la-blanche-resort-spa-bodrum,https://www.sikayetvar.com/la-blanche-resort-spa-bodrum/engelli-aile-icin-asansor-arizasi-ve-hizmet-cokusu,https://www.sikayetvar.com/la-blanche-resort-spa-bodrum/engelli-aile-icin-asansor-arizasi-ve-hizmet-cokusu,1,2026-08-25T12:57:14.567735+00:00,COMPLAINT_MATCHED,
BOD160,La Blanche Resort Bodrum,Turgutreis,La Blanche Resort & Spa Bodrum,https://www.sikayetvar.com/la-blanche-resort-spa-bodrum,https://www.sikayetvar.com/la-blanche-resort-spa-bodrum/balayi-cifti-kaba-otopark-personeli-kuf-kokulu-oda-ve-sikisik-sezlonglar,https://www.sikayetvar.com/la-blanche-resort-spa-bodrum/balayi-cifti-kaba-otopark-personeli-kuf-kokulu-oda-ve-sikisik-sezlonglar,1,2026-08-25T12:57:14.567735+00:00,COMPLAINT_MATCHED,
BOD160,La Blanche Resort Bodrum,Turgutreis,La Blanche Resort & Spa Bodrum,https://www.sikayetvar.com/la-blanche-resort-spa-bodrum,https://www.sikayetvar.com/la-blanche-resort-spa-bodrum/la-blanche-resort-spa-bodrum-hijyen-ve-konfor-sifir,https://www.sikayetvar.com/la-blanche-resort-spa-bodrum/la-blanche-resort-spa-bodrum-hijyen-ve-konfor-sifir,1,2026-08-25T12:57:14.567735+00:00,COMPLAINT_MATCHED,
BOD160,La Blanche Resort Bodrum,Turgutreis,La Blanche Resort & Spa Bodrum,https://www.sikayetvar.com/la-blanche-resort-spa-bodrum,https://www.sikayetvar.com/la-blanche-resort-spa-bodrum/la-blanche-resort-spa-bodrum-musteri-memnuniyetsizligi,https://www.sikayetvar.com/la-blanche-resort-spa-bodrum/la-blanche-resort-spa-bodrum-musteri-memnuniyetsizligi,1,2026-08-25T12:57:14.567735+00:00,COMPLAINT_MATCHED,
BOD160,La Blanche Resort Bodrum,Turgutreis,La Blanche Resort & Spa Bodrum,https://www.sikayetvar.com/la-blanche-resort-spa-bodrum,https://www.sikayetvar.com/la-blanche-resort-spa-bodrum/odamizda-kuf-kokusu-ve-su-sizintisi-sorunu-cozulmuyor,https://www.sikayetvar.com/la-blanche-resort-spa-bodrum/odamizda-kuf-kokusu-ve-su-sizintisi-sorunu-cozulmuyor,1,2026-08-25T12:57:14.567735+00:00,COMPLAINT_MATCHED,
BOD160,La Blanche Resort Bodrum,Turgutreis,La Blanche Resort & Spa Bodrum,https://www.sikayetvar.com/la-blanche-resort-spa-bodrum,https://www.sikayetvar.com/la-blanche-resort-spa-bodrum/la-blanche-resortta-hayal-kirikligi-ve-hizmet-eksikligi,https://www.sikayetvar.com/la-blanche-resort-spa-bodrum/la-blanche-resortta-hayal-kirikligi-ve-hizmet-eksikligi,1,2026-08-25T12:57:14.567735+00:00,COMPLAINT_MATCHED,
BOD160,La Blanche Resort Bodrum,Turgutreis,La Blanche Resort & Spa Bodrum,https://www.sikayetvar.com/la-blanche-resort-spa-bodrum,https://www.sikayetvar.com/la-blanche-resort-spa-bodrum/la-blanche-resort-spa-bodrum-otelin-guvenlik-acigi-tatil-huzurunu-tehlikeye-atiyor,https://www.sikayetvar.com/la-blanche-resort-spa-bodrum/la-blanche-resort-spa-bodrum-otelin-guvenlik-acigi-tatil-huzurunu-tehlikeye-atiyor,1,2026-08-25T12:57:14.567735+00:00,COMPLAINT_MATCHED,
BOD160,La Blanche Resort Bodrum,Turgutreis,La Blanche Resort & Spa Bodrum,https://www.sikayetvar.com/la-blanche-resort-spa-bodrum,https://www.sikayetvar.com/la-blanche-resort-spa-bodrum/otelin-temizlik-personel-ve-hizmet-kalitesindeki-ciddi-eksiklikler,https://www.sikayetvar.com/la-blanche-resort-spa-bodrum/otelin-temizlik-personel-ve-hizmet-kalitesindeki-ciddi-eksiklikler,1,2026-08-25T12:57:14.567735+00:00,COMPLAINT_MATCHED,
BOD160,La Blanche Resort Bodrum,Turgutreis,La Blanche Resort & Spa Bodrum,https://www.sikayetvar.com/la-blanche-resort-spa-bodrum,https://www.sikayetvar.com/la-blanche-resort-spa-bodrum/kucuk-cocugumuza-kahvalti-sonrasi-muz-verilmedi,https://www.sikayetvar.com/la-blanche-resort-spa-bodrum/kucuk-cocugumuza-kahvalti-sonrasi-muz-verilmedi,1,2026-08-25T12:57:14.567735+00:00,COMPLAINT_MATCHED,
BOD160,La Blanche Resort Bodrum,Turgutreis,La Blanche Resort & Spa Bodrum,https://www.sikayetvar.com/la-blanche-resort-spa-bodrum,https://www.sikayetvar.com/la-blanche-resort-spa-bodrum/hayal-kirikligiyla-dolu-bir-tatil-ve-cozum-bulunamayan-sorunlar,https://www.sikayetvar.com/la-blanche-resort-spa-bodrum/hayal-kirikligiyla-dolu-bir-tatil-ve-cozum-bulunamayan-sorunlar,1,2026-08-25T12:57:14.567735+00:00,COMPLAINT_MATCHED,
BOD160,La Blanche Resort Bodrum,Turgutreis,La Blanche Resort & Spa Bodrum,https://www.sikayetvar.com/la-blanche-resort-spa-bodrum,https://www.sikayetvar.com/la-blanche-resort-spa-bodrum/guvenlik-ve-hizmette-buyuk-aciklar,https://www.sikayetvar.com/la-blanche-resort-spa-bodrum/guvenlik-ve-hizmette-buyuk-aciklar,1,2026-08-25T12:57:14.567735+00:00,COMPLAINT_MATCHED,
BOD160,La Blanche Resort Bodrum,Turgutreis,La Blanche Resort & Spa Bodrum,https://www.sikayetvar.com/la-blanche-resort-spa-bodrum,https://www.sikayetvar.com/la-blanche-resort-spa-bodrum/la-blanche-resort-spa-bodrum-bodrumda-sabah-bir-uyandik-aramizda-kedi-yatiyor-yatakta,https://www.sikayetvar.com/la-blanche-resort-spa-bodrum/la-blanche-resort-spa-bodrum-bodrumda-sabah-bir-uyandik-aramizda-kedi-yatiyor-yatakta,1,2026-08-25T12:57:14.567735+00:00,COMPLAINT_MATCHED,
BOD041,La Quinta by Wyndham Bodrum,Bodrum Merkez,La Quinta By Wyndham Bodrum,https://www.sikayetvar.com/la-quinta-by-wyndham-bodrum,https://www.sikayetvar.com/la-quinta-by-wyndham-bodrum/vale-hizmeti-sonrasi-olusan-arac-hasarina-cozum-sunulmadi,https://www.sikayetvar.com/la-quinta-by-wyndham-bodrum/vale-hizmeti-sonrasi-olusan-arac-hasarina-cozum-sunulmadi,1,2026-08-25T12:57:17.463583+00:00,COMPLAINT_MATCHED,
BOD041,La Quinta by Wyndham Bodrum,Bodrum Merkez,La Quinta By Wyndham Bodrum,https://www.sikayetvar.com/la-quinta-by-wyndham-bodrum,https://www.sikayetvar.com/la-quinta-by-wyndham-bodrum/soz-verilen-saatte-icecek-hizmeti-sunulmadi-magdur-edildik,https://www.sikayetvar.com/la-quinta-by-wyndham-bodrum/soz-verilen-saatte-icecek-hizmeti-sunulmadi-magdur-edildik,1,2026-08-25T12:57:17.463583+00:00,COMPLAINT_MATCHED,
BOD041,La Quinta by Wyndham Bodrum,Bodrum Merkez,La Quinta By Wyndham Bodrum,https://www.sikayetvar.com/la-quinta-by-wyndham-bodrum,https://www.sikayetvar.com/la-quinta-by-wyndham-bodrum/la-quinta-bodrumda-giriste-bekletilme-ve-oda-hijyeninde-ciddi-eksiklikler-yasadik,https://www.sikayetvar.com/la-quinta-by-wyndham-bodrum/la-quinta-bodrumda-giriste-bekletilme-ve-oda-hijyeninde-ciddi-eksiklikler-yasadik,1,2026-08-25T12:57:17.463583+00:00,COMPLAINT_MATCHED,
BOD041,La Quinta by Wyndham Bodrum,Bodrum Merkez,La Quinta By Wyndham Bodrum,https://www.sikayetvar.com/la-quinta-by-wyndham-bodrum,https://www.sikayetvar.com/la-quinta-by-wyndham-bodrum/la-quinta-by-wyndham-bodrum-odalar-cok-kotu,https://www.sikayetvar.com/la-quinta-by-wyndham-bodrum/la-quinta-by-wyndham-bodrum-odalar-cok-kotu,1,2026-08-25T12:57:17.463583+00:00,COMPLAINT_MATCHED,
BOD041,La Quinta by Wyndham Bodrum,Bodrum Merkez,La Quinta By Wyndham Bodrum,https://www.sikayetvar.com/la-quinta-by-wyndham-bodrum,https://www.sikayetvar.com/la-quinta-by-wyndham-bodrum/la-quinta-by-wyndham-bodrum-tatilbudurcom-firmasi-ile-tatile-gitmek-ne-kadar-zormus,https://www.sikayetvar.com/la-quinta-by-wyndham-bodrum/la-quinta-by-wyndham-bodrum-tatilbudurcom-firmasi-ile-tatile-gitmek-ne-kadar-zormus,1,2026-08-25T12:57:17.463583+00:00,COMPLAINT_MATCHED,
BOD077,Ladonia Hotels Zemda,Gümüşlük,Ladonia Hotels Zemda,https://www.sikayetvar.com/ladonia-hotels-zemda,https://www.sikayetvar.com/ladonia-hotels-zemda/ladonia-hotels-zemda-gumuslukte-odeme-gecikmesi-ve-aciklama-talebi,https://www.sikayetvar.com/ladonia-hotels-zemda/ladonia-hotels-zemda-gumuslukte-odeme-gecikmesi-ve-aciklama-talebi,1,2026-08-25T12:57:20.309292+00:00,COMPLAINT_MATCHED,
BOD077,Ladonia Hotels Zemda,Gümüşlük,Ladonia Hotels Zemda,https://www.sikayetvar.com/ladonia-hotels-zemda,https://www.sikayetvar.com/ladonia-hotels-zemda/ladonia-hotels-suit-oda-ucreti-iadesi-ve-musteri-hizmetleri-sorunu,https://www.sikayetvar.com/ladonia-hotels-zemda/ladonia-hotels-suit-oda-ucreti-iadesi-ve-musteri-hizmetleri-sorunu,1,2026-08-25T12:57:20.309292+00:00,COMPLAINT_MATCHED,
BOD077,Ladonia Hotels Zemda,Gümüşlük,Ladonia Hotels Zemda,https://www.sikayetvar.com/ladonia-hotels-zemda,https://www.sikayetvar.com/ladonia-hotels-zemda/oda-hazir-degildi-konaklama-alinamadi-ve-iade-yapilmadi,https://www.sikayetvar.com/ladonia-hotels-zemda/oda-hazir-degildi-konaklama-alinamadi-ve-iade-yapilmadi,1,2026-08-25T12:57:20.309292+00:00,COMPLAINT_MATCHED,
BOD077,Ladonia Hotels Zemda,Gümüşlük,Ladonia Hotels Zemda,https://www.sikayetvar.com/ladonia-hotels-zemda,https://www.sikayetvar.com/ladonia-hotels-zemda/iptal-sonrasi-uzun-sureli-geri-odeme-bekleyisi-ve-finansal-magduriyet,https://www.sikayetvar.com/ladonia-hotels-zemda/iptal-sonrasi-uzun-sureli-geri-odeme-bekleyisi-ve-finansal-magduriyet,1,2026-08-25T12:57:20.309292+00:00,COMPLAINT_MATCHED,
BOD077,Ladonia Hotels Zemda,Gümüşlük,Ladonia Hotels Zemda,https://www.sikayetvar.com/ladonia-hotels-zemda,https://www.sikayetvar.com/ladonia-hotels-zemda/iptal-edilen-otel-rezervasyonunun-iadesi-hala-beklemede,https://www.sikayetvar.com/ladonia-hotels-zemda/iptal-edilen-otel-rezervasyonunun-iadesi-hala-beklemede,1,2026-08-25T12:57:20.309292+00:00,COMPLAINT_MATCHED,
BOD077,Ladonia Hotels Zemda,Gümüşlük,Ladonia Hotels Zemda,https://www.sikayetvar.com/ladonia-hotels-zemda,https://www.sikayetvar.com/ladonia-hotels-zemda/ladonia-hotels-zemda-oda-son-derece-kirliydi,https://www.sikayetvar.com/ladonia-hotels-zemda/ladonia-hotels-zemda-oda-son-derece-kirliydi,1,2026-08-25T12:57:20.309292+00:00,COMPLAINT_MATCHED,
BOD077,Ladonia Hotels Zemda,Gümüşlük,Ladonia Hotels Zemda,https://www.sikayetvar.com/ladonia-hotels-zemda,https://www.sikayetvar.com/ladonia-hotels-zemda/30-bin-tl-geri-odeme-yapilmiyor-ve-telefonlara-cevap-verilmiyor,https://www.sikayetvar.com/ladonia-hotels-zemda/30-bin-tl-geri-odeme-yapilmiyor-ve-telefonlara-cevap-verilmiyor,1,2026-08-25T12:57:20.309292+00:00,COMPLAINT_MATCHED,
BOD107,Le Méridien Bodrum Beach Resort,Güvercinlik,Le Meridien Bodrum Beach Resort,https://www.sikayetvar.com/le-meridien-bodrum-beach-resort,https://www.sikayetvar.com/le-meridien-bodrum-beach-resort/ucret-iadesi-reddi-ve-sacma-bahanelerle-karsilasilan-ciddiyetsiz-otel,https://www.sikayetvar.com/le-meridien-bodrum-beach-resort/ucret-iadesi-reddi-ve-sacma-bahanelerle-karsilasilan-ciddiyetsiz-otel,1,2026-08-25T12:57:23.042439+00:00,COMPLAINT_MATCHED,
BOD107,Le Méridien Bodrum Beach Resort,Güvercinlik,Le Meridien Bodrum Beach Resort,https://www.sikayetvar.com/le-meridien-bodrum-beach-resort,https://www.sikayetvar.com/le-meridien-bodrum-beach-resort/depozito-iadesi-bir-ay-gecmesine-ragmen-yapilmadi,https://www.sikayetvar.com/le-meridien-bodrum-beach-resort/depozito-iadesi-bir-ay-gecmesine-ragmen-yapilmadi,1,2026-08-25T12:57:23.042439+00:00,COMPLAINT_MATCHED,
BOD107,Le Méridien Bodrum Beach Resort,Güvercinlik,Le Meridien Bodrum Beach Resort,https://www.sikayetvar.com/le-meridien-bodrum-beach-resort,https://www.sikayetvar.com/le-meridien-bodrum-beach-resort/bodrum-otelinde-hayal-kirikligi-bayat-kahvalti-ve-hizmet-sorunlari,https://www.sikayetvar.com/le-meridien-bodrum-beach-resort/bodrum-otelinde-hayal-kirikligi-bayat-kahvalti-ve-hizmet-sorunlari,1,2026-08-25T12:57:23.042439+00:00,COMPLAINT_MATCHED,
BOD107,Le Méridien Bodrum Beach Resort,Güvercinlik,Le Meridien Bodrum Beach Resort,https://www.sikayetvar.com/le-meridien-bodrum-beach-resort,https://www.sikayetvar.com/le-meridien-bodrum-beach-resort/le-meridien-bodrum-beach-resort-le-meridien-bodrum,https://www.sikayetvar.com/le-meridien-bodrum-beach-resort/le-meridien-bodrum-beach-resort-le-meridien-bodrum,1,2026-08-25T12:57:23.042439+00:00,COMPLAINT_MATCHED,
BOD056,"Mandarin Oriental, Bodrum",Göltürkbükü,Mandarin Oriental Bodrum,https://www.sikayetvar.com/mandarin-oriental-bodrum,https://www.sikayetvar.com/mandarin-oriental-bodrum/rezervasyonlu-musteriye-giris-engelleyen-ve-kaba-davranan-guvenlik-personeli,https://www.sikayetvar.com/mandarin-oriental-bodrum/rezervasyonlu-musteriye-giris-engelleyen-ve-kaba-davranan-guvenlik-personeli,1,2026-08-25T12:57:26.142114+00:00,COMPLAINT_MATCHED,
BOD056,"Mandarin Oriental, Bodrum",Göltürkbükü,Mandarin Oriental Bodrum,https://www.sikayetvar.com/mandarin-oriental-bodrum,https://www.sikayetvar.com/mandarin-oriental-bodrum/yavas-servis-ve-soguk-yemekler-nedeniyle-hayal-kirikligi,https://www.sikayetvar.com/mandarin-oriental-bodrum/yavas-servis-ve-soguk-yemekler-nedeniyle-hayal-kirikligi,1,2026-08-25T12:57:26.142114+00:00,COMPLAINT_MATCHED,
BOD010,Mare Garden Hotel,Akyarlar,Mare Garden Hotel,https://www.sikayetvar.com/mare-garden-hotel,https://www.sikayetvar.com/mare-garden-hotel/izin-ucretlerim-odenmedi-magdur-edildim,https://www.sikayetvar.com/mare-garden-hotel/izin-ucretlerim-odenmedi-magdur-edildim,1,2026-08-25T12:57:28.889893+00:00,COMPLAINT_MATCHED,
BOD109,Oscar Seaside Hotel & Spa,Güvercinlik,Oscar Seaside Hotel & Spa Bodrum,https://www.sikayetvar.com/oscar-seaside-hotel-spa-bodrum,https://www.sikayetvar.com/oscar-seaside-hotel-spa-bodrum/oscar-seaside-hotelde-bebek-yatagi-eksikligi-ve-yetersiz-servis-nedeniyle-magduriyet,https://www.sikayetvar.com/oscar-seaside-hotel-spa-bodrum/oscar-seaside-hotelde-bebek-yatagi-eksikligi-ve-yetersiz-servis-nedeniyle-magduriyet,1,2026-08-25T12:57:31.596005+00:00,COMPLAINT_MATCHED,
BOD109,Oscar Seaside Hotel & Spa,Güvercinlik,Oscar Seaside Hotel & Spa Bodrum,https://www.sikayetvar.com/oscar-seaside-hotel-spa-bodrum,https://www.sikayetvar.com/oscar-seaside-hotel-spa-bodrum/oscar-seaside-hotel-spa-bodrum-iptal-sonrasi-29000-tl-iadesi-yapilmiyor,https://www.sikayetvar.com/oscar-seaside-hotel-spa-bodrum/oscar-seaside-hotel-spa-bodrum-iptal-sonrasi-29000-tl-iadesi-yapilmiyor,1,2026-08-25T12:57:31.596005+00:00,COMPLAINT_MATCHED,
BOD109,Oscar Seaside Hotel & Spa,Güvercinlik,Oscar Seaside Hotel & Spa Bodrum,https://www.sikayetvar.com/oscar-seaside-hotel-spa-bodrum,https://www.sikayetvar.com/oscar-seaside-hotel-spa-bodrum/otel-rezervasyon-iptalinde-ucret-iadesi-yapilmiyor-magdur-edildim,https://www.sikayetvar.com/oscar-seaside-hotel-spa-bodrum/otel-rezervasyon-iptalinde-ucret-iadesi-yapilmiyor-magdur-edildim,1,2026-08-25T12:57:31.596005+00:00,COMPLAINT_MATCHED,
BOD109,Oscar Seaside Hotel & Spa,Güvercinlik,Oscar Seaside Hotel & Spa Bodrum,https://www.sikayetvar.com/oscar-seaside-hotel-spa-bodrum,https://www.sikayetvar.com/oscar-seaside-hotel-spa-bodrum/oscar-seaside-hotel-spa-bodrum-hicbir-sey-dahil-degil-konsept,https://www.sikayetvar.com/oscar-seaside-hotel-spa-bodrum/oscar-seaside-hotel-spa-bodrum-hicbir-sey-dahil-degil-konsept,1,2026-08-25T12:57:31.596005+00:00,COMPLAINT_MATCHED,
BOD109,Oscar Seaside Hotel & Spa,Güvercinlik,Oscar Seaside Hotel & Spa Bodrum,https://www.sikayetvar.com/oscar-seaside-hotel-spa-bodrum,https://www.sikayetvar.com/oscar-seaside-hotel-spa-bodrum/oscar-seaside-hotel-spa-bodrum-memnuniyetsizlik,https://www.sikayetvar.com/oscar-seaside-hotel-spa-bodrum/oscar-seaside-hotel-spa-bodrum-memnuniyetsizlik,1,2026-08-25T12:57:31.596005+00:00,COMPLAINT_MATCHED,
BOD130,Petunya Beach Resort,Ortakent-Yahşi,Petunya Beach Resort,https://www.sikayetvar.com/petunya-beach-resort,https://www.sikayetvar.com/petunya-beach-resort/plajda-sezlong-ve-havlu-sorunlari-ve-personel-tutumu-tatili-bozdu,https://www.sikayetvar.com/petunya-beach-resort/plajda-sezlong-ve-havlu-sorunlari-ve-personel-tutumu-tatili-bozdu,1,2026-08-25T12:57:33.844259+00:00,COMPLAINT_MATCHED,
BOD130,Petunya Beach Resort,Ortakent-Yahşi,Petunya Beach Resort,https://www.sikayetvar.com/petunya-beach-resort,https://www.sikayetvar.com/petunya-beach-resort/petunya-beach-resorttan-28-gun-iade-suresi-asimi-ve-magduriyet,https://www.sikayetvar.com/petunya-beach-resort/petunya-beach-resorttan-28-gun-iade-suresi-asimi-ve-magduriyet,1,2026-08-25T12:57:33.844259+00:00,COMPLAINT_MATCHED,
BOD130,Petunya Beach Resort,Ortakent-Yahşi,Petunya Beach Resort,https://www.sikayetvar.com/petunya-beach-resort,https://www.sikayetvar.com/petunya-beach-resort/petunya-beach-resort-iadesi-31000-tl-gecikmesi-ve-belirsiz-aciklama,https://www.sikayetvar.com/petunya-beach-resort/petunya-beach-resort-iadesi-31000-tl-gecikmesi-ve-belirsiz-aciklama,1,2026-08-25T12:57:33.844259+00:00,COMPLAINT_MATCHED,
BOD130,Petunya Beach Resort,Ortakent-Yahşi,Petunya Beach Resort,https://www.sikayetvar.com/petunya-beach-resort,https://www.sikayetvar.com/petunya-beach-resort/bodrum-petunya-beach-resorttan-64-bin-tl-iade-bekleniyor,https://www.sikayetvar.com/petunya-beach-resort/bodrum-petunya-beach-resorttan-64-bin-tl-iade-bekleniyor,1,2026-08-25T12:57:33.844259+00:00,COMPLAINT_MATCHED,
BOD130,Petunya Beach Resort,Ortakent-Yahşi,Petunya Beach Resort,https://www.sikayetvar.com/petunya-beach-resort,https://www.sikayetvar.com/petunya-beach-resort/petunya-beach-resortta-resepsiyon-hatti-cevapsiz-misafir-memnuniyeti-tehlikede,https://www.sikayetvar.com/petunya-beach-resort/petunya-beach-resortta-resepsiyon-hatti-cevapsiz-misafir-memnuniyeti-tehlikede,1,2026-08-25T12:57:33.844259+00:00,COMPLAINT_MATCHED,
BOD130,Petunya Beach Resort,Ortakent-Yahşi,Petunya Beach Resort,https://www.sikayetvar.com/petunya-beach-resort,https://www.sikayetvar.com/petunya-beach-resort/bodrum-petunyada-sozlesmesiz-odeme-ve-28-gun-bekleyen-iade-guvenimi-sarsiyor,https://www.sikayetvar.com/petunya-beach-resort/bodrum-petunyada-sozlesmesiz-odeme-ve-28-gun-bekleyen-iade-guvenimi-sarsiyor,1,2026-08-25T12:57:33.844259+00:00,COMPLAINT_MATCHED,
BOD130,Petunya Beach Resort,Ortakent-Yahşi,Petunya Beach Resort,https://www.sikayetvar.com/petunya-beach-resort,https://www.sikayetvar.com/petunya-beach-resort/petunya-otelde-hijyen-sorunlari-ve-kirli-bardaklar,https://www.sikayetvar.com/petunya-beach-resort/petunya-otelde-hijyen-sorunlari-ve-kirli-bardaklar,1,2026-08-25T12:57:33.844259+00:00,COMPLAINT_MATCHED,
BOD130,Petunya Beach Resort,Ortakent-Yahşi,Petunya Beach Resort,https://www.sikayetvar.com/petunya-beach-resort,https://www.sikayetvar.com/petunya-beach-resort/bodrum-petunya-beach-otel-sikayeti,https://www.sikayetvar.com/petunya-beach-resort/bodrum-petunya-beach-otel-sikayeti,1,2026-08-25T12:57:33.844259+00:00,COMPLAINT_MATCHED,
BOD130,Petunya Beach Resort,Ortakent-Yahşi,Petunya Beach Resort,https://www.sikayetvar.com/petunya-beach-resort,https://www.sikayetvar.com/petunya-beach-resort/otel-temsilcisinin-ilgisizligi-tatil-deneyimimizi-olumsuz-etkiledi,https://www.sikayetvar.com/petunya-beach-resort/otel-temsilcisinin-ilgisizligi-tatil-deneyimimizi-olumsuz-etkiledi,1,2026-08-25T12:57:33.844259+00:00,COMPLAINT_MATCHED,
BOD130,Petunya Beach Resort,Ortakent-Yahşi,Petunya Beach Resort,https://www.sikayetvar.com/petunya-beach-resort,https://www.sikayetvar.com/petunya-beach-resort/rezervasyon-iadesi-ve-saglik-kosullari-sorunu,https://www.sikayetvar.com/petunya-beach-resort/rezervasyon-iadesi-ve-saglik-kosullari-sorunu,1,2026-08-25T12:57:33.844259+00:00,COMPLAINT_MATCHED,
BOD130,Petunya Beach Resort,Ortakent-Yahşi,Petunya Beach Resort,https://www.sikayetvar.com/petunya-beach-resort,https://www.sikayetvar.com/petunya-beach-resort/petunya-beach-resort-hijyen-sorunlari-ve-iade-surecindeki-magduriyet,https://www.sikayetvar.com/petunya-beach-resort/petunya-beach-resort-hijyen-sorunlari-ve-iade-surecindeki-magduriyet,1,2026-08-25T12:57:33.844259+00:00,COMPLAINT_MATCHED,
BOD130,Petunya Beach Resort,Ortakent-Yahşi,Petunya Beach Resort,https://www.sikayetvar.com/petunya-beach-resort,https://www.sikayetvar.com/petunya-beach-resort/petunya-beach-resort-petunya-beach-bocek-istilasi-jolly-tur-ilgisizligi,https://www.sikayetvar.com/petunya-beach-resort/petunya-beach-resort-petunya-beach-bocek-istilasi-jolly-tur-ilgisizligi,1,2026-08-25T12:57:33.844259+00:00,COMPLAINT_MATCHED,
BOD130,Petunya Beach Resort,Ortakent-Yahşi,Petunya Beach Resort,https://www.sikayetvar.com/petunya-beach-resort,https://www.sikayetvar.com/petunya-beach-resort/petunya-beach-resort-fiyaskosu,https://www.sikayetvar.com/petunya-beach-resort/petunya-beach-resort-fiyaskosu,1,2026-08-25T12:57:33.844259+00:00,COMPLAINT_MATCHED,
BOD045,Salmakis Resort & Spa,Bodrum Merkez,Salmakis Resort & Spa,https://www.sikayetvar.com/salmakis-resort-spa,https://www.sikayetvar.com/salmakis-resort-spa/kotu-oda-kosullari-ve-resepsiyonun-umursamaz-tavri,https://www.sikayetvar.com/salmakis-resort-spa/kotu-oda-kosullari-ve-resepsiyonun-umursamaz-tavri,1,2026-08-25T12:57:37.170637+00:00,COMPLAINT_MATCHED,
BOD045,Salmakis Resort & Spa,Bodrum Merkez,Salmakis Resort & Spa,https://www.sikayetvar.com/salmakis-resort-spa,https://www.sikayetvar.com/salmakis-resort-spa/salmakis-resort-spa-dusakabin-cami-patlamasi,https://www.sikayetvar.com/salmakis-resort-spa/salmakis-resort-spa-dusakabin-cami-patlamasi,1,2026-08-25T12:57:37.170637+00:00,COMPLAINT_MATCHED,
BOD045,Salmakis Resort & Spa,Bodrum Merkez,Salmakis Resort & Spa,https://www.sikayetvar.com/salmakis-resort-spa,https://www.sikayetvar.com/salmakis-resort-spa/salmakis-resort-spa-hem-hizmetten-hem-de-otelden-son-derece-memnuniyetsiz-ayrildim,https://www.sikayetvar.com/salmakis-resort-spa/salmakis-resort-spa-hem-hizmetten-hem-de-otelden-son-derece-memnuniyetsiz-ayrildim,1,2026-08-25T12:57:37.170637+00:00,COMPLAINT_MATCHED,
BOD045,Salmakis Resort & Spa,Bodrum Merkez,Salmakis Resort & Spa,https://www.sikayetvar.com/salmakis-resort-spa,https://www.sikayetvar.com/salmakis-resort-spa/salmakis-resort-spa-son-derece-kotu-bir-deneyim-yasadik,https://www.sikayetvar.com/salmakis-resort-spa/salmakis-resort-spa-son-derece-kotu-bir-deneyim-yasadik,1,2026-08-25T12:57:37.170637+00:00,COMPLAINT_MATCHED,
BOD045,Salmakis Resort & Spa,Bodrum Merkez,Salmakis Resort & Spa,https://www.sikayetvar.com/salmakis-resort-spa,https://www.sikayetvar.com/salmakis-resort-spa/plaj-sezlonglari-zorla-bosaltildi-ve-misafir-ihmal-edildi,https://www.sikayetvar.com/salmakis-resort-spa/plaj-sezlonglari-zorla-bosaltildi-ve-misafir-ihmal-edildi,1,2026-08-25T12:57:37.170637+00:00,COMPLAINT_MATCHED,
BOD045,Salmakis Resort & Spa,Bodrum Merkez,Salmakis Resort & Spa,https://www.sikayetvar.com/salmakis-resort-spa,https://www.sikayetvar.com/salmakis-resort-spa/oda-temizligi-ve-personel-ilgisizligi-konaklamami-olumsuz-etkiledi,https://www.sikayetvar.com/salmakis-resort-spa/oda-temizligi-ve-personel-ilgisizligi-konaklamami-olumsuz-etkiledi,1,2026-08-25T12:57:37.170637+00:00,COMPLAINT_MATCHED,
BOD045,Salmakis Resort & Spa,Bodrum Merkez,Salmakis Resort & Spa,https://www.sikayetvar.com/salmakis-resort-spa,https://www.sikayetvar.com/salmakis-resort-spa/salmakis-resort-spa-salmakis-otel-bodrum-kufurlu-personel,https://www.sikayetvar.com/salmakis-resort-spa/salmakis-resort-spa-salmakis-otel-bodrum-kufurlu-personel,1,2026-08-25T12:57:37.170637+00:00,COMPLAINT_MATCHED,
BOD067,Sami Beach Hotel,Gümbet,Sami Beach Hotel,https://www.sikayetvar.com/sami-beach-hotel,https://www.sikayetvar.com/sami-beach-hotel/rezervasyonda-aldatici-transfer-sozu-ve-tutulmayan-soz,https://www.sikayetvar.com/sami-beach-hotel/rezervasyonda-aldatici-transfer-sozu-ve-tutulmayan-soz,1,2026-08-25T12:57:39.623155+00:00,COMPLAINT_MATCHED,
BOD067,Sami Beach Hotel,Gümbet,Sami Beach Hotel,https://www.sikayetvar.com/sami-beach-hotel,https://www.sikayetvar.com/sami-beach-hotel/yuksek-ucret-ilgisiz-destek-ve-kayip-esya-tatilbudur-ve-sami-beach-hotel-magduriyeti,https://www.sikayetvar.com/sami-beach-hotel/yuksek-ucret-ilgisiz-destek-ve-kayip-esya-tatilbudur-ve-sami-beach-hotel-magduriyeti,1,2026-08-25T12:57:39.623155+00:00,COMPLAINT_MATCHED,
BOD067,Sami Beach Hotel,Gümbet,Sami Beach Hotel,https://www.sikayetvar.com/sami-beach-hotel,https://www.sikayetvar.com/sami-beach-hotel/kotu-temizlik-ilgisiz-personel-ve-saglik-sorunu-tatil-hayal-kirikligina-donustu,https://www.sikayetvar.com/sami-beach-hotel/kotu-temizlik-ilgisiz-personel-ve-saglik-sorunu-tatil-hayal-kirikligina-donustu,1,2026-08-25T12:57:39.623155+00:00,COMPLAINT_MATCHED,
BOD067,Sami Beach Hotel,Gümbet,Sami Beach Hotel,https://www.sikayetvar.com/sami-beach-hotel,https://www.sikayetvar.com/sami-beach-hotel/oda-ve-hizmet-eksiklikleri-hakkinda-sikayet,https://www.sikayetvar.com/sami-beach-hotel/oda-ve-hizmet-eksiklikleri-hakkinda-sikayet,1,2026-08-25T12:57:39.623155+00:00,COMPLAINT_MATCHED,
BOD067,Sami Beach Hotel,Gümbet,Sami Beach Hotel,https://www.sikayetvar.com/sami-beach-hotel,https://www.sikayetvar.com/sami-beach-hotel/otel-rezervasyon-iptal-surecinde-yasanan-sorunlar,https://www.sikayetvar.com/sami-beach-hotel/otel-rezervasyon-iptal-surecinde-yasanan-sorunlar,1,2026-08-25T12:57:39.623155+00:00,COMPLAINT_MATCHED,
BOD067,Sami Beach Hotel,Gümbet,Sami Beach Hotel,https://www.sikayetvar.com/sami-beach-hotel,https://www.sikayetvar.com/sami-beach-hotel/sami-beach-hotel-guvenligi-ve-hizmet-kalitesi-sorunlari,https://www.sikayetvar.com/sami-beach-hotel/sami-beach-hotel-guvenligi-ve-hizmet-kalitesi-sorunlari,1,2026-08-25T12:57:39.623155+00:00,COMPLAINT_MATCHED,
BOD069,Siesta Beach Apart,Gümbet,Siesta Beach Apart,https://www.sikayetvar.com/siesta-beach-apart,https://www.sikayetvar.com/siesta-beach-apart/verilen-taahhutlerin-yerine-getirilmemesi-nedeniyle-ucret-iadesi-talebi,https://www.sikayetvar.com/siesta-beach-apart/verilen-taahhutlerin-yerine-getirilmemesi-nedeniyle-ucret-iadesi-talebi,1,2026-08-25T12:57:42.142790+00:00,COMPLAINT_MATCHED,
BOD153,The Oba Hotel,Torba,The Oba Hotel,https://www.sikayetvar.com/the-oba-hotel,https://www.sikayetvar.com/the-oba-hotel/sahte-rezervasyon-sitesi-nedeniyle-magduriyet-ve-iade-talebi,https://www.sikayetvar.com/the-oba-hotel/sahte-rezervasyon-sitesi-nedeniyle-magduriyet-ve-iade-talebi,1,2026-08-25T12:57:44.854814+00:00,COMPLAINT_MATCHED,
BOD153,The Oba Hotel,Torba,The Oba Hotel,https://www.sikayetvar.com/the-oba-hotel,https://www.sikayetvar.com/the-oba-hotel/erken-cikista-kullanilmayan-gecenin-ucretinin-iade-edilmemesi-ve-yetersiz-bilgilendirme,https://www.sikayetvar.com/the-oba-hotel/erken-cikista-kullanilmayan-gecenin-ucretinin-iade-edilmemesi-ve-yetersiz-bilgilendirme,1,2026-08-25T12:57:44.854814+00:00,COMPLAINT_MATCHED,
BOD153,The Oba Hotel,Torba,The Oba Hotel,https://www.sikayetvar.com/the-oba-hotel,https://www.sikayetvar.com/the-oba-hotel/otel-odasinda-buhar-eksik-hizmet-ve-iade-sorunu,https://www.sikayetvar.com/the-oba-hotel/otel-odasinda-buhar-eksik-hizmet-ve-iade-sorunu,1,2026-08-25T12:57:44.854814+00:00,COMPLAINT_MATCHED,
BOD153,The Oba Hotel,Torba,The Oba Hotel,https://www.sikayetvar.com/the-oba-hotel,https://www.sikayetvar.com/the-oba-hotel/erken-giriste-kahvalti-ucretli-olmasi-ve-misafir-karsilamasi-sorunu,https://www.sikayetvar.com/the-oba-hotel/erken-giriste-kahvalti-ucretli-olmasi-ve-misafir-karsilamasi-sorunu,1,2026-08-25T12:57:44.854814+00:00,COMPLAINT_MATCHED,
BOD153,The Oba Hotel,Torba,The Oba Hotel,https://www.sikayetvar.com/the-oba-hotel,https://www.sikayetvar.com/the-oba-hotel/otele-giriste-sok-kahvalti-ucretli-surprizi,https://www.sikayetvar.com/the-oba-hotel/otele-giriste-sok-kahvalti-ucretli-surprizi,1,2026-08-25T12:57:44.854814+00:00,COMPLAINT_MATCHED,
BOD153,The Oba Hotel,Torba,The Oba Hotel,https://www.sikayetvar.com/the-oba-hotel,https://www.sikayetvar.com/the-oba-hotel/the-oba-hotel-the-oba-otel,https://www.sikayetvar.com/the-oba-hotel/the-oba-hotel-the-oba-otel,1,2026-08-25T12:57:44.854814+00:00,COMPLAINT_MATCHED,
BOD153,The Oba Hotel,Torba,The Oba Hotel,https://www.sikayetvar.com/the-oba-hotel,https://www.sikayetvar.com/the-oba-hotel/the-oba-hotelde-saglik-ve-hijyen-sorunlari,https://www.sikayetvar.com/the-oba-hotel/the-oba-hotelde-saglik-ve-hijyen-sorunlari,1,2026-08-25T12:57:44.854814+00:00,COMPLAINT_MATCHED,
BOD153,The Oba Hotel,Torba,The Oba Hotel,https://www.sikayetvar.com/the-oba-hotel,https://www.sikayetvar.com/the-oba-hotel/the-oba-hotelde-yasadigim-hayal-kirikligi,https://www.sikayetvar.com/the-oba-hotel/the-oba-hotelde-yasadigim-hayal-kirikligi,1,2026-08-25T12:57:44.854814+00:00,COMPLAINT_MATCHED,
BOD153,The Oba Hotel,Torba,The Oba Hotel,https://www.sikayetvar.com/the-oba-hotel,https://www.sikayetvar.com/the-oba-hotel/the-oba-hotel-musteri-memnuniyeti-sifir,https://www.sikayetvar.com/the-oba-hotel/the-oba-hotel-musteri-memnuniyeti-sifir,1,2026-08-25T12:57:44.854814+00:00,COMPLAINT_MATCHED,
BOD153,The Oba Hotel,Torba,The Oba Hotel,https://www.sikayetvar.com/the-oba-hotel,https://www.sikayetvar.com/the-oba-hotel/the-oba-hotel-rezervasyon-iptalinde-haksiz-kesinti-ve-gecikmeli-iade,https://www.sikayetvar.com/the-oba-hotel/the-oba-hotel-rezervasyon-iptalinde-haksiz-kesinti-ve-gecikmeli-iade,1,2026-08-25T12:57:44.854814+00:00,COMPLAINT_MATCHED,
BOD110,Titanic Luxury Collection Bodrum,Güvercinlik,Titanic Luxury Collection Bodrum,https://www.sikayetvar.com/titanic-luxury-collection-bodrum,https://www.sikayetvar.com/titanic-luxury-collection-bodrum/titanic-luxury-collection-bodrum-herhangi-bir-geri-donus-yapilmadi,https://www.sikayetvar.com/titanic-luxury-collection-bodrum/titanic-luxury-collection-bodrum-herhangi-bir-geri-donus-yapilmadi,1,2026-08-25T12:57:47.540418+00:00,COMPLAINT_MATCHED,
BOD110,Titanic Luxury Collection Bodrum,Güvercinlik,Titanic Luxury Collection Bodrum,https://www.sikayetvar.com/titanic-luxury-collection-bodrum,https://www.sikayetvar.com/titanic-luxury-collection-bodrum/titanic-luxury-bodrumda-rezervasyon-talebine-cevap-verilmemesi,https://www.sikayetvar.com/titanic-luxury-collection-bodrum/titanic-luxury-bodrumda-rezervasyon-talebine-cevap-verilmemesi,1,2026-08-25T12:57:47.540418+00:00,COMPLAINT_MATCHED,
BOD110,Titanic Luxury Collection Bodrum,Güvercinlik,Titanic Luxury Collection Bodrum,https://www.sikayetvar.com/titanic-luxury-collection-bodrum,https://www.sikayetvar.com/titanic-luxury-collection-bodrum/titanic-luxury-collection-bodrum-saglik-durumum-hicbir-sekilde-dikkate-alinmadi,https://www.sikayetvar.com/titanic-luxury-collection-bodrum/titanic-luxury-collection-bodrum-saglik-durumum-hicbir-sekilde-dikkate-alinmadi,1,2026-08-25T12:57:47.540418+00:00,COMPLAINT_MATCHED,
BOD110,Titanic Luxury Collection Bodrum,Güvercinlik,Titanic Luxury Collection Bodrum,https://www.sikayetvar.com/titanic-luxury-collection-bodrum,https://www.sikayetvar.com/titanic-luxury-collection-bodrum/titanic-luxury-collection-bodrumda-mantar-yemekleri-nedeniyle-gida-zehirlenmesi-ve-sorumluluk-reddi,https://www.sikayetvar.com/titanic-luxury-collection-bodrum/titanic-luxury-collection-bodrumda-mantar-yemekleri-nedeniyle-gida-zehirlenmesi-ve-sorumluluk-reddi,1,2026-08-25T12:57:47.540418+00:00,COMPLAINT_MATCHED,
BOD110,Titanic Luxury Collection Bodrum,Güvercinlik,Titanic Luxury Collection Bodrum,https://www.sikayetvar.com/titanic-luxury-collection-bodrum,https://www.sikayetvar.com/titanic-luxury-collection-bodrum/titanic-luxury-collection-bodrum-ortam-ve-bazi-hizmetler-beklentimi-karsiladi,https://www.sikayetvar.com/titanic-luxury-collection-bodrum/titanic-luxury-collection-bodrum-ortam-ve-bazi-hizmetler-beklentimi-karsiladi,1,2026-08-25T12:57:47.540418+00:00,COMPLAINT_MATCHED,
BOD072,VERY CHIC BODRUM,Gümbet,Very Chic Bodrum,https://www.sikayetvar.com/very-chic-bodrum,https://www.sikayetvar.com/very-chic-bodrum/alakart-iddiasi-yalan-tekrarlayan-menu-ve-duzensiz-plaj,https://www.sikayetvar.com/very-chic-bodrum/alakart-iddiasi-yalan-tekrarlayan-menu-ve-duzensiz-plaj,1,2026-08-25T12:57:50.174686+00:00,COMPLAINT_MATCHED,
BOD072,VERY CHIC BODRUM,Gümbet,Very Chic Bodrum,https://www.sikayetvar.com/very-chic-bodrum,https://www.sikayetvar.com/very-chic-bodrum/very-chic-bodrum-barda-yasanan-ayrimci-muamele,https://www.sikayetvar.com/very-chic-bodrum/very-chic-bodrum-barda-yasanan-ayrimci-muamele,1,2026-08-25T12:57:50.174686+00:00,COMPLAINT_MATCHED,
BOD072,VERY CHIC BODRUM,Gümbet,Very Chic Bodrum,https://www.sikayetvar.com/very-chic-bodrum,https://www.sikayetvar.com/very-chic-bodrum/coral-travel-usulsuz-rezervasyon-iptali-1,https://www.sikayetvar.com/very-chic-bodrum/coral-travel-usulsuz-rezervasyon-iptali-1,1,2026-08-25T12:57:50.174686+00:00,COMPLAINT_MATCHED,
BOD016,Xanadu Island,Akyarlar,Xanadu Island,https://www.sikayetvar.com/xanadu-island,https://www.sikayetvar.com/xanadu-island/premium-king-suite-oda-hijyeninde-tekrarlayan-temizlik-problemleri,https://www.sikayetvar.com/xanadu-island/premium-king-suite-oda-hijyeninde-tekrarlayan-temizlik-problemleri,1,2026-08-25T12:57:52.768328+00:00,COMPLAINT_MATCHED,
BOD016,Xanadu Island,Akyarlar,Xanadu Island,https://www.sikayetvar.com/xanadu-island,https://www.sikayetvar.com/xanadu-island/ultra-her-sey-dahil-otelde-servis-temizlik-ve-plaj-siparislerinde-surekli-aksakliklar,https://www.sikayetvar.com/xanadu-island/ultra-her-sey-dahil-otelde-servis-temizlik-ve-plaj-siparislerinde-surekli-aksakliklar,1,2026-08-25T12:57:52.768328+00:00,COMPLAINT_MATCHED,
BOD016,Xanadu Island,Akyarlar,Xanadu Island,https://www.sikayetvar.com/xanadu-island,https://www.sikayetvar.com/xanadu-island/ultra-her-sey-dahil-otelde-bar-servisi-kabusa-donustu,https://www.sikayetvar.com/xanadu-island/ultra-her-sey-dahil-otelde-bar-servisi-kabusa-donustu,1,2026-08-25T12:57:52.768328+00:00,COMPLAINT_MATCHED,
BOD016,Xanadu Island,Akyarlar,Xanadu Island,https://www.sikayetvar.com/xanadu-island,https://www.sikayetvar.com/xanadu-island/otelde-yasanan-ciddi-olay-sonrasi-tatilimizin-yarida-kesilmesi-ve-manevi-magduriyet,https://www.sikayetvar.com/xanadu-island/otelde-yasanan-ciddi-olay-sonrasi-tatilimizin-yarida-kesilmesi-ve-manevi-magduriyet,1,2026-08-25T12:57:52.768328+00:00,COMPLAINT_MATCHED,
BOD115,Yasmin Bodrum Resort,Kadıkalesi,Yasmin Bodrum Resort,https://www.sikayetvar.com/yasmin-bodrum-resort,https://www.sikayetvar.com/yasmin-bodrum-resort/250000-tl-alacagim-odenmedi-ve-iletisim-kesildi,https://www.sikayetvar.com/yasmin-bodrum-resort/250000-tl-alacagim-odenmedi-ve-iletisim-kesildi,1,2026-08-25T12:57:57.989368+00:00,COMPLAINT_MATCHED,
BOD115,Yasmin Bodrum Resort,Kadıkalesi,Yasmin Bodrum Resort,https://www.sikayetvar.com/yasmin-bodrum-resort,https://www.sikayetvar.com/yasmin-bodrum-resort/calisanlarin-mahremiyeti-ve-onuru-zedelenen-acik-canta-aramalari,https://www.sikayetvar.com/yasmin-bodrum-resort/calisanlarin-mahremiyeti-ve-onuru-zedelenen-acik-canta-aramalari,1,2026-08-25T12:57:57.989368+00:00,COMPLAINT_MATCHED,
BOD115,Yasmin Bodrum Resort,Kadıkalesi,Yasmin Bodrum Resort,https://www.sikayetvar.com/yasmin-bodrum-resort,https://www.sikayetvar.com/yasmin-bodrum-resort/yasmin-bodrum-resortta-mac-izleme-talebimize-reddetme-ve-misafir-odakli-olmayan-yaklasim,https://www.sikayetvar.com/yasmin-bodrum-resort/yasmin-bodrum-resortta-mac-izleme-talebimize-reddetme-ve-misafir-odakli-olmayan-yaklasim,1,2026-08-25T12:57:57.989368+00:00,COMPLAINT_MATCHED,
BOD115,Yasmin Bodrum Resort,Kadıkalesi,Yasmin Bodrum Resort,https://www.sikayetvar.com/yasmin-bodrum-resort,https://www.sikayetvar.com/yasmin-bodrum-resort/yasmin-resort-otelinde-merkez-havalandirma-gurultusu-yasami-zorlastiriyor,https://www.sikayetvar.com/yasmin-bodrum-resort/yasmin-resort-otelinde-merkez-havalandirma-gurultusu-yasami-zorlastiriyor,1,2026-08-25T12:57:57.989368+00:00,COMPLAINT_MATCHED,
BOD115,Yasmin Bodrum Resort,Kadıkalesi,Yasmin Bodrum Resort,https://www.sikayetvar.com/yasmin-bodrum-resort,https://www.sikayetvar.com/yasmin-bodrum-resort/yasmin-bodrum-resortta-kalitesiz-konaklama-ve-haksiz-kesinti,https://www.sikayetvar.com/yasmin-bodrum-resort/yasmin-bodrum-resortta-kalitesiz-konaklama-ve-haksiz-kesinti,1,2026-08-25T12:57:57.989368+00:00,COMPLAINT_MATCHED,
BOD115,Yasmin Bodrum Resort,Kadıkalesi,Yasmin Bodrum Resort,https://www.sikayetvar.com/yasmin-bodrum-resort,https://www.sikayetvar.com/yasmin-bodrum-resort/giris-saati-sistem-hatasi-nedeniyle-yarim-gun-beklemek-zorunda-kaldik,https://www.sikayetvar.com/yasmin-bodrum-resort/giris-saati-sistem-hatasi-nedeniyle-yarim-gun-beklemek-zorunda-kaldik,1,2026-08-25T12:57:57.989368+00:00,COMPLAINT_MATCHED,
BOD115,Yasmin Bodrum Resort,Kadıkalesi,Yasmin Bodrum Resort,https://www.sikayetvar.com/yasmin-bodrum-resort,https://www.sikayetvar.com/yasmin-bodrum-resort/balayi-tatilinde-fatura-sorunu-ve-ilgisiz-musteri-hizmeti,https://www.sikayetvar.com/yasmin-bodrum-resort/balayi-tatilinde-fatura-sorunu-ve-ilgisiz-musteri-hizmeti,1,2026-08-25T12:57:57.989368+00:00,COMPLAINT_MATCHED,
BOD115,Yasmin Bodrum Resort,Kadıkalesi,Yasmin Bodrum Resort,https://www.sikayetvar.com/yasmin-bodrum-resort,https://www.sikayetvar.com/yasmin-bodrum-resort/yasmin-bodrum-resort-cozulmeyen-gurultu-problemi-video,https://www.sikayetvar.com/yasmin-bodrum-resort/yasmin-bodrum-resort-cozulmeyen-gurultu-problemi-video,1,2026-08-25T12:57:57.989368+00:00,COMPLAINT_MATCHED,
BOD115,Yasmin Bodrum Resort,Kadıkalesi,Yasmin Bodrum Resort,https://www.sikayetvar.com/yasmin-bodrum-resort,https://www.sikayetvar.com/yasmin-bodrum-resort/bes-yildizli-otelde-hayal-kirikligi-ve-kaybolan-havlu-gizemi,https://www.sikayetvar.com/yasmin-bodrum-resort/bes-yildizli-otelde-hayal-kirikligi-ve-kaybolan-havlu-gizemi,1,2026-08-25T12:57:57.989368+00:00,COMPLAINT_MATCHED,
BOD115,Yasmin Bodrum Resort,Kadıkalesi,Yasmin Bodrum Resort,https://www.sikayetvar.com/yasmin-bodrum-resort,https://www.sikayetvar.com/yasmin-bodrum-resort/otel-kaynakli-surekli-gurultu-sorunu-ve-ilgisiz-yaklasim,https://www.sikayetvar.com/yasmin-bodrum-resort/otel-kaynakli-surekli-gurultu-sorunu-ve-ilgisiz-yaklasim,1,2026-08-25T12:57:57.989368+00:00,COMPLAINT_MATCHED,
BOD115,Yasmin Bodrum Resort,Kadıkalesi,Yasmin Bodrum Resort,https://www.sikayetvar.com/yasmin-bodrum-resort,https://www.sikayetvar.com/yasmin-bodrum-resort/elektrik-kesintileri-ve-klima-sorunlari-tatili-kabusa-cevirdi,https://www.sikayetvar.com/yasmin-bodrum-resort/elektrik-kesintileri-ve-klima-sorunlari-tatili-kabusa-cevirdi,1,2026-08-25T12:57:57.989368+00:00,COMPLAINT_MATCHED,
BOD115,Yasmin Bodrum Resort,Kadıkalesi,Yasmin Bodrum Resort,https://www.sikayetvar.com/yasmin-bodrum-resort,https://www.sikayetvar.com/yasmin-bodrum-resort/uzak-oda-ve-buggy-sorunu-tatil-keyfini-bozdu,https://www.sikayetvar.com/yasmin-bodrum-resort/uzak-oda-ve-buggy-sorunu-tatil-keyfini-bozdu,1,2026-08-25T12:57:57.989368+00:00,COMPLAINT_MATCHED,
BOD115,Yasmin Bodrum Resort,Kadıkalesi,Yasmin Bodrum Resort,https://www.sikayetvar.com/yasmin-bodrum-resort,https://www.sikayetvar.com/yasmin-bodrum-resort/yasmin-bodrum-resort-otelinde-rezervasyon-surecinde-ilgisizlik-ve-ciddiyetsizlik,https://www.sikayetvar.com/yasmin-bodrum-resort/yasmin-bodrum-resort-otelinde-rezervasyon-surecinde-ilgisizlik-ve-ciddiyetsizlik,1,2026-08-25T12:57:57.989368+00:00,COMPLAINT_MATCHED,
BOD115,Yasmin Bodrum Resort,Kadıkalesi,Yasmin Bodrum Resort,https://www.sikayetvar.com/yasmin-bodrum-resort,https://www.sikayetvar.com/yasmin-bodrum-resort/otel-hizmet-kalitesi-ve-musteri-memnuniyeti-sorunlari-hakkinda-sikayet,https://www.sikayetvar.com/yasmin-bodrum-resort/otel-hizmet-kalitesi-ve-musteri-memnuniyeti-sorunlari-hakkinda-sikayet,1,2026-08-25T12:57:57.989368+00:00,COMPLAINT_MATCHED,
BOD115,Yasmin Bodrum Resort,Kadıkalesi,Yasmin Bodrum Resort,https://www.sikayetvar.com/yasmin-bodrum-resort,https://www.sikayetvar.com/yasmin-bodrum-resort/yasmin-bodrum-resort-yemekler-cok-kotu,https://www.sikayetvar.com/yasmin-bodrum-resort/yasmin-bodrum-resort-yemekler-cok-kotu,1,2026-08-25T12:57:57.989368+00:00,COMPLAINT_MATCHED,
BOD115,Yasmin Bodrum Resort,Kadıkalesi,Yasmin Bodrum Resort,https://www.sikayetvar.com/yasmin-bodrum-resort,https://www.sikayetvar.com/yasmin-bodrum-resort/cocuklarimin-hastaligina-ragmen-ucret-iadem-reddedildi,https://www.sikayetvar.com/yasmin-bodrum-resort/cocuklarimin-hastaligina-ragmen-ucret-iadem-reddedildi,1,2026-08-25T12:57:57.989368+00:00,COMPLAINT_MATCHED,
BOD115,Yasmin Bodrum Resort,Kadıkalesi,Yasmin Bodrum Resort,https://www.sikayetvar.com/yasmin-bodrum-resort,https://www.sikayetvar.com/yasmin-bodrum-resort/yasmin-bodrum-resort-otel-calisanlarinin-davranislari-ve-hijyen-sorunlari,https://www.sikayetvar.com/yasmin-bodrum-resort/yasmin-bodrum-resort-otel-calisanlarinin-davranislari-ve-hijyen-sorunlari,1,2026-08-25T12:57:57.989368+00:00,COMPLAINT_MATCHED,
BOD115,Yasmin Bodrum Resort,Kadıkalesi,Yasmin Bodrum Resort,https://www.sikayetvar.com/yasmin-bodrum-resort,https://www.sikayetvar.com/yasmin-bodrum-resort/yasmin-bodrum-resort-bodrumda-tatil-hayal-kirikligi-oda-ve-hizmet-problemleri,https://www.sikayetvar.com/yasmin-bodrum-resort/yasmin-bodrum-resort-bodrumda-tatil-hayal-kirikligi-oda-ve-hizmet-problemleri,1,2026-08-25T12:57:57.989368+00:00,COMPLAINT_MATCHED,
BOD115,Yasmin Bodrum Resort,Kadıkalesi,Yasmin Bodrum Resort,https://www.sikayetvar.com/yasmin-bodrum-resort,https://www.sikayetvar.com/yasmin-bodrum-resort/yasmin-bodrum-resort-otel-deneyimi-degerlendirmesi,https://www.sikayetvar.com/yasmin-bodrum-resort/yasmin-bodrum-resort-otel-deneyimi-degerlendirmesi,2,2026-08-25T12:57:57.989368+00:00,COMPLAINT_MATCHED,
BOD115,Yasmin Bodrum Resort,Kadıkalesi,Yasmin Bodrum Resort,https://www.sikayetvar.com/yasmin-bodrum-resort,https://www.sikayetvar.com/yasmin-bodrum-resort/yasmin-bodrum-resort-verdigimiz-paranin-karsiligi-yok,https://www.sikayetvar.com/yasmin-bodrum-resort/yasmin-bodrum-resort-verdigimiz-paranin-karsiligi-yok,2,2026-08-25T12:57:57.989368+00:00,COMPLAINT_MATCHED,
BOD115,Yasmin Bodrum Resort,Kadıkalesi,Yasmin Bodrum Resort,https://www.sikayetvar.com/yasmin-bodrum-resort,https://www.sikayetvar.com/yasmin-bodrum-resort/yasmin-bodrum-resort-hijyen-ve-hizmet-eksikligi,https://www.sikayetvar.com/yasmin-bodrum-resort/yasmin-bodrum-resort-hijyen-ve-hizmet-eksikligi,2,2026-08-25T12:57:57.989368+00:00,COMPLAINT_MATCHED,
BOD115,Yasmin Bodrum Resort,Kadıkalesi,Yasmin Bodrum Resort,https://www.sikayetvar.com/yasmin-bodrum-resort,https://www.sikayetvar.com/yasmin-bodrum-resort/jolly-tatil-ile-alinan-yasmin-bodrum-resort-pismanligi-video,https://www.sikayetvar.com/yasmin-bodrum-resort/jolly-tatil-ile-alinan-yasmin-bodrum-resort-pismanligi-video,2,2026-08-25T12:57:57.989368+00:00,COMPLAINT_MATCHED,
BOD115,Yasmin Bodrum Resort,Kadıkalesi,Yasmin Bodrum Resort,https://www.sikayetvar.com/yasmin-bodrum-resort,https://www.sikayetvar.com/yasmin-bodrum-resort/jolly-tatil-ve-yasmin-bodrum-resort-otel-pismanligi,https://www.sikayetvar.com/yasmin-bodrum-resort/jolly-tatil-ve-yasmin-bodrum-resort-otel-pismanligi,2,2026-08-25T12:57:57.989368+00:00,COMPLAINT_MATCHED,
BOD068,Selectum Colours Bodrum,Gümbet,Selectum Hotels Selectum Bodrum,https://www.sikayetvar.com/selectum-hotels/selectum-bodrum,https://www.sikayetvar.com/selectum-hotels/80-bin-tllik-konaklamada-sinekli-oda-kalitesiz-yemek-ve-yetersiz-hizmet,https://www.sikayetvar.com/selectum-hotels/80-bin-tllik-konaklamada-sinekli-oda-kalitesiz-yemek-ve-yetersiz-hizmet,1,2026-08-25T12:58:16.980507+00:00,COMPLAINT_REVIEW_REQUIRED,
BOD068,Selectum Colours Bodrum,Gümbet,Selectum Hotels Selectum Bodrum,https://www.sikayetvar.com/selectum-hotels/selectum-bodrum,https://www.sikayetvar.com/selectum-hotels/kahvaltida-kil-cikti-ozur-yetmedi,https://www.sikayetvar.com/selectum-hotels/kahvaltida-kil-cikti-ozur-yetmedi,1,2026-08-25T12:58:16.980507+00:00,COMPLAINT_REVIEW_REQUIRED,
BOD068,Selectum Colours Bodrum,Gümbet,Selectum Hotels Selectum Bodrum,https://www.sikayetvar.com/selectum-hotels/selectum-bodrum,https://www.sikayetvar.com/selectum-hotels/selectum-hotels-aldigimiz-hizmetten-memnun-kalmadik,https://www.sikayetvar.com/selectum-hotels/selectum-hotels-aldigimiz-hizmetten-memnun-kalmadik,1,2026-08-25T12:58:16.980507+00:00,COMPLAINT_REVIEW_REQUIRED,
BOD068,Selectum Colours Bodrum,Gümbet,Selectum Hotels Selectum Bodrum,https://www.sikayetvar.com/selectum-hotels/selectum-bodrum,https://www.sikayetvar.com/selectum-hotels/selectum-colors-bodrum-otelinde-kayip-airpods-teslim-edilmedi-ve-kullaniliyor,https://www.sikayetvar.com/selectum-hotels/selectum-colors-bodrum-otelinde-kayip-airpods-teslim-edilmedi-ve-kullaniliyor,1,2026-08-25T12:58:16.980507+00:00,COMPLAINT_MATCHED,
BOD068,Selectum Colours Bodrum,Gümbet,Selectum Hotels Selectum Bodrum,https://www.sikayetvar.com/selectum-hotels/selectum-bodrum,https://www.sikayetvar.com/selectum-hotels/selectum-hotels-turk-misafirlere-karsi-son-derece-saygisiz-ve-ayrimci-davrandigina-sahit-olduk,https://www.sikayetvar.com/selectum-hotels/selectum-hotels-turk-misafirlere-karsi-son-derece-saygisiz-ve-ayrimci-davrandigina-sahit-olduk,1,2026-08-25T12:58:16.980507+00:00,COMPLAINT_REVIEW_REQUIRED,
BOD068,Selectum Colours Bodrum,Gümbet,Selectum Hotels Selectum Bodrum,https://www.sikayetvar.com/selectum-hotels/selectum-bodrum,https://www.sikayetvar.com/selectum-hotels/selectum-collection-bodrumda-valesiz-giris-ve-koordinasyon-sorunlari,https://www.sikayetvar.com/selectum-hotels/selectum-collection-bodrumda-valesiz-giris-ve-koordinasyon-sorunlari,1,2026-08-25T12:58:16.980507+00:00,COMPLAINT_REVIEW_REQUIRED,
BOD068,Selectum Colours Bodrum,Gümbet,Selectum Hotels Selectum Bodrum,https://www.sikayetvar.com/selectum-hotels/selectum-bodrum,https://www.sikayetvar.com/selectum-hotels/selectum-hotels-odalar-eski-temizlik-yetersiz-yemek-kalitesi-dusuk-ve-yerli-misafirlere-ayrimcilik,https://www.sikayetvar.com/selectum-hotels/selectum-hotels-odalar-eski-temizlik-yetersiz-yemek-kalitesi-dusuk-ve-yerli-misafirlere-ayrimcilik,1,2026-08-25T12:58:16.980507+00:00,COMPLAINT_REVIEW_REQUIRED,
BOD068,Selectum Colours Bodrum,Gümbet,Selectum Hotels Selectum Bodrum,https://www.sikayetvar.com/selectum-hotels/selectum-bodrum,https://www.sikayetvar.com/selectum-hotels/engelli-misafire-uygun-oda-saglanamamasi-ve-21500-tl-iadesi-talebi,https://www.sikayetvar.com/selectum-hotels/engelli-misafire-uygun-oda-saglanamamasi-ve-21500-tl-iadesi-talebi,1,2026-08-25T12:58:16.980507+00:00,COMPLAINT_REVIEW_REQUIRED,
BOD068,Selectum Colours Bodrum,Gümbet,Selectum Hotels Selectum Bodrum,https://www.sikayetvar.com/selectum-hotels/selectum-bodrum,https://www.sikayetvar.com/selectum-hotels/selectum-colors-bodrumda-oda-temizligi-ve-musteri-iliskilerinde-yetersizlik,https://www.sikayetvar.com/selectum-hotels/selectum-colors-bodrumda-oda-temizligi-ve-musteri-iliskilerinde-yetersizlik,1,2026-08-25T12:58:16.980507+00:00,COMPLAINT_MATCHED,
BOD068,Selectum Colours Bodrum,Gümbet,Selectum Hotels Selectum Bodrum,https://www.sikayetvar.com/selectum-hotels/selectum-bodrum,https://www.sikayetvar.com/selectum-hotels/otel-odasinda-kaybolan-saatim-icin-cozum-bekliyorum,https://www.sikayetvar.com/selectum-hotels/otel-odasinda-kaybolan-saatim-icin-cozum-bekliyorum,1,2026-08-25T12:58:16.980507+00:00,COMPLAINT_REVIEW_REQUIRED,
BOD068,Selectum Colours Bodrum,Gümbet,Selectum Hotels Selectum Bodrum,https://www.sikayetvar.com/selectum-hotels/selectum-bodrum,https://www.sikayetvar.com/selectum-hotels/selectum-collection-hotel-bodrum-sorun-yasama,https://www.sikayetvar.com/selectum-hotels/selectum-collection-hotel-bodrum-sorun-yasama,1,2026-08-25T12:58:16.980507+00:00,COMPLAINT_REVIEW_REQUIRED,
BOD068,Selectum Colours Bodrum,Gümbet,Selectum Hotels Selectum Bodrum,https://www.sikayetvar.com/selectum-hotels/selectum-bodrum,https://www.sikayetvar.com/selectum-hotels/bodrumda-kotu-hijyen-ve-yetersiz-hizmet-deneyimi,https://www.sikayetvar.com/selectum-hotels/bodrumda-kotu-hijyen-ve-yetersiz-hizmet-deneyimi,1,2026-08-25T12:58:16.980507+00:00,COMPLAINT_REVIEW_REQUIRED,
BOD068,Selectum Colours Bodrum,Gümbet,Selectum Hotels Selectum Bodrum,https://www.sikayetvar.com/selectum-hotels/selectum-bodrum,https://www.sikayetvar.com/selectum-hotels/selectum-hotels-muthis-balayi-avantajlari,https://www.sikayetvar.com/selectum-hotels/selectum-hotels-muthis-balayi-avantajlari,1,2026-08-25T12:58:16.980507+00:00,COMPLAINT_REVIEW_REQUIRED,
BOD068,Selectum Colours Bodrum,Gümbet,Selectum Hotels Selectum Bodrum,https://www.sikayetvar.com/selectum-hotels/selectum-bodrum,https://www.sikayetvar.com/selectum-hotels/selectum-colours-bodrum-otel,https://www.sikayetvar.com/selectum-hotels/selectum-colours-bodrum-otel,1,2026-08-25T12:58:16.980507+00:00,COMPLAINT_MATCHED,
BOD012,Selectum Collection Bodrum,Akyarlar,Selectum Hotels Selectum Collection Bodrum,https://www.sikayetvar.com/selectum-hotels/selectum-collection-bodrum,https://www.sikayetvar.com/selectum-hotels/yogun-idrar-kokusu-ve-yetersiz-temizlik-sikayeti,https://www.sikayetvar.com/selectum-hotels/yogun-idrar-kokusu-ve-yetersiz-temizlik-sikayeti,1,2026-08-25T12:58:20.098944+00:00,COMPLAINT_MATCHED,
BOD012,Selectum Collection Bodrum,Akyarlar,Selectum Hotels Selectum Collection Bodrum,https://www.sikayetvar.com/selectum-hotels/selectum-collection-bodrum,https://www.sikayetvar.com/selectum-hotels/selectum-collection-bodrumda-valesiz-giris-ve-koordinasyon-sorunlari,https://www.sikayetvar.com/selectum-hotels/selectum-collection-bodrumda-valesiz-giris-ve-koordinasyon-sorunlari,1,2026-08-25T12:58:20.098944+00:00,COMPLAINT_MATCHED,
BOD012,Selectum Collection Bodrum,Akyarlar,Selectum Hotels Selectum Collection Bodrum,https://www.sikayetvar.com/selectum-hotels/selectum-collection-bodrum,https://www.sikayetvar.com/selectum-hotels/selectum-hotels-odalar-eski-temizlik-yetersiz-yemek-kalitesi-dusuk-ve-yerli-misafirlere-ayrimcilik,https://www.sikayetvar.com/selectum-hotels/selectum-hotels-odalar-eski-temizlik-yetersiz-yemek-kalitesi-dusuk-ve-yerli-misafirlere-ayrimcilik,1,2026-08-25T12:58:20.098944+00:00,COMPLAINT_MATCHED,
BOD012,Selectum Collection Bodrum,Akyarlar,Selectum Hotels Selectum Collection Bodrum,https://www.sikayetvar.com/selectum-hotels/selectum-collection-bodrum,https://www.sikayetvar.com/selectum-hotels/selectum-collection-hotel-bodrum-sorun-yasama,https://www.sikayetvar.com/selectum-hotels/selectum-collection-hotel-bodrum-sorun-yasama,1,2026-08-25T12:58:20.098944+00:00,COMPLAINT_MATCHED,
BOD002,Armonia Holiday Village & Spa,Akyarlar,Armonia Holiday Village,https://www.sikayetvar.com/armonia-holiday-village,https://www.sikayetvar.com/armonia-holiday-village/otelde-sokak-kedisinin-bebek-saldirisi-ve-misafir-guvenligi-ihmali,https://www.sikayetvar.com/armonia-holiday-village/otelde-sokak-kedisinin-bebek-saldirisi-ve-misafir-guvenligi-ihmali,1,2026-08-26T21:00:31.358044+00:00,COMPLAINT_MATCHED,
BOD002,Armonia Holiday Village & Spa,Akyarlar,Armonia Holiday Village,https://www.sikayetvar.com/armonia-holiday-village,https://www.sikayetvar.com/armonia-holiday-village/kucuk-oda-ve-kalitesiz-acik-bufe-ile-hayal-kirikligi,https://www.sikayetvar.com/armonia-holiday-village/kucuk-oda-ve-kalitesiz-acik-bufe-ile-hayal-kirikligi,1,2026-08-26T21:00:31.358044+00:00,COMPLAINT_MATCHED,
BOD002,Armonia Holiday Village & Spa,Akyarlar,Armonia Holiday Village,https://www.sikayetvar.com/armonia-holiday-village,https://www.sikayetvar.com/armonia-holiday-village/aquaparkta-dikkatsiz-can-kurtaran-nedeniyle-esime-ayakla-carpma-ve-otelin-yardimsizligi,https://www.sikayetvar.com/armonia-holiday-village/aquaparkta-dikkatsiz-can-kurtaran-nedeniyle-esime-ayakla-carpma-ve-otelin-yardimsizligi,1,2026-08-26T21:00:31.358044+00:00,COMPLAINT_MATCHED,
BOD002,Armonia Holiday Village & Spa,Akyarlar,Armonia Holiday Village,https://www.sikayetvar.com/armonia-holiday-village,https://www.sikayetvar.com/armonia-holiday-village/armonia-holiday-village-spada-beklentilerin-cok-altinda-bir-tatil-deneyimi,https://www.sikayetvar.com/armonia-holiday-village/armonia-holiday-village-spada-beklentilerin-cok-altinda-bir-tatil-deneyimi,1,2026-08-26T21:00:31.358044+00:00,COMPLAINT_MATCHED,
BOD002,Armonia Holiday Village & Spa,Akyarlar,Armonia Holiday Village,https://www.sikayetvar.com/armonia-holiday-village,https://www.sikayetvar.com/armonia-holiday-village/otel-yan-odadaki-gurultu-ve-yetersiz-musteri-hizmetleri-nedeniyle-magduriyet,https://www.sikayetvar.com/armonia-holiday-village/otel-yan-odadaki-gurultu-ve-yetersiz-musteri-hizmetleri-nedeniyle-magduriyet,1,2026-08-26T21:00:31.358044+00:00,COMPLAINT_MATCHED,
BOD002,Armonia Holiday Village & Spa,Akyarlar,Armonia Holiday Village,https://www.sikayetvar.com/armonia-holiday-village,https://www.sikayetvar.com/armonia-holiday-village/otel-animasyon-ekibinin-korsan-arac-ve-ek-ucretle-guvenlik-zedeleyen-gece-kulubu-organizasyonu,https://www.sikayetvar.com/armonia-holiday-village/otel-animasyon-ekibinin-korsan-arac-ve-ek-ucretle-guvenlik-zedeleyen-gece-kulubu-organizasyonu,1,2026-08-26T21:00:31.358044+00:00,COMPLAINT_MATCHED,
BOD002,Armonia Holiday Village & Spa,Akyarlar,Armonia Holiday Village,https://www.sikayetvar.com/armonia-holiday-village,https://www.sikayetvar.com/armonia-holiday-village/armonia-holiday-village-guvenlik-acigi-ve-kalitesiz-hizmetle-karsilastigimiz-kabus-tatil,https://www.sikayetvar.com/armonia-holiday-village/armonia-holiday-village-guvenlik-acigi-ve-kalitesiz-hizmetle-karsilastigimiz-kabus-tatil,1,2026-08-26T21:00:31.358044+00:00,COMPLAINT_MATCHED,
BOD002,Armonia Holiday Village & Spa,Akyarlar,Armonia Holiday Village,https://www.sikayetvar.com/armonia-holiday-village,https://www.sikayetvar.com/armonia-holiday-village/armonia-holiday-village-hayal-kirikligi-yaratan-tatil-deneyimi,https://www.sikayetvar.com/armonia-holiday-village/armonia-holiday-village-hayal-kirikligi-yaratan-tatil-deneyimi,1,2026-08-26T21:00:31.358044+00:00,COMPLAINT_MATCHED,
BOD019,Bitez Garden Life Hotel&Suites,Bitez,Bitez Garden Life Hotel,https://www.sikayetvar.com/bitez-garden-life-hotel,https://www.sikayetvar.com/bitez-garden-life-hotel/yanlis-mesafe-bilgisi-nedeniyle-saglik-durumuma-uygun-olmayan-otel-rezervasyonu-ve-iade-talebi,https://www.sikayetvar.com/bitez-garden-life-hotel/yanlis-mesafe-bilgisi-nedeniyle-saglik-durumuma-uygun-olmayan-otel-rezervasyonu-ve-iade-talebi,1,2026-08-26T21:00:33.648058+00:00,COMPLAINT_MATCHED,
BOD019,Bitez Garden Life Hotel&Suites,Bitez,Bitez Garden Life Hotel,https://www.sikayetvar.com/bitez-garden-life-hotel,https://www.sikayetvar.com/bitez-garden-life-hotel/oda-hijyen-sorunlari-kotu-koku-ve-bocek-istilasina-maruz-kalma,https://www.sikayetvar.com/bitez-garden-life-hotel/oda-hijyen-sorunlari-kotu-koku-ve-bocek-istilasina-maruz-kalma,1,2026-08-26T21:00:33.648058+00:00,COMPLAINT_MATCHED,
BOD019,Bitez Garden Life Hotel&Suites,Bitez,Bitez Garden Life Hotel,https://www.sikayetvar.com/bitez-garden-life-hotel,https://www.sikayetvar.com/bitez-garden-life-hotel/bodrum-otelinde-kuf-kokulu-oda-ve-hic-telafi-sunulmayan-hizmet,https://www.sikayetvar.com/bitez-garden-life-hotel/bodrum-otelinde-kuf-kokulu-oda-ve-hic-telafi-sunulmayan-hizmet,1,2026-08-26T21:00:33.648058+00:00,COMPLAINT_MATCHED,
BOD019,Bitez Garden Life Hotel&Suites,Bitez,Bitez Garden Life Hotel,https://www.sikayetvar.com/bitez-garden-life-hotel,https://www.sikayetvar.com/bitez-garden-life-hotel/bodrum-bitez-garden-life-otelde-bocek-ve-rutubet-sorunu-konaklama-iptali-ve-geciken-10000-tl-iade,https://www.sikayetvar.com/bitez-garden-life-hotel/bodrum-bitez-garden-life-otelde-bocek-ve-rutubet-sorunu-konaklama-iptali-ve-geciken-10000-tl-iade,1,2026-08-26T21:00:33.648058+00:00,COMPLAINT_MATCHED,
BOD019,Bitez Garden Life Hotel&Suites,Bitez,Bitez Garden Life Hotel,https://www.sikayetvar.com/bitez-garden-life-hotel,https://www.sikayetvar.com/bitez-garden-life-hotel/bodrum-otelinde-hijyen-sorunlari-kalitesiz-yemekler-ve-ekstra-ucret-kesintisi,https://www.sikayetvar.com/bitez-garden-life-hotel/bodrum-otelinde-hijyen-sorunlari-kalitesiz-yemekler-ve-ekstra-ucret-kesintisi,1,2026-08-26T21:00:33.648058+00:00,COMPLAINT_MATCHED,
BOD019,Bitez Garden Life Hotel&Suites,Bitez,Bitez Garden Life Hotel,https://www.sikayetvar.com/bitez-garden-life-hotel,https://www.sikayetvar.com/bitez-garden-life-hotel/bitez-garden-life-otelinde-hijyen-sorunlari-ve-geri-odeme-ihmaline-karsi-sikayet,https://www.sikayetvar.com/bitez-garden-life-hotel/bitez-garden-life-otelinde-hijyen-sorunlari-ve-geri-odeme-ihmaline-karsi-sikayet,1,2026-08-26T21:00:33.648058+00:00,COMPLAINT_MATCHED,
BOD019,Bitez Garden Life Hotel&Suites,Bitez,Bitez Garden Life Hotel,https://www.sikayetvar.com/bitez-garden-life-hotel,https://www.sikayetvar.com/bitez-garden-life-hotel/bitez-garden-life-hotelte-hijyen-ve-teknik-sorunlar-yuzunden-tatil-erken-bitirildi,https://www.sikayetvar.com/bitez-garden-life-hotel/bitez-garden-life-hotelte-hijyen-ve-teknik-sorunlar-yuzunden-tatil-erken-bitirildi,1,2026-08-26T21:00:33.648058+00:00,COMPLAINT_MATCHED,
BOD019,Bitez Garden Life Hotel&Suites,Bitez,Bitez Garden Life Hotel,https://www.sikayetvar.com/bitez-garden-life-hotel,https://www.sikayetvar.com/bitez-garden-life-hotel/guvenlik-zafiyeti-ve-kayip-esyalar-nedeniyle-magduriyet,https://www.sikayetvar.com/bitez-garden-life-hotel/guvenlik-zafiyeti-ve-kayip-esyalar-nedeniyle-magduriyet,1,2026-08-26T21:00:33.648058+00:00,COMPLAINT_MATCHED,
BOD019,Bitez Garden Life Hotel&Suites,Bitez,Bitez Garden Life Hotel,https://www.sikayetvar.com/bitez-garden-life-hotel,https://www.sikayetvar.com/bitez-garden-life-hotel/bitez-garden-life-otelde-temizlik-yemek-ve-hijyen-sorunlari-tatili-yarida-biraktirdi,https://www.sikayetvar.com/bitez-garden-life-hotel/bitez-garden-life-otelde-temizlik-yemek-ve-hijyen-sorunlari-tatili-yarida-biraktirdi,1,2026-08-26T21:00:33.648058+00:00,COMPLAINT_MATCHED,
BOD019,Bitez Garden Life Hotel&Suites,Bitez,Bitez Garden Life Hotel,https://www.sikayetvar.com/bitez-garden-life-hotel,https://www.sikayetvar.com/bitez-garden-life-hotel/otelin-hijyen-ve-yemek-kalitesi-yetersiz-musteri-talepleri-dikkate-alinmiyor,https://www.sikayetvar.com/bitez-garden-life-hotel/otelin-hijyen-ve-yemek-kalitesi-yetersiz-musteri-talepleri-dikkate-alinmiyor,1,2026-08-26T21:00:33.648058+00:00,COMPLAINT_MATCHED,
BOD019,Bitez Garden Life Hotel&Suites,Bitez,Bitez Garden Life Hotel,https://www.sikayetvar.com/bitez-garden-life-hotel,https://www.sikayetvar.com/bitez-garden-life-hotel/oda-temizligi-ve-yonetim-ilgisizligi-hayal-kirikligi-yaratti,https://www.sikayetvar.com/bitez-garden-life-hotel/oda-temizligi-ve-yonetim-ilgisizligi-hayal-kirikligi-yaratti,1,2026-08-26T21:00:33.648058+00:00,COMPLAINT_MATCHED,
BOD019,Bitez Garden Life Hotel&Suites,Bitez,Bitez Garden Life Hotel,https://www.sikayetvar.com/bitez-garden-life-hotel,https://www.sikayetvar.com/bitez-garden-life-hotel/bitez-garden-life-hotel-pismanligi,https://www.sikayetvar.com/bitez-garden-life-hotel/bitez-garden-life-hotel-pismanligi,1,2026-08-26T21:00:33.648058+00:00,COMPLAINT_MATCHED,
BOD019,Bitez Garden Life Hotel&Suites,Bitez,Bitez Garden Life Hotel,https://www.sikayetvar.com/bitez-garden-life-hotel,https://www.sikayetvar.com/bitez-garden-life-hotel/bitez-garden-life-hotel-bayram-haftasinda-hayal-kirikligi-bitez-garden-life-bodrum-otel,https://www.sikayetvar.com/bitez-garden-life-hotel/bitez-garden-life-hotel-bayram-haftasinda-hayal-kirikligi-bitez-garden-life-bodrum-otel,1,2026-08-26T21:00:33.648058+00:00,COMPLAINT_MATCHED,
BOD019,Bitez Garden Life Hotel&Suites,Bitez,Bitez Garden Life Hotel,https://www.sikayetvar.com/bitez-garden-life-hotel,https://www.sikayetvar.com/bitez-garden-life-hotel/bitez-garden-life-hotel-mutfak-ve-animasyon-disinda-kotu-bir-otel,https://www.sikayetvar.com/bitez-garden-life-hotel/bitez-garden-life-hotel-mutfak-ve-animasyon-disinda-kotu-bir-otel,1,2026-08-26T21:00:33.648058+00:00,COMPLAINT_MATCHED,
BOD177,Delta Hotels By Marriott Bodrum,Yalıkavak,Delta Hotels Marriott Bodrum,https://www.sikayetvar.com/delta-hotels-marriott-bodrum,https://www.sikayetvar.com/delta-hotels-marriott-bodrum/alkolsuz-kokteyl-istegine-olumsuz-yanit-ve-kaba-davranis,https://www.sikayetvar.com/delta-hotels-marriott-bodrum/alkolsuz-kokteyl-istegine-olumsuz-yanit-ve-kaba-davranis,1,2026-08-26T21:00:38.061487+00:00,COMPLAINT_MATCHED,
BOD177,Delta Hotels By Marriott Bodrum,Yalıkavak,Delta Hotels Marriott Bodrum,https://www.sikayetvar.com/delta-hotels-marriott-bodrum,https://www.sikayetvar.com/delta-hotels-marriott-bodrum/delta-hotels-marriott-bodrum-giris-anindan-itibaren-ciddi-bir-hayal-kirikligi-yasadik,https://www.sikayetvar.com/delta-hotels-marriott-bodrum/delta-hotels-marriott-bodrum-giris-anindan-itibaren-ciddi-bir-hayal-kirikligi-yasadik,1,2026-08-26T21:00:38.061487+00:00,COMPLAINT_MATCHED,
BOD177,Delta Hotels By Marriott Bodrum,Yalıkavak,Delta Hotels Marriott Bodrum,https://www.sikayetvar.com/delta-hotels-marriott-bodrum,https://www.sikayetvar.com/delta-hotels-marriott-bodrum/delta-hotel-bodrumda-hijyen-ve-hizmet-yetersizlikleri-nedeniyle-konaklama-erken-sonlandirildi,https://www.sikayetvar.com/delta-hotels-marriott-bodrum/delta-hotel-bodrumda-hijyen-ve-hizmet-yetersizlikleri-nedeniyle-konaklama-erken-sonlandirildi,1,2026-08-26T21:00:38.061487+00:00,COMPLAINT_MATCHED,
BOD177,Delta Hotels By Marriott Bodrum,Yalıkavak,Delta Hotels Marriott Bodrum,https://www.sikayetvar.com/delta-hotels-marriott-bodrum,https://www.sikayetvar.com/delta-hotels-marriott-bodrum/delta-hotels-marriott-bodrumda-asiri-ucretli-hijyenik-olmayan-hizmet-ve-haksiz-kesinti,https://www.sikayetvar.com/delta-hotels-marriott-bodrum/delta-hotels-marriott-bodrumda-asiri-ucretli-hijyenik-olmayan-hizmet-ve-haksiz-kesinti,1,2026-08-26T21:00:38.061487+00:00,COMPLAINT_MATCHED,
BOD177,Delta Hotels By Marriott Bodrum,Yalıkavak,Delta Hotels Marriott Bodrum,https://www.sikayetvar.com/delta-hotels-marriott-bodrum,https://www.sikayetvar.com/delta-hotels-marriott-bodrum/160-bin-tllik-konaklamada-kalitesiz-hizmet-ve-haksiz-27-bin-tl-kesinti,https://www.sikayetvar.com/delta-hotels-marriott-bodrum/160-bin-tllik-konaklamada-kalitesiz-hizmet-ve-haksiz-27-bin-tl-kesinti,1,2026-08-26T21:00:38.061487+00:00,COMPLAINT_MATCHED,
BOD177,Delta Hotels By Marriott Bodrum,Yalıkavak,Delta Hotels Marriott Bodrum,https://www.sikayetvar.com/delta-hotels-marriott-bodrum,https://www.sikayetvar.com/delta-hotels-marriott-bodrum/tatlida-bulunan-metal-parcasi-cocugu-tehlikeye-atti,https://www.sikayetvar.com/delta-hotels-marriott-bodrum/tatlida-bulunan-metal-parcasi-cocugu-tehlikeye-atti,1,2026-08-26T21:00:38.061487+00:00,COMPLAINT_MATCHED,
BOD177,Delta Hotels By Marriott Bodrum,Yalıkavak,Delta Hotels Marriott Bodrum,https://www.sikayetvar.com/delta-hotels-marriott-bodrum,https://www.sikayetvar.com/delta-hotels-marriott-bodrum/hijyen-ve-yatak-sorunlariyla-5-yildizli-otelde-tatil-kabusu,https://www.sikayetvar.com/delta-hotels-marriott-bodrum/hijyen-ve-yatak-sorunlariyla-5-yildizli-otelde-tatil-kabusu,1,2026-08-26T21:00:38.061487+00:00,COMPLAINT_MATCHED,
BOD177,Delta Hotels By Marriott Bodrum,Yalıkavak,Delta Hotels Marriott Bodrum,https://www.sikayetvar.com/delta-hotels-marriott-bodrum,https://www.sikayetvar.com/delta-hotels-marriott-bodrum/delta-hotels-marriott-bodrum-yalikavak-sikayeti,https://www.sikayetvar.com/delta-hotels-marriott-bodrum/delta-hotels-marriott-bodrum-yalikavak-sikayeti,1,2026-08-26T21:00:38.061487+00:00,COMPLAINT_MATCHED,
BOD177,Delta Hotels By Marriott Bodrum,Yalıkavak,Delta Hotels Marriott Bodrum,https://www.sikayetvar.com/delta-hotels-marriott-bodrum,https://www.sikayetvar.com/delta-hotels-marriott-bodrum/delta-marriott-bodrum-yalikavakta-temizlik-ve-personel-ilgisizligi-sorunu,https://www.sikayetvar.com/delta-hotels-marriott-bodrum/delta-marriott-bodrum-yalikavakta-temizlik-ve-personel-ilgisizligi-sorunu,1,2026-08-26T21:00:38.061487+00:00,COMPLAINT_MATCHED,
BOD177,Delta Hotels By Marriott Bodrum,Yalıkavak,Delta Hotels Marriott Bodrum,https://www.sikayetvar.com/delta-hotels-marriott-bodrum,https://www.sikayetvar.com/delta-hotels-marriott-bodrum/kirli-oda-ve-ilgisiz-personel-nedeniyle-hayal-kirikligi-yasadik,https://www.sikayetvar.com/delta-hotels-marriott-bodrum/kirli-oda-ve-ilgisiz-personel-nedeniyle-hayal-kirikligi-yasadik,1,2026-08-26T21:00:38.061487+00:00,COMPLAINT_MATCHED,
BOD177,Delta Hotels By Marriott Bodrum,Yalıkavak,Delta Hotels Marriott Bodrum,https://www.sikayetvar.com/delta-hotels-marriott-bodrum,https://www.sikayetvar.com/delta-hotels-marriott-bodrum/otel-odasinda-mahremiyet-ihlali-ve-guvenlik-sorunu-yasadim,https://www.sikayetvar.com/delta-hotels-marriott-bodrum/otel-odasinda-mahremiyet-ihlali-ve-guvenlik-sorunu-yasadim,1,2026-08-26T21:00:38.061487+00:00,COMPLAINT_MATCHED,
BOD177,Delta Hotels By Marriott Bodrum,Yalıkavak,Delta Hotels Marriott Bodrum,https://www.sikayetvar.com/delta-hotels-marriott-bodrum,https://www.sikayetvar.com/delta-hotels-marriott-bodrum/delta-hotels-marriott-bodrum-otel-konaklamasinda-kayip-esya-ve-ilgisizlik-sorunu,https://www.sikayetvar.com/delta-hotels-marriott-bodrum/delta-hotels-marriott-bodrum-otel-konaklamasinda-kayip-esya-ve-ilgisizlik-sorunu,1,2026-08-26T21:00:38.061487+00:00,COMPLAINT_MATCHED,
BOD177,Delta Hotels By Marriott Bodrum,Yalıkavak,Delta Hotels Marriott Bodrum,https://www.sikayetvar.com/delta-hotels-marriott-bodrum,https://www.sikayetvar.com/delta-hotels-marriott-bodrum/delta-hotels-marriott-bodrum-gecen-yilki-memnuniyetin-ardindan-hayal-kirikligi,https://www.sikayetvar.com/delta-hotels-marriott-bodrum/delta-hotels-marriott-bodrum-gecen-yilki-memnuniyetin-ardindan-hayal-kirikligi,1,2026-08-26T21:00:38.061487+00:00,COMPLAINT_MATCHED,
BOD177,Delta Hotels By Marriott Bodrum,Yalıkavak,Delta Hotels Marriott Bodrum,https://www.sikayetvar.com/delta-hotels-marriott-bodrum,https://www.sikayetvar.com/delta-hotels-marriott-bodrum/delta-hotels-marriott-bodrum-fotograflarla-odalarin-alakasi-yok,https://www.sikayetvar.com/delta-hotels-marriott-bodrum/delta-hotels-marriott-bodrum-fotograflarla-odalarin-alakasi-yok,2,2026-08-26T21:00:38.061487+00:00,COMPLAINT_MATCHED,
BOD040,Diamond of Bodrum Hotel,Bodrum Merkez,Diamond of Bodrum,https://www.sikayetvar.com/diamond-of-bodrum,https://www.sikayetvar.com/diamond-of-bodrum/otel-hizmetleri-ve-misafir-iletisimi-uzerine-geri-bildirim,https://www.sikayetvar.com/diamond-of-bodrum/otel-hizmetleri-ve-misafir-iletisimi-uzerine-geri-bildirim,1,2026-08-26T21:00:40.546569+00:00,COMPLAINT_MATCHED,
BOD040,Diamond of Bodrum Hotel,Bodrum Merkez,Diamond of Bodrum,https://www.sikayetvar.com/diamond-of-bodrum,https://www.sikayetvar.com/diamond-of-bodrum/saglik-acisindan-tehlikeli-plaj-ve-otopark,https://www.sikayetvar.com/diamond-of-bodrum/saglik-acisindan-tehlikeli-plaj-ve-otopark,1,2026-08-26T21:00:40.546569+00:00,COMPLAINT_MATCHED,
BOD040,Diamond of Bodrum Hotel,Bodrum Merkez,Diamond of Bodrum,https://www.sikayetvar.com/diamond-of-bodrum,https://www.sikayetvar.com/diamond-of-bodrum/oda-hijyeni-ve-guvenlik-sorunlari-nedeniyle-tam-iade-talebi,https://www.sikayetvar.com/diamond-of-bodrum/oda-hijyeni-ve-guvenlik-sorunlari-nedeniyle-tam-iade-talebi,1,2026-08-26T21:00:40.546569+00:00,COMPLAINT_MATCHED,
BOD040,Diamond of Bodrum Hotel,Bodrum Merkez,Diamond of Bodrum,https://www.sikayetvar.com/diamond-of-bodrum,https://www.sikayetvar.com/diamond-of-bodrum/diamond-of-bodrum-kuflu-promo-odadan-normal-odaya-gecmek-icin-alinan-2000-tl-ek-ucret,https://www.sikayetvar.com/diamond-of-bodrum/diamond-of-bodrum-kuflu-promo-odadan-normal-odaya-gecmek-icin-alinan-2000-tl-ek-ucret,1,2026-08-26T21:00:40.546569+00:00,COMPLAINT_MATCHED,
BOD040,Diamond of Bodrum Hotel,Bodrum Merkez,Diamond of Bodrum,https://www.sikayetvar.com/diamond-of-bodrum,https://www.sikayetvar.com/diamond-of-bodrum/diamond-of-bodrum-otel-konaklamasinda-saglik-ve-hijyen-sorunlari-yasadik,https://www.sikayetvar.com/diamond-of-bodrum/diamond-of-bodrum-otel-konaklamasinda-saglik-ve-hijyen-sorunlari-yasadik,1,2026-08-26T21:00:40.546569+00:00,COMPLAINT_MATCHED,
BOD040,Diamond of Bodrum Hotel,Bodrum Merkez,Diamond of Bodrum,https://www.sikayetvar.com/diamond-of-bodrum,https://www.sikayetvar.com/diamond-of-bodrum/balayi-hayalimiz-kabusa-dondu-diamond-of-bodrum-tam-bir-hayal-kirikligi,https://www.sikayetvar.com/diamond-of-bodrum/balayi-hayalimiz-kabusa-dondu-diamond-of-bodrum-tam-bir-hayal-kirikligi,1,2026-08-26T21:00:40.546569+00:00,COMPLAINT_MATCHED,
BOD040,Diamond of Bodrum Hotel,Bodrum Merkez,Diamond of Bodrum,https://www.sikayetvar.com/diamond-of-bodrum,https://www.sikayetvar.com/diamond-of-bodrum/diamond-of-bodrum-5-yildizli-otelde-donuyoruz-video,https://www.sikayetvar.com/diamond-of-bodrum/diamond-of-bodrum-5-yildizli-otelde-donuyoruz-video,1,2026-08-26T21:00:40.546569+00:00,COMPLAINT_MATCHED,
BOD040,Diamond of Bodrum Hotel,Bodrum Merkez,Diamond of Bodrum,https://www.sikayetvar.com/diamond-of-bodrum,https://www.sikayetvar.com/diamond-of-bodrum/diamond-of-bodrum-otel-deneyiminde-hayal-kirikligi-ve-saglik-sorunlari,https://www.sikayetvar.com/diamond-of-bodrum/diamond-of-bodrum-otel-deneyiminde-hayal-kirikligi-ve-saglik-sorunlari,1,2026-08-26T21:00:40.546569+00:00,COMPLAINT_MATCHED,
BOD040,Diamond of Bodrum Hotel,Bodrum Merkez,Diamond of Bodrum,https://www.sikayetvar.com/diamond-of-bodrum,https://www.sikayetvar.com/diamond-of-bodrum/diamond-of-bodrum-tatilimiz-rezil-oldu,https://www.sikayetvar.com/diamond-of-bodrum/diamond-of-bodrum-tatilimiz-rezil-oldu,1,2026-08-26T21:00:40.546569+00:00,COMPLAINT_MATCHED,
BOD040,Diamond of Bodrum Hotel,Bodrum Merkez,Diamond of Bodrum,https://www.sikayetvar.com/diamond-of-bodrum,https://www.sikayetvar.com/diamond-of-bodrum/diamond-of-bodrum-memnuniyetsizlik-saygisiz-davranislar,https://www.sikayetvar.com/diamond-of-bodrum/diamond-of-bodrum-memnuniyetsizlik-saygisiz-davranislar,1,2026-08-26T21:00:40.546569+00:00,COMPLAINT_MATCHED,
BOD104,Greenport Bodrum,Güvercinlik,Greenport Otel,https://www.sikayetvar.com/greenport-otel,https://www.sikayetvar.com/greenport-otel/greenport-otel-temizlik-sorunu-video,https://www.sikayetvar.com/greenport-otel/greenport-otel-temizlik-sorunu-video,1,2026-08-26T21:00:43.501508+00:00,COMPLAINT_MATCHED,
BOD104,Greenport Bodrum,Güvercinlik,Greenport Otel,https://www.sikayetvar.com/greenport-otel,https://www.sikayetvar.com/greenport-otel/unutulan-esyami-bulamadim-personel-sahiplenmedi,https://www.sikayetvar.com/greenport-otel/unutulan-esyami-bulamadim-personel-sahiplenmedi,1,2026-08-26T21:00:43.501508+00:00,COMPLAINT_MATCHED,
BOD104,Greenport Bodrum,Güvercinlik,Greenport Otel,https://www.sikayetvar.com/greenport-otel,https://www.sikayetvar.com/greenport-otel/greenport-otelde-hayal-kirikligi-ve-kotu-hizmet,https://www.sikayetvar.com/greenport-otel/greenport-otelde-hayal-kirikligi-ve-kotu-hizmet,1,2026-08-26T21:00:43.501508+00:00,COMPLAINT_MATCHED,
BOD104,Greenport Bodrum,Güvercinlik,Greenport Otel,https://www.sikayetvar.com/greenport-otel,https://www.sikayetvar.com/greenport-otel/greenport-otel-bodrum-greenport-keyfi-uygulamalar,https://www.sikayetvar.com/greenport-otel/greenport-otel-bodrum-greenport-keyfi-uygulamalar,1,2026-08-26T21:00:43.501508+00:00,COMPLAINT_MATCHED,
BOD063,Jasmin Beach Hotel,Gümbet,Jasmin Beach Hotels,https://www.sikayetvar.com/jasmin-beach-hotels,https://www.sikayetvar.com/jasmin-beach-hotels/jasmin-beach-hotels-cocuklarimla-tatil-yapmakta-zorluk-yasiyorum,https://www.sikayetvar.com/jasmin-beach-hotels/jasmin-beach-hotels-cocuklarimla-tatil-yapmakta-zorluk-yasiyorum,1,2026-08-26T21:00:46.632744+00:00,COMPLAINT_MATCHED,
BOD108,Lujo Hotel Bodrum,Güvercinlik,Lujo Hotel,https://www.sikayetvar.com/lujo-hotel,https://www.sikayetvar.com/lujo-hotel/kizimin-denizde-yasadigi-kaza-ve-otelde-yetersiz-acil-mudahale,https://www.sikayetvar.com/lujo-hotel/kizimin-denizde-yasadigi-kaza-ve-otelde-yetersiz-acil-mudahale,1,2026-08-26T21:00:49.405777+00:00,COMPLAINT_MATCHED,
BOD108,Lujo Hotel Bodrum,Güvercinlik,Lujo Hotel,https://www.sikayetvar.com/lujo-hotel,https://www.sikayetvar.com/lujo-hotel/lujo-hotel-kaybolan-esyalarim-konusunda-ciddiye-alinmadim,https://www.sikayetvar.com/lujo-hotel/lujo-hotel-kaybolan-esyalarim-konusunda-ciddiye-alinmadim,1,2026-08-26T21:00:49.405777+00:00,COMPLAINT_MATCHED,
BOD108,Lujo Hotel Bodrum,Güvercinlik,Lujo Hotel,https://www.sikayetvar.com/lujo-hotel,https://www.sikayetvar.com/lujo-hotel/deniz-kenari-restoranda-orman-meyveli-tabagi-istenildigi-gibi-degildi,https://www.sikayetvar.com/lujo-hotel/deniz-kenari-restoranda-orman-meyveli-tabagi-istenildigi-gibi-degildi,1,2026-08-26T21:00:49.405777+00:00,COMPLAINT_MATCHED,
BOD108,Lujo Hotel Bodrum,Güvercinlik,Lujo Hotel,https://www.sikayetvar.com/lujo-hotel,https://www.sikayetvar.com/lujo-hotel/gece-kulubu-gurultusu-tatilde-dinlenme-ve-uyku-sartini-bozdu,https://www.sikayetvar.com/lujo-hotel/gece-kulubu-gurultusu-tatilde-dinlenme-ve-uyku-sartini-bozdu,1,2026-08-26T21:00:49.405777+00:00,COMPLAINT_MATCHED,
BOD108,Lujo Hotel Bodrum,Güvercinlik,Lujo Hotel,https://www.sikayetvar.com/lujo-hotel,https://www.sikayetvar.com/lujo-hotel/koza-restoraninda-kahvalti-kalitesindeki-sorun-ve-soguk-servis,https://www.sikayetvar.com/lujo-hotel/koza-restoraninda-kahvalti-kalitesindeki-sorun-ve-soguk-servis,1,2026-08-26T21:00:49.405777+00:00,COMPLAINT_MATCHED,
BOD108,Lujo Hotel Bodrum,Güvercinlik,Lujo Hotel,https://www.sikayetvar.com/lujo-hotel,https://www.sikayetvar.com/lujo-hotel/bodrum-lujo-otelinde-buggy-bekleme-suresi-ve-sicakta-yanma-sorunu,https://www.sikayetvar.com/lujo-hotel/bodrum-lujo-otelinde-buggy-bekleme-suresi-ve-sicakta-yanma-sorunu,1,2026-08-26T21:00:49.405777+00:00,COMPLAINT_MATCHED,
BOD108,Lujo Hotel Bodrum,Güvercinlik,Lujo Hotel,https://www.sikayetvar.com/lujo-hotel,https://www.sikayetvar.com/lujo-hotel/lujo-hotel-konaklamasinda-guvenlik-ve-hizmet-sorunlari-yasadik,https://www.sikayetvar.com/lujo-hotel/lujo-hotel-konaklamasinda-guvenlik-ve-hizmet-sorunlari-yasadik,1,2026-08-26T21:00:49.405777+00:00,COMPLAINT_MATCHED,
BOD108,Lujo Hotel Bodrum,Güvercinlik,Lujo Hotel,https://www.sikayetvar.com/lujo-hotel,https://www.sikayetvar.com/lujo-hotel/lujo-hotelde-guvenlik-zafiyeti-ve-havaalani-transferinde-yasanan-buyuk-aksaklik,https://www.sikayetvar.com/lujo-hotel/lujo-hotelde-guvenlik-zafiyeti-ve-havaalani-transferinde-yasanan-buyuk-aksaklik,1,2026-08-26T21:00:49.405777+00:00,COMPLAINT_MATCHED,
BOD108,Lujo Hotel Bodrum,Güvercinlik,Lujo Hotel,https://www.sikayetvar.com/lujo-hotel,https://www.sikayetvar.com/lujo-hotel/oda-mahremiyeti-ihlali-ve-yetersiz-musteri-iletisimi,https://www.sikayetvar.com/lujo-hotel/oda-mahremiyeti-ihlali-ve-yetersiz-musteri-iletisimi,1,2026-08-26T21:00:49.405777+00:00,COMPLAINT_MATCHED,
BOD108,Lujo Hotel Bodrum,Güvercinlik,Lujo Hotel,https://www.sikayetvar.com/lujo-hotel,https://www.sikayetvar.com/lujo-hotel/lujo-hotelde-yetersiz-butler-ve-oda-hizmetleri,https://www.sikayetvar.com/lujo-hotel/lujo-hotelde-yetersiz-butler-ve-oda-hizmetleri,1,2026-08-26T21:00:49.405777+00:00,COMPLAINT_MATCHED,
BOD108,Lujo Hotel Bodrum,Güvercinlik,Lujo Hotel,https://www.sikayetvar.com/lujo-hotel,https://www.sikayetvar.com/lujo-hotel/restoran-hizmetinde-ciddi-aksakliklar-yasadim,https://www.sikayetvar.com/lujo-hotel/restoran-hizmetinde-ciddi-aksakliklar-yasadim,1,2026-08-26T21:00:49.405777+00:00,COMPLAINT_MATCHED,
BOD108,Lujo Hotel Bodrum,Güvercinlik,Lujo Hotel,https://www.sikayetvar.com/lujo-hotel,https://www.sikayetvar.com/lujo-hotel/lujo-otelde-hizmet-ve-temizlik-sorunlari,https://www.sikayetvar.com/lujo-hotel/lujo-otelde-hizmet-ve-temizlik-sorunlari,1,2026-08-26T21:00:49.405777+00:00,COMPLAINT_MATCHED,
BOD108,Lujo Hotel Bodrum,Güvercinlik,Lujo Hotel,https://www.sikayetvar.com/lujo-hotel,https://www.sikayetvar.com/lujo-hotel/lujo-hotel-yasadiklarimiz,https://www.sikayetvar.com/lujo-hotel/lujo-hotel-yasadiklarimiz,1,2026-08-26T21:00:49.405777+00:00,COMPLAINT_MATCHED,
BOD108,Lujo Hotel Bodrum,Güvercinlik,Lujo Hotel,https://www.sikayetvar.com/lujo-hotel,https://www.sikayetvar.com/lujo-hotel/lujo-hotel-otel-calisaninin-tutumu-uzerine-degerlendirme,https://www.sikayetvar.com/lujo-hotel/lujo-hotel-otel-calisaninin-tutumu-uzerine-degerlendirme,1,2026-08-26T21:00:49.405777+00:00,COMPLAINT_MATCHED,
BOD108,Lujo Hotel Bodrum,Güvercinlik,Lujo Hotel,https://www.sikayetvar.com/lujo-hotel,https://www.sikayetvar.com/lujo-hotel/lujo-hotel-mesai-ucretleri-yatirilmadi,https://www.sikayetvar.com/lujo-hotel/lujo-hotel-mesai-ucretleri-yatirilmadi,1,2026-08-26T21:00:49.405777+00:00,COMPLAINT_MATCHED,
BOD042,Mandarin Resort Hotel,Bodrum Merkez,Mandarin Resort,https://www.sikayetvar.com/mandarin-resort,https://www.sikayetvar.com/mandarin-resort/mandarin-resort-o-kadar-otelde-kaldim-boylesini-hic-gormedim,https://www.sikayetvar.com/mandarin-resort/mandarin-resort-o-kadar-otelde-kaldim-boylesini-hic-gormedim,1,2026-08-26T21:00:51.717236+00:00,COMPLAINT_MATCHED,
BOD161,MyElla Hotel Resort & Spa,Turgutreis,My Ella Resort & Spa,https://www.sikayetvar.com/my-ella-resort-spa,https://www.sikayetvar.com/my-ella-resort-spa/my-ella-resortta-havlu-kayiplari-ve-personel-ilgisizligi,https://www.sikayetvar.com/my-ella-resort-spa/my-ella-resortta-havlu-kayiplari-ve-personel-ilgisizligi,1,2026-08-26T21:00:56.952251+00:00,COMPLAINT_MATCHED,
BOD161,MyElla Hotel Resort & Spa,Turgutreis,My Ella Resort & Spa,https://www.sikayetvar.com/my-ella-resort-spa,https://www.sikayetvar.com/my-ella-resort-spa/my-ella-resort-spa-odedigimiz-ucreti-kesinlikle-karsilamadi,https://www.sikayetvar.com/my-ella-resort-spa/my-ella-resort-spa-odedigimiz-ucreti-kesinlikle-karsilamadi,1,2026-08-26T21:00:56.952251+00:00,COMPLAINT_MATCHED,
BOD161,MyElla Hotel Resort & Spa,Turgutreis,My Ella Resort & Spa,https://www.sikayetvar.com/my-ella-resort-spa,https://www.sikayetvar.com/my-ella-resort-spa/temizlik-problemleri-ve-cozum-yoksunlugu-nedeniyle-ucret-iadesi-talebi,https://www.sikayetvar.com/my-ella-resort-spa/temizlik-problemleri-ve-cozum-yoksunlugu-nedeniyle-ucret-iadesi-talebi,1,2026-08-26T21:00:56.952251+00:00,COMPLAINT_MATCHED,
BOD161,MyElla Hotel Resort & Spa,Turgutreis,My Ella Resort & Spa,https://www.sikayetvar.com/my-ella-resort-spa,https://www.sikayetvar.com/my-ella-resort-spa/my-ella-bodrum-resort-spade-hijyen-yemek-ve-personel-tutumu-dusuk,https://www.sikayetvar.com/my-ella-resort-spa/my-ella-bodrum-resort-spade-hijyen-yemek-ve-personel-tutumu-dusuk,1,2026-08-26T21:00:56.952251+00:00,COMPLAINT_MATCHED,
BOD161,MyElla Hotel Resort & Spa,Turgutreis,My Ella Resort & Spa,https://www.sikayetvar.com/my-ella-resort-spa,https://www.sikayetvar.com/my-ella-resort-spa/oda-ve-ortak-alanlarda-hijyen-sorunu,https://www.sikayetvar.com/my-ella-resort-spa/oda-ve-ortak-alanlarda-hijyen-sorunu,1,2026-08-26T21:00:56.952251+00:00,COMPLAINT_MATCHED,
BOD161,MyElla Hotel Resort & Spa,Turgutreis,My Ella Resort & Spa,https://www.sikayetvar.com/my-ella-resort-spa,https://www.sikayetvar.com/my-ella-resort-spa/otel-otoparki-ve-vale-hizmeti-yok-ultra-her-sey-dahil-kalitesi-beklenenin-altinda,https://www.sikayetvar.com/my-ella-resort-spa/otel-otoparki-ve-vale-hizmeti-yok-ultra-her-sey-dahil-kalitesi-beklenenin-altinda,1,2026-08-26T21:00:56.952251+00:00,COMPLAINT_MATCHED,
BOD161,MyElla Hotel Resort & Spa,Turgutreis,My Ella Resort & Spa,https://www.sikayetvar.com/my-ella-resort-spa,https://www.sikayetvar.com/my-ella-resort-spa/my-ella-resort-spa-hijyen-oda-ve-servis-sorunlari,https://www.sikayetvar.com/my-ella-resort-spa/my-ella-resort-spa-hijyen-oda-ve-servis-sorunlari,1,2026-08-26T21:00:56.952251+00:00,COMPLAINT_MATCHED,
BOD161,MyElla Hotel Resort & Spa,Turgutreis,My Ella Resort & Spa,https://www.sikayetvar.com/my-ella-resort-spa,https://www.sikayetvar.com/my-ella-resort-spa/my-ella-resort-spa-son-derece-hayal-kirikligi-yasiyorum,https://www.sikayetvar.com/my-ella-resort-spa/my-ella-resort-spa-son-derece-hayal-kirikligi-yasiyorum,1,2026-08-26T21:00:56.952251+00:00,COMPLAINT_MATCHED,
BOD161,MyElla Hotel Resort & Spa,Turgutreis,My Ella Resort & Spa,https://www.sikayetvar.com/my-ella-resort-spa,https://www.sikayetvar.com/my-ella-resort-spa/unutulan-tablet-ve-dis-plak-kabinin-kargoya-verilmemesi-ve-operasyon-sefinin-dusuk-ilgisi,https://www.sikayetvar.com/my-ella-resort-spa/unutulan-tablet-ve-dis-plak-kabinin-kargoya-verilmemesi-ve-operasyon-sefinin-dusuk-ilgisi,1,2026-08-26T21:00:56.952251+00:00,COMPLAINT_MATCHED,
BOD161,MyElla Hotel Resort & Spa,Turgutreis,My Ella Resort & Spa,https://www.sikayetvar.com/my-ella-resort-spa,https://www.sikayetvar.com/my-ella-resort-spa/hijyen-ihmali-bebek-bezi-bulunmasi-ve-personel-saygisizligi,https://www.sikayetvar.com/my-ella-resort-spa/hijyen-ihmali-bebek-bezi-bulunmasi-ve-personel-saygisizligi,1,2026-08-26T21:00:56.952251+00:00,COMPLAINT_MATCHED,
BOD161,MyElla Hotel Resort & Spa,Turgutreis,My Ella Resort & Spa,https://www.sikayetvar.com/my-ella-resort-spa,https://www.sikayetvar.com/my-ella-resort-spa/my-ella-resort-spa-rezervasyon-reddi-ve-64000-tl-iadesi-talebi,https://www.sikayetvar.com/my-ella-resort-spa/my-ella-resort-spa-rezervasyon-reddi-ve-64000-tl-iadesi-talebi,1,2026-08-26T21:00:56.952251+00:00,COMPLAINT_MATCHED,
BOD161,MyElla Hotel Resort & Spa,Turgutreis,My Ella Resort & Spa,https://www.sikayetvar.com/my-ella-resort-spa,https://www.sikayetvar.com/my-ella-resort-spa/my-ella-bodrum-otelinde-saygisiz-personel-ve-kaotik-servis,https://www.sikayetvar.com/my-ella-resort-spa/my-ella-bodrum-otelinde-saygisiz-personel-ve-kaotik-servis,1,2026-08-26T21:00:56.952251+00:00,COMPLAINT_MATCHED,
BOD161,MyElla Hotel Resort & Spa,Turgutreis,My Ella Resort & Spa,https://www.sikayetvar.com/my-ella-resort-spa,https://www.sikayetvar.com/my-ella-resort-spa/aile-ve-bebek-konaklamasinda-yetersiz-hizmet-hijyen-ve-gurultu,https://www.sikayetvar.com/my-ella-resort-spa/aile-ve-bebek-konaklamasinda-yetersiz-hizmet-hijyen-ve-gurultu,1,2026-08-26T21:00:56.952251+00:00,COMPLAINT_MATCHED,
BOD161,MyElla Hotel Resort & Spa,Turgutreis,My Ella Resort & Spa,https://www.sikayetvar.com/my-ella-resort-spa,https://www.sikayetvar.com/my-ella-resort-spa/unutulan-ayakkabilar-icin-ilgisiz-otel-hizmetine-sikayet,https://www.sikayetvar.com/my-ella-resort-spa/unutulan-ayakkabilar-icin-ilgisiz-otel-hizmetine-sikayet,1,2026-08-26T21:00:56.952251+00:00,COMPLAINT_MATCHED,
BOD161,MyElla Hotel Resort & Spa,Turgutreis,My Ella Resort & Spa,https://www.sikayetvar.com/my-ella-resort-spa,https://www.sikayetvar.com/my-ella-resort-spa/havuzda-yasanan-kaza-tatilimizi-mahvetti-cozum-sunulmadi,https://www.sikayetvar.com/my-ella-resort-spa/havuzda-yasanan-kaza-tatilimizi-mahvetti-cozum-sunulmadi,1,2026-08-26T21:00:56.952251+00:00,COMPLAINT_MATCHED,
BOD161,MyElla Hotel Resort & Spa,Turgutreis,My Ella Resort & Spa,https://www.sikayetvar.com/my-ella-resort-spa,https://www.sikayetvar.com/my-ella-resort-spa/saglik-nedeniyle-katilamadigim-etkinligin-ucret-iadesi-yapilmadi,https://www.sikayetvar.com/my-ella-resort-spa/saglik-nedeniyle-katilamadigim-etkinligin-ucret-iadesi-yapilmadi,1,2026-08-26T21:00:56.952251+00:00,COMPLAINT_MATCHED,
BOD161,MyElla Hotel Resort & Spa,Turgutreis,My Ella Resort & Spa,https://www.sikayetvar.com/my-ella-resort-spa,https://www.sikayetvar.com/my-ella-resort-spa/ultra-her-sey-dahil-konseptte-hayal-kirikligi-ve-hizmet-eksikligi,https://www.sikayetvar.com/my-ella-resort-spa/ultra-her-sey-dahil-konseptte-hayal-kirikligi-ve-hizmet-eksikligi,1,2026-08-26T21:00:56.952251+00:00,COMPLAINT_MATCHED,
BOD161,MyElla Hotel Resort & Spa,Turgutreis,My Ella Resort & Spa,https://www.sikayetvar.com/my-ella-resort-spa,https://www.sikayetvar.com/my-ella-resort-spa/havuzda-cam-parcasi-ve-yetersiz-ilgi-guvenlik-zafiyeti-ve-magduriyet,https://www.sikayetvar.com/my-ella-resort-spa/havuzda-cam-parcasi-ve-yetersiz-ilgi-guvenlik-zafiyeti-ve-magduriyet,1,2026-08-26T21:00:56.952251+00:00,COMPLAINT_MATCHED,
BOD161,MyElla Hotel Resort & Spa,Turgutreis,My Ella Resort & Spa,https://www.sikayetvar.com/my-ella-resort-spa,https://www.sikayetvar.com/my-ella-resort-spa/otel-hizmetlerinden-memnun-kalmadim-para-iadesi-talep-ediyorum,https://www.sikayetvar.com/my-ella-resort-spa/otel-hizmetlerinden-memnun-kalmadim-para-iadesi-talep-ediyorum,1,2026-08-26T21:00:56.952251+00:00,COMPLAINT_MATCHED,
BOD161,MyElla Hotel Resort & Spa,Turgutreis,My Ella Resort & Spa,https://www.sikayetvar.com/my-ella-resort-spa,https://www.sikayetvar.com/my-ella-resort-spa/otel-havuzundan-kaynaklanan-saglik-sorunlari-ve-ilgisiz-yetkililer-nedeniyle-magduriyet,https://www.sikayetvar.com/my-ella-resort-spa/otel-havuzundan-kaynaklanan-saglik-sorunlari-ve-ilgisiz-yetkililer-nedeniyle-magduriyet,1,2026-08-26T21:00:56.952251+00:00,COMPLAINT_MATCHED,
BOD161,MyElla Hotel Resort & Spa,Turgutreis,My Ella Resort & Spa,https://www.sikayetvar.com/my-ella-resort-spa,https://www.sikayetvar.com/my-ella-resort-spa/yas-nedeniyle-oda-degisikligi-ve-magduriyet-yasadik,https://www.sikayetvar.com/my-ella-resort-spa/yas-nedeniyle-oda-degisikligi-ve-magduriyet-yasadik,1,2026-08-26T21:00:56.952251+00:00,COMPLAINT_MATCHED,
BOD161,MyElla Hotel Resort & Spa,Turgutreis,My Ella Resort & Spa,https://www.sikayetvar.com/my-ella-resort-spa,https://www.sikayetvar.com/my-ella-resort-spa/my-ella-resort-spakonaklama-icin-geldigim-otelde-param-ile-rezil-oldum,https://www.sikayetvar.com/my-ella-resort-spa/my-ella-resort-spakonaklama-icin-geldigim-otelde-param-ile-rezil-oldum,2,2026-08-26T21:00:56.952251+00:00,COMPLAINT_MATCHED,
BOD161,MyElla Hotel Resort & Spa,Turgutreis,My Ella Resort & Spa,https://www.sikayetvar.com/my-ella-resort-spa,https://www.sikayetvar.com/my-ella-resort-spa/otelde-sigara-fiyati-neden-bu-kadar-yuksek,https://www.sikayetvar.com/my-ella-resort-spa/otelde-sigara-fiyati-neden-bu-kadar-yuksek,2,2026-08-26T21:00:56.952251+00:00,COMPLAINT_MATCHED,
BOD161,MyElla Hotel Resort & Spa,Turgutreis,My Ella Resort & Spa,https://www.sikayetvar.com/my-ella-resort-spa,https://www.sikayetvar.com/my-ella-resort-spa/my-ella-bodrum-resort-spa-my-ella-bodrumda-kotu-tatil-deneyimi,https://www.sikayetvar.com/my-ella-resort-spa/my-ella-bodrum-resort-spa-my-ella-bodrumda-kotu-tatil-deneyimi,2,2026-08-26T21:00:56.952251+00:00,COMPLAINT_MATCHED,
BOD161,MyElla Hotel Resort & Spa,Turgutreis,My Ella Resort & Spa,https://www.sikayetvar.com/my-ella-resort-spa,https://www.sikayetvar.com/my-ella-resort-spa/my-ella-bodrum-resort-spa-my-ella-bodrum-resort-otel-magduriyeti,https://www.sikayetvar.com/my-ella-resort-spa/my-ella-bodrum-resort-spa-my-ella-bodrum-resort-otel-magduriyeti,2,2026-08-26T21:00:56.952251+00:00,COMPLAINT_MATCHED,
BOD161,MyElla Hotel Resort & Spa,Turgutreis,My Ella Resort & Spa,https://www.sikayetvar.com/my-ella-resort-spa,https://www.sikayetvar.com/my-ella-resort-spa/my-ella-bodrum-resort-spa-memnun-kalmadik-daha-iyi-oteller-bulursunuz,https://www.sikayetvar.com/my-ella-resort-spa/my-ella-bodrum-resort-spa-memnun-kalmadik-daha-iyi-oteller-bulursunuz,2,2026-08-26T21:00:56.952251+00:00,COMPLAINT_MATCHED,
BOD161,MyElla Hotel Resort & Spa,Turgutreis,My Ella Resort & Spa,https://www.sikayetvar.com/my-ella-resort-spa,https://www.sikayetvar.com/my-ella-resort-spa/myella-hotel-resort-spa-yemekte-beklenmedik-misafir,https://www.sikayetvar.com/my-ella-resort-spa/myella-hotel-resort-spa-yemekte-beklenmedik-misafir,2,2026-08-26T21:00:56.952251+00:00,COMPLAINT_MATCHED,
BOD161,MyElla Hotel Resort & Spa,Turgutreis,My Ella Resort & Spa,https://www.sikayetvar.com/my-ella-resort-spa,https://www.sikayetvar.com/my-ella-resort-spa/my-ella-bodrum-resort-spa-ilgisizlik-insan-ayrimi-odadan-esya-kaybi,https://www.sikayetvar.com/my-ella-resort-spa/my-ella-bodrum-resort-spa-ilgisizlik-insan-ayrimi-odadan-esya-kaybi,2,2026-08-26T21:00:56.952251+00:00,COMPLAINT_MATCHED,
BOD032,Paloma Family Club Bitez,Bitez,Paloma Family Club,https://www.sikayetvar.com/paloma-family-club,https://www.sikayetvar.com/paloma-family-club/paloma-family-club-bitez-aldiklari-parayi-asla-hak-etmiyorlar,https://www.sikayetvar.com/paloma-family-club/paloma-family-club-bitez-aldiklari-parayi-asla-hak-etmiyorlar,1,2026-08-26T21:00:59.290824+00:00,COMPLAINT_MATCHED,
BOD066,Royal Asarlik Beach Hotel & Spa,Gümbet,Royal Asarlık Beach,https://www.sikayetvar.com/royal-asarlik-beach,https://www.sikayetvar.com/royal-asarlik-beach/beach-otelinde-temizlik-yemek-ve-saygisiz-yonetim-sikayeti,https://www.sikayetvar.com/royal-asarlik-beach/beach-otelinde-temizlik-yemek-ve-saygisiz-yonetim-sikayeti,1,2026-08-26T21:01:03.688171+00:00,COMPLAINT_MATCHED,
BOD066,Royal Asarlik Beach Hotel & Spa,Gümbet,Royal Asarlık Beach,https://www.sikayetvar.com/royal-asarlik-beach,https://www.sikayetvar.com/royal-asarlik-beach/royal-asarlik-beach-otelinde-hijyen-sorunu-ve-aile-sagligina-verilen-zarar,https://www.sikayetvar.com/royal-asarlik-beach/royal-asarlik-beach-otelinde-hijyen-sorunu-ve-aile-sagligina-verilen-zarar,1,2026-08-26T21:01:03.688171+00:00,COMPLAINT_MATCHED,
BOD066,Royal Asarlik Beach Hotel & Spa,Gümbet,Royal Asarlık Beach,https://www.sikayetvar.com/royal-asarlik-beach,https://www.sikayetvar.com/royal-asarlik-beach/hamam-bocegi-ve-sivrisinek-sorunu-oda-konforunu-bozuyor,https://www.sikayetvar.com/royal-asarlik-beach/hamam-bocegi-ve-sivrisinek-sorunu-oda-konforunu-bozuyor,1,2026-08-26T21:01:03.688171+00:00,COMPLAINT_MATCHED,
BOD066,Royal Asarlik Beach Hotel & Spa,Gümbet,Royal Asarlık Beach,https://www.sikayetvar.com/royal-asarlik-beach,https://www.sikayetvar.com/royal-asarlik-beach/royal-asarlik-beach-hijyen-ve-konfor-sifir,https://www.sikayetvar.com/royal-asarlik-beach/royal-asarlik-beach-hijyen-ve-konfor-sifir,1,2026-08-26T21:01:03.688171+00:00,COMPLAINT_MATCHED,
BOD066,Royal Asarlik Beach Hotel & Spa,Gümbet,Royal Asarlık Beach,https://www.sikayetvar.com/royal-asarlik-beach,https://www.sikayetvar.com/royal-asarlik-beach/royal-asarlik-beach-otelinde-arac-carpmasi-ve-sorumluluk-reddi,https://www.sikayetvar.com/royal-asarlik-beach/royal-asarlik-beach-otelinde-arac-carpmasi-ve-sorumluluk-reddi,1,2026-08-26T21:01:03.688171+00:00,COMPLAINT_MATCHED,
BOD066,Royal Asarlik Beach Hotel & Spa,Gümbet,Royal Asarlık Beach,https://www.sikayetvar.com/royal-asarlik-beach,https://www.sikayetvar.com/royal-asarlik-beach/royal-asarlik-beach-hotel-spada-hijyen-ve-saglik-guvenligi-ihlali,https://www.sikayetvar.com/royal-asarlik-beach/royal-asarlik-beach-hotel-spada-hijyen-ve-saglik-guvenligi-ihlali,1,2026-08-26T21:01:03.688171+00:00,COMPLAINT_MATCHED,
BOD066,Royal Asarlik Beach Hotel & Spa,Gümbet,Royal Asarlık Beach,https://www.sikayetvar.com/royal-asarlik-beach,https://www.sikayetvar.com/royal-asarlik-beach/royal-asarlik-beach-hotelde-son-dakika-otel-degisikligi-ve-magduriyet,https://www.sikayetvar.com/royal-asarlik-beach/royal-asarlik-beach-hotelde-son-dakika-otel-degisikligi-ve-magduriyet,1,2026-08-26T21:01:03.688171+00:00,COMPLAINT_MATCHED,
BOD066,Royal Asarlik Beach Hotel & Spa,Gümbet,Royal Asarlık Beach,https://www.sikayetvar.com/royal-asarlik-beach,https://www.sikayetvar.com/royal-asarlik-beach/45-dakikalik-giris-beklemesi-ve-dusuk-hizmet-kalitesi,https://www.sikayetvar.com/royal-asarlik-beach/45-dakikalik-giris-beklemesi-ve-dusuk-hizmet-kalitesi,1,2026-08-26T21:01:03.688171+00:00,COMPLAINT_MATCHED,
BOD066,Royal Asarlik Beach Hotel & Spa,Gümbet,Royal Asarlık Beach,https://www.sikayetvar.com/royal-asarlik-beach,https://www.sikayetvar.com/royal-asarlik-beach/otel-yonetiminin-kadin-misafirlere-yonelik-guvenlik-ihmaline-tepkimiz,https://www.sikayetvar.com/royal-asarlik-beach/otel-yonetiminin-kadin-misafirlere-yonelik-guvenlik-ihmaline-tepkimiz,1,2026-08-26T21:01:03.688171+00:00,COMPLAINT_MATCHED,
BOD066,Royal Asarlik Beach Hotel & Spa,Gümbet,Royal Asarlık Beach,https://www.sikayetvar.com/royal-asarlik-beach,https://www.sikayetvar.com/royal-asarlik-beach/otelin-guvenlik-zaafiyeti-ve-kadin-misafirlerin-maruz-kaldigi-siddet,https://www.sikayetvar.com/royal-asarlik-beach/otelin-guvenlik-zaafiyeti-ve-kadin-misafirlerin-maruz-kaldigi-siddet,1,2026-08-26T21:01:03.688171+00:00,COMPLAINT_MATCHED,
BOD066,Royal Asarlik Beach Hotel & Spa,Gümbet,Royal Asarlık Beach,https://www.sikayetvar.com/royal-asarlik-beach,https://www.sikayetvar.com/royal-asarlik-beach/royal-asarlik-otelde-turk-musterilere-ayrimcilik-ve-ilgisizlik,https://www.sikayetvar.com/royal-asarlik-beach/royal-asarlik-otelde-turk-musterilere-ayrimcilik-ve-ilgisizlik,1,2026-08-26T21:01:03.688171+00:00,COMPLAINT_MATCHED,
BOD066,Royal Asarlik Beach Hotel & Spa,Gümbet,Royal Asarlık Beach,https://www.sikayetvar.com/royal-asarlik-beach,https://www.sikayetvar.com/royal-asarlik-beach/royal-asarlik-beach-iptal-formu-ve-para-iadesi-surecinde-yasanan-iletisim-sorunlari,https://www.sikayetvar.com/royal-asarlik-beach/royal-asarlik-beach-iptal-formu-ve-para-iadesi-surecinde-yasanan-iletisim-sorunlari,1,2026-08-26T21:01:03.688171+00:00,COMPLAINT_MATCHED,
BOD066,Royal Asarlik Beach Hotel & Spa,Gümbet,Royal Asarlık Beach,https://www.sikayetvar.com/royal-asarlik-beach,https://www.sikayetvar.com/royal-asarlik-beach/otelin-musterilere-esit-davranmamasi-ve-ayrimcilik,https://www.sikayetvar.com/royal-asarlik-beach/otelin-musterilere-esit-davranmamasi-ve-ayrimcilik,1,2026-08-26T21:01:03.688171+00:00,COMPLAINT_MATCHED,
BOD066,Royal Asarlik Beach Hotel & Spa,Gümbet,Royal Asarlık Beach,https://www.sikayetvar.com/royal-asarlik-beach,https://www.sikayetvar.com/royal-asarlik-beach/otelin-hijyen-eksikligi-ve-calisanlarin-saygisiz-tavirlari-tatilimizi-mahvetti,https://www.sikayetvar.com/royal-asarlik-beach/otelin-hijyen-eksikligi-ve-calisanlarin-saygisiz-tavirlari-tatilimizi-mahvetti,1,2026-08-26T21:01:03.688171+00:00,COMPLAINT_MATCHED,
BOD066,Royal Asarlik Beach Hotel & Spa,Gümbet,Royal Asarlık Beach,https://www.sikayetvar.com/royal-asarlik-beach,https://www.sikayetvar.com/royal-asarlik-beach/otelin-hizmet-eksikligi-ve-yemek-saatlerindeki-uzun-kuyruklar,https://www.sikayetvar.com/royal-asarlik-beach/otelin-hizmet-eksikligi-ve-yemek-saatlerindeki-uzun-kuyruklar,1,2026-08-26T21:01:03.688171+00:00,COMPLAINT_MATCHED,
BOD066,Royal Asarlik Beach Hotel & Spa,Gümbet,Royal Asarlık Beach,https://www.sikayetvar.com/royal-asarlik-beach,https://www.sikayetvar.com/royal-asarlik-beach/oda-temizligi-ve-yemek-kalitesi-konusunda-hayal-kirikligi,https://www.sikayetvar.com/royal-asarlik-beach/oda-temizligi-ve-yemek-kalitesi-konusunda-hayal-kirikligi,1,2026-08-26T21:01:03.688171+00:00,COMPLAINT_MATCHED,
BOD066,Royal Asarlik Beach Hotel & Spa,Gümbet,Royal Asarlık Beach,https://www.sikayetvar.com/royal-asarlik-beach,https://www.sikayetvar.com/royal-asarlik-beach/royal-asarlik-beach-balayi-otelinde-beklenmeyen-kotu-hizmet,https://www.sikayetvar.com/royal-asarlik-beach/royal-asarlik-beach-balayi-otelinde-beklenmeyen-kotu-hizmet,2,2026-08-26T21:01:03.688171+00:00,COMPLAINT_MATCHED,
BOD066,Royal Asarlik Beach Hotel & Spa,Gümbet,Royal Asarlık Beach,https://www.sikayetvar.com/royal-asarlik-beach,https://www.sikayetvar.com/royal-asarlik-beach/royal-asarlik-beach-berbattttt-royal-asarlik,https://www.sikayetvar.com/royal-asarlik-beach/royal-asarlik-beach-berbattttt-royal-asarlik,2,2026-08-26T21:01:03.688171+00:00,COMPLAINT_MATCHED,
BOD066,Royal Asarlik Beach Hotel & Spa,Gümbet,Royal Asarlık Beach,https://www.sikayetvar.com/royal-asarlik-beach,https://www.sikayetvar.com/royal-asarlik-beach/royal-asarlik-beach-bodrum-otel-spa-tatil-katili,https://www.sikayetvar.com/royal-asarlik-beach/royal-asarlik-beach-bodrum-otel-spa-tatil-katili,2,2026-08-26T21:01:03.688171+00:00,COMPLAINT_MATCHED,
BOD151,Sarpedor Boutique Hotel & SPA,Torba,Sarpedor Boutique Hotel,https://www.sikayetvar.com/sarpedor-boutique-hotel,https://www.sikayetvar.com/sarpedor-boutique-hotel/sarpedor-otelde-rezervasyon-iptal-ve-iade-talebinin-reddedilmesi,https://www.sikayetvar.com/sarpedor-boutique-hotel/sarpedor-otelde-rezervasyon-iptal-ve-iade-talebinin-reddedilmesi,1,2026-08-26T21:01:06.119077+00:00,COMPLAINT_MATCHED,
BOD151,Sarpedor Boutique Hotel & SPA,Torba,Sarpedor Boutique Hotel,https://www.sikayetvar.com/sarpedor-boutique-hotel,https://www.sikayetvar.com/sarpedor-boutique-hotel/sarpedor-boutique-hotel-ayni-parayi-alip-ayni-hizmeti-sezon-kapanisi-diye-vermeyen-yer,https://www.sikayetvar.com/sarpedor-boutique-hotel/sarpedor-boutique-hotel-ayni-parayi-alip-ayni-hizmeti-sezon-kapanisi-diye-vermeyen-yer,1,2026-08-26T21:01:06.119077+00:00,COMPLAINT_MATCHED,
BOD142,Hotel Torbahan,Torba,Torbahan Hotel,https://www.sikayetvar.com/torbahan-hotel,https://www.sikayetvar.com/torbahan-hotel/torbahan-hotel-yarim-metrekarelik-dusakabinde-mahsur-kaldik,https://www.sikayetvar.com/torbahan-hotel/torbahan-hotel-yarim-metrekarelik-dusakabinde-mahsur-kaldik,1,2026-08-26T21:01:08.428129+00:00,COMPLAINT_REVIEW_REQUIRED,
