hotel_id,hotel_name,area,aspect,low_n,high_n,full_driver_ready,driver_gap_pp,driver_class
BOD068,Selectum Colours Bodrum,Gümbet,STAFF_SERVICE,2,7,False,,INSUFFICIENT_SAMPLE
BOD068,Selectum Colours Bodrum,Gümbet,CLEANLINESS_HYGIENE,2,7,False,,INSUFFICIENT_SAMPLE
BOD068,Selectum Colours Bodrum,Gümbet,FOOD_BEVERAGE,2,7,False,,INSUFFICIENT_SAMPLE
BOD068,Selectum Colours Bodrum,Gümbet,ROOM,2,7,False,,INSUFFICIENT_SAMPLE
BOD068,Selectum Colours Bodrum,Gümbet,BEACH_SEA,2,7,False,,INSUFFICIENT_SAMPLE
BOD068,Selectum Colours Bodrum,Gümbet,POOL,2,7,False,,INSUFFICIENT_SAMPLE
BOD068,Selectum Colours Bodrum,Gümbet,FACILITIES_MAINTENANCE,2,7,False,,INSUFFICIENT_SAMPLE
BOD068,Selectum Colours Bodrum,Gümbet,RESERVATION,2,7,False,,INSUFFICIENT_SAMPLE
BOD068,Selectum Colours Bodrum,Gümbet,PAYMENT_REFUND,2,7,False,,INSUFFICIENT_SAMPLE
BOD068,Selectum Colours Bodrum,Gümbet,PRICE_VALUE,2,7,False,,INSUFFICIENT_SAMPLE
BOD068,Selectum Colours Bodrum,Gümbet,CHECKIN_CHECKOUT,2,7,False,,INSUFFICIENT_SAMPLE
BOD068,Selectum Colours Bodrum,Gümbet,AIR_CONDITIONING,2,7,False,,INSUFFICIENT_SAMPLE
BOD068,Selectum Colours Bodrum,Gümbet,NOISE,2,7,False,,INSUFFICIENT_SAMPLE
BOD068,Selectum Colours Bodrum,Gümbet,FAMILY_CHILDREN,2,7,False,,INSUFFICIENT_SAMPLE
BOD068,Selectum Colours Bodrum,Gümbet,TRANSPORT_TRANSFER,2,7,False,,INSUFFICIENT_SAMPLE
BOD068,Selectum Colours Bodrum,Gümbet,MANAGEMENT_COMMUNICATION,2,7,False,,INSUFFICIENT_SAMPLE
BOD068,Selectum Colours Bodrum,Gümbet,SPA_WELLNESS,2,7,False,,INSUFFICIENT_SAMPLE
BOD068,Selectum Colours Bodrum,Gümbet,SAFETY_SECURITY,2,7,False,,INSUFFICIENT_SAMPLE
BOD103,Green Bay Resort & Spa Bodrum,Güvercinlik,STAFF_SERVICE,5,4,False,,INSUFFICIENT_SAMPLE
BOD103,Green Bay Resort & Spa Bodrum,Güvercinlik,CLEANLINESS_HYGIENE,5,4,False,,INSUFFICIENT_SAMPLE
BOD103,Green Bay Resort & Spa Bodrum,Güvercinlik,FOOD_BEVERAGE,5,4,False,,INSUFFICIENT_SAMPLE
BOD103,Green Bay Resort & Spa Bodrum,Güvercinlik,ROOM,5,4,False,,INSUFFICIENT_SAMPLE
BOD103,Green Bay Resort & Spa Bodrum,Güvercinlik,BEACH_SEA,5,4,False,,INSUFFICIENT_SAMPLE
BOD103,Green Bay Resort & Spa Bodrum,Güvercinlik,POOL,5,4,False,,INSUFFICIENT_SAMPLE
BOD103,Green Bay Resort & Spa Bodrum,Güvercinlik,FACILITIES_MAINTENANCE,5,4,False,,INSUFFICIENT_SAMPLE
BOD103,Green Bay Resort & Spa Bodrum,Güvercinlik,RESERVATION,5,4,False,,INSUFFICIENT_SAMPLE
BOD103,Green Bay Resort & Spa Bodrum,Güvercinlik,PAYMENT_REFUND,5,4,False,,INSUFFICIENT_SAMPLE
BOD103,Green Bay Resort & Spa Bodrum,Güvercinlik,PRICE_VALUE,5,4,False,,INSUFFICIENT_SAMPLE
BOD103,Green Bay Resort & Spa Bodrum,Güvercinlik,CHECKIN_CHECKOUT,5,4,False,,INSUFFICIENT_SAMPLE
BOD103,Green Bay Resort & Spa Bodrum,Güvercinlik,AIR_CONDITIONING,5,4,False,,INSUFFICIENT_SAMPLE
BOD103,Green Bay Resort & Spa Bodrum,Güvercinlik,NOISE,5,4,False,,INSUFFICIENT_SAMPLE
BOD103,Green Bay Resort & Spa Bodrum,Güvercinlik,FAMILY_CHILDREN,5,4,False,,INSUFFICIENT_SAMPLE
BOD103,Green Bay Resort & Spa Bodrum,Güvercinlik,TRANSPORT_TRANSFER,5,4,False,,INSUFFICIENT_SAMPLE
BOD103,Green Bay Resort & Spa Bodrum,Güvercinlik,MANAGEMENT_COMMUNICATION,5,4,False,,INSUFFICIENT_SAMPLE
BOD103,Green Bay Resort & Spa Bodrum,Güvercinlik,SPA_WELLNESS,5,4,False,,INSUFFICIENT_SAMPLE
BOD103,Green Bay Resort & Spa Bodrum,Güvercinlik,SAFETY_SECURITY,5,4,False,,INSUFFICIENT_SAMPLE
BOD106,La Blanche Island Bodrum,Güvercinlik,STAFF_SERVICE,1,6,False,,INSUFFICIENT_SAMPLE
BOD106,La Blanche Island Bodrum,Güvercinlik,CLEANLINESS_HYGIENE,1,6,False,,INSUFFICIENT_SAMPLE
BOD106,La Blanche Island Bodrum,Güvercinlik,FOOD_BEVERAGE,1,6,False,,INSUFFICIENT_SAMPLE
BOD106,La Blanche Island Bodrum,Güvercinlik,ROOM,1,6,False,,INSUFFICIENT_SAMPLE
BOD106,La Blanche Island Bodrum,Güvercinlik,BEACH_SEA,1,6,False,,INSUFFICIENT_SAMPLE
BOD106,La Blanche Island Bodrum,Güvercinlik,POOL,1,6,False,,INSUFFICIENT_SAMPLE
BOD106,La Blanche Island Bodrum,Güvercinlik,FACILITIES_MAINTENANCE,1,6,False,,INSUFFICIENT_SAMPLE
BOD106,La Blanche Island Bodrum,Güvercinlik,RESERVATION,1,6,False,,INSUFFICIENT_SAMPLE
BOD106,La Blanche Island Bodrum,Güvercinlik,PAYMENT_REFUND,1,6,False,,INSUFFICIENT_SAMPLE
BOD106,La Blanche Island Bodrum,Güvercinlik,PRICE_VALUE,1,6,False,,INSUFFICIENT_SAMPLE
BOD106,La Blanche Island Bodrum,Güvercinlik,CHECKIN_CHECKOUT,1,6,False,,INSUFFICIENT_SAMPLE
BOD106,La Blanche Island Bodrum,Güvercinlik,AIR_CONDITIONING,1,6,False,,INSUFFICIENT_SAMPLE
BOD106,La Blanche Island Bodrum,Güvercinlik,NOISE,1,6,False,,INSUFFICIENT_SAMPLE
BOD106,La Blanche Island Bodrum,Güvercinlik,FAMILY_CHILDREN,1,6,False,,INSUFFICIENT_SAMPLE
BOD106,La Blanche Island Bodrum,Güvercinlik,TRANSPORT_TRANSFER,1,6,False,,INSUFFICIENT_SAMPLE
BOD106,La Blanche Island Bodrum,Güvercinlik,MANAGEMENT_COMMUNICATION,1,6,False,,INSUFFICIENT_SAMPLE
BOD106,La Blanche Island Bodrum,Güvercinlik,SPA_WELLNESS,1,6,False,,INSUFFICIENT_SAMPLE
BOD106,La Blanche Island Bodrum,Güvercinlik,SAFETY_SECURITY,1,6,False,,INSUFFICIENT_SAMPLE
BOD012,Selectum Collection Bodrum,Akyarlar,STAFF_SERVICE,2,8,False,,INSUFFICIENT_SAMPLE
BOD012,Selectum Collection Bodrum,Akyarlar,CLEANLINESS_HYGIENE,2,8,False,,INSUFFICIENT_SAMPLE
BOD012,Selectum Collection Bodrum,Akyarlar,FOOD_BEVERAGE,2,8,False,,INSUFFICIENT_SAMPLE
BOD012,Selectum Collection Bodrum,Akyarlar,ROOM,2,8,False,,INSUFFICIENT_SAMPLE
BOD012,Selectum Collection Bodrum,Akyarlar,BEACH_SEA,2,8,False,,INSUFFICIENT_SAMPLE
BOD012,Selectum Collection Bodrum,Akyarlar,POOL,2,8,False,,INSUFFICIENT_SAMPLE
BOD012,Selectum Collection Bodrum,Akyarlar,FACILITIES_MAINTENANCE,2,8,False,,INSUFFICIENT_SAMPLE
BOD012,Selectum Collection Bodrum,Akyarlar,RESERVATION,2,8,False,,INSUFFICIENT_SAMPLE
BOD012,Selectum Collection Bodrum,Akyarlar,PAYMENT_REFUND,2,8,False,,INSUFFICIENT_SAMPLE
BOD012,Selectum Collection Bodrum,Akyarlar,PRICE_VALUE,2,8,False,,INSUFFICIENT_SAMPLE
BOD012,Selectum Collection Bodrum,Akyarlar,CHECKIN_CHECKOUT,2,8,False,,INSUFFICIENT_SAMPLE
BOD012,Selectum Collection Bodrum,Akyarlar,AIR_CONDITIONING,2,8,False,,INSUFFICIENT_SAMPLE
BOD012,Selectum Collection Bodrum,Akyarlar,NOISE,2,8,False,,INSUFFICIENT_SAMPLE
BOD012,Selectum Collection Bodrum,Akyarlar,FAMILY_CHILDREN,2,8,False,,INSUFFICIENT_SAMPLE
BOD012,Selectum Collection Bodrum,Akyarlar,TRANSPORT_TRANSFER,2,8,False,,INSUFFICIENT_SAMPLE
BOD012,Selectum Collection Bodrum,Akyarlar,MANAGEMENT_COMMUNICATION,2,8,False,,INSUFFICIENT_SAMPLE
BOD012,Selectum Collection Bodrum,Akyarlar,SPA_WELLNESS,2,8,False,,INSUFFICIENT_SAMPLE
BOD012,Selectum Collection Bodrum,Akyarlar,SAFETY_SECURITY,2,8,False,,INSUFFICIENT_SAMPLE
BOD160,La Blanche Resort Bodrum,Turgutreis,STAFF_SERVICE,2,8,False,,INSUFFICIENT_SAMPLE
BOD160,La Blanche Resort Bodrum,Turgutreis,CLEANLINESS_HYGIENE,2,8,False,,INSUFFICIENT_SAMPLE
BOD160,La Blanche Resort Bodrum,Turgutreis,FOOD_BEVERAGE,2,8,False,,INSUFFICIENT_SAMPLE
BOD160,La Blanche Resort Bodrum,Turgutreis,ROOM,2,8,False,,INSUFFICIENT_SAMPLE
BOD160,La Blanche Resort Bodrum,Turgutreis,BEACH_SEA,2,8,False,,INSUFFICIENT_SAMPLE
BOD160,La Blanche Resort Bodrum,Turgutreis,POOL,2,8,False,,INSUFFICIENT_SAMPLE
BOD160,La Blanche Resort Bodrum,Turgutreis,FACILITIES_MAINTENANCE,2,8,False,,INSUFFICIENT_SAMPLE
BOD160,La Blanche Resort Bodrum,Turgutreis,RESERVATION,2,8,False,,INSUFFICIENT_SAMPLE
BOD160,La Blanche Resort Bodrum,Turgutreis,PAYMENT_REFUND,2,8,False,,INSUFFICIENT_SAMPLE
BOD160,La Blanche Resort Bodrum,Turgutreis,PRICE_VALUE,2,8,False,,INSUFFICIENT_SAMPLE
BOD160,La Blanche Resort Bodrum,Turgutreis,CHECKIN_CHECKOUT,2,8,False,,INSUFFICIENT_SAMPLE
BOD160,La Blanche Resort Bodrum,Turgutreis,AIR_CONDITIONING,2,8,False,,INSUFFICIENT_SAMPLE
BOD160,La Blanche Resort Bodrum,Turgutreis,NOISE,2,8,False,,INSUFFICIENT_SAMPLE
BOD160,La Blanche Resort Bodrum,Turgutreis,FAMILY_CHILDREN,2,8,False,,INSUFFICIENT_SAMPLE
BOD160,La Blanche Resort Bodrum,Turgutreis,TRANSPORT_TRANSFER,2,8,False,,INSUFFICIENT_SAMPLE
BOD160,La Blanche Resort Bodrum,Turgutreis,MANAGEMENT_COMMUNICATION,2,8,False,,INSUFFICIENT_SAMPLE
BOD160,La Blanche Resort Bodrum,Turgutreis,SPA_WELLNESS,2,8,False,,INSUFFICIENT_SAMPLE
BOD160,La Blanche Resort Bodrum,Turgutreis,SAFETY_SECURITY,2,8,False,,INSUFFICIENT_SAMPLE
BOD115,Yasmin Bodrum Resort,Kadıkalesi,STAFF_SERVICE,0,0,False,,INSUFFICIENT_SAMPLE
BOD115,Yasmin Bodrum Resort,Kadıkalesi,CLEANLINESS_HYGIENE,0,0,False,,INSUFFICIENT_SAMPLE
BOD115,Yasmin Bodrum Resort,Kadıkalesi,FOOD_BEVERAGE,0,0,False,,INSUFFICIENT_SAMPLE
BOD115,Yasmin Bodrum Resort,Kadıkalesi,ROOM,0,0,False,,INSUFFICIENT_SAMPLE
BOD115,Yasmin Bodrum Resort,Kadıkalesi,BEACH_SEA,0,0,False,,INSUFFICIENT_SAMPLE
BOD115,Yasmin Bodrum Resort,Kadıkalesi,POOL,0,0,False,,INSUFFICIENT_SAMPLE
BOD115,Yasmin Bodrum Resort,Kadıkalesi,FACILITIES_MAINTENANCE,0,0,False,,INSUFFICIENT_SAMPLE
BOD115,Yasmin Bodrum Resort,Kadıkalesi,RESERVATION,0,0,False,,INSUFFICIENT_SAMPLE
BOD115,Yasmin Bodrum Resort,Kadıkalesi,PAYMENT_REFUND,0,0,False,,INSUFFICIENT_SAMPLE
BOD115,Yasmin Bodrum Resort,Kadıkalesi,PRICE_VALUE,0,0,False,,INSUFFICIENT_SAMPLE
BOD115,Yasmin Bodrum Resort,Kadıkalesi,CHECKIN_CHECKOUT,0,0,False,,INSUFFICIENT_SAMPLE
BOD115,Yasmin Bodrum Resort,Kadıkalesi,AIR_CONDITIONING,0,0,False,,INSUFFICIENT_SAMPLE
BOD115,Yasmin Bodrum Resort,Kadıkalesi,NOISE,0,0,False,,INSUFFICIENT_SAMPLE
BOD115,Yasmin Bodrum Resort,Kadıkalesi,FAMILY_CHILDREN,0,0,False,,INSUFFICIENT_SAMPLE
BOD115,Yasmin Bodrum Resort,Kadıkalesi,TRANSPORT_TRANSFER,0,0,False,,INSUFFICIENT_SAMPLE
BOD115,Yasmin Bodrum Resort,Kadıkalesi,MANAGEMENT_COMMUNICATION,0,0,False,,INSUFFICIENT_SAMPLE
BOD115,Yasmin Bodrum Resort,Kadıkalesi,SPA_WELLNESS,0,0,False,,INSUFFICIENT_SAMPLE
BOD115,Yasmin Bodrum Resort,Kadıkalesi,SAFETY_SECURITY,0,0,False,,INSUFFICIENT_SAMPLE
BOD141,DUJA BODRUM,Torba,STAFF_SERVICE,0,0,False,,INSUFFICIENT_SAMPLE
BOD141,DUJA BODRUM,Torba,CLEANLINESS_HYGIENE,0,0,False,,INSUFFICIENT_SAMPLE
BOD141,DUJA BODRUM,Torba,FOOD_BEVERAGE,0,0,False,,INSUFFICIENT_SAMPLE
BOD141,DUJA BODRUM,Torba,ROOM,0,0,False,,INSUFFICIENT_SAMPLE
BOD141,DUJA BODRUM,Torba,BEACH_SEA,0,0,False,,INSUFFICIENT_SAMPLE
BOD141,DUJA BODRUM,Torba,POOL,0,0,False,,INSUFFICIENT_SAMPLE
BOD141,DUJA BODRUM,Torba,FACILITIES_MAINTENANCE,0,0,False,,INSUFFICIENT_SAMPLE
BOD141,DUJA BODRUM,Torba,RESERVATION,0,0,False,,INSUFFICIENT_SAMPLE
BOD141,DUJA BODRUM,Torba,PAYMENT_REFUND,0,0,False,,INSUFFICIENT_SAMPLE
BOD141,DUJA BODRUM,Torba,PRICE_VALUE,0,0,False,,INSUFFICIENT_SAMPLE
BOD141,DUJA BODRUM,Torba,CHECKIN_CHECKOUT,0,0,False,,INSUFFICIENT_SAMPLE
BOD141,DUJA BODRUM,Torba,AIR_CONDITIONING,0,0,False,,INSUFFICIENT_SAMPLE
BOD141,DUJA BODRUM,Torba,NOISE,0,0,False,,INSUFFICIENT_SAMPLE
BOD141,DUJA BODRUM,Torba,FAMILY_CHILDREN,0,0,False,,INSUFFICIENT_SAMPLE
BOD141,DUJA BODRUM,Torba,TRANSPORT_TRANSFER,0,0,False,,INSUFFICIENT_SAMPLE
BOD141,DUJA BODRUM,Torba,MANAGEMENT_COMMUNICATION,0,0,False,,INSUFFICIENT_SAMPLE
BOD141,DUJA BODRUM,Torba,SPA_WELLNESS,0,0,False,,INSUFFICIENT_SAMPLE
BOD141,DUJA BODRUM,Torba,SAFETY_SECURITY,0,0,False,,INSUFFICIENT_SAMPLE
BOD148,Rixos Premium Bodrum,Torba,STAFF_SERVICE,0,0,False,,INSUFFICIENT_SAMPLE
BOD148,Rixos Premium Bodrum,Torba,CLEANLINESS_HYGIENE,0,0,False,,INSUFFICIENT_SAMPLE
BOD148,Rixos Premium Bodrum,Torba,FOOD_BEVERAGE,0,0,False,,INSUFFICIENT_SAMPLE
BOD148,Rixos Premium Bodrum,Torba,ROOM,0,0,False,,INSUFFICIENT_SAMPLE
BOD148,Rixos Premium Bodrum,Torba,BEACH_SEA,0,0,False,,INSUFFICIENT_SAMPLE
BOD148,Rixos Premium Bodrum,Torba,POOL,0,0,False,,INSUFFICIENT_SAMPLE
BOD148,Rixos Premium Bodrum,Torba,FACILITIES_MAINTENANCE,0,0,False,,INSUFFICIENT_SAMPLE
BOD148,Rixos Premium Bodrum,Torba,RESERVATION,0,0,False,,INSUFFICIENT_SAMPLE
BOD148,Rixos Premium Bodrum,Torba,PAYMENT_REFUND,0,0,False,,INSUFFICIENT_SAMPLE
BOD148,Rixos Premium Bodrum,Torba,PRICE_VALUE,0,0,False,,INSUFFICIENT_SAMPLE
BOD148,Rixos Premium Bodrum,Torba,CHECKIN_CHECKOUT,0,0,False,,INSUFFICIENT_SAMPLE
BOD148,Rixos Premium Bodrum,Torba,AIR_CONDITIONING,0,0,False,,INSUFFICIENT_SAMPLE
BOD148,Rixos Premium Bodrum,Torba,NOISE,0,0,False,,INSUFFICIENT_SAMPLE
BOD148,Rixos Premium Bodrum,Torba,FAMILY_CHILDREN,0,0,False,,INSUFFICIENT_SAMPLE
BOD148,Rixos Premium Bodrum,Torba,TRANSPORT_TRANSFER,0,0,False,,INSUFFICIENT_SAMPLE
BOD148,Rixos Premium Bodrum,Torba,MANAGEMENT_COMMUNICATION,0,0,False,,INSUFFICIENT_SAMPLE
BOD148,Rixos Premium Bodrum,Torba,SPA_WELLNESS,0,0,False,,INSUFFICIENT_SAMPLE
BOD148,Rixos Premium Bodrum,Torba,SAFETY_SECURITY,0,0,False,,INSUFFICIENT_SAMPLE
BOD110,Titanic Luxury Collection Bodrum,Güvercinlik,STAFF_SERVICE,0,0,False,,INSUFFICIENT_SAMPLE
BOD110,Titanic Luxury Collection Bodrum,Güvercinlik,CLEANLINESS_HYGIENE,0,0,False,,INSUFFICIENT_SAMPLE
BOD110,Titanic Luxury Collection Bodrum,Güvercinlik,FOOD_BEVERAGE,0,0,False,,INSUFFICIENT_SAMPLE
BOD110,Titanic Luxury Collection Bodrum,Güvercinlik,ROOM,0,0,False,,INSUFFICIENT_SAMPLE
BOD110,Titanic Luxury Collection Bodrum,Güvercinlik,BEACH_SEA,0,0,False,,INSUFFICIENT_SAMPLE
BOD110,Titanic Luxury Collection Bodrum,Güvercinlik,POOL,0,0,False,,INSUFFICIENT_SAMPLE
BOD110,Titanic Luxury Collection Bodrum,Güvercinlik,FACILITIES_MAINTENANCE,0,0,False,,INSUFFICIENT_SAMPLE
BOD110,Titanic Luxury Collection Bodrum,Güvercinlik,RESERVATION,0,0,False,,INSUFFICIENT_SAMPLE
BOD110,Titanic Luxury Collection Bodrum,Güvercinlik,PAYMENT_REFUND,0,0,False,,INSUFFICIENT_SAMPLE
BOD110,Titanic Luxury Collection Bodrum,Güvercinlik,PRICE_VALUE,0,0,False,,INSUFFICIENT_SAMPLE
BOD110,Titanic Luxury Collection Bodrum,Güvercinlik,CHECKIN_CHECKOUT,0,0,False,,INSUFFICIENT_SAMPLE
BOD110,Titanic Luxury Collection Bodrum,Güvercinlik,AIR_CONDITIONING,0,0,False,,INSUFFICIENT_SAMPLE
BOD110,Titanic Luxury Collection Bodrum,Güvercinlik,NOISE,0,0,False,,INSUFFICIENT_SAMPLE
BOD110,Titanic Luxury Collection Bodrum,Güvercinlik,FAMILY_CHILDREN,0,0,False,,INSUFFICIENT_SAMPLE
BOD110,Titanic Luxury Collection Bodrum,Güvercinlik,TRANSPORT_TRANSFER,0,0,False,,INSUFFICIENT_SAMPLE
BOD110,Titanic Luxury Collection Bodrum,Güvercinlik,MANAGEMENT_COMMUNICATION,0,0,False,,INSUFFICIENT_SAMPLE
BOD110,Titanic Luxury Collection Bodrum,Güvercinlik,SPA_WELLNESS,0,0,False,,INSUFFICIENT_SAMPLE
BOD110,Titanic Luxury Collection Bodrum,Güvercinlik,SAFETY_SECURITY,0,0,False,,INSUFFICIENT_SAMPLE
BOD007,Kefaluka Resort,Akyarlar,STAFF_SERVICE,0,0,False,,INSUFFICIENT_SAMPLE
BOD007,Kefaluka Resort,Akyarlar,CLEANLINESS_HYGIENE,0,0,False,,INSUFFICIENT_SAMPLE
BOD007,Kefaluka Resort,Akyarlar,FOOD_BEVERAGE,0,0,False,,INSUFFICIENT_SAMPLE
BOD007,Kefaluka Resort,Akyarlar,ROOM,0,0,False,,INSUFFICIENT_SAMPLE
BOD007,Kefaluka Resort,Akyarlar,BEACH_SEA,0,0,False,,INSUFFICIENT_SAMPLE
BOD007,Kefaluka Resort,Akyarlar,POOL,0,0,False,,INSUFFICIENT_SAMPLE
BOD007,Kefaluka Resort,Akyarlar,FACILITIES_MAINTENANCE,0,0,False,,INSUFFICIENT_SAMPLE
BOD007,Kefaluka Resort,Akyarlar,RESERVATION,0,0,False,,INSUFFICIENT_SAMPLE
BOD007,Kefaluka Resort,Akyarlar,PAYMENT_REFUND,0,0,False,,INSUFFICIENT_SAMPLE
BOD007,Kefaluka Resort,Akyarlar,PRICE_VALUE,0,0,False,,INSUFFICIENT_SAMPLE
BOD007,Kefaluka Resort,Akyarlar,CHECKIN_CHECKOUT,0,0,False,,INSUFFICIENT_SAMPLE
BOD007,Kefaluka Resort,Akyarlar,AIR_CONDITIONING,0,0,False,,INSUFFICIENT_SAMPLE
BOD007,Kefaluka Resort,Akyarlar,NOISE,0,0,False,,INSUFFICIENT_SAMPLE
BOD007,Kefaluka Resort,Akyarlar,FAMILY_CHILDREN,0,0,False,,INSUFFICIENT_SAMPLE
BOD007,Kefaluka Resort,Akyarlar,TRANSPORT_TRANSFER,0,0,False,,INSUFFICIENT_SAMPLE
BOD007,Kefaluka Resort,Akyarlar,MANAGEMENT_COMMUNICATION,0,0,False,,INSUFFICIENT_SAMPLE
BOD007,Kefaluka Resort,Akyarlar,SPA_WELLNESS,0,0,False,,INSUFFICIENT_SAMPLE
BOD007,Kefaluka Resort,Akyarlar,SAFETY_SECURITY,0,0,False,,INSUFFICIENT_SAMPLE
BOD066,Royal Asarlik Beach Hotel & Spa,Gümbet,STAFF_SERVICE,0,0,False,,INSUFFICIENT_SAMPLE
BOD066,Royal Asarlik Beach Hotel & Spa,Gümbet,CLEANLINESS_HYGIENE,0,0,False,,INSUFFICIENT_SAMPLE
BOD066,Royal Asarlik Beach Hotel & Spa,Gümbet,FOOD_BEVERAGE,0,0,False,,INSUFFICIENT_SAMPLE
BOD066,Royal Asarlik Beach Hotel & Spa,Gümbet,ROOM,0,0,False,,INSUFFICIENT_SAMPLE
BOD066,Royal Asarlik Beach Hotel & Spa,Gümbet,BEACH_SEA,0,0,False,,INSUFFICIENT_SAMPLE
BOD066,Royal Asarlik Beach Hotel & Spa,Gümbet,POOL,0,0,False,,INSUFFICIENT_SAMPLE
BOD066,Royal Asarlik Beach Hotel & Spa,Gümbet,FACILITIES_MAINTENANCE,0,0,False,,INSUFFICIENT_SAMPLE
BOD066,Royal Asarlik Beach Hotel & Spa,Gümbet,RESERVATION,0,0,False,,INSUFFICIENT_SAMPLE
BOD066,Royal Asarlik Beach Hotel & Spa,Gümbet,PAYMENT_REFUND,0,0,False,,INSUFFICIENT_SAMPLE
BOD066,Royal Asarlik Beach Hotel & Spa,Gümbet,PRICE_VALUE,0,0,False,,INSUFFICIENT_SAMPLE
BOD066,Royal Asarlik Beach Hotel & Spa,Gümbet,CHECKIN_CHECKOUT,0,0,False,,INSUFFICIENT_SAMPLE
BOD066,Royal Asarlik Beach Hotel & Spa,Gümbet,AIR_CONDITIONING,0,0,False,,INSUFFICIENT_SAMPLE
BOD066,Royal Asarlik Beach Hotel & Spa,Gümbet,NOISE,0,0,False,,INSUFFICIENT_SAMPLE
BOD066,Royal Asarlik Beach Hotel & Spa,Gümbet,FAMILY_CHILDREN,0,0,False,,INSUFFICIENT_SAMPLE
BOD066,Royal Asarlik Beach Hotel & Spa,Gümbet,TRANSPORT_TRANSFER,0,0,False,,INSUFFICIENT_SAMPLE
BOD066,Royal Asarlik Beach Hotel & Spa,Gümbet,MANAGEMENT_COMMUNICATION,0,0,False,,INSUFFICIENT_SAMPLE
BOD066,Royal Asarlik Beach Hotel & Spa,Gümbet,SPA_WELLNESS,0,0,False,,INSUFFICIENT_SAMPLE
BOD066,Royal Asarlik Beach Hotel & Spa,Gümbet,SAFETY_SECURITY,0,0,False,,INSUFFICIENT_SAMPLE
BOD114,Sianji Well-Being Resort Thermal & Spa,Kadıkalesi,STAFF_SERVICE,0,0,False,,INSUFFICIENT_SAMPLE
BOD114,Sianji Well-Being Resort Thermal & Spa,Kadıkalesi,CLEANLINESS_HYGIENE,0,0,False,,INSUFFICIENT_SAMPLE
BOD114,Sianji Well-Being Resort Thermal & Spa,Kadıkalesi,FOOD_BEVERAGE,0,0,False,,INSUFFICIENT_SAMPLE
BOD114,Sianji Well-Being Resort Thermal & Spa,Kadıkalesi,ROOM,0,0,False,,INSUFFICIENT_SAMPLE
BOD114,Sianji Well-Being Resort Thermal & Spa,Kadıkalesi,BEACH_SEA,0,0,False,,INSUFFICIENT_SAMPLE
BOD114,Sianji Well-Being Resort Thermal & Spa,Kadıkalesi,POOL,0,0,False,,INSUFFICIENT_SAMPLE
BOD114,Sianji Well-Being Resort Thermal & Spa,Kadıkalesi,FACILITIES_MAINTENANCE,0,0,False,,INSUFFICIENT_SAMPLE
BOD114,Sianji Well-Being Resort Thermal & Spa,Kadıkalesi,RESERVATION,0,0,False,,INSUFFICIENT_SAMPLE
BOD114,Sianji Well-Being Resort Thermal & Spa,Kadıkalesi,PAYMENT_REFUND,0,0,False,,INSUFFICIENT_SAMPLE
BOD114,Sianji Well-Being Resort Thermal & Spa,Kadıkalesi,PRICE_VALUE,0,0,False,,INSUFFICIENT_SAMPLE
BOD114,Sianji Well-Being Resort Thermal & Spa,Kadıkalesi,CHECKIN_CHECKOUT,0,0,False,,INSUFFICIENT_SAMPLE
BOD114,Sianji Well-Being Resort Thermal & Spa,Kadıkalesi,AIR_CONDITIONING,0,0,False,,INSUFFICIENT_SAMPLE
BOD114,Sianji Well-Being Resort Thermal & Spa,Kadıkalesi,NOISE,0,0,False,,INSUFFICIENT_SAMPLE
BOD114,Sianji Well-Being Resort Thermal & Spa,Kadıkalesi,FAMILY_CHILDREN,0,0,False,,INSUFFICIENT_SAMPLE
BOD114,Sianji Well-Being Resort Thermal & Spa,Kadıkalesi,TRANSPORT_TRANSFER,0,0,False,,INSUFFICIENT_SAMPLE
BOD114,Sianji Well-Being Resort Thermal & Spa,Kadıkalesi,MANAGEMENT_COMMUNICATION,0,0,False,,INSUFFICIENT_SAMPLE
BOD114,Sianji Well-Being Resort Thermal & Spa,Kadıkalesi,SPA_WELLNESS,0,0,False,,INSUFFICIENT_SAMPLE
BOD114,Sianji Well-Being Resort Thermal & Spa,Kadıkalesi,SAFETY_SECURITY,0,0,False,,INSUFFICIENT_SAMPLE
BOD011,"Radisson Collection Hotel, Bodrum",Akyarlar,STAFF_SERVICE,0,0,False,,INSUFFICIENT_SAMPLE
BOD011,"Radisson Collection Hotel, Bodrum",Akyarlar,CLEANLINESS_HYGIENE,0,0,False,,INSUFFICIENT_SAMPLE
BOD011,"Radisson Collection Hotel, Bodrum",Akyarlar,FOOD_BEVERAGE,0,0,False,,INSUFFICIENT_SAMPLE
BOD011,"Radisson Collection Hotel, Bodrum",Akyarlar,ROOM,0,0,False,,INSUFFICIENT_SAMPLE
BOD011,"Radisson Collection Hotel, Bodrum",Akyarlar,BEACH_SEA,0,0,False,,INSUFFICIENT_SAMPLE
BOD011,"Radisson Collection Hotel, Bodrum",Akyarlar,POOL,0,0,False,,INSUFFICIENT_SAMPLE
BOD011,"Radisson Collection Hotel, Bodrum",Akyarlar,FACILITIES_MAINTENANCE,0,0,False,,INSUFFICIENT_SAMPLE
BOD011,"Radisson Collection Hotel, Bodrum",Akyarlar,RESERVATION,0,0,False,,INSUFFICIENT_SAMPLE
BOD011,"Radisson Collection Hotel, Bodrum",Akyarlar,PAYMENT_REFUND,0,0,False,,INSUFFICIENT_SAMPLE
BOD011,"Radisson Collection Hotel, Bodrum",Akyarlar,PRICE_VALUE,0,0,False,,INSUFFICIENT_SAMPLE
BOD011,"Radisson Collection Hotel, Bodrum",Akyarlar,CHECKIN_CHECKOUT,0,0,False,,INSUFFICIENT_SAMPLE
BOD011,"Radisson Collection Hotel, Bodrum",Akyarlar,AIR_CONDITIONING,0,0,False,,INSUFFICIENT_SAMPLE
BOD011,"Radisson Collection Hotel, Bodrum",Akyarlar,NOISE,0,0,False,,INSUFFICIENT_SAMPLE
BOD011,"Radisson Collection Hotel, Bodrum",Akyarlar,FAMILY_CHILDREN,0,0,False,,INSUFFICIENT_SAMPLE
BOD011,"Radisson Collection Hotel, Bodrum",Akyarlar,TRANSPORT_TRANSFER,0,0,False,,INSUFFICIENT_SAMPLE
BOD011,"Radisson Collection Hotel, Bodrum",Akyarlar,MANAGEMENT_COMMUNICATION,0,0,False,,INSUFFICIENT_SAMPLE
BOD011,"Radisson Collection Hotel, Bodrum",Akyarlar,SPA_WELLNESS,0,0,False,,INSUFFICIENT_SAMPLE
BOD011,"Radisson Collection Hotel, Bodrum",Akyarlar,SAFETY_SECURITY,0,0,False,,INSUFFICIENT_SAMPLE
BOD002,Armonia Holiday Village & Spa,Akyarlar,STAFF_SERVICE,0,0,False,,INSUFFICIENT_SAMPLE
BOD002,Armonia Holiday Village & Spa,Akyarlar,CLEANLINESS_HYGIENE,0,0,False,,INSUFFICIENT_SAMPLE
BOD002,Armonia Holiday Village & Spa,Akyarlar,FOOD_BEVERAGE,0,0,False,,INSUFFICIENT_SAMPLE
BOD002,Armonia Holiday Village & Spa,Akyarlar,ROOM,0,0,False,,INSUFFICIENT_SAMPLE
BOD002,Armonia Holiday Village & Spa,Akyarlar,BEACH_SEA,0,0,False,,INSUFFICIENT_SAMPLE
BOD002,Armonia Holiday Village & Spa,Akyarlar,POOL,0,0,False,,INSUFFICIENT_SAMPLE
BOD002,Armonia Holiday Village & Spa,Akyarlar,FACILITIES_MAINTENANCE,0,0,False,,INSUFFICIENT_SAMPLE
BOD002,Armonia Holiday Village & Spa,Akyarlar,RESERVATION,0,0,False,,INSUFFICIENT_SAMPLE
BOD002,Armonia Holiday Village & Spa,Akyarlar,PAYMENT_REFUND,0,0,False,,INSUFFICIENT_SAMPLE
BOD002,Armonia Holiday Village & Spa,Akyarlar,PRICE_VALUE,0,0,False,,INSUFFICIENT_SAMPLE
BOD002,Armonia Holiday Village & Spa,Akyarlar,CHECKIN_CHECKOUT,0,0,False,,INSUFFICIENT_SAMPLE
BOD002,Armonia Holiday Village & Spa,Akyarlar,AIR_CONDITIONING,0,0,False,,INSUFFICIENT_SAMPLE
BOD002,Armonia Holiday Village & Spa,Akyarlar,NOISE,0,0,False,,INSUFFICIENT_SAMPLE
BOD002,Armonia Holiday Village & Spa,Akyarlar,FAMILY_CHILDREN,0,0,False,,INSUFFICIENT_SAMPLE
BOD002,Armonia Holiday Village & Spa,Akyarlar,TRANSPORT_TRANSFER,0,0,False,,INSUFFICIENT_SAMPLE
BOD002,Armonia Holiday Village & Spa,Akyarlar,MANAGEMENT_COMMUNICATION,0,0,False,,INSUFFICIENT_SAMPLE
BOD002,Armonia Holiday Village & Spa,Akyarlar,SPA_WELLNESS,0,0,False,,INSUFFICIENT_SAMPLE
BOD002,Armonia Holiday Village & Spa,Akyarlar,SAFETY_SECURITY,0,0,False,,INSUFFICIENT_SAMPLE
BOD108,Lujo Hotel Bodrum,Güvercinlik,STAFF_SERVICE,0,0,False,,INSUFFICIENT_SAMPLE
BOD108,Lujo Hotel Bodrum,Güvercinlik,CLEANLINESS_HYGIENE,0,0,False,,INSUFFICIENT_SAMPLE
BOD108,Lujo Hotel Bodrum,Güvercinlik,FOOD_BEVERAGE,0,0,False,,INSUFFICIENT_SAMPLE
BOD108,Lujo Hotel Bodrum,Güvercinlik,ROOM,0,0,False,,INSUFFICIENT_SAMPLE
BOD108,Lujo Hotel Bodrum,Güvercinlik,BEACH_SEA,0,0,False,,INSUFFICIENT_SAMPLE
BOD108,Lujo Hotel Bodrum,Güvercinlik,POOL,0,0,False,,INSUFFICIENT_SAMPLE
BOD108,Lujo Hotel Bodrum,Güvercinlik,FACILITIES_MAINTENANCE,0,0,False,,INSUFFICIENT_SAMPLE
BOD108,Lujo Hotel Bodrum,Güvercinlik,RESERVATION,0,0,False,,INSUFFICIENT_SAMPLE
BOD108,Lujo Hotel Bodrum,Güvercinlik,PAYMENT_REFUND,0,0,False,,INSUFFICIENT_SAMPLE
BOD108,Lujo Hotel Bodrum,Güvercinlik,PRICE_VALUE,0,0,False,,INSUFFICIENT_SAMPLE
BOD108,Lujo Hotel Bodrum,Güvercinlik,CHECKIN_CHECKOUT,0,0,False,,INSUFFICIENT_SAMPLE
BOD108,Lujo Hotel Bodrum,Güvercinlik,AIR_CONDITIONING,0,0,False,,INSUFFICIENT_SAMPLE
BOD108,Lujo Hotel Bodrum,Güvercinlik,NOISE,0,0,False,,INSUFFICIENT_SAMPLE
BOD108,Lujo Hotel Bodrum,Güvercinlik,FAMILY_CHILDREN,0,0,False,,INSUFFICIENT_SAMPLE
BOD108,Lujo Hotel Bodrum,Güvercinlik,TRANSPORT_TRANSFER,0,0,False,,INSUFFICIENT_SAMPLE
BOD108,Lujo Hotel Bodrum,Güvercinlik,MANAGEMENT_COMMUNICATION,0,0,False,,INSUFFICIENT_SAMPLE
BOD108,Lujo Hotel Bodrum,Güvercinlik,SPA_WELLNESS,0,0,False,,INSUFFICIENT_SAMPLE
BOD108,Lujo Hotel Bodrum,Güvercinlik,SAFETY_SECURITY,0,0,False,,INSUFFICIENT_SAMPLE
BOD040,Diamond of Bodrum Hotel,Bodrum Merkez,STAFF_SERVICE,0,0,False,,INSUFFICIENT_SAMPLE
BOD040,Diamond of Bodrum Hotel,Bodrum Merkez,CLEANLINESS_HYGIENE,0,0,False,,INSUFFICIENT_SAMPLE
BOD040,Diamond of Bodrum Hotel,Bodrum Merkez,FOOD_BEVERAGE,0,0,False,,INSUFFICIENT_SAMPLE
BOD040,Diamond of Bodrum Hotel,Bodrum Merkez,ROOM,0,0,False,,INSUFFICIENT_SAMPLE
BOD040,Diamond of Bodrum Hotel,Bodrum Merkez,BEACH_SEA,0,0,False,,INSUFFICIENT_SAMPLE
BOD040,Diamond of Bodrum Hotel,Bodrum Merkez,POOL,0,0,False,,INSUFFICIENT_SAMPLE
BOD040,Diamond of Bodrum Hotel,Bodrum Merkez,FACILITIES_MAINTENANCE,0,0,False,,INSUFFICIENT_SAMPLE
BOD040,Diamond of Bodrum Hotel,Bodrum Merkez,RESERVATION,0,0,False,,INSUFFICIENT_SAMPLE
BOD040,Diamond of Bodrum Hotel,Bodrum Merkez,PAYMENT_REFUND,0,0,False,,INSUFFICIENT_SAMPLE
BOD040,Diamond of Bodrum Hotel,Bodrum Merkez,PRICE_VALUE,0,0,False,,INSUFFICIENT_SAMPLE
BOD040,Diamond of Bodrum Hotel,Bodrum Merkez,CHECKIN_CHECKOUT,0,0,False,,INSUFFICIENT_SAMPLE
BOD040,Diamond of Bodrum Hotel,Bodrum Merkez,AIR_CONDITIONING,0,0,False,,INSUFFICIENT_SAMPLE
BOD040,Diamond of Bodrum Hotel,Bodrum Merkez,NOISE,0,0,False,,INSUFFICIENT_SAMPLE
BOD040,Diamond of Bodrum Hotel,Bodrum Merkez,FAMILY_CHILDREN,0,0,False,,INSUFFICIENT_SAMPLE
BOD040,Diamond of Bodrum Hotel,Bodrum Merkez,TRANSPORT_TRANSFER,0,0,False,,INSUFFICIENT_SAMPLE
BOD040,Diamond of Bodrum Hotel,Bodrum Merkez,MANAGEMENT_COMMUNICATION,0,0,False,,INSUFFICIENT_SAMPLE
BOD040,Diamond of Bodrum Hotel,Bodrum Merkez,SPA_WELLNESS,0,0,False,,INSUFFICIENT_SAMPLE
BOD040,Diamond of Bodrum Hotel,Bodrum Merkez,SAFETY_SECURITY,0,0,False,,INSUFFICIENT_SAMPLE
BOD161,MyElla Hotel Resort & Spa,Turgutreis,STAFF_SERVICE,0,0,False,,INSUFFICIENT_SAMPLE
BOD161,MyElla Hotel Resort & Spa,Turgutreis,CLEANLINESS_HYGIENE,0,0,False,,INSUFFICIENT_SAMPLE
BOD161,MyElla Hotel Resort & Spa,Turgutreis,FOOD_BEVERAGE,0,0,False,,INSUFFICIENT_SAMPLE
BOD161,MyElla Hotel Resort & Spa,Turgutreis,ROOM,0,0,False,,INSUFFICIENT_SAMPLE
BOD161,MyElla Hotel Resort & Spa,Turgutreis,BEACH_SEA,0,0,False,,INSUFFICIENT_SAMPLE
BOD161,MyElla Hotel Resort & Spa,Turgutreis,POOL,0,0,False,,INSUFFICIENT_SAMPLE
BOD161,MyElla Hotel Resort & Spa,Turgutreis,FACILITIES_MAINTENANCE,0,0,False,,INSUFFICIENT_SAMPLE
BOD161,MyElla Hotel Resort & Spa,Turgutreis,RESERVATION,0,0,False,,INSUFFICIENT_SAMPLE
BOD161,MyElla Hotel Resort & Spa,Turgutreis,PAYMENT_REFUND,0,0,False,,INSUFFICIENT_SAMPLE
BOD161,MyElla Hotel Resort & Spa,Turgutreis,PRICE_VALUE,0,0,False,,INSUFFICIENT_SAMPLE
BOD161,MyElla Hotel Resort & Spa,Turgutreis,CHECKIN_CHECKOUT,0,0,False,,INSUFFICIENT_SAMPLE
BOD161,MyElla Hotel Resort & Spa,Turgutreis,AIR_CONDITIONING,0,0,False,,INSUFFICIENT_SAMPLE
BOD161,MyElla Hotel Resort & Spa,Turgutreis,NOISE,0,0,False,,INSUFFICIENT_SAMPLE
BOD161,MyElla Hotel Resort & Spa,Turgutreis,FAMILY_CHILDREN,0,0,False,,INSUFFICIENT_SAMPLE
BOD161,MyElla Hotel Resort & Spa,Turgutreis,TRANSPORT_TRANSFER,0,0,False,,INSUFFICIENT_SAMPLE
BOD161,MyElla Hotel Resort & Spa,Turgutreis,MANAGEMENT_COMMUNICATION,0,0,False,,INSUFFICIENT_SAMPLE
BOD161,MyElla Hotel Resort & Spa,Turgutreis,SPA_WELLNESS,0,0,False,,INSUFFICIENT_SAMPLE
BOD161,MyElla Hotel Resort & Spa,Turgutreis,SAFETY_SECURITY,0,0,False,,INSUFFICIENT_SAMPLE
BOD156,Voyage Torba,Torba,STAFF_SERVICE,0,0,False,,INSUFFICIENT_SAMPLE
BOD156,Voyage Torba,Torba,CLEANLINESS_HYGIENE,0,0,False,,INSUFFICIENT_SAMPLE
BOD156,Voyage Torba,Torba,FOOD_BEVERAGE,0,0,False,,INSUFFICIENT_SAMPLE
BOD156,Voyage Torba,Torba,ROOM,0,0,False,,INSUFFICIENT_SAMPLE
BOD156,Voyage Torba,Torba,BEACH_SEA,0,0,False,,INSUFFICIENT_SAMPLE
BOD156,Voyage Torba,Torba,POOL,0,0,False,,INSUFFICIENT_SAMPLE
BOD156,Voyage Torba,Torba,FACILITIES_MAINTENANCE,0,0,False,,INSUFFICIENT_SAMPLE
BOD156,Voyage Torba,Torba,RESERVATION,0,0,False,,INSUFFICIENT_SAMPLE
BOD156,Voyage Torba,Torba,PAYMENT_REFUND,0,0,False,,INSUFFICIENT_SAMPLE
BOD156,Voyage Torba,Torba,PRICE_VALUE,0,0,False,,INSUFFICIENT_SAMPLE
BOD156,Voyage Torba,Torba,CHECKIN_CHECKOUT,0,0,False,,INSUFFICIENT_SAMPLE
BOD156,Voyage Torba,Torba,AIR_CONDITIONING,0,0,False,,INSUFFICIENT_SAMPLE
BOD156,Voyage Torba,Torba,NOISE,0,0,False,,INSUFFICIENT_SAMPLE
BOD156,Voyage Torba,Torba,FAMILY_CHILDREN,0,0,False,,INSUFFICIENT_SAMPLE
BOD156,Voyage Torba,Torba,TRANSPORT_TRANSFER,0,0,False,,INSUFFICIENT_SAMPLE
BOD156,Voyage Torba,Torba,MANAGEMENT_COMMUNICATION,0,0,False,,INSUFFICIENT_SAMPLE
BOD156,Voyage Torba,Torba,SPA_WELLNESS,0,0,False,,INSUFFICIENT_SAMPLE
BOD156,Voyage Torba,Torba,SAFETY_SECURITY,0,0,False,,INSUFFICIENT_SAMPLE
BOD056,"Mandarin Oriental, Bodrum",Göltürkbükü,STAFF_SERVICE,0,0,False,,INSUFFICIENT_SAMPLE
BOD056,"Mandarin Oriental, Bodrum",Göltürkbükü,CLEANLINESS_HYGIENE,0,0,False,,INSUFFICIENT_SAMPLE
BOD056,"Mandarin Oriental, Bodrum",Göltürkbükü,FOOD_BEVERAGE,0,0,False,,INSUFFICIENT_SAMPLE
BOD056,"Mandarin Oriental, Bodrum",Göltürkbükü,ROOM,0,0,False,,INSUFFICIENT_SAMPLE
BOD056,"Mandarin Oriental, Bodrum",Göltürkbükü,BEACH_SEA,0,0,False,,INSUFFICIENT_SAMPLE
BOD056,"Mandarin Oriental, Bodrum",Göltürkbükü,POOL,0,0,False,,INSUFFICIENT_SAMPLE
BOD056,"Mandarin Oriental, Bodrum",Göltürkbükü,FACILITIES_MAINTENANCE,0,0,False,,INSUFFICIENT_SAMPLE
BOD056,"Mandarin Oriental, Bodrum",Göltürkbükü,RESERVATION,0,0,False,,INSUFFICIENT_SAMPLE
BOD056,"Mandarin Oriental, Bodrum",Göltürkbükü,PAYMENT_REFUND,0,0,False,,INSUFFICIENT_SAMPLE
BOD056,"Mandarin Oriental, Bodrum",Göltürkbükü,PRICE_VALUE,0,0,False,,INSUFFICIENT_SAMPLE
BOD056,"Mandarin Oriental, Bodrum",Göltürkbükü,CHECKIN_CHECKOUT,0,0,False,,INSUFFICIENT_SAMPLE
BOD056,"Mandarin Oriental, Bodrum",Göltürkbükü,AIR_CONDITIONING,0,0,False,,INSUFFICIENT_SAMPLE
BOD056,"Mandarin Oriental, Bodrum",Göltürkbükü,NOISE,0,0,False,,INSUFFICIENT_SAMPLE
BOD056,"Mandarin Oriental, Bodrum",Göltürkbükü,FAMILY_CHILDREN,0,0,False,,INSUFFICIENT_SAMPLE
BOD056,"Mandarin Oriental, Bodrum",Göltürkbükü,TRANSPORT_TRANSFER,0,0,False,,INSUFFICIENT_SAMPLE
BOD056,"Mandarin Oriental, Bodrum",Göltürkbükü,MANAGEMENT_COMMUNICATION,0,0,False,,INSUFFICIENT_SAMPLE
BOD056,"Mandarin Oriental, Bodrum",Göltürkbükü,SPA_WELLNESS,0,0,False,,INSUFFICIENT_SAMPLE
BOD056,"Mandarin Oriental, Bodrum",Göltürkbükü,SAFETY_SECURITY,0,0,False,,INSUFFICIENT_SAMPLE
BOD140,DoubleTree by Hilton Bodrum Işıl Club All-Inclusive Resort,Torba,STAFF_SERVICE,0,0,False,,INSUFFICIENT_SAMPLE
BOD140,DoubleTree by Hilton Bodrum Işıl Club All-Inclusive Resort,Torba,CLEANLINESS_HYGIENE,0,0,False,,INSUFFICIENT_SAMPLE
BOD140,DoubleTree by Hilton Bodrum Işıl Club All-Inclusive Resort,Torba,FOOD_BEVERAGE,0,0,False,,INSUFFICIENT_SAMPLE
BOD140,DoubleTree by Hilton Bodrum Işıl Club All-Inclusive Resort,Torba,ROOM,0,0,False,,INSUFFICIENT_SAMPLE
BOD140,DoubleTree by Hilton Bodrum Işıl Club All-Inclusive Resort,Torba,BEACH_SEA,0,0,False,,INSUFFICIENT_SAMPLE
BOD140,DoubleTree by Hilton Bodrum Işıl Club All-Inclusive Resort,Torba,POOL,0,0,False,,INSUFFICIENT_SAMPLE
BOD140,DoubleTree by Hilton Bodrum Işıl Club All-Inclusive Resort,Torba,FACILITIES_MAINTENANCE,0,0,False,,INSUFFICIENT_SAMPLE
BOD140,DoubleTree by Hilton Bodrum Işıl Club All-Inclusive Resort,Torba,RESERVATION,0,0,False,,INSUFFICIENT_SAMPLE
BOD140,DoubleTree by Hilton Bodrum Işıl Club All-Inclusive Resort,Torba,PAYMENT_REFUND,0,0,False,,INSUFFICIENT_SAMPLE
BOD140,DoubleTree by Hilton Bodrum Işıl Club All-Inclusive Resort,Torba,PRICE_VALUE,0,0,False,,INSUFFICIENT_SAMPLE
BOD140,DoubleTree by Hilton Bodrum Işıl Club All-Inclusive Resort,Torba,CHECKIN_CHECKOUT,0,0,False,,INSUFFICIENT_SAMPLE
BOD140,DoubleTree by Hilton Bodrum Işıl Club All-Inclusive Resort,Torba,AIR_CONDITIONING,0,0,False,,INSUFFICIENT_SAMPLE
BOD140,DoubleTree by Hilton Bodrum Işıl Club All-Inclusive Resort,Torba,NOISE,0,0,False,,INSUFFICIENT_SAMPLE
BOD140,DoubleTree by Hilton Bodrum Işıl Club All-Inclusive Resort,Torba,FAMILY_CHILDREN,0,0,False,,INSUFFICIENT_SAMPLE
BOD140,DoubleTree by Hilton Bodrum Işıl Club All-Inclusive Resort,Torba,TRANSPORT_TRANSFER,0,0,False,,INSUFFICIENT_SAMPLE
BOD140,DoubleTree by Hilton Bodrum Işıl Club All-Inclusive Resort,Torba,MANAGEMENT_COMMUNICATION,0,0,False,,INSUFFICIENT_SAMPLE
BOD140,DoubleTree by Hilton Bodrum Işıl Club All-Inclusive Resort,Torba,SPA_WELLNESS,0,0,False,,INSUFFICIENT_SAMPLE
BOD140,DoubleTree by Hilton Bodrum Işıl Club All-Inclusive Resort,Torba,SAFETY_SECURITY,0,0,False,,INSUFFICIENT_SAMPLE
BOD130,Petunya Beach Resort,Ortakent-Yahşi,STAFF_SERVICE,0,0,False,,INSUFFICIENT_SAMPLE
BOD130,Petunya Beach Resort,Ortakent-Yahşi,CLEANLINESS_HYGIENE,0,0,False,,INSUFFICIENT_SAMPLE
BOD130,Petunya Beach Resort,Ortakent-Yahşi,FOOD_BEVERAGE,0,0,False,,INSUFFICIENT_SAMPLE
BOD130,Petunya Beach Resort,Ortakent-Yahşi,ROOM,0,0,False,,INSUFFICIENT_SAMPLE
BOD130,Petunya Beach Resort,Ortakent-Yahşi,BEACH_SEA,0,0,False,,INSUFFICIENT_SAMPLE
BOD130,Petunya Beach Resort,Ortakent-Yahşi,POOL,0,0,False,,INSUFFICIENT_SAMPLE
BOD130,Petunya Beach Resort,Ortakent-Yahşi,FACILITIES_MAINTENANCE,0,0,False,,INSUFFICIENT_SAMPLE
BOD130,Petunya Beach Resort,Ortakent-Yahşi,RESERVATION,0,0,False,,INSUFFICIENT_SAMPLE
BOD130,Petunya Beach Resort,Ortakent-Yahşi,PAYMENT_REFUND,0,0,False,,INSUFFICIENT_SAMPLE
BOD130,Petunya Beach Resort,Ortakent-Yahşi,PRICE_VALUE,0,0,False,,INSUFFICIENT_SAMPLE
BOD130,Petunya Beach Resort,Ortakent-Yahşi,CHECKIN_CHECKOUT,0,0,False,,INSUFFICIENT_SAMPLE
BOD130,Petunya Beach Resort,Ortakent-Yahşi,AIR_CONDITIONING,0,0,False,,INSUFFICIENT_SAMPLE
BOD130,Petunya Beach Resort,Ortakent-Yahşi,NOISE,0,0,False,,INSUFFICIENT_SAMPLE
BOD130,Petunya Beach Resort,Ortakent-Yahşi,FAMILY_CHILDREN,0,0,False,,INSUFFICIENT_SAMPLE
BOD130,Petunya Beach Resort,Ortakent-Yahşi,TRANSPORT_TRANSFER,0,0,False,,INSUFFICIENT_SAMPLE
BOD130,Petunya Beach Resort,Ortakent-Yahşi,MANAGEMENT_COMMUNICATION,0,0,False,,INSUFFICIENT_SAMPLE
BOD130,Petunya Beach Resort,Ortakent-Yahşi,SPA_WELLNESS,0,0,False,,INSUFFICIENT_SAMPLE
BOD130,Petunya Beach Resort,Ortakent-Yahşi,SAFETY_SECURITY,0,0,False,,INSUFFICIENT_SAMPLE
BOD045,Salmakis Resort & Spa,Bodrum Merkez,STAFF_SERVICE,0,0,False,,INSUFFICIENT_SAMPLE
BOD045,Salmakis Resort & Spa,Bodrum Merkez,CLEANLINESS_HYGIENE,0,0,False,,INSUFFICIENT_SAMPLE
BOD045,Salmakis Resort & Spa,Bodrum Merkez,FOOD_BEVERAGE,0,0,False,,INSUFFICIENT_SAMPLE
BOD045,Salmakis Resort & Spa,Bodrum Merkez,ROOM,0,0,False,,INSUFFICIENT_SAMPLE
BOD045,Salmakis Resort & Spa,Bodrum Merkez,BEACH_SEA,0,0,False,,INSUFFICIENT_SAMPLE
BOD045,Salmakis Resort & Spa,Bodrum Merkez,POOL,0,0,False,,INSUFFICIENT_SAMPLE
BOD045,Salmakis Resort & Spa,Bodrum Merkez,FACILITIES_MAINTENANCE,0,0,False,,INSUFFICIENT_SAMPLE
BOD045,Salmakis Resort & Spa,Bodrum Merkez,RESERVATION,0,0,False,,INSUFFICIENT_SAMPLE
BOD045,Salmakis Resort & Spa,Bodrum Merkez,PAYMENT_REFUND,0,0,False,,INSUFFICIENT_SAMPLE
BOD045,Salmakis Resort & Spa,Bodrum Merkez,PRICE_VALUE,0,0,False,,INSUFFICIENT_SAMPLE
BOD045,Salmakis Resort & Spa,Bodrum Merkez,CHECKIN_CHECKOUT,0,0,False,,INSUFFICIENT_SAMPLE
BOD045,Salmakis Resort & Spa,Bodrum Merkez,AIR_CONDITIONING,0,0,False,,INSUFFICIENT_SAMPLE
BOD045,Salmakis Resort & Spa,Bodrum Merkez,NOISE,0,0,False,,INSUFFICIENT_SAMPLE
BOD045,Salmakis Resort & Spa,Bodrum Merkez,FAMILY_CHILDREN,0,0,False,,INSUFFICIENT_SAMPLE
BOD045,Salmakis Resort & Spa,Bodrum Merkez,TRANSPORT_TRANSFER,0,0,False,,INSUFFICIENT_SAMPLE
BOD045,Salmakis Resort & Spa,Bodrum Merkez,MANAGEMENT_COMMUNICATION,0,0,False,,INSUFFICIENT_SAMPLE
BOD045,Salmakis Resort & Spa,Bodrum Merkez,SPA_WELLNESS,0,0,False,,INSUFFICIENT_SAMPLE
BOD045,Salmakis Resort & Spa,Bodrum Merkez,SAFETY_SECURITY,0,0,False,,INSUFFICIENT_SAMPLE
BOD019,Bitez Garden Life Hotel&Suites,Bitez,STAFF_SERVICE,0,0,False,,INSUFFICIENT_SAMPLE
BOD019,Bitez Garden Life Hotel&Suites,Bitez,CLEANLINESS_HYGIENE,0,0,False,,INSUFFICIENT_SAMPLE
BOD019,Bitez Garden Life Hotel&Suites,Bitez,FOOD_BEVERAGE,0,0,False,,INSUFFICIENT_SAMPLE
BOD019,Bitez Garden Life Hotel&Suites,Bitez,ROOM,0,0,False,,INSUFFICIENT_SAMPLE
BOD019,Bitez Garden Life Hotel&Suites,Bitez,BEACH_SEA,0,0,False,,INSUFFICIENT_SAMPLE
BOD019,Bitez Garden Life Hotel&Suites,Bitez,POOL,0,0,False,,INSUFFICIENT_SAMPLE
BOD019,Bitez Garden Life Hotel&Suites,Bitez,FACILITIES_MAINTENANCE,0,0,False,,INSUFFICIENT_SAMPLE
BOD019,Bitez Garden Life Hotel&Suites,Bitez,RESERVATION,0,0,False,,INSUFFICIENT_SAMPLE
BOD019,Bitez Garden Life Hotel&Suites,Bitez,PAYMENT_REFUND,0,0,False,,INSUFFICIENT_SAMPLE
BOD019,Bitez Garden Life Hotel&Suites,Bitez,PRICE_VALUE,0,0,False,,INSUFFICIENT_SAMPLE
BOD019,Bitez Garden Life Hotel&Suites,Bitez,CHECKIN_CHECKOUT,0,0,False,,INSUFFICIENT_SAMPLE
BOD019,Bitez Garden Life Hotel&Suites,Bitez,AIR_CONDITIONING,0,0,False,,INSUFFICIENT_SAMPLE
BOD019,Bitez Garden Life Hotel&Suites,Bitez,NOISE,0,0,False,,INSUFFICIENT_SAMPLE
BOD019,Bitez Garden Life Hotel&Suites,Bitez,FAMILY_CHILDREN,0,0,False,,INSUFFICIENT_SAMPLE
BOD019,Bitez Garden Life Hotel&Suites,Bitez,TRANSPORT_TRANSFER,0,0,False,,INSUFFICIENT_SAMPLE
BOD019,Bitez Garden Life Hotel&Suites,Bitez,MANAGEMENT_COMMUNICATION,0,0,False,,INSUFFICIENT_SAMPLE
BOD019,Bitez Garden Life Hotel&Suites,Bitez,SPA_WELLNESS,0,0,False,,INSUFFICIENT_SAMPLE
BOD019,Bitez Garden Life Hotel&Suites,Bitez,SAFETY_SECURITY,0,0,False,,INSUFFICIENT_SAMPLE
BOD150,Samara Hotel,Torba,STAFF_SERVICE,0,0,False,,INSUFFICIENT_SAMPLE
BOD150,Samara Hotel,Torba,CLEANLINESS_HYGIENE,0,0,False,,INSUFFICIENT_SAMPLE
BOD150,Samara Hotel,Torba,FOOD_BEVERAGE,0,0,False,,INSUFFICIENT_SAMPLE
BOD150,Samara Hotel,Torba,ROOM,0,0,False,,INSUFFICIENT_SAMPLE
BOD150,Samara Hotel,Torba,BEACH_SEA,0,0,False,,INSUFFICIENT_SAMPLE
BOD150,Samara Hotel,Torba,POOL,0,0,False,,INSUFFICIENT_SAMPLE
BOD150,Samara Hotel,Torba,FACILITIES_MAINTENANCE,0,0,False,,INSUFFICIENT_SAMPLE
BOD150,Samara Hotel,Torba,RESERVATION,0,0,False,,INSUFFICIENT_SAMPLE
BOD150,Samara Hotel,Torba,PAYMENT_REFUND,0,0,False,,INSUFFICIENT_SAMPLE
BOD150,Samara Hotel,Torba,PRICE_VALUE,0,0,False,,INSUFFICIENT_SAMPLE
BOD150,Samara Hotel,Torba,CHECKIN_CHECKOUT,0,0,False,,INSUFFICIENT_SAMPLE
BOD150,Samara Hotel,Torba,AIR_CONDITIONING,0,0,False,,INSUFFICIENT_SAMPLE
BOD150,Samara Hotel,Torba,NOISE,0,0,False,,INSUFFICIENT_SAMPLE
BOD150,Samara Hotel,Torba,FAMILY_CHILDREN,0,0,False,,INSUFFICIENT_SAMPLE
BOD150,Samara Hotel,Torba,TRANSPORT_TRANSFER,0,0,False,,INSUFFICIENT_SAMPLE
BOD150,Samara Hotel,Torba,MANAGEMENT_COMMUNICATION,0,0,False,,INSUFFICIENT_SAMPLE
BOD150,Samara Hotel,Torba,SPA_WELLNESS,0,0,False,,INSUFFICIENT_SAMPLE
BOD150,Samara Hotel,Torba,SAFETY_SECURITY,0,0,False,,INSUFFICIENT_SAMPLE
BOD004,Bendis Beach Hotel,Akyarlar,STAFF_SERVICE,0,0,False,,INSUFFICIENT_SAMPLE
BOD004,Bendis Beach Hotel,Akyarlar,CLEANLINESS_HYGIENE,0,0,False,,INSUFFICIENT_SAMPLE
BOD004,Bendis Beach Hotel,Akyarlar,FOOD_BEVERAGE,0,0,False,,INSUFFICIENT_SAMPLE
BOD004,Bendis Beach Hotel,Akyarlar,ROOM,0,0,False,,INSUFFICIENT_SAMPLE
BOD004,Bendis Beach Hotel,Akyarlar,BEACH_SEA,0,0,False,,INSUFFICIENT_SAMPLE
BOD004,Bendis Beach Hotel,Akyarlar,POOL,0,0,False,,INSUFFICIENT_SAMPLE
BOD004,Bendis Beach Hotel,Akyarlar,FACILITIES_MAINTENANCE,0,0,False,,INSUFFICIENT_SAMPLE
BOD004,Bendis Beach Hotel,Akyarlar,RESERVATION,0,0,False,,INSUFFICIENT_SAMPLE
BOD004,Bendis Beach Hotel,Akyarlar,PAYMENT_REFUND,0,0,False,,INSUFFICIENT_SAMPLE
BOD004,Bendis Beach Hotel,Akyarlar,PRICE_VALUE,0,0,False,,INSUFFICIENT_SAMPLE
BOD004,Bendis Beach Hotel,Akyarlar,CHECKIN_CHECKOUT,0,0,False,,INSUFFICIENT_SAMPLE
BOD004,Bendis Beach Hotel,Akyarlar,AIR_CONDITIONING,0,0,False,,INSUFFICIENT_SAMPLE
BOD004,Bendis Beach Hotel,Akyarlar,NOISE,0,0,False,,INSUFFICIENT_SAMPLE
BOD004,Bendis Beach Hotel,Akyarlar,FAMILY_CHILDREN,0,0,False,,INSUFFICIENT_SAMPLE
BOD004,Bendis Beach Hotel,Akyarlar,TRANSPORT_TRANSFER,0,0,False,,INSUFFICIENT_SAMPLE
BOD004,Bendis Beach Hotel,Akyarlar,MANAGEMENT_COMMUNICATION,0,0,False,,INSUFFICIENT_SAMPLE
BOD004,Bendis Beach Hotel,Akyarlar,SPA_WELLNESS,0,0,False,,INSUFFICIENT_SAMPLE
BOD004,Bendis Beach Hotel,Akyarlar,SAFETY_SECURITY,0,0,False,,INSUFFICIENT_SAMPLE
BOD177,Delta Hotels By Marriott Bodrum,Yalıkavak,STAFF_SERVICE,0,0,False,,INSUFFICIENT_SAMPLE
BOD177,Delta Hotels By Marriott Bodrum,Yalıkavak,CLEANLINESS_HYGIENE,0,0,False,,INSUFFICIENT_SAMPLE
BOD177,Delta Hotels By Marriott Bodrum,Yalıkavak,FOOD_BEVERAGE,0,0,False,,INSUFFICIENT_SAMPLE
BOD177,Delta Hotels By Marriott Bodrum,Yalıkavak,ROOM,0,0,False,,INSUFFICIENT_SAMPLE
BOD177,Delta Hotels By Marriott Bodrum,Yalıkavak,BEACH_SEA,0,0,False,,INSUFFICIENT_SAMPLE
BOD177,Delta Hotels By Marriott Bodrum,Yalıkavak,POOL,0,0,False,,INSUFFICIENT_SAMPLE
BOD177,Delta Hotels By Marriott Bodrum,Yalıkavak,FACILITIES_MAINTENANCE,0,0,False,,INSUFFICIENT_SAMPLE
BOD177,Delta Hotels By Marriott Bodrum,Yalıkavak,RESERVATION,0,0,False,,INSUFFICIENT_SAMPLE
BOD177,Delta Hotels By Marriott Bodrum,Yalıkavak,PAYMENT_REFUND,0,0,False,,INSUFFICIENT_SAMPLE
BOD177,Delta Hotels By Marriott Bodrum,Yalıkavak,PRICE_VALUE,0,0,False,,INSUFFICIENT_SAMPLE
BOD177,Delta Hotels By Marriott Bodrum,Yalıkavak,CHECKIN_CHECKOUT,0,0,False,,INSUFFICIENT_SAMPLE
BOD177,Delta Hotels By Marriott Bodrum,Yalıkavak,AIR_CONDITIONING,0,0,False,,INSUFFICIENT_SAMPLE
BOD177,Delta Hotels By Marriott Bodrum,Yalıkavak,NOISE,0,0,False,,INSUFFICIENT_SAMPLE
BOD177,Delta Hotels By Marriott Bodrum,Yalıkavak,FAMILY_CHILDREN,0,0,False,,INSUFFICIENT_SAMPLE
BOD177,Delta Hotels By Marriott Bodrum,Yalıkavak,TRANSPORT_TRANSFER,0,0,False,,INSUFFICIENT_SAMPLE
BOD177,Delta Hotels By Marriott Bodrum,Yalıkavak,MANAGEMENT_COMMUNICATION,0,0,False,,INSUFFICIENT_SAMPLE
BOD177,Delta Hotels By Marriott Bodrum,Yalıkavak,SPA_WELLNESS,0,0,False,,INSUFFICIENT_SAMPLE
BOD177,Delta Hotels By Marriott Bodrum,Yalıkavak,SAFETY_SECURITY,0,0,False,,INSUFFICIENT_SAMPLE
BOD063,Jasmin Beach Hotel,Gümbet,STAFF_SERVICE,0,0,False,,INSUFFICIENT_SAMPLE
BOD063,Jasmin Beach Hotel,Gümbet,CLEANLINESS_HYGIENE,0,0,False,,INSUFFICIENT_SAMPLE
BOD063,Jasmin Beach Hotel,Gümbet,FOOD_BEVERAGE,0,0,False,,INSUFFICIENT_SAMPLE
BOD063,Jasmin Beach Hotel,Gümbet,ROOM,0,0,False,,INSUFFICIENT_SAMPLE
BOD063,Jasmin Beach Hotel,Gümbet,BEACH_SEA,0,0,False,,INSUFFICIENT_SAMPLE
BOD063,Jasmin Beach Hotel,Gümbet,POOL,0,0,False,,INSUFFICIENT_SAMPLE
BOD063,Jasmin Beach Hotel,Gümbet,FACILITIES_MAINTENANCE,0,0,False,,INSUFFICIENT_SAMPLE
BOD063,Jasmin Beach Hotel,Gümbet,RESERVATION,0,0,False,,INSUFFICIENT_SAMPLE
BOD063,Jasmin Beach Hotel,Gümbet,PAYMENT_REFUND,0,0,False,,INSUFFICIENT_SAMPLE
BOD063,Jasmin Beach Hotel,Gümbet,PRICE_VALUE,0,0,False,,INSUFFICIENT_SAMPLE
BOD063,Jasmin Beach Hotel,Gümbet,CHECKIN_CHECKOUT,0,0,False,,INSUFFICIENT_SAMPLE
BOD063,Jasmin Beach Hotel,Gümbet,AIR_CONDITIONING,0,0,False,,INSUFFICIENT_SAMPLE
BOD063,Jasmin Beach Hotel,Gümbet,NOISE,0,0,False,,INSUFFICIENT_SAMPLE
BOD063,Jasmin Beach Hotel,Gümbet,FAMILY_CHILDREN,0,0,False,,INSUFFICIENT_SAMPLE
BOD063,Jasmin Beach Hotel,Gümbet,TRANSPORT_TRANSFER,0,0,False,,INSUFFICIENT_SAMPLE
BOD063,Jasmin Beach Hotel,Gümbet,MANAGEMENT_COMMUNICATION,0,0,False,,INSUFFICIENT_SAMPLE
BOD063,Jasmin Beach Hotel,Gümbet,SPA_WELLNESS,0,0,False,,INSUFFICIENT_SAMPLE
BOD063,Jasmin Beach Hotel,Gümbet,SAFETY_SECURITY,0,0,False,,INSUFFICIENT_SAMPLE
BOD113,Kadıkale Resort,Kadıkalesi,STAFF_SERVICE,0,0,False,,INSUFFICIENT_SAMPLE
BOD113,Kadıkale Resort,Kadıkalesi,CLEANLINESS_HYGIENE,0,0,False,,INSUFFICIENT_SAMPLE
BOD113,Kadıkale Resort,Kadıkalesi,FOOD_BEVERAGE,0,0,False,,INSUFFICIENT_SAMPLE
BOD113,Kadıkale Resort,Kadıkalesi,ROOM,0,0,False,,INSUFFICIENT_SAMPLE
BOD113,Kadıkale Resort,Kadıkalesi,BEACH_SEA,0,0,False,,INSUFFICIENT_SAMPLE
BOD113,Kadıkale Resort,Kadıkalesi,POOL,0,0,False,,INSUFFICIENT_SAMPLE
BOD113,Kadıkale Resort,Kadıkalesi,FACILITIES_MAINTENANCE,0,0,False,,INSUFFICIENT_SAMPLE
BOD113,Kadıkale Resort,Kadıkalesi,RESERVATION,0,0,False,,INSUFFICIENT_SAMPLE
BOD113,Kadıkale Resort,Kadıkalesi,PAYMENT_REFUND,0,0,False,,INSUFFICIENT_SAMPLE
BOD113,Kadıkale Resort,Kadıkalesi,PRICE_VALUE,0,0,False,,INSUFFICIENT_SAMPLE
BOD113,Kadıkale Resort,Kadıkalesi,CHECKIN_CHECKOUT,0,0,False,,INSUFFICIENT_SAMPLE
BOD113,Kadıkale Resort,Kadıkalesi,AIR_CONDITIONING,0,0,False,,INSUFFICIENT_SAMPLE
BOD113,Kadıkale Resort,Kadıkalesi,NOISE,0,0,False,,INSUFFICIENT_SAMPLE
BOD113,Kadıkale Resort,Kadıkalesi,FAMILY_CHILDREN,0,0,False,,INSUFFICIENT_SAMPLE
BOD113,Kadıkale Resort,Kadıkalesi,TRANSPORT_TRANSFER,0,0,False,,INSUFFICIENT_SAMPLE
BOD113,Kadıkale Resort,Kadıkalesi,MANAGEMENT_COMMUNICATION,0,0,False,,INSUFFICIENT_SAMPLE
BOD113,Kadıkale Resort,Kadıkalesi,SPA_WELLNESS,0,0,False,,INSUFFICIENT_SAMPLE
BOD113,Kadıkale Resort,Kadıkalesi,SAFETY_SECURITY,0,0,False,,INSUFFICIENT_SAMPLE
BOD067,Sami Beach Hotel,Gümbet,STAFF_SERVICE,0,0,False,,INSUFFICIENT_SAMPLE
BOD067,Sami Beach Hotel,Gümbet,CLEANLINESS_HYGIENE,0,0,False,,INSUFFICIENT_SAMPLE
BOD067,Sami Beach Hotel,Gümbet,FOOD_BEVERAGE,0,0,False,,INSUFFICIENT_SAMPLE
BOD067,Sami Beach Hotel,Gümbet,ROOM,0,0,False,,INSUFFICIENT_SAMPLE
BOD067,Sami Beach Hotel,Gümbet,BEACH_SEA,0,0,False,,INSUFFICIENT_SAMPLE
BOD067,Sami Beach Hotel,Gümbet,POOL,0,0,False,,INSUFFICIENT_SAMPLE
BOD067,Sami Beach Hotel,Gümbet,FACILITIES_MAINTENANCE,0,0,False,,INSUFFICIENT_SAMPLE
BOD067,Sami Beach Hotel,Gümbet,RESERVATION,0,0,False,,INSUFFICIENT_SAMPLE
BOD067,Sami Beach Hotel,Gümbet,PAYMENT_REFUND,0,0,False,,INSUFFICIENT_SAMPLE
BOD067,Sami Beach Hotel,Gümbet,PRICE_VALUE,0,0,False,,INSUFFICIENT_SAMPLE
BOD067,Sami Beach Hotel,Gümbet,CHECKIN_CHECKOUT,0,0,False,,INSUFFICIENT_SAMPLE
BOD067,Sami Beach Hotel,Gümbet,AIR_CONDITIONING,0,0,False,,INSUFFICIENT_SAMPLE
BOD067,Sami Beach Hotel,Gümbet,NOISE,0,0,False,,INSUFFICIENT_SAMPLE
BOD067,Sami Beach Hotel,Gümbet,FAMILY_CHILDREN,0,0,False,,INSUFFICIENT_SAMPLE
BOD067,Sami Beach Hotel,Gümbet,TRANSPORT_TRANSFER,0,0,False,,INSUFFICIENT_SAMPLE
BOD067,Sami Beach Hotel,Gümbet,MANAGEMENT_COMMUNICATION,0,0,False,,INSUFFICIENT_SAMPLE
BOD067,Sami Beach Hotel,Gümbet,SPA_WELLNESS,0,0,False,,INSUFFICIENT_SAMPLE
BOD067,Sami Beach Hotel,Gümbet,SAFETY_SECURITY,0,0,False,,INSUFFICIENT_SAMPLE
BOD016,Xanadu Island,Akyarlar,STAFF_SERVICE,0,0,False,,INSUFFICIENT_SAMPLE
BOD016,Xanadu Island,Akyarlar,CLEANLINESS_HYGIENE,0,0,False,,INSUFFICIENT_SAMPLE
BOD016,Xanadu Island,Akyarlar,FOOD_BEVERAGE,0,0,False,,INSUFFICIENT_SAMPLE
BOD016,Xanadu Island,Akyarlar,ROOM,0,0,False,,INSUFFICIENT_SAMPLE
BOD016,Xanadu Island,Akyarlar,BEACH_SEA,0,0,False,,INSUFFICIENT_SAMPLE
BOD016,Xanadu Island,Akyarlar,POOL,0,0,False,,INSUFFICIENT_SAMPLE
BOD016,Xanadu Island,Akyarlar,FACILITIES_MAINTENANCE,0,0,False,,INSUFFICIENT_SAMPLE
BOD016,Xanadu Island,Akyarlar,RESERVATION,0,0,False,,INSUFFICIENT_SAMPLE
BOD016,Xanadu Island,Akyarlar,PAYMENT_REFUND,0,0,False,,INSUFFICIENT_SAMPLE
BOD016,Xanadu Island,Akyarlar,PRICE_VALUE,0,0,False,,INSUFFICIENT_SAMPLE
BOD016,Xanadu Island,Akyarlar,CHECKIN_CHECKOUT,0,0,False,,INSUFFICIENT_SAMPLE
BOD016,Xanadu Island,Akyarlar,AIR_CONDITIONING,0,0,False,,INSUFFICIENT_SAMPLE
BOD016,Xanadu Island,Akyarlar,NOISE,0,0,False,,INSUFFICIENT_SAMPLE
BOD016,Xanadu Island,Akyarlar,FAMILY_CHILDREN,0,0,False,,INSUFFICIENT_SAMPLE
BOD016,Xanadu Island,Akyarlar,TRANSPORT_TRANSFER,0,0,False,,INSUFFICIENT_SAMPLE
BOD016,Xanadu Island,Akyarlar,MANAGEMENT_COMMUNICATION,0,0,False,,INSUFFICIENT_SAMPLE
BOD016,Xanadu Island,Akyarlar,SPA_WELLNESS,0,0,False,,INSUFFICIENT_SAMPLE
BOD016,Xanadu Island,Akyarlar,SAFETY_SECURITY,0,0,False,,INSUFFICIENT_SAMPLE
BOD088,Baia Bodrum Hotel,Gündoğan,STAFF_SERVICE,0,0,False,,INSUFFICIENT_SAMPLE
BOD088,Baia Bodrum Hotel,Gündoğan,CLEANLINESS_HYGIENE,0,0,False,,INSUFFICIENT_SAMPLE
BOD088,Baia Bodrum Hotel,Gündoğan,FOOD_BEVERAGE,0,0,False,,INSUFFICIENT_SAMPLE
BOD088,Baia Bodrum Hotel,Gündoğan,ROOM,0,0,False,,INSUFFICIENT_SAMPLE
BOD088,Baia Bodrum Hotel,Gündoğan,BEACH_SEA,0,0,False,,INSUFFICIENT_SAMPLE
BOD088,Baia Bodrum Hotel,Gündoğan,POOL,0,0,False,,INSUFFICIENT_SAMPLE
BOD088,Baia Bodrum Hotel,Gündoğan,FACILITIES_MAINTENANCE,0,0,False,,INSUFFICIENT_SAMPLE
BOD088,Baia Bodrum Hotel,Gündoğan,RESERVATION,0,0,False,,INSUFFICIENT_SAMPLE
BOD088,Baia Bodrum Hotel,Gündoğan,PAYMENT_REFUND,0,0,False,,INSUFFICIENT_SAMPLE
BOD088,Baia Bodrum Hotel,Gündoğan,PRICE_VALUE,0,0,False,,INSUFFICIENT_SAMPLE
BOD088,Baia Bodrum Hotel,Gündoğan,CHECKIN_CHECKOUT,0,0,False,,INSUFFICIENT_SAMPLE
BOD088,Baia Bodrum Hotel,Gündoğan,AIR_CONDITIONING,0,0,False,,INSUFFICIENT_SAMPLE
BOD088,Baia Bodrum Hotel,Gündoğan,NOISE,0,0,False,,INSUFFICIENT_SAMPLE
BOD088,Baia Bodrum Hotel,Gündoğan,FAMILY_CHILDREN,0,0,False,,INSUFFICIENT_SAMPLE
BOD088,Baia Bodrum Hotel,Gündoğan,TRANSPORT_TRANSFER,0,0,False,,INSUFFICIENT_SAMPLE
BOD088,Baia Bodrum Hotel,Gündoğan,MANAGEMENT_COMMUNICATION,0,0,False,,INSUFFICIENT_SAMPLE
BOD088,Baia Bodrum Hotel,Gündoğan,SPA_WELLNESS,0,0,False,,INSUFFICIENT_SAMPLE
BOD088,Baia Bodrum Hotel,Gündoğan,SAFETY_SECURITY,0,0,False,,INSUFFICIENT_SAMPLE
BOD035,Azka Otel - Bardakçı Koyu,Bodrum Merkez,STAFF_SERVICE,0,0,False,,INSUFFICIENT_SAMPLE
BOD035,Azka Otel - Bardakçı Koyu,Bodrum Merkez,CLEANLINESS_HYGIENE,0,0,False,,INSUFFICIENT_SAMPLE
BOD035,Azka Otel - Bardakçı Koyu,Bodrum Merkez,FOOD_BEVERAGE,0,0,False,,INSUFFICIENT_SAMPLE
BOD035,Azka Otel - Bardakçı Koyu,Bodrum Merkez,ROOM,0,0,False,,INSUFFICIENT_SAMPLE
BOD035,Azka Otel - Bardakçı Koyu,Bodrum Merkez,BEACH_SEA,0,0,False,,INSUFFICIENT_SAMPLE
BOD035,Azka Otel - Bardakçı Koyu,Bodrum Merkez,POOL,0,0,False,,INSUFFICIENT_SAMPLE
BOD035,Azka Otel - Bardakçı Koyu,Bodrum Merkez,FACILITIES_MAINTENANCE,0,0,False,,INSUFFICIENT_SAMPLE
BOD035,Azka Otel - Bardakçı Koyu,Bodrum Merkez,RESERVATION,0,0,False,,INSUFFICIENT_SAMPLE
BOD035,Azka Otel - Bardakçı Koyu,Bodrum Merkez,PAYMENT_REFUND,0,0,False,,INSUFFICIENT_SAMPLE
BOD035,Azka Otel - Bardakçı Koyu,Bodrum Merkez,PRICE_VALUE,0,0,False,,INSUFFICIENT_SAMPLE
BOD035,Azka Otel - Bardakçı Koyu,Bodrum Merkez,CHECKIN_CHECKOUT,0,0,False,,INSUFFICIENT_SAMPLE
BOD035,Azka Otel - Bardakçı Koyu,Bodrum Merkez,AIR_CONDITIONING,0,0,False,,INSUFFICIENT_SAMPLE
BOD035,Azka Otel - Bardakçı Koyu,Bodrum Merkez,NOISE,0,0,False,,INSUFFICIENT_SAMPLE
BOD035,Azka Otel - Bardakçı Koyu,Bodrum Merkez,FAMILY_CHILDREN,0,0,False,,INSUFFICIENT_SAMPLE
BOD035,Azka Otel - Bardakçı Koyu,Bodrum Merkez,TRANSPORT_TRANSFER,0,0,False,,INSUFFICIENT_SAMPLE
BOD035,Azka Otel - Bardakçı Koyu,Bodrum Merkez,MANAGEMENT_COMMUNICATION,0,0,False,,INSUFFICIENT_SAMPLE
BOD035,Azka Otel - Bardakçı Koyu,Bodrum Merkez,SPA_WELLNESS,0,0,False,,INSUFFICIENT_SAMPLE
BOD035,Azka Otel - Bardakçı Koyu,Bodrum Merkez,SAFETY_SECURITY,0,0,False,,INSUFFICIENT_SAMPLE
BOD065,Mirada Exclusive Bodrum,Gümbet,STAFF_SERVICE,0,0,False,,INSUFFICIENT_SAMPLE
BOD065,Mirada Exclusive Bodrum,Gümbet,CLEANLINESS_HYGIENE,0,0,False,,INSUFFICIENT_SAMPLE
BOD065,Mirada Exclusive Bodrum,Gümbet,FOOD_BEVERAGE,0,0,False,,INSUFFICIENT_SAMPLE
BOD065,Mirada Exclusive Bodrum,Gümbet,ROOM,0,0,False,,INSUFFICIENT_SAMPLE
BOD065,Mirada Exclusive Bodrum,Gümbet,BEACH_SEA,0,0,False,,INSUFFICIENT_SAMPLE
BOD065,Mirada Exclusive Bodrum,Gümbet,POOL,0,0,False,,INSUFFICIENT_SAMPLE
BOD065,Mirada Exclusive Bodrum,Gümbet,FACILITIES_MAINTENANCE,0,0,False,,INSUFFICIENT_SAMPLE
BOD065,Mirada Exclusive Bodrum,Gümbet,RESERVATION,0,0,False,,INSUFFICIENT_SAMPLE
BOD065,Mirada Exclusive Bodrum,Gümbet,PAYMENT_REFUND,0,0,False,,INSUFFICIENT_SAMPLE
BOD065,Mirada Exclusive Bodrum,Gümbet,PRICE_VALUE,0,0,False,,INSUFFICIENT_SAMPLE
BOD065,Mirada Exclusive Bodrum,Gümbet,CHECKIN_CHECKOUT,0,0,False,,INSUFFICIENT_SAMPLE
BOD065,Mirada Exclusive Bodrum,Gümbet,AIR_CONDITIONING,0,0,False,,INSUFFICIENT_SAMPLE
BOD065,Mirada Exclusive Bodrum,Gümbet,NOISE,0,0,False,,INSUFFICIENT_SAMPLE
BOD065,Mirada Exclusive Bodrum,Gümbet,FAMILY_CHILDREN,0,0,False,,INSUFFICIENT_SAMPLE
BOD065,Mirada Exclusive Bodrum,Gümbet,TRANSPORT_TRANSFER,0,0,False,,INSUFFICIENT_SAMPLE
BOD065,Mirada Exclusive Bodrum,Gümbet,MANAGEMENT_COMMUNICATION,0,0,False,,INSUFFICIENT_SAMPLE
BOD065,Mirada Exclusive Bodrum,Gümbet,SPA_WELLNESS,0,0,False,,INSUFFICIENT_SAMPLE
BOD065,Mirada Exclusive Bodrum,Gümbet,SAFETY_SECURITY,0,0,False,,INSUFFICIENT_SAMPLE
BOD037,Bodrum Bay Resort,Bodrum Merkez,STAFF_SERVICE,0,0,False,,INSUFFICIENT_SAMPLE
BOD037,Bodrum Bay Resort,Bodrum Merkez,CLEANLINESS_HYGIENE,0,0,False,,INSUFFICIENT_SAMPLE
BOD037,Bodrum Bay Resort,Bodrum Merkez,FOOD_BEVERAGE,0,0,False,,INSUFFICIENT_SAMPLE
BOD037,Bodrum Bay Resort,Bodrum Merkez,ROOM,0,0,False,,INSUFFICIENT_SAMPLE
BOD037,Bodrum Bay Resort,Bodrum Merkez,BEACH_SEA,0,0,False,,INSUFFICIENT_SAMPLE
BOD037,Bodrum Bay Resort,Bodrum Merkez,POOL,0,0,False,,INSUFFICIENT_SAMPLE
BOD037,Bodrum Bay Resort,Bodrum Merkez,FACILITIES_MAINTENANCE,0,0,False,,INSUFFICIENT_SAMPLE
BOD037,Bodrum Bay Resort,Bodrum Merkez,RESERVATION,0,0,False,,INSUFFICIENT_SAMPLE
BOD037,Bodrum Bay Resort,Bodrum Merkez,PAYMENT_REFUND,0,0,False,,INSUFFICIENT_SAMPLE
BOD037,Bodrum Bay Resort,Bodrum Merkez,PRICE_VALUE,0,0,False,,INSUFFICIENT_SAMPLE
BOD037,Bodrum Bay Resort,Bodrum Merkez,CHECKIN_CHECKOUT,0,0,False,,INSUFFICIENT_SAMPLE
BOD037,Bodrum Bay Resort,Bodrum Merkez,AIR_CONDITIONING,0,0,False,,INSUFFICIENT_SAMPLE
BOD037,Bodrum Bay Resort,Bodrum Merkez,NOISE,0,0,False,,INSUFFICIENT_SAMPLE
BOD037,Bodrum Bay Resort,Bodrum Merkez,FAMILY_CHILDREN,0,0,False,,INSUFFICIENT_SAMPLE
BOD037,Bodrum Bay Resort,Bodrum Merkez,TRANSPORT_TRANSFER,0,0,False,,INSUFFICIENT_SAMPLE
BOD037,Bodrum Bay Resort,Bodrum Merkez,MANAGEMENT_COMMUNICATION,0,0,False,,INSUFFICIENT_SAMPLE
BOD037,Bodrum Bay Resort,Bodrum Merkez,SPA_WELLNESS,0,0,False,,INSUFFICIENT_SAMPLE
BOD037,Bodrum Bay Resort,Bodrum Merkez,SAFETY_SECURITY,0,0,False,,INSUFFICIENT_SAMPLE
BOD041,La Quinta by Wyndham Bodrum,Bodrum Merkez,STAFF_SERVICE,0,0,False,,INSUFFICIENT_SAMPLE
BOD041,La Quinta by Wyndham Bodrum,Bodrum Merkez,CLEANLINESS_HYGIENE,0,0,False,,INSUFFICIENT_SAMPLE
BOD041,La Quinta by Wyndham Bodrum,Bodrum Merkez,FOOD_BEVERAGE,0,0,False,,INSUFFICIENT_SAMPLE
BOD041,La Quinta by Wyndham Bodrum,Bodrum Merkez,ROOM,0,0,False,,INSUFFICIENT_SAMPLE
BOD041,La Quinta by Wyndham Bodrum,Bodrum Merkez,BEACH_SEA,0,0,False,,INSUFFICIENT_SAMPLE
BOD041,La Quinta by Wyndham Bodrum,Bodrum Merkez,POOL,0,0,False,,INSUFFICIENT_SAMPLE
BOD041,La Quinta by Wyndham Bodrum,Bodrum Merkez,FACILITIES_MAINTENANCE,0,0,False,,INSUFFICIENT_SAMPLE
BOD041,La Quinta by Wyndham Bodrum,Bodrum Merkez,RESERVATION,0,0,False,,INSUFFICIENT_SAMPLE
BOD041,La Quinta by Wyndham Bodrum,Bodrum Merkez,PAYMENT_REFUND,0,0,False,,INSUFFICIENT_SAMPLE
BOD041,La Quinta by Wyndham Bodrum,Bodrum Merkez,PRICE_VALUE,0,0,False,,INSUFFICIENT_SAMPLE
BOD041,La Quinta by Wyndham Bodrum,Bodrum Merkez,CHECKIN_CHECKOUT,0,0,False,,INSUFFICIENT_SAMPLE
BOD041,La Quinta by Wyndham Bodrum,Bodrum Merkez,AIR_CONDITIONING,0,0,False,,INSUFFICIENT_SAMPLE
BOD041,La Quinta by Wyndham Bodrum,Bodrum Merkez,NOISE,0,0,False,,INSUFFICIENT_SAMPLE
BOD041,La Quinta by Wyndham Bodrum,Bodrum Merkez,FAMILY_CHILDREN,0,0,False,,INSUFFICIENT_SAMPLE
BOD041,La Quinta by Wyndham Bodrum,Bodrum Merkez,TRANSPORT_TRANSFER,0,0,False,,INSUFFICIENT_SAMPLE
BOD041,La Quinta by Wyndham Bodrum,Bodrum Merkez,MANAGEMENT_COMMUNICATION,0,0,False,,INSUFFICIENT_SAMPLE
BOD041,La Quinta by Wyndham Bodrum,Bodrum Merkez,SPA_WELLNESS,0,0,False,,INSUFFICIENT_SAMPLE
BOD041,La Quinta by Wyndham Bodrum,Bodrum Merkez,SAFETY_SECURITY,0,0,False,,INSUFFICIENT_SAMPLE
BOD158,Arin Resort Bodrum,Turgutreis,STAFF_SERVICE,0,0,False,,INSUFFICIENT_SAMPLE
BOD158,Arin Resort Bodrum,Turgutreis,CLEANLINESS_HYGIENE,0,0,False,,INSUFFICIENT_SAMPLE
BOD158,Arin Resort Bodrum,Turgutreis,FOOD_BEVERAGE,0,0,False,,INSUFFICIENT_SAMPLE
BOD158,Arin Resort Bodrum,Turgutreis,ROOM,0,0,False,,INSUFFICIENT_SAMPLE
BOD158,Arin Resort Bodrum,Turgutreis,BEACH_SEA,0,0,False,,INSUFFICIENT_SAMPLE
BOD158,Arin Resort Bodrum,Turgutreis,POOL,0,0,False,,INSUFFICIENT_SAMPLE
BOD158,Arin Resort Bodrum,Turgutreis,FACILITIES_MAINTENANCE,0,0,False,,INSUFFICIENT_SAMPLE
BOD158,Arin Resort Bodrum,Turgutreis,RESERVATION,0,0,False,,INSUFFICIENT_SAMPLE
BOD158,Arin Resort Bodrum,Turgutreis,PAYMENT_REFUND,0,0,False,,INSUFFICIENT_SAMPLE
BOD158,Arin Resort Bodrum,Turgutreis,PRICE_VALUE,0,0,False,,INSUFFICIENT_SAMPLE
BOD158,Arin Resort Bodrum,Turgutreis,CHECKIN_CHECKOUT,0,0,False,,INSUFFICIENT_SAMPLE
BOD158,Arin Resort Bodrum,Turgutreis,AIR_CONDITIONING,0,0,False,,INSUFFICIENT_SAMPLE
BOD158,Arin Resort Bodrum,Turgutreis,NOISE,0,0,False,,INSUFFICIENT_SAMPLE
BOD158,Arin Resort Bodrum,Turgutreis,FAMILY_CHILDREN,0,0,False,,INSUFFICIENT_SAMPLE
BOD158,Arin Resort Bodrum,Turgutreis,TRANSPORT_TRANSFER,0,0,False,,INSUFFICIENT_SAMPLE
BOD158,Arin Resort Bodrum,Turgutreis,MANAGEMENT_COMMUNICATION,0,0,False,,INSUFFICIENT_SAMPLE
BOD158,Arin Resort Bodrum,Turgutreis,SPA_WELLNESS,0,0,False,,INSUFFICIENT_SAMPLE
BOD158,Arin Resort Bodrum,Turgutreis,SAFETY_SECURITY,0,0,False,,INSUFFICIENT_SAMPLE
BOD058,Bodrum Beach Resort,Gümbet,STAFF_SERVICE,0,0,False,,INSUFFICIENT_SAMPLE
BOD058,Bodrum Beach Resort,Gümbet,CLEANLINESS_HYGIENE,0,0,False,,INSUFFICIENT_SAMPLE
BOD058,Bodrum Beach Resort,Gümbet,FOOD_BEVERAGE,0,0,False,,INSUFFICIENT_SAMPLE
BOD058,Bodrum Beach Resort,Gümbet,ROOM,0,0,False,,INSUFFICIENT_SAMPLE
BOD058,Bodrum Beach Resort,Gümbet,BEACH_SEA,0,0,False,,INSUFFICIENT_SAMPLE
BOD058,Bodrum Beach Resort,Gümbet,POOL,0,0,False,,INSUFFICIENT_SAMPLE
BOD058,Bodrum Beach Resort,Gümbet,FACILITIES_MAINTENANCE,0,0,False,,INSUFFICIENT_SAMPLE
BOD058,Bodrum Beach Resort,Gümbet,RESERVATION,0,0,False,,INSUFFICIENT_SAMPLE
BOD058,Bodrum Beach Resort,Gümbet,PAYMENT_REFUND,0,0,False,,INSUFFICIENT_SAMPLE
BOD058,Bodrum Beach Resort,Gümbet,PRICE_VALUE,0,0,False,,INSUFFICIENT_SAMPLE
BOD058,Bodrum Beach Resort,Gümbet,CHECKIN_CHECKOUT,0,0,False,,INSUFFICIENT_SAMPLE
BOD058,Bodrum Beach Resort,Gümbet,AIR_CONDITIONING,0,0,False,,INSUFFICIENT_SAMPLE
BOD058,Bodrum Beach Resort,Gümbet,NOISE,0,0,False,,INSUFFICIENT_SAMPLE
BOD058,Bodrum Beach Resort,Gümbet,FAMILY_CHILDREN,0,0,False,,INSUFFICIENT_SAMPLE
BOD058,Bodrum Beach Resort,Gümbet,TRANSPORT_TRANSFER,0,0,False,,INSUFFICIENT_SAMPLE
BOD058,Bodrum Beach Resort,Gümbet,MANAGEMENT_COMMUNICATION,0,0,False,,INSUFFICIENT_SAMPLE
BOD058,Bodrum Beach Resort,Gümbet,SPA_WELLNESS,0,0,False,,INSUFFICIENT_SAMPLE
BOD058,Bodrum Beach Resort,Gümbet,SAFETY_SECURITY,0,0,False,,INSUFFICIENT_SAMPLE
BOD072,VERY CHIC BODRUM,Gümbet,STAFF_SERVICE,0,0,False,,INSUFFICIENT_SAMPLE
BOD072,VERY CHIC BODRUM,Gümbet,CLEANLINESS_HYGIENE,0,0,False,,INSUFFICIENT_SAMPLE
BOD072,VERY CHIC BODRUM,Gümbet,FOOD_BEVERAGE,0,0,False,,INSUFFICIENT_SAMPLE
BOD072,VERY CHIC BODRUM,Gümbet,ROOM,0,0,False,,INSUFFICIENT_SAMPLE
BOD072,VERY CHIC BODRUM,Gümbet,BEACH_SEA,0,0,False,,INSUFFICIENT_SAMPLE
BOD072,VERY CHIC BODRUM,Gümbet,POOL,0,0,False,,INSUFFICIENT_SAMPLE
BOD072,VERY CHIC BODRUM,Gümbet,FACILITIES_MAINTENANCE,0,0,False,,INSUFFICIENT_SAMPLE
BOD072,VERY CHIC BODRUM,Gümbet,RESERVATION,0,0,False,,INSUFFICIENT_SAMPLE
BOD072,VERY CHIC BODRUM,Gümbet,PAYMENT_REFUND,0,0,False,,INSUFFICIENT_SAMPLE
BOD072,VERY CHIC BODRUM,Gümbet,PRICE_VALUE,0,0,False,,INSUFFICIENT_SAMPLE
BOD072,VERY CHIC BODRUM,Gümbet,CHECKIN_CHECKOUT,0,0,False,,INSUFFICIENT_SAMPLE
BOD072,VERY CHIC BODRUM,Gümbet,AIR_CONDITIONING,0,0,False,,INSUFFICIENT_SAMPLE
BOD072,VERY CHIC BODRUM,Gümbet,NOISE,0,0,False,,INSUFFICIENT_SAMPLE
BOD072,VERY CHIC BODRUM,Gümbet,FAMILY_CHILDREN,0,0,False,,INSUFFICIENT_SAMPLE
BOD072,VERY CHIC BODRUM,Gümbet,TRANSPORT_TRANSFER,0,0,False,,INSUFFICIENT_SAMPLE
BOD072,VERY CHIC BODRUM,Gümbet,MANAGEMENT_COMMUNICATION,0,0,False,,INSUFFICIENT_SAMPLE
BOD072,VERY CHIC BODRUM,Gümbet,SPA_WELLNESS,0,0,False,,INSUFFICIENT_SAMPLE
BOD072,VERY CHIC BODRUM,Gümbet,SAFETY_SECURITY,0,0,False,,INSUFFICIENT_SAMPLE
BOD013,"Sentido Bellazure - Akyarlar, Bodrum / Turkey",Akyarlar,STAFF_SERVICE,0,0,False,,INSUFFICIENT_SAMPLE
BOD013,"Sentido Bellazure - Akyarlar, Bodrum / Turkey",Akyarlar,CLEANLINESS_HYGIENE,0,0,False,,INSUFFICIENT_SAMPLE
BOD013,"Sentido Bellazure - Akyarlar, Bodrum / Turkey",Akyarlar,FOOD_BEVERAGE,0,0,False,,INSUFFICIENT_SAMPLE
BOD013,"Sentido Bellazure - Akyarlar, Bodrum / Turkey",Akyarlar,ROOM,0,0,False,,INSUFFICIENT_SAMPLE
BOD013,"Sentido Bellazure - Akyarlar, Bodrum / Turkey",Akyarlar,BEACH_SEA,0,0,False,,INSUFFICIENT_SAMPLE
BOD013,"Sentido Bellazure - Akyarlar, Bodrum / Turkey",Akyarlar,POOL,0,0,False,,INSUFFICIENT_SAMPLE
BOD013,"Sentido Bellazure - Akyarlar, Bodrum / Turkey",Akyarlar,FACILITIES_MAINTENANCE,0,0,False,,INSUFFICIENT_SAMPLE
BOD013,"Sentido Bellazure - Akyarlar, Bodrum / Turkey",Akyarlar,RESERVATION,0,0,False,,INSUFFICIENT_SAMPLE
BOD013,"Sentido Bellazure - Akyarlar, Bodrum / Turkey",Akyarlar,PAYMENT_REFUND,0,0,False,,INSUFFICIENT_SAMPLE
BOD013,"Sentido Bellazure - Akyarlar, Bodrum / Turkey",Akyarlar,PRICE_VALUE,0,0,False,,INSUFFICIENT_SAMPLE
BOD013,"Sentido Bellazure - Akyarlar, Bodrum / Turkey",Akyarlar,CHECKIN_CHECKOUT,0,0,False,,INSUFFICIENT_SAMPLE
BOD013,"Sentido Bellazure - Akyarlar, Bodrum / Turkey",Akyarlar,AIR_CONDITIONING,0,0,False,,INSUFFICIENT_SAMPLE
BOD013,"Sentido Bellazure - Akyarlar, Bodrum / Turkey",Akyarlar,NOISE,0,0,False,,INSUFFICIENT_SAMPLE
BOD013,"Sentido Bellazure - Akyarlar, Bodrum / Turkey",Akyarlar,FAMILY_CHILDREN,0,0,False,,INSUFFICIENT_SAMPLE
BOD013,"Sentido Bellazure - Akyarlar, Bodrum / Turkey",Akyarlar,TRANSPORT_TRANSFER,0,0,False,,INSUFFICIENT_SAMPLE
BOD013,"Sentido Bellazure - Akyarlar, Bodrum / Turkey",Akyarlar,MANAGEMENT_COMMUNICATION,0,0,False,,INSUFFICIENT_SAMPLE
BOD013,"Sentido Bellazure - Akyarlar, Bodrum / Turkey",Akyarlar,SPA_WELLNESS,0,0,False,,INSUFFICIENT_SAMPLE
BOD013,"Sentido Bellazure - Akyarlar, Bodrum / Turkey",Akyarlar,SAFETY_SECURITY,0,0,False,,INSUFFICIENT_SAMPLE
BOD042,Mandarin Resort Hotel,Bodrum Merkez,STAFF_SERVICE,0,0,False,,INSUFFICIENT_SAMPLE
BOD042,Mandarin Resort Hotel,Bodrum Merkez,CLEANLINESS_HYGIENE,0,0,False,,INSUFFICIENT_SAMPLE
BOD042,Mandarin Resort Hotel,Bodrum Merkez,FOOD_BEVERAGE,0,0,False,,INSUFFICIENT_SAMPLE
BOD042,Mandarin Resort Hotel,Bodrum Merkez,ROOM,0,0,False,,INSUFFICIENT_SAMPLE
BOD042,Mandarin Resort Hotel,Bodrum Merkez,BEACH_SEA,0,0,False,,INSUFFICIENT_SAMPLE
BOD042,Mandarin Resort Hotel,Bodrum Merkez,POOL,0,0,False,,INSUFFICIENT_SAMPLE
BOD042,Mandarin Resort Hotel,Bodrum Merkez,FACILITIES_MAINTENANCE,0,0,False,,INSUFFICIENT_SAMPLE
BOD042,Mandarin Resort Hotel,Bodrum Merkez,RESERVATION,0,0,False,,INSUFFICIENT_SAMPLE
BOD042,Mandarin Resort Hotel,Bodrum Merkez,PAYMENT_REFUND,0,0,False,,INSUFFICIENT_SAMPLE
BOD042,Mandarin Resort Hotel,Bodrum Merkez,PRICE_VALUE,0,0,False,,INSUFFICIENT_SAMPLE
BOD042,Mandarin Resort Hotel,Bodrum Merkez,CHECKIN_CHECKOUT,0,0,False,,INSUFFICIENT_SAMPLE
BOD042,Mandarin Resort Hotel,Bodrum Merkez,AIR_CONDITIONING,0,0,False,,INSUFFICIENT_SAMPLE
BOD042,Mandarin Resort Hotel,Bodrum Merkez,NOISE,0,0,False,,INSUFFICIENT_SAMPLE
BOD042,Mandarin Resort Hotel,Bodrum Merkez,FAMILY_CHILDREN,0,0,False,,INSUFFICIENT_SAMPLE
BOD042,Mandarin Resort Hotel,Bodrum Merkez,TRANSPORT_TRANSFER,0,0,False,,INSUFFICIENT_SAMPLE
BOD042,Mandarin Resort Hotel,Bodrum Merkez,MANAGEMENT_COMMUNICATION,0,0,False,,INSUFFICIENT_SAMPLE
BOD042,Mandarin Resort Hotel,Bodrum Merkez,SPA_WELLNESS,0,0,False,,INSUFFICIENT_SAMPLE
BOD042,Mandarin Resort Hotel,Bodrum Merkez,SAFETY_SECURITY,0,0,False,,INSUFFICIENT_SAMPLE
BOD164,Swissôtel Resort Bodrum Sahili,Turgutreis,STAFF_SERVICE,0,0,False,,INSUFFICIENT_SAMPLE
BOD164,Swissôtel Resort Bodrum Sahili,Turgutreis,CLEANLINESS_HYGIENE,0,0,False,,INSUFFICIENT_SAMPLE
BOD164,Swissôtel Resort Bodrum Sahili,Turgutreis,FOOD_BEVERAGE,0,0,False,,INSUFFICIENT_SAMPLE
BOD164,Swissôtel Resort Bodrum Sahili,Turgutreis,ROOM,0,0,False,,INSUFFICIENT_SAMPLE
BOD164,Swissôtel Resort Bodrum Sahili,Turgutreis,BEACH_SEA,0,0,False,,INSUFFICIENT_SAMPLE
BOD164,Swissôtel Resort Bodrum Sahili,Turgutreis,POOL,0,0,False,,INSUFFICIENT_SAMPLE
BOD164,Swissôtel Resort Bodrum Sahili,Turgutreis,FACILITIES_MAINTENANCE,0,0,False,,INSUFFICIENT_SAMPLE
BOD164,Swissôtel Resort Bodrum Sahili,Turgutreis,RESERVATION,0,0,False,,INSUFFICIENT_SAMPLE
BOD164,Swissôtel Resort Bodrum Sahili,Turgutreis,PAYMENT_REFUND,0,0,False,,INSUFFICIENT_SAMPLE
BOD164,Swissôtel Resort Bodrum Sahili,Turgutreis,PRICE_VALUE,0,0,False,,INSUFFICIENT_SAMPLE
BOD164,Swissôtel Resort Bodrum Sahili,Turgutreis,CHECKIN_CHECKOUT,0,0,False,,INSUFFICIENT_SAMPLE
BOD164,Swissôtel Resort Bodrum Sahili,Turgutreis,AIR_CONDITIONING,0,0,False,,INSUFFICIENT_SAMPLE
BOD164,Swissôtel Resort Bodrum Sahili,Turgutreis,NOISE,0,0,False,,INSUFFICIENT_SAMPLE
BOD164,Swissôtel Resort Bodrum Sahili,Turgutreis,FAMILY_CHILDREN,0,0,False,,INSUFFICIENT_SAMPLE
BOD164,Swissôtel Resort Bodrum Sahili,Turgutreis,TRANSPORT_TRANSFER,0,0,False,,INSUFFICIENT_SAMPLE
BOD164,Swissôtel Resort Bodrum Sahili,Turgutreis,MANAGEMENT_COMMUNICATION,0,0,False,,INSUFFICIENT_SAMPLE
BOD164,Swissôtel Resort Bodrum Sahili,Turgutreis,SPA_WELLNESS,0,0,False,,INSUFFICIENT_SAMPLE
BOD164,Swissôtel Resort Bodrum Sahili,Turgutreis,SAFETY_SECURITY,0,0,False,,INSUFFICIENT_SAMPLE
BOD043,METT Hotel & Beach Resort Bodrum,Bodrum Merkez,STAFF_SERVICE,0,0,False,,INSUFFICIENT_SAMPLE
BOD043,METT Hotel & Beach Resort Bodrum,Bodrum Merkez,CLEANLINESS_HYGIENE,0,0,False,,INSUFFICIENT_SAMPLE
BOD043,METT Hotel & Beach Resort Bodrum,Bodrum Merkez,FOOD_BEVERAGE,0,0,False,,INSUFFICIENT_SAMPLE
BOD043,METT Hotel & Beach Resort Bodrum,Bodrum Merkez,ROOM,0,0,False,,INSUFFICIENT_SAMPLE
BOD043,METT Hotel & Beach Resort Bodrum,Bodrum Merkez,BEACH_SEA,0,0,False,,INSUFFICIENT_SAMPLE
BOD043,METT Hotel & Beach Resort Bodrum,Bodrum Merkez,POOL,0,0,False,,INSUFFICIENT_SAMPLE
BOD043,METT Hotel & Beach Resort Bodrum,Bodrum Merkez,FACILITIES_MAINTENANCE,0,0,False,,INSUFFICIENT_SAMPLE
BOD043,METT Hotel & Beach Resort Bodrum,Bodrum Merkez,RESERVATION,0,0,False,,INSUFFICIENT_SAMPLE
BOD043,METT Hotel & Beach Resort Bodrum,Bodrum Merkez,PAYMENT_REFUND,0,0,False,,INSUFFICIENT_SAMPLE
BOD043,METT Hotel & Beach Resort Bodrum,Bodrum Merkez,PRICE_VALUE,0,0,False,,INSUFFICIENT_SAMPLE
BOD043,METT Hotel & Beach Resort Bodrum,Bodrum Merkez,CHECKIN_CHECKOUT,0,0,False,,INSUFFICIENT_SAMPLE
BOD043,METT Hotel & Beach Resort Bodrum,Bodrum Merkez,AIR_CONDITIONING,0,0,False,,INSUFFICIENT_SAMPLE
BOD043,METT Hotel & Beach Resort Bodrum,Bodrum Merkez,NOISE,0,0,False,,INSUFFICIENT_SAMPLE
BOD043,METT Hotel & Beach Resort Bodrum,Bodrum Merkez,FAMILY_CHILDREN,0,0,False,,INSUFFICIENT_SAMPLE
BOD043,METT Hotel & Beach Resort Bodrum,Bodrum Merkez,TRANSPORT_TRANSFER,0,0,False,,INSUFFICIENT_SAMPLE
BOD043,METT Hotel & Beach Resort Bodrum,Bodrum Merkez,MANAGEMENT_COMMUNICATION,0,0,False,,INSUFFICIENT_SAMPLE
BOD043,METT Hotel & Beach Resort Bodrum,Bodrum Merkez,SPA_WELLNESS,0,0,False,,INSUFFICIENT_SAMPLE
BOD043,METT Hotel & Beach Resort Bodrum,Bodrum Merkez,SAFETY_SECURITY,0,0,False,,INSUFFICIENT_SAMPLE
BOD125,Kefi Beach Bodrum,Ortakent-Yahşi,STAFF_SERVICE,0,0,False,,INSUFFICIENT_SAMPLE
BOD125,Kefi Beach Bodrum,Ortakent-Yahşi,CLEANLINESS_HYGIENE,0,0,False,,INSUFFICIENT_SAMPLE
BOD125,Kefi Beach Bodrum,Ortakent-Yahşi,FOOD_BEVERAGE,0,0,False,,INSUFFICIENT_SAMPLE
BOD125,Kefi Beach Bodrum,Ortakent-Yahşi,ROOM,0,0,False,,INSUFFICIENT_SAMPLE
BOD125,Kefi Beach Bodrum,Ortakent-Yahşi,BEACH_SEA,0,0,False,,INSUFFICIENT_SAMPLE
BOD125,Kefi Beach Bodrum,Ortakent-Yahşi,POOL,0,0,False,,INSUFFICIENT_SAMPLE
BOD125,Kefi Beach Bodrum,Ortakent-Yahşi,FACILITIES_MAINTENANCE,0,0,False,,INSUFFICIENT_SAMPLE
BOD125,Kefi Beach Bodrum,Ortakent-Yahşi,RESERVATION,0,0,False,,INSUFFICIENT_SAMPLE
BOD125,Kefi Beach Bodrum,Ortakent-Yahşi,PAYMENT_REFUND,0,0,False,,INSUFFICIENT_SAMPLE
BOD125,Kefi Beach Bodrum,Ortakent-Yahşi,PRICE_VALUE,0,0,False,,INSUFFICIENT_SAMPLE
BOD125,Kefi Beach Bodrum,Ortakent-Yahşi,CHECKIN_CHECKOUT,0,0,False,,INSUFFICIENT_SAMPLE
BOD125,Kefi Beach Bodrum,Ortakent-Yahşi,AIR_CONDITIONING,0,0,False,,INSUFFICIENT_SAMPLE
BOD125,Kefi Beach Bodrum,Ortakent-Yahşi,NOISE,0,0,False,,INSUFFICIENT_SAMPLE
BOD125,Kefi Beach Bodrum,Ortakent-Yahşi,FAMILY_CHILDREN,0,0,False,,INSUFFICIENT_SAMPLE
BOD125,Kefi Beach Bodrum,Ortakent-Yahşi,TRANSPORT_TRANSFER,0,0,False,,INSUFFICIENT_SAMPLE
BOD125,Kefi Beach Bodrum,Ortakent-Yahşi,MANAGEMENT_COMMUNICATION,0,0,False,,INSUFFICIENT_SAMPLE
BOD125,Kefi Beach Bodrum,Ortakent-Yahşi,SPA_WELLNESS,0,0,False,,INSUFFICIENT_SAMPLE
BOD125,Kefi Beach Bodrum,Ortakent-Yahşi,SAFETY_SECURITY,0,0,False,,INSUFFICIENT_SAMPLE
BOD061,Gümbet Anıl Beach,Gümbet,STAFF_SERVICE,0,0,False,,INSUFFICIENT_SAMPLE
BOD061,Gümbet Anıl Beach,Gümbet,CLEANLINESS_HYGIENE,0,0,False,,INSUFFICIENT_SAMPLE
BOD061,Gümbet Anıl Beach,Gümbet,FOOD_BEVERAGE,0,0,False,,INSUFFICIENT_SAMPLE
BOD061,Gümbet Anıl Beach,Gümbet,ROOM,0,0,False,,INSUFFICIENT_SAMPLE
BOD061,Gümbet Anıl Beach,Gümbet,BEACH_SEA,0,0,False,,INSUFFICIENT_SAMPLE
BOD061,Gümbet Anıl Beach,Gümbet,POOL,0,0,False,,INSUFFICIENT_SAMPLE
BOD061,Gümbet Anıl Beach,Gümbet,FACILITIES_MAINTENANCE,0,0,False,,INSUFFICIENT_SAMPLE
BOD061,Gümbet Anıl Beach,Gümbet,RESERVATION,0,0,False,,INSUFFICIENT_SAMPLE
BOD061,Gümbet Anıl Beach,Gümbet,PAYMENT_REFUND,0,0,False,,INSUFFICIENT_SAMPLE
BOD061,Gümbet Anıl Beach,Gümbet,PRICE_VALUE,0,0,False,,INSUFFICIENT_SAMPLE
BOD061,Gümbet Anıl Beach,Gümbet,CHECKIN_CHECKOUT,0,0,False,,INSUFFICIENT_SAMPLE
BOD061,Gümbet Anıl Beach,Gümbet,AIR_CONDITIONING,0,0,False,,INSUFFICIENT_SAMPLE
BOD061,Gümbet Anıl Beach,Gümbet,NOISE,0,0,False,,INSUFFICIENT_SAMPLE
BOD061,Gümbet Anıl Beach,Gümbet,FAMILY_CHILDREN,0,0,False,,INSUFFICIENT_SAMPLE
BOD061,Gümbet Anıl Beach,Gümbet,TRANSPORT_TRANSFER,0,0,False,,INSUFFICIENT_SAMPLE
BOD061,Gümbet Anıl Beach,Gümbet,MANAGEMENT_COMMUNICATION,0,0,False,,INSUFFICIENT_SAMPLE
BOD061,Gümbet Anıl Beach,Gümbet,SPA_WELLNESS,0,0,False,,INSUFFICIENT_SAMPLE
BOD061,Gümbet Anıl Beach,Gümbet,SAFETY_SECURITY,0,0,False,,INSUFFICIENT_SAMPLE
BOD006,Club Marma Hotel,Akyarlar,STAFF_SERVICE,0,0,False,,INSUFFICIENT_SAMPLE
BOD006,Club Marma Hotel,Akyarlar,CLEANLINESS_HYGIENE,0,0,False,,INSUFFICIENT_SAMPLE
BOD006,Club Marma Hotel,Akyarlar,FOOD_BEVERAGE,0,0,False,,INSUFFICIENT_SAMPLE
BOD006,Club Marma Hotel,Akyarlar,ROOM,0,0,False,,INSUFFICIENT_SAMPLE
BOD006,Club Marma Hotel,Akyarlar,BEACH_SEA,0,0,False,,INSUFFICIENT_SAMPLE
BOD006,Club Marma Hotel,Akyarlar,POOL,0,0,False,,INSUFFICIENT_SAMPLE
BOD006,Club Marma Hotel,Akyarlar,FACILITIES_MAINTENANCE,0,0,False,,INSUFFICIENT_SAMPLE
BOD006,Club Marma Hotel,Akyarlar,RESERVATION,0,0,False,,INSUFFICIENT_SAMPLE
BOD006,Club Marma Hotel,Akyarlar,PAYMENT_REFUND,0,0,False,,INSUFFICIENT_SAMPLE
BOD006,Club Marma Hotel,Akyarlar,PRICE_VALUE,0,0,False,,INSUFFICIENT_SAMPLE
BOD006,Club Marma Hotel,Akyarlar,CHECKIN_CHECKOUT,0,0,False,,INSUFFICIENT_SAMPLE
BOD006,Club Marma Hotel,Akyarlar,AIR_CONDITIONING,0,0,False,,INSUFFICIENT_SAMPLE
BOD006,Club Marma Hotel,Akyarlar,NOISE,0,0,False,,INSUFFICIENT_SAMPLE
BOD006,Club Marma Hotel,Akyarlar,FAMILY_CHILDREN,0,0,False,,INSUFFICIENT_SAMPLE
BOD006,Club Marma Hotel,Akyarlar,TRANSPORT_TRANSFER,0,0,False,,INSUFFICIENT_SAMPLE
BOD006,Club Marma Hotel,Akyarlar,MANAGEMENT_COMMUNICATION,0,0,False,,INSUFFICIENT_SAMPLE
BOD006,Club Marma Hotel,Akyarlar,SPA_WELLNESS,0,0,False,,INSUFFICIENT_SAMPLE
BOD006,Club Marma Hotel,Akyarlar,SAFETY_SECURITY,0,0,False,,INSUFFICIENT_SAMPLE
BOD089,Cape Bodrum Luxury Hotel & Beach,Gündoğan,STAFF_SERVICE,0,0,False,,INSUFFICIENT_SAMPLE
BOD089,Cape Bodrum Luxury Hotel & Beach,Gündoğan,CLEANLINESS_HYGIENE,0,0,False,,INSUFFICIENT_SAMPLE
BOD089,Cape Bodrum Luxury Hotel & Beach,Gündoğan,FOOD_BEVERAGE,0,0,False,,INSUFFICIENT_SAMPLE
BOD089,Cape Bodrum Luxury Hotel & Beach,Gündoğan,ROOM,0,0,False,,INSUFFICIENT_SAMPLE
BOD089,Cape Bodrum Luxury Hotel & Beach,Gündoğan,BEACH_SEA,0,0,False,,INSUFFICIENT_SAMPLE
BOD089,Cape Bodrum Luxury Hotel & Beach,Gündoğan,POOL,0,0,False,,INSUFFICIENT_SAMPLE
BOD089,Cape Bodrum Luxury Hotel & Beach,Gündoğan,FACILITIES_MAINTENANCE,0,0,False,,INSUFFICIENT_SAMPLE
BOD089,Cape Bodrum Luxury Hotel & Beach,Gündoğan,RESERVATION,0,0,False,,INSUFFICIENT_SAMPLE
BOD089,Cape Bodrum Luxury Hotel & Beach,Gündoğan,PAYMENT_REFUND,0,0,False,,INSUFFICIENT_SAMPLE
BOD089,Cape Bodrum Luxury Hotel & Beach,Gündoğan,PRICE_VALUE,0,0,False,,INSUFFICIENT_SAMPLE
BOD089,Cape Bodrum Luxury Hotel & Beach,Gündoğan,CHECKIN_CHECKOUT,0,0,False,,INSUFFICIENT_SAMPLE
BOD089,Cape Bodrum Luxury Hotel & Beach,Gündoğan,AIR_CONDITIONING,0,0,False,,INSUFFICIENT_SAMPLE
BOD089,Cape Bodrum Luxury Hotel & Beach,Gündoğan,NOISE,0,0,False,,INSUFFICIENT_SAMPLE
BOD089,Cape Bodrum Luxury Hotel & Beach,Gündoğan,FAMILY_CHILDREN,0,0,False,,INSUFFICIENT_SAMPLE
BOD089,Cape Bodrum Luxury Hotel & Beach,Gündoğan,TRANSPORT_TRANSFER,0,0,False,,INSUFFICIENT_SAMPLE
BOD089,Cape Bodrum Luxury Hotel & Beach,Gündoğan,MANAGEMENT_COMMUNICATION,0,0,False,,INSUFFICIENT_SAMPLE
BOD089,Cape Bodrum Luxury Hotel & Beach,Gündoğan,SPA_WELLNESS,0,0,False,,INSUFFICIENT_SAMPLE
BOD089,Cape Bodrum Luxury Hotel & Beach,Gündoğan,SAFETY_SECURITY,0,0,False,,INSUFFICIENT_SAMPLE
BOD163,Sundance Resort,Turgutreis,STAFF_SERVICE,0,0,False,,INSUFFICIENT_SAMPLE
BOD163,Sundance Resort,Turgutreis,CLEANLINESS_HYGIENE,0,0,False,,INSUFFICIENT_SAMPLE
BOD163,Sundance Resort,Turgutreis,FOOD_BEVERAGE,0,0,False,,INSUFFICIENT_SAMPLE
BOD163,Sundance Resort,Turgutreis,ROOM,0,0,False,,INSUFFICIENT_SAMPLE
BOD163,Sundance Resort,Turgutreis,BEACH_SEA,0,0,False,,INSUFFICIENT_SAMPLE
BOD163,Sundance Resort,Turgutreis,POOL,0,0,False,,INSUFFICIENT_SAMPLE
BOD163,Sundance Resort,Turgutreis,FACILITIES_MAINTENANCE,0,0,False,,INSUFFICIENT_SAMPLE
BOD163,Sundance Resort,Turgutreis,RESERVATION,0,0,False,,INSUFFICIENT_SAMPLE
BOD163,Sundance Resort,Turgutreis,PAYMENT_REFUND,0,0,False,,INSUFFICIENT_SAMPLE
BOD163,Sundance Resort,Turgutreis,PRICE_VALUE,0,0,False,,INSUFFICIENT_SAMPLE
BOD163,Sundance Resort,Turgutreis,CHECKIN_CHECKOUT,0,0,False,,INSUFFICIENT_SAMPLE
BOD163,Sundance Resort,Turgutreis,AIR_CONDITIONING,0,0,False,,INSUFFICIENT_SAMPLE
BOD163,Sundance Resort,Turgutreis,NOISE,0,0,False,,INSUFFICIENT_SAMPLE
BOD163,Sundance Resort,Turgutreis,FAMILY_CHILDREN,0,0,False,,INSUFFICIENT_SAMPLE
BOD163,Sundance Resort,Turgutreis,TRANSPORT_TRANSFER,0,0,False,,INSUFFICIENT_SAMPLE
BOD163,Sundance Resort,Turgutreis,MANAGEMENT_COMMUNICATION,0,0,False,,INSUFFICIENT_SAMPLE
BOD163,Sundance Resort,Turgutreis,SPA_WELLNESS,0,0,False,,INSUFFICIENT_SAMPLE
BOD163,Sundance Resort,Turgutreis,SAFETY_SECURITY,0,0,False,,INSUFFICIENT_SAMPLE
BOD017,Ambrosia Otel Beach & Spa,Bitez,STAFF_SERVICE,0,0,False,,INSUFFICIENT_SAMPLE
BOD017,Ambrosia Otel Beach & Spa,Bitez,CLEANLINESS_HYGIENE,0,0,False,,INSUFFICIENT_SAMPLE
BOD017,Ambrosia Otel Beach & Spa,Bitez,FOOD_BEVERAGE,0,0,False,,INSUFFICIENT_SAMPLE
BOD017,Ambrosia Otel Beach & Spa,Bitez,ROOM,0,0,False,,INSUFFICIENT_SAMPLE
BOD017,Ambrosia Otel Beach & Spa,Bitez,BEACH_SEA,0,0,False,,INSUFFICIENT_SAMPLE
BOD017,Ambrosia Otel Beach & Spa,Bitez,POOL,0,0,False,,INSUFFICIENT_SAMPLE
BOD017,Ambrosia Otel Beach & Spa,Bitez,FACILITIES_MAINTENANCE,0,0,False,,INSUFFICIENT_SAMPLE
BOD017,Ambrosia Otel Beach & Spa,Bitez,RESERVATION,0,0,False,,INSUFFICIENT_SAMPLE
BOD017,Ambrosia Otel Beach & Spa,Bitez,PAYMENT_REFUND,0,0,False,,INSUFFICIENT_SAMPLE
BOD017,Ambrosia Otel Beach & Spa,Bitez,PRICE_VALUE,0,0,False,,INSUFFICIENT_SAMPLE
BOD017,Ambrosia Otel Beach & Spa,Bitez,CHECKIN_CHECKOUT,0,0,False,,INSUFFICIENT_SAMPLE
BOD017,Ambrosia Otel Beach & Spa,Bitez,AIR_CONDITIONING,0,0,False,,INSUFFICIENT_SAMPLE
BOD017,Ambrosia Otel Beach & Spa,Bitez,NOISE,0,0,False,,INSUFFICIENT_SAMPLE
BOD017,Ambrosia Otel Beach & Spa,Bitez,FAMILY_CHILDREN,0,0,False,,INSUFFICIENT_SAMPLE
BOD017,Ambrosia Otel Beach & Spa,Bitez,TRANSPORT_TRANSFER,0,0,False,,INSUFFICIENT_SAMPLE
BOD017,Ambrosia Otel Beach & Spa,Bitez,MANAGEMENT_COMMUNICATION,0,0,False,,INSUFFICIENT_SAMPLE
BOD017,Ambrosia Otel Beach & Spa,Bitez,SPA_WELLNESS,0,0,False,,INSUFFICIENT_SAMPLE
BOD017,Ambrosia Otel Beach & Spa,Bitez,SAFETY_SECURITY,0,0,False,,INSUFFICIENT_SAMPLE
BOD104,Greenport Bodrum,Güvercinlik,STAFF_SERVICE,0,0,False,,INSUFFICIENT_SAMPLE
BOD104,Greenport Bodrum,Güvercinlik,CLEANLINESS_HYGIENE,0,0,False,,INSUFFICIENT_SAMPLE
BOD104,Greenport Bodrum,Güvercinlik,FOOD_BEVERAGE,0,0,False,,INSUFFICIENT_SAMPLE
BOD104,Greenport Bodrum,Güvercinlik,ROOM,0,0,False,,INSUFFICIENT_SAMPLE
BOD104,Greenport Bodrum,Güvercinlik,BEACH_SEA,0,0,False,,INSUFFICIENT_SAMPLE
BOD104,Greenport Bodrum,Güvercinlik,POOL,0,0,False,,INSUFFICIENT_SAMPLE
BOD104,Greenport Bodrum,Güvercinlik,FACILITIES_MAINTENANCE,0,0,False,,INSUFFICIENT_SAMPLE
BOD104,Greenport Bodrum,Güvercinlik,RESERVATION,0,0,False,,INSUFFICIENT_SAMPLE
BOD104,Greenport Bodrum,Güvercinlik,PAYMENT_REFUND,0,0,False,,INSUFFICIENT_SAMPLE
BOD104,Greenport Bodrum,Güvercinlik,PRICE_VALUE,0,0,False,,INSUFFICIENT_SAMPLE
BOD104,Greenport Bodrum,Güvercinlik,CHECKIN_CHECKOUT,0,0,False,,INSUFFICIENT_SAMPLE
BOD104,Greenport Bodrum,Güvercinlik,AIR_CONDITIONING,0,0,False,,INSUFFICIENT_SAMPLE
BOD104,Greenport Bodrum,Güvercinlik,NOISE,0,0,False,,INSUFFICIENT_SAMPLE
BOD104,Greenport Bodrum,Güvercinlik,FAMILY_CHILDREN,0,0,False,,INSUFFICIENT_SAMPLE
BOD104,Greenport Bodrum,Güvercinlik,TRANSPORT_TRANSFER,0,0,False,,INSUFFICIENT_SAMPLE
BOD104,Greenport Bodrum,Güvercinlik,MANAGEMENT_COMMUNICATION,0,0,False,,INSUFFICIENT_SAMPLE
BOD104,Greenport Bodrum,Güvercinlik,SPA_WELLNESS,0,0,False,,INSUFFICIENT_SAMPLE
BOD104,Greenport Bodrum,Güvercinlik,SAFETY_SECURITY,0,0,False,,INSUFFICIENT_SAMPLE
BOD169,MACAKIZI BODRUM,Türkbükü,STAFF_SERVICE,0,0,False,,INSUFFICIENT_SAMPLE
BOD169,MACAKIZI BODRUM,Türkbükü,CLEANLINESS_HYGIENE,0,0,False,,INSUFFICIENT_SAMPLE
BOD169,MACAKIZI BODRUM,Türkbükü,FOOD_BEVERAGE,0,0,False,,INSUFFICIENT_SAMPLE
BOD169,MACAKIZI BODRUM,Türkbükü,ROOM,0,0,False,,INSUFFICIENT_SAMPLE
BOD169,MACAKIZI BODRUM,Türkbükü,BEACH_SEA,0,0,False,,INSUFFICIENT_SAMPLE
BOD169,MACAKIZI BODRUM,Türkbükü,POOL,0,0,False,,INSUFFICIENT_SAMPLE
BOD169,MACAKIZI BODRUM,Türkbükü,FACILITIES_MAINTENANCE,0,0,False,,INSUFFICIENT_SAMPLE
BOD169,MACAKIZI BODRUM,Türkbükü,RESERVATION,0,0,False,,INSUFFICIENT_SAMPLE
BOD169,MACAKIZI BODRUM,Türkbükü,PAYMENT_REFUND,0,0,False,,INSUFFICIENT_SAMPLE
BOD169,MACAKIZI BODRUM,Türkbükü,PRICE_VALUE,0,0,False,,INSUFFICIENT_SAMPLE
BOD169,MACAKIZI BODRUM,Türkbükü,CHECKIN_CHECKOUT,0,0,False,,INSUFFICIENT_SAMPLE
BOD169,MACAKIZI BODRUM,Türkbükü,AIR_CONDITIONING,0,0,False,,INSUFFICIENT_SAMPLE
BOD169,MACAKIZI BODRUM,Türkbükü,NOISE,0,0,False,,INSUFFICIENT_SAMPLE
BOD169,MACAKIZI BODRUM,Türkbükü,FAMILY_CHILDREN,0,0,False,,INSUFFICIENT_SAMPLE
BOD169,MACAKIZI BODRUM,Türkbükü,TRANSPORT_TRANSFER,0,0,False,,INSUFFICIENT_SAMPLE
BOD169,MACAKIZI BODRUM,Türkbükü,MANAGEMENT_COMMUNICATION,0,0,False,,INSUFFICIENT_SAMPLE
BOD169,MACAKIZI BODRUM,Türkbükü,SPA_WELLNESS,0,0,False,,INSUFFICIENT_SAMPLE
BOD169,MACAKIZI BODRUM,Türkbükü,SAFETY_SECURITY,0,0,False,,INSUFFICIENT_SAMPLE
BOD070,The Luvi Hotel,Gümbet,STAFF_SERVICE,0,0,False,,INSUFFICIENT_SAMPLE
BOD070,The Luvi Hotel,Gümbet,CLEANLINESS_HYGIENE,0,0,False,,INSUFFICIENT_SAMPLE
BOD070,The Luvi Hotel,Gümbet,FOOD_BEVERAGE,0,0,False,,INSUFFICIENT_SAMPLE
BOD070,The Luvi Hotel,Gümbet,ROOM,0,0,False,,INSUFFICIENT_SAMPLE
BOD070,The Luvi Hotel,Gümbet,BEACH_SEA,0,0,False,,INSUFFICIENT_SAMPLE
BOD070,The Luvi Hotel,Gümbet,POOL,0,0,False,,INSUFFICIENT_SAMPLE
BOD070,The Luvi Hotel,Gümbet,FACILITIES_MAINTENANCE,0,0,False,,INSUFFICIENT_SAMPLE
BOD070,The Luvi Hotel,Gümbet,RESERVATION,0,0,False,,INSUFFICIENT_SAMPLE
BOD070,The Luvi Hotel,Gümbet,PAYMENT_REFUND,0,0,False,,INSUFFICIENT_SAMPLE
BOD070,The Luvi Hotel,Gümbet,PRICE_VALUE,0,0,False,,INSUFFICIENT_SAMPLE
BOD070,The Luvi Hotel,Gümbet,CHECKIN_CHECKOUT,0,0,False,,INSUFFICIENT_SAMPLE
BOD070,The Luvi Hotel,Gümbet,AIR_CONDITIONING,0,0,False,,INSUFFICIENT_SAMPLE
BOD070,The Luvi Hotel,Gümbet,NOISE,0,0,False,,INSUFFICIENT_SAMPLE
BOD070,The Luvi Hotel,Gümbet,FAMILY_CHILDREN,0,0,False,,INSUFFICIENT_SAMPLE
BOD070,The Luvi Hotel,Gümbet,TRANSPORT_TRANSFER,0,0,False,,INSUFFICIENT_SAMPLE
BOD070,The Luvi Hotel,Gümbet,MANAGEMENT_COMMUNICATION,0,0,False,,INSUFFICIENT_SAMPLE
BOD070,The Luvi Hotel,Gümbet,SPA_WELLNESS,0,0,False,,INSUFFICIENT_SAMPLE
BOD070,The Luvi Hotel,Gümbet,SAFETY_SECURITY,0,0,False,,INSUFFICIENT_SAMPLE
BOD032,Paloma Family Club Bitez,Bitez,STAFF_SERVICE,0,0,False,,INSUFFICIENT_SAMPLE
BOD032,Paloma Family Club Bitez,Bitez,CLEANLINESS_HYGIENE,0,0,False,,INSUFFICIENT_SAMPLE
BOD032,Paloma Family Club Bitez,Bitez,FOOD_BEVERAGE,0,0,False,,INSUFFICIENT_SAMPLE
BOD032,Paloma Family Club Bitez,Bitez,ROOM,0,0,False,,INSUFFICIENT_SAMPLE
BOD032,Paloma Family Club Bitez,Bitez,BEACH_SEA,0,0,False,,INSUFFICIENT_SAMPLE
BOD032,Paloma Family Club Bitez,Bitez,POOL,0,0,False,,INSUFFICIENT_SAMPLE
BOD032,Paloma Family Club Bitez,Bitez,FACILITIES_MAINTENANCE,0,0,False,,INSUFFICIENT_SAMPLE
BOD032,Paloma Family Club Bitez,Bitez,RESERVATION,0,0,False,,INSUFFICIENT_SAMPLE
BOD032,Paloma Family Club Bitez,Bitez,PAYMENT_REFUND,0,0,False,,INSUFFICIENT_SAMPLE
BOD032,Paloma Family Club Bitez,Bitez,PRICE_VALUE,0,0,False,,INSUFFICIENT_SAMPLE
BOD032,Paloma Family Club Bitez,Bitez,CHECKIN_CHECKOUT,0,0,False,,INSUFFICIENT_SAMPLE
BOD032,Paloma Family Club Bitez,Bitez,AIR_CONDITIONING,0,0,False,,INSUFFICIENT_SAMPLE
BOD032,Paloma Family Club Bitez,Bitez,NOISE,0,0,False,,INSUFFICIENT_SAMPLE
BOD032,Paloma Family Club Bitez,Bitez,FAMILY_CHILDREN,0,0,False,,INSUFFICIENT_SAMPLE
BOD032,Paloma Family Club Bitez,Bitez,TRANSPORT_TRANSFER,0,0,False,,INSUFFICIENT_SAMPLE
BOD032,Paloma Family Club Bitez,Bitez,MANAGEMENT_COMMUNICATION,0,0,False,,INSUFFICIENT_SAMPLE
BOD032,Paloma Family Club Bitez,Bitez,SPA_WELLNESS,0,0,False,,INSUFFICIENT_SAMPLE
BOD032,Paloma Family Club Bitez,Bitez,SAFETY_SECURITY,0,0,False,,INSUFFICIENT_SAMPLE
BOD060,Club Shark Hotel,Gümbet,STAFF_SERVICE,0,0,False,,INSUFFICIENT_SAMPLE
BOD060,Club Shark Hotel,Gümbet,CLEANLINESS_HYGIENE,0,0,False,,INSUFFICIENT_SAMPLE
BOD060,Club Shark Hotel,Gümbet,FOOD_BEVERAGE,0,0,False,,INSUFFICIENT_SAMPLE
BOD060,Club Shark Hotel,Gümbet,ROOM,0,0,False,,INSUFFICIENT_SAMPLE
BOD060,Club Shark Hotel,Gümbet,BEACH_SEA,0,0,False,,INSUFFICIENT_SAMPLE
BOD060,Club Shark Hotel,Gümbet,POOL,0,0,False,,INSUFFICIENT_SAMPLE
BOD060,Club Shark Hotel,Gümbet,FACILITIES_MAINTENANCE,0,0,False,,INSUFFICIENT_SAMPLE
BOD060,Club Shark Hotel,Gümbet,RESERVATION,0,0,False,,INSUFFICIENT_SAMPLE
BOD060,Club Shark Hotel,Gümbet,PAYMENT_REFUND,0,0,False,,INSUFFICIENT_SAMPLE
BOD060,Club Shark Hotel,Gümbet,PRICE_VALUE,0,0,False,,INSUFFICIENT_SAMPLE
BOD060,Club Shark Hotel,Gümbet,CHECKIN_CHECKOUT,0,0,False,,INSUFFICIENT_SAMPLE
BOD060,Club Shark Hotel,Gümbet,AIR_CONDITIONING,0,0,False,,INSUFFICIENT_SAMPLE
BOD060,Club Shark Hotel,Gümbet,NOISE,0,0,False,,INSUFFICIENT_SAMPLE
BOD060,Club Shark Hotel,Gümbet,FAMILY_CHILDREN,0,0,False,,INSUFFICIENT_SAMPLE
BOD060,Club Shark Hotel,Gümbet,TRANSPORT_TRANSFER,0,0,False,,INSUFFICIENT_SAMPLE
BOD060,Club Shark Hotel,Gümbet,MANAGEMENT_COMMUNICATION,0,0,False,,INSUFFICIENT_SAMPLE
BOD060,Club Shark Hotel,Gümbet,SPA_WELLNESS,0,0,False,,INSUFFICIENT_SAMPLE
BOD060,Club Shark Hotel,Gümbet,SAFETY_SECURITY,0,0,False,,INSUFFICIENT_SAMPLE
BOD036,Bodrium Hotel & SPA,Bodrum Merkez,STAFF_SERVICE,0,0,False,,INSUFFICIENT_SAMPLE
BOD036,Bodrium Hotel & SPA,Bodrum Merkez,CLEANLINESS_HYGIENE,0,0,False,,INSUFFICIENT_SAMPLE
BOD036,Bodrium Hotel & SPA,Bodrum Merkez,FOOD_BEVERAGE,0,0,False,,INSUFFICIENT_SAMPLE
BOD036,Bodrium Hotel & SPA,Bodrum Merkez,ROOM,0,0,False,,INSUFFICIENT_SAMPLE
BOD036,Bodrium Hotel & SPA,Bodrum Merkez,BEACH_SEA,0,0,False,,INSUFFICIENT_SAMPLE
BOD036,Bodrium Hotel & SPA,Bodrum Merkez,POOL,0,0,False,,INSUFFICIENT_SAMPLE
BOD036,Bodrium Hotel & SPA,Bodrum Merkez,FACILITIES_MAINTENANCE,0,0,False,,INSUFFICIENT_SAMPLE
BOD036,Bodrium Hotel & SPA,Bodrum Merkez,RESERVATION,0,0,False,,INSUFFICIENT_SAMPLE
BOD036,Bodrium Hotel & SPA,Bodrum Merkez,PAYMENT_REFUND,0,0,False,,INSUFFICIENT_SAMPLE
BOD036,Bodrium Hotel & SPA,Bodrum Merkez,PRICE_VALUE,0,0,False,,INSUFFICIENT_SAMPLE
BOD036,Bodrium Hotel & SPA,Bodrum Merkez,CHECKIN_CHECKOUT,0,0,False,,INSUFFICIENT_SAMPLE
BOD036,Bodrium Hotel & SPA,Bodrum Merkez,AIR_CONDITIONING,0,0,False,,INSUFFICIENT_SAMPLE
BOD036,Bodrium Hotel & SPA,Bodrum Merkez,NOISE,0,0,False,,INSUFFICIENT_SAMPLE
BOD036,Bodrium Hotel & SPA,Bodrum Merkez,FAMILY_CHILDREN,0,0,False,,INSUFFICIENT_SAMPLE
BOD036,Bodrium Hotel & SPA,Bodrum Merkez,TRANSPORT_TRANSFER,0,0,False,,INSUFFICIENT_SAMPLE
BOD036,Bodrium Hotel & SPA,Bodrum Merkez,MANAGEMENT_COMMUNICATION,0,0,False,,INSUFFICIENT_SAMPLE
BOD036,Bodrium Hotel & SPA,Bodrum Merkez,SPA_WELLNESS,0,0,False,,INSUFFICIENT_SAMPLE
BOD036,Bodrium Hotel & SPA,Bodrum Merkez,SAFETY_SECURITY,0,0,False,,INSUFFICIENT_SAMPLE
BOD046,Senses Hotel,Bodrum Merkez,STAFF_SERVICE,0,0,False,,INSUFFICIENT_SAMPLE
BOD046,Senses Hotel,Bodrum Merkez,CLEANLINESS_HYGIENE,0,0,False,,INSUFFICIENT_SAMPLE
BOD046,Senses Hotel,Bodrum Merkez,FOOD_BEVERAGE,0,0,False,,INSUFFICIENT_SAMPLE
BOD046,Senses Hotel,Bodrum Merkez,ROOM,0,0,False,,INSUFFICIENT_SAMPLE
BOD046,Senses Hotel,Bodrum Merkez,BEACH_SEA,0,0,False,,INSUFFICIENT_SAMPLE
BOD046,Senses Hotel,Bodrum Merkez,POOL,0,0,False,,INSUFFICIENT_SAMPLE
BOD046,Senses Hotel,Bodrum Merkez,FACILITIES_MAINTENANCE,0,0,False,,INSUFFICIENT_SAMPLE
BOD046,Senses Hotel,Bodrum Merkez,RESERVATION,0,0,False,,INSUFFICIENT_SAMPLE
BOD046,Senses Hotel,Bodrum Merkez,PAYMENT_REFUND,0,0,False,,INSUFFICIENT_SAMPLE
BOD046,Senses Hotel,Bodrum Merkez,PRICE_VALUE,0,0,False,,INSUFFICIENT_SAMPLE
BOD046,Senses Hotel,Bodrum Merkez,CHECKIN_CHECKOUT,0,0,False,,INSUFFICIENT_SAMPLE
BOD046,Senses Hotel,Bodrum Merkez,AIR_CONDITIONING,0,0,False,,INSUFFICIENT_SAMPLE
BOD046,Senses Hotel,Bodrum Merkez,NOISE,0,0,False,,INSUFFICIENT_SAMPLE
BOD046,Senses Hotel,Bodrum Merkez,FAMILY_CHILDREN,0,0,False,,INSUFFICIENT_SAMPLE
BOD046,Senses Hotel,Bodrum Merkez,TRANSPORT_TRANSFER,0,0,False,,INSUFFICIENT_SAMPLE
BOD046,Senses Hotel,Bodrum Merkez,MANAGEMENT_COMMUNICATION,0,0,False,,INSUFFICIENT_SAMPLE
BOD046,Senses Hotel,Bodrum Merkez,SPA_WELLNESS,0,0,False,,INSUFFICIENT_SAMPLE
BOD046,Senses Hotel,Bodrum Merkez,SAFETY_SECURITY,0,0,False,,INSUFFICIENT_SAMPLE
BOD189,The Bodrum EDITION,Yalıkavak,STAFF_SERVICE,0,0,False,,INSUFFICIENT_SAMPLE
BOD189,The Bodrum EDITION,Yalıkavak,CLEANLINESS_HYGIENE,0,0,False,,INSUFFICIENT_SAMPLE
BOD189,The Bodrum EDITION,Yalıkavak,FOOD_BEVERAGE,0,0,False,,INSUFFICIENT_SAMPLE
BOD189,The Bodrum EDITION,Yalıkavak,ROOM,0,0,False,,INSUFFICIENT_SAMPLE
BOD189,The Bodrum EDITION,Yalıkavak,BEACH_SEA,0,0,False,,INSUFFICIENT_SAMPLE
BOD189,The Bodrum EDITION,Yalıkavak,POOL,0,0,False,,INSUFFICIENT_SAMPLE
BOD189,The Bodrum EDITION,Yalıkavak,FACILITIES_MAINTENANCE,0,0,False,,INSUFFICIENT_SAMPLE
BOD189,The Bodrum EDITION,Yalıkavak,RESERVATION,0,0,False,,INSUFFICIENT_SAMPLE
BOD189,The Bodrum EDITION,Yalıkavak,PAYMENT_REFUND,0,0,False,,INSUFFICIENT_SAMPLE
BOD189,The Bodrum EDITION,Yalıkavak,PRICE_VALUE,0,0,False,,INSUFFICIENT_SAMPLE
BOD189,The Bodrum EDITION,Yalıkavak,CHECKIN_CHECKOUT,0,0,False,,INSUFFICIENT_SAMPLE
BOD189,The Bodrum EDITION,Yalıkavak,AIR_CONDITIONING,0,0,False,,INSUFFICIENT_SAMPLE
BOD189,The Bodrum EDITION,Yalıkavak,NOISE,0,0,False,,INSUFFICIENT_SAMPLE
BOD189,The Bodrum EDITION,Yalıkavak,FAMILY_CHILDREN,0,0,False,,INSUFFICIENT_SAMPLE
BOD189,The Bodrum EDITION,Yalıkavak,TRANSPORT_TRANSFER,0,0,False,,INSUFFICIENT_SAMPLE
BOD189,The Bodrum EDITION,Yalıkavak,MANAGEMENT_COMMUNICATION,0,0,False,,INSUFFICIENT_SAMPLE
BOD189,The Bodrum EDITION,Yalıkavak,SPA_WELLNESS,0,0,False,,INSUFFICIENT_SAMPLE
BOD189,The Bodrum EDITION,Yalıkavak,SAFETY_SECURITY,0,0,False,,INSUFFICIENT_SAMPLE
BOD047,The Marmara Bodrum,Bodrum Merkez,STAFF_SERVICE,0,0,False,,INSUFFICIENT_SAMPLE
BOD047,The Marmara Bodrum,Bodrum Merkez,CLEANLINESS_HYGIENE,0,0,False,,INSUFFICIENT_SAMPLE
BOD047,The Marmara Bodrum,Bodrum Merkez,FOOD_BEVERAGE,0,0,False,,INSUFFICIENT_SAMPLE
BOD047,The Marmara Bodrum,Bodrum Merkez,ROOM,0,0,False,,INSUFFICIENT_SAMPLE
BOD047,The Marmara Bodrum,Bodrum Merkez,BEACH_SEA,0,0,False,,INSUFFICIENT_SAMPLE
BOD047,The Marmara Bodrum,Bodrum Merkez,POOL,0,0,False,,INSUFFICIENT_SAMPLE
BOD047,The Marmara Bodrum,Bodrum Merkez,FACILITIES_MAINTENANCE,0,0,False,,INSUFFICIENT_SAMPLE
BOD047,The Marmara Bodrum,Bodrum Merkez,RESERVATION,0,0,False,,INSUFFICIENT_SAMPLE
BOD047,The Marmara Bodrum,Bodrum Merkez,PAYMENT_REFUND,0,0,False,,INSUFFICIENT_SAMPLE
BOD047,The Marmara Bodrum,Bodrum Merkez,PRICE_VALUE,0,0,False,,INSUFFICIENT_SAMPLE
BOD047,The Marmara Bodrum,Bodrum Merkez,CHECKIN_CHECKOUT,0,0,False,,INSUFFICIENT_SAMPLE
BOD047,The Marmara Bodrum,Bodrum Merkez,AIR_CONDITIONING,0,0,False,,INSUFFICIENT_SAMPLE
BOD047,The Marmara Bodrum,Bodrum Merkez,NOISE,0,0,False,,INSUFFICIENT_SAMPLE
BOD047,The Marmara Bodrum,Bodrum Merkez,FAMILY_CHILDREN,0,0,False,,INSUFFICIENT_SAMPLE
BOD047,The Marmara Bodrum,Bodrum Merkez,TRANSPORT_TRANSFER,0,0,False,,INSUFFICIENT_SAMPLE
BOD047,The Marmara Bodrum,Bodrum Merkez,MANAGEMENT_COMMUNICATION,0,0,False,,INSUFFICIENT_SAMPLE
BOD047,The Marmara Bodrum,Bodrum Merkez,SPA_WELLNESS,0,0,False,,INSUFFICIENT_SAMPLE
BOD047,The Marmara Bodrum,Bodrum Merkez,SAFETY_SECURITY,0,0,False,,INSUFFICIENT_SAMPLE
BOD168,Kuum Hotel & SPA Bodrum,Türkbükü,STAFF_SERVICE,0,0,False,,INSUFFICIENT_SAMPLE
BOD168,Kuum Hotel & SPA Bodrum,Türkbükü,CLEANLINESS_HYGIENE,0,0,False,,INSUFFICIENT_SAMPLE
BOD168,Kuum Hotel & SPA Bodrum,Türkbükü,FOOD_BEVERAGE,0,0,False,,INSUFFICIENT_SAMPLE
BOD168,Kuum Hotel & SPA Bodrum,Türkbükü,ROOM,0,0,False,,INSUFFICIENT_SAMPLE
BOD168,Kuum Hotel & SPA Bodrum,Türkbükü,BEACH_SEA,0,0,False,,INSUFFICIENT_SAMPLE
BOD168,Kuum Hotel & SPA Bodrum,Türkbükü,POOL,0,0,False,,INSUFFICIENT_SAMPLE
BOD168,Kuum Hotel & SPA Bodrum,Türkbükü,FACILITIES_MAINTENANCE,0,0,False,,INSUFFICIENT_SAMPLE
BOD168,Kuum Hotel & SPA Bodrum,Türkbükü,RESERVATION,0,0,False,,INSUFFICIENT_SAMPLE
BOD168,Kuum Hotel & SPA Bodrum,Türkbükü,PAYMENT_REFUND,0,0,False,,INSUFFICIENT_SAMPLE
BOD168,Kuum Hotel & SPA Bodrum,Türkbükü,PRICE_VALUE,0,0,False,,INSUFFICIENT_SAMPLE
BOD168,Kuum Hotel & SPA Bodrum,Türkbükü,CHECKIN_CHECKOUT,0,0,False,,INSUFFICIENT_SAMPLE
BOD168,Kuum Hotel & SPA Bodrum,Türkbükü,AIR_CONDITIONING,0,0,False,,INSUFFICIENT_SAMPLE
BOD168,Kuum Hotel & SPA Bodrum,Türkbükü,NOISE,0,0,False,,INSUFFICIENT_SAMPLE
BOD168,Kuum Hotel & SPA Bodrum,Türkbükü,FAMILY_CHILDREN,0,0,False,,INSUFFICIENT_SAMPLE
BOD168,Kuum Hotel & SPA Bodrum,Türkbükü,TRANSPORT_TRANSFER,0,0,False,,INSUFFICIENT_SAMPLE
BOD168,Kuum Hotel & SPA Bodrum,Türkbükü,MANAGEMENT_COMMUNICATION,0,0,False,,INSUFFICIENT_SAMPLE
BOD168,Kuum Hotel & SPA Bodrum,Türkbükü,SPA_WELLNESS,0,0,False,,INSUFFICIENT_SAMPLE
BOD168,Kuum Hotel & SPA Bodrum,Türkbükü,SAFETY_SECURITY,0,0,False,,INSUFFICIENT_SAMPLE
BOD030,Natur Garden Hotel Bitez Bodrum,Bitez,STAFF_SERVICE,0,0,False,,INSUFFICIENT_SAMPLE
BOD030,Natur Garden Hotel Bitez Bodrum,Bitez,CLEANLINESS_HYGIENE,0,0,False,,INSUFFICIENT_SAMPLE
BOD030,Natur Garden Hotel Bitez Bodrum,Bitez,FOOD_BEVERAGE,0,0,False,,INSUFFICIENT_SAMPLE
BOD030,Natur Garden Hotel Bitez Bodrum,Bitez,ROOM,0,0,False,,INSUFFICIENT_SAMPLE
BOD030,Natur Garden Hotel Bitez Bodrum,Bitez,BEACH_SEA,0,0,False,,INSUFFICIENT_SAMPLE
BOD030,Natur Garden Hotel Bitez Bodrum,Bitez,POOL,0,0,False,,INSUFFICIENT_SAMPLE
BOD030,Natur Garden Hotel Bitez Bodrum,Bitez,FACILITIES_MAINTENANCE,0,0,False,,INSUFFICIENT_SAMPLE
BOD030,Natur Garden Hotel Bitez Bodrum,Bitez,RESERVATION,0,0,False,,INSUFFICIENT_SAMPLE
BOD030,Natur Garden Hotel Bitez Bodrum,Bitez,PAYMENT_REFUND,0,0,False,,INSUFFICIENT_SAMPLE
BOD030,Natur Garden Hotel Bitez Bodrum,Bitez,PRICE_VALUE,0,0,False,,INSUFFICIENT_SAMPLE
BOD030,Natur Garden Hotel Bitez Bodrum,Bitez,CHECKIN_CHECKOUT,0,0,False,,INSUFFICIENT_SAMPLE
BOD030,Natur Garden Hotel Bitez Bodrum,Bitez,AIR_CONDITIONING,0,0,False,,INSUFFICIENT_SAMPLE
BOD030,Natur Garden Hotel Bitez Bodrum,Bitez,NOISE,0,0,False,,INSUFFICIENT_SAMPLE
BOD030,Natur Garden Hotel Bitez Bodrum,Bitez,FAMILY_CHILDREN,0,0,False,,INSUFFICIENT_SAMPLE
BOD030,Natur Garden Hotel Bitez Bodrum,Bitez,TRANSPORT_TRANSFER,0,0,False,,INSUFFICIENT_SAMPLE
BOD030,Natur Garden Hotel Bitez Bodrum,Bitez,MANAGEMENT_COMMUNICATION,0,0,False,,INSUFFICIENT_SAMPLE
BOD030,Natur Garden Hotel Bitez Bodrum,Bitez,SPA_WELLNESS,0,0,False,,INSUFFICIENT_SAMPLE
BOD030,Natur Garden Hotel Bitez Bodrum,Bitez,SAFETY_SECURITY,0,0,False,,INSUFFICIENT_SAMPLE
BOD020,Bitez Risa Hotel,Bitez,STAFF_SERVICE,0,0,False,,INSUFFICIENT_SAMPLE
BOD020,Bitez Risa Hotel,Bitez,CLEANLINESS_HYGIENE,0,0,False,,INSUFFICIENT_SAMPLE
BOD020,Bitez Risa Hotel,Bitez,FOOD_BEVERAGE,0,0,False,,INSUFFICIENT_SAMPLE
BOD020,Bitez Risa Hotel,Bitez,ROOM,0,0,False,,INSUFFICIENT_SAMPLE
BOD020,Bitez Risa Hotel,Bitez,BEACH_SEA,0,0,False,,INSUFFICIENT_SAMPLE
BOD020,Bitez Risa Hotel,Bitez,POOL,0,0,False,,INSUFFICIENT_SAMPLE
BOD020,Bitez Risa Hotel,Bitez,FACILITIES_MAINTENANCE,0,0,False,,INSUFFICIENT_SAMPLE
BOD020,Bitez Risa Hotel,Bitez,RESERVATION,0,0,False,,INSUFFICIENT_SAMPLE
BOD020,Bitez Risa Hotel,Bitez,PAYMENT_REFUND,0,0,False,,INSUFFICIENT_SAMPLE
BOD020,Bitez Risa Hotel,Bitez,PRICE_VALUE,0,0,False,,INSUFFICIENT_SAMPLE
BOD020,Bitez Risa Hotel,Bitez,CHECKIN_CHECKOUT,0,0,False,,INSUFFICIENT_SAMPLE
BOD020,Bitez Risa Hotel,Bitez,AIR_CONDITIONING,0,0,False,,INSUFFICIENT_SAMPLE
BOD020,Bitez Risa Hotel,Bitez,NOISE,0,0,False,,INSUFFICIENT_SAMPLE
BOD020,Bitez Risa Hotel,Bitez,FAMILY_CHILDREN,0,0,False,,INSUFFICIENT_SAMPLE
BOD020,Bitez Risa Hotel,Bitez,TRANSPORT_TRANSFER,0,0,False,,INSUFFICIENT_SAMPLE
BOD020,Bitez Risa Hotel,Bitez,MANAGEMENT_COMMUNICATION,0,0,False,,INSUFFICIENT_SAMPLE
BOD020,Bitez Risa Hotel,Bitez,SPA_WELLNESS,0,0,False,,INSUFFICIENT_SAMPLE
BOD020,Bitez Risa Hotel,Bitez,SAFETY_SECURITY,0,0,False,,INSUFFICIENT_SAMPLE
BOD021,"Caresse, a Luxury Collection Resort & Spa, Bodrum",Bitez,STAFF_SERVICE,0,0,False,,INSUFFICIENT_SAMPLE
BOD021,"Caresse, a Luxury Collection Resort & Spa, Bodrum",Bitez,CLEANLINESS_HYGIENE,0,0,False,,INSUFFICIENT_SAMPLE
BOD021,"Caresse, a Luxury Collection Resort & Spa, Bodrum",Bitez,FOOD_BEVERAGE,0,0,False,,INSUFFICIENT_SAMPLE
BOD021,"Caresse, a Luxury Collection Resort & Spa, Bodrum",Bitez,ROOM,0,0,False,,INSUFFICIENT_SAMPLE
BOD021,"Caresse, a Luxury Collection Resort & Spa, Bodrum",Bitez,BEACH_SEA,0,0,False,,INSUFFICIENT_SAMPLE
BOD021,"Caresse, a Luxury Collection Resort & Spa, Bodrum",Bitez,POOL,0,0,False,,INSUFFICIENT_SAMPLE
BOD021,"Caresse, a Luxury Collection Resort & Spa, Bodrum",Bitez,FACILITIES_MAINTENANCE,0,0,False,,INSUFFICIENT_SAMPLE
BOD021,"Caresse, a Luxury Collection Resort & Spa, Bodrum",Bitez,RESERVATION,0,0,False,,INSUFFICIENT_SAMPLE
BOD021,"Caresse, a Luxury Collection Resort & Spa, Bodrum",Bitez,PAYMENT_REFUND,0,0,False,,INSUFFICIENT_SAMPLE
BOD021,"Caresse, a Luxury Collection Resort & Spa, Bodrum",Bitez,PRICE_VALUE,0,0,False,,INSUFFICIENT_SAMPLE
BOD021,"Caresse, a Luxury Collection Resort & Spa, Bodrum",Bitez,CHECKIN_CHECKOUT,0,0,False,,INSUFFICIENT_SAMPLE
BOD021,"Caresse, a Luxury Collection Resort & Spa, Bodrum",Bitez,AIR_CONDITIONING,0,0,False,,INSUFFICIENT_SAMPLE
BOD021,"Caresse, a Luxury Collection Resort & Spa, Bodrum",Bitez,NOISE,0,0,False,,INSUFFICIENT_SAMPLE
BOD021,"Caresse, a Luxury Collection Resort & Spa, Bodrum",Bitez,FAMILY_CHILDREN,0,0,False,,INSUFFICIENT_SAMPLE
BOD021,"Caresse, a Luxury Collection Resort & Spa, Bodrum",Bitez,TRANSPORT_TRANSFER,0,0,False,,INSUFFICIENT_SAMPLE
BOD021,"Caresse, a Luxury Collection Resort & Spa, Bodrum",Bitez,MANAGEMENT_COMMUNICATION,0,0,False,,INSUFFICIENT_SAMPLE
BOD021,"Caresse, a Luxury Collection Resort & Spa, Bodrum",Bitez,SPA_WELLNESS,0,0,False,,INSUFFICIENT_SAMPLE
BOD021,"Caresse, a Luxury Collection Resort & Spa, Bodrum",Bitez,SAFETY_SECURITY,0,0,False,,INSUFFICIENT_SAMPLE
BOD152,"Susona Bodrum, LXR Hotels & Resorts",Torba,STAFF_SERVICE,0,0,False,,INSUFFICIENT_SAMPLE
BOD152,"Susona Bodrum, LXR Hotels & Resorts",Torba,CLEANLINESS_HYGIENE,0,0,False,,INSUFFICIENT_SAMPLE
BOD152,"Susona Bodrum, LXR Hotels & Resorts",Torba,FOOD_BEVERAGE,0,0,False,,INSUFFICIENT_SAMPLE
BOD152,"Susona Bodrum, LXR Hotels & Resorts",Torba,ROOM,0,0,False,,INSUFFICIENT_SAMPLE
BOD152,"Susona Bodrum, LXR Hotels & Resorts",Torba,BEACH_SEA,0,0,False,,INSUFFICIENT_SAMPLE
BOD152,"Susona Bodrum, LXR Hotels & Resorts",Torba,POOL,0,0,False,,INSUFFICIENT_SAMPLE
BOD152,"Susona Bodrum, LXR Hotels & Resorts",Torba,FACILITIES_MAINTENANCE,0,0,False,,INSUFFICIENT_SAMPLE
BOD152,"Susona Bodrum, LXR Hotels & Resorts",Torba,RESERVATION,0,0,False,,INSUFFICIENT_SAMPLE
BOD152,"Susona Bodrum, LXR Hotels & Resorts",Torba,PAYMENT_REFUND,0,0,False,,INSUFFICIENT_SAMPLE
BOD152,"Susona Bodrum, LXR Hotels & Resorts",Torba,PRICE_VALUE,0,0,False,,INSUFFICIENT_SAMPLE
BOD152,"Susona Bodrum, LXR Hotels & Resorts",Torba,CHECKIN_CHECKOUT,0,0,False,,INSUFFICIENT_SAMPLE
BOD152,"Susona Bodrum, LXR Hotels & Resorts",Torba,AIR_CONDITIONING,0,0,False,,INSUFFICIENT_SAMPLE
BOD152,"Susona Bodrum, LXR Hotels & Resorts",Torba,NOISE,0,0,False,,INSUFFICIENT_SAMPLE
BOD152,"Susona Bodrum, LXR Hotels & Resorts",Torba,FAMILY_CHILDREN,0,0,False,,INSUFFICIENT_SAMPLE
BOD152,"Susona Bodrum, LXR Hotels & Resorts",Torba,TRANSPORT_TRANSFER,0,0,False,,INSUFFICIENT_SAMPLE
BOD152,"Susona Bodrum, LXR Hotels & Resorts",Torba,MANAGEMENT_COMMUNICATION,0,0,False,,INSUFFICIENT_SAMPLE
BOD152,"Susona Bodrum, LXR Hotels & Resorts",Torba,SPA_WELLNESS,0,0,False,,INSUFFICIENT_SAMPLE
BOD152,"Susona Bodrum, LXR Hotels & Resorts",Torba,SAFETY_SECURITY,0,0,False,,INSUFFICIENT_SAMPLE
BOD026,Manuela Otel Bitez,Bitez,STAFF_SERVICE,0,0,False,,INSUFFICIENT_SAMPLE
BOD026,Manuela Otel Bitez,Bitez,CLEANLINESS_HYGIENE,0,0,False,,INSUFFICIENT_SAMPLE
BOD026,Manuela Otel Bitez,Bitez,FOOD_BEVERAGE,0,0,False,,INSUFFICIENT_SAMPLE
BOD026,Manuela Otel Bitez,Bitez,ROOM,0,0,False,,INSUFFICIENT_SAMPLE
BOD026,Manuela Otel Bitez,Bitez,BEACH_SEA,0,0,False,,INSUFFICIENT_SAMPLE
BOD026,Manuela Otel Bitez,Bitez,POOL,0,0,False,,INSUFFICIENT_SAMPLE
BOD026,Manuela Otel Bitez,Bitez,FACILITIES_MAINTENANCE,0,0,False,,INSUFFICIENT_SAMPLE
BOD026,Manuela Otel Bitez,Bitez,RESERVATION,0,0,False,,INSUFFICIENT_SAMPLE
BOD026,Manuela Otel Bitez,Bitez,PAYMENT_REFUND,0,0,False,,INSUFFICIENT_SAMPLE
BOD026,Manuela Otel Bitez,Bitez,PRICE_VALUE,0,0,False,,INSUFFICIENT_SAMPLE
BOD026,Manuela Otel Bitez,Bitez,CHECKIN_CHECKOUT,0,0,False,,INSUFFICIENT_SAMPLE
BOD026,Manuela Otel Bitez,Bitez,AIR_CONDITIONING,0,0,False,,INSUFFICIENT_SAMPLE
BOD026,Manuela Otel Bitez,Bitez,NOISE,0,0,False,,INSUFFICIENT_SAMPLE
BOD026,Manuela Otel Bitez,Bitez,FAMILY_CHILDREN,0,0,False,,INSUFFICIENT_SAMPLE
BOD026,Manuela Otel Bitez,Bitez,TRANSPORT_TRANSFER,0,0,False,,INSUFFICIENT_SAMPLE
BOD026,Manuela Otel Bitez,Bitez,MANAGEMENT_COMMUNICATION,0,0,False,,INSUFFICIENT_SAMPLE
BOD026,Manuela Otel Bitez,Bitez,SPA_WELLNESS,0,0,False,,INSUFFICIENT_SAMPLE
BOD026,Manuela Otel Bitez,Bitez,SAFETY_SECURITY,0,0,False,,INSUFFICIENT_SAMPLE
BOD033,Ramada Resort by Wyndham Bodrum,Bitez,STAFF_SERVICE,0,0,False,,INSUFFICIENT_SAMPLE
BOD033,Ramada Resort by Wyndham Bodrum,Bitez,CLEANLINESS_HYGIENE,0,0,False,,INSUFFICIENT_SAMPLE
BOD033,Ramada Resort by Wyndham Bodrum,Bitez,FOOD_BEVERAGE,0,0,False,,INSUFFICIENT_SAMPLE
BOD033,Ramada Resort by Wyndham Bodrum,Bitez,ROOM,0,0,False,,INSUFFICIENT_SAMPLE
BOD033,Ramada Resort by Wyndham Bodrum,Bitez,BEACH_SEA,0,0,False,,INSUFFICIENT_SAMPLE
BOD033,Ramada Resort by Wyndham Bodrum,Bitez,POOL,0,0,False,,INSUFFICIENT_SAMPLE
BOD033,Ramada Resort by Wyndham Bodrum,Bitez,FACILITIES_MAINTENANCE,0,0,False,,INSUFFICIENT_SAMPLE
BOD033,Ramada Resort by Wyndham Bodrum,Bitez,RESERVATION,0,0,False,,INSUFFICIENT_SAMPLE
BOD033,Ramada Resort by Wyndham Bodrum,Bitez,PAYMENT_REFUND,0,0,False,,INSUFFICIENT_SAMPLE
BOD033,Ramada Resort by Wyndham Bodrum,Bitez,PRICE_VALUE,0,0,False,,INSUFFICIENT_SAMPLE
BOD033,Ramada Resort by Wyndham Bodrum,Bitez,CHECKIN_CHECKOUT,0,0,False,,INSUFFICIENT_SAMPLE
BOD033,Ramada Resort by Wyndham Bodrum,Bitez,AIR_CONDITIONING,0,0,False,,INSUFFICIENT_SAMPLE
BOD033,Ramada Resort by Wyndham Bodrum,Bitez,NOISE,0,0,False,,INSUFFICIENT_SAMPLE
BOD033,Ramada Resort by Wyndham Bodrum,Bitez,FAMILY_CHILDREN,0,0,False,,INSUFFICIENT_SAMPLE
BOD033,Ramada Resort by Wyndham Bodrum,Bitez,TRANSPORT_TRANSFER,0,0,False,,INSUFFICIENT_SAMPLE
BOD033,Ramada Resort by Wyndham Bodrum,Bitez,MANAGEMENT_COMMUNICATION,0,0,False,,INSUFFICIENT_SAMPLE
BOD033,Ramada Resort by Wyndham Bodrum,Bitez,SPA_WELLNESS,0,0,False,,INSUFFICIENT_SAMPLE
BOD033,Ramada Resort by Wyndham Bodrum,Bitez,SAFETY_SECURITY,0,0,False,,INSUFFICIENT_SAMPLE
BOD107,Le Méridien Bodrum Beach Resort,Güvercinlik,STAFF_SERVICE,0,0,False,,INSUFFICIENT_SAMPLE
BOD107,Le Méridien Bodrum Beach Resort,Güvercinlik,CLEANLINESS_HYGIENE,0,0,False,,INSUFFICIENT_SAMPLE
BOD107,Le Méridien Bodrum Beach Resort,Güvercinlik,FOOD_BEVERAGE,0,0,False,,INSUFFICIENT_SAMPLE
BOD107,Le Méridien Bodrum Beach Resort,Güvercinlik,ROOM,0,0,False,,INSUFFICIENT_SAMPLE
BOD107,Le Méridien Bodrum Beach Resort,Güvercinlik,BEACH_SEA,0,0,False,,INSUFFICIENT_SAMPLE
BOD107,Le Méridien Bodrum Beach Resort,Güvercinlik,POOL,0,0,False,,INSUFFICIENT_SAMPLE
BOD107,Le Méridien Bodrum Beach Resort,Güvercinlik,FACILITIES_MAINTENANCE,0,0,False,,INSUFFICIENT_SAMPLE
BOD107,Le Méridien Bodrum Beach Resort,Güvercinlik,RESERVATION,0,0,False,,INSUFFICIENT_SAMPLE
BOD107,Le Méridien Bodrum Beach Resort,Güvercinlik,PAYMENT_REFUND,0,0,False,,INSUFFICIENT_SAMPLE
BOD107,Le Méridien Bodrum Beach Resort,Güvercinlik,PRICE_VALUE,0,0,False,,INSUFFICIENT_SAMPLE
BOD107,Le Méridien Bodrum Beach Resort,Güvercinlik,CHECKIN_CHECKOUT,0,0,False,,INSUFFICIENT_SAMPLE
BOD107,Le Méridien Bodrum Beach Resort,Güvercinlik,AIR_CONDITIONING,0,0,False,,INSUFFICIENT_SAMPLE
BOD107,Le Méridien Bodrum Beach Resort,Güvercinlik,NOISE,0,0,False,,INSUFFICIENT_SAMPLE
BOD107,Le Méridien Bodrum Beach Resort,Güvercinlik,FAMILY_CHILDREN,0,0,False,,INSUFFICIENT_SAMPLE
BOD107,Le Méridien Bodrum Beach Resort,Güvercinlik,TRANSPORT_TRANSFER,0,0,False,,INSUFFICIENT_SAMPLE
BOD107,Le Méridien Bodrum Beach Resort,Güvercinlik,MANAGEMENT_COMMUNICATION,0,0,False,,INSUFFICIENT_SAMPLE
BOD107,Le Méridien Bodrum Beach Resort,Güvercinlik,SPA_WELLNESS,0,0,False,,INSUFFICIENT_SAMPLE
BOD107,Le Méridien Bodrum Beach Resort,Güvercinlik,SAFETY_SECURITY,0,0,False,,INSUFFICIENT_SAMPLE
BOD109,Oscar Seaside Hotel & Spa,Güvercinlik,STAFF_SERVICE,0,0,False,,INSUFFICIENT_SAMPLE
BOD109,Oscar Seaside Hotel & Spa,Güvercinlik,CLEANLINESS_HYGIENE,0,0,False,,INSUFFICIENT_SAMPLE
BOD109,Oscar Seaside Hotel & Spa,Güvercinlik,FOOD_BEVERAGE,0,0,False,,INSUFFICIENT_SAMPLE
BOD109,Oscar Seaside Hotel & Spa,Güvercinlik,ROOM,0,0,False,,INSUFFICIENT_SAMPLE
BOD109,Oscar Seaside Hotel & Spa,Güvercinlik,BEACH_SEA,0,0,False,,INSUFFICIENT_SAMPLE
BOD109,Oscar Seaside Hotel & Spa,Güvercinlik,POOL,0,0,False,,INSUFFICIENT_SAMPLE
BOD109,Oscar Seaside Hotel & Spa,Güvercinlik,FACILITIES_MAINTENANCE,0,0,False,,INSUFFICIENT_SAMPLE
BOD109,Oscar Seaside Hotel & Spa,Güvercinlik,RESERVATION,0,0,False,,INSUFFICIENT_SAMPLE
BOD109,Oscar Seaside Hotel & Spa,Güvercinlik,PAYMENT_REFUND,0,0,False,,INSUFFICIENT_SAMPLE
BOD109,Oscar Seaside Hotel & Spa,Güvercinlik,PRICE_VALUE,0,0,False,,INSUFFICIENT_SAMPLE
BOD109,Oscar Seaside Hotel & Spa,Güvercinlik,CHECKIN_CHECKOUT,0,0,False,,INSUFFICIENT_SAMPLE
BOD109,Oscar Seaside Hotel & Spa,Güvercinlik,AIR_CONDITIONING,0,0,False,,INSUFFICIENT_SAMPLE
BOD109,Oscar Seaside Hotel & Spa,Güvercinlik,NOISE,0,0,False,,INSUFFICIENT_SAMPLE
BOD109,Oscar Seaside Hotel & Spa,Güvercinlik,FAMILY_CHILDREN,0,0,False,,INSUFFICIENT_SAMPLE
BOD109,Oscar Seaside Hotel & Spa,Güvercinlik,TRANSPORT_TRANSFER,0,0,False,,INSUFFICIENT_SAMPLE
BOD109,Oscar Seaside Hotel & Spa,Güvercinlik,MANAGEMENT_COMMUNICATION,0,0,False,,INSUFFICIENT_SAMPLE
BOD109,Oscar Seaside Hotel & Spa,Güvercinlik,SPA_WELLNESS,0,0,False,,INSUFFICIENT_SAMPLE
BOD109,Oscar Seaside Hotel & Spa,Güvercinlik,SAFETY_SECURITY,0,0,False,,INSUFFICIENT_SAMPLE
BOD023,Doria Hotel Bodrum,Bitez,STAFF_SERVICE,0,0,False,,INSUFFICIENT_SAMPLE
BOD023,Doria Hotel Bodrum,Bitez,CLEANLINESS_HYGIENE,0,0,False,,INSUFFICIENT_SAMPLE
BOD023,Doria Hotel Bodrum,Bitez,FOOD_BEVERAGE,0,0,False,,INSUFFICIENT_SAMPLE
BOD023,Doria Hotel Bodrum,Bitez,ROOM,0,0,False,,INSUFFICIENT_SAMPLE
BOD023,Doria Hotel Bodrum,Bitez,BEACH_SEA,0,0,False,,INSUFFICIENT_SAMPLE
BOD023,Doria Hotel Bodrum,Bitez,POOL,0,0,False,,INSUFFICIENT_SAMPLE
BOD023,Doria Hotel Bodrum,Bitez,FACILITIES_MAINTENANCE,0,0,False,,INSUFFICIENT_SAMPLE
BOD023,Doria Hotel Bodrum,Bitez,RESERVATION,0,0,False,,INSUFFICIENT_SAMPLE
BOD023,Doria Hotel Bodrum,Bitez,PAYMENT_REFUND,0,0,False,,INSUFFICIENT_SAMPLE
BOD023,Doria Hotel Bodrum,Bitez,PRICE_VALUE,0,0,False,,INSUFFICIENT_SAMPLE
BOD023,Doria Hotel Bodrum,Bitez,CHECKIN_CHECKOUT,0,0,False,,INSUFFICIENT_SAMPLE
BOD023,Doria Hotel Bodrum,Bitez,AIR_CONDITIONING,0,0,False,,INSUFFICIENT_SAMPLE
BOD023,Doria Hotel Bodrum,Bitez,NOISE,0,0,False,,INSUFFICIENT_SAMPLE
BOD023,Doria Hotel Bodrum,Bitez,FAMILY_CHILDREN,0,0,False,,INSUFFICIENT_SAMPLE
BOD023,Doria Hotel Bodrum,Bitez,TRANSPORT_TRANSFER,0,0,False,,INSUFFICIENT_SAMPLE
BOD023,Doria Hotel Bodrum,Bitez,MANAGEMENT_COMMUNICATION,0,0,False,,INSUFFICIENT_SAMPLE
BOD023,Doria Hotel Bodrum,Bitez,SPA_WELLNESS,0,0,False,,INSUFFICIENT_SAMPLE
BOD023,Doria Hotel Bodrum,Bitez,SAFETY_SECURITY,0,0,False,,INSUFFICIENT_SAMPLE
BOD052,Flamm Bodrum,Göltürkbükü,STAFF_SERVICE,0,0,False,,INSUFFICIENT_SAMPLE
BOD052,Flamm Bodrum,Göltürkbükü,CLEANLINESS_HYGIENE,0,0,False,,INSUFFICIENT_SAMPLE
BOD052,Flamm Bodrum,Göltürkbükü,FOOD_BEVERAGE,0,0,False,,INSUFFICIENT_SAMPLE
BOD052,Flamm Bodrum,Göltürkbükü,ROOM,0,0,False,,INSUFFICIENT_SAMPLE
BOD052,Flamm Bodrum,Göltürkbükü,BEACH_SEA,0,0,False,,INSUFFICIENT_SAMPLE
BOD052,Flamm Bodrum,Göltürkbükü,POOL,0,0,False,,INSUFFICIENT_SAMPLE
BOD052,Flamm Bodrum,Göltürkbükü,FACILITIES_MAINTENANCE,0,0,False,,INSUFFICIENT_SAMPLE
BOD052,Flamm Bodrum,Göltürkbükü,RESERVATION,0,0,False,,INSUFFICIENT_SAMPLE
BOD052,Flamm Bodrum,Göltürkbükü,PAYMENT_REFUND,0,0,False,,INSUFFICIENT_SAMPLE
BOD052,Flamm Bodrum,Göltürkbükü,PRICE_VALUE,0,0,False,,INSUFFICIENT_SAMPLE
BOD052,Flamm Bodrum,Göltürkbükü,CHECKIN_CHECKOUT,0,0,False,,INSUFFICIENT_SAMPLE
BOD052,Flamm Bodrum,Göltürkbükü,AIR_CONDITIONING,0,0,False,,INSUFFICIENT_SAMPLE
BOD052,Flamm Bodrum,Göltürkbükü,NOISE,0,0,False,,INSUFFICIENT_SAMPLE
BOD052,Flamm Bodrum,Göltürkbükü,FAMILY_CHILDREN,0,0,False,,INSUFFICIENT_SAMPLE
BOD052,Flamm Bodrum,Göltürkbükü,TRANSPORT_TRANSFER,0,0,False,,INSUFFICIENT_SAMPLE
BOD052,Flamm Bodrum,Göltürkbükü,MANAGEMENT_COMMUNICATION,0,0,False,,INSUFFICIENT_SAMPLE
BOD052,Flamm Bodrum,Göltürkbükü,SPA_WELLNESS,0,0,False,,INSUFFICIENT_SAMPLE
BOD052,Flamm Bodrum,Göltürkbükü,SAFETY_SECURITY,0,0,False,,INSUFFICIENT_SAMPLE
BOD166,Divan Bodrum,Türkbükü,STAFF_SERVICE,0,0,False,,INSUFFICIENT_SAMPLE
BOD166,Divan Bodrum,Türkbükü,CLEANLINESS_HYGIENE,0,0,False,,INSUFFICIENT_SAMPLE
BOD166,Divan Bodrum,Türkbükü,FOOD_BEVERAGE,0,0,False,,INSUFFICIENT_SAMPLE
BOD166,Divan Bodrum,Türkbükü,ROOM,0,0,False,,INSUFFICIENT_SAMPLE
BOD166,Divan Bodrum,Türkbükü,BEACH_SEA,0,0,False,,INSUFFICIENT_SAMPLE
BOD166,Divan Bodrum,Türkbükü,POOL,0,0,False,,INSUFFICIENT_SAMPLE
BOD166,Divan Bodrum,Türkbükü,FACILITIES_MAINTENANCE,0,0,False,,INSUFFICIENT_SAMPLE
BOD166,Divan Bodrum,Türkbükü,RESERVATION,0,0,False,,INSUFFICIENT_SAMPLE
BOD166,Divan Bodrum,Türkbükü,PAYMENT_REFUND,0,0,False,,INSUFFICIENT_SAMPLE
BOD166,Divan Bodrum,Türkbükü,PRICE_VALUE,0,0,False,,INSUFFICIENT_SAMPLE
BOD166,Divan Bodrum,Türkbükü,CHECKIN_CHECKOUT,0,0,False,,INSUFFICIENT_SAMPLE
BOD166,Divan Bodrum,Türkbükü,AIR_CONDITIONING,0,0,False,,INSUFFICIENT_SAMPLE
BOD166,Divan Bodrum,Türkbükü,NOISE,0,0,False,,INSUFFICIENT_SAMPLE
BOD166,Divan Bodrum,Türkbükü,FAMILY_CHILDREN,0,0,False,,INSUFFICIENT_SAMPLE
BOD166,Divan Bodrum,Türkbükü,TRANSPORT_TRANSFER,0,0,False,,INSUFFICIENT_SAMPLE
BOD166,Divan Bodrum,Türkbükü,MANAGEMENT_COMMUNICATION,0,0,False,,INSUFFICIENT_SAMPLE
BOD166,Divan Bodrum,Türkbükü,SPA_WELLNESS,0,0,False,,INSUFFICIENT_SAMPLE
BOD166,Divan Bodrum,Türkbükü,SAFETY_SECURITY,0,0,False,,INSUFFICIENT_SAMPLE
BOD132,Viras Hotel & Beach,Ortakent-Yahşi,STAFF_SERVICE,0,0,False,,INSUFFICIENT_SAMPLE
BOD132,Viras Hotel & Beach,Ortakent-Yahşi,CLEANLINESS_HYGIENE,0,0,False,,INSUFFICIENT_SAMPLE
BOD132,Viras Hotel & Beach,Ortakent-Yahşi,FOOD_BEVERAGE,0,0,False,,INSUFFICIENT_SAMPLE
BOD132,Viras Hotel & Beach,Ortakent-Yahşi,ROOM,0,0,False,,INSUFFICIENT_SAMPLE
BOD132,Viras Hotel & Beach,Ortakent-Yahşi,BEACH_SEA,0,0,False,,INSUFFICIENT_SAMPLE
BOD132,Viras Hotel & Beach,Ortakent-Yahşi,POOL,0,0,False,,INSUFFICIENT_SAMPLE
BOD132,Viras Hotel & Beach,Ortakent-Yahşi,FACILITIES_MAINTENANCE,0,0,False,,INSUFFICIENT_SAMPLE
BOD132,Viras Hotel & Beach,Ortakent-Yahşi,RESERVATION,0,0,False,,INSUFFICIENT_SAMPLE
BOD132,Viras Hotel & Beach,Ortakent-Yahşi,PAYMENT_REFUND,0,0,False,,INSUFFICIENT_SAMPLE
BOD132,Viras Hotel & Beach,Ortakent-Yahşi,PRICE_VALUE,0,0,False,,INSUFFICIENT_SAMPLE
BOD132,Viras Hotel & Beach,Ortakent-Yahşi,CHECKIN_CHECKOUT,0,0,False,,INSUFFICIENT_SAMPLE
BOD132,Viras Hotel & Beach,Ortakent-Yahşi,AIR_CONDITIONING,0,0,False,,INSUFFICIENT_SAMPLE
BOD132,Viras Hotel & Beach,Ortakent-Yahşi,NOISE,0,0,False,,INSUFFICIENT_SAMPLE
BOD132,Viras Hotel & Beach,Ortakent-Yahşi,FAMILY_CHILDREN,0,0,False,,INSUFFICIENT_SAMPLE
BOD132,Viras Hotel & Beach,Ortakent-Yahşi,TRANSPORT_TRANSFER,0,0,False,,INSUFFICIENT_SAMPLE
BOD132,Viras Hotel & Beach,Ortakent-Yahşi,MANAGEMENT_COMMUNICATION,0,0,False,,INSUFFICIENT_SAMPLE
BOD132,Viras Hotel & Beach,Ortakent-Yahşi,SPA_WELLNESS,0,0,False,,INSUFFICIENT_SAMPLE
BOD132,Viras Hotel & Beach,Ortakent-Yahşi,SAFETY_SECURITY,0,0,False,,INSUFFICIENT_SAMPLE
BOD014,Suum Bodrum Hotel & Beach,Akyarlar,STAFF_SERVICE,0,0,False,,INSUFFICIENT_SAMPLE
BOD014,Suum Bodrum Hotel & Beach,Akyarlar,CLEANLINESS_HYGIENE,0,0,False,,INSUFFICIENT_SAMPLE
BOD014,Suum Bodrum Hotel & Beach,Akyarlar,FOOD_BEVERAGE,0,0,False,,INSUFFICIENT_SAMPLE
BOD014,Suum Bodrum Hotel & Beach,Akyarlar,ROOM,0,0,False,,INSUFFICIENT_SAMPLE
BOD014,Suum Bodrum Hotel & Beach,Akyarlar,BEACH_SEA,0,0,False,,INSUFFICIENT_SAMPLE
BOD014,Suum Bodrum Hotel & Beach,Akyarlar,POOL,0,0,False,,INSUFFICIENT_SAMPLE
BOD014,Suum Bodrum Hotel & Beach,Akyarlar,FACILITIES_MAINTENANCE,0,0,False,,INSUFFICIENT_SAMPLE
BOD014,Suum Bodrum Hotel & Beach,Akyarlar,RESERVATION,0,0,False,,INSUFFICIENT_SAMPLE
BOD014,Suum Bodrum Hotel & Beach,Akyarlar,PAYMENT_REFUND,0,0,False,,INSUFFICIENT_SAMPLE
BOD014,Suum Bodrum Hotel & Beach,Akyarlar,PRICE_VALUE,0,0,False,,INSUFFICIENT_SAMPLE
BOD014,Suum Bodrum Hotel & Beach,Akyarlar,CHECKIN_CHECKOUT,0,0,False,,INSUFFICIENT_SAMPLE
BOD014,Suum Bodrum Hotel & Beach,Akyarlar,AIR_CONDITIONING,0,0,False,,INSUFFICIENT_SAMPLE
BOD014,Suum Bodrum Hotel & Beach,Akyarlar,NOISE,0,0,False,,INSUFFICIENT_SAMPLE
BOD014,Suum Bodrum Hotel & Beach,Akyarlar,FAMILY_CHILDREN,0,0,False,,INSUFFICIENT_SAMPLE
BOD014,Suum Bodrum Hotel & Beach,Akyarlar,TRANSPORT_TRANSFER,0,0,False,,INSUFFICIENT_SAMPLE
BOD014,Suum Bodrum Hotel & Beach,Akyarlar,MANAGEMENT_COMMUNICATION,0,0,False,,INSUFFICIENT_SAMPLE
BOD014,Suum Bodrum Hotel & Beach,Akyarlar,SPA_WELLNESS,0,0,False,,INSUFFICIENT_SAMPLE
BOD014,Suum Bodrum Hotel & Beach,Akyarlar,SAFETY_SECURITY,0,0,False,,INSUFFICIENT_SAMPLE
BOD128,Lugga Boutique Hotel & Beach,Ortakent-Yahşi,STAFF_SERVICE,0,0,False,,INSUFFICIENT_SAMPLE
BOD128,Lugga Boutique Hotel & Beach,Ortakent-Yahşi,CLEANLINESS_HYGIENE,0,0,False,,INSUFFICIENT_SAMPLE
BOD128,Lugga Boutique Hotel & Beach,Ortakent-Yahşi,FOOD_BEVERAGE,0,0,False,,INSUFFICIENT_SAMPLE
BOD128,Lugga Boutique Hotel & Beach,Ortakent-Yahşi,ROOM,0,0,False,,INSUFFICIENT_SAMPLE
BOD128,Lugga Boutique Hotel & Beach,Ortakent-Yahşi,BEACH_SEA,0,0,False,,INSUFFICIENT_SAMPLE
BOD128,Lugga Boutique Hotel & Beach,Ortakent-Yahşi,POOL,0,0,False,,INSUFFICIENT_SAMPLE
BOD128,Lugga Boutique Hotel & Beach,Ortakent-Yahşi,FACILITIES_MAINTENANCE,0,0,False,,INSUFFICIENT_SAMPLE
BOD128,Lugga Boutique Hotel & Beach,Ortakent-Yahşi,RESERVATION,0,0,False,,INSUFFICIENT_SAMPLE
BOD128,Lugga Boutique Hotel & Beach,Ortakent-Yahşi,PAYMENT_REFUND,0,0,False,,INSUFFICIENT_SAMPLE
BOD128,Lugga Boutique Hotel & Beach,Ortakent-Yahşi,PRICE_VALUE,0,0,False,,INSUFFICIENT_SAMPLE
BOD128,Lugga Boutique Hotel & Beach,Ortakent-Yahşi,CHECKIN_CHECKOUT,0,0,False,,INSUFFICIENT_SAMPLE
BOD128,Lugga Boutique Hotel & Beach,Ortakent-Yahşi,AIR_CONDITIONING,0,0,False,,INSUFFICIENT_SAMPLE
BOD128,Lugga Boutique Hotel & Beach,Ortakent-Yahşi,NOISE,0,0,False,,INSUFFICIENT_SAMPLE
BOD128,Lugga Boutique Hotel & Beach,Ortakent-Yahşi,FAMILY_CHILDREN,0,0,False,,INSUFFICIENT_SAMPLE
BOD128,Lugga Boutique Hotel & Beach,Ortakent-Yahşi,TRANSPORT_TRANSFER,0,0,False,,INSUFFICIENT_SAMPLE
BOD128,Lugga Boutique Hotel & Beach,Ortakent-Yahşi,MANAGEMENT_COMMUNICATION,0,0,False,,INSUFFICIENT_SAMPLE
BOD128,Lugga Boutique Hotel & Beach,Ortakent-Yahşi,SPA_WELLNESS,0,0,False,,INSUFFICIENT_SAMPLE
BOD128,Lugga Boutique Hotel & Beach,Ortakent-Yahşi,SAFETY_SECURITY,0,0,False,,INSUFFICIENT_SAMPLE
BOD090,Costa Farilya Special Class Hotel Bodrum,Gündoğan,STAFF_SERVICE,0,0,False,,INSUFFICIENT_SAMPLE
BOD090,Costa Farilya Special Class Hotel Bodrum,Gündoğan,CLEANLINESS_HYGIENE,0,0,False,,INSUFFICIENT_SAMPLE
BOD090,Costa Farilya Special Class Hotel Bodrum,Gündoğan,FOOD_BEVERAGE,0,0,False,,INSUFFICIENT_SAMPLE
BOD090,Costa Farilya Special Class Hotel Bodrum,Gündoğan,ROOM,0,0,False,,INSUFFICIENT_SAMPLE
BOD090,Costa Farilya Special Class Hotel Bodrum,Gündoğan,BEACH_SEA,0,0,False,,INSUFFICIENT_SAMPLE
BOD090,Costa Farilya Special Class Hotel Bodrum,Gündoğan,POOL,0,0,False,,INSUFFICIENT_SAMPLE
BOD090,Costa Farilya Special Class Hotel Bodrum,Gündoğan,FACILITIES_MAINTENANCE,0,0,False,,INSUFFICIENT_SAMPLE
BOD090,Costa Farilya Special Class Hotel Bodrum,Gündoğan,RESERVATION,0,0,False,,INSUFFICIENT_SAMPLE
BOD090,Costa Farilya Special Class Hotel Bodrum,Gündoğan,PAYMENT_REFUND,0,0,False,,INSUFFICIENT_SAMPLE
BOD090,Costa Farilya Special Class Hotel Bodrum,Gündoğan,PRICE_VALUE,0,0,False,,INSUFFICIENT_SAMPLE
BOD090,Costa Farilya Special Class Hotel Bodrum,Gündoğan,CHECKIN_CHECKOUT,0,0,False,,INSUFFICIENT_SAMPLE
BOD090,Costa Farilya Special Class Hotel Bodrum,Gündoğan,AIR_CONDITIONING,0,0,False,,INSUFFICIENT_SAMPLE
BOD090,Costa Farilya Special Class Hotel Bodrum,Gündoğan,NOISE,0,0,False,,INSUFFICIENT_SAMPLE
BOD090,Costa Farilya Special Class Hotel Bodrum,Gündoğan,FAMILY_CHILDREN,0,0,False,,INSUFFICIENT_SAMPLE
BOD090,Costa Farilya Special Class Hotel Bodrum,Gündoğan,TRANSPORT_TRANSFER,0,0,False,,INSUFFICIENT_SAMPLE
BOD090,Costa Farilya Special Class Hotel Bodrum,Gündoğan,MANAGEMENT_COMMUNICATION,0,0,False,,INSUFFICIENT_SAMPLE
BOD090,Costa Farilya Special Class Hotel Bodrum,Gündoğan,SPA_WELLNESS,0,0,False,,INSUFFICIENT_SAMPLE
BOD090,Costa Farilya Special Class Hotel Bodrum,Gündoğan,SAFETY_SECURITY,0,0,False,,INSUFFICIENT_SAMPLE
BOD186,Sirene Luxury Hotel Bodrum,Yalıkavak,STAFF_SERVICE,0,0,False,,INSUFFICIENT_SAMPLE
BOD186,Sirene Luxury Hotel Bodrum,Yalıkavak,CLEANLINESS_HYGIENE,0,0,False,,INSUFFICIENT_SAMPLE
BOD186,Sirene Luxury Hotel Bodrum,Yalıkavak,FOOD_BEVERAGE,0,0,False,,INSUFFICIENT_SAMPLE
BOD186,Sirene Luxury Hotel Bodrum,Yalıkavak,ROOM,0,0,False,,INSUFFICIENT_SAMPLE
BOD186,Sirene Luxury Hotel Bodrum,Yalıkavak,BEACH_SEA,0,0,False,,INSUFFICIENT_SAMPLE
BOD186,Sirene Luxury Hotel Bodrum,Yalıkavak,POOL,0,0,False,,INSUFFICIENT_SAMPLE
BOD186,Sirene Luxury Hotel Bodrum,Yalıkavak,FACILITIES_MAINTENANCE,0,0,False,,INSUFFICIENT_SAMPLE
BOD186,Sirene Luxury Hotel Bodrum,Yalıkavak,RESERVATION,0,0,False,,INSUFFICIENT_SAMPLE
BOD186,Sirene Luxury Hotel Bodrum,Yalıkavak,PAYMENT_REFUND,0,0,False,,INSUFFICIENT_SAMPLE
BOD186,Sirene Luxury Hotel Bodrum,Yalıkavak,PRICE_VALUE,0,0,False,,INSUFFICIENT_SAMPLE
BOD186,Sirene Luxury Hotel Bodrum,Yalıkavak,CHECKIN_CHECKOUT,0,0,False,,INSUFFICIENT_SAMPLE
BOD186,Sirene Luxury Hotel Bodrum,Yalıkavak,AIR_CONDITIONING,0,0,False,,INSUFFICIENT_SAMPLE
BOD186,Sirene Luxury Hotel Bodrum,Yalıkavak,NOISE,0,0,False,,INSUFFICIENT_SAMPLE
BOD186,Sirene Luxury Hotel Bodrum,Yalıkavak,FAMILY_CHILDREN,0,0,False,,INSUFFICIENT_SAMPLE
BOD186,Sirene Luxury Hotel Bodrum,Yalıkavak,TRANSPORT_TRANSFER,0,0,False,,INSUFFICIENT_SAMPLE
BOD186,Sirene Luxury Hotel Bodrum,Yalıkavak,MANAGEMENT_COMMUNICATION,0,0,False,,INSUFFICIENT_SAMPLE
BOD186,Sirene Luxury Hotel Bodrum,Yalıkavak,SPA_WELLNESS,0,0,False,,INSUFFICIENT_SAMPLE
BOD186,Sirene Luxury Hotel Bodrum,Yalıkavak,SAFETY_SECURITY,0,0,False,,INSUFFICIENT_SAMPLE
BOD180,MGallery The Bodrum Hotel Yalıkavak,Yalıkavak,STAFF_SERVICE,0,0,False,,INSUFFICIENT_SAMPLE
BOD180,MGallery The Bodrum Hotel Yalıkavak,Yalıkavak,CLEANLINESS_HYGIENE,0,0,False,,INSUFFICIENT_SAMPLE
BOD180,MGallery The Bodrum Hotel Yalıkavak,Yalıkavak,FOOD_BEVERAGE,0,0,False,,INSUFFICIENT_SAMPLE
BOD180,MGallery The Bodrum Hotel Yalıkavak,Yalıkavak,ROOM,0,0,False,,INSUFFICIENT_SAMPLE
BOD180,MGallery The Bodrum Hotel Yalıkavak,Yalıkavak,BEACH_SEA,0,0,False,,INSUFFICIENT_SAMPLE
BOD180,MGallery The Bodrum Hotel Yalıkavak,Yalıkavak,POOL,0,0,False,,INSUFFICIENT_SAMPLE
BOD180,MGallery The Bodrum Hotel Yalıkavak,Yalıkavak,FACILITIES_MAINTENANCE,0,0,False,,INSUFFICIENT_SAMPLE
BOD180,MGallery The Bodrum Hotel Yalıkavak,Yalıkavak,RESERVATION,0,0,False,,INSUFFICIENT_SAMPLE
BOD180,MGallery The Bodrum Hotel Yalıkavak,Yalıkavak,PAYMENT_REFUND,0,0,False,,INSUFFICIENT_SAMPLE
BOD180,MGallery The Bodrum Hotel Yalıkavak,Yalıkavak,PRICE_VALUE,0,0,False,,INSUFFICIENT_SAMPLE
BOD180,MGallery The Bodrum Hotel Yalıkavak,Yalıkavak,CHECKIN_CHECKOUT,0,0,False,,INSUFFICIENT_SAMPLE
BOD180,MGallery The Bodrum Hotel Yalıkavak,Yalıkavak,AIR_CONDITIONING,0,0,False,,INSUFFICIENT_SAMPLE
BOD180,MGallery The Bodrum Hotel Yalıkavak,Yalıkavak,NOISE,0,0,False,,INSUFFICIENT_SAMPLE
BOD180,MGallery The Bodrum Hotel Yalıkavak,Yalıkavak,FAMILY_CHILDREN,0,0,False,,INSUFFICIENT_SAMPLE
BOD180,MGallery The Bodrum Hotel Yalıkavak,Yalıkavak,TRANSPORT_TRANSFER,0,0,False,,INSUFFICIENT_SAMPLE
BOD180,MGallery The Bodrum Hotel Yalıkavak,Yalıkavak,MANAGEMENT_COMMUNICATION,0,0,False,,INSUFFICIENT_SAMPLE
BOD180,MGallery The Bodrum Hotel Yalıkavak,Yalıkavak,SPA_WELLNESS,0,0,False,,INSUFFICIENT_SAMPLE
BOD180,MGallery The Bodrum Hotel Yalıkavak,Yalıkavak,SAFETY_SECURITY,0,0,False,,INSUFFICIENT_SAMPLE
BOD151,Sarpedor Boutique Hotel & SPA,Torba,STAFF_SERVICE,0,0,False,,INSUFFICIENT_SAMPLE
BOD151,Sarpedor Boutique Hotel & SPA,Torba,CLEANLINESS_HYGIENE,0,0,False,,INSUFFICIENT_SAMPLE
BOD151,Sarpedor Boutique Hotel & SPA,Torba,FOOD_BEVERAGE,0,0,False,,INSUFFICIENT_SAMPLE
BOD151,Sarpedor Boutique Hotel & SPA,Torba,ROOM,0,0,False,,INSUFFICIENT_SAMPLE
BOD151,Sarpedor Boutique Hotel & SPA,Torba,BEACH_SEA,0,0,False,,INSUFFICIENT_SAMPLE
BOD151,Sarpedor Boutique Hotel & SPA,Torba,POOL,0,0,False,,INSUFFICIENT_SAMPLE
BOD151,Sarpedor Boutique Hotel & SPA,Torba,FACILITIES_MAINTENANCE,0,0,False,,INSUFFICIENT_SAMPLE
BOD151,Sarpedor Boutique Hotel & SPA,Torba,RESERVATION,0,0,False,,INSUFFICIENT_SAMPLE
BOD151,Sarpedor Boutique Hotel & SPA,Torba,PAYMENT_REFUND,0,0,False,,INSUFFICIENT_SAMPLE
BOD151,Sarpedor Boutique Hotel & SPA,Torba,PRICE_VALUE,0,0,False,,INSUFFICIENT_SAMPLE
BOD151,Sarpedor Boutique Hotel & SPA,Torba,CHECKIN_CHECKOUT,0,0,False,,INSUFFICIENT_SAMPLE
BOD151,Sarpedor Boutique Hotel & SPA,Torba,AIR_CONDITIONING,0,0,False,,INSUFFICIENT_SAMPLE
BOD151,Sarpedor Boutique Hotel & SPA,Torba,NOISE,0,0,False,,INSUFFICIENT_SAMPLE
BOD151,Sarpedor Boutique Hotel & SPA,Torba,FAMILY_CHILDREN,0,0,False,,INSUFFICIENT_SAMPLE
BOD151,Sarpedor Boutique Hotel & SPA,Torba,TRANSPORT_TRANSFER,0,0,False,,INSUFFICIENT_SAMPLE
BOD151,Sarpedor Boutique Hotel & SPA,Torba,MANAGEMENT_COMMUNICATION,0,0,False,,INSUFFICIENT_SAMPLE
BOD151,Sarpedor Boutique Hotel & SPA,Torba,SPA_WELLNESS,0,0,False,,INSUFFICIENT_SAMPLE
BOD151,Sarpedor Boutique Hotel & SPA,Torba,SAFETY_SECURITY,0,0,False,,INSUFFICIENT_SAMPLE
BOD192,Yalıpark Beach Hotel,Yalıkavak,STAFF_SERVICE,0,0,False,,INSUFFICIENT_SAMPLE
BOD192,Yalıpark Beach Hotel,Yalıkavak,CLEANLINESS_HYGIENE,0,0,False,,INSUFFICIENT_SAMPLE
BOD192,Yalıpark Beach Hotel,Yalıkavak,FOOD_BEVERAGE,0,0,False,,INSUFFICIENT_SAMPLE
BOD192,Yalıpark Beach Hotel,Yalıkavak,ROOM,0,0,False,,INSUFFICIENT_SAMPLE
BOD192,Yalıpark Beach Hotel,Yalıkavak,BEACH_SEA,0,0,False,,INSUFFICIENT_SAMPLE
BOD192,Yalıpark Beach Hotel,Yalıkavak,POOL,0,0,False,,INSUFFICIENT_SAMPLE
BOD192,Yalıpark Beach Hotel,Yalıkavak,FACILITIES_MAINTENANCE,0,0,False,,INSUFFICIENT_SAMPLE
BOD192,Yalıpark Beach Hotel,Yalıkavak,RESERVATION,0,0,False,,INSUFFICIENT_SAMPLE
BOD192,Yalıpark Beach Hotel,Yalıkavak,PAYMENT_REFUND,0,0,False,,INSUFFICIENT_SAMPLE
BOD192,Yalıpark Beach Hotel,Yalıkavak,PRICE_VALUE,0,0,False,,INSUFFICIENT_SAMPLE
BOD192,Yalıpark Beach Hotel,Yalıkavak,CHECKIN_CHECKOUT,0,0,False,,INSUFFICIENT_SAMPLE
BOD192,Yalıpark Beach Hotel,Yalıkavak,AIR_CONDITIONING,0,0,False,,INSUFFICIENT_SAMPLE
BOD192,Yalıpark Beach Hotel,Yalıkavak,NOISE,0,0,False,,INSUFFICIENT_SAMPLE
BOD192,Yalıpark Beach Hotel,Yalıkavak,FAMILY_CHILDREN,0,0,False,,INSUFFICIENT_SAMPLE
BOD192,Yalıpark Beach Hotel,Yalıkavak,TRANSPORT_TRANSFER,0,0,False,,INSUFFICIENT_SAMPLE
BOD192,Yalıpark Beach Hotel,Yalıkavak,MANAGEMENT_COMMUNICATION,0,0,False,,INSUFFICIENT_SAMPLE
BOD192,Yalıpark Beach Hotel,Yalıkavak,SPA_WELLNESS,0,0,False,,INSUFFICIENT_SAMPLE
BOD192,Yalıpark Beach Hotel,Yalıkavak,SAFETY_SECURITY,0,0,False,,INSUFFICIENT_SAMPLE
BOD131,Regia Mare Beach Hotel Bodrum,Ortakent-Yahşi,STAFF_SERVICE,0,0,False,,INSUFFICIENT_SAMPLE
BOD131,Regia Mare Beach Hotel Bodrum,Ortakent-Yahşi,CLEANLINESS_HYGIENE,0,0,False,,INSUFFICIENT_SAMPLE
BOD131,Regia Mare Beach Hotel Bodrum,Ortakent-Yahşi,FOOD_BEVERAGE,0,0,False,,INSUFFICIENT_SAMPLE
BOD131,Regia Mare Beach Hotel Bodrum,Ortakent-Yahşi,ROOM,0,0,False,,INSUFFICIENT_SAMPLE
BOD131,Regia Mare Beach Hotel Bodrum,Ortakent-Yahşi,BEACH_SEA,0,0,False,,INSUFFICIENT_SAMPLE
BOD131,Regia Mare Beach Hotel Bodrum,Ortakent-Yahşi,POOL,0,0,False,,INSUFFICIENT_SAMPLE
BOD131,Regia Mare Beach Hotel Bodrum,Ortakent-Yahşi,FACILITIES_MAINTENANCE,0,0,False,,INSUFFICIENT_SAMPLE
BOD131,Regia Mare Beach Hotel Bodrum,Ortakent-Yahşi,RESERVATION,0,0,False,,INSUFFICIENT_SAMPLE
BOD131,Regia Mare Beach Hotel Bodrum,Ortakent-Yahşi,PAYMENT_REFUND,0,0,False,,INSUFFICIENT_SAMPLE
BOD131,Regia Mare Beach Hotel Bodrum,Ortakent-Yahşi,PRICE_VALUE,0,0,False,,INSUFFICIENT_SAMPLE
BOD131,Regia Mare Beach Hotel Bodrum,Ortakent-Yahşi,CHECKIN_CHECKOUT,0,0,False,,INSUFFICIENT_SAMPLE
BOD131,Regia Mare Beach Hotel Bodrum,Ortakent-Yahşi,AIR_CONDITIONING,0,0,False,,INSUFFICIENT_SAMPLE
BOD131,Regia Mare Beach Hotel Bodrum,Ortakent-Yahşi,NOISE,0,0,False,,INSUFFICIENT_SAMPLE
BOD131,Regia Mare Beach Hotel Bodrum,Ortakent-Yahşi,FAMILY_CHILDREN,0,0,False,,INSUFFICIENT_SAMPLE
BOD131,Regia Mare Beach Hotel Bodrum,Ortakent-Yahşi,TRANSPORT_TRANSFER,0,0,False,,INSUFFICIENT_SAMPLE
BOD131,Regia Mare Beach Hotel Bodrum,Ortakent-Yahşi,MANAGEMENT_COMMUNICATION,0,0,False,,INSUFFICIENT_SAMPLE
BOD131,Regia Mare Beach Hotel Bodrum,Ortakent-Yahşi,SPA_WELLNESS,0,0,False,,INSUFFICIENT_SAMPLE
BOD131,Regia Mare Beach Hotel Bodrum,Ortakent-Yahşi,SAFETY_SECURITY,0,0,False,,INSUFFICIENT_SAMPLE
BOD162,Rammos Managed by Dedeman,Turgutreis,STAFF_SERVICE,0,0,False,,INSUFFICIENT_SAMPLE
BOD162,Rammos Managed by Dedeman,Turgutreis,CLEANLINESS_HYGIENE,0,0,False,,INSUFFICIENT_SAMPLE
BOD162,Rammos Managed by Dedeman,Turgutreis,FOOD_BEVERAGE,0,0,False,,INSUFFICIENT_SAMPLE
BOD162,Rammos Managed by Dedeman,Turgutreis,ROOM,0,0,False,,INSUFFICIENT_SAMPLE
BOD162,Rammos Managed by Dedeman,Turgutreis,BEACH_SEA,0,0,False,,INSUFFICIENT_SAMPLE
BOD162,Rammos Managed by Dedeman,Turgutreis,POOL,0,0,False,,INSUFFICIENT_SAMPLE
BOD162,Rammos Managed by Dedeman,Turgutreis,FACILITIES_MAINTENANCE,0,0,False,,INSUFFICIENT_SAMPLE
BOD162,Rammos Managed by Dedeman,Turgutreis,RESERVATION,0,0,False,,INSUFFICIENT_SAMPLE
BOD162,Rammos Managed by Dedeman,Turgutreis,PAYMENT_REFUND,0,0,False,,INSUFFICIENT_SAMPLE
BOD162,Rammos Managed by Dedeman,Turgutreis,PRICE_VALUE,0,0,False,,INSUFFICIENT_SAMPLE
BOD162,Rammos Managed by Dedeman,Turgutreis,CHECKIN_CHECKOUT,0,0,False,,INSUFFICIENT_SAMPLE
BOD162,Rammos Managed by Dedeman,Turgutreis,AIR_CONDITIONING,0,0,False,,INSUFFICIENT_SAMPLE
BOD162,Rammos Managed by Dedeman,Turgutreis,NOISE,0,0,False,,INSUFFICIENT_SAMPLE
BOD162,Rammos Managed by Dedeman,Turgutreis,FAMILY_CHILDREN,0,0,False,,INSUFFICIENT_SAMPLE
BOD162,Rammos Managed by Dedeman,Turgutreis,TRANSPORT_TRANSFER,0,0,False,,INSUFFICIENT_SAMPLE
BOD162,Rammos Managed by Dedeman,Turgutreis,MANAGEMENT_COMMUNICATION,0,0,False,,INSUFFICIENT_SAMPLE
BOD162,Rammos Managed by Dedeman,Turgutreis,SPA_WELLNESS,0,0,False,,INSUFFICIENT_SAMPLE
BOD162,Rammos Managed by Dedeman,Turgutreis,SAFETY_SECURITY,0,0,False,,INSUFFICIENT_SAMPLE
BOD087,Wanderheaven Camping & Tiny House Bodrum,Gümüşlük,STAFF_SERVICE,0,0,False,,INSUFFICIENT_SAMPLE
BOD087,Wanderheaven Camping & Tiny House Bodrum,Gümüşlük,CLEANLINESS_HYGIENE,0,0,False,,INSUFFICIENT_SAMPLE
BOD087,Wanderheaven Camping & Tiny House Bodrum,Gümüşlük,FOOD_BEVERAGE,0,0,False,,INSUFFICIENT_SAMPLE
BOD087,Wanderheaven Camping & Tiny House Bodrum,Gümüşlük,ROOM,0,0,False,,INSUFFICIENT_SAMPLE
BOD087,Wanderheaven Camping & Tiny House Bodrum,Gümüşlük,BEACH_SEA,0,0,False,,INSUFFICIENT_SAMPLE
BOD087,Wanderheaven Camping & Tiny House Bodrum,Gümüşlük,POOL,0,0,False,,INSUFFICIENT_SAMPLE
BOD087,Wanderheaven Camping & Tiny House Bodrum,Gümüşlük,FACILITIES_MAINTENANCE,0,0,False,,INSUFFICIENT_SAMPLE
BOD087,Wanderheaven Camping & Tiny House Bodrum,Gümüşlük,RESERVATION,0,0,False,,INSUFFICIENT_SAMPLE
BOD087,Wanderheaven Camping & Tiny House Bodrum,Gümüşlük,PAYMENT_REFUND,0,0,False,,INSUFFICIENT_SAMPLE
BOD087,Wanderheaven Camping & Tiny House Bodrum,Gümüşlük,PRICE_VALUE,0,0,False,,INSUFFICIENT_SAMPLE
BOD087,Wanderheaven Camping & Tiny House Bodrum,Gümüşlük,CHECKIN_CHECKOUT,0,0,False,,INSUFFICIENT_SAMPLE
BOD087,Wanderheaven Camping & Tiny House Bodrum,Gümüşlük,AIR_CONDITIONING,0,0,False,,INSUFFICIENT_SAMPLE
BOD087,Wanderheaven Camping & Tiny House Bodrum,Gümüşlük,NOISE,0,0,False,,INSUFFICIENT_SAMPLE
BOD087,Wanderheaven Camping & Tiny House Bodrum,Gümüşlük,FAMILY_CHILDREN,0,0,False,,INSUFFICIENT_SAMPLE
BOD087,Wanderheaven Camping & Tiny House Bodrum,Gümüşlük,TRANSPORT_TRANSFER,0,0,False,,INSUFFICIENT_SAMPLE
BOD087,Wanderheaven Camping & Tiny House Bodrum,Gümüşlük,MANAGEMENT_COMMUNICATION,0,0,False,,INSUFFICIENT_SAMPLE
BOD087,Wanderheaven Camping & Tiny House Bodrum,Gümüşlük,SPA_WELLNESS,0,0,False,,INSUFFICIENT_SAMPLE
BOD087,Wanderheaven Camping & Tiny House Bodrum,Gümüşlük,SAFETY_SECURITY,0,0,False,,INSUFFICIENT_SAMPLE
BOD095,Mivara Luxury Bodrum,Gündoğan,STAFF_SERVICE,0,0,False,,INSUFFICIENT_SAMPLE
BOD095,Mivara Luxury Bodrum,Gündoğan,CLEANLINESS_HYGIENE,0,0,False,,INSUFFICIENT_SAMPLE
BOD095,Mivara Luxury Bodrum,Gündoğan,FOOD_BEVERAGE,0,0,False,,INSUFFICIENT_SAMPLE
BOD095,Mivara Luxury Bodrum,Gündoğan,ROOM,0,0,False,,INSUFFICIENT_SAMPLE
BOD095,Mivara Luxury Bodrum,Gündoğan,BEACH_SEA,0,0,False,,INSUFFICIENT_SAMPLE
BOD095,Mivara Luxury Bodrum,Gündoğan,POOL,0,0,False,,INSUFFICIENT_SAMPLE
BOD095,Mivara Luxury Bodrum,Gündoğan,FACILITIES_MAINTENANCE,0,0,False,,INSUFFICIENT_SAMPLE
BOD095,Mivara Luxury Bodrum,Gündoğan,RESERVATION,0,0,False,,INSUFFICIENT_SAMPLE
BOD095,Mivara Luxury Bodrum,Gündoğan,PAYMENT_REFUND,0,0,False,,INSUFFICIENT_SAMPLE
BOD095,Mivara Luxury Bodrum,Gündoğan,PRICE_VALUE,0,0,False,,INSUFFICIENT_SAMPLE
BOD095,Mivara Luxury Bodrum,Gündoğan,CHECKIN_CHECKOUT,0,0,False,,INSUFFICIENT_SAMPLE
BOD095,Mivara Luxury Bodrum,Gündoğan,AIR_CONDITIONING,0,0,False,,INSUFFICIENT_SAMPLE
BOD095,Mivara Luxury Bodrum,Gündoğan,NOISE,0,0,False,,INSUFFICIENT_SAMPLE
BOD095,Mivara Luxury Bodrum,Gündoğan,FAMILY_CHILDREN,0,0,False,,INSUFFICIENT_SAMPLE
BOD095,Mivara Luxury Bodrum,Gündoğan,TRANSPORT_TRANSFER,0,0,False,,INSUFFICIENT_SAMPLE
BOD095,Mivara Luxury Bodrum,Gündoğan,MANAGEMENT_COMMUNICATION,0,0,False,,INSUFFICIENT_SAMPLE
BOD095,Mivara Luxury Bodrum,Gündoğan,SPA_WELLNESS,0,0,False,,INSUFFICIENT_SAMPLE
BOD095,Mivara Luxury Bodrum,Gündoğan,SAFETY_SECURITY,0,0,False,,INSUFFICIENT_SAMPLE
BOD153,The Oba Hotel,Torba,STAFF_SERVICE,0,0,False,,INSUFFICIENT_SAMPLE
BOD153,The Oba Hotel,Torba,CLEANLINESS_HYGIENE,0,0,False,,INSUFFICIENT_SAMPLE
BOD153,The Oba Hotel,Torba,FOOD_BEVERAGE,0,0,False,,INSUFFICIENT_SAMPLE
BOD153,The Oba Hotel,Torba,ROOM,0,0,False,,INSUFFICIENT_SAMPLE
BOD153,The Oba Hotel,Torba,BEACH_SEA,0,0,False,,INSUFFICIENT_SAMPLE
BOD153,The Oba Hotel,Torba,POOL,0,0,False,,INSUFFICIENT_SAMPLE
BOD153,The Oba Hotel,Torba,FACILITIES_MAINTENANCE,0,0,False,,INSUFFICIENT_SAMPLE
BOD153,The Oba Hotel,Torba,RESERVATION,0,0,False,,INSUFFICIENT_SAMPLE
BOD153,The Oba Hotel,Torba,PAYMENT_REFUND,0,0,False,,INSUFFICIENT_SAMPLE
BOD153,The Oba Hotel,Torba,PRICE_VALUE,0,0,False,,INSUFFICIENT_SAMPLE
BOD153,The Oba Hotel,Torba,CHECKIN_CHECKOUT,0,0,False,,INSUFFICIENT_SAMPLE
BOD153,The Oba Hotel,Torba,AIR_CONDITIONING,0,0,False,,INSUFFICIENT_SAMPLE
BOD153,The Oba Hotel,Torba,NOISE,0,0,False,,INSUFFICIENT_SAMPLE
BOD153,The Oba Hotel,Torba,FAMILY_CHILDREN,0,0,False,,INSUFFICIENT_SAMPLE
BOD153,The Oba Hotel,Torba,TRANSPORT_TRANSFER,0,0,False,,INSUFFICIENT_SAMPLE
BOD153,The Oba Hotel,Torba,MANAGEMENT_COMMUNICATION,0,0,False,,INSUFFICIENT_SAMPLE
BOD153,The Oba Hotel,Torba,SPA_WELLNESS,0,0,False,,INSUFFICIENT_SAMPLE
BOD153,The Oba Hotel,Torba,SAFETY_SECURITY,0,0,False,,INSUFFICIENT_SAMPLE
BOD064,Jasmin Elite Residence & Spa,Gümbet,STAFF_SERVICE,0,0,False,,INSUFFICIENT_SAMPLE
BOD064,Jasmin Elite Residence & Spa,Gümbet,CLEANLINESS_HYGIENE,0,0,False,,INSUFFICIENT_SAMPLE
BOD064,Jasmin Elite Residence & Spa,Gümbet,FOOD_BEVERAGE,0,0,False,,INSUFFICIENT_SAMPLE
BOD064,Jasmin Elite Residence & Spa,Gümbet,ROOM,0,0,False,,INSUFFICIENT_SAMPLE
BOD064,Jasmin Elite Residence & Spa,Gümbet,BEACH_SEA,0,0,False,,INSUFFICIENT_SAMPLE
BOD064,Jasmin Elite Residence & Spa,Gümbet,POOL,0,0,False,,INSUFFICIENT_SAMPLE
BOD064,Jasmin Elite Residence & Spa,Gümbet,FACILITIES_MAINTENANCE,0,0,False,,INSUFFICIENT_SAMPLE
BOD064,Jasmin Elite Residence & Spa,Gümbet,RESERVATION,0,0,False,,INSUFFICIENT_SAMPLE
BOD064,Jasmin Elite Residence & Spa,Gümbet,PAYMENT_REFUND,0,0,False,,INSUFFICIENT_SAMPLE
BOD064,Jasmin Elite Residence & Spa,Gümbet,PRICE_VALUE,0,0,False,,INSUFFICIENT_SAMPLE
BOD064,Jasmin Elite Residence & Spa,Gümbet,CHECKIN_CHECKOUT,0,0,False,,INSUFFICIENT_SAMPLE
BOD064,Jasmin Elite Residence & Spa,Gümbet,AIR_CONDITIONING,0,0,False,,INSUFFICIENT_SAMPLE
BOD064,Jasmin Elite Residence & Spa,Gümbet,NOISE,0,0,False,,INSUFFICIENT_SAMPLE
BOD064,Jasmin Elite Residence & Spa,Gümbet,FAMILY_CHILDREN,0,0,False,,INSUFFICIENT_SAMPLE
BOD064,Jasmin Elite Residence & Spa,Gümbet,TRANSPORT_TRANSFER,0,0,False,,INSUFFICIENT_SAMPLE
BOD064,Jasmin Elite Residence & Spa,Gümbet,MANAGEMENT_COMMUNICATION,0,0,False,,INSUFFICIENT_SAMPLE
BOD064,Jasmin Elite Residence & Spa,Gümbet,SPA_WELLNESS,0,0,False,,INSUFFICIENT_SAMPLE
BOD064,Jasmin Elite Residence & Spa,Gümbet,SAFETY_SECURITY,0,0,False,,INSUFFICIENT_SAMPLE
BOD050,Daphnis Hotel Gölköy,Göltürkbükü,STAFF_SERVICE,0,0,False,,INSUFFICIENT_SAMPLE
BOD050,Daphnis Hotel Gölköy,Göltürkbükü,CLEANLINESS_HYGIENE,0,0,False,,INSUFFICIENT_SAMPLE
BOD050,Daphnis Hotel Gölköy,Göltürkbükü,FOOD_BEVERAGE,0,0,False,,INSUFFICIENT_SAMPLE
BOD050,Daphnis Hotel Gölköy,Göltürkbükü,ROOM,0,0,False,,INSUFFICIENT_SAMPLE
BOD050,Daphnis Hotel Gölköy,Göltürkbükü,BEACH_SEA,0,0,False,,INSUFFICIENT_SAMPLE
BOD050,Daphnis Hotel Gölköy,Göltürkbükü,POOL,0,0,False,,INSUFFICIENT_SAMPLE
BOD050,Daphnis Hotel Gölköy,Göltürkbükü,FACILITIES_MAINTENANCE,0,0,False,,INSUFFICIENT_SAMPLE
BOD050,Daphnis Hotel Gölköy,Göltürkbükü,RESERVATION,0,0,False,,INSUFFICIENT_SAMPLE
BOD050,Daphnis Hotel Gölköy,Göltürkbükü,PAYMENT_REFUND,0,0,False,,INSUFFICIENT_SAMPLE
BOD050,Daphnis Hotel Gölköy,Göltürkbükü,PRICE_VALUE,0,0,False,,INSUFFICIENT_SAMPLE
BOD050,Daphnis Hotel Gölköy,Göltürkbükü,CHECKIN_CHECKOUT,0,0,False,,INSUFFICIENT_SAMPLE
BOD050,Daphnis Hotel Gölköy,Göltürkbükü,AIR_CONDITIONING,0,0,False,,INSUFFICIENT_SAMPLE
BOD050,Daphnis Hotel Gölköy,Göltürkbükü,NOISE,0,0,False,,INSUFFICIENT_SAMPLE
BOD050,Daphnis Hotel Gölköy,Göltürkbükü,FAMILY_CHILDREN,0,0,False,,INSUFFICIENT_SAMPLE
BOD050,Daphnis Hotel Gölköy,Göltürkbükü,TRANSPORT_TRANSFER,0,0,False,,INSUFFICIENT_SAMPLE
BOD050,Daphnis Hotel Gölköy,Göltürkbükü,MANAGEMENT_COMMUNICATION,0,0,False,,INSUFFICIENT_SAMPLE
BOD050,Daphnis Hotel Gölköy,Göltürkbükü,SPA_WELLNESS,0,0,False,,INSUFFICIENT_SAMPLE
BOD050,Daphnis Hotel Gölköy,Göltürkbükü,SAFETY_SECURITY,0,0,False,,INSUFFICIENT_SAMPLE
BOD057,Selvi Bodrum,Göltürkbükü,STAFF_SERVICE,0,0,False,,INSUFFICIENT_SAMPLE
BOD057,Selvi Bodrum,Göltürkbükü,CLEANLINESS_HYGIENE,0,0,False,,INSUFFICIENT_SAMPLE
BOD057,Selvi Bodrum,Göltürkbükü,FOOD_BEVERAGE,0,0,False,,INSUFFICIENT_SAMPLE
BOD057,Selvi Bodrum,Göltürkbükü,ROOM,0,0,False,,INSUFFICIENT_SAMPLE
BOD057,Selvi Bodrum,Göltürkbükü,BEACH_SEA,0,0,False,,INSUFFICIENT_SAMPLE
BOD057,Selvi Bodrum,Göltürkbükü,POOL,0,0,False,,INSUFFICIENT_SAMPLE
BOD057,Selvi Bodrum,Göltürkbükü,FACILITIES_MAINTENANCE,0,0,False,,INSUFFICIENT_SAMPLE
BOD057,Selvi Bodrum,Göltürkbükü,RESERVATION,0,0,False,,INSUFFICIENT_SAMPLE
BOD057,Selvi Bodrum,Göltürkbükü,PAYMENT_REFUND,0,0,False,,INSUFFICIENT_SAMPLE
BOD057,Selvi Bodrum,Göltürkbükü,PRICE_VALUE,0,0,False,,INSUFFICIENT_SAMPLE
BOD057,Selvi Bodrum,Göltürkbükü,CHECKIN_CHECKOUT,0,0,False,,INSUFFICIENT_SAMPLE
BOD057,Selvi Bodrum,Göltürkbükü,AIR_CONDITIONING,0,0,False,,INSUFFICIENT_SAMPLE
BOD057,Selvi Bodrum,Göltürkbükü,NOISE,0,0,False,,INSUFFICIENT_SAMPLE
BOD057,Selvi Bodrum,Göltürkbükü,FAMILY_CHILDREN,0,0,False,,INSUFFICIENT_SAMPLE
BOD057,Selvi Bodrum,Göltürkbükü,TRANSPORT_TRANSFER,0,0,False,,INSUFFICIENT_SAMPLE
BOD057,Selvi Bodrum,Göltürkbükü,MANAGEMENT_COMMUNICATION,0,0,False,,INSUFFICIENT_SAMPLE
BOD057,Selvi Bodrum,Göltürkbükü,SPA_WELLNESS,0,0,False,,INSUFFICIENT_SAMPLE
BOD057,Selvi Bodrum,Göltürkbükü,SAFETY_SECURITY,0,0,False,,INSUFFICIENT_SAMPLE
BOD112,Azure By Yelken Hotel,Kadıkalesi,STAFF_SERVICE,0,0,False,,INSUFFICIENT_SAMPLE
BOD112,Azure By Yelken Hotel,Kadıkalesi,CLEANLINESS_HYGIENE,0,0,False,,INSUFFICIENT_SAMPLE
BOD112,Azure By Yelken Hotel,Kadıkalesi,FOOD_BEVERAGE,0,0,False,,INSUFFICIENT_SAMPLE
BOD112,Azure By Yelken Hotel,Kadıkalesi,ROOM,0,0,False,,INSUFFICIENT_SAMPLE
BOD112,Azure By Yelken Hotel,Kadıkalesi,BEACH_SEA,0,0,False,,INSUFFICIENT_SAMPLE
BOD112,Azure By Yelken Hotel,Kadıkalesi,POOL,0,0,False,,INSUFFICIENT_SAMPLE
BOD112,Azure By Yelken Hotel,Kadıkalesi,FACILITIES_MAINTENANCE,0,0,False,,INSUFFICIENT_SAMPLE
BOD112,Azure By Yelken Hotel,Kadıkalesi,RESERVATION,0,0,False,,INSUFFICIENT_SAMPLE
BOD112,Azure By Yelken Hotel,Kadıkalesi,PAYMENT_REFUND,0,0,False,,INSUFFICIENT_SAMPLE
BOD112,Azure By Yelken Hotel,Kadıkalesi,PRICE_VALUE,0,0,False,,INSUFFICIENT_SAMPLE
BOD112,Azure By Yelken Hotel,Kadıkalesi,CHECKIN_CHECKOUT,0,0,False,,INSUFFICIENT_SAMPLE
BOD112,Azure By Yelken Hotel,Kadıkalesi,AIR_CONDITIONING,0,0,False,,INSUFFICIENT_SAMPLE
BOD112,Azure By Yelken Hotel,Kadıkalesi,NOISE,0,0,False,,INSUFFICIENT_SAMPLE
BOD112,Azure By Yelken Hotel,Kadıkalesi,FAMILY_CHILDREN,0,0,False,,INSUFFICIENT_SAMPLE
BOD112,Azure By Yelken Hotel,Kadıkalesi,TRANSPORT_TRANSFER,0,0,False,,INSUFFICIENT_SAMPLE
BOD112,Azure By Yelken Hotel,Kadıkalesi,MANAGEMENT_COMMUNICATION,0,0,False,,INSUFFICIENT_SAMPLE
BOD112,Azure By Yelken Hotel,Kadıkalesi,SPA_WELLNESS,0,0,False,,INSUFFICIENT_SAMPLE
BOD112,Azure By Yelken Hotel,Kadıkalesi,SAFETY_SECURITY,0,0,False,,INSUFFICIENT_SAMPLE
BOD157,Voyage Torba Private,Torba,STAFF_SERVICE,0,0,False,,INSUFFICIENT_SAMPLE
BOD157,Voyage Torba Private,Torba,CLEANLINESS_HYGIENE,0,0,False,,INSUFFICIENT_SAMPLE
BOD157,Voyage Torba Private,Torba,FOOD_BEVERAGE,0,0,False,,INSUFFICIENT_SAMPLE
BOD157,Voyage Torba Private,Torba,ROOM,0,0,False,,INSUFFICIENT_SAMPLE
BOD157,Voyage Torba Private,Torba,BEACH_SEA,0,0,False,,INSUFFICIENT_SAMPLE
BOD157,Voyage Torba Private,Torba,POOL,0,0,False,,INSUFFICIENT_SAMPLE
BOD157,Voyage Torba Private,Torba,FACILITIES_MAINTENANCE,0,0,False,,INSUFFICIENT_SAMPLE
BOD157,Voyage Torba Private,Torba,RESERVATION,0,0,False,,INSUFFICIENT_SAMPLE
BOD157,Voyage Torba Private,Torba,PAYMENT_REFUND,0,0,False,,INSUFFICIENT_SAMPLE
BOD157,Voyage Torba Private,Torba,PRICE_VALUE,0,0,False,,INSUFFICIENT_SAMPLE
BOD157,Voyage Torba Private,Torba,CHECKIN_CHECKOUT,0,0,False,,INSUFFICIENT_SAMPLE
BOD157,Voyage Torba Private,Torba,AIR_CONDITIONING,0,0,False,,INSUFFICIENT_SAMPLE
BOD157,Voyage Torba Private,Torba,NOISE,0,0,False,,INSUFFICIENT_SAMPLE
BOD157,Voyage Torba Private,Torba,FAMILY_CHILDREN,0,0,False,,INSUFFICIENT_SAMPLE
BOD157,Voyage Torba Private,Torba,TRANSPORT_TRANSFER,0,0,False,,INSUFFICIENT_SAMPLE
BOD157,Voyage Torba Private,Torba,MANAGEMENT_COMMUNICATION,0,0,False,,INSUFFICIENT_SAMPLE
BOD157,Voyage Torba Private,Torba,SPA_WELLNESS,0,0,False,,INSUFFICIENT_SAMPLE
BOD157,Voyage Torba Private,Torba,SAFETY_SECURITY,0,0,False,,INSUFFICIENT_SAMPLE
BOD009,LİV OTEL,Akyarlar,STAFF_SERVICE,0,0,False,,INSUFFICIENT_SAMPLE
BOD009,LİV OTEL,Akyarlar,CLEANLINESS_HYGIENE,0,0,False,,INSUFFICIENT_SAMPLE
BOD009,LİV OTEL,Akyarlar,FOOD_BEVERAGE,0,0,False,,INSUFFICIENT_SAMPLE
BOD009,LİV OTEL,Akyarlar,ROOM,0,0,False,,INSUFFICIENT_SAMPLE
BOD009,LİV OTEL,Akyarlar,BEACH_SEA,0,0,False,,INSUFFICIENT_SAMPLE
BOD009,LİV OTEL,Akyarlar,POOL,0,0,False,,INSUFFICIENT_SAMPLE
BOD009,LİV OTEL,Akyarlar,FACILITIES_MAINTENANCE,0,0,False,,INSUFFICIENT_SAMPLE
BOD009,LİV OTEL,Akyarlar,RESERVATION,0,0,False,,INSUFFICIENT_SAMPLE
BOD009,LİV OTEL,Akyarlar,PAYMENT_REFUND,0,0,False,,INSUFFICIENT_SAMPLE
BOD009,LİV OTEL,Akyarlar,PRICE_VALUE,0,0,False,,INSUFFICIENT_SAMPLE
BOD009,LİV OTEL,Akyarlar,CHECKIN_CHECKOUT,0,0,False,,INSUFFICIENT_SAMPLE
BOD009,LİV OTEL,Akyarlar,AIR_CONDITIONING,0,0,False,,INSUFFICIENT_SAMPLE
BOD009,LİV OTEL,Akyarlar,NOISE,0,0,False,,INSUFFICIENT_SAMPLE
BOD009,LİV OTEL,Akyarlar,FAMILY_CHILDREN,0,0,False,,INSUFFICIENT_SAMPLE
BOD009,LİV OTEL,Akyarlar,TRANSPORT_TRANSFER,0,0,False,,INSUFFICIENT_SAMPLE
BOD009,LİV OTEL,Akyarlar,MANAGEMENT_COMMUNICATION,0,0,False,,INSUFFICIENT_SAMPLE
BOD009,LİV OTEL,Akyarlar,SPA_WELLNESS,0,0,False,,INSUFFICIENT_SAMPLE
BOD009,LİV OTEL,Akyarlar,SAFETY_SECURITY,0,0,False,,INSUFFICIENT_SAMPLE
BOD173,Allium Bodrum Resort & Spa,Yalıkavak,STAFF_SERVICE,0,0,False,,INSUFFICIENT_SAMPLE
BOD173,Allium Bodrum Resort & Spa,Yalıkavak,CLEANLINESS_HYGIENE,0,0,False,,INSUFFICIENT_SAMPLE
BOD173,Allium Bodrum Resort & Spa,Yalıkavak,FOOD_BEVERAGE,0,0,False,,INSUFFICIENT_SAMPLE
BOD173,Allium Bodrum Resort & Spa,Yalıkavak,ROOM,0,0,False,,INSUFFICIENT_SAMPLE
BOD173,Allium Bodrum Resort & Spa,Yalıkavak,BEACH_SEA,0,0,False,,INSUFFICIENT_SAMPLE
BOD173,Allium Bodrum Resort & Spa,Yalıkavak,POOL,0,0,False,,INSUFFICIENT_SAMPLE
BOD173,Allium Bodrum Resort & Spa,Yalıkavak,FACILITIES_MAINTENANCE,0,0,False,,INSUFFICIENT_SAMPLE
BOD173,Allium Bodrum Resort & Spa,Yalıkavak,RESERVATION,0,0,False,,INSUFFICIENT_SAMPLE
BOD173,Allium Bodrum Resort & Spa,Yalıkavak,PAYMENT_REFUND,0,0,False,,INSUFFICIENT_SAMPLE
BOD173,Allium Bodrum Resort & Spa,Yalıkavak,PRICE_VALUE,0,0,False,,INSUFFICIENT_SAMPLE
BOD173,Allium Bodrum Resort & Spa,Yalıkavak,CHECKIN_CHECKOUT,0,0,False,,INSUFFICIENT_SAMPLE
BOD173,Allium Bodrum Resort & Spa,Yalıkavak,AIR_CONDITIONING,0,0,False,,INSUFFICIENT_SAMPLE
BOD173,Allium Bodrum Resort & Spa,Yalıkavak,NOISE,0,0,False,,INSUFFICIENT_SAMPLE
BOD173,Allium Bodrum Resort & Spa,Yalıkavak,FAMILY_CHILDREN,0,0,False,,INSUFFICIENT_SAMPLE
BOD173,Allium Bodrum Resort & Spa,Yalıkavak,TRANSPORT_TRANSFER,0,0,False,,INSUFFICIENT_SAMPLE
BOD173,Allium Bodrum Resort & Spa,Yalıkavak,MANAGEMENT_COMMUNICATION,0,0,False,,INSUFFICIENT_SAMPLE
BOD173,Allium Bodrum Resort & Spa,Yalıkavak,SPA_WELLNESS,0,0,False,,INSUFFICIENT_SAMPLE
BOD173,Allium Bodrum Resort & Spa,Yalıkavak,SAFETY_SECURITY,0,0,False,,INSUFFICIENT_SAMPLE
BOD069,Siesta Beach Apart,Gümbet,STAFF_SERVICE,0,0,False,,INSUFFICIENT_SAMPLE
BOD069,Siesta Beach Apart,Gümbet,CLEANLINESS_HYGIENE,0,0,False,,INSUFFICIENT_SAMPLE
BOD069,Siesta Beach Apart,Gümbet,FOOD_BEVERAGE,0,0,False,,INSUFFICIENT_SAMPLE
BOD069,Siesta Beach Apart,Gümbet,ROOM,0,0,False,,INSUFFICIENT_SAMPLE
BOD069,Siesta Beach Apart,Gümbet,BEACH_SEA,0,0,False,,INSUFFICIENT_SAMPLE
BOD069,Siesta Beach Apart,Gümbet,POOL,0,0,False,,INSUFFICIENT_SAMPLE
BOD069,Siesta Beach Apart,Gümbet,FACILITIES_MAINTENANCE,0,0,False,,INSUFFICIENT_SAMPLE
BOD069,Siesta Beach Apart,Gümbet,RESERVATION,0,0,False,,INSUFFICIENT_SAMPLE
BOD069,Siesta Beach Apart,Gümbet,PAYMENT_REFUND,0,0,False,,INSUFFICIENT_SAMPLE
BOD069,Siesta Beach Apart,Gümbet,PRICE_VALUE,0,0,False,,INSUFFICIENT_SAMPLE
BOD069,Siesta Beach Apart,Gümbet,CHECKIN_CHECKOUT,0,0,False,,INSUFFICIENT_SAMPLE
BOD069,Siesta Beach Apart,Gümbet,AIR_CONDITIONING,0,0,False,,INSUFFICIENT_SAMPLE
BOD069,Siesta Beach Apart,Gümbet,NOISE,0,0,False,,INSUFFICIENT_SAMPLE
BOD069,Siesta Beach Apart,Gümbet,FAMILY_CHILDREN,0,0,False,,INSUFFICIENT_SAMPLE
BOD069,Siesta Beach Apart,Gümbet,TRANSPORT_TRANSFER,0,0,False,,INSUFFICIENT_SAMPLE
BOD069,Siesta Beach Apart,Gümbet,MANAGEMENT_COMMUNICATION,0,0,False,,INSUFFICIENT_SAMPLE
BOD069,Siesta Beach Apart,Gümbet,SPA_WELLNESS,0,0,False,,INSUFFICIENT_SAMPLE
BOD069,Siesta Beach Apart,Gümbet,SAFETY_SECURITY,0,0,False,,INSUFFICIENT_SAMPLE
BOD142,Hotel Torbahan,Torba,STAFF_SERVICE,0,0,False,,INSUFFICIENT_SAMPLE
BOD142,Hotel Torbahan,Torba,CLEANLINESS_HYGIENE,0,0,False,,INSUFFICIENT_SAMPLE
BOD142,Hotel Torbahan,Torba,FOOD_BEVERAGE,0,0,False,,INSUFFICIENT_SAMPLE
BOD142,Hotel Torbahan,Torba,ROOM,0,0,False,,INSUFFICIENT_SAMPLE
BOD142,Hotel Torbahan,Torba,BEACH_SEA,0,0,False,,INSUFFICIENT_SAMPLE
BOD142,Hotel Torbahan,Torba,POOL,0,0,False,,INSUFFICIENT_SAMPLE
BOD142,Hotel Torbahan,Torba,FACILITIES_MAINTENANCE,0,0,False,,INSUFFICIENT_SAMPLE
BOD142,Hotel Torbahan,Torba,RESERVATION,0,0,False,,INSUFFICIENT_SAMPLE
BOD142,Hotel Torbahan,Torba,PAYMENT_REFUND,0,0,False,,INSUFFICIENT_SAMPLE
BOD142,Hotel Torbahan,Torba,PRICE_VALUE,0,0,False,,INSUFFICIENT_SAMPLE
BOD142,Hotel Torbahan,Torba,CHECKIN_CHECKOUT,0,0,False,,INSUFFICIENT_SAMPLE
BOD142,Hotel Torbahan,Torba,AIR_CONDITIONING,0,0,False,,INSUFFICIENT_SAMPLE
BOD142,Hotel Torbahan,Torba,NOISE,0,0,False,,INSUFFICIENT_SAMPLE
BOD142,Hotel Torbahan,Torba,FAMILY_CHILDREN,0,0,False,,INSUFFICIENT_SAMPLE
BOD142,Hotel Torbahan,Torba,TRANSPORT_TRANSFER,0,0,False,,INSUFFICIENT_SAMPLE
BOD142,Hotel Torbahan,Torba,MANAGEMENT_COMMUNICATION,0,0,False,,INSUFFICIENT_SAMPLE
BOD142,Hotel Torbahan,Torba,SPA_WELLNESS,0,0,False,,INSUFFICIENT_SAMPLE
BOD142,Hotel Torbahan,Torba,SAFETY_SECURITY,0,0,False,,INSUFFICIENT_SAMPLE
BOD127,Kriss Hotel,Ortakent-Yahşi,STAFF_SERVICE,0,0,False,,INSUFFICIENT_SAMPLE
BOD127,Kriss Hotel,Ortakent-Yahşi,CLEANLINESS_HYGIENE,0,0,False,,INSUFFICIENT_SAMPLE
BOD127,Kriss Hotel,Ortakent-Yahşi,FOOD_BEVERAGE,0,0,False,,INSUFFICIENT_SAMPLE
BOD127,Kriss Hotel,Ortakent-Yahşi,ROOM,0,0,False,,INSUFFICIENT_SAMPLE
BOD127,Kriss Hotel,Ortakent-Yahşi,BEACH_SEA,0,0,False,,INSUFFICIENT_SAMPLE
BOD127,Kriss Hotel,Ortakent-Yahşi,POOL,0,0,False,,INSUFFICIENT_SAMPLE
BOD127,Kriss Hotel,Ortakent-Yahşi,FACILITIES_MAINTENANCE,0,0,False,,INSUFFICIENT_SAMPLE
BOD127,Kriss Hotel,Ortakent-Yahşi,RESERVATION,0,0,False,,INSUFFICIENT_SAMPLE
BOD127,Kriss Hotel,Ortakent-Yahşi,PAYMENT_REFUND,0,0,False,,INSUFFICIENT_SAMPLE
BOD127,Kriss Hotel,Ortakent-Yahşi,PRICE_VALUE,0,0,False,,INSUFFICIENT_SAMPLE
BOD127,Kriss Hotel,Ortakent-Yahşi,CHECKIN_CHECKOUT,0,0,False,,INSUFFICIENT_SAMPLE
BOD127,Kriss Hotel,Ortakent-Yahşi,AIR_CONDITIONING,0,0,False,,INSUFFICIENT_SAMPLE
BOD127,Kriss Hotel,Ortakent-Yahşi,NOISE,0,0,False,,INSUFFICIENT_SAMPLE
BOD127,Kriss Hotel,Ortakent-Yahşi,FAMILY_CHILDREN,0,0,False,,INSUFFICIENT_SAMPLE
BOD127,Kriss Hotel,Ortakent-Yahşi,TRANSPORT_TRANSFER,0,0,False,,INSUFFICIENT_SAMPLE
BOD127,Kriss Hotel,Ortakent-Yahşi,MANAGEMENT_COMMUNICATION,0,0,False,,INSUFFICIENT_SAMPLE
BOD127,Kriss Hotel,Ortakent-Yahşi,SPA_WELLNESS,0,0,False,,INSUFFICIENT_SAMPLE
BOD127,Kriss Hotel,Ortakent-Yahşi,SAFETY_SECURITY,0,0,False,,INSUFFICIENT_SAMPLE
BOD075,Benjamin Otel,Gümüşlük,STAFF_SERVICE,0,0,False,,INSUFFICIENT_SAMPLE
BOD075,Benjamin Otel,Gümüşlük,CLEANLINESS_HYGIENE,0,0,False,,INSUFFICIENT_SAMPLE
BOD075,Benjamin Otel,Gümüşlük,FOOD_BEVERAGE,0,0,False,,INSUFFICIENT_SAMPLE
BOD075,Benjamin Otel,Gümüşlük,ROOM,0,0,False,,INSUFFICIENT_SAMPLE
BOD075,Benjamin Otel,Gümüşlük,BEACH_SEA,0,0,False,,INSUFFICIENT_SAMPLE
BOD075,Benjamin Otel,Gümüşlük,POOL,0,0,False,,INSUFFICIENT_SAMPLE
BOD075,Benjamin Otel,Gümüşlük,FACILITIES_MAINTENANCE,0,0,False,,INSUFFICIENT_SAMPLE
BOD075,Benjamin Otel,Gümüşlük,RESERVATION,0,0,False,,INSUFFICIENT_SAMPLE
BOD075,Benjamin Otel,Gümüşlük,PAYMENT_REFUND,0,0,False,,INSUFFICIENT_SAMPLE
BOD075,Benjamin Otel,Gümüşlük,PRICE_VALUE,0,0,False,,INSUFFICIENT_SAMPLE
BOD075,Benjamin Otel,Gümüşlük,CHECKIN_CHECKOUT,0,0,False,,INSUFFICIENT_SAMPLE
BOD075,Benjamin Otel,Gümüşlük,AIR_CONDITIONING,0,0,False,,INSUFFICIENT_SAMPLE
BOD075,Benjamin Otel,Gümüşlük,NOISE,0,0,False,,INSUFFICIENT_SAMPLE
BOD075,Benjamin Otel,Gümüşlük,FAMILY_CHILDREN,0,0,False,,INSUFFICIENT_SAMPLE
BOD075,Benjamin Otel,Gümüşlük,TRANSPORT_TRANSFER,0,0,False,,INSUFFICIENT_SAMPLE
BOD075,Benjamin Otel,Gümüşlük,MANAGEMENT_COMMUNICATION,0,0,False,,INSUFFICIENT_SAMPLE
BOD075,Benjamin Otel,Gümüşlük,SPA_WELLNESS,0,0,False,,INSUFFICIENT_SAMPLE
BOD075,Benjamin Otel,Gümüşlük,SAFETY_SECURITY,0,0,False,,INSUFFICIENT_SAMPLE
BOD086,Vega Aparts,Gümüşlük,STAFF_SERVICE,0,0,False,,INSUFFICIENT_SAMPLE
BOD086,Vega Aparts,Gümüşlük,CLEANLINESS_HYGIENE,0,0,False,,INSUFFICIENT_SAMPLE
BOD086,Vega Aparts,Gümüşlük,FOOD_BEVERAGE,0,0,False,,INSUFFICIENT_SAMPLE
BOD086,Vega Aparts,Gümüşlük,ROOM,0,0,False,,INSUFFICIENT_SAMPLE
BOD086,Vega Aparts,Gümüşlük,BEACH_SEA,0,0,False,,INSUFFICIENT_SAMPLE
BOD086,Vega Aparts,Gümüşlük,POOL,0,0,False,,INSUFFICIENT_SAMPLE
BOD086,Vega Aparts,Gümüşlük,FACILITIES_MAINTENANCE,0,0,False,,INSUFFICIENT_SAMPLE
BOD086,Vega Aparts,Gümüşlük,RESERVATION,0,0,False,,INSUFFICIENT_SAMPLE
BOD086,Vega Aparts,Gümüşlük,PAYMENT_REFUND,0,0,False,,INSUFFICIENT_SAMPLE
BOD086,Vega Aparts,Gümüşlük,PRICE_VALUE,0,0,False,,INSUFFICIENT_SAMPLE
BOD086,Vega Aparts,Gümüşlük,CHECKIN_CHECKOUT,0,0,False,,INSUFFICIENT_SAMPLE
BOD086,Vega Aparts,Gümüşlük,AIR_CONDITIONING,0,0,False,,INSUFFICIENT_SAMPLE
BOD086,Vega Aparts,Gümüşlük,NOISE,0,0,False,,INSUFFICIENT_SAMPLE
BOD086,Vega Aparts,Gümüşlük,FAMILY_CHILDREN,0,0,False,,INSUFFICIENT_SAMPLE
BOD086,Vega Aparts,Gümüşlük,TRANSPORT_TRANSFER,0,0,False,,INSUFFICIENT_SAMPLE
BOD086,Vega Aparts,Gümüşlük,MANAGEMENT_COMMUNICATION,0,0,False,,INSUFFICIENT_SAMPLE
BOD086,Vega Aparts,Gümüşlük,SPA_WELLNESS,0,0,False,,INSUFFICIENT_SAMPLE
BOD086,Vega Aparts,Gümüşlük,SAFETY_SECURITY,0,0,False,,INSUFFICIENT_SAMPLE
BOD031,Okaliptus Otel,Bitez,STAFF_SERVICE,0,0,False,,INSUFFICIENT_SAMPLE
BOD031,Okaliptus Otel,Bitez,CLEANLINESS_HYGIENE,0,0,False,,INSUFFICIENT_SAMPLE
BOD031,Okaliptus Otel,Bitez,FOOD_BEVERAGE,0,0,False,,INSUFFICIENT_SAMPLE
BOD031,Okaliptus Otel,Bitez,ROOM,0,0,False,,INSUFFICIENT_SAMPLE
BOD031,Okaliptus Otel,Bitez,BEACH_SEA,0,0,False,,INSUFFICIENT_SAMPLE
BOD031,Okaliptus Otel,Bitez,POOL,0,0,False,,INSUFFICIENT_SAMPLE
BOD031,Okaliptus Otel,Bitez,FACILITIES_MAINTENANCE,0,0,False,,INSUFFICIENT_SAMPLE
BOD031,Okaliptus Otel,Bitez,RESERVATION,0,0,False,,INSUFFICIENT_SAMPLE
BOD031,Okaliptus Otel,Bitez,PAYMENT_REFUND,0,0,False,,INSUFFICIENT_SAMPLE
BOD031,Okaliptus Otel,Bitez,PRICE_VALUE,0,0,False,,INSUFFICIENT_SAMPLE
BOD031,Okaliptus Otel,Bitez,CHECKIN_CHECKOUT,0,0,False,,INSUFFICIENT_SAMPLE
BOD031,Okaliptus Otel,Bitez,AIR_CONDITIONING,0,0,False,,INSUFFICIENT_SAMPLE
BOD031,Okaliptus Otel,Bitez,NOISE,0,0,False,,INSUFFICIENT_SAMPLE
BOD031,Okaliptus Otel,Bitez,FAMILY_CHILDREN,0,0,False,,INSUFFICIENT_SAMPLE
BOD031,Okaliptus Otel,Bitez,TRANSPORT_TRANSFER,0,0,False,,INSUFFICIENT_SAMPLE
BOD031,Okaliptus Otel,Bitez,MANAGEMENT_COMMUNICATION,0,0,False,,INSUFFICIENT_SAMPLE
BOD031,Okaliptus Otel,Bitez,SPA_WELLNESS,0,0,False,,INSUFFICIENT_SAMPLE
BOD031,Okaliptus Otel,Bitez,SAFETY_SECURITY,0,0,False,,INSUFFICIENT_SAMPLE
BOD136,Zest Exclusive Hotel and Spa,Ortakent-Yahşi,STAFF_SERVICE,0,0,False,,INSUFFICIENT_SAMPLE
BOD136,Zest Exclusive Hotel and Spa,Ortakent-Yahşi,CLEANLINESS_HYGIENE,0,0,False,,INSUFFICIENT_SAMPLE
BOD136,Zest Exclusive Hotel and Spa,Ortakent-Yahşi,FOOD_BEVERAGE,0,0,False,,INSUFFICIENT_SAMPLE
BOD136,Zest Exclusive Hotel and Spa,Ortakent-Yahşi,ROOM,0,0,False,,INSUFFICIENT_SAMPLE
BOD136,Zest Exclusive Hotel and Spa,Ortakent-Yahşi,BEACH_SEA,0,0,False,,INSUFFICIENT_SAMPLE
BOD136,Zest Exclusive Hotel and Spa,Ortakent-Yahşi,POOL,0,0,False,,INSUFFICIENT_SAMPLE
BOD136,Zest Exclusive Hotel and Spa,Ortakent-Yahşi,FACILITIES_MAINTENANCE,0,0,False,,INSUFFICIENT_SAMPLE
BOD136,Zest Exclusive Hotel and Spa,Ortakent-Yahşi,RESERVATION,0,0,False,,INSUFFICIENT_SAMPLE
BOD136,Zest Exclusive Hotel and Spa,Ortakent-Yahşi,PAYMENT_REFUND,0,0,False,,INSUFFICIENT_SAMPLE
BOD136,Zest Exclusive Hotel and Spa,Ortakent-Yahşi,PRICE_VALUE,0,0,False,,INSUFFICIENT_SAMPLE
BOD136,Zest Exclusive Hotel and Spa,Ortakent-Yahşi,CHECKIN_CHECKOUT,0,0,False,,INSUFFICIENT_SAMPLE
BOD136,Zest Exclusive Hotel and Spa,Ortakent-Yahşi,AIR_CONDITIONING,0,0,False,,INSUFFICIENT_SAMPLE
BOD136,Zest Exclusive Hotel and Spa,Ortakent-Yahşi,NOISE,0,0,False,,INSUFFICIENT_SAMPLE
BOD136,Zest Exclusive Hotel and Spa,Ortakent-Yahşi,FAMILY_CHILDREN,0,0,False,,INSUFFICIENT_SAMPLE
BOD136,Zest Exclusive Hotel and Spa,Ortakent-Yahşi,TRANSPORT_TRANSFER,0,0,False,,INSUFFICIENT_SAMPLE
BOD136,Zest Exclusive Hotel and Spa,Ortakent-Yahşi,MANAGEMENT_COMMUNICATION,0,0,False,,INSUFFICIENT_SAMPLE
BOD136,Zest Exclusive Hotel and Spa,Ortakent-Yahşi,SPA_WELLNESS,0,0,False,,INSUFFICIENT_SAMPLE
BOD136,Zest Exclusive Hotel and Spa,Ortakent-Yahşi,SAFETY_SECURITY,0,0,False,,INSUFFICIENT_SAMPLE
BOD059,Bodrum Hotel Baba,Gümbet,STAFF_SERVICE,0,0,False,,INSUFFICIENT_SAMPLE
BOD059,Bodrum Hotel Baba,Gümbet,CLEANLINESS_HYGIENE,0,0,False,,INSUFFICIENT_SAMPLE
BOD059,Bodrum Hotel Baba,Gümbet,FOOD_BEVERAGE,0,0,False,,INSUFFICIENT_SAMPLE
BOD059,Bodrum Hotel Baba,Gümbet,ROOM,0,0,False,,INSUFFICIENT_SAMPLE
BOD059,Bodrum Hotel Baba,Gümbet,BEACH_SEA,0,0,False,,INSUFFICIENT_SAMPLE
BOD059,Bodrum Hotel Baba,Gümbet,POOL,0,0,False,,INSUFFICIENT_SAMPLE
BOD059,Bodrum Hotel Baba,Gümbet,FACILITIES_MAINTENANCE,0,0,False,,INSUFFICIENT_SAMPLE
BOD059,Bodrum Hotel Baba,Gümbet,RESERVATION,0,0,False,,INSUFFICIENT_SAMPLE
BOD059,Bodrum Hotel Baba,Gümbet,PAYMENT_REFUND,0,0,False,,INSUFFICIENT_SAMPLE
BOD059,Bodrum Hotel Baba,Gümbet,PRICE_VALUE,0,0,False,,INSUFFICIENT_SAMPLE
BOD059,Bodrum Hotel Baba,Gümbet,CHECKIN_CHECKOUT,0,0,False,,INSUFFICIENT_SAMPLE
BOD059,Bodrum Hotel Baba,Gümbet,AIR_CONDITIONING,0,0,False,,INSUFFICIENT_SAMPLE
BOD059,Bodrum Hotel Baba,Gümbet,NOISE,0,0,False,,INSUFFICIENT_SAMPLE
BOD059,Bodrum Hotel Baba,Gümbet,FAMILY_CHILDREN,0,0,False,,INSUFFICIENT_SAMPLE
BOD059,Bodrum Hotel Baba,Gümbet,TRANSPORT_TRANSFER,0,0,False,,INSUFFICIENT_SAMPLE
BOD059,Bodrum Hotel Baba,Gümbet,MANAGEMENT_COMMUNICATION,0,0,False,,INSUFFICIENT_SAMPLE
BOD059,Bodrum Hotel Baba,Gümbet,SPA_WELLNESS,0,0,False,,INSUFFICIENT_SAMPLE
BOD059,Bodrum Hotel Baba,Gümbet,SAFETY_SECURITY,0,0,False,,INSUFFICIENT_SAMPLE
BOD183,Ruins Luxury Resort,Yalıkavak,STAFF_SERVICE,0,0,False,,INSUFFICIENT_SAMPLE
BOD183,Ruins Luxury Resort,Yalıkavak,CLEANLINESS_HYGIENE,0,0,False,,INSUFFICIENT_SAMPLE
BOD183,Ruins Luxury Resort,Yalıkavak,FOOD_BEVERAGE,0,0,False,,INSUFFICIENT_SAMPLE
BOD183,Ruins Luxury Resort,Yalıkavak,ROOM,0,0,False,,INSUFFICIENT_SAMPLE
BOD183,Ruins Luxury Resort,Yalıkavak,BEACH_SEA,0,0,False,,INSUFFICIENT_SAMPLE
BOD183,Ruins Luxury Resort,Yalıkavak,POOL,0,0,False,,INSUFFICIENT_SAMPLE
BOD183,Ruins Luxury Resort,Yalıkavak,FACILITIES_MAINTENANCE,0,0,False,,INSUFFICIENT_SAMPLE
BOD183,Ruins Luxury Resort,Yalıkavak,RESERVATION,0,0,False,,INSUFFICIENT_SAMPLE
BOD183,Ruins Luxury Resort,Yalıkavak,PAYMENT_REFUND,0,0,False,,INSUFFICIENT_SAMPLE
BOD183,Ruins Luxury Resort,Yalıkavak,PRICE_VALUE,0,0,False,,INSUFFICIENT_SAMPLE
BOD183,Ruins Luxury Resort,Yalıkavak,CHECKIN_CHECKOUT,0,0,False,,INSUFFICIENT_SAMPLE
BOD183,Ruins Luxury Resort,Yalıkavak,AIR_CONDITIONING,0,0,False,,INSUFFICIENT_SAMPLE
BOD183,Ruins Luxury Resort,Yalıkavak,NOISE,0,0,False,,INSUFFICIENT_SAMPLE
BOD183,Ruins Luxury Resort,Yalıkavak,FAMILY_CHILDREN,0,0,False,,INSUFFICIENT_SAMPLE
BOD183,Ruins Luxury Resort,Yalıkavak,TRANSPORT_TRANSFER,0,0,False,,INSUFFICIENT_SAMPLE
BOD183,Ruins Luxury Resort,Yalıkavak,MANAGEMENT_COMMUNICATION,0,0,False,,INSUFFICIENT_SAMPLE
BOD183,Ruins Luxury Resort,Yalıkavak,SPA_WELLNESS,0,0,False,,INSUFFICIENT_SAMPLE
BOD183,Ruins Luxury Resort,Yalıkavak,SAFETY_SECURITY,0,0,False,,INSUFFICIENT_SAMPLE
BOD126,Khai Hotel Bodrum,Ortakent-Yahşi,STAFF_SERVICE,0,0,False,,INSUFFICIENT_SAMPLE
BOD126,Khai Hotel Bodrum,Ortakent-Yahşi,CLEANLINESS_HYGIENE,0,0,False,,INSUFFICIENT_SAMPLE
BOD126,Khai Hotel Bodrum,Ortakent-Yahşi,FOOD_BEVERAGE,0,0,False,,INSUFFICIENT_SAMPLE
BOD126,Khai Hotel Bodrum,Ortakent-Yahşi,ROOM,0,0,False,,INSUFFICIENT_SAMPLE
BOD126,Khai Hotel Bodrum,Ortakent-Yahşi,BEACH_SEA,0,0,False,,INSUFFICIENT_SAMPLE
BOD126,Khai Hotel Bodrum,Ortakent-Yahşi,POOL,0,0,False,,INSUFFICIENT_SAMPLE
BOD126,Khai Hotel Bodrum,Ortakent-Yahşi,FACILITIES_MAINTENANCE,0,0,False,,INSUFFICIENT_SAMPLE
BOD126,Khai Hotel Bodrum,Ortakent-Yahşi,RESERVATION,0,0,False,,INSUFFICIENT_SAMPLE
BOD126,Khai Hotel Bodrum,Ortakent-Yahşi,PAYMENT_REFUND,0,0,False,,INSUFFICIENT_SAMPLE
BOD126,Khai Hotel Bodrum,Ortakent-Yahşi,PRICE_VALUE,0,0,False,,INSUFFICIENT_SAMPLE
BOD126,Khai Hotel Bodrum,Ortakent-Yahşi,CHECKIN_CHECKOUT,0,0,False,,INSUFFICIENT_SAMPLE
BOD126,Khai Hotel Bodrum,Ortakent-Yahşi,AIR_CONDITIONING,0,0,False,,INSUFFICIENT_SAMPLE
BOD126,Khai Hotel Bodrum,Ortakent-Yahşi,NOISE,0,0,False,,INSUFFICIENT_SAMPLE
BOD126,Khai Hotel Bodrum,Ortakent-Yahşi,FAMILY_CHILDREN,0,0,False,,INSUFFICIENT_SAMPLE
BOD126,Khai Hotel Bodrum,Ortakent-Yahşi,TRANSPORT_TRANSFER,0,0,False,,INSUFFICIENT_SAMPLE
BOD126,Khai Hotel Bodrum,Ortakent-Yahşi,MANAGEMENT_COMMUNICATION,0,0,False,,INSUFFICIENT_SAMPLE
BOD126,Khai Hotel Bodrum,Ortakent-Yahşi,SPA_WELLNESS,0,0,False,,INSUFFICIENT_SAMPLE
BOD126,Khai Hotel Bodrum,Ortakent-Yahşi,SAFETY_SECURITY,0,0,False,,INSUFFICIENT_SAMPLE
BOD082,Otel Gümüşlük,Gümüşlük,STAFF_SERVICE,0,0,False,,INSUFFICIENT_SAMPLE
BOD082,Otel Gümüşlük,Gümüşlük,CLEANLINESS_HYGIENE,0,0,False,,INSUFFICIENT_SAMPLE
BOD082,Otel Gümüşlük,Gümüşlük,FOOD_BEVERAGE,0,0,False,,INSUFFICIENT_SAMPLE
BOD082,Otel Gümüşlük,Gümüşlük,ROOM,0,0,False,,INSUFFICIENT_SAMPLE
BOD082,Otel Gümüşlük,Gümüşlük,BEACH_SEA,0,0,False,,INSUFFICIENT_SAMPLE
BOD082,Otel Gümüşlük,Gümüşlük,POOL,0,0,False,,INSUFFICIENT_SAMPLE
BOD082,Otel Gümüşlük,Gümüşlük,FACILITIES_MAINTENANCE,0,0,False,,INSUFFICIENT_SAMPLE
BOD082,Otel Gümüşlük,Gümüşlük,RESERVATION,0,0,False,,INSUFFICIENT_SAMPLE
BOD082,Otel Gümüşlük,Gümüşlük,PAYMENT_REFUND,0,0,False,,INSUFFICIENT_SAMPLE
BOD082,Otel Gümüşlük,Gümüşlük,PRICE_VALUE,0,0,False,,INSUFFICIENT_SAMPLE
BOD082,Otel Gümüşlük,Gümüşlük,CHECKIN_CHECKOUT,0,0,False,,INSUFFICIENT_SAMPLE
BOD082,Otel Gümüşlük,Gümüşlük,AIR_CONDITIONING,0,0,False,,INSUFFICIENT_SAMPLE
BOD082,Otel Gümüşlük,Gümüşlük,NOISE,0,0,False,,INSUFFICIENT_SAMPLE
BOD082,Otel Gümüşlük,Gümüşlük,FAMILY_CHILDREN,0,0,False,,INSUFFICIENT_SAMPLE
BOD082,Otel Gümüşlük,Gümüşlük,TRANSPORT_TRANSFER,0,0,False,,INSUFFICIENT_SAMPLE
BOD082,Otel Gümüşlük,Gümüşlük,MANAGEMENT_COMMUNICATION,0,0,False,,INSUFFICIENT_SAMPLE
BOD082,Otel Gümüşlük,Gümüşlük,SPA_WELLNESS,0,0,False,,INSUFFICIENT_SAMPLE
BOD082,Otel Gümüşlük,Gümüşlük,SAFETY_SECURITY,0,0,False,,INSUFFICIENT_SAMPLE
BOD175,Avantgarde Refined Hotel | Yalıkavak,Yalıkavak,STAFF_SERVICE,0,0,False,,INSUFFICIENT_SAMPLE
BOD175,Avantgarde Refined Hotel | Yalıkavak,Yalıkavak,CLEANLINESS_HYGIENE,0,0,False,,INSUFFICIENT_SAMPLE
BOD175,Avantgarde Refined Hotel | Yalıkavak,Yalıkavak,FOOD_BEVERAGE,0,0,False,,INSUFFICIENT_SAMPLE
BOD175,Avantgarde Refined Hotel | Yalıkavak,Yalıkavak,ROOM,0,0,False,,INSUFFICIENT_SAMPLE
BOD175,Avantgarde Refined Hotel | Yalıkavak,Yalıkavak,BEACH_SEA,0,0,False,,INSUFFICIENT_SAMPLE
BOD175,Avantgarde Refined Hotel | Yalıkavak,Yalıkavak,POOL,0,0,False,,INSUFFICIENT_SAMPLE
BOD175,Avantgarde Refined Hotel | Yalıkavak,Yalıkavak,FACILITIES_MAINTENANCE,0,0,False,,INSUFFICIENT_SAMPLE
BOD175,Avantgarde Refined Hotel | Yalıkavak,Yalıkavak,RESERVATION,0,0,False,,INSUFFICIENT_SAMPLE
BOD175,Avantgarde Refined Hotel | Yalıkavak,Yalıkavak,PAYMENT_REFUND,0,0,False,,INSUFFICIENT_SAMPLE
BOD175,Avantgarde Refined Hotel | Yalıkavak,Yalıkavak,PRICE_VALUE,0,0,False,,INSUFFICIENT_SAMPLE
BOD175,Avantgarde Refined Hotel | Yalıkavak,Yalıkavak,CHECKIN_CHECKOUT,0,0,False,,INSUFFICIENT_SAMPLE
BOD175,Avantgarde Refined Hotel | Yalıkavak,Yalıkavak,AIR_CONDITIONING,0,0,False,,INSUFFICIENT_SAMPLE
BOD175,Avantgarde Refined Hotel | Yalıkavak,Yalıkavak,NOISE,0,0,False,,INSUFFICIENT_SAMPLE
BOD175,Avantgarde Refined Hotel | Yalıkavak,Yalıkavak,FAMILY_CHILDREN,0,0,False,,INSUFFICIENT_SAMPLE
BOD175,Avantgarde Refined Hotel | Yalıkavak,Yalıkavak,TRANSPORT_TRANSFER,0,0,False,,INSUFFICIENT_SAMPLE
BOD175,Avantgarde Refined Hotel | Yalıkavak,Yalıkavak,MANAGEMENT_COMMUNICATION,0,0,False,,INSUFFICIENT_SAMPLE
BOD175,Avantgarde Refined Hotel | Yalıkavak,Yalıkavak,SPA_WELLNESS,0,0,False,,INSUFFICIENT_SAMPLE
BOD175,Avantgarde Refined Hotel | Yalıkavak,Yalıkavak,SAFETY_SECURITY,0,0,False,,INSUFFICIENT_SAMPLE
BOD008,LA BREZZA SUITE &HOTEL,Akyarlar,STAFF_SERVICE,0,0,False,,INSUFFICIENT_SAMPLE
BOD008,LA BREZZA SUITE &HOTEL,Akyarlar,CLEANLINESS_HYGIENE,0,0,False,,INSUFFICIENT_SAMPLE
BOD008,LA BREZZA SUITE &HOTEL,Akyarlar,FOOD_BEVERAGE,0,0,False,,INSUFFICIENT_SAMPLE
BOD008,LA BREZZA SUITE &HOTEL,Akyarlar,ROOM,0,0,False,,INSUFFICIENT_SAMPLE
BOD008,LA BREZZA SUITE &HOTEL,Akyarlar,BEACH_SEA,0,0,False,,INSUFFICIENT_SAMPLE
BOD008,LA BREZZA SUITE &HOTEL,Akyarlar,POOL,0,0,False,,INSUFFICIENT_SAMPLE
BOD008,LA BREZZA SUITE &HOTEL,Akyarlar,FACILITIES_MAINTENANCE,0,0,False,,INSUFFICIENT_SAMPLE
BOD008,LA BREZZA SUITE &HOTEL,Akyarlar,RESERVATION,0,0,False,,INSUFFICIENT_SAMPLE
BOD008,LA BREZZA SUITE &HOTEL,Akyarlar,PAYMENT_REFUND,0,0,False,,INSUFFICIENT_SAMPLE
BOD008,LA BREZZA SUITE &HOTEL,Akyarlar,PRICE_VALUE,0,0,False,,INSUFFICIENT_SAMPLE
BOD008,LA BREZZA SUITE &HOTEL,Akyarlar,CHECKIN_CHECKOUT,0,0,False,,INSUFFICIENT_SAMPLE
BOD008,LA BREZZA SUITE &HOTEL,Akyarlar,AIR_CONDITIONING,0,0,False,,INSUFFICIENT_SAMPLE
BOD008,LA BREZZA SUITE &HOTEL,Akyarlar,NOISE,0,0,False,,INSUFFICIENT_SAMPLE
BOD008,LA BREZZA SUITE &HOTEL,Akyarlar,FAMILY_CHILDREN,0,0,False,,INSUFFICIENT_SAMPLE
BOD008,LA BREZZA SUITE &HOTEL,Akyarlar,TRANSPORT_TRANSFER,0,0,False,,INSUFFICIENT_SAMPLE
BOD008,LA BREZZA SUITE &HOTEL,Akyarlar,MANAGEMENT_COMMUNICATION,0,0,False,,INSUFFICIENT_SAMPLE
BOD008,LA BREZZA SUITE &HOTEL,Akyarlar,SPA_WELLNESS,0,0,False,,INSUFFICIENT_SAMPLE
BOD008,LA BREZZA SUITE &HOTEL,Akyarlar,SAFETY_SECURITY,0,0,False,,INSUFFICIENT_SAMPLE
BOD078,Liman Hotel Gümüslük (Adult only),Gümüşlük,STAFF_SERVICE,0,0,False,,INSUFFICIENT_SAMPLE
BOD078,Liman Hotel Gümüslük (Adult only),Gümüşlük,CLEANLINESS_HYGIENE,0,0,False,,INSUFFICIENT_SAMPLE
BOD078,Liman Hotel Gümüslük (Adult only),Gümüşlük,FOOD_BEVERAGE,0,0,False,,INSUFFICIENT_SAMPLE
BOD078,Liman Hotel Gümüslük (Adult only),Gümüşlük,ROOM,0,0,False,,INSUFFICIENT_SAMPLE
BOD078,Liman Hotel Gümüslük (Adult only),Gümüşlük,BEACH_SEA,0,0,False,,INSUFFICIENT_SAMPLE
BOD078,Liman Hotel Gümüslük (Adult only),Gümüşlük,POOL,0,0,False,,INSUFFICIENT_SAMPLE
BOD078,Liman Hotel Gümüslük (Adult only),Gümüşlük,FACILITIES_MAINTENANCE,0,0,False,,INSUFFICIENT_SAMPLE
BOD078,Liman Hotel Gümüslük (Adult only),Gümüşlük,RESERVATION,0,0,False,,INSUFFICIENT_SAMPLE
BOD078,Liman Hotel Gümüslük (Adult only),Gümüşlük,PAYMENT_REFUND,0,0,False,,INSUFFICIENT_SAMPLE
BOD078,Liman Hotel Gümüslük (Adult only),Gümüşlük,PRICE_VALUE,0,0,False,,INSUFFICIENT_SAMPLE
BOD078,Liman Hotel Gümüslük (Adult only),Gümüşlük,CHECKIN_CHECKOUT,0,0,False,,INSUFFICIENT_SAMPLE
BOD078,Liman Hotel Gümüslük (Adult only),Gümüşlük,AIR_CONDITIONING,0,0,False,,INSUFFICIENT_SAMPLE
BOD078,Liman Hotel Gümüslük (Adult only),Gümüşlük,NOISE,0,0,False,,INSUFFICIENT_SAMPLE
BOD078,Liman Hotel Gümüslük (Adult only),Gümüşlük,FAMILY_CHILDREN,0,0,False,,INSUFFICIENT_SAMPLE
BOD078,Liman Hotel Gümüslük (Adult only),Gümüşlük,TRANSPORT_TRANSFER,0,0,False,,INSUFFICIENT_SAMPLE
BOD078,Liman Hotel Gümüslük (Adult only),Gümüşlük,MANAGEMENT_COMMUNICATION,0,0,False,,INSUFFICIENT_SAMPLE
BOD078,Liman Hotel Gümüslük (Adult only),Gümüşlük,SPA_WELLNESS,0,0,False,,INSUFFICIENT_SAMPLE
BOD078,Liman Hotel Gümüslük (Adult only),Gümüşlük,SAFETY_SECURITY,0,0,False,,INSUFFICIENT_SAMPLE
BOD178,Highlight Hotel Yalıkavak,Yalıkavak,STAFF_SERVICE,0,0,False,,INSUFFICIENT_SAMPLE
BOD178,Highlight Hotel Yalıkavak,Yalıkavak,CLEANLINESS_HYGIENE,0,0,False,,INSUFFICIENT_SAMPLE
BOD178,Highlight Hotel Yalıkavak,Yalıkavak,FOOD_BEVERAGE,0,0,False,,INSUFFICIENT_SAMPLE
BOD178,Highlight Hotel Yalıkavak,Yalıkavak,ROOM,0,0,False,,INSUFFICIENT_SAMPLE
BOD178,Highlight Hotel Yalıkavak,Yalıkavak,BEACH_SEA,0,0,False,,INSUFFICIENT_SAMPLE
BOD178,Highlight Hotel Yalıkavak,Yalıkavak,POOL,0,0,False,,INSUFFICIENT_SAMPLE
BOD178,Highlight Hotel Yalıkavak,Yalıkavak,FACILITIES_MAINTENANCE,0,0,False,,INSUFFICIENT_SAMPLE
BOD178,Highlight Hotel Yalıkavak,Yalıkavak,RESERVATION,0,0,False,,INSUFFICIENT_SAMPLE
BOD178,Highlight Hotel Yalıkavak,Yalıkavak,PAYMENT_REFUND,0,0,False,,INSUFFICIENT_SAMPLE
BOD178,Highlight Hotel Yalıkavak,Yalıkavak,PRICE_VALUE,0,0,False,,INSUFFICIENT_SAMPLE
BOD178,Highlight Hotel Yalıkavak,Yalıkavak,CHECKIN_CHECKOUT,0,0,False,,INSUFFICIENT_SAMPLE
BOD178,Highlight Hotel Yalıkavak,Yalıkavak,AIR_CONDITIONING,0,0,False,,INSUFFICIENT_SAMPLE
BOD178,Highlight Hotel Yalıkavak,Yalıkavak,NOISE,0,0,False,,INSUFFICIENT_SAMPLE
BOD178,Highlight Hotel Yalıkavak,Yalıkavak,FAMILY_CHILDREN,0,0,False,,INSUFFICIENT_SAMPLE
BOD178,Highlight Hotel Yalıkavak,Yalıkavak,TRANSPORT_TRANSFER,0,0,False,,INSUFFICIENT_SAMPLE
BOD178,Highlight Hotel Yalıkavak,Yalıkavak,MANAGEMENT_COMMUNICATION,0,0,False,,INSUFFICIENT_SAMPLE
BOD178,Highlight Hotel Yalıkavak,Yalıkavak,SPA_WELLNESS,0,0,False,,INSUFFICIENT_SAMPLE
BOD178,Highlight Hotel Yalıkavak,Yalıkavak,SAFETY_SECURITY,0,0,False,,INSUFFICIENT_SAMPLE
BOD077,Ladonia Hotels Zemda,Gümüşlük,STAFF_SERVICE,0,0,False,,INSUFFICIENT_SAMPLE
BOD077,Ladonia Hotels Zemda,Gümüşlük,CLEANLINESS_HYGIENE,0,0,False,,INSUFFICIENT_SAMPLE
BOD077,Ladonia Hotels Zemda,Gümüşlük,FOOD_BEVERAGE,0,0,False,,INSUFFICIENT_SAMPLE
BOD077,Ladonia Hotels Zemda,Gümüşlük,ROOM,0,0,False,,INSUFFICIENT_SAMPLE
BOD077,Ladonia Hotels Zemda,Gümüşlük,BEACH_SEA,0,0,False,,INSUFFICIENT_SAMPLE
BOD077,Ladonia Hotels Zemda,Gümüşlük,POOL,0,0,False,,INSUFFICIENT_SAMPLE
BOD077,Ladonia Hotels Zemda,Gümüşlük,FACILITIES_MAINTENANCE,0,0,False,,INSUFFICIENT_SAMPLE
BOD077,Ladonia Hotels Zemda,Gümüşlük,RESERVATION,0,0,False,,INSUFFICIENT_SAMPLE
BOD077,Ladonia Hotels Zemda,Gümüşlük,PAYMENT_REFUND,0,0,False,,INSUFFICIENT_SAMPLE
BOD077,Ladonia Hotels Zemda,Gümüşlük,PRICE_VALUE,0,0,False,,INSUFFICIENT_SAMPLE
BOD077,Ladonia Hotels Zemda,Gümüşlük,CHECKIN_CHECKOUT,0,0,False,,INSUFFICIENT_SAMPLE
BOD077,Ladonia Hotels Zemda,Gümüşlük,AIR_CONDITIONING,0,0,False,,INSUFFICIENT_SAMPLE
BOD077,Ladonia Hotels Zemda,Gümüşlük,NOISE,0,0,False,,INSUFFICIENT_SAMPLE
BOD077,Ladonia Hotels Zemda,Gümüşlük,FAMILY_CHILDREN,0,0,False,,INSUFFICIENT_SAMPLE
BOD077,Ladonia Hotels Zemda,Gümüşlük,TRANSPORT_TRANSFER,0,0,False,,INSUFFICIENT_SAMPLE
BOD077,Ladonia Hotels Zemda,Gümüşlük,MANAGEMENT_COMMUNICATION,0,0,False,,INSUFFICIENT_SAMPLE
BOD077,Ladonia Hotels Zemda,Gümüşlük,SPA_WELLNESS,0,0,False,,INSUFFICIENT_SAMPLE
BOD077,Ladonia Hotels Zemda,Gümüşlük,SAFETY_SECURITY,0,0,False,,INSUFFICIENT_SAMPLE
BOD051,Faros Bodrum Hotel Göltürkbükü,Göltürkbükü,STAFF_SERVICE,0,0,False,,INSUFFICIENT_SAMPLE
BOD051,Faros Bodrum Hotel Göltürkbükü,Göltürkbükü,CLEANLINESS_HYGIENE,0,0,False,,INSUFFICIENT_SAMPLE
BOD051,Faros Bodrum Hotel Göltürkbükü,Göltürkbükü,FOOD_BEVERAGE,0,0,False,,INSUFFICIENT_SAMPLE
BOD051,Faros Bodrum Hotel Göltürkbükü,Göltürkbükü,ROOM,0,0,False,,INSUFFICIENT_SAMPLE
BOD051,Faros Bodrum Hotel Göltürkbükü,Göltürkbükü,BEACH_SEA,0,0,False,,INSUFFICIENT_SAMPLE
BOD051,Faros Bodrum Hotel Göltürkbükü,Göltürkbükü,POOL,0,0,False,,INSUFFICIENT_SAMPLE
BOD051,Faros Bodrum Hotel Göltürkbükü,Göltürkbükü,FACILITIES_MAINTENANCE,0,0,False,,INSUFFICIENT_SAMPLE
BOD051,Faros Bodrum Hotel Göltürkbükü,Göltürkbükü,RESERVATION,0,0,False,,INSUFFICIENT_SAMPLE
BOD051,Faros Bodrum Hotel Göltürkbükü,Göltürkbükü,PAYMENT_REFUND,0,0,False,,INSUFFICIENT_SAMPLE
BOD051,Faros Bodrum Hotel Göltürkbükü,Göltürkbükü,PRICE_VALUE,0,0,False,,INSUFFICIENT_SAMPLE
BOD051,Faros Bodrum Hotel Göltürkbükü,Göltürkbükü,CHECKIN_CHECKOUT,0,0,False,,INSUFFICIENT_SAMPLE
BOD051,Faros Bodrum Hotel Göltürkbükü,Göltürkbükü,AIR_CONDITIONING,0,0,False,,INSUFFICIENT_SAMPLE
BOD051,Faros Bodrum Hotel Göltürkbükü,Göltürkbükü,NOISE,0,0,False,,INSUFFICIENT_SAMPLE
BOD051,Faros Bodrum Hotel Göltürkbükü,Göltürkbükü,FAMILY_CHILDREN,0,0,False,,INSUFFICIENT_SAMPLE
BOD051,Faros Bodrum Hotel Göltürkbükü,Göltürkbükü,TRANSPORT_TRANSFER,0,0,False,,INSUFFICIENT_SAMPLE
BOD051,Faros Bodrum Hotel Göltürkbükü,Göltürkbükü,MANAGEMENT_COMMUNICATION,0,0,False,,INSUFFICIENT_SAMPLE
BOD051,Faros Bodrum Hotel Göltürkbükü,Göltürkbükü,SPA_WELLNESS,0,0,False,,INSUFFICIENT_SAMPLE
BOD051,Faros Bodrum Hotel Göltürkbükü,Göltürkbükü,SAFETY_SECURITY,0,0,False,,INSUFFICIENT_SAMPLE
BOD111,Zena Hotel Bodrum,Güvercinlik,STAFF_SERVICE,0,0,False,,INSUFFICIENT_SAMPLE
BOD111,Zena Hotel Bodrum,Güvercinlik,CLEANLINESS_HYGIENE,0,0,False,,INSUFFICIENT_SAMPLE
BOD111,Zena Hotel Bodrum,Güvercinlik,FOOD_BEVERAGE,0,0,False,,INSUFFICIENT_SAMPLE
BOD111,Zena Hotel Bodrum,Güvercinlik,ROOM,0,0,False,,INSUFFICIENT_SAMPLE
BOD111,Zena Hotel Bodrum,Güvercinlik,BEACH_SEA,0,0,False,,INSUFFICIENT_SAMPLE
BOD111,Zena Hotel Bodrum,Güvercinlik,POOL,0,0,False,,INSUFFICIENT_SAMPLE
BOD111,Zena Hotel Bodrum,Güvercinlik,FACILITIES_MAINTENANCE,0,0,False,,INSUFFICIENT_SAMPLE
BOD111,Zena Hotel Bodrum,Güvercinlik,RESERVATION,0,0,False,,INSUFFICIENT_SAMPLE
BOD111,Zena Hotel Bodrum,Güvercinlik,PAYMENT_REFUND,0,0,False,,INSUFFICIENT_SAMPLE
BOD111,Zena Hotel Bodrum,Güvercinlik,PRICE_VALUE,0,0,False,,INSUFFICIENT_SAMPLE
BOD111,Zena Hotel Bodrum,Güvercinlik,CHECKIN_CHECKOUT,0,0,False,,INSUFFICIENT_SAMPLE
BOD111,Zena Hotel Bodrum,Güvercinlik,AIR_CONDITIONING,0,0,False,,INSUFFICIENT_SAMPLE
BOD111,Zena Hotel Bodrum,Güvercinlik,NOISE,0,0,False,,INSUFFICIENT_SAMPLE
BOD111,Zena Hotel Bodrum,Güvercinlik,FAMILY_CHILDREN,0,0,False,,INSUFFICIENT_SAMPLE
BOD111,Zena Hotel Bodrum,Güvercinlik,TRANSPORT_TRANSFER,0,0,False,,INSUFFICIENT_SAMPLE
BOD111,Zena Hotel Bodrum,Güvercinlik,MANAGEMENT_COMMUNICATION,0,0,False,,INSUFFICIENT_SAMPLE
BOD111,Zena Hotel Bodrum,Güvercinlik,SPA_WELLNESS,0,0,False,,INSUFFICIENT_SAMPLE
BOD111,Zena Hotel Bodrum,Güvercinlik,SAFETY_SECURITY,0,0,False,,INSUFFICIENT_SAMPLE
BOD143,Hotel Zeytinada,Torba,STAFF_SERVICE,0,0,False,,INSUFFICIENT_SAMPLE
BOD143,Hotel Zeytinada,Torba,CLEANLINESS_HYGIENE,0,0,False,,INSUFFICIENT_SAMPLE
BOD143,Hotel Zeytinada,Torba,FOOD_BEVERAGE,0,0,False,,INSUFFICIENT_SAMPLE
BOD143,Hotel Zeytinada,Torba,ROOM,0,0,False,,INSUFFICIENT_SAMPLE
BOD143,Hotel Zeytinada,Torba,BEACH_SEA,0,0,False,,INSUFFICIENT_SAMPLE
BOD143,Hotel Zeytinada,Torba,POOL,0,0,False,,INSUFFICIENT_SAMPLE
BOD143,Hotel Zeytinada,Torba,FACILITIES_MAINTENANCE,0,0,False,,INSUFFICIENT_SAMPLE
BOD143,Hotel Zeytinada,Torba,RESERVATION,0,0,False,,INSUFFICIENT_SAMPLE
BOD143,Hotel Zeytinada,Torba,PAYMENT_REFUND,0,0,False,,INSUFFICIENT_SAMPLE
BOD143,Hotel Zeytinada,Torba,PRICE_VALUE,0,0,False,,INSUFFICIENT_SAMPLE
BOD143,Hotel Zeytinada,Torba,CHECKIN_CHECKOUT,0,0,False,,INSUFFICIENT_SAMPLE
BOD143,Hotel Zeytinada,Torba,AIR_CONDITIONING,0,0,False,,INSUFFICIENT_SAMPLE
BOD143,Hotel Zeytinada,Torba,NOISE,0,0,False,,INSUFFICIENT_SAMPLE
BOD143,Hotel Zeytinada,Torba,FAMILY_CHILDREN,0,0,False,,INSUFFICIENT_SAMPLE
BOD143,Hotel Zeytinada,Torba,TRANSPORT_TRANSFER,0,0,False,,INSUFFICIENT_SAMPLE
BOD143,Hotel Zeytinada,Torba,MANAGEMENT_COMMUNICATION,0,0,False,,INSUFFICIENT_SAMPLE
BOD143,Hotel Zeytinada,Torba,SPA_WELLNESS,0,0,False,,INSUFFICIENT_SAMPLE
BOD143,Hotel Zeytinada,Torba,SAFETY_SECURITY,0,0,False,,INSUFFICIENT_SAMPLE
BOD098,Swissôtel Living Bodrum,Gündoğan,STAFF_SERVICE,0,0,False,,INSUFFICIENT_SAMPLE
BOD098,Swissôtel Living Bodrum,Gündoğan,CLEANLINESS_HYGIENE,0,0,False,,INSUFFICIENT_SAMPLE
BOD098,Swissôtel Living Bodrum,Gündoğan,FOOD_BEVERAGE,0,0,False,,INSUFFICIENT_SAMPLE
BOD098,Swissôtel Living Bodrum,Gündoğan,ROOM,0,0,False,,INSUFFICIENT_SAMPLE
BOD098,Swissôtel Living Bodrum,Gündoğan,BEACH_SEA,0,0,False,,INSUFFICIENT_SAMPLE
BOD098,Swissôtel Living Bodrum,Gündoğan,POOL,0,0,False,,INSUFFICIENT_SAMPLE
BOD098,Swissôtel Living Bodrum,Gündoğan,FACILITIES_MAINTENANCE,0,0,False,,INSUFFICIENT_SAMPLE
BOD098,Swissôtel Living Bodrum,Gündoğan,RESERVATION,0,0,False,,INSUFFICIENT_SAMPLE
BOD098,Swissôtel Living Bodrum,Gündoğan,PAYMENT_REFUND,0,0,False,,INSUFFICIENT_SAMPLE
BOD098,Swissôtel Living Bodrum,Gündoğan,PRICE_VALUE,0,0,False,,INSUFFICIENT_SAMPLE
BOD098,Swissôtel Living Bodrum,Gündoğan,CHECKIN_CHECKOUT,0,0,False,,INSUFFICIENT_SAMPLE
BOD098,Swissôtel Living Bodrum,Gündoğan,AIR_CONDITIONING,0,0,False,,INSUFFICIENT_SAMPLE
BOD098,Swissôtel Living Bodrum,Gündoğan,NOISE,0,0,False,,INSUFFICIENT_SAMPLE
BOD098,Swissôtel Living Bodrum,Gündoğan,FAMILY_CHILDREN,0,0,False,,INSUFFICIENT_SAMPLE
BOD098,Swissôtel Living Bodrum,Gündoğan,TRANSPORT_TRANSFER,0,0,False,,INSUFFICIENT_SAMPLE
BOD098,Swissôtel Living Bodrum,Gündoğan,MANAGEMENT_COMMUNICATION,0,0,False,,INSUFFICIENT_SAMPLE
BOD098,Swissôtel Living Bodrum,Gündoğan,SPA_WELLNESS,0,0,False,,INSUFFICIENT_SAMPLE
BOD098,Swissôtel Living Bodrum,Gündoğan,SAFETY_SECURITY,0,0,False,,INSUFFICIENT_SAMPLE
BOD145,Moyo Luxury Hotel & Beach,Torba,STAFF_SERVICE,0,0,False,,INSUFFICIENT_SAMPLE
BOD145,Moyo Luxury Hotel & Beach,Torba,CLEANLINESS_HYGIENE,0,0,False,,INSUFFICIENT_SAMPLE
BOD145,Moyo Luxury Hotel & Beach,Torba,FOOD_BEVERAGE,0,0,False,,INSUFFICIENT_SAMPLE
BOD145,Moyo Luxury Hotel & Beach,Torba,ROOM,0,0,False,,INSUFFICIENT_SAMPLE
BOD145,Moyo Luxury Hotel & Beach,Torba,BEACH_SEA,0,0,False,,INSUFFICIENT_SAMPLE
BOD145,Moyo Luxury Hotel & Beach,Torba,POOL,0,0,False,,INSUFFICIENT_SAMPLE
BOD145,Moyo Luxury Hotel & Beach,Torba,FACILITIES_MAINTENANCE,0,0,False,,INSUFFICIENT_SAMPLE
BOD145,Moyo Luxury Hotel & Beach,Torba,RESERVATION,0,0,False,,INSUFFICIENT_SAMPLE
BOD145,Moyo Luxury Hotel & Beach,Torba,PAYMENT_REFUND,0,0,False,,INSUFFICIENT_SAMPLE
BOD145,Moyo Luxury Hotel & Beach,Torba,PRICE_VALUE,0,0,False,,INSUFFICIENT_SAMPLE
BOD145,Moyo Luxury Hotel & Beach,Torba,CHECKIN_CHECKOUT,0,0,False,,INSUFFICIENT_SAMPLE
BOD145,Moyo Luxury Hotel & Beach,Torba,AIR_CONDITIONING,0,0,False,,INSUFFICIENT_SAMPLE
BOD145,Moyo Luxury Hotel & Beach,Torba,NOISE,0,0,False,,INSUFFICIENT_SAMPLE
BOD145,Moyo Luxury Hotel & Beach,Torba,FAMILY_CHILDREN,0,0,False,,INSUFFICIENT_SAMPLE
BOD145,Moyo Luxury Hotel & Beach,Torba,TRANSPORT_TRANSFER,0,0,False,,INSUFFICIENT_SAMPLE
BOD145,Moyo Luxury Hotel & Beach,Torba,MANAGEMENT_COMMUNICATION,0,0,False,,INSUFFICIENT_SAMPLE
BOD145,Moyo Luxury Hotel & Beach,Torba,SPA_WELLNESS,0,0,False,,INSUFFICIENT_SAMPLE
BOD145,Moyo Luxury Hotel & Beach,Torba,SAFETY_SECURITY,0,0,False,,INSUFFICIENT_SAMPLE
BOD101,Vita Bella Hotel Resort & Spa,Gündoğan,STAFF_SERVICE,0,0,False,,INSUFFICIENT_SAMPLE
BOD101,Vita Bella Hotel Resort & Spa,Gündoğan,CLEANLINESS_HYGIENE,0,0,False,,INSUFFICIENT_SAMPLE
BOD101,Vita Bella Hotel Resort & Spa,Gündoğan,FOOD_BEVERAGE,0,0,False,,INSUFFICIENT_SAMPLE
BOD101,Vita Bella Hotel Resort & Spa,Gündoğan,ROOM,0,0,False,,INSUFFICIENT_SAMPLE
BOD101,Vita Bella Hotel Resort & Spa,Gündoğan,BEACH_SEA,0,0,False,,INSUFFICIENT_SAMPLE
BOD101,Vita Bella Hotel Resort & Spa,Gündoğan,POOL,0,0,False,,INSUFFICIENT_SAMPLE
BOD101,Vita Bella Hotel Resort & Spa,Gündoğan,FACILITIES_MAINTENANCE,0,0,False,,INSUFFICIENT_SAMPLE
BOD101,Vita Bella Hotel Resort & Spa,Gündoğan,RESERVATION,0,0,False,,INSUFFICIENT_SAMPLE
BOD101,Vita Bella Hotel Resort & Spa,Gündoğan,PAYMENT_REFUND,0,0,False,,INSUFFICIENT_SAMPLE
BOD101,Vita Bella Hotel Resort & Spa,Gündoğan,PRICE_VALUE,0,0,False,,INSUFFICIENT_SAMPLE
BOD101,Vita Bella Hotel Resort & Spa,Gündoğan,CHECKIN_CHECKOUT,0,0,False,,INSUFFICIENT_SAMPLE
BOD101,Vita Bella Hotel Resort & Spa,Gündoğan,AIR_CONDITIONING,0,0,False,,INSUFFICIENT_SAMPLE
BOD101,Vita Bella Hotel Resort & Spa,Gündoğan,NOISE,0,0,False,,INSUFFICIENT_SAMPLE
BOD101,Vita Bella Hotel Resort & Spa,Gündoğan,FAMILY_CHILDREN,0,0,False,,INSUFFICIENT_SAMPLE
BOD101,Vita Bella Hotel Resort & Spa,Gündoğan,TRANSPORT_TRANSFER,0,0,False,,INSUFFICIENT_SAMPLE
BOD101,Vita Bella Hotel Resort & Spa,Gündoğan,MANAGEMENT_COMMUNICATION,0,0,False,,INSUFFICIENT_SAMPLE
BOD101,Vita Bella Hotel Resort & Spa,Gündoğan,SPA_WELLNESS,0,0,False,,INSUFFICIENT_SAMPLE
BOD101,Vita Bella Hotel Resort & Spa,Gündoğan,SAFETY_SECURITY,0,0,False,,INSUFFICIENT_SAMPLE
BOD079,Metin's Gümüşlük - Hotel & Restaurant,Gümüşlük,STAFF_SERVICE,0,0,False,,INSUFFICIENT_SAMPLE
BOD079,Metin's Gümüşlük - Hotel & Restaurant,Gümüşlük,CLEANLINESS_HYGIENE,0,0,False,,INSUFFICIENT_SAMPLE
BOD079,Metin's Gümüşlük - Hotel & Restaurant,Gümüşlük,FOOD_BEVERAGE,0,0,False,,INSUFFICIENT_SAMPLE
BOD079,Metin's Gümüşlük - Hotel & Restaurant,Gümüşlük,ROOM,0,0,False,,INSUFFICIENT_SAMPLE
BOD079,Metin's Gümüşlük - Hotel & Restaurant,Gümüşlük,BEACH_SEA,0,0,False,,INSUFFICIENT_SAMPLE
BOD079,Metin's Gümüşlük - Hotel & Restaurant,Gümüşlük,POOL,0,0,False,,INSUFFICIENT_SAMPLE
BOD079,Metin's Gümüşlük - Hotel & Restaurant,Gümüşlük,FACILITIES_MAINTENANCE,0,0,False,,INSUFFICIENT_SAMPLE
BOD079,Metin's Gümüşlük - Hotel & Restaurant,Gümüşlük,RESERVATION,0,0,False,,INSUFFICIENT_SAMPLE
BOD079,Metin's Gümüşlük - Hotel & Restaurant,Gümüşlük,PAYMENT_REFUND,0,0,False,,INSUFFICIENT_SAMPLE
BOD079,Metin's Gümüşlük - Hotel & Restaurant,Gümüşlük,PRICE_VALUE,0,0,False,,INSUFFICIENT_SAMPLE
BOD079,Metin's Gümüşlük - Hotel & Restaurant,Gümüşlük,CHECKIN_CHECKOUT,0,0,False,,INSUFFICIENT_SAMPLE
BOD079,Metin's Gümüşlük - Hotel & Restaurant,Gümüşlük,AIR_CONDITIONING,0,0,False,,INSUFFICIENT_SAMPLE
BOD079,Metin's Gümüşlük - Hotel & Restaurant,Gümüşlük,NOISE,0,0,False,,INSUFFICIENT_SAMPLE
BOD079,Metin's Gümüşlük - Hotel & Restaurant,Gümüşlük,FAMILY_CHILDREN,0,0,False,,INSUFFICIENT_SAMPLE
BOD079,Metin's Gümüşlük - Hotel & Restaurant,Gümüşlük,TRANSPORT_TRANSFER,0,0,False,,INSUFFICIENT_SAMPLE
BOD079,Metin's Gümüşlük - Hotel & Restaurant,Gümüşlük,MANAGEMENT_COMMUNICATION,0,0,False,,INSUFFICIENT_SAMPLE
BOD079,Metin's Gümüşlük - Hotel & Restaurant,Gümüşlük,SPA_WELLNESS,0,0,False,,INSUFFICIENT_SAMPLE
BOD079,Metin's Gümüşlük - Hotel & Restaurant,Gümüşlük,SAFETY_SECURITY,0,0,False,,INSUFFICIENT_SAMPLE
BOD116,Acropol Of Bodrum Beach Hotel - Restaurant,Ortakent-Yahşi,STAFF_SERVICE,0,0,False,,INSUFFICIENT_SAMPLE
BOD116,Acropol Of Bodrum Beach Hotel - Restaurant,Ortakent-Yahşi,CLEANLINESS_HYGIENE,0,0,False,,INSUFFICIENT_SAMPLE
BOD116,Acropol Of Bodrum Beach Hotel - Restaurant,Ortakent-Yahşi,FOOD_BEVERAGE,0,0,False,,INSUFFICIENT_SAMPLE
BOD116,Acropol Of Bodrum Beach Hotel - Restaurant,Ortakent-Yahşi,ROOM,0,0,False,,INSUFFICIENT_SAMPLE
BOD116,Acropol Of Bodrum Beach Hotel - Restaurant,Ortakent-Yahşi,BEACH_SEA,0,0,False,,INSUFFICIENT_SAMPLE
BOD116,Acropol Of Bodrum Beach Hotel - Restaurant,Ortakent-Yahşi,POOL,0,0,False,,INSUFFICIENT_SAMPLE
BOD116,Acropol Of Bodrum Beach Hotel - Restaurant,Ortakent-Yahşi,FACILITIES_MAINTENANCE,0,0,False,,INSUFFICIENT_SAMPLE
BOD116,Acropol Of Bodrum Beach Hotel - Restaurant,Ortakent-Yahşi,RESERVATION,0,0,False,,INSUFFICIENT_SAMPLE
BOD116,Acropol Of Bodrum Beach Hotel - Restaurant,Ortakent-Yahşi,PAYMENT_REFUND,0,0,False,,INSUFFICIENT_SAMPLE
BOD116,Acropol Of Bodrum Beach Hotel - Restaurant,Ortakent-Yahşi,PRICE_VALUE,0,0,False,,INSUFFICIENT_SAMPLE
BOD116,Acropol Of Bodrum Beach Hotel - Restaurant,Ortakent-Yahşi,CHECKIN_CHECKOUT,0,0,False,,INSUFFICIENT_SAMPLE
BOD116,Acropol Of Bodrum Beach Hotel - Restaurant,Ortakent-Yahşi,AIR_CONDITIONING,0,0,False,,INSUFFICIENT_SAMPLE
BOD116,Acropol Of Bodrum Beach Hotel - Restaurant,Ortakent-Yahşi,NOISE,0,0,False,,INSUFFICIENT_SAMPLE
BOD116,Acropol Of Bodrum Beach Hotel - Restaurant,Ortakent-Yahşi,FAMILY_CHILDREN,0,0,False,,INSUFFICIENT_SAMPLE
BOD116,Acropol Of Bodrum Beach Hotel - Restaurant,Ortakent-Yahşi,TRANSPORT_TRANSFER,0,0,False,,INSUFFICIENT_SAMPLE
BOD116,Acropol Of Bodrum Beach Hotel - Restaurant,Ortakent-Yahşi,MANAGEMENT_COMMUNICATION,0,0,False,,INSUFFICIENT_SAMPLE
BOD116,Acropol Of Bodrum Beach Hotel - Restaurant,Ortakent-Yahşi,SPA_WELLNESS,0,0,False,,INSUFFICIENT_SAMPLE
BOD116,Acropol Of Bodrum Beach Hotel - Restaurant,Ortakent-Yahşi,SAFETY_SECURITY,0,0,False,,INSUFFICIENT_SAMPLE
BOD102,Akyalı Butik Hotel,Güvercinlik,STAFF_SERVICE,0,0,False,,INSUFFICIENT_SAMPLE
BOD102,Akyalı Butik Hotel,Güvercinlik,CLEANLINESS_HYGIENE,0,0,False,,INSUFFICIENT_SAMPLE
BOD102,Akyalı Butik Hotel,Güvercinlik,FOOD_BEVERAGE,0,0,False,,INSUFFICIENT_SAMPLE
BOD102,Akyalı Butik Hotel,Güvercinlik,ROOM,0,0,False,,INSUFFICIENT_SAMPLE
BOD102,Akyalı Butik Hotel,Güvercinlik,BEACH_SEA,0,0,False,,INSUFFICIENT_SAMPLE
BOD102,Akyalı Butik Hotel,Güvercinlik,POOL,0,0,False,,INSUFFICIENT_SAMPLE
BOD102,Akyalı Butik Hotel,Güvercinlik,FACILITIES_MAINTENANCE,0,0,False,,INSUFFICIENT_SAMPLE
BOD102,Akyalı Butik Hotel,Güvercinlik,RESERVATION,0,0,False,,INSUFFICIENT_SAMPLE
BOD102,Akyalı Butik Hotel,Güvercinlik,PAYMENT_REFUND,0,0,False,,INSUFFICIENT_SAMPLE
BOD102,Akyalı Butik Hotel,Güvercinlik,PRICE_VALUE,0,0,False,,INSUFFICIENT_SAMPLE
BOD102,Akyalı Butik Hotel,Güvercinlik,CHECKIN_CHECKOUT,0,0,False,,INSUFFICIENT_SAMPLE
BOD102,Akyalı Butik Hotel,Güvercinlik,AIR_CONDITIONING,0,0,False,,INSUFFICIENT_SAMPLE
BOD102,Akyalı Butik Hotel,Güvercinlik,NOISE,0,0,False,,INSUFFICIENT_SAMPLE
BOD102,Akyalı Butik Hotel,Güvercinlik,FAMILY_CHILDREN,0,0,False,,INSUFFICIENT_SAMPLE
BOD102,Akyalı Butik Hotel,Güvercinlik,TRANSPORT_TRANSFER,0,0,False,,INSUFFICIENT_SAMPLE
BOD102,Akyalı Butik Hotel,Güvercinlik,MANAGEMENT_COMMUNICATION,0,0,False,,INSUFFICIENT_SAMPLE
BOD102,Akyalı Butik Hotel,Güvercinlik,SPA_WELLNESS,0,0,False,,INSUFFICIENT_SAMPLE
BOD102,Akyalı Butik Hotel,Güvercinlik,SAFETY_SECURITY,0,0,False,,INSUFFICIENT_SAMPLE
BOD187,Spektr Boutique Hotel Yalikavak,Yalıkavak,STAFF_SERVICE,0,0,False,,INSUFFICIENT_SAMPLE
BOD187,Spektr Boutique Hotel Yalikavak,Yalıkavak,CLEANLINESS_HYGIENE,0,0,False,,INSUFFICIENT_SAMPLE
BOD187,Spektr Boutique Hotel Yalikavak,Yalıkavak,FOOD_BEVERAGE,0,0,False,,INSUFFICIENT_SAMPLE
BOD187,Spektr Boutique Hotel Yalikavak,Yalıkavak,ROOM,0,0,False,,INSUFFICIENT_SAMPLE
BOD187,Spektr Boutique Hotel Yalikavak,Yalıkavak,BEACH_SEA,0,0,False,,INSUFFICIENT_SAMPLE
BOD187,Spektr Boutique Hotel Yalikavak,Yalıkavak,POOL,0,0,False,,INSUFFICIENT_SAMPLE
BOD187,Spektr Boutique Hotel Yalikavak,Yalıkavak,FACILITIES_MAINTENANCE,0,0,False,,INSUFFICIENT_SAMPLE
BOD187,Spektr Boutique Hotel Yalikavak,Yalıkavak,RESERVATION,0,0,False,,INSUFFICIENT_SAMPLE
BOD187,Spektr Boutique Hotel Yalikavak,Yalıkavak,PAYMENT_REFUND,0,0,False,,INSUFFICIENT_SAMPLE
BOD187,Spektr Boutique Hotel Yalikavak,Yalıkavak,PRICE_VALUE,0,0,False,,INSUFFICIENT_SAMPLE
BOD187,Spektr Boutique Hotel Yalikavak,Yalıkavak,CHECKIN_CHECKOUT,0,0,False,,INSUFFICIENT_SAMPLE
BOD187,Spektr Boutique Hotel Yalikavak,Yalıkavak,AIR_CONDITIONING,0,0,False,,INSUFFICIENT_SAMPLE
BOD187,Spektr Boutique Hotel Yalikavak,Yalıkavak,NOISE,0,0,False,,INSUFFICIENT_SAMPLE
BOD187,Spektr Boutique Hotel Yalikavak,Yalıkavak,FAMILY_CHILDREN,0,0,False,,INSUFFICIENT_SAMPLE
BOD187,Spektr Boutique Hotel Yalikavak,Yalıkavak,TRANSPORT_TRANSFER,0,0,False,,INSUFFICIENT_SAMPLE
BOD187,Spektr Boutique Hotel Yalikavak,Yalıkavak,MANAGEMENT_COMMUNICATION,0,0,False,,INSUFFICIENT_SAMPLE
BOD187,Spektr Boutique Hotel Yalikavak,Yalıkavak,SPA_WELLNESS,0,0,False,,INSUFFICIENT_SAMPLE
BOD187,Spektr Boutique Hotel Yalikavak,Yalıkavak,SAFETY_SECURITY,0,0,False,,INSUFFICIENT_SAMPLE
BOD170,No:81 Hotel,Türkbükü,STAFF_SERVICE,0,0,False,,INSUFFICIENT_SAMPLE
BOD170,No:81 Hotel,Türkbükü,CLEANLINESS_HYGIENE,0,0,False,,INSUFFICIENT_SAMPLE
BOD170,No:81 Hotel,Türkbükü,FOOD_BEVERAGE,0,0,False,,INSUFFICIENT_SAMPLE
BOD170,No:81 Hotel,Türkbükü,ROOM,0,0,False,,INSUFFICIENT_SAMPLE
BOD170,No:81 Hotel,Türkbükü,BEACH_SEA,0,0,False,,INSUFFICIENT_SAMPLE
BOD170,No:81 Hotel,Türkbükü,POOL,0,0,False,,INSUFFICIENT_SAMPLE
BOD170,No:81 Hotel,Türkbükü,FACILITIES_MAINTENANCE,0,0,False,,INSUFFICIENT_SAMPLE
BOD170,No:81 Hotel,Türkbükü,RESERVATION,0,0,False,,INSUFFICIENT_SAMPLE
BOD170,No:81 Hotel,Türkbükü,PAYMENT_REFUND,0,0,False,,INSUFFICIENT_SAMPLE
BOD170,No:81 Hotel,Türkbükü,PRICE_VALUE,0,0,False,,INSUFFICIENT_SAMPLE
BOD170,No:81 Hotel,Türkbükü,CHECKIN_CHECKOUT,0,0,False,,INSUFFICIENT_SAMPLE
BOD170,No:81 Hotel,Türkbükü,AIR_CONDITIONING,0,0,False,,INSUFFICIENT_SAMPLE
BOD170,No:81 Hotel,Türkbükü,NOISE,0,0,False,,INSUFFICIENT_SAMPLE
BOD170,No:81 Hotel,Türkbükü,FAMILY_CHILDREN,0,0,False,,INSUFFICIENT_SAMPLE
BOD170,No:81 Hotel,Türkbükü,TRANSPORT_TRANSFER,0,0,False,,INSUFFICIENT_SAMPLE
BOD170,No:81 Hotel,Türkbükü,MANAGEMENT_COMMUNICATION,0,0,False,,INSUFFICIENT_SAMPLE
BOD170,No:81 Hotel,Türkbükü,SPA_WELLNESS,0,0,False,,INSUFFICIENT_SAMPLE
BOD170,No:81 Hotel,Türkbükü,SAFETY_SECURITY,0,0,False,,INSUFFICIENT_SAMPLE
BOD139,Casa Dell'arte Otel,Torba,STAFF_SERVICE,0,0,False,,INSUFFICIENT_SAMPLE
BOD139,Casa Dell'arte Otel,Torba,CLEANLINESS_HYGIENE,0,0,False,,INSUFFICIENT_SAMPLE
BOD139,Casa Dell'arte Otel,Torba,FOOD_BEVERAGE,0,0,False,,INSUFFICIENT_SAMPLE
BOD139,Casa Dell'arte Otel,Torba,ROOM,0,0,False,,INSUFFICIENT_SAMPLE
BOD139,Casa Dell'arte Otel,Torba,BEACH_SEA,0,0,False,,INSUFFICIENT_SAMPLE
BOD139,Casa Dell'arte Otel,Torba,POOL,0,0,False,,INSUFFICIENT_SAMPLE
BOD139,Casa Dell'arte Otel,Torba,FACILITIES_MAINTENANCE,0,0,False,,INSUFFICIENT_SAMPLE
BOD139,Casa Dell'arte Otel,Torba,RESERVATION,0,0,False,,INSUFFICIENT_SAMPLE
BOD139,Casa Dell'arte Otel,Torba,PAYMENT_REFUND,0,0,False,,INSUFFICIENT_SAMPLE
BOD139,Casa Dell'arte Otel,Torba,PRICE_VALUE,0,0,False,,INSUFFICIENT_SAMPLE
BOD139,Casa Dell'arte Otel,Torba,CHECKIN_CHECKOUT,0,0,False,,INSUFFICIENT_SAMPLE
BOD139,Casa Dell'arte Otel,Torba,AIR_CONDITIONING,0,0,False,,INSUFFICIENT_SAMPLE
BOD139,Casa Dell'arte Otel,Torba,NOISE,0,0,False,,INSUFFICIENT_SAMPLE
BOD139,Casa Dell'arte Otel,Torba,FAMILY_CHILDREN,0,0,False,,INSUFFICIENT_SAMPLE
BOD139,Casa Dell'arte Otel,Torba,TRANSPORT_TRANSFER,0,0,False,,INSUFFICIENT_SAMPLE
BOD139,Casa Dell'arte Otel,Torba,MANAGEMENT_COMMUNICATION,0,0,False,,INSUFFICIENT_SAMPLE
BOD139,Casa Dell'arte Otel,Torba,SPA_WELLNESS,0,0,False,,INSUFFICIENT_SAMPLE
BOD139,Casa Dell'arte Otel,Torba,SAFETY_SECURITY,0,0,False,,INSUFFICIENT_SAMPLE
BOD155,Trend Life | Trendlife Hotels & Beach Club Bodrum Torba,Torba,STAFF_SERVICE,0,0,False,,INSUFFICIENT_SAMPLE
BOD155,Trend Life | Trendlife Hotels & Beach Club Bodrum Torba,Torba,CLEANLINESS_HYGIENE,0,0,False,,INSUFFICIENT_SAMPLE
BOD155,Trend Life | Trendlife Hotels & Beach Club Bodrum Torba,Torba,FOOD_BEVERAGE,0,0,False,,INSUFFICIENT_SAMPLE
BOD155,Trend Life | Trendlife Hotels & Beach Club Bodrum Torba,Torba,ROOM,0,0,False,,INSUFFICIENT_SAMPLE
BOD155,Trend Life | Trendlife Hotels & Beach Club Bodrum Torba,Torba,BEACH_SEA,0,0,False,,INSUFFICIENT_SAMPLE
BOD155,Trend Life | Trendlife Hotels & Beach Club Bodrum Torba,Torba,POOL,0,0,False,,INSUFFICIENT_SAMPLE
BOD155,Trend Life | Trendlife Hotels & Beach Club Bodrum Torba,Torba,FACILITIES_MAINTENANCE,0,0,False,,INSUFFICIENT_SAMPLE
BOD155,Trend Life | Trendlife Hotels & Beach Club Bodrum Torba,Torba,RESERVATION,0,0,False,,INSUFFICIENT_SAMPLE
BOD155,Trend Life | Trendlife Hotels & Beach Club Bodrum Torba,Torba,PAYMENT_REFUND,0,0,False,,INSUFFICIENT_SAMPLE
BOD155,Trend Life | Trendlife Hotels & Beach Club Bodrum Torba,Torba,PRICE_VALUE,0,0,False,,INSUFFICIENT_SAMPLE
BOD155,Trend Life | Trendlife Hotels & Beach Club Bodrum Torba,Torba,CHECKIN_CHECKOUT,0,0,False,,INSUFFICIENT_SAMPLE
BOD155,Trend Life | Trendlife Hotels & Beach Club Bodrum Torba,Torba,AIR_CONDITIONING,0,0,False,,INSUFFICIENT_SAMPLE
BOD155,Trend Life | Trendlife Hotels & Beach Club Bodrum Torba,Torba,NOISE,0,0,False,,INSUFFICIENT_SAMPLE
BOD155,Trend Life | Trendlife Hotels & Beach Club Bodrum Torba,Torba,FAMILY_CHILDREN,0,0,False,,INSUFFICIENT_SAMPLE
BOD155,Trend Life | Trendlife Hotels & Beach Club Bodrum Torba,Torba,TRANSPORT_TRANSFER,0,0,False,,INSUFFICIENT_SAMPLE
BOD155,Trend Life | Trendlife Hotels & Beach Club Bodrum Torba,Torba,MANAGEMENT_COMMUNICATION,0,0,False,,INSUFFICIENT_SAMPLE
BOD155,Trend Life | Trendlife Hotels & Beach Club Bodrum Torba,Torba,SPA_WELLNESS,0,0,False,,INSUFFICIENT_SAMPLE
BOD155,Trend Life | Trendlife Hotels & Beach Club Bodrum Torba,Torba,SAFETY_SECURITY,0,0,False,,INSUFFICIENT_SAMPLE
BOD024,HAKAN OTEL,Bitez,STAFF_SERVICE,0,0,False,,INSUFFICIENT_SAMPLE
BOD024,HAKAN OTEL,Bitez,CLEANLINESS_HYGIENE,0,0,False,,INSUFFICIENT_SAMPLE
BOD024,HAKAN OTEL,Bitez,FOOD_BEVERAGE,0,0,False,,INSUFFICIENT_SAMPLE
BOD024,HAKAN OTEL,Bitez,ROOM,0,0,False,,INSUFFICIENT_SAMPLE
BOD024,HAKAN OTEL,Bitez,BEACH_SEA,0,0,False,,INSUFFICIENT_SAMPLE
BOD024,HAKAN OTEL,Bitez,POOL,0,0,False,,INSUFFICIENT_SAMPLE
BOD024,HAKAN OTEL,Bitez,FACILITIES_MAINTENANCE,0,0,False,,INSUFFICIENT_SAMPLE
BOD024,HAKAN OTEL,Bitez,RESERVATION,0,0,False,,INSUFFICIENT_SAMPLE
BOD024,HAKAN OTEL,Bitez,PAYMENT_REFUND,0,0,False,,INSUFFICIENT_SAMPLE
BOD024,HAKAN OTEL,Bitez,PRICE_VALUE,0,0,False,,INSUFFICIENT_SAMPLE
BOD024,HAKAN OTEL,Bitez,CHECKIN_CHECKOUT,0,0,False,,INSUFFICIENT_SAMPLE
BOD024,HAKAN OTEL,Bitez,AIR_CONDITIONING,0,0,False,,INSUFFICIENT_SAMPLE
BOD024,HAKAN OTEL,Bitez,NOISE,0,0,False,,INSUFFICIENT_SAMPLE
BOD024,HAKAN OTEL,Bitez,FAMILY_CHILDREN,0,0,False,,INSUFFICIENT_SAMPLE
BOD024,HAKAN OTEL,Bitez,TRANSPORT_TRANSFER,0,0,False,,INSUFFICIENT_SAMPLE
BOD024,HAKAN OTEL,Bitez,MANAGEMENT_COMMUNICATION,0,0,False,,INSUFFICIENT_SAMPLE
BOD024,HAKAN OTEL,Bitez,SPA_WELLNESS,0,0,False,,INSUFFICIENT_SAMPLE
BOD024,HAKAN OTEL,Bitez,SAFETY_SECURITY,0,0,False,,INSUFFICIENT_SAMPLE
BOD092,Liona Hotel,Gündoğan,STAFF_SERVICE,0,0,False,,INSUFFICIENT_SAMPLE
BOD092,Liona Hotel,Gündoğan,CLEANLINESS_HYGIENE,0,0,False,,INSUFFICIENT_SAMPLE
BOD092,Liona Hotel,Gündoğan,FOOD_BEVERAGE,0,0,False,,INSUFFICIENT_SAMPLE
BOD092,Liona Hotel,Gündoğan,ROOM,0,0,False,,INSUFFICIENT_SAMPLE
BOD092,Liona Hotel,Gündoğan,BEACH_SEA,0,0,False,,INSUFFICIENT_SAMPLE
BOD092,Liona Hotel,Gündoğan,POOL,0,0,False,,INSUFFICIENT_SAMPLE
BOD092,Liona Hotel,Gündoğan,FACILITIES_MAINTENANCE,0,0,False,,INSUFFICIENT_SAMPLE
BOD092,Liona Hotel,Gündoğan,RESERVATION,0,0,False,,INSUFFICIENT_SAMPLE
BOD092,Liona Hotel,Gündoğan,PAYMENT_REFUND,0,0,False,,INSUFFICIENT_SAMPLE
BOD092,Liona Hotel,Gündoğan,PRICE_VALUE,0,0,False,,INSUFFICIENT_SAMPLE
BOD092,Liona Hotel,Gündoğan,CHECKIN_CHECKOUT,0,0,False,,INSUFFICIENT_SAMPLE
BOD092,Liona Hotel,Gündoğan,AIR_CONDITIONING,0,0,False,,INSUFFICIENT_SAMPLE
BOD092,Liona Hotel,Gündoğan,NOISE,0,0,False,,INSUFFICIENT_SAMPLE
BOD092,Liona Hotel,Gündoğan,FAMILY_CHILDREN,0,0,False,,INSUFFICIENT_SAMPLE
BOD092,Liona Hotel,Gündoğan,TRANSPORT_TRANSFER,0,0,False,,INSUFFICIENT_SAMPLE
BOD092,Liona Hotel,Gündoğan,MANAGEMENT_COMMUNICATION,0,0,False,,INSUFFICIENT_SAMPLE
BOD092,Liona Hotel,Gündoğan,SPA_WELLNESS,0,0,False,,INSUFFICIENT_SAMPLE
BOD092,Liona Hotel,Gündoğan,SAFETY_SECURITY,0,0,False,,INSUFFICIENT_SAMPLE
BOD174,Arts Hotel Bodrum Yalıkavak,Yalıkavak,STAFF_SERVICE,0,0,False,,INSUFFICIENT_SAMPLE
BOD174,Arts Hotel Bodrum Yalıkavak,Yalıkavak,CLEANLINESS_HYGIENE,0,0,False,,INSUFFICIENT_SAMPLE
BOD174,Arts Hotel Bodrum Yalıkavak,Yalıkavak,FOOD_BEVERAGE,0,0,False,,INSUFFICIENT_SAMPLE
BOD174,Arts Hotel Bodrum Yalıkavak,Yalıkavak,ROOM,0,0,False,,INSUFFICIENT_SAMPLE
BOD174,Arts Hotel Bodrum Yalıkavak,Yalıkavak,BEACH_SEA,0,0,False,,INSUFFICIENT_SAMPLE
BOD174,Arts Hotel Bodrum Yalıkavak,Yalıkavak,POOL,0,0,False,,INSUFFICIENT_SAMPLE
BOD174,Arts Hotel Bodrum Yalıkavak,Yalıkavak,FACILITIES_MAINTENANCE,0,0,False,,INSUFFICIENT_SAMPLE
BOD174,Arts Hotel Bodrum Yalıkavak,Yalıkavak,RESERVATION,0,0,False,,INSUFFICIENT_SAMPLE
BOD174,Arts Hotel Bodrum Yalıkavak,Yalıkavak,PAYMENT_REFUND,0,0,False,,INSUFFICIENT_SAMPLE
BOD174,Arts Hotel Bodrum Yalıkavak,Yalıkavak,PRICE_VALUE,0,0,False,,INSUFFICIENT_SAMPLE
BOD174,Arts Hotel Bodrum Yalıkavak,Yalıkavak,CHECKIN_CHECKOUT,0,0,False,,INSUFFICIENT_SAMPLE
BOD174,Arts Hotel Bodrum Yalıkavak,Yalıkavak,AIR_CONDITIONING,0,0,False,,INSUFFICIENT_SAMPLE
BOD174,Arts Hotel Bodrum Yalıkavak,Yalıkavak,NOISE,0,0,False,,INSUFFICIENT_SAMPLE
BOD174,Arts Hotel Bodrum Yalıkavak,Yalıkavak,FAMILY_CHILDREN,0,0,False,,INSUFFICIENT_SAMPLE
BOD174,Arts Hotel Bodrum Yalıkavak,Yalıkavak,TRANSPORT_TRANSFER,0,0,False,,INSUFFICIENT_SAMPLE
BOD174,Arts Hotel Bodrum Yalıkavak,Yalıkavak,MANAGEMENT_COMMUNICATION,0,0,False,,INSUFFICIENT_SAMPLE
BOD174,Arts Hotel Bodrum Yalıkavak,Yalıkavak,SPA_WELLNESS,0,0,False,,INSUFFICIENT_SAMPLE
BOD174,Arts Hotel Bodrum Yalıkavak,Yalıkavak,SAFETY_SECURITY,0,0,False,,INSUFFICIENT_SAMPLE
BOD184,Sea Palm Otel -YALIKAVAK,Yalıkavak,STAFF_SERVICE,0,0,False,,INSUFFICIENT_SAMPLE
BOD184,Sea Palm Otel -YALIKAVAK,Yalıkavak,CLEANLINESS_HYGIENE,0,0,False,,INSUFFICIENT_SAMPLE
BOD184,Sea Palm Otel -YALIKAVAK,Yalıkavak,FOOD_BEVERAGE,0,0,False,,INSUFFICIENT_SAMPLE
BOD184,Sea Palm Otel -YALIKAVAK,Yalıkavak,ROOM,0,0,False,,INSUFFICIENT_SAMPLE
BOD184,Sea Palm Otel -YALIKAVAK,Yalıkavak,BEACH_SEA,0,0,False,,INSUFFICIENT_SAMPLE
BOD184,Sea Palm Otel -YALIKAVAK,Yalıkavak,POOL,0,0,False,,INSUFFICIENT_SAMPLE
BOD184,Sea Palm Otel -YALIKAVAK,Yalıkavak,FACILITIES_MAINTENANCE,0,0,False,,INSUFFICIENT_SAMPLE
BOD184,Sea Palm Otel -YALIKAVAK,Yalıkavak,RESERVATION,0,0,False,,INSUFFICIENT_SAMPLE
BOD184,Sea Palm Otel -YALIKAVAK,Yalıkavak,PAYMENT_REFUND,0,0,False,,INSUFFICIENT_SAMPLE
BOD184,Sea Palm Otel -YALIKAVAK,Yalıkavak,PRICE_VALUE,0,0,False,,INSUFFICIENT_SAMPLE
BOD184,Sea Palm Otel -YALIKAVAK,Yalıkavak,CHECKIN_CHECKOUT,0,0,False,,INSUFFICIENT_SAMPLE
BOD184,Sea Palm Otel -YALIKAVAK,Yalıkavak,AIR_CONDITIONING,0,0,False,,INSUFFICIENT_SAMPLE
BOD184,Sea Palm Otel -YALIKAVAK,Yalıkavak,NOISE,0,0,False,,INSUFFICIENT_SAMPLE
BOD184,Sea Palm Otel -YALIKAVAK,Yalıkavak,FAMILY_CHILDREN,0,0,False,,INSUFFICIENT_SAMPLE
BOD184,Sea Palm Otel -YALIKAVAK,Yalıkavak,TRANSPORT_TRANSFER,0,0,False,,INSUFFICIENT_SAMPLE
BOD184,Sea Palm Otel -YALIKAVAK,Yalıkavak,MANAGEMENT_COMMUNICATION,0,0,False,,INSUFFICIENT_SAMPLE
BOD184,Sea Palm Otel -YALIKAVAK,Yalıkavak,SPA_WELLNESS,0,0,False,,INSUFFICIENT_SAMPLE
BOD184,Sea Palm Otel -YALIKAVAK,Yalıkavak,SAFETY_SECURITY,0,0,False,,INSUFFICIENT_SAMPLE
BOD010,Mare Garden Hotel,Akyarlar,STAFF_SERVICE,0,0,False,,INSUFFICIENT_SAMPLE
BOD010,Mare Garden Hotel,Akyarlar,CLEANLINESS_HYGIENE,0,0,False,,INSUFFICIENT_SAMPLE
BOD010,Mare Garden Hotel,Akyarlar,FOOD_BEVERAGE,0,0,False,,INSUFFICIENT_SAMPLE
BOD010,Mare Garden Hotel,Akyarlar,ROOM,0,0,False,,INSUFFICIENT_SAMPLE
BOD010,Mare Garden Hotel,Akyarlar,BEACH_SEA,0,0,False,,INSUFFICIENT_SAMPLE
BOD010,Mare Garden Hotel,Akyarlar,POOL,0,0,False,,INSUFFICIENT_SAMPLE
BOD010,Mare Garden Hotel,Akyarlar,FACILITIES_MAINTENANCE,0,0,False,,INSUFFICIENT_SAMPLE
BOD010,Mare Garden Hotel,Akyarlar,RESERVATION,0,0,False,,INSUFFICIENT_SAMPLE
BOD010,Mare Garden Hotel,Akyarlar,PAYMENT_REFUND,0,0,False,,INSUFFICIENT_SAMPLE
BOD010,Mare Garden Hotel,Akyarlar,PRICE_VALUE,0,0,False,,INSUFFICIENT_SAMPLE
BOD010,Mare Garden Hotel,Akyarlar,CHECKIN_CHECKOUT,0,0,False,,INSUFFICIENT_SAMPLE
BOD010,Mare Garden Hotel,Akyarlar,AIR_CONDITIONING,0,0,False,,INSUFFICIENT_SAMPLE
BOD010,Mare Garden Hotel,Akyarlar,NOISE,0,0,False,,INSUFFICIENT_SAMPLE
BOD010,Mare Garden Hotel,Akyarlar,FAMILY_CHILDREN,0,0,False,,INSUFFICIENT_SAMPLE
BOD010,Mare Garden Hotel,Akyarlar,TRANSPORT_TRANSFER,0,0,False,,INSUFFICIENT_SAMPLE
BOD010,Mare Garden Hotel,Akyarlar,MANAGEMENT_COMMUNICATION,0,0,False,,INSUFFICIENT_SAMPLE
BOD010,Mare Garden Hotel,Akyarlar,SPA_WELLNESS,0,0,False,,INSUFFICIENT_SAMPLE
BOD010,Mare Garden Hotel,Akyarlar,SAFETY_SECURITY,0,0,False,,INSUFFICIENT_SAMPLE
BOD071,Tropicana Beach Hotel,Gümbet,STAFF_SERVICE,0,0,False,,INSUFFICIENT_SAMPLE
BOD071,Tropicana Beach Hotel,Gümbet,CLEANLINESS_HYGIENE,0,0,False,,INSUFFICIENT_SAMPLE
BOD071,Tropicana Beach Hotel,Gümbet,FOOD_BEVERAGE,0,0,False,,INSUFFICIENT_SAMPLE
BOD071,Tropicana Beach Hotel,Gümbet,ROOM,0,0,False,,INSUFFICIENT_SAMPLE
BOD071,Tropicana Beach Hotel,Gümbet,BEACH_SEA,0,0,False,,INSUFFICIENT_SAMPLE
BOD071,Tropicana Beach Hotel,Gümbet,POOL,0,0,False,,INSUFFICIENT_SAMPLE
BOD071,Tropicana Beach Hotel,Gümbet,FACILITIES_MAINTENANCE,0,0,False,,INSUFFICIENT_SAMPLE
BOD071,Tropicana Beach Hotel,Gümbet,RESERVATION,0,0,False,,INSUFFICIENT_SAMPLE
BOD071,Tropicana Beach Hotel,Gümbet,PAYMENT_REFUND,0,0,False,,INSUFFICIENT_SAMPLE
BOD071,Tropicana Beach Hotel,Gümbet,PRICE_VALUE,0,0,False,,INSUFFICIENT_SAMPLE
BOD071,Tropicana Beach Hotel,Gümbet,CHECKIN_CHECKOUT,0,0,False,,INSUFFICIENT_SAMPLE
BOD071,Tropicana Beach Hotel,Gümbet,AIR_CONDITIONING,0,0,False,,INSUFFICIENT_SAMPLE
BOD071,Tropicana Beach Hotel,Gümbet,NOISE,0,0,False,,INSUFFICIENT_SAMPLE
BOD071,Tropicana Beach Hotel,Gümbet,FAMILY_CHILDREN,0,0,False,,INSUFFICIENT_SAMPLE
BOD071,Tropicana Beach Hotel,Gümbet,TRANSPORT_TRANSFER,0,0,False,,INSUFFICIENT_SAMPLE
BOD071,Tropicana Beach Hotel,Gümbet,MANAGEMENT_COMMUNICATION,0,0,False,,INSUFFICIENT_SAMPLE
BOD071,Tropicana Beach Hotel,Gümbet,SPA_WELLNESS,0,0,False,,INSUFFICIENT_SAMPLE
BOD071,Tropicana Beach Hotel,Gümbet,SAFETY_SECURITY,0,0,False,,INSUFFICIENT_SAMPLE
BOD081,Oda Bodrum Gümüşlük,Gümüşlük,STAFF_SERVICE,0,0,False,,INSUFFICIENT_SAMPLE
BOD081,Oda Bodrum Gümüşlük,Gümüşlük,CLEANLINESS_HYGIENE,0,0,False,,INSUFFICIENT_SAMPLE
BOD081,Oda Bodrum Gümüşlük,Gümüşlük,FOOD_BEVERAGE,0,0,False,,INSUFFICIENT_SAMPLE
BOD081,Oda Bodrum Gümüşlük,Gümüşlük,ROOM,0,0,False,,INSUFFICIENT_SAMPLE
BOD081,Oda Bodrum Gümüşlük,Gümüşlük,BEACH_SEA,0,0,False,,INSUFFICIENT_SAMPLE
BOD081,Oda Bodrum Gümüşlük,Gümüşlük,POOL,0,0,False,,INSUFFICIENT_SAMPLE
BOD081,Oda Bodrum Gümüşlük,Gümüşlük,FACILITIES_MAINTENANCE,0,0,False,,INSUFFICIENT_SAMPLE
BOD081,Oda Bodrum Gümüşlük,Gümüşlük,RESERVATION,0,0,False,,INSUFFICIENT_SAMPLE
BOD081,Oda Bodrum Gümüşlük,Gümüşlük,PAYMENT_REFUND,0,0,False,,INSUFFICIENT_SAMPLE
BOD081,Oda Bodrum Gümüşlük,Gümüşlük,PRICE_VALUE,0,0,False,,INSUFFICIENT_SAMPLE
BOD081,Oda Bodrum Gümüşlük,Gümüşlük,CHECKIN_CHECKOUT,0,0,False,,INSUFFICIENT_SAMPLE
BOD081,Oda Bodrum Gümüşlük,Gümüşlük,AIR_CONDITIONING,0,0,False,,INSUFFICIENT_SAMPLE
BOD081,Oda Bodrum Gümüşlük,Gümüşlük,NOISE,0,0,False,,INSUFFICIENT_SAMPLE
BOD081,Oda Bodrum Gümüşlük,Gümüşlük,FAMILY_CHILDREN,0,0,False,,INSUFFICIENT_SAMPLE
BOD081,Oda Bodrum Gümüşlük,Gümüşlük,TRANSPORT_TRANSFER,0,0,False,,INSUFFICIENT_SAMPLE
BOD081,Oda Bodrum Gümüşlük,Gümüşlük,MANAGEMENT_COMMUNICATION,0,0,False,,INSUFFICIENT_SAMPLE
BOD081,Oda Bodrum Gümüşlük,Gümüşlük,SPA_WELLNESS,0,0,False,,INSUFFICIENT_SAMPLE
BOD081,Oda Bodrum Gümüşlük,Gümüşlük,SAFETY_SECURITY,0,0,False,,INSUFFICIENT_SAMPLE
BOD038,Casa Mare Bodrum,Bodrum Merkez,STAFF_SERVICE,0,0,False,,INSUFFICIENT_SAMPLE
BOD038,Casa Mare Bodrum,Bodrum Merkez,CLEANLINESS_HYGIENE,0,0,False,,INSUFFICIENT_SAMPLE
BOD038,Casa Mare Bodrum,Bodrum Merkez,FOOD_BEVERAGE,0,0,False,,INSUFFICIENT_SAMPLE
BOD038,Casa Mare Bodrum,Bodrum Merkez,ROOM,0,0,False,,INSUFFICIENT_SAMPLE
BOD038,Casa Mare Bodrum,Bodrum Merkez,BEACH_SEA,0,0,False,,INSUFFICIENT_SAMPLE
BOD038,Casa Mare Bodrum,Bodrum Merkez,POOL,0,0,False,,INSUFFICIENT_SAMPLE
BOD038,Casa Mare Bodrum,Bodrum Merkez,FACILITIES_MAINTENANCE,0,0,False,,INSUFFICIENT_SAMPLE
BOD038,Casa Mare Bodrum,Bodrum Merkez,RESERVATION,0,0,False,,INSUFFICIENT_SAMPLE
BOD038,Casa Mare Bodrum,Bodrum Merkez,PAYMENT_REFUND,0,0,False,,INSUFFICIENT_SAMPLE
BOD038,Casa Mare Bodrum,Bodrum Merkez,PRICE_VALUE,0,0,False,,INSUFFICIENT_SAMPLE
BOD038,Casa Mare Bodrum,Bodrum Merkez,CHECKIN_CHECKOUT,0,0,False,,INSUFFICIENT_SAMPLE
BOD038,Casa Mare Bodrum,Bodrum Merkez,AIR_CONDITIONING,0,0,False,,INSUFFICIENT_SAMPLE
BOD038,Casa Mare Bodrum,Bodrum Merkez,NOISE,0,0,False,,INSUFFICIENT_SAMPLE
BOD038,Casa Mare Bodrum,Bodrum Merkez,FAMILY_CHILDREN,0,0,False,,INSUFFICIENT_SAMPLE
BOD038,Casa Mare Bodrum,Bodrum Merkez,TRANSPORT_TRANSFER,0,0,False,,INSUFFICIENT_SAMPLE
BOD038,Casa Mare Bodrum,Bodrum Merkez,MANAGEMENT_COMMUNICATION,0,0,False,,INSUFFICIENT_SAMPLE
BOD038,Casa Mare Bodrum,Bodrum Merkez,SPA_WELLNESS,0,0,False,,INSUFFICIENT_SAMPLE
BOD038,Casa Mare Bodrum,Bodrum Merkez,SAFETY_SECURITY,0,0,False,,INSUFFICIENT_SAMPLE
BOD028,Mira Beach Resort Bodrum,Bitez,STAFF_SERVICE,0,0,False,,INSUFFICIENT_SAMPLE
BOD028,Mira Beach Resort Bodrum,Bitez,CLEANLINESS_HYGIENE,0,0,False,,INSUFFICIENT_SAMPLE
BOD028,Mira Beach Resort Bodrum,Bitez,FOOD_BEVERAGE,0,0,False,,INSUFFICIENT_SAMPLE
BOD028,Mira Beach Resort Bodrum,Bitez,ROOM,0,0,False,,INSUFFICIENT_SAMPLE
BOD028,Mira Beach Resort Bodrum,Bitez,BEACH_SEA,0,0,False,,INSUFFICIENT_SAMPLE
BOD028,Mira Beach Resort Bodrum,Bitez,POOL,0,0,False,,INSUFFICIENT_SAMPLE
BOD028,Mira Beach Resort Bodrum,Bitez,FACILITIES_MAINTENANCE,0,0,False,,INSUFFICIENT_SAMPLE
BOD028,Mira Beach Resort Bodrum,Bitez,RESERVATION,0,0,False,,INSUFFICIENT_SAMPLE
BOD028,Mira Beach Resort Bodrum,Bitez,PAYMENT_REFUND,0,0,False,,INSUFFICIENT_SAMPLE
BOD028,Mira Beach Resort Bodrum,Bitez,PRICE_VALUE,0,0,False,,INSUFFICIENT_SAMPLE
BOD028,Mira Beach Resort Bodrum,Bitez,CHECKIN_CHECKOUT,0,0,False,,INSUFFICIENT_SAMPLE
BOD028,Mira Beach Resort Bodrum,Bitez,AIR_CONDITIONING,0,0,False,,INSUFFICIENT_SAMPLE
BOD028,Mira Beach Resort Bodrum,Bitez,NOISE,0,0,False,,INSUFFICIENT_SAMPLE
BOD028,Mira Beach Resort Bodrum,Bitez,FAMILY_CHILDREN,0,0,False,,INSUFFICIENT_SAMPLE
BOD028,Mira Beach Resort Bodrum,Bitez,TRANSPORT_TRANSFER,0,0,False,,INSUFFICIENT_SAMPLE
BOD028,Mira Beach Resort Bodrum,Bitez,MANAGEMENT_COMMUNICATION,0,0,False,,INSUFFICIENT_SAMPLE
BOD028,Mira Beach Resort Bodrum,Bitez,SPA_WELLNESS,0,0,False,,INSUFFICIENT_SAMPLE
BOD028,Mira Beach Resort Bodrum,Bitez,SAFETY_SECURITY,0,0,False,,INSUFFICIENT_SAMPLE
BOD191,Yalıkavak Marina Hotel by METT Collection,Yalıkavak,STAFF_SERVICE,0,0,False,,INSUFFICIENT_SAMPLE
BOD191,Yalıkavak Marina Hotel by METT Collection,Yalıkavak,CLEANLINESS_HYGIENE,0,0,False,,INSUFFICIENT_SAMPLE
BOD191,Yalıkavak Marina Hotel by METT Collection,Yalıkavak,FOOD_BEVERAGE,0,0,False,,INSUFFICIENT_SAMPLE
BOD191,Yalıkavak Marina Hotel by METT Collection,Yalıkavak,ROOM,0,0,False,,INSUFFICIENT_SAMPLE
BOD191,Yalıkavak Marina Hotel by METT Collection,Yalıkavak,BEACH_SEA,0,0,False,,INSUFFICIENT_SAMPLE
BOD191,Yalıkavak Marina Hotel by METT Collection,Yalıkavak,POOL,0,0,False,,INSUFFICIENT_SAMPLE
BOD191,Yalıkavak Marina Hotel by METT Collection,Yalıkavak,FACILITIES_MAINTENANCE,0,0,False,,INSUFFICIENT_SAMPLE
BOD191,Yalıkavak Marina Hotel by METT Collection,Yalıkavak,RESERVATION,0,0,False,,INSUFFICIENT_SAMPLE
BOD191,Yalıkavak Marina Hotel by METT Collection,Yalıkavak,PAYMENT_REFUND,0,0,False,,INSUFFICIENT_SAMPLE
BOD191,Yalıkavak Marina Hotel by METT Collection,Yalıkavak,PRICE_VALUE,0,0,False,,INSUFFICIENT_SAMPLE
BOD191,Yalıkavak Marina Hotel by METT Collection,Yalıkavak,CHECKIN_CHECKOUT,0,0,False,,INSUFFICIENT_SAMPLE
BOD191,Yalıkavak Marina Hotel by METT Collection,Yalıkavak,AIR_CONDITIONING,0,0,False,,INSUFFICIENT_SAMPLE
BOD191,Yalıkavak Marina Hotel by METT Collection,Yalıkavak,NOISE,0,0,False,,INSUFFICIENT_SAMPLE
BOD191,Yalıkavak Marina Hotel by METT Collection,Yalıkavak,FAMILY_CHILDREN,0,0,False,,INSUFFICIENT_SAMPLE
BOD191,Yalıkavak Marina Hotel by METT Collection,Yalıkavak,TRANSPORT_TRANSFER,0,0,False,,INSUFFICIENT_SAMPLE
BOD191,Yalıkavak Marina Hotel by METT Collection,Yalıkavak,MANAGEMENT_COMMUNICATION,0,0,False,,INSUFFICIENT_SAMPLE
BOD191,Yalıkavak Marina Hotel by METT Collection,Yalıkavak,SPA_WELLNESS,0,0,False,,INSUFFICIENT_SAMPLE
BOD191,Yalıkavak Marina Hotel by METT Collection,Yalıkavak,SAFETY_SECURITY,0,0,False,,INSUFFICIENT_SAMPLE
BOD049,Casa Del Mar Bodrum,Göltürkbükü,STAFF_SERVICE,0,0,False,,INSUFFICIENT_SAMPLE
BOD049,Casa Del Mar Bodrum,Göltürkbükü,CLEANLINESS_HYGIENE,0,0,False,,INSUFFICIENT_SAMPLE
BOD049,Casa Del Mar Bodrum,Göltürkbükü,FOOD_BEVERAGE,0,0,False,,INSUFFICIENT_SAMPLE
BOD049,Casa Del Mar Bodrum,Göltürkbükü,ROOM,0,0,False,,INSUFFICIENT_SAMPLE
BOD049,Casa Del Mar Bodrum,Göltürkbükü,BEACH_SEA,0,0,False,,INSUFFICIENT_SAMPLE
BOD049,Casa Del Mar Bodrum,Göltürkbükü,POOL,0,0,False,,INSUFFICIENT_SAMPLE
BOD049,Casa Del Mar Bodrum,Göltürkbükü,FACILITIES_MAINTENANCE,0,0,False,,INSUFFICIENT_SAMPLE
BOD049,Casa Del Mar Bodrum,Göltürkbükü,RESERVATION,0,0,False,,INSUFFICIENT_SAMPLE
BOD049,Casa Del Mar Bodrum,Göltürkbükü,PAYMENT_REFUND,0,0,False,,INSUFFICIENT_SAMPLE
BOD049,Casa Del Mar Bodrum,Göltürkbükü,PRICE_VALUE,0,0,False,,INSUFFICIENT_SAMPLE
BOD049,Casa Del Mar Bodrum,Göltürkbükü,CHECKIN_CHECKOUT,0,0,False,,INSUFFICIENT_SAMPLE
BOD049,Casa Del Mar Bodrum,Göltürkbükü,AIR_CONDITIONING,0,0,False,,INSUFFICIENT_SAMPLE
BOD049,Casa Del Mar Bodrum,Göltürkbükü,NOISE,0,0,False,,INSUFFICIENT_SAMPLE
BOD049,Casa Del Mar Bodrum,Göltürkbükü,FAMILY_CHILDREN,0,0,False,,INSUFFICIENT_SAMPLE
BOD049,Casa Del Mar Bodrum,Göltürkbükü,TRANSPORT_TRANSFER,0,0,False,,INSUFFICIENT_SAMPLE
BOD049,Casa Del Mar Bodrum,Göltürkbükü,MANAGEMENT_COMMUNICATION,0,0,False,,INSUFFICIENT_SAMPLE
BOD049,Casa Del Mar Bodrum,Göltürkbükü,SPA_WELLNESS,0,0,False,,INSUFFICIENT_SAMPLE
BOD049,Casa Del Mar Bodrum,Göltürkbükü,SAFETY_SECURITY,0,0,False,,INSUFFICIENT_SAMPLE
BOD124,Irmak Boutique Hotel,Ortakent-Yahşi,STAFF_SERVICE,0,0,False,,INSUFFICIENT_SAMPLE
BOD124,Irmak Boutique Hotel,Ortakent-Yahşi,CLEANLINESS_HYGIENE,0,0,False,,INSUFFICIENT_SAMPLE
BOD124,Irmak Boutique Hotel,Ortakent-Yahşi,FOOD_BEVERAGE,0,0,False,,INSUFFICIENT_SAMPLE
BOD124,Irmak Boutique Hotel,Ortakent-Yahşi,ROOM,0,0,False,,INSUFFICIENT_SAMPLE
BOD124,Irmak Boutique Hotel,Ortakent-Yahşi,BEACH_SEA,0,0,False,,INSUFFICIENT_SAMPLE
BOD124,Irmak Boutique Hotel,Ortakent-Yahşi,POOL,0,0,False,,INSUFFICIENT_SAMPLE
BOD124,Irmak Boutique Hotel,Ortakent-Yahşi,FACILITIES_MAINTENANCE,0,0,False,,INSUFFICIENT_SAMPLE
BOD124,Irmak Boutique Hotel,Ortakent-Yahşi,RESERVATION,0,0,False,,INSUFFICIENT_SAMPLE
BOD124,Irmak Boutique Hotel,Ortakent-Yahşi,PAYMENT_REFUND,0,0,False,,INSUFFICIENT_SAMPLE
BOD124,Irmak Boutique Hotel,Ortakent-Yahşi,PRICE_VALUE,0,0,False,,INSUFFICIENT_SAMPLE
BOD124,Irmak Boutique Hotel,Ortakent-Yahşi,CHECKIN_CHECKOUT,0,0,False,,INSUFFICIENT_SAMPLE
BOD124,Irmak Boutique Hotel,Ortakent-Yahşi,AIR_CONDITIONING,0,0,False,,INSUFFICIENT_SAMPLE
BOD124,Irmak Boutique Hotel,Ortakent-Yahşi,NOISE,0,0,False,,INSUFFICIENT_SAMPLE
BOD124,Irmak Boutique Hotel,Ortakent-Yahşi,FAMILY_CHILDREN,0,0,False,,INSUFFICIENT_SAMPLE
BOD124,Irmak Boutique Hotel,Ortakent-Yahşi,TRANSPORT_TRANSFER,0,0,False,,INSUFFICIENT_SAMPLE
BOD124,Irmak Boutique Hotel,Ortakent-Yahşi,MANAGEMENT_COMMUNICATION,0,0,False,,INSUFFICIENT_SAMPLE
BOD124,Irmak Boutique Hotel,Ortakent-Yahşi,SPA_WELLNESS,0,0,False,,INSUFFICIENT_SAMPLE
BOD124,Irmak Boutique Hotel,Ortakent-Yahşi,SAFETY_SECURITY,0,0,False,,INSUFFICIENT_SAMPLE
BOD129,Meggs Bodrum,Ortakent-Yahşi,STAFF_SERVICE,0,0,False,,INSUFFICIENT_SAMPLE
BOD129,Meggs Bodrum,Ortakent-Yahşi,CLEANLINESS_HYGIENE,0,0,False,,INSUFFICIENT_SAMPLE
BOD129,Meggs Bodrum,Ortakent-Yahşi,FOOD_BEVERAGE,0,0,False,,INSUFFICIENT_SAMPLE
BOD129,Meggs Bodrum,Ortakent-Yahşi,ROOM,0,0,False,,INSUFFICIENT_SAMPLE
BOD129,Meggs Bodrum,Ortakent-Yahşi,BEACH_SEA,0,0,False,,INSUFFICIENT_SAMPLE
BOD129,Meggs Bodrum,Ortakent-Yahşi,POOL,0,0,False,,INSUFFICIENT_SAMPLE
BOD129,Meggs Bodrum,Ortakent-Yahşi,FACILITIES_MAINTENANCE,0,0,False,,INSUFFICIENT_SAMPLE
BOD129,Meggs Bodrum,Ortakent-Yahşi,RESERVATION,0,0,False,,INSUFFICIENT_SAMPLE
BOD129,Meggs Bodrum,Ortakent-Yahşi,PAYMENT_REFUND,0,0,False,,INSUFFICIENT_SAMPLE
BOD129,Meggs Bodrum,Ortakent-Yahşi,PRICE_VALUE,0,0,False,,INSUFFICIENT_SAMPLE
BOD129,Meggs Bodrum,Ortakent-Yahşi,CHECKIN_CHECKOUT,0,0,False,,INSUFFICIENT_SAMPLE
BOD129,Meggs Bodrum,Ortakent-Yahşi,AIR_CONDITIONING,0,0,False,,INSUFFICIENT_SAMPLE
BOD129,Meggs Bodrum,Ortakent-Yahşi,NOISE,0,0,False,,INSUFFICIENT_SAMPLE
BOD129,Meggs Bodrum,Ortakent-Yahşi,FAMILY_CHILDREN,0,0,False,,INSUFFICIENT_SAMPLE
BOD129,Meggs Bodrum,Ortakent-Yahşi,TRANSPORT_TRANSFER,0,0,False,,INSUFFICIENT_SAMPLE
BOD129,Meggs Bodrum,Ortakent-Yahşi,MANAGEMENT_COMMUNICATION,0,0,False,,INSUFFICIENT_SAMPLE
BOD129,Meggs Bodrum,Ortakent-Yahşi,SPA_WELLNESS,0,0,False,,INSUFFICIENT_SAMPLE
BOD129,Meggs Bodrum,Ortakent-Yahşi,SAFETY_SECURITY,0,0,False,,INSUFFICIENT_SAMPLE
BOD181,Palmalife Bodrum Resort & Spa,Yalıkavak,STAFF_SERVICE,0,0,False,,INSUFFICIENT_SAMPLE
BOD181,Palmalife Bodrum Resort & Spa,Yalıkavak,CLEANLINESS_HYGIENE,0,0,False,,INSUFFICIENT_SAMPLE
BOD181,Palmalife Bodrum Resort & Spa,Yalıkavak,FOOD_BEVERAGE,0,0,False,,INSUFFICIENT_SAMPLE
BOD181,Palmalife Bodrum Resort & Spa,Yalıkavak,ROOM,0,0,False,,INSUFFICIENT_SAMPLE
BOD181,Palmalife Bodrum Resort & Spa,Yalıkavak,BEACH_SEA,0,0,False,,INSUFFICIENT_SAMPLE
BOD181,Palmalife Bodrum Resort & Spa,Yalıkavak,POOL,0,0,False,,INSUFFICIENT_SAMPLE
BOD181,Palmalife Bodrum Resort & Spa,Yalıkavak,FACILITIES_MAINTENANCE,0,0,False,,INSUFFICIENT_SAMPLE
BOD181,Palmalife Bodrum Resort & Spa,Yalıkavak,RESERVATION,0,0,False,,INSUFFICIENT_SAMPLE
BOD181,Palmalife Bodrum Resort & Spa,Yalıkavak,PAYMENT_REFUND,0,0,False,,INSUFFICIENT_SAMPLE
BOD181,Palmalife Bodrum Resort & Spa,Yalıkavak,PRICE_VALUE,0,0,False,,INSUFFICIENT_SAMPLE
BOD181,Palmalife Bodrum Resort & Spa,Yalıkavak,CHECKIN_CHECKOUT,0,0,False,,INSUFFICIENT_SAMPLE
BOD181,Palmalife Bodrum Resort & Spa,Yalıkavak,AIR_CONDITIONING,0,0,False,,INSUFFICIENT_SAMPLE
BOD181,Palmalife Bodrum Resort & Spa,Yalıkavak,NOISE,0,0,False,,INSUFFICIENT_SAMPLE
BOD181,Palmalife Bodrum Resort & Spa,Yalıkavak,FAMILY_CHILDREN,0,0,False,,INSUFFICIENT_SAMPLE
BOD181,Palmalife Bodrum Resort & Spa,Yalıkavak,TRANSPORT_TRANSFER,0,0,False,,INSUFFICIENT_SAMPLE
BOD181,Palmalife Bodrum Resort & Spa,Yalıkavak,MANAGEMENT_COMMUNICATION,0,0,False,,INSUFFICIENT_SAMPLE
BOD181,Palmalife Bodrum Resort & Spa,Yalıkavak,SPA_WELLNESS,0,0,False,,INSUFFICIENT_SAMPLE
BOD181,Palmalife Bodrum Resort & Spa,Yalıkavak,SAFETY_SECURITY,0,0,False,,INSUFFICIENT_SAMPLE
BOD120,Celeste Bella Luxury Hotel & Spa,Ortakent-Yahşi,STAFF_SERVICE,0,0,False,,INSUFFICIENT_SAMPLE
BOD120,Celeste Bella Luxury Hotel & Spa,Ortakent-Yahşi,CLEANLINESS_HYGIENE,0,0,False,,INSUFFICIENT_SAMPLE
BOD120,Celeste Bella Luxury Hotel & Spa,Ortakent-Yahşi,FOOD_BEVERAGE,0,0,False,,INSUFFICIENT_SAMPLE
BOD120,Celeste Bella Luxury Hotel & Spa,Ortakent-Yahşi,ROOM,0,0,False,,INSUFFICIENT_SAMPLE
BOD120,Celeste Bella Luxury Hotel & Spa,Ortakent-Yahşi,BEACH_SEA,0,0,False,,INSUFFICIENT_SAMPLE
BOD120,Celeste Bella Luxury Hotel & Spa,Ortakent-Yahşi,POOL,0,0,False,,INSUFFICIENT_SAMPLE
BOD120,Celeste Bella Luxury Hotel & Spa,Ortakent-Yahşi,FACILITIES_MAINTENANCE,0,0,False,,INSUFFICIENT_SAMPLE
BOD120,Celeste Bella Luxury Hotel & Spa,Ortakent-Yahşi,RESERVATION,0,0,False,,INSUFFICIENT_SAMPLE
BOD120,Celeste Bella Luxury Hotel & Spa,Ortakent-Yahşi,PAYMENT_REFUND,0,0,False,,INSUFFICIENT_SAMPLE
BOD120,Celeste Bella Luxury Hotel & Spa,Ortakent-Yahşi,PRICE_VALUE,0,0,False,,INSUFFICIENT_SAMPLE
BOD120,Celeste Bella Luxury Hotel & Spa,Ortakent-Yahşi,CHECKIN_CHECKOUT,0,0,False,,INSUFFICIENT_SAMPLE
BOD120,Celeste Bella Luxury Hotel & Spa,Ortakent-Yahşi,AIR_CONDITIONING,0,0,False,,INSUFFICIENT_SAMPLE
BOD120,Celeste Bella Luxury Hotel & Spa,Ortakent-Yahşi,NOISE,0,0,False,,INSUFFICIENT_SAMPLE
BOD120,Celeste Bella Luxury Hotel & Spa,Ortakent-Yahşi,FAMILY_CHILDREN,0,0,False,,INSUFFICIENT_SAMPLE
BOD120,Celeste Bella Luxury Hotel & Spa,Ortakent-Yahşi,TRANSPORT_TRANSFER,0,0,False,,INSUFFICIENT_SAMPLE
BOD120,Celeste Bella Luxury Hotel & Spa,Ortakent-Yahşi,MANAGEMENT_COMMUNICATION,0,0,False,,INSUFFICIENT_SAMPLE
BOD120,Celeste Bella Luxury Hotel & Spa,Ortakent-Yahşi,SPA_WELLNESS,0,0,False,,INSUFFICIENT_SAMPLE
BOD120,Celeste Bella Luxury Hotel & Spa,Ortakent-Yahşi,SAFETY_SECURITY,0,0,False,,INSUFFICIENT_SAMPLE
BOD003,ASPAT HOTEL BODRUM Beach Restaurant,Akyarlar,STAFF_SERVICE,0,0,False,,INSUFFICIENT_SAMPLE
BOD003,ASPAT HOTEL BODRUM Beach Restaurant,Akyarlar,CLEANLINESS_HYGIENE,0,0,False,,INSUFFICIENT_SAMPLE
BOD003,ASPAT HOTEL BODRUM Beach Restaurant,Akyarlar,FOOD_BEVERAGE,0,0,False,,INSUFFICIENT_SAMPLE
BOD003,ASPAT HOTEL BODRUM Beach Restaurant,Akyarlar,ROOM,0,0,False,,INSUFFICIENT_SAMPLE
BOD003,ASPAT HOTEL BODRUM Beach Restaurant,Akyarlar,BEACH_SEA,0,0,False,,INSUFFICIENT_SAMPLE
BOD003,ASPAT HOTEL BODRUM Beach Restaurant,Akyarlar,POOL,0,0,False,,INSUFFICIENT_SAMPLE
BOD003,ASPAT HOTEL BODRUM Beach Restaurant,Akyarlar,FACILITIES_MAINTENANCE,0,0,False,,INSUFFICIENT_SAMPLE
BOD003,ASPAT HOTEL BODRUM Beach Restaurant,Akyarlar,RESERVATION,0,0,False,,INSUFFICIENT_SAMPLE
BOD003,ASPAT HOTEL BODRUM Beach Restaurant,Akyarlar,PAYMENT_REFUND,0,0,False,,INSUFFICIENT_SAMPLE
BOD003,ASPAT HOTEL BODRUM Beach Restaurant,Akyarlar,PRICE_VALUE,0,0,False,,INSUFFICIENT_SAMPLE
BOD003,ASPAT HOTEL BODRUM Beach Restaurant,Akyarlar,CHECKIN_CHECKOUT,0,0,False,,INSUFFICIENT_SAMPLE
BOD003,ASPAT HOTEL BODRUM Beach Restaurant,Akyarlar,AIR_CONDITIONING,0,0,False,,INSUFFICIENT_SAMPLE
BOD003,ASPAT HOTEL BODRUM Beach Restaurant,Akyarlar,NOISE,0,0,False,,INSUFFICIENT_SAMPLE
BOD003,ASPAT HOTEL BODRUM Beach Restaurant,Akyarlar,FAMILY_CHILDREN,0,0,False,,INSUFFICIENT_SAMPLE
BOD003,ASPAT HOTEL BODRUM Beach Restaurant,Akyarlar,TRANSPORT_TRANSFER,0,0,False,,INSUFFICIENT_SAMPLE
BOD003,ASPAT HOTEL BODRUM Beach Restaurant,Akyarlar,MANAGEMENT_COMMUNICATION,0,0,False,,INSUFFICIENT_SAMPLE
BOD003,ASPAT HOTEL BODRUM Beach Restaurant,Akyarlar,SPA_WELLNESS,0,0,False,,INSUFFICIENT_SAMPLE
BOD003,ASPAT HOTEL BODRUM Beach Restaurant,Akyarlar,SAFETY_SECURITY,0,0,False,,INSUFFICIENT_SAMPLE
BOD100,Villa Rustica Hotel,Gündoğan,STAFF_SERVICE,0,0,False,,INSUFFICIENT_SAMPLE
BOD100,Villa Rustica Hotel,Gündoğan,CLEANLINESS_HYGIENE,0,0,False,,INSUFFICIENT_SAMPLE
BOD100,Villa Rustica Hotel,Gündoğan,FOOD_BEVERAGE,0,0,False,,INSUFFICIENT_SAMPLE
BOD100,Villa Rustica Hotel,Gündoğan,ROOM,0,0,False,,INSUFFICIENT_SAMPLE
BOD100,Villa Rustica Hotel,Gündoğan,BEACH_SEA,0,0,False,,INSUFFICIENT_SAMPLE
BOD100,Villa Rustica Hotel,Gündoğan,POOL,0,0,False,,INSUFFICIENT_SAMPLE
BOD100,Villa Rustica Hotel,Gündoğan,FACILITIES_MAINTENANCE,0,0,False,,INSUFFICIENT_SAMPLE
BOD100,Villa Rustica Hotel,Gündoğan,RESERVATION,0,0,False,,INSUFFICIENT_SAMPLE
BOD100,Villa Rustica Hotel,Gündoğan,PAYMENT_REFUND,0,0,False,,INSUFFICIENT_SAMPLE
BOD100,Villa Rustica Hotel,Gündoğan,PRICE_VALUE,0,0,False,,INSUFFICIENT_SAMPLE
BOD100,Villa Rustica Hotel,Gündoğan,CHECKIN_CHECKOUT,0,0,False,,INSUFFICIENT_SAMPLE
BOD100,Villa Rustica Hotel,Gündoğan,AIR_CONDITIONING,0,0,False,,INSUFFICIENT_SAMPLE
BOD100,Villa Rustica Hotel,Gündoğan,NOISE,0,0,False,,INSUFFICIENT_SAMPLE
BOD100,Villa Rustica Hotel,Gündoğan,FAMILY_CHILDREN,0,0,False,,INSUFFICIENT_SAMPLE
BOD100,Villa Rustica Hotel,Gündoğan,TRANSPORT_TRANSFER,0,0,False,,INSUFFICIENT_SAMPLE
BOD100,Villa Rustica Hotel,Gündoğan,MANAGEMENT_COMMUNICATION,0,0,False,,INSUFFICIENT_SAMPLE
BOD100,Villa Rustica Hotel,Gündoğan,SPA_WELLNESS,0,0,False,,INSUFFICIENT_SAMPLE
BOD100,Villa Rustica Hotel,Gündoğan,SAFETY_SECURITY,0,0,False,,INSUFFICIENT_SAMPLE
BOD039,Casa Nonna Bodrum,Bodrum Merkez,STAFF_SERVICE,0,0,False,,INSUFFICIENT_SAMPLE
BOD039,Casa Nonna Bodrum,Bodrum Merkez,CLEANLINESS_HYGIENE,0,0,False,,INSUFFICIENT_SAMPLE
BOD039,Casa Nonna Bodrum,Bodrum Merkez,FOOD_BEVERAGE,0,0,False,,INSUFFICIENT_SAMPLE
BOD039,Casa Nonna Bodrum,Bodrum Merkez,ROOM,0,0,False,,INSUFFICIENT_SAMPLE
BOD039,Casa Nonna Bodrum,Bodrum Merkez,BEACH_SEA,0,0,False,,INSUFFICIENT_SAMPLE
BOD039,Casa Nonna Bodrum,Bodrum Merkez,POOL,0,0,False,,INSUFFICIENT_SAMPLE
BOD039,Casa Nonna Bodrum,Bodrum Merkez,FACILITIES_MAINTENANCE,0,0,False,,INSUFFICIENT_SAMPLE
BOD039,Casa Nonna Bodrum,Bodrum Merkez,RESERVATION,0,0,False,,INSUFFICIENT_SAMPLE
BOD039,Casa Nonna Bodrum,Bodrum Merkez,PAYMENT_REFUND,0,0,False,,INSUFFICIENT_SAMPLE
BOD039,Casa Nonna Bodrum,Bodrum Merkez,PRICE_VALUE,0,0,False,,INSUFFICIENT_SAMPLE
BOD039,Casa Nonna Bodrum,Bodrum Merkez,CHECKIN_CHECKOUT,0,0,False,,INSUFFICIENT_SAMPLE
BOD039,Casa Nonna Bodrum,Bodrum Merkez,AIR_CONDITIONING,0,0,False,,INSUFFICIENT_SAMPLE
BOD039,Casa Nonna Bodrum,Bodrum Merkez,NOISE,0,0,False,,INSUFFICIENT_SAMPLE
BOD039,Casa Nonna Bodrum,Bodrum Merkez,FAMILY_CHILDREN,0,0,False,,INSUFFICIENT_SAMPLE
BOD039,Casa Nonna Bodrum,Bodrum Merkez,TRANSPORT_TRANSFER,0,0,False,,INSUFFICIENT_SAMPLE
BOD039,Casa Nonna Bodrum,Bodrum Merkez,MANAGEMENT_COMMUNICATION,0,0,False,,INSUFFICIENT_SAMPLE
BOD039,Casa Nonna Bodrum,Bodrum Merkez,SPA_WELLNESS,0,0,False,,INSUFFICIENT_SAMPLE
BOD039,Casa Nonna Bodrum,Bodrum Merkez,SAFETY_SECURITY,0,0,False,,INSUFFICIENT_SAMPLE
BOD154,Toka Bodrum Hotel & Beach Club,Torba,STAFF_SERVICE,0,0,False,,INSUFFICIENT_SAMPLE
BOD154,Toka Bodrum Hotel & Beach Club,Torba,CLEANLINESS_HYGIENE,0,0,False,,INSUFFICIENT_SAMPLE
BOD154,Toka Bodrum Hotel & Beach Club,Torba,FOOD_BEVERAGE,0,0,False,,INSUFFICIENT_SAMPLE
BOD154,Toka Bodrum Hotel & Beach Club,Torba,ROOM,0,0,False,,INSUFFICIENT_SAMPLE
BOD154,Toka Bodrum Hotel & Beach Club,Torba,BEACH_SEA,0,0,False,,INSUFFICIENT_SAMPLE
BOD154,Toka Bodrum Hotel & Beach Club,Torba,POOL,0,0,False,,INSUFFICIENT_SAMPLE
BOD154,Toka Bodrum Hotel & Beach Club,Torba,FACILITIES_MAINTENANCE,0,0,False,,INSUFFICIENT_SAMPLE
BOD154,Toka Bodrum Hotel & Beach Club,Torba,RESERVATION,0,0,False,,INSUFFICIENT_SAMPLE
BOD154,Toka Bodrum Hotel & Beach Club,Torba,PAYMENT_REFUND,0,0,False,,INSUFFICIENT_SAMPLE
BOD154,Toka Bodrum Hotel & Beach Club,Torba,PRICE_VALUE,0,0,False,,INSUFFICIENT_SAMPLE
BOD154,Toka Bodrum Hotel & Beach Club,Torba,CHECKIN_CHECKOUT,0,0,False,,INSUFFICIENT_SAMPLE
BOD154,Toka Bodrum Hotel & Beach Club,Torba,AIR_CONDITIONING,0,0,False,,INSUFFICIENT_SAMPLE
BOD154,Toka Bodrum Hotel & Beach Club,Torba,NOISE,0,0,False,,INSUFFICIENT_SAMPLE
BOD154,Toka Bodrum Hotel & Beach Club,Torba,FAMILY_CHILDREN,0,0,False,,INSUFFICIENT_SAMPLE
BOD154,Toka Bodrum Hotel & Beach Club,Torba,TRANSPORT_TRANSFER,0,0,False,,INSUFFICIENT_SAMPLE
BOD154,Toka Bodrum Hotel & Beach Club,Torba,MANAGEMENT_COMMUNICATION,0,0,False,,INSUFFICIENT_SAMPLE
BOD154,Toka Bodrum Hotel & Beach Club,Torba,SPA_WELLNESS,0,0,False,,INSUFFICIENT_SAMPLE
BOD154,Toka Bodrum Hotel & Beach Club,Torba,SAFETY_SECURITY,0,0,False,,INSUFFICIENT_SAMPLE
BOD062,"Gümbet Cove Hotel, Muğla Türkiye",Gümbet,STAFF_SERVICE,0,0,False,,INSUFFICIENT_SAMPLE
BOD062,"Gümbet Cove Hotel, Muğla Türkiye",Gümbet,CLEANLINESS_HYGIENE,0,0,False,,INSUFFICIENT_SAMPLE
BOD062,"Gümbet Cove Hotel, Muğla Türkiye",Gümbet,FOOD_BEVERAGE,0,0,False,,INSUFFICIENT_SAMPLE
BOD062,"Gümbet Cove Hotel, Muğla Türkiye",Gümbet,ROOM,0,0,False,,INSUFFICIENT_SAMPLE
BOD062,"Gümbet Cove Hotel, Muğla Türkiye",Gümbet,BEACH_SEA,0,0,False,,INSUFFICIENT_SAMPLE
BOD062,"Gümbet Cove Hotel, Muğla Türkiye",Gümbet,POOL,0,0,False,,INSUFFICIENT_SAMPLE
BOD062,"Gümbet Cove Hotel, Muğla Türkiye",Gümbet,FACILITIES_MAINTENANCE,0,0,False,,INSUFFICIENT_SAMPLE
BOD062,"Gümbet Cove Hotel, Muğla Türkiye",Gümbet,RESERVATION,0,0,False,,INSUFFICIENT_SAMPLE
BOD062,"Gümbet Cove Hotel, Muğla Türkiye",Gümbet,PAYMENT_REFUND,0,0,False,,INSUFFICIENT_SAMPLE
BOD062,"Gümbet Cove Hotel, Muğla Türkiye",Gümbet,PRICE_VALUE,0,0,False,,INSUFFICIENT_SAMPLE
BOD062,"Gümbet Cove Hotel, Muğla Türkiye",Gümbet,CHECKIN_CHECKOUT,0,0,False,,INSUFFICIENT_SAMPLE
BOD062,"Gümbet Cove Hotel, Muğla Türkiye",Gümbet,AIR_CONDITIONING,0,0,False,,INSUFFICIENT_SAMPLE
BOD062,"Gümbet Cove Hotel, Muğla Türkiye",Gümbet,NOISE,0,0,False,,INSUFFICIENT_SAMPLE
BOD062,"Gümbet Cove Hotel, Muğla Türkiye",Gümbet,FAMILY_CHILDREN,0,0,False,,INSUFFICIENT_SAMPLE
BOD062,"Gümbet Cove Hotel, Muğla Türkiye",Gümbet,TRANSPORT_TRANSFER,0,0,False,,INSUFFICIENT_SAMPLE
BOD062,"Gümbet Cove Hotel, Muğla Türkiye",Gümbet,MANAGEMENT_COMMUNICATION,0,0,False,,INSUFFICIENT_SAMPLE
BOD062,"Gümbet Cove Hotel, Muğla Türkiye",Gümbet,SPA_WELLNESS,0,0,False,,INSUFFICIENT_SAMPLE
BOD062,"Gümbet Cove Hotel, Muğla Türkiye",Gümbet,SAFETY_SECURITY,0,0,False,,INSUFFICIENT_SAMPLE
BOD167,Elista Hotel & Spa,Türkbükü,STAFF_SERVICE,0,0,False,,INSUFFICIENT_SAMPLE
BOD167,Elista Hotel & Spa,Türkbükü,CLEANLINESS_HYGIENE,0,0,False,,INSUFFICIENT_SAMPLE
BOD167,Elista Hotel & Spa,Türkbükü,FOOD_BEVERAGE,0,0,False,,INSUFFICIENT_SAMPLE
BOD167,Elista Hotel & Spa,Türkbükü,ROOM,0,0,False,,INSUFFICIENT_SAMPLE
BOD167,Elista Hotel & Spa,Türkbükü,BEACH_SEA,0,0,False,,INSUFFICIENT_SAMPLE
BOD167,Elista Hotel & Spa,Türkbükü,POOL,0,0,False,,INSUFFICIENT_SAMPLE
BOD167,Elista Hotel & Spa,Türkbükü,FACILITIES_MAINTENANCE,0,0,False,,INSUFFICIENT_SAMPLE
BOD167,Elista Hotel & Spa,Türkbükü,RESERVATION,0,0,False,,INSUFFICIENT_SAMPLE
BOD167,Elista Hotel & Spa,Türkbükü,PAYMENT_REFUND,0,0,False,,INSUFFICIENT_SAMPLE
BOD167,Elista Hotel & Spa,Türkbükü,PRICE_VALUE,0,0,False,,INSUFFICIENT_SAMPLE
BOD167,Elista Hotel & Spa,Türkbükü,CHECKIN_CHECKOUT,0,0,False,,INSUFFICIENT_SAMPLE
BOD167,Elista Hotel & Spa,Türkbükü,AIR_CONDITIONING,0,0,False,,INSUFFICIENT_SAMPLE
BOD167,Elista Hotel & Spa,Türkbükü,NOISE,0,0,False,,INSUFFICIENT_SAMPLE
BOD167,Elista Hotel & Spa,Türkbükü,FAMILY_CHILDREN,0,0,False,,INSUFFICIENT_SAMPLE
BOD167,Elista Hotel & Spa,Türkbükü,TRANSPORT_TRANSFER,0,0,False,,INSUFFICIENT_SAMPLE
BOD167,Elista Hotel & Spa,Türkbükü,MANAGEMENT_COMMUNICATION,0,0,False,,INSUFFICIENT_SAMPLE
BOD167,Elista Hotel & Spa,Türkbükü,SPA_WELLNESS,0,0,False,,INSUFFICIENT_SAMPLE
BOD167,Elista Hotel & Spa,Türkbükü,SAFETY_SECURITY,0,0,False,,INSUFFICIENT_SAMPLE
BOD034,Çınar Butik Otel Bodrum,Bitez,STAFF_SERVICE,0,0,False,,INSUFFICIENT_SAMPLE
BOD034,Çınar Butik Otel Bodrum,Bitez,CLEANLINESS_HYGIENE,0,0,False,,INSUFFICIENT_SAMPLE
BOD034,Çınar Butik Otel Bodrum,Bitez,FOOD_BEVERAGE,0,0,False,,INSUFFICIENT_SAMPLE
BOD034,Çınar Butik Otel Bodrum,Bitez,ROOM,0,0,False,,INSUFFICIENT_SAMPLE
BOD034,Çınar Butik Otel Bodrum,Bitez,BEACH_SEA,0,0,False,,INSUFFICIENT_SAMPLE
BOD034,Çınar Butik Otel Bodrum,Bitez,POOL,0,0,False,,INSUFFICIENT_SAMPLE
BOD034,Çınar Butik Otel Bodrum,Bitez,FACILITIES_MAINTENANCE,0,0,False,,INSUFFICIENT_SAMPLE
BOD034,Çınar Butik Otel Bodrum,Bitez,RESERVATION,0,0,False,,INSUFFICIENT_SAMPLE
BOD034,Çınar Butik Otel Bodrum,Bitez,PAYMENT_REFUND,0,0,False,,INSUFFICIENT_SAMPLE
BOD034,Çınar Butik Otel Bodrum,Bitez,PRICE_VALUE,0,0,False,,INSUFFICIENT_SAMPLE
BOD034,Çınar Butik Otel Bodrum,Bitez,CHECKIN_CHECKOUT,0,0,False,,INSUFFICIENT_SAMPLE
BOD034,Çınar Butik Otel Bodrum,Bitez,AIR_CONDITIONING,0,0,False,,INSUFFICIENT_SAMPLE
BOD034,Çınar Butik Otel Bodrum,Bitez,NOISE,0,0,False,,INSUFFICIENT_SAMPLE
BOD034,Çınar Butik Otel Bodrum,Bitez,FAMILY_CHILDREN,0,0,False,,INSUFFICIENT_SAMPLE
BOD034,Çınar Butik Otel Bodrum,Bitez,TRANSPORT_TRANSFER,0,0,False,,INSUFFICIENT_SAMPLE
BOD034,Çınar Butik Otel Bodrum,Bitez,MANAGEMENT_COMMUNICATION,0,0,False,,INSUFFICIENT_SAMPLE
BOD034,Çınar Butik Otel Bodrum,Bitez,SPA_WELLNESS,0,0,False,,INSUFFICIENT_SAMPLE
BOD034,Çınar Butik Otel Bodrum,Bitez,SAFETY_SECURITY,0,0,False,,INSUFFICIENT_SAMPLE
BOD048,Babana Hotel,Göltürkbükü,STAFF_SERVICE,0,0,False,,INSUFFICIENT_SAMPLE
BOD048,Babana Hotel,Göltürkbükü,CLEANLINESS_HYGIENE,0,0,False,,INSUFFICIENT_SAMPLE
BOD048,Babana Hotel,Göltürkbükü,FOOD_BEVERAGE,0,0,False,,INSUFFICIENT_SAMPLE
BOD048,Babana Hotel,Göltürkbükü,ROOM,0,0,False,,INSUFFICIENT_SAMPLE
BOD048,Babana Hotel,Göltürkbükü,BEACH_SEA,0,0,False,,INSUFFICIENT_SAMPLE
BOD048,Babana Hotel,Göltürkbükü,POOL,0,0,False,,INSUFFICIENT_SAMPLE
BOD048,Babana Hotel,Göltürkbükü,FACILITIES_MAINTENANCE,0,0,False,,INSUFFICIENT_SAMPLE
BOD048,Babana Hotel,Göltürkbükü,RESERVATION,0,0,False,,INSUFFICIENT_SAMPLE
BOD048,Babana Hotel,Göltürkbükü,PAYMENT_REFUND,0,0,False,,INSUFFICIENT_SAMPLE
BOD048,Babana Hotel,Göltürkbükü,PRICE_VALUE,0,0,False,,INSUFFICIENT_SAMPLE
BOD048,Babana Hotel,Göltürkbükü,CHECKIN_CHECKOUT,0,0,False,,INSUFFICIENT_SAMPLE
BOD048,Babana Hotel,Göltürkbükü,AIR_CONDITIONING,0,0,False,,INSUFFICIENT_SAMPLE
BOD048,Babana Hotel,Göltürkbükü,NOISE,0,0,False,,INSUFFICIENT_SAMPLE
BOD048,Babana Hotel,Göltürkbükü,FAMILY_CHILDREN,0,0,False,,INSUFFICIENT_SAMPLE
BOD048,Babana Hotel,Göltürkbükü,TRANSPORT_TRANSFER,0,0,False,,INSUFFICIENT_SAMPLE
BOD048,Babana Hotel,Göltürkbükü,MANAGEMENT_COMMUNICATION,0,0,False,,INSUFFICIENT_SAMPLE
BOD048,Babana Hotel,Göltürkbükü,SPA_WELLNESS,0,0,False,,INSUFFICIENT_SAMPLE
BOD048,Babana Hotel,Göltürkbükü,SAFETY_SECURITY,0,0,False,,INSUFFICIENT_SAMPLE
BOD105,İsolina Hotel,Güvercinlik,STAFF_SERVICE,0,0,False,,INSUFFICIENT_SAMPLE
BOD105,İsolina Hotel,Güvercinlik,CLEANLINESS_HYGIENE,0,0,False,,INSUFFICIENT_SAMPLE
BOD105,İsolina Hotel,Güvercinlik,FOOD_BEVERAGE,0,0,False,,INSUFFICIENT_SAMPLE
BOD105,İsolina Hotel,Güvercinlik,ROOM,0,0,False,,INSUFFICIENT_SAMPLE
BOD105,İsolina Hotel,Güvercinlik,BEACH_SEA,0,0,False,,INSUFFICIENT_SAMPLE
BOD105,İsolina Hotel,Güvercinlik,POOL,0,0,False,,INSUFFICIENT_SAMPLE
BOD105,İsolina Hotel,Güvercinlik,FACILITIES_MAINTENANCE,0,0,False,,INSUFFICIENT_SAMPLE
BOD105,İsolina Hotel,Güvercinlik,RESERVATION,0,0,False,,INSUFFICIENT_SAMPLE
BOD105,İsolina Hotel,Güvercinlik,PAYMENT_REFUND,0,0,False,,INSUFFICIENT_SAMPLE
BOD105,İsolina Hotel,Güvercinlik,PRICE_VALUE,0,0,False,,INSUFFICIENT_SAMPLE
BOD105,İsolina Hotel,Güvercinlik,CHECKIN_CHECKOUT,0,0,False,,INSUFFICIENT_SAMPLE
BOD105,İsolina Hotel,Güvercinlik,AIR_CONDITIONING,0,0,False,,INSUFFICIENT_SAMPLE
BOD105,İsolina Hotel,Güvercinlik,NOISE,0,0,False,,INSUFFICIENT_SAMPLE
BOD105,İsolina Hotel,Güvercinlik,FAMILY_CHILDREN,0,0,False,,INSUFFICIENT_SAMPLE
BOD105,İsolina Hotel,Güvercinlik,TRANSPORT_TRANSFER,0,0,False,,INSUFFICIENT_SAMPLE
BOD105,İsolina Hotel,Güvercinlik,MANAGEMENT_COMMUNICATION,0,0,False,,INSUFFICIENT_SAMPLE
BOD105,İsolina Hotel,Güvercinlik,SPA_WELLNESS,0,0,False,,INSUFFICIENT_SAMPLE
BOD105,İsolina Hotel,Güvercinlik,SAFETY_SECURITY,0,0,False,,INSUFFICIENT_SAMPLE
BOD073,Arriba Apartment & Restaurant & Bungalows,Gümüşlük,STAFF_SERVICE,0,0,False,,INSUFFICIENT_SAMPLE
BOD073,Arriba Apartment & Restaurant & Bungalows,Gümüşlük,CLEANLINESS_HYGIENE,0,0,False,,INSUFFICIENT_SAMPLE
BOD073,Arriba Apartment & Restaurant & Bungalows,Gümüşlük,FOOD_BEVERAGE,0,0,False,,INSUFFICIENT_SAMPLE
BOD073,Arriba Apartment & Restaurant & Bungalows,Gümüşlük,ROOM,0,0,False,,INSUFFICIENT_SAMPLE
BOD073,Arriba Apartment & Restaurant & Bungalows,Gümüşlük,BEACH_SEA,0,0,False,,INSUFFICIENT_SAMPLE
BOD073,Arriba Apartment & Restaurant & Bungalows,Gümüşlük,POOL,0,0,False,,INSUFFICIENT_SAMPLE
BOD073,Arriba Apartment & Restaurant & Bungalows,Gümüşlük,FACILITIES_MAINTENANCE,0,0,False,,INSUFFICIENT_SAMPLE
BOD073,Arriba Apartment & Restaurant & Bungalows,Gümüşlük,RESERVATION,0,0,False,,INSUFFICIENT_SAMPLE
BOD073,Arriba Apartment & Restaurant & Bungalows,Gümüşlük,PAYMENT_REFUND,0,0,False,,INSUFFICIENT_SAMPLE
BOD073,Arriba Apartment & Restaurant & Bungalows,Gümüşlük,PRICE_VALUE,0,0,False,,INSUFFICIENT_SAMPLE
BOD073,Arriba Apartment & Restaurant & Bungalows,Gümüşlük,CHECKIN_CHECKOUT,0,0,False,,INSUFFICIENT_SAMPLE
BOD073,Arriba Apartment & Restaurant & Bungalows,Gümüşlük,AIR_CONDITIONING,0,0,False,,INSUFFICIENT_SAMPLE
BOD073,Arriba Apartment & Restaurant & Bungalows,Gümüşlük,NOISE,0,0,False,,INSUFFICIENT_SAMPLE
BOD073,Arriba Apartment & Restaurant & Bungalows,Gümüşlük,FAMILY_CHILDREN,0,0,False,,INSUFFICIENT_SAMPLE
BOD073,Arriba Apartment & Restaurant & Bungalows,Gümüşlük,TRANSPORT_TRANSFER,0,0,False,,INSUFFICIENT_SAMPLE
BOD073,Arriba Apartment & Restaurant & Bungalows,Gümüşlük,MANAGEMENT_COMMUNICATION,0,0,False,,INSUFFICIENT_SAMPLE
BOD073,Arriba Apartment & Restaurant & Bungalows,Gümüşlük,SPA_WELLNESS,0,0,False,,INSUFFICIENT_SAMPLE
BOD073,Arriba Apartment & Restaurant & Bungalows,Gümüşlük,SAFETY_SECURITY,0,0,False,,INSUFFICIENT_SAMPLE
BOD022,Dolce Vita Luxury Bungalows,Bitez,STAFF_SERVICE,0,0,False,,INSUFFICIENT_SAMPLE
BOD022,Dolce Vita Luxury Bungalows,Bitez,CLEANLINESS_HYGIENE,0,0,False,,INSUFFICIENT_SAMPLE
BOD022,Dolce Vita Luxury Bungalows,Bitez,FOOD_BEVERAGE,0,0,False,,INSUFFICIENT_SAMPLE
BOD022,Dolce Vita Luxury Bungalows,Bitez,ROOM,0,0,False,,INSUFFICIENT_SAMPLE
BOD022,Dolce Vita Luxury Bungalows,Bitez,BEACH_SEA,0,0,False,,INSUFFICIENT_SAMPLE
BOD022,Dolce Vita Luxury Bungalows,Bitez,POOL,0,0,False,,INSUFFICIENT_SAMPLE
BOD022,Dolce Vita Luxury Bungalows,Bitez,FACILITIES_MAINTENANCE,0,0,False,,INSUFFICIENT_SAMPLE
BOD022,Dolce Vita Luxury Bungalows,Bitez,RESERVATION,0,0,False,,INSUFFICIENT_SAMPLE
BOD022,Dolce Vita Luxury Bungalows,Bitez,PAYMENT_REFUND,0,0,False,,INSUFFICIENT_SAMPLE
BOD022,Dolce Vita Luxury Bungalows,Bitez,PRICE_VALUE,0,0,False,,INSUFFICIENT_SAMPLE
BOD022,Dolce Vita Luxury Bungalows,Bitez,CHECKIN_CHECKOUT,0,0,False,,INSUFFICIENT_SAMPLE
BOD022,Dolce Vita Luxury Bungalows,Bitez,AIR_CONDITIONING,0,0,False,,INSUFFICIENT_SAMPLE
BOD022,Dolce Vita Luxury Bungalows,Bitez,NOISE,0,0,False,,INSUFFICIENT_SAMPLE
BOD022,Dolce Vita Luxury Bungalows,Bitez,FAMILY_CHILDREN,0,0,False,,INSUFFICIENT_SAMPLE
BOD022,Dolce Vita Luxury Bungalows,Bitez,TRANSPORT_TRANSFER,0,0,False,,INSUFFICIENT_SAMPLE
BOD022,Dolce Vita Luxury Bungalows,Bitez,MANAGEMENT_COMMUNICATION,0,0,False,,INSUFFICIENT_SAMPLE
BOD022,Dolce Vita Luxury Bungalows,Bitez,SPA_WELLNESS,0,0,False,,INSUFFICIENT_SAMPLE
BOD022,Dolce Vita Luxury Bungalows,Bitez,SAFETY_SECURITY,0,0,False,,INSUFFICIENT_SAMPLE
BOD053,Gölköy Suites,Göltürkbükü,STAFF_SERVICE,0,0,False,,INSUFFICIENT_SAMPLE
BOD053,Gölköy Suites,Göltürkbükü,CLEANLINESS_HYGIENE,0,0,False,,INSUFFICIENT_SAMPLE
BOD053,Gölköy Suites,Göltürkbükü,FOOD_BEVERAGE,0,0,False,,INSUFFICIENT_SAMPLE
BOD053,Gölköy Suites,Göltürkbükü,ROOM,0,0,False,,INSUFFICIENT_SAMPLE
BOD053,Gölköy Suites,Göltürkbükü,BEACH_SEA,0,0,False,,INSUFFICIENT_SAMPLE
BOD053,Gölköy Suites,Göltürkbükü,POOL,0,0,False,,INSUFFICIENT_SAMPLE
BOD053,Gölköy Suites,Göltürkbükü,FACILITIES_MAINTENANCE,0,0,False,,INSUFFICIENT_SAMPLE
BOD053,Gölköy Suites,Göltürkbükü,RESERVATION,0,0,False,,INSUFFICIENT_SAMPLE
BOD053,Gölköy Suites,Göltürkbükü,PAYMENT_REFUND,0,0,False,,INSUFFICIENT_SAMPLE
BOD053,Gölköy Suites,Göltürkbükü,PRICE_VALUE,0,0,False,,INSUFFICIENT_SAMPLE
BOD053,Gölköy Suites,Göltürkbükü,CHECKIN_CHECKOUT,0,0,False,,INSUFFICIENT_SAMPLE
BOD053,Gölköy Suites,Göltürkbükü,AIR_CONDITIONING,0,0,False,,INSUFFICIENT_SAMPLE
BOD053,Gölköy Suites,Göltürkbükü,NOISE,0,0,False,,INSUFFICIENT_SAMPLE
BOD053,Gölköy Suites,Göltürkbükü,FAMILY_CHILDREN,0,0,False,,INSUFFICIENT_SAMPLE
BOD053,Gölköy Suites,Göltürkbükü,TRANSPORT_TRANSFER,0,0,False,,INSUFFICIENT_SAMPLE
BOD053,Gölköy Suites,Göltürkbükü,MANAGEMENT_COMMUNICATION,0,0,False,,INSUFFICIENT_SAMPLE
BOD053,Gölköy Suites,Göltürkbükü,SPA_WELLNESS,0,0,False,,INSUFFICIENT_SAMPLE
BOD053,Gölköy Suites,Göltürkbükü,SAFETY_SECURITY,0,0,False,,INSUFFICIENT_SAMPLE
BOD005,ByAkkan,Akyarlar,STAFF_SERVICE,0,0,False,,INSUFFICIENT_SAMPLE
BOD005,ByAkkan,Akyarlar,CLEANLINESS_HYGIENE,0,0,False,,INSUFFICIENT_SAMPLE
BOD005,ByAkkan,Akyarlar,FOOD_BEVERAGE,0,0,False,,INSUFFICIENT_SAMPLE
BOD005,ByAkkan,Akyarlar,ROOM,0,0,False,,INSUFFICIENT_SAMPLE
BOD005,ByAkkan,Akyarlar,BEACH_SEA,0,0,False,,INSUFFICIENT_SAMPLE
BOD005,ByAkkan,Akyarlar,POOL,0,0,False,,INSUFFICIENT_SAMPLE
BOD005,ByAkkan,Akyarlar,FACILITIES_MAINTENANCE,0,0,False,,INSUFFICIENT_SAMPLE
BOD005,ByAkkan,Akyarlar,RESERVATION,0,0,False,,INSUFFICIENT_SAMPLE
BOD005,ByAkkan,Akyarlar,PAYMENT_REFUND,0,0,False,,INSUFFICIENT_SAMPLE
BOD005,ByAkkan,Akyarlar,PRICE_VALUE,0,0,False,,INSUFFICIENT_SAMPLE
BOD005,ByAkkan,Akyarlar,CHECKIN_CHECKOUT,0,0,False,,INSUFFICIENT_SAMPLE
BOD005,ByAkkan,Akyarlar,AIR_CONDITIONING,0,0,False,,INSUFFICIENT_SAMPLE
BOD005,ByAkkan,Akyarlar,NOISE,0,0,False,,INSUFFICIENT_SAMPLE
BOD005,ByAkkan,Akyarlar,FAMILY_CHILDREN,0,0,False,,INSUFFICIENT_SAMPLE
BOD005,ByAkkan,Akyarlar,TRANSPORT_TRANSFER,0,0,False,,INSUFFICIENT_SAMPLE
BOD005,ByAkkan,Akyarlar,MANAGEMENT_COMMUNICATION,0,0,False,,INSUFFICIENT_SAMPLE
BOD005,ByAkkan,Akyarlar,SPA_WELLNESS,0,0,False,,INSUFFICIENT_SAMPLE
BOD005,ByAkkan,Akyarlar,SAFETY_SECURITY,0,0,False,,INSUFFICIENT_SAMPLE
BOD018,Bitez Deniz Hotel - Restaurant - Beach,Bitez,STAFF_SERVICE,0,0,False,,INSUFFICIENT_SAMPLE
BOD018,Bitez Deniz Hotel - Restaurant - Beach,Bitez,CLEANLINESS_HYGIENE,0,0,False,,INSUFFICIENT_SAMPLE
BOD018,Bitez Deniz Hotel - Restaurant - Beach,Bitez,FOOD_BEVERAGE,0,0,False,,INSUFFICIENT_SAMPLE
BOD018,Bitez Deniz Hotel - Restaurant - Beach,Bitez,ROOM,0,0,False,,INSUFFICIENT_SAMPLE
BOD018,Bitez Deniz Hotel - Restaurant - Beach,Bitez,BEACH_SEA,0,0,False,,INSUFFICIENT_SAMPLE
BOD018,Bitez Deniz Hotel - Restaurant - Beach,Bitez,POOL,0,0,False,,INSUFFICIENT_SAMPLE
BOD018,Bitez Deniz Hotel - Restaurant - Beach,Bitez,FACILITIES_MAINTENANCE,0,0,False,,INSUFFICIENT_SAMPLE
BOD018,Bitez Deniz Hotel - Restaurant - Beach,Bitez,RESERVATION,0,0,False,,INSUFFICIENT_SAMPLE
BOD018,Bitez Deniz Hotel - Restaurant - Beach,Bitez,PAYMENT_REFUND,0,0,False,,INSUFFICIENT_SAMPLE
BOD018,Bitez Deniz Hotel - Restaurant - Beach,Bitez,PRICE_VALUE,0,0,False,,INSUFFICIENT_SAMPLE
BOD018,Bitez Deniz Hotel - Restaurant - Beach,Bitez,CHECKIN_CHECKOUT,0,0,False,,INSUFFICIENT_SAMPLE
BOD018,Bitez Deniz Hotel - Restaurant - Beach,Bitez,AIR_CONDITIONING,0,0,False,,INSUFFICIENT_SAMPLE
BOD018,Bitez Deniz Hotel - Restaurant - Beach,Bitez,NOISE,0,0,False,,INSUFFICIENT_SAMPLE
BOD018,Bitez Deniz Hotel - Restaurant - Beach,Bitez,FAMILY_CHILDREN,0,0,False,,INSUFFICIENT_SAMPLE
BOD018,Bitez Deniz Hotel - Restaurant - Beach,Bitez,TRANSPORT_TRANSFER,0,0,False,,INSUFFICIENT_SAMPLE
BOD018,Bitez Deniz Hotel - Restaurant - Beach,Bitez,MANAGEMENT_COMMUNICATION,0,0,False,,INSUFFICIENT_SAMPLE
BOD018,Bitez Deniz Hotel - Restaurant - Beach,Bitez,SPA_WELLNESS,0,0,False,,INSUFFICIENT_SAMPLE
BOD018,Bitez Deniz Hotel - Restaurant - Beach,Bitez,SAFETY_SECURITY,0,0,False,,INSUFFICIENT_SAMPLE
BOD171,4 reasons Hotel Yalikavak,Yalıkavak,STAFF_SERVICE,0,0,False,,INSUFFICIENT_SAMPLE
BOD171,4 reasons Hotel Yalikavak,Yalıkavak,CLEANLINESS_HYGIENE,0,0,False,,INSUFFICIENT_SAMPLE
BOD171,4 reasons Hotel Yalikavak,Yalıkavak,FOOD_BEVERAGE,0,0,False,,INSUFFICIENT_SAMPLE
BOD171,4 reasons Hotel Yalikavak,Yalıkavak,ROOM,0,0,False,,INSUFFICIENT_SAMPLE
BOD171,4 reasons Hotel Yalikavak,Yalıkavak,BEACH_SEA,0,0,False,,INSUFFICIENT_SAMPLE
BOD171,4 reasons Hotel Yalikavak,Yalıkavak,POOL,0,0,False,,INSUFFICIENT_SAMPLE
BOD171,4 reasons Hotel Yalikavak,Yalıkavak,FACILITIES_MAINTENANCE,0,0,False,,INSUFFICIENT_SAMPLE
BOD171,4 reasons Hotel Yalikavak,Yalıkavak,RESERVATION,0,0,False,,INSUFFICIENT_SAMPLE
BOD171,4 reasons Hotel Yalikavak,Yalıkavak,PAYMENT_REFUND,0,0,False,,INSUFFICIENT_SAMPLE
BOD171,4 reasons Hotel Yalikavak,Yalıkavak,PRICE_VALUE,0,0,False,,INSUFFICIENT_SAMPLE
BOD171,4 reasons Hotel Yalikavak,Yalıkavak,CHECKIN_CHECKOUT,0,0,False,,INSUFFICIENT_SAMPLE
BOD171,4 reasons Hotel Yalikavak,Yalıkavak,AIR_CONDITIONING,0,0,False,,INSUFFICIENT_SAMPLE
BOD171,4 reasons Hotel Yalikavak,Yalıkavak,NOISE,0,0,False,,INSUFFICIENT_SAMPLE
BOD171,4 reasons Hotel Yalikavak,Yalıkavak,FAMILY_CHILDREN,0,0,False,,INSUFFICIENT_SAMPLE
BOD171,4 reasons Hotel Yalikavak,Yalıkavak,TRANSPORT_TRANSFER,0,0,False,,INSUFFICIENT_SAMPLE
BOD171,4 reasons Hotel Yalikavak,Yalıkavak,MANAGEMENT_COMMUNICATION,0,0,False,,INSUFFICIENT_SAMPLE
BOD171,4 reasons Hotel Yalikavak,Yalıkavak,SPA_WELLNESS,0,0,False,,INSUFFICIENT_SAMPLE
BOD171,4 reasons Hotel Yalikavak,Yalıkavak,SAFETY_SECURITY,0,0,False,,INSUFFICIENT_SAMPLE
BOD133,Yahşi Beach Hotel & Restaurant,Ortakent-Yahşi,STAFF_SERVICE,0,0,False,,INSUFFICIENT_SAMPLE
BOD133,Yahşi Beach Hotel & Restaurant,Ortakent-Yahşi,CLEANLINESS_HYGIENE,0,0,False,,INSUFFICIENT_SAMPLE
BOD133,Yahşi Beach Hotel & Restaurant,Ortakent-Yahşi,FOOD_BEVERAGE,0,0,False,,INSUFFICIENT_SAMPLE
BOD133,Yahşi Beach Hotel & Restaurant,Ortakent-Yahşi,ROOM,0,0,False,,INSUFFICIENT_SAMPLE
BOD133,Yahşi Beach Hotel & Restaurant,Ortakent-Yahşi,BEACH_SEA,0,0,False,,INSUFFICIENT_SAMPLE
BOD133,Yahşi Beach Hotel & Restaurant,Ortakent-Yahşi,POOL,0,0,False,,INSUFFICIENT_SAMPLE
BOD133,Yahşi Beach Hotel & Restaurant,Ortakent-Yahşi,FACILITIES_MAINTENANCE,0,0,False,,INSUFFICIENT_SAMPLE
BOD133,Yahşi Beach Hotel & Restaurant,Ortakent-Yahşi,RESERVATION,0,0,False,,INSUFFICIENT_SAMPLE
BOD133,Yahşi Beach Hotel & Restaurant,Ortakent-Yahşi,PAYMENT_REFUND,0,0,False,,INSUFFICIENT_SAMPLE
BOD133,Yahşi Beach Hotel & Restaurant,Ortakent-Yahşi,PRICE_VALUE,0,0,False,,INSUFFICIENT_SAMPLE
BOD133,Yahşi Beach Hotel & Restaurant,Ortakent-Yahşi,CHECKIN_CHECKOUT,0,0,False,,INSUFFICIENT_SAMPLE
BOD133,Yahşi Beach Hotel & Restaurant,Ortakent-Yahşi,AIR_CONDITIONING,0,0,False,,INSUFFICIENT_SAMPLE
BOD133,Yahşi Beach Hotel & Restaurant,Ortakent-Yahşi,NOISE,0,0,False,,INSUFFICIENT_SAMPLE
BOD133,Yahşi Beach Hotel & Restaurant,Ortakent-Yahşi,FAMILY_CHILDREN,0,0,False,,INSUFFICIENT_SAMPLE
BOD133,Yahşi Beach Hotel & Restaurant,Ortakent-Yahşi,TRANSPORT_TRANSFER,0,0,False,,INSUFFICIENT_SAMPLE
BOD133,Yahşi Beach Hotel & Restaurant,Ortakent-Yahşi,MANAGEMENT_COMMUNICATION,0,0,False,,INSUFFICIENT_SAMPLE
BOD133,Yahşi Beach Hotel & Restaurant,Ortakent-Yahşi,SPA_WELLNESS,0,0,False,,INSUFFICIENT_SAMPLE
BOD133,Yahşi Beach Hotel & Restaurant,Ortakent-Yahşi,SAFETY_SECURITY,0,0,False,,INSUFFICIENT_SAMPLE
BOD147,Omar Hotel & Suites,Torba,STAFF_SERVICE,0,0,False,,INSUFFICIENT_SAMPLE
BOD147,Omar Hotel & Suites,Torba,CLEANLINESS_HYGIENE,0,0,False,,INSUFFICIENT_SAMPLE
BOD147,Omar Hotel & Suites,Torba,FOOD_BEVERAGE,0,0,False,,INSUFFICIENT_SAMPLE
BOD147,Omar Hotel & Suites,Torba,ROOM,0,0,False,,INSUFFICIENT_SAMPLE
BOD147,Omar Hotel & Suites,Torba,BEACH_SEA,0,0,False,,INSUFFICIENT_SAMPLE
BOD147,Omar Hotel & Suites,Torba,POOL,0,0,False,,INSUFFICIENT_SAMPLE
BOD147,Omar Hotel & Suites,Torba,FACILITIES_MAINTENANCE,0,0,False,,INSUFFICIENT_SAMPLE
BOD147,Omar Hotel & Suites,Torba,RESERVATION,0,0,False,,INSUFFICIENT_SAMPLE
BOD147,Omar Hotel & Suites,Torba,PAYMENT_REFUND,0,0,False,,INSUFFICIENT_SAMPLE
BOD147,Omar Hotel & Suites,Torba,PRICE_VALUE,0,0,False,,INSUFFICIENT_SAMPLE
BOD147,Omar Hotel & Suites,Torba,CHECKIN_CHECKOUT,0,0,False,,INSUFFICIENT_SAMPLE
BOD147,Omar Hotel & Suites,Torba,AIR_CONDITIONING,0,0,False,,INSUFFICIENT_SAMPLE
BOD147,Omar Hotel & Suites,Torba,NOISE,0,0,False,,INSUFFICIENT_SAMPLE
BOD147,Omar Hotel & Suites,Torba,FAMILY_CHILDREN,0,0,False,,INSUFFICIENT_SAMPLE
BOD147,Omar Hotel & Suites,Torba,TRANSPORT_TRANSFER,0,0,False,,INSUFFICIENT_SAMPLE
BOD147,Omar Hotel & Suites,Torba,MANAGEMENT_COMMUNICATION,0,0,False,,INSUFFICIENT_SAMPLE
BOD147,Omar Hotel & Suites,Torba,SPA_WELLNESS,0,0,False,,INSUFFICIENT_SAMPLE
BOD147,Omar Hotel & Suites,Torba,SAFETY_SECURITY,0,0,False,,INSUFFICIENT_SAMPLE
BOD080,Myndos Oda & kahvalti,Gümüşlük,STAFF_SERVICE,0,0,False,,INSUFFICIENT_SAMPLE
BOD080,Myndos Oda & kahvalti,Gümüşlük,CLEANLINESS_HYGIENE,0,0,False,,INSUFFICIENT_SAMPLE
BOD080,Myndos Oda & kahvalti,Gümüşlük,FOOD_BEVERAGE,0,0,False,,INSUFFICIENT_SAMPLE
BOD080,Myndos Oda & kahvalti,Gümüşlük,ROOM,0,0,False,,INSUFFICIENT_SAMPLE
BOD080,Myndos Oda & kahvalti,Gümüşlük,BEACH_SEA,0,0,False,,INSUFFICIENT_SAMPLE
BOD080,Myndos Oda & kahvalti,Gümüşlük,POOL,0,0,False,,INSUFFICIENT_SAMPLE
BOD080,Myndos Oda & kahvalti,Gümüşlük,FACILITIES_MAINTENANCE,0,0,False,,INSUFFICIENT_SAMPLE
BOD080,Myndos Oda & kahvalti,Gümüşlük,RESERVATION,0,0,False,,INSUFFICIENT_SAMPLE
BOD080,Myndos Oda & kahvalti,Gümüşlük,PAYMENT_REFUND,0,0,False,,INSUFFICIENT_SAMPLE
BOD080,Myndos Oda & kahvalti,Gümüşlük,PRICE_VALUE,0,0,False,,INSUFFICIENT_SAMPLE
BOD080,Myndos Oda & kahvalti,Gümüşlük,CHECKIN_CHECKOUT,0,0,False,,INSUFFICIENT_SAMPLE
BOD080,Myndos Oda & kahvalti,Gümüşlük,AIR_CONDITIONING,0,0,False,,INSUFFICIENT_SAMPLE
BOD080,Myndos Oda & kahvalti,Gümüşlük,NOISE,0,0,False,,INSUFFICIENT_SAMPLE
BOD080,Myndos Oda & kahvalti,Gümüşlük,FAMILY_CHILDREN,0,0,False,,INSUFFICIENT_SAMPLE
BOD080,Myndos Oda & kahvalti,Gümüşlük,TRANSPORT_TRANSFER,0,0,False,,INSUFFICIENT_SAMPLE
BOD080,Myndos Oda & kahvalti,Gümüşlük,MANAGEMENT_COMMUNICATION,0,0,False,,INSUFFICIENT_SAMPLE
BOD080,Myndos Oda & kahvalti,Gümüşlük,SPA_WELLNESS,0,0,False,,INSUFFICIENT_SAMPLE
BOD080,Myndos Oda & kahvalti,Gümüşlük,SAFETY_SECURITY,0,0,False,,INSUFFICIENT_SAMPLE
BOD099,Villa Oliva Butik Otel,Gündoğan,STAFF_SERVICE,0,0,False,,INSUFFICIENT_SAMPLE
BOD099,Villa Oliva Butik Otel,Gündoğan,CLEANLINESS_HYGIENE,0,0,False,,INSUFFICIENT_SAMPLE
BOD099,Villa Oliva Butik Otel,Gündoğan,FOOD_BEVERAGE,0,0,False,,INSUFFICIENT_SAMPLE
BOD099,Villa Oliva Butik Otel,Gündoğan,ROOM,0,0,False,,INSUFFICIENT_SAMPLE
BOD099,Villa Oliva Butik Otel,Gündoğan,BEACH_SEA,0,0,False,,INSUFFICIENT_SAMPLE
BOD099,Villa Oliva Butik Otel,Gündoğan,POOL,0,0,False,,INSUFFICIENT_SAMPLE
BOD099,Villa Oliva Butik Otel,Gündoğan,FACILITIES_MAINTENANCE,0,0,False,,INSUFFICIENT_SAMPLE
BOD099,Villa Oliva Butik Otel,Gündoğan,RESERVATION,0,0,False,,INSUFFICIENT_SAMPLE
BOD099,Villa Oliva Butik Otel,Gündoğan,PAYMENT_REFUND,0,0,False,,INSUFFICIENT_SAMPLE
BOD099,Villa Oliva Butik Otel,Gündoğan,PRICE_VALUE,0,0,False,,INSUFFICIENT_SAMPLE
BOD099,Villa Oliva Butik Otel,Gündoğan,CHECKIN_CHECKOUT,0,0,False,,INSUFFICIENT_SAMPLE
BOD099,Villa Oliva Butik Otel,Gündoğan,AIR_CONDITIONING,0,0,False,,INSUFFICIENT_SAMPLE
BOD099,Villa Oliva Butik Otel,Gündoğan,NOISE,0,0,False,,INSUFFICIENT_SAMPLE
BOD099,Villa Oliva Butik Otel,Gündoğan,FAMILY_CHILDREN,0,0,False,,INSUFFICIENT_SAMPLE
BOD099,Villa Oliva Butik Otel,Gündoğan,TRANSPORT_TRANSFER,0,0,False,,INSUFFICIENT_SAMPLE
BOD099,Villa Oliva Butik Otel,Gündoğan,MANAGEMENT_COMMUNICATION,0,0,False,,INSUFFICIENT_SAMPLE
BOD099,Villa Oliva Butik Otel,Gündoğan,SPA_WELLNESS,0,0,False,,INSUFFICIENT_SAMPLE
BOD099,Villa Oliva Butik Otel,Gündoğan,SAFETY_SECURITY,0,0,False,,INSUFFICIENT_SAMPLE
BOD159,Bodrum Ada Otel Turgutreis,Turgutreis,STAFF_SERVICE,0,0,False,,INSUFFICIENT_SAMPLE
BOD159,Bodrum Ada Otel Turgutreis,Turgutreis,CLEANLINESS_HYGIENE,0,0,False,,INSUFFICIENT_SAMPLE
BOD159,Bodrum Ada Otel Turgutreis,Turgutreis,FOOD_BEVERAGE,0,0,False,,INSUFFICIENT_SAMPLE
BOD159,Bodrum Ada Otel Turgutreis,Turgutreis,ROOM,0,0,False,,INSUFFICIENT_SAMPLE
BOD159,Bodrum Ada Otel Turgutreis,Turgutreis,BEACH_SEA,0,0,False,,INSUFFICIENT_SAMPLE
BOD159,Bodrum Ada Otel Turgutreis,Turgutreis,POOL,0,0,False,,INSUFFICIENT_SAMPLE
BOD159,Bodrum Ada Otel Turgutreis,Turgutreis,FACILITIES_MAINTENANCE,0,0,False,,INSUFFICIENT_SAMPLE
BOD159,Bodrum Ada Otel Turgutreis,Turgutreis,RESERVATION,0,0,False,,INSUFFICIENT_SAMPLE
BOD159,Bodrum Ada Otel Turgutreis,Turgutreis,PAYMENT_REFUND,0,0,False,,INSUFFICIENT_SAMPLE
BOD159,Bodrum Ada Otel Turgutreis,Turgutreis,PRICE_VALUE,0,0,False,,INSUFFICIENT_SAMPLE
BOD159,Bodrum Ada Otel Turgutreis,Turgutreis,CHECKIN_CHECKOUT,0,0,False,,INSUFFICIENT_SAMPLE
BOD159,Bodrum Ada Otel Turgutreis,Turgutreis,AIR_CONDITIONING,0,0,False,,INSUFFICIENT_SAMPLE
BOD159,Bodrum Ada Otel Turgutreis,Turgutreis,NOISE,0,0,False,,INSUFFICIENT_SAMPLE
BOD159,Bodrum Ada Otel Turgutreis,Turgutreis,FAMILY_CHILDREN,0,0,False,,INSUFFICIENT_SAMPLE
BOD159,Bodrum Ada Otel Turgutreis,Turgutreis,TRANSPORT_TRANSFER,0,0,False,,INSUFFICIENT_SAMPLE
BOD159,Bodrum Ada Otel Turgutreis,Turgutreis,MANAGEMENT_COMMUNICATION,0,0,False,,INSUFFICIENT_SAMPLE
BOD159,Bodrum Ada Otel Turgutreis,Turgutreis,SPA_WELLNESS,0,0,False,,INSUFFICIENT_SAMPLE
BOD159,Bodrum Ada Otel Turgutreis,Turgutreis,SAFETY_SECURITY,0,0,False,,INSUFFICIENT_SAMPLE
BOD096,Olira Boutique Hotel&SPA,Gündoğan,STAFF_SERVICE,0,0,False,,INSUFFICIENT_SAMPLE
BOD096,Olira Boutique Hotel&SPA,Gündoğan,CLEANLINESS_HYGIENE,0,0,False,,INSUFFICIENT_SAMPLE
BOD096,Olira Boutique Hotel&SPA,Gündoğan,FOOD_BEVERAGE,0,0,False,,INSUFFICIENT_SAMPLE
BOD096,Olira Boutique Hotel&SPA,Gündoğan,ROOM,0,0,False,,INSUFFICIENT_SAMPLE
BOD096,Olira Boutique Hotel&SPA,Gündoğan,BEACH_SEA,0,0,False,,INSUFFICIENT_SAMPLE
BOD096,Olira Boutique Hotel&SPA,Gündoğan,POOL,0,0,False,,INSUFFICIENT_SAMPLE
BOD096,Olira Boutique Hotel&SPA,Gündoğan,FACILITIES_MAINTENANCE,0,0,False,,INSUFFICIENT_SAMPLE
BOD096,Olira Boutique Hotel&SPA,Gündoğan,RESERVATION,0,0,False,,INSUFFICIENT_SAMPLE
BOD096,Olira Boutique Hotel&SPA,Gündoğan,PAYMENT_REFUND,0,0,False,,INSUFFICIENT_SAMPLE
BOD096,Olira Boutique Hotel&SPA,Gündoğan,PRICE_VALUE,0,0,False,,INSUFFICIENT_SAMPLE
BOD096,Olira Boutique Hotel&SPA,Gündoğan,CHECKIN_CHECKOUT,0,0,False,,INSUFFICIENT_SAMPLE
BOD096,Olira Boutique Hotel&SPA,Gündoğan,AIR_CONDITIONING,0,0,False,,INSUFFICIENT_SAMPLE
BOD096,Olira Boutique Hotel&SPA,Gündoğan,NOISE,0,0,False,,INSUFFICIENT_SAMPLE
BOD096,Olira Boutique Hotel&SPA,Gündoğan,FAMILY_CHILDREN,0,0,False,,INSUFFICIENT_SAMPLE
BOD096,Olira Boutique Hotel&SPA,Gündoğan,TRANSPORT_TRANSFER,0,0,False,,INSUFFICIENT_SAMPLE
BOD096,Olira Boutique Hotel&SPA,Gündoğan,MANAGEMENT_COMMUNICATION,0,0,False,,INSUFFICIENT_SAMPLE
BOD096,Olira Boutique Hotel&SPA,Gündoğan,SPA_WELLNESS,0,0,False,,INSUFFICIENT_SAMPLE
BOD096,Olira Boutique Hotel&SPA,Gündoğan,SAFETY_SECURITY,0,0,False,,INSUFFICIENT_SAMPLE
BOD146,Olivia Hotel,Torba,STAFF_SERVICE,0,0,False,,INSUFFICIENT_SAMPLE
BOD146,Olivia Hotel,Torba,CLEANLINESS_HYGIENE,0,0,False,,INSUFFICIENT_SAMPLE
BOD146,Olivia Hotel,Torba,FOOD_BEVERAGE,0,0,False,,INSUFFICIENT_SAMPLE
BOD146,Olivia Hotel,Torba,ROOM,0,0,False,,INSUFFICIENT_SAMPLE
BOD146,Olivia Hotel,Torba,BEACH_SEA,0,0,False,,INSUFFICIENT_SAMPLE
BOD146,Olivia Hotel,Torba,POOL,0,0,False,,INSUFFICIENT_SAMPLE
BOD146,Olivia Hotel,Torba,FACILITIES_MAINTENANCE,0,0,False,,INSUFFICIENT_SAMPLE
BOD146,Olivia Hotel,Torba,RESERVATION,0,0,False,,INSUFFICIENT_SAMPLE
BOD146,Olivia Hotel,Torba,PAYMENT_REFUND,0,0,False,,INSUFFICIENT_SAMPLE
BOD146,Olivia Hotel,Torba,PRICE_VALUE,0,0,False,,INSUFFICIENT_SAMPLE
BOD146,Olivia Hotel,Torba,CHECKIN_CHECKOUT,0,0,False,,INSUFFICIENT_SAMPLE
BOD146,Olivia Hotel,Torba,AIR_CONDITIONING,0,0,False,,INSUFFICIENT_SAMPLE
BOD146,Olivia Hotel,Torba,NOISE,0,0,False,,INSUFFICIENT_SAMPLE
BOD146,Olivia Hotel,Torba,FAMILY_CHILDREN,0,0,False,,INSUFFICIENT_SAMPLE
BOD146,Olivia Hotel,Torba,TRANSPORT_TRANSFER,0,0,False,,INSUFFICIENT_SAMPLE
BOD146,Olivia Hotel,Torba,MANAGEMENT_COMMUNICATION,0,0,False,,INSUFFICIENT_SAMPLE
BOD146,Olivia Hotel,Torba,SPA_WELLNESS,0,0,False,,INSUFFICIENT_SAMPLE
BOD146,Olivia Hotel,Torba,SAFETY_SECURITY,0,0,False,,INSUFFICIENT_SAMPLE
BOD083,Oza butik hotel,Gümüşlük,STAFF_SERVICE,0,0,False,,INSUFFICIENT_SAMPLE
BOD083,Oza butik hotel,Gümüşlük,CLEANLINESS_HYGIENE,0,0,False,,INSUFFICIENT_SAMPLE
BOD083,Oza butik hotel,Gümüşlük,FOOD_BEVERAGE,0,0,False,,INSUFFICIENT_SAMPLE
BOD083,Oza butik hotel,Gümüşlük,ROOM,0,0,False,,INSUFFICIENT_SAMPLE
BOD083,Oza butik hotel,Gümüşlük,BEACH_SEA,0,0,False,,INSUFFICIENT_SAMPLE
BOD083,Oza butik hotel,Gümüşlük,POOL,0,0,False,,INSUFFICIENT_SAMPLE
BOD083,Oza butik hotel,Gümüşlük,FACILITIES_MAINTENANCE,0,0,False,,INSUFFICIENT_SAMPLE
BOD083,Oza butik hotel,Gümüşlük,RESERVATION,0,0,False,,INSUFFICIENT_SAMPLE
BOD083,Oza butik hotel,Gümüşlük,PAYMENT_REFUND,0,0,False,,INSUFFICIENT_SAMPLE
BOD083,Oza butik hotel,Gümüşlük,PRICE_VALUE,0,0,False,,INSUFFICIENT_SAMPLE
BOD083,Oza butik hotel,Gümüşlük,CHECKIN_CHECKOUT,0,0,False,,INSUFFICIENT_SAMPLE
BOD083,Oza butik hotel,Gümüşlük,AIR_CONDITIONING,0,0,False,,INSUFFICIENT_SAMPLE
BOD083,Oza butik hotel,Gümüşlük,NOISE,0,0,False,,INSUFFICIENT_SAMPLE
BOD083,Oza butik hotel,Gümüşlük,FAMILY_CHILDREN,0,0,False,,INSUFFICIENT_SAMPLE
BOD083,Oza butik hotel,Gümüşlük,TRANSPORT_TRANSFER,0,0,False,,INSUFFICIENT_SAMPLE
BOD083,Oza butik hotel,Gümüşlük,MANAGEMENT_COMMUNICATION,0,0,False,,INSUFFICIENT_SAMPLE
BOD083,Oza butik hotel,Gümüşlük,SPA_WELLNESS,0,0,False,,INSUFFICIENT_SAMPLE
BOD083,Oza butik hotel,Gümüşlük,SAFETY_SECURITY,0,0,False,,INSUFFICIENT_SAMPLE
BOD054,Lavinya Maison,Göltürkbükü,STAFF_SERVICE,0,0,False,,INSUFFICIENT_SAMPLE
BOD054,Lavinya Maison,Göltürkbükü,CLEANLINESS_HYGIENE,0,0,False,,INSUFFICIENT_SAMPLE
BOD054,Lavinya Maison,Göltürkbükü,FOOD_BEVERAGE,0,0,False,,INSUFFICIENT_SAMPLE
BOD054,Lavinya Maison,Göltürkbükü,ROOM,0,0,False,,INSUFFICIENT_SAMPLE
BOD054,Lavinya Maison,Göltürkbükü,BEACH_SEA,0,0,False,,INSUFFICIENT_SAMPLE
BOD054,Lavinya Maison,Göltürkbükü,POOL,0,0,False,,INSUFFICIENT_SAMPLE
BOD054,Lavinya Maison,Göltürkbükü,FACILITIES_MAINTENANCE,0,0,False,,INSUFFICIENT_SAMPLE
BOD054,Lavinya Maison,Göltürkbükü,RESERVATION,0,0,False,,INSUFFICIENT_SAMPLE
BOD054,Lavinya Maison,Göltürkbükü,PAYMENT_REFUND,0,0,False,,INSUFFICIENT_SAMPLE
BOD054,Lavinya Maison,Göltürkbükü,PRICE_VALUE,0,0,False,,INSUFFICIENT_SAMPLE
BOD054,Lavinya Maison,Göltürkbükü,CHECKIN_CHECKOUT,0,0,False,,INSUFFICIENT_SAMPLE
BOD054,Lavinya Maison,Göltürkbükü,AIR_CONDITIONING,0,0,False,,INSUFFICIENT_SAMPLE
BOD054,Lavinya Maison,Göltürkbükü,NOISE,0,0,False,,INSUFFICIENT_SAMPLE
BOD054,Lavinya Maison,Göltürkbükü,FAMILY_CHILDREN,0,0,False,,INSUFFICIENT_SAMPLE
BOD054,Lavinya Maison,Göltürkbükü,TRANSPORT_TRANSFER,0,0,False,,INSUFFICIENT_SAMPLE
BOD054,Lavinya Maison,Göltürkbükü,MANAGEMENT_COMMUNICATION,0,0,False,,INSUFFICIENT_SAMPLE
BOD054,Lavinya Maison,Göltürkbükü,SPA_WELLNESS,0,0,False,,INSUFFICIENT_SAMPLE
BOD054,Lavinya Maison,Göltürkbükü,SAFETY_SECURITY,0,0,False,,INSUFFICIENT_SAMPLE
BOD001,Aksoy Taş Ev,Akyarlar,STAFF_SERVICE,0,0,False,,INSUFFICIENT_SAMPLE
BOD001,Aksoy Taş Ev,Akyarlar,CLEANLINESS_HYGIENE,0,0,False,,INSUFFICIENT_SAMPLE
BOD001,Aksoy Taş Ev,Akyarlar,FOOD_BEVERAGE,0,0,False,,INSUFFICIENT_SAMPLE
BOD001,Aksoy Taş Ev,Akyarlar,ROOM,0,0,False,,INSUFFICIENT_SAMPLE
BOD001,Aksoy Taş Ev,Akyarlar,BEACH_SEA,0,0,False,,INSUFFICIENT_SAMPLE
BOD001,Aksoy Taş Ev,Akyarlar,POOL,0,0,False,,INSUFFICIENT_SAMPLE
BOD001,Aksoy Taş Ev,Akyarlar,FACILITIES_MAINTENANCE,0,0,False,,INSUFFICIENT_SAMPLE
BOD001,Aksoy Taş Ev,Akyarlar,RESERVATION,0,0,False,,INSUFFICIENT_SAMPLE
BOD001,Aksoy Taş Ev,Akyarlar,PAYMENT_REFUND,0,0,False,,INSUFFICIENT_SAMPLE
BOD001,Aksoy Taş Ev,Akyarlar,PRICE_VALUE,0,0,False,,INSUFFICIENT_SAMPLE
BOD001,Aksoy Taş Ev,Akyarlar,CHECKIN_CHECKOUT,0,0,False,,INSUFFICIENT_SAMPLE
BOD001,Aksoy Taş Ev,Akyarlar,AIR_CONDITIONING,0,0,False,,INSUFFICIENT_SAMPLE
BOD001,Aksoy Taş Ev,Akyarlar,NOISE,0,0,False,,INSUFFICIENT_SAMPLE
BOD001,Aksoy Taş Ev,Akyarlar,FAMILY_CHILDREN,0,0,False,,INSUFFICIENT_SAMPLE
BOD001,Aksoy Taş Ev,Akyarlar,TRANSPORT_TRANSFER,0,0,False,,INSUFFICIENT_SAMPLE
BOD001,Aksoy Taş Ev,Akyarlar,MANAGEMENT_COMMUNICATION,0,0,False,,INSUFFICIENT_SAMPLE
BOD001,Aksoy Taş Ev,Akyarlar,SPA_WELLNESS,0,0,False,,INSUFFICIENT_SAMPLE
BOD001,Aksoy Taş Ev,Akyarlar,SAFETY_SECURITY,0,0,False,,INSUFFICIENT_SAMPLE
BOD165,Caja by Maxx Royal,Türkbükü,STAFF_SERVICE,0,0,False,,INSUFFICIENT_SAMPLE
BOD165,Caja by Maxx Royal,Türkbükü,CLEANLINESS_HYGIENE,0,0,False,,INSUFFICIENT_SAMPLE
BOD165,Caja by Maxx Royal,Türkbükü,FOOD_BEVERAGE,0,0,False,,INSUFFICIENT_SAMPLE
BOD165,Caja by Maxx Royal,Türkbükü,ROOM,0,0,False,,INSUFFICIENT_SAMPLE
BOD165,Caja by Maxx Royal,Türkbükü,BEACH_SEA,0,0,False,,INSUFFICIENT_SAMPLE
BOD165,Caja by Maxx Royal,Türkbükü,POOL,0,0,False,,INSUFFICIENT_SAMPLE
BOD165,Caja by Maxx Royal,Türkbükü,FACILITIES_MAINTENANCE,0,0,False,,INSUFFICIENT_SAMPLE
BOD165,Caja by Maxx Royal,Türkbükü,RESERVATION,0,0,False,,INSUFFICIENT_SAMPLE
BOD165,Caja by Maxx Royal,Türkbükü,PAYMENT_REFUND,0,0,False,,INSUFFICIENT_SAMPLE
BOD165,Caja by Maxx Royal,Türkbükü,PRICE_VALUE,0,0,False,,INSUFFICIENT_SAMPLE
BOD165,Caja by Maxx Royal,Türkbükü,CHECKIN_CHECKOUT,0,0,False,,INSUFFICIENT_SAMPLE
BOD165,Caja by Maxx Royal,Türkbükü,AIR_CONDITIONING,0,0,False,,INSUFFICIENT_SAMPLE
BOD165,Caja by Maxx Royal,Türkbükü,NOISE,0,0,False,,INSUFFICIENT_SAMPLE
BOD165,Caja by Maxx Royal,Türkbükü,FAMILY_CHILDREN,0,0,False,,INSUFFICIENT_SAMPLE
BOD165,Caja by Maxx Royal,Türkbükü,TRANSPORT_TRANSFER,0,0,False,,INSUFFICIENT_SAMPLE
BOD165,Caja by Maxx Royal,Türkbükü,MANAGEMENT_COMMUNICATION,0,0,False,,INSUFFICIENT_SAMPLE
BOD165,Caja by Maxx Royal,Türkbükü,SPA_WELLNESS,0,0,False,,INSUFFICIENT_SAMPLE
BOD165,Caja by Maxx Royal,Türkbükü,SAFETY_SECURITY,0,0,False,,INSUFFICIENT_SAMPLE
BOD027,Meis Apart Hotel,Bitez,STAFF_SERVICE,0,0,False,,INSUFFICIENT_SAMPLE
BOD027,Meis Apart Hotel,Bitez,CLEANLINESS_HYGIENE,0,0,False,,INSUFFICIENT_SAMPLE
BOD027,Meis Apart Hotel,Bitez,FOOD_BEVERAGE,0,0,False,,INSUFFICIENT_SAMPLE
BOD027,Meis Apart Hotel,Bitez,ROOM,0,0,False,,INSUFFICIENT_SAMPLE
BOD027,Meis Apart Hotel,Bitez,BEACH_SEA,0,0,False,,INSUFFICIENT_SAMPLE
BOD027,Meis Apart Hotel,Bitez,POOL,0,0,False,,INSUFFICIENT_SAMPLE
BOD027,Meis Apart Hotel,Bitez,FACILITIES_MAINTENANCE,0,0,False,,INSUFFICIENT_SAMPLE
BOD027,Meis Apart Hotel,Bitez,RESERVATION,0,0,False,,INSUFFICIENT_SAMPLE
BOD027,Meis Apart Hotel,Bitez,PAYMENT_REFUND,0,0,False,,INSUFFICIENT_SAMPLE
BOD027,Meis Apart Hotel,Bitez,PRICE_VALUE,0,0,False,,INSUFFICIENT_SAMPLE
BOD027,Meis Apart Hotel,Bitez,CHECKIN_CHECKOUT,0,0,False,,INSUFFICIENT_SAMPLE
BOD027,Meis Apart Hotel,Bitez,AIR_CONDITIONING,0,0,False,,INSUFFICIENT_SAMPLE
BOD027,Meis Apart Hotel,Bitez,NOISE,0,0,False,,INSUFFICIENT_SAMPLE
BOD027,Meis Apart Hotel,Bitez,FAMILY_CHILDREN,0,0,False,,INSUFFICIENT_SAMPLE
BOD027,Meis Apart Hotel,Bitez,TRANSPORT_TRANSFER,0,0,False,,INSUFFICIENT_SAMPLE
BOD027,Meis Apart Hotel,Bitez,MANAGEMENT_COMMUNICATION,0,0,False,,INSUFFICIENT_SAMPLE
BOD027,Meis Apart Hotel,Bitez,SPA_WELLNESS,0,0,False,,INSUFFICIENT_SAMPLE
BOD027,Meis Apart Hotel,Bitez,SAFETY_SECURITY,0,0,False,,INSUFFICIENT_SAMPLE
BOD134,Yakamoz Otel,Ortakent-Yahşi,STAFF_SERVICE,0,0,False,,INSUFFICIENT_SAMPLE
BOD134,Yakamoz Otel,Ortakent-Yahşi,CLEANLINESS_HYGIENE,0,0,False,,INSUFFICIENT_SAMPLE
BOD134,Yakamoz Otel,Ortakent-Yahşi,FOOD_BEVERAGE,0,0,False,,INSUFFICIENT_SAMPLE
BOD134,Yakamoz Otel,Ortakent-Yahşi,ROOM,0,0,False,,INSUFFICIENT_SAMPLE
BOD134,Yakamoz Otel,Ortakent-Yahşi,BEACH_SEA,0,0,False,,INSUFFICIENT_SAMPLE
BOD134,Yakamoz Otel,Ortakent-Yahşi,POOL,0,0,False,,INSUFFICIENT_SAMPLE
BOD134,Yakamoz Otel,Ortakent-Yahşi,FACILITIES_MAINTENANCE,0,0,False,,INSUFFICIENT_SAMPLE
BOD134,Yakamoz Otel,Ortakent-Yahşi,RESERVATION,0,0,False,,INSUFFICIENT_SAMPLE
BOD134,Yakamoz Otel,Ortakent-Yahşi,PAYMENT_REFUND,0,0,False,,INSUFFICIENT_SAMPLE
BOD134,Yakamoz Otel,Ortakent-Yahşi,PRICE_VALUE,0,0,False,,INSUFFICIENT_SAMPLE
BOD134,Yakamoz Otel,Ortakent-Yahşi,CHECKIN_CHECKOUT,0,0,False,,INSUFFICIENT_SAMPLE
BOD134,Yakamoz Otel,Ortakent-Yahşi,AIR_CONDITIONING,0,0,False,,INSUFFICIENT_SAMPLE
BOD134,Yakamoz Otel,Ortakent-Yahşi,NOISE,0,0,False,,INSUFFICIENT_SAMPLE
BOD134,Yakamoz Otel,Ortakent-Yahşi,FAMILY_CHILDREN,0,0,False,,INSUFFICIENT_SAMPLE
BOD134,Yakamoz Otel,Ortakent-Yahşi,TRANSPORT_TRANSFER,0,0,False,,INSUFFICIENT_SAMPLE
BOD134,Yakamoz Otel,Ortakent-Yahşi,MANAGEMENT_COMMUNICATION,0,0,False,,INSUFFICIENT_SAMPLE
BOD134,Yakamoz Otel,Ortakent-Yahşi,SPA_WELLNESS,0,0,False,,INSUFFICIENT_SAMPLE
BOD134,Yakamoz Otel,Ortakent-Yahşi,SAFETY_SECURITY,0,0,False,,INSUFFICIENT_SAMPLE
BOD055,Lavinya Otel Göltürkbükü,Göltürkbükü,STAFF_SERVICE,0,0,False,,INSUFFICIENT_SAMPLE
BOD055,Lavinya Otel Göltürkbükü,Göltürkbükü,CLEANLINESS_HYGIENE,0,0,False,,INSUFFICIENT_SAMPLE
BOD055,Lavinya Otel Göltürkbükü,Göltürkbükü,FOOD_BEVERAGE,0,0,False,,INSUFFICIENT_SAMPLE
BOD055,Lavinya Otel Göltürkbükü,Göltürkbükü,ROOM,0,0,False,,INSUFFICIENT_SAMPLE
BOD055,Lavinya Otel Göltürkbükü,Göltürkbükü,BEACH_SEA,0,0,False,,INSUFFICIENT_SAMPLE
BOD055,Lavinya Otel Göltürkbükü,Göltürkbükü,POOL,0,0,False,,INSUFFICIENT_SAMPLE
BOD055,Lavinya Otel Göltürkbükü,Göltürkbükü,FACILITIES_MAINTENANCE,0,0,False,,INSUFFICIENT_SAMPLE
BOD055,Lavinya Otel Göltürkbükü,Göltürkbükü,RESERVATION,0,0,False,,INSUFFICIENT_SAMPLE
BOD055,Lavinya Otel Göltürkbükü,Göltürkbükü,PAYMENT_REFUND,0,0,False,,INSUFFICIENT_SAMPLE
BOD055,Lavinya Otel Göltürkbükü,Göltürkbükü,PRICE_VALUE,0,0,False,,INSUFFICIENT_SAMPLE
BOD055,Lavinya Otel Göltürkbükü,Göltürkbükü,CHECKIN_CHECKOUT,0,0,False,,INSUFFICIENT_SAMPLE
BOD055,Lavinya Otel Göltürkbükü,Göltürkbükü,AIR_CONDITIONING,0,0,False,,INSUFFICIENT_SAMPLE
BOD055,Lavinya Otel Göltürkbükü,Göltürkbükü,NOISE,0,0,False,,INSUFFICIENT_SAMPLE
BOD055,Lavinya Otel Göltürkbükü,Göltürkbükü,FAMILY_CHILDREN,0,0,False,,INSUFFICIENT_SAMPLE
BOD055,Lavinya Otel Göltürkbükü,Göltürkbükü,TRANSPORT_TRANSFER,0,0,False,,INSUFFICIENT_SAMPLE
BOD055,Lavinya Otel Göltürkbükü,Göltürkbükü,MANAGEMENT_COMMUNICATION,0,0,False,,INSUFFICIENT_SAMPLE
BOD055,Lavinya Otel Göltürkbükü,Göltürkbükü,SPA_WELLNESS,0,0,False,,INSUFFICIENT_SAMPLE
BOD055,Lavinya Otel Göltürkbükü,Göltürkbükü,SAFETY_SECURITY,0,0,False,,INSUFFICIENT_SAMPLE
BOD121,Eskiyalı Otel,Ortakent-Yahşi,STAFF_SERVICE,0,0,False,,INSUFFICIENT_SAMPLE
BOD121,Eskiyalı Otel,Ortakent-Yahşi,CLEANLINESS_HYGIENE,0,0,False,,INSUFFICIENT_SAMPLE
BOD121,Eskiyalı Otel,Ortakent-Yahşi,FOOD_BEVERAGE,0,0,False,,INSUFFICIENT_SAMPLE
BOD121,Eskiyalı Otel,Ortakent-Yahşi,ROOM,0,0,False,,INSUFFICIENT_SAMPLE
BOD121,Eskiyalı Otel,Ortakent-Yahşi,BEACH_SEA,0,0,False,,INSUFFICIENT_SAMPLE
BOD121,Eskiyalı Otel,Ortakent-Yahşi,POOL,0,0,False,,INSUFFICIENT_SAMPLE
BOD121,Eskiyalı Otel,Ortakent-Yahşi,FACILITIES_MAINTENANCE,0,0,False,,INSUFFICIENT_SAMPLE
BOD121,Eskiyalı Otel,Ortakent-Yahşi,RESERVATION,0,0,False,,INSUFFICIENT_SAMPLE
BOD121,Eskiyalı Otel,Ortakent-Yahşi,PAYMENT_REFUND,0,0,False,,INSUFFICIENT_SAMPLE
BOD121,Eskiyalı Otel,Ortakent-Yahşi,PRICE_VALUE,0,0,False,,INSUFFICIENT_SAMPLE
BOD121,Eskiyalı Otel,Ortakent-Yahşi,CHECKIN_CHECKOUT,0,0,False,,INSUFFICIENT_SAMPLE
BOD121,Eskiyalı Otel,Ortakent-Yahşi,AIR_CONDITIONING,0,0,False,,INSUFFICIENT_SAMPLE
BOD121,Eskiyalı Otel,Ortakent-Yahşi,NOISE,0,0,False,,INSUFFICIENT_SAMPLE
BOD121,Eskiyalı Otel,Ortakent-Yahşi,FAMILY_CHILDREN,0,0,False,,INSUFFICIENT_SAMPLE
BOD121,Eskiyalı Otel,Ortakent-Yahşi,TRANSPORT_TRANSFER,0,0,False,,INSUFFICIENT_SAMPLE
BOD121,Eskiyalı Otel,Ortakent-Yahşi,MANAGEMENT_COMMUNICATION,0,0,False,,INSUFFICIENT_SAMPLE
BOD121,Eskiyalı Otel,Ortakent-Yahşi,SPA_WELLNESS,0,0,False,,INSUFFICIENT_SAMPLE
BOD121,Eskiyalı Otel,Ortakent-Yahşi,SAFETY_SECURITY,0,0,False,,INSUFFICIENT_SAMPLE
BOD176,Blue Point Yalikavak,Yalıkavak,STAFF_SERVICE,0,0,False,,INSUFFICIENT_SAMPLE
BOD176,Blue Point Yalikavak,Yalıkavak,CLEANLINESS_HYGIENE,0,0,False,,INSUFFICIENT_SAMPLE
BOD176,Blue Point Yalikavak,Yalıkavak,FOOD_BEVERAGE,0,0,False,,INSUFFICIENT_SAMPLE
BOD176,Blue Point Yalikavak,Yalıkavak,ROOM,0,0,False,,INSUFFICIENT_SAMPLE
BOD176,Blue Point Yalikavak,Yalıkavak,BEACH_SEA,0,0,False,,INSUFFICIENT_SAMPLE
BOD176,Blue Point Yalikavak,Yalıkavak,POOL,0,0,False,,INSUFFICIENT_SAMPLE
BOD176,Blue Point Yalikavak,Yalıkavak,FACILITIES_MAINTENANCE,0,0,False,,INSUFFICIENT_SAMPLE
BOD176,Blue Point Yalikavak,Yalıkavak,RESERVATION,0,0,False,,INSUFFICIENT_SAMPLE
BOD176,Blue Point Yalikavak,Yalıkavak,PAYMENT_REFUND,0,0,False,,INSUFFICIENT_SAMPLE
BOD176,Blue Point Yalikavak,Yalıkavak,PRICE_VALUE,0,0,False,,INSUFFICIENT_SAMPLE
BOD176,Blue Point Yalikavak,Yalıkavak,CHECKIN_CHECKOUT,0,0,False,,INSUFFICIENT_SAMPLE
BOD176,Blue Point Yalikavak,Yalıkavak,AIR_CONDITIONING,0,0,False,,INSUFFICIENT_SAMPLE
BOD176,Blue Point Yalikavak,Yalıkavak,NOISE,0,0,False,,INSUFFICIENT_SAMPLE
BOD176,Blue Point Yalikavak,Yalıkavak,FAMILY_CHILDREN,0,0,False,,INSUFFICIENT_SAMPLE
BOD176,Blue Point Yalikavak,Yalıkavak,TRANSPORT_TRANSFER,0,0,False,,INSUFFICIENT_SAMPLE
BOD176,Blue Point Yalikavak,Yalıkavak,MANAGEMENT_COMMUNICATION,0,0,False,,INSUFFICIENT_SAMPLE
BOD176,Blue Point Yalikavak,Yalıkavak,SPA_WELLNESS,0,0,False,,INSUFFICIENT_SAMPLE
BOD176,Blue Point Yalikavak,Yalıkavak,SAFETY_SECURITY,0,0,False,,INSUFFICIENT_SAMPLE
BOD093,Malta Bodrum Hotel,Gündoğan,STAFF_SERVICE,0,0,False,,INSUFFICIENT_SAMPLE
BOD093,Malta Bodrum Hotel,Gündoğan,CLEANLINESS_HYGIENE,0,0,False,,INSUFFICIENT_SAMPLE
BOD093,Malta Bodrum Hotel,Gündoğan,FOOD_BEVERAGE,0,0,False,,INSUFFICIENT_SAMPLE
BOD093,Malta Bodrum Hotel,Gündoğan,ROOM,0,0,False,,INSUFFICIENT_SAMPLE
BOD093,Malta Bodrum Hotel,Gündoğan,BEACH_SEA,0,0,False,,INSUFFICIENT_SAMPLE
BOD093,Malta Bodrum Hotel,Gündoğan,POOL,0,0,False,,INSUFFICIENT_SAMPLE
BOD093,Malta Bodrum Hotel,Gündoğan,FACILITIES_MAINTENANCE,0,0,False,,INSUFFICIENT_SAMPLE
BOD093,Malta Bodrum Hotel,Gündoğan,RESERVATION,0,0,False,,INSUFFICIENT_SAMPLE
BOD093,Malta Bodrum Hotel,Gündoğan,PAYMENT_REFUND,0,0,False,,INSUFFICIENT_SAMPLE
BOD093,Malta Bodrum Hotel,Gündoğan,PRICE_VALUE,0,0,False,,INSUFFICIENT_SAMPLE
BOD093,Malta Bodrum Hotel,Gündoğan,CHECKIN_CHECKOUT,0,0,False,,INSUFFICIENT_SAMPLE
BOD093,Malta Bodrum Hotel,Gündoğan,AIR_CONDITIONING,0,0,False,,INSUFFICIENT_SAMPLE
BOD093,Malta Bodrum Hotel,Gündoğan,NOISE,0,0,False,,INSUFFICIENT_SAMPLE
BOD093,Malta Bodrum Hotel,Gündoğan,FAMILY_CHILDREN,0,0,False,,INSUFFICIENT_SAMPLE
BOD093,Malta Bodrum Hotel,Gündoğan,TRANSPORT_TRANSFER,0,0,False,,INSUFFICIENT_SAMPLE
BOD093,Malta Bodrum Hotel,Gündoğan,MANAGEMENT_COMMUNICATION,0,0,False,,INSUFFICIENT_SAMPLE
BOD093,Malta Bodrum Hotel,Gündoğan,SPA_WELLNESS,0,0,False,,INSUFFICIENT_SAMPLE
BOD093,Malta Bodrum Hotel,Gündoğan,SAFETY_SECURITY,0,0,False,,INSUFFICIENT_SAMPLE
BOD122,Florida Otel,Ortakent-Yahşi,STAFF_SERVICE,0,0,False,,INSUFFICIENT_SAMPLE
BOD122,Florida Otel,Ortakent-Yahşi,CLEANLINESS_HYGIENE,0,0,False,,INSUFFICIENT_SAMPLE
BOD122,Florida Otel,Ortakent-Yahşi,FOOD_BEVERAGE,0,0,False,,INSUFFICIENT_SAMPLE
BOD122,Florida Otel,Ortakent-Yahşi,ROOM,0,0,False,,INSUFFICIENT_SAMPLE
BOD122,Florida Otel,Ortakent-Yahşi,BEACH_SEA,0,0,False,,INSUFFICIENT_SAMPLE
BOD122,Florida Otel,Ortakent-Yahşi,POOL,0,0,False,,INSUFFICIENT_SAMPLE
BOD122,Florida Otel,Ortakent-Yahşi,FACILITIES_MAINTENANCE,0,0,False,,INSUFFICIENT_SAMPLE
BOD122,Florida Otel,Ortakent-Yahşi,RESERVATION,0,0,False,,INSUFFICIENT_SAMPLE
BOD122,Florida Otel,Ortakent-Yahşi,PAYMENT_REFUND,0,0,False,,INSUFFICIENT_SAMPLE
BOD122,Florida Otel,Ortakent-Yahşi,PRICE_VALUE,0,0,False,,INSUFFICIENT_SAMPLE
BOD122,Florida Otel,Ortakent-Yahşi,CHECKIN_CHECKOUT,0,0,False,,INSUFFICIENT_SAMPLE
BOD122,Florida Otel,Ortakent-Yahşi,AIR_CONDITIONING,0,0,False,,INSUFFICIENT_SAMPLE
BOD122,Florida Otel,Ortakent-Yahşi,NOISE,0,0,False,,INSUFFICIENT_SAMPLE
BOD122,Florida Otel,Ortakent-Yahşi,FAMILY_CHILDREN,0,0,False,,INSUFFICIENT_SAMPLE
BOD122,Florida Otel,Ortakent-Yahşi,TRANSPORT_TRANSFER,0,0,False,,INSUFFICIENT_SAMPLE
BOD122,Florida Otel,Ortakent-Yahşi,MANAGEMENT_COMMUNICATION,0,0,False,,INSUFFICIENT_SAMPLE
BOD122,Florida Otel,Ortakent-Yahşi,SPA_WELLNESS,0,0,False,,INSUFFICIENT_SAMPLE
BOD122,Florida Otel,Ortakent-Yahşi,SAFETY_SECURITY,0,0,False,,INSUFFICIENT_SAMPLE
BOD190,The Sign Highlight Hotel,Yalıkavak,STAFF_SERVICE,0,0,False,,INSUFFICIENT_SAMPLE
BOD190,The Sign Highlight Hotel,Yalıkavak,CLEANLINESS_HYGIENE,0,0,False,,INSUFFICIENT_SAMPLE
BOD190,The Sign Highlight Hotel,Yalıkavak,FOOD_BEVERAGE,0,0,False,,INSUFFICIENT_SAMPLE
BOD190,The Sign Highlight Hotel,Yalıkavak,ROOM,0,0,False,,INSUFFICIENT_SAMPLE
BOD190,The Sign Highlight Hotel,Yalıkavak,BEACH_SEA,0,0,False,,INSUFFICIENT_SAMPLE
BOD190,The Sign Highlight Hotel,Yalıkavak,POOL,0,0,False,,INSUFFICIENT_SAMPLE
BOD190,The Sign Highlight Hotel,Yalıkavak,FACILITIES_MAINTENANCE,0,0,False,,INSUFFICIENT_SAMPLE
BOD190,The Sign Highlight Hotel,Yalıkavak,RESERVATION,0,0,False,,INSUFFICIENT_SAMPLE
BOD190,The Sign Highlight Hotel,Yalıkavak,PAYMENT_REFUND,0,0,False,,INSUFFICIENT_SAMPLE
BOD190,The Sign Highlight Hotel,Yalıkavak,PRICE_VALUE,0,0,False,,INSUFFICIENT_SAMPLE
BOD190,The Sign Highlight Hotel,Yalıkavak,CHECKIN_CHECKOUT,0,0,False,,INSUFFICIENT_SAMPLE
BOD190,The Sign Highlight Hotel,Yalıkavak,AIR_CONDITIONING,0,0,False,,INSUFFICIENT_SAMPLE
BOD190,The Sign Highlight Hotel,Yalıkavak,NOISE,0,0,False,,INSUFFICIENT_SAMPLE
BOD190,The Sign Highlight Hotel,Yalıkavak,FAMILY_CHILDREN,0,0,False,,INSUFFICIENT_SAMPLE
BOD190,The Sign Highlight Hotel,Yalıkavak,TRANSPORT_TRANSFER,0,0,False,,INSUFFICIENT_SAMPLE
BOD190,The Sign Highlight Hotel,Yalıkavak,MANAGEMENT_COMMUNICATION,0,0,False,,INSUFFICIENT_SAMPLE
BOD190,The Sign Highlight Hotel,Yalıkavak,SPA_WELLNESS,0,0,False,,INSUFFICIENT_SAMPLE
BOD190,The Sign Highlight Hotel,Yalıkavak,SAFETY_SECURITY,0,0,False,,INSUFFICIENT_SAMPLE
BOD179,Lizbonia Otel Yalikavak,Yalıkavak,STAFF_SERVICE,0,0,False,,INSUFFICIENT_SAMPLE
BOD179,Lizbonia Otel Yalikavak,Yalıkavak,CLEANLINESS_HYGIENE,0,0,False,,INSUFFICIENT_SAMPLE
BOD179,Lizbonia Otel Yalikavak,Yalıkavak,FOOD_BEVERAGE,0,0,False,,INSUFFICIENT_SAMPLE
BOD179,Lizbonia Otel Yalikavak,Yalıkavak,ROOM,0,0,False,,INSUFFICIENT_SAMPLE
BOD179,Lizbonia Otel Yalikavak,Yalıkavak,BEACH_SEA,0,0,False,,INSUFFICIENT_SAMPLE
BOD179,Lizbonia Otel Yalikavak,Yalıkavak,POOL,0,0,False,,INSUFFICIENT_SAMPLE
BOD179,Lizbonia Otel Yalikavak,Yalıkavak,FACILITIES_MAINTENANCE,0,0,False,,INSUFFICIENT_SAMPLE
BOD179,Lizbonia Otel Yalikavak,Yalıkavak,RESERVATION,0,0,False,,INSUFFICIENT_SAMPLE
BOD179,Lizbonia Otel Yalikavak,Yalıkavak,PAYMENT_REFUND,0,0,False,,INSUFFICIENT_SAMPLE
BOD179,Lizbonia Otel Yalikavak,Yalıkavak,PRICE_VALUE,0,0,False,,INSUFFICIENT_SAMPLE
BOD179,Lizbonia Otel Yalikavak,Yalıkavak,CHECKIN_CHECKOUT,0,0,False,,INSUFFICIENT_SAMPLE
BOD179,Lizbonia Otel Yalikavak,Yalıkavak,AIR_CONDITIONING,0,0,False,,INSUFFICIENT_SAMPLE
BOD179,Lizbonia Otel Yalikavak,Yalıkavak,NOISE,0,0,False,,INSUFFICIENT_SAMPLE
BOD179,Lizbonia Otel Yalikavak,Yalıkavak,FAMILY_CHILDREN,0,0,False,,INSUFFICIENT_SAMPLE
BOD179,Lizbonia Otel Yalikavak,Yalıkavak,TRANSPORT_TRANSFER,0,0,False,,INSUFFICIENT_SAMPLE
BOD179,Lizbonia Otel Yalikavak,Yalıkavak,MANAGEMENT_COMMUNICATION,0,0,False,,INSUFFICIENT_SAMPLE
BOD179,Lizbonia Otel Yalikavak,Yalıkavak,SPA_WELLNESS,0,0,False,,INSUFFICIENT_SAMPLE
BOD179,Lizbonia Otel Yalikavak,Yalıkavak,SAFETY_SECURITY,0,0,False,,INSUFFICIENT_SAMPLE
BOD144,Mira Suites,Torba,STAFF_SERVICE,0,0,False,,INSUFFICIENT_SAMPLE
BOD144,Mira Suites,Torba,CLEANLINESS_HYGIENE,0,0,False,,INSUFFICIENT_SAMPLE
BOD144,Mira Suites,Torba,FOOD_BEVERAGE,0,0,False,,INSUFFICIENT_SAMPLE
BOD144,Mira Suites,Torba,ROOM,0,0,False,,INSUFFICIENT_SAMPLE
BOD144,Mira Suites,Torba,BEACH_SEA,0,0,False,,INSUFFICIENT_SAMPLE
BOD144,Mira Suites,Torba,POOL,0,0,False,,INSUFFICIENT_SAMPLE
BOD144,Mira Suites,Torba,FACILITIES_MAINTENANCE,0,0,False,,INSUFFICIENT_SAMPLE
BOD144,Mira Suites,Torba,RESERVATION,0,0,False,,INSUFFICIENT_SAMPLE
BOD144,Mira Suites,Torba,PAYMENT_REFUND,0,0,False,,INSUFFICIENT_SAMPLE
BOD144,Mira Suites,Torba,PRICE_VALUE,0,0,False,,INSUFFICIENT_SAMPLE
BOD144,Mira Suites,Torba,CHECKIN_CHECKOUT,0,0,False,,INSUFFICIENT_SAMPLE
BOD144,Mira Suites,Torba,AIR_CONDITIONING,0,0,False,,INSUFFICIENT_SAMPLE
BOD144,Mira Suites,Torba,NOISE,0,0,False,,INSUFFICIENT_SAMPLE
BOD144,Mira Suites,Torba,FAMILY_CHILDREN,0,0,False,,INSUFFICIENT_SAMPLE
BOD144,Mira Suites,Torba,TRANSPORT_TRANSFER,0,0,False,,INSUFFICIENT_SAMPLE
BOD144,Mira Suites,Torba,MANAGEMENT_COMMUNICATION,0,0,False,,INSUFFICIENT_SAMPLE
BOD144,Mira Suites,Torba,SPA_WELLNESS,0,0,False,,INSUFFICIENT_SAMPLE
BOD144,Mira Suites,Torba,SAFETY_SECURITY,0,0,False,,INSUFFICIENT_SAMPLE
BOD135,Yılmaz Hotel | Bodrum Ortakent Otelleri,Ortakent-Yahşi,STAFF_SERVICE,0,0,False,,INSUFFICIENT_SAMPLE
BOD135,Yılmaz Hotel | Bodrum Ortakent Otelleri,Ortakent-Yahşi,CLEANLINESS_HYGIENE,0,0,False,,INSUFFICIENT_SAMPLE
BOD135,Yılmaz Hotel | Bodrum Ortakent Otelleri,Ortakent-Yahşi,FOOD_BEVERAGE,0,0,False,,INSUFFICIENT_SAMPLE
BOD135,Yılmaz Hotel | Bodrum Ortakent Otelleri,Ortakent-Yahşi,ROOM,0,0,False,,INSUFFICIENT_SAMPLE
BOD135,Yılmaz Hotel | Bodrum Ortakent Otelleri,Ortakent-Yahşi,BEACH_SEA,0,0,False,,INSUFFICIENT_SAMPLE
BOD135,Yılmaz Hotel | Bodrum Ortakent Otelleri,Ortakent-Yahşi,POOL,0,0,False,,INSUFFICIENT_SAMPLE
BOD135,Yılmaz Hotel | Bodrum Ortakent Otelleri,Ortakent-Yahşi,FACILITIES_MAINTENANCE,0,0,False,,INSUFFICIENT_SAMPLE
BOD135,Yılmaz Hotel | Bodrum Ortakent Otelleri,Ortakent-Yahşi,RESERVATION,0,0,False,,INSUFFICIENT_SAMPLE
BOD135,Yılmaz Hotel | Bodrum Ortakent Otelleri,Ortakent-Yahşi,PAYMENT_REFUND,0,0,False,,INSUFFICIENT_SAMPLE
BOD135,Yılmaz Hotel | Bodrum Ortakent Otelleri,Ortakent-Yahşi,PRICE_VALUE,0,0,False,,INSUFFICIENT_SAMPLE
BOD135,Yılmaz Hotel | Bodrum Ortakent Otelleri,Ortakent-Yahşi,CHECKIN_CHECKOUT,0,0,False,,INSUFFICIENT_SAMPLE
BOD135,Yılmaz Hotel | Bodrum Ortakent Otelleri,Ortakent-Yahşi,AIR_CONDITIONING,0,0,False,,INSUFFICIENT_SAMPLE
BOD135,Yılmaz Hotel | Bodrum Ortakent Otelleri,Ortakent-Yahşi,NOISE,0,0,False,,INSUFFICIENT_SAMPLE
BOD135,Yılmaz Hotel | Bodrum Ortakent Otelleri,Ortakent-Yahşi,FAMILY_CHILDREN,0,0,False,,INSUFFICIENT_SAMPLE
BOD135,Yılmaz Hotel | Bodrum Ortakent Otelleri,Ortakent-Yahşi,TRANSPORT_TRANSFER,0,0,False,,INSUFFICIENT_SAMPLE
BOD135,Yılmaz Hotel | Bodrum Ortakent Otelleri,Ortakent-Yahşi,MANAGEMENT_COMMUNICATION,0,0,False,,INSUFFICIENT_SAMPLE
BOD135,Yılmaz Hotel | Bodrum Ortakent Otelleri,Ortakent-Yahşi,SPA_WELLNESS,0,0,False,,INSUFFICIENT_SAMPLE
BOD135,Yılmaz Hotel | Bodrum Ortakent Otelleri,Ortakent-Yahşi,SAFETY_SECURITY,0,0,False,,INSUFFICIENT_SAMPLE
BOD185,Sezz Hotels Spa Wellness Yalıkavak,Yalıkavak,STAFF_SERVICE,0,0,False,,INSUFFICIENT_SAMPLE
BOD185,Sezz Hotels Spa Wellness Yalıkavak,Yalıkavak,CLEANLINESS_HYGIENE,0,0,False,,INSUFFICIENT_SAMPLE
BOD185,Sezz Hotels Spa Wellness Yalıkavak,Yalıkavak,FOOD_BEVERAGE,0,0,False,,INSUFFICIENT_SAMPLE
BOD185,Sezz Hotels Spa Wellness Yalıkavak,Yalıkavak,ROOM,0,0,False,,INSUFFICIENT_SAMPLE
BOD185,Sezz Hotels Spa Wellness Yalıkavak,Yalıkavak,BEACH_SEA,0,0,False,,INSUFFICIENT_SAMPLE
BOD185,Sezz Hotels Spa Wellness Yalıkavak,Yalıkavak,POOL,0,0,False,,INSUFFICIENT_SAMPLE
BOD185,Sezz Hotels Spa Wellness Yalıkavak,Yalıkavak,FACILITIES_MAINTENANCE,0,0,False,,INSUFFICIENT_SAMPLE
BOD185,Sezz Hotels Spa Wellness Yalıkavak,Yalıkavak,RESERVATION,0,0,False,,INSUFFICIENT_SAMPLE
BOD185,Sezz Hotels Spa Wellness Yalıkavak,Yalıkavak,PAYMENT_REFUND,0,0,False,,INSUFFICIENT_SAMPLE
BOD185,Sezz Hotels Spa Wellness Yalıkavak,Yalıkavak,PRICE_VALUE,0,0,False,,INSUFFICIENT_SAMPLE
BOD185,Sezz Hotels Spa Wellness Yalıkavak,Yalıkavak,CHECKIN_CHECKOUT,0,0,False,,INSUFFICIENT_SAMPLE
BOD185,Sezz Hotels Spa Wellness Yalıkavak,Yalıkavak,AIR_CONDITIONING,0,0,False,,INSUFFICIENT_SAMPLE
BOD185,Sezz Hotels Spa Wellness Yalıkavak,Yalıkavak,NOISE,0,0,False,,INSUFFICIENT_SAMPLE
BOD185,Sezz Hotels Spa Wellness Yalıkavak,Yalıkavak,FAMILY_CHILDREN,0,0,False,,INSUFFICIENT_SAMPLE
BOD185,Sezz Hotels Spa Wellness Yalıkavak,Yalıkavak,TRANSPORT_TRANSFER,0,0,False,,INSUFFICIENT_SAMPLE
BOD185,Sezz Hotels Spa Wellness Yalıkavak,Yalıkavak,MANAGEMENT_COMMUNICATION,0,0,False,,INSUFFICIENT_SAMPLE
BOD185,Sezz Hotels Spa Wellness Yalıkavak,Yalıkavak,SPA_WELLNESS,0,0,False,,INSUFFICIENT_SAMPLE
BOD185,Sezz Hotels Spa Wellness Yalıkavak,Yalıkavak,SAFETY_SECURITY,0,0,False,,INSUFFICIENT_SAMPLE
BOD123,Hotel Marma Beach,Ortakent-Yahşi,STAFF_SERVICE,0,0,False,,INSUFFICIENT_SAMPLE
BOD123,Hotel Marma Beach,Ortakent-Yahşi,CLEANLINESS_HYGIENE,0,0,False,,INSUFFICIENT_SAMPLE
BOD123,Hotel Marma Beach,Ortakent-Yahşi,FOOD_BEVERAGE,0,0,False,,INSUFFICIENT_SAMPLE
BOD123,Hotel Marma Beach,Ortakent-Yahşi,ROOM,0,0,False,,INSUFFICIENT_SAMPLE
BOD123,Hotel Marma Beach,Ortakent-Yahşi,BEACH_SEA,0,0,False,,INSUFFICIENT_SAMPLE
BOD123,Hotel Marma Beach,Ortakent-Yahşi,POOL,0,0,False,,INSUFFICIENT_SAMPLE
BOD123,Hotel Marma Beach,Ortakent-Yahşi,FACILITIES_MAINTENANCE,0,0,False,,INSUFFICIENT_SAMPLE
BOD123,Hotel Marma Beach,Ortakent-Yahşi,RESERVATION,0,0,False,,INSUFFICIENT_SAMPLE
BOD123,Hotel Marma Beach,Ortakent-Yahşi,PAYMENT_REFUND,0,0,False,,INSUFFICIENT_SAMPLE
BOD123,Hotel Marma Beach,Ortakent-Yahşi,PRICE_VALUE,0,0,False,,INSUFFICIENT_SAMPLE
BOD123,Hotel Marma Beach,Ortakent-Yahşi,CHECKIN_CHECKOUT,0,0,False,,INSUFFICIENT_SAMPLE
BOD123,Hotel Marma Beach,Ortakent-Yahşi,AIR_CONDITIONING,0,0,False,,INSUFFICIENT_SAMPLE
BOD123,Hotel Marma Beach,Ortakent-Yahşi,NOISE,0,0,False,,INSUFFICIENT_SAMPLE
BOD123,Hotel Marma Beach,Ortakent-Yahşi,FAMILY_CHILDREN,0,0,False,,INSUFFICIENT_SAMPLE
BOD123,Hotel Marma Beach,Ortakent-Yahşi,TRANSPORT_TRANSFER,0,0,False,,INSUFFICIENT_SAMPLE
BOD123,Hotel Marma Beach,Ortakent-Yahşi,MANAGEMENT_COMMUNICATION,0,0,False,,INSUFFICIENT_SAMPLE
BOD123,Hotel Marma Beach,Ortakent-Yahşi,SPA_WELLNESS,0,0,False,,INSUFFICIENT_SAMPLE
BOD123,Hotel Marma Beach,Ortakent-Yahşi,SAFETY_SECURITY,0,0,False,,INSUFFICIENT_SAMPLE
BOD044,Noa Suite Hotel,Bodrum Merkez,STAFF_SERVICE,0,0,False,,INSUFFICIENT_SAMPLE
BOD044,Noa Suite Hotel,Bodrum Merkez,CLEANLINESS_HYGIENE,0,0,False,,INSUFFICIENT_SAMPLE
BOD044,Noa Suite Hotel,Bodrum Merkez,FOOD_BEVERAGE,0,0,False,,INSUFFICIENT_SAMPLE
BOD044,Noa Suite Hotel,Bodrum Merkez,ROOM,0,0,False,,INSUFFICIENT_SAMPLE
BOD044,Noa Suite Hotel,Bodrum Merkez,BEACH_SEA,0,0,False,,INSUFFICIENT_SAMPLE
BOD044,Noa Suite Hotel,Bodrum Merkez,POOL,0,0,False,,INSUFFICIENT_SAMPLE
BOD044,Noa Suite Hotel,Bodrum Merkez,FACILITIES_MAINTENANCE,0,0,False,,INSUFFICIENT_SAMPLE
BOD044,Noa Suite Hotel,Bodrum Merkez,RESERVATION,0,0,False,,INSUFFICIENT_SAMPLE
BOD044,Noa Suite Hotel,Bodrum Merkez,PAYMENT_REFUND,0,0,False,,INSUFFICIENT_SAMPLE
BOD044,Noa Suite Hotel,Bodrum Merkez,PRICE_VALUE,0,0,False,,INSUFFICIENT_SAMPLE
BOD044,Noa Suite Hotel,Bodrum Merkez,CHECKIN_CHECKOUT,0,0,False,,INSUFFICIENT_SAMPLE
BOD044,Noa Suite Hotel,Bodrum Merkez,AIR_CONDITIONING,0,0,False,,INSUFFICIENT_SAMPLE
BOD044,Noa Suite Hotel,Bodrum Merkez,NOISE,0,0,False,,INSUFFICIENT_SAMPLE
BOD044,Noa Suite Hotel,Bodrum Merkez,FAMILY_CHILDREN,0,0,False,,INSUFFICIENT_SAMPLE
BOD044,Noa Suite Hotel,Bodrum Merkez,TRANSPORT_TRANSFER,0,0,False,,INSUFFICIENT_SAMPLE
BOD044,Noa Suite Hotel,Bodrum Merkez,MANAGEMENT_COMMUNICATION,0,0,False,,INSUFFICIENT_SAMPLE
BOD044,Noa Suite Hotel,Bodrum Merkez,SPA_WELLNESS,0,0,False,,INSUFFICIENT_SAMPLE
BOD044,Noa Suite Hotel,Bodrum Merkez,SAFETY_SECURITY,0,0,False,,INSUFFICIENT_SAMPLE
BOD118,Amfora Hotel,Ortakent-Yahşi,STAFF_SERVICE,0,0,False,,INSUFFICIENT_SAMPLE
BOD118,Amfora Hotel,Ortakent-Yahşi,CLEANLINESS_HYGIENE,0,0,False,,INSUFFICIENT_SAMPLE
BOD118,Amfora Hotel,Ortakent-Yahşi,FOOD_BEVERAGE,0,0,False,,INSUFFICIENT_SAMPLE
BOD118,Amfora Hotel,Ortakent-Yahşi,ROOM,0,0,False,,INSUFFICIENT_SAMPLE
BOD118,Amfora Hotel,Ortakent-Yahşi,BEACH_SEA,0,0,False,,INSUFFICIENT_SAMPLE
BOD118,Amfora Hotel,Ortakent-Yahşi,POOL,0,0,False,,INSUFFICIENT_SAMPLE
BOD118,Amfora Hotel,Ortakent-Yahşi,FACILITIES_MAINTENANCE,0,0,False,,INSUFFICIENT_SAMPLE
BOD118,Amfora Hotel,Ortakent-Yahşi,RESERVATION,0,0,False,,INSUFFICIENT_SAMPLE
BOD118,Amfora Hotel,Ortakent-Yahşi,PAYMENT_REFUND,0,0,False,,INSUFFICIENT_SAMPLE
BOD118,Amfora Hotel,Ortakent-Yahşi,PRICE_VALUE,0,0,False,,INSUFFICIENT_SAMPLE
BOD118,Amfora Hotel,Ortakent-Yahşi,CHECKIN_CHECKOUT,0,0,False,,INSUFFICIENT_SAMPLE
BOD118,Amfora Hotel,Ortakent-Yahşi,AIR_CONDITIONING,0,0,False,,INSUFFICIENT_SAMPLE
BOD118,Amfora Hotel,Ortakent-Yahşi,NOISE,0,0,False,,INSUFFICIENT_SAMPLE
BOD118,Amfora Hotel,Ortakent-Yahşi,FAMILY_CHILDREN,0,0,False,,INSUFFICIENT_SAMPLE
BOD118,Amfora Hotel,Ortakent-Yahşi,TRANSPORT_TRANSFER,0,0,False,,INSUFFICIENT_SAMPLE
BOD118,Amfora Hotel,Ortakent-Yahşi,MANAGEMENT_COMMUNICATION,0,0,False,,INSUFFICIENT_SAMPLE
BOD118,Amfora Hotel,Ortakent-Yahşi,SPA_WELLNESS,0,0,False,,INSUFFICIENT_SAMPLE
BOD118,Amfora Hotel,Ortakent-Yahşi,SAFETY_SECURITY,0,0,False,,INSUFFICIENT_SAMPLE
BOD188,Tangiers Hotel Yalıkavak,Yalıkavak,STAFF_SERVICE,0,0,False,,INSUFFICIENT_SAMPLE
BOD188,Tangiers Hotel Yalıkavak,Yalıkavak,CLEANLINESS_HYGIENE,0,0,False,,INSUFFICIENT_SAMPLE
BOD188,Tangiers Hotel Yalıkavak,Yalıkavak,FOOD_BEVERAGE,0,0,False,,INSUFFICIENT_SAMPLE
BOD188,Tangiers Hotel Yalıkavak,Yalıkavak,ROOM,0,0,False,,INSUFFICIENT_SAMPLE
BOD188,Tangiers Hotel Yalıkavak,Yalıkavak,BEACH_SEA,0,0,False,,INSUFFICIENT_SAMPLE
BOD188,Tangiers Hotel Yalıkavak,Yalıkavak,POOL,0,0,False,,INSUFFICIENT_SAMPLE
BOD188,Tangiers Hotel Yalıkavak,Yalıkavak,FACILITIES_MAINTENANCE,0,0,False,,INSUFFICIENT_SAMPLE
BOD188,Tangiers Hotel Yalıkavak,Yalıkavak,RESERVATION,0,0,False,,INSUFFICIENT_SAMPLE
BOD188,Tangiers Hotel Yalıkavak,Yalıkavak,PAYMENT_REFUND,0,0,False,,INSUFFICIENT_SAMPLE
BOD188,Tangiers Hotel Yalıkavak,Yalıkavak,PRICE_VALUE,0,0,False,,INSUFFICIENT_SAMPLE
BOD188,Tangiers Hotel Yalıkavak,Yalıkavak,CHECKIN_CHECKOUT,0,0,False,,INSUFFICIENT_SAMPLE
BOD188,Tangiers Hotel Yalıkavak,Yalıkavak,AIR_CONDITIONING,0,0,False,,INSUFFICIENT_SAMPLE
BOD188,Tangiers Hotel Yalıkavak,Yalıkavak,NOISE,0,0,False,,INSUFFICIENT_SAMPLE
BOD188,Tangiers Hotel Yalıkavak,Yalıkavak,FAMILY_CHILDREN,0,0,False,,INSUFFICIENT_SAMPLE
BOD188,Tangiers Hotel Yalıkavak,Yalıkavak,TRANSPORT_TRANSFER,0,0,False,,INSUFFICIENT_SAMPLE
BOD188,Tangiers Hotel Yalıkavak,Yalıkavak,MANAGEMENT_COMMUNICATION,0,0,False,,INSUFFICIENT_SAMPLE
BOD188,Tangiers Hotel Yalıkavak,Yalıkavak,SPA_WELLNESS,0,0,False,,INSUFFICIENT_SAMPLE
BOD188,Tangiers Hotel Yalıkavak,Yalıkavak,SAFETY_SECURITY,0,0,False,,INSUFFICIENT_SAMPLE
BOD025,Halikarya Hotel & Restaurant Beach,Bitez,STAFF_SERVICE,0,0,False,,INSUFFICIENT_SAMPLE
BOD025,Halikarya Hotel & Restaurant Beach,Bitez,CLEANLINESS_HYGIENE,0,0,False,,INSUFFICIENT_SAMPLE
BOD025,Halikarya Hotel & Restaurant Beach,Bitez,FOOD_BEVERAGE,0,0,False,,INSUFFICIENT_SAMPLE
BOD025,Halikarya Hotel & Restaurant Beach,Bitez,ROOM,0,0,False,,INSUFFICIENT_SAMPLE
BOD025,Halikarya Hotel & Restaurant Beach,Bitez,BEACH_SEA,0,0,False,,INSUFFICIENT_SAMPLE
BOD025,Halikarya Hotel & Restaurant Beach,Bitez,POOL,0,0,False,,INSUFFICIENT_SAMPLE
BOD025,Halikarya Hotel & Restaurant Beach,Bitez,FACILITIES_MAINTENANCE,0,0,False,,INSUFFICIENT_SAMPLE
BOD025,Halikarya Hotel & Restaurant Beach,Bitez,RESERVATION,0,0,False,,INSUFFICIENT_SAMPLE
BOD025,Halikarya Hotel & Restaurant Beach,Bitez,PAYMENT_REFUND,0,0,False,,INSUFFICIENT_SAMPLE
BOD025,Halikarya Hotel & Restaurant Beach,Bitez,PRICE_VALUE,0,0,False,,INSUFFICIENT_SAMPLE
BOD025,Halikarya Hotel & Restaurant Beach,Bitez,CHECKIN_CHECKOUT,0,0,False,,INSUFFICIENT_SAMPLE
BOD025,Halikarya Hotel & Restaurant Beach,Bitez,AIR_CONDITIONING,0,0,False,,INSUFFICIENT_SAMPLE
BOD025,Halikarya Hotel & Restaurant Beach,Bitez,NOISE,0,0,False,,INSUFFICIENT_SAMPLE
BOD025,Halikarya Hotel & Restaurant Beach,Bitez,FAMILY_CHILDREN,0,0,False,,INSUFFICIENT_SAMPLE
BOD025,Halikarya Hotel & Restaurant Beach,Bitez,TRANSPORT_TRANSFER,0,0,False,,INSUFFICIENT_SAMPLE
BOD025,Halikarya Hotel & Restaurant Beach,Bitez,MANAGEMENT_COMMUNICATION,0,0,False,,INSUFFICIENT_SAMPLE
BOD025,Halikarya Hotel & Restaurant Beach,Bitez,SPA_WELLNESS,0,0,False,,INSUFFICIENT_SAMPLE
BOD025,Halikarya Hotel & Restaurant Beach,Bitez,SAFETY_SECURITY,0,0,False,,INSUFFICIENT_SAMPLE
BOD097,OLİVE TREE HOTEL,Gündoğan,STAFF_SERVICE,0,0,False,,INSUFFICIENT_SAMPLE
BOD097,OLİVE TREE HOTEL,Gündoğan,CLEANLINESS_HYGIENE,0,0,False,,INSUFFICIENT_SAMPLE
BOD097,OLİVE TREE HOTEL,Gündoğan,FOOD_BEVERAGE,0,0,False,,INSUFFICIENT_SAMPLE
BOD097,OLİVE TREE HOTEL,Gündoğan,ROOM,0,0,False,,INSUFFICIENT_SAMPLE
BOD097,OLİVE TREE HOTEL,Gündoğan,BEACH_SEA,0,0,False,,INSUFFICIENT_SAMPLE
BOD097,OLİVE TREE HOTEL,Gündoğan,POOL,0,0,False,,INSUFFICIENT_SAMPLE
BOD097,OLİVE TREE HOTEL,Gündoğan,FACILITIES_MAINTENANCE,0,0,False,,INSUFFICIENT_SAMPLE
BOD097,OLİVE TREE HOTEL,Gündoğan,RESERVATION,0,0,False,,INSUFFICIENT_SAMPLE
BOD097,OLİVE TREE HOTEL,Gündoğan,PAYMENT_REFUND,0,0,False,,INSUFFICIENT_SAMPLE
BOD097,OLİVE TREE HOTEL,Gündoğan,PRICE_VALUE,0,0,False,,INSUFFICIENT_SAMPLE
BOD097,OLİVE TREE HOTEL,Gündoğan,CHECKIN_CHECKOUT,0,0,False,,INSUFFICIENT_SAMPLE
BOD097,OLİVE TREE HOTEL,Gündoğan,AIR_CONDITIONING,0,0,False,,INSUFFICIENT_SAMPLE
BOD097,OLİVE TREE HOTEL,Gündoğan,NOISE,0,0,False,,INSUFFICIENT_SAMPLE
BOD097,OLİVE TREE HOTEL,Gündoğan,FAMILY_CHILDREN,0,0,False,,INSUFFICIENT_SAMPLE
BOD097,OLİVE TREE HOTEL,Gündoğan,TRANSPORT_TRANSFER,0,0,False,,INSUFFICIENT_SAMPLE
BOD097,OLİVE TREE HOTEL,Gündoğan,MANAGEMENT_COMMUNICATION,0,0,False,,INSUFFICIENT_SAMPLE
BOD097,OLİVE TREE HOTEL,Gündoğan,SPA_WELLNESS,0,0,False,,INSUFFICIENT_SAMPLE
BOD097,OLİVE TREE HOTEL,Gündoğan,SAFETY_SECURITY,0,0,False,,INSUFFICIENT_SAMPLE
BOD137,Armagan Apart Hotel,Torba,STAFF_SERVICE,0,0,False,,INSUFFICIENT_SAMPLE
BOD137,Armagan Apart Hotel,Torba,CLEANLINESS_HYGIENE,0,0,False,,INSUFFICIENT_SAMPLE
BOD137,Armagan Apart Hotel,Torba,FOOD_BEVERAGE,0,0,False,,INSUFFICIENT_SAMPLE
BOD137,Armagan Apart Hotel,Torba,ROOM,0,0,False,,INSUFFICIENT_SAMPLE
BOD137,Armagan Apart Hotel,Torba,BEACH_SEA,0,0,False,,INSUFFICIENT_SAMPLE
BOD137,Armagan Apart Hotel,Torba,POOL,0,0,False,,INSUFFICIENT_SAMPLE
BOD137,Armagan Apart Hotel,Torba,FACILITIES_MAINTENANCE,0,0,False,,INSUFFICIENT_SAMPLE
BOD137,Armagan Apart Hotel,Torba,RESERVATION,0,0,False,,INSUFFICIENT_SAMPLE
BOD137,Armagan Apart Hotel,Torba,PAYMENT_REFUND,0,0,False,,INSUFFICIENT_SAMPLE
BOD137,Armagan Apart Hotel,Torba,PRICE_VALUE,0,0,False,,INSUFFICIENT_SAMPLE
BOD137,Armagan Apart Hotel,Torba,CHECKIN_CHECKOUT,0,0,False,,INSUFFICIENT_SAMPLE
BOD137,Armagan Apart Hotel,Torba,AIR_CONDITIONING,0,0,False,,INSUFFICIENT_SAMPLE
BOD137,Armagan Apart Hotel,Torba,NOISE,0,0,False,,INSUFFICIENT_SAMPLE
BOD137,Armagan Apart Hotel,Torba,FAMILY_CHILDREN,0,0,False,,INSUFFICIENT_SAMPLE
BOD137,Armagan Apart Hotel,Torba,TRANSPORT_TRANSFER,0,0,False,,INSUFFICIENT_SAMPLE
BOD137,Armagan Apart Hotel,Torba,MANAGEMENT_COMMUNICATION,0,0,False,,INSUFFICIENT_SAMPLE
BOD137,Armagan Apart Hotel,Torba,SPA_WELLNESS,0,0,False,,INSUFFICIENT_SAMPLE
BOD137,Armagan Apart Hotel,Torba,SAFETY_SECURITY,0,0,False,,INSUFFICIENT_SAMPLE
BOD117,Altınkaya Hotel,Ortakent-Yahşi,STAFF_SERVICE,0,0,False,,INSUFFICIENT_SAMPLE
BOD117,Altınkaya Hotel,Ortakent-Yahşi,CLEANLINESS_HYGIENE,0,0,False,,INSUFFICIENT_SAMPLE
BOD117,Altınkaya Hotel,Ortakent-Yahşi,FOOD_BEVERAGE,0,0,False,,INSUFFICIENT_SAMPLE
BOD117,Altınkaya Hotel,Ortakent-Yahşi,ROOM,0,0,False,,INSUFFICIENT_SAMPLE
BOD117,Altınkaya Hotel,Ortakent-Yahşi,BEACH_SEA,0,0,False,,INSUFFICIENT_SAMPLE
BOD117,Altınkaya Hotel,Ortakent-Yahşi,POOL,0,0,False,,INSUFFICIENT_SAMPLE
BOD117,Altınkaya Hotel,Ortakent-Yahşi,FACILITIES_MAINTENANCE,0,0,False,,INSUFFICIENT_SAMPLE
BOD117,Altınkaya Hotel,Ortakent-Yahşi,RESERVATION,0,0,False,,INSUFFICIENT_SAMPLE
BOD117,Altınkaya Hotel,Ortakent-Yahşi,PAYMENT_REFUND,0,0,False,,INSUFFICIENT_SAMPLE
BOD117,Altınkaya Hotel,Ortakent-Yahşi,PRICE_VALUE,0,0,False,,INSUFFICIENT_SAMPLE
BOD117,Altınkaya Hotel,Ortakent-Yahşi,CHECKIN_CHECKOUT,0,0,False,,INSUFFICIENT_SAMPLE
BOD117,Altınkaya Hotel,Ortakent-Yahşi,AIR_CONDITIONING,0,0,False,,INSUFFICIENT_SAMPLE
BOD117,Altınkaya Hotel,Ortakent-Yahşi,NOISE,0,0,False,,INSUFFICIENT_SAMPLE
BOD117,Altınkaya Hotel,Ortakent-Yahşi,FAMILY_CHILDREN,0,0,False,,INSUFFICIENT_SAMPLE
BOD117,Altınkaya Hotel,Ortakent-Yahşi,TRANSPORT_TRANSFER,0,0,False,,INSUFFICIENT_SAMPLE
BOD117,Altınkaya Hotel,Ortakent-Yahşi,MANAGEMENT_COMMUNICATION,0,0,False,,INSUFFICIENT_SAMPLE
BOD117,Altınkaya Hotel,Ortakent-Yahşi,SPA_WELLNESS,0,0,False,,INSUFFICIENT_SAMPLE
BOD117,Altınkaya Hotel,Ortakent-Yahşi,SAFETY_SECURITY,0,0,False,,INSUFFICIENT_SAMPLE
BOD029,Mumu Bodrum Hotel,Bitez,STAFF_SERVICE,0,0,False,,INSUFFICIENT_SAMPLE
BOD029,Mumu Bodrum Hotel,Bitez,CLEANLINESS_HYGIENE,0,0,False,,INSUFFICIENT_SAMPLE
BOD029,Mumu Bodrum Hotel,Bitez,FOOD_BEVERAGE,0,0,False,,INSUFFICIENT_SAMPLE
BOD029,Mumu Bodrum Hotel,Bitez,ROOM,0,0,False,,INSUFFICIENT_SAMPLE
BOD029,Mumu Bodrum Hotel,Bitez,BEACH_SEA,0,0,False,,INSUFFICIENT_SAMPLE
BOD029,Mumu Bodrum Hotel,Bitez,POOL,0,0,False,,INSUFFICIENT_SAMPLE
BOD029,Mumu Bodrum Hotel,Bitez,FACILITIES_MAINTENANCE,0,0,False,,INSUFFICIENT_SAMPLE
BOD029,Mumu Bodrum Hotel,Bitez,RESERVATION,0,0,False,,INSUFFICIENT_SAMPLE
BOD029,Mumu Bodrum Hotel,Bitez,PAYMENT_REFUND,0,0,False,,INSUFFICIENT_SAMPLE
BOD029,Mumu Bodrum Hotel,Bitez,PRICE_VALUE,0,0,False,,INSUFFICIENT_SAMPLE
BOD029,Mumu Bodrum Hotel,Bitez,CHECKIN_CHECKOUT,0,0,False,,INSUFFICIENT_SAMPLE
BOD029,Mumu Bodrum Hotel,Bitez,AIR_CONDITIONING,0,0,False,,INSUFFICIENT_SAMPLE
BOD029,Mumu Bodrum Hotel,Bitez,NOISE,0,0,False,,INSUFFICIENT_SAMPLE
BOD029,Mumu Bodrum Hotel,Bitez,FAMILY_CHILDREN,0,0,False,,INSUFFICIENT_SAMPLE
BOD029,Mumu Bodrum Hotel,Bitez,TRANSPORT_TRANSFER,0,0,False,,INSUFFICIENT_SAMPLE
BOD029,Mumu Bodrum Hotel,Bitez,MANAGEMENT_COMMUNICATION,0,0,False,,INSUFFICIENT_SAMPLE
BOD029,Mumu Bodrum Hotel,Bitez,SPA_WELLNESS,0,0,False,,INSUFFICIENT_SAMPLE
BOD029,Mumu Bodrum Hotel,Bitez,SAFETY_SECURITY,0,0,False,,INSUFFICIENT_SAMPLE
BOD172,Ailla Yalıkavak,Yalıkavak,STAFF_SERVICE,0,0,False,,INSUFFICIENT_SAMPLE
BOD172,Ailla Yalıkavak,Yalıkavak,CLEANLINESS_HYGIENE,0,0,False,,INSUFFICIENT_SAMPLE
BOD172,Ailla Yalıkavak,Yalıkavak,FOOD_BEVERAGE,0,0,False,,INSUFFICIENT_SAMPLE
BOD172,Ailla Yalıkavak,Yalıkavak,ROOM,0,0,False,,INSUFFICIENT_SAMPLE
BOD172,Ailla Yalıkavak,Yalıkavak,BEACH_SEA,0,0,False,,INSUFFICIENT_SAMPLE
BOD172,Ailla Yalıkavak,Yalıkavak,POOL,0,0,False,,INSUFFICIENT_SAMPLE
BOD172,Ailla Yalıkavak,Yalıkavak,FACILITIES_MAINTENANCE,0,0,False,,INSUFFICIENT_SAMPLE
BOD172,Ailla Yalıkavak,Yalıkavak,RESERVATION,0,0,False,,INSUFFICIENT_SAMPLE
BOD172,Ailla Yalıkavak,Yalıkavak,PAYMENT_REFUND,0,0,False,,INSUFFICIENT_SAMPLE
BOD172,Ailla Yalıkavak,Yalıkavak,PRICE_VALUE,0,0,False,,INSUFFICIENT_SAMPLE
BOD172,Ailla Yalıkavak,Yalıkavak,CHECKIN_CHECKOUT,0,0,False,,INSUFFICIENT_SAMPLE
BOD172,Ailla Yalıkavak,Yalıkavak,AIR_CONDITIONING,0,0,False,,INSUFFICIENT_SAMPLE
BOD172,Ailla Yalıkavak,Yalıkavak,NOISE,0,0,False,,INSUFFICIENT_SAMPLE
BOD172,Ailla Yalıkavak,Yalıkavak,FAMILY_CHILDREN,0,0,False,,INSUFFICIENT_SAMPLE
BOD172,Ailla Yalıkavak,Yalıkavak,TRANSPORT_TRANSFER,0,0,False,,INSUFFICIENT_SAMPLE
BOD172,Ailla Yalıkavak,Yalıkavak,MANAGEMENT_COMMUNICATION,0,0,False,,INSUFFICIENT_SAMPLE
BOD172,Ailla Yalıkavak,Yalıkavak,SPA_WELLNESS,0,0,False,,INSUFFICIENT_SAMPLE
BOD172,Ailla Yalıkavak,Yalıkavak,SAFETY_SECURITY,0,0,False,,INSUFFICIENT_SAMPLE
BOD091,Gündoğan Suites,Gündoğan,STAFF_SERVICE,0,0,False,,INSUFFICIENT_SAMPLE
BOD091,Gündoğan Suites,Gündoğan,CLEANLINESS_HYGIENE,0,0,False,,INSUFFICIENT_SAMPLE
BOD091,Gündoğan Suites,Gündoğan,FOOD_BEVERAGE,0,0,False,,INSUFFICIENT_SAMPLE
BOD091,Gündoğan Suites,Gündoğan,ROOM,0,0,False,,INSUFFICIENT_SAMPLE
BOD091,Gündoğan Suites,Gündoğan,BEACH_SEA,0,0,False,,INSUFFICIENT_SAMPLE
BOD091,Gündoğan Suites,Gündoğan,POOL,0,0,False,,INSUFFICIENT_SAMPLE
BOD091,Gündoğan Suites,Gündoğan,FACILITIES_MAINTENANCE,0,0,False,,INSUFFICIENT_SAMPLE
BOD091,Gündoğan Suites,Gündoğan,RESERVATION,0,0,False,,INSUFFICIENT_SAMPLE
BOD091,Gündoğan Suites,Gündoğan,PAYMENT_REFUND,0,0,False,,INSUFFICIENT_SAMPLE
BOD091,Gündoğan Suites,Gündoğan,PRICE_VALUE,0,0,False,,INSUFFICIENT_SAMPLE
BOD091,Gündoğan Suites,Gündoğan,CHECKIN_CHECKOUT,0,0,False,,INSUFFICIENT_SAMPLE
BOD091,Gündoğan Suites,Gündoğan,AIR_CONDITIONING,0,0,False,,INSUFFICIENT_SAMPLE
BOD091,Gündoğan Suites,Gündoğan,NOISE,0,0,False,,INSUFFICIENT_SAMPLE
BOD091,Gündoğan Suites,Gündoğan,FAMILY_CHILDREN,0,0,False,,INSUFFICIENT_SAMPLE
BOD091,Gündoğan Suites,Gündoğan,TRANSPORT_TRANSFER,0,0,False,,INSUFFICIENT_SAMPLE
BOD091,Gündoğan Suites,Gündoğan,MANAGEMENT_COMMUNICATION,0,0,False,,INSUFFICIENT_SAMPLE
BOD091,Gündoğan Suites,Gündoğan,SPA_WELLNESS,0,0,False,,INSUFFICIENT_SAMPLE
BOD091,Gündoğan Suites,Gündoğan,SAFETY_SECURITY,0,0,False,,INSUFFICIENT_SAMPLE
BOD119,"Bodrum Suites Apart Otel, Ortakent - Yahşi",Ortakent-Yahşi,STAFF_SERVICE,0,0,False,,INSUFFICIENT_SAMPLE
BOD119,"Bodrum Suites Apart Otel, Ortakent - Yahşi",Ortakent-Yahşi,CLEANLINESS_HYGIENE,0,0,False,,INSUFFICIENT_SAMPLE
BOD119,"Bodrum Suites Apart Otel, Ortakent - Yahşi",Ortakent-Yahşi,FOOD_BEVERAGE,0,0,False,,INSUFFICIENT_SAMPLE
BOD119,"Bodrum Suites Apart Otel, Ortakent - Yahşi",Ortakent-Yahşi,ROOM,0,0,False,,INSUFFICIENT_SAMPLE
BOD119,"Bodrum Suites Apart Otel, Ortakent - Yahşi",Ortakent-Yahşi,BEACH_SEA,0,0,False,,INSUFFICIENT_SAMPLE
BOD119,"Bodrum Suites Apart Otel, Ortakent - Yahşi",Ortakent-Yahşi,POOL,0,0,False,,INSUFFICIENT_SAMPLE
BOD119,"Bodrum Suites Apart Otel, Ortakent - Yahşi",Ortakent-Yahşi,FACILITIES_MAINTENANCE,0,0,False,,INSUFFICIENT_SAMPLE
BOD119,"Bodrum Suites Apart Otel, Ortakent - Yahşi",Ortakent-Yahşi,RESERVATION,0,0,False,,INSUFFICIENT_SAMPLE
BOD119,"Bodrum Suites Apart Otel, Ortakent - Yahşi",Ortakent-Yahşi,PAYMENT_REFUND,0,0,False,,INSUFFICIENT_SAMPLE
BOD119,"Bodrum Suites Apart Otel, Ortakent - Yahşi",Ortakent-Yahşi,PRICE_VALUE,0,0,False,,INSUFFICIENT_SAMPLE
BOD119,"Bodrum Suites Apart Otel, Ortakent - Yahşi",Ortakent-Yahşi,CHECKIN_CHECKOUT,0,0,False,,INSUFFICIENT_SAMPLE
BOD119,"Bodrum Suites Apart Otel, Ortakent - Yahşi",Ortakent-Yahşi,AIR_CONDITIONING,0,0,False,,INSUFFICIENT_SAMPLE
BOD119,"Bodrum Suites Apart Otel, Ortakent - Yahşi",Ortakent-Yahşi,NOISE,0,0,False,,INSUFFICIENT_SAMPLE
BOD119,"Bodrum Suites Apart Otel, Ortakent - Yahşi",Ortakent-Yahşi,FAMILY_CHILDREN,0,0,False,,INSUFFICIENT_SAMPLE
BOD119,"Bodrum Suites Apart Otel, Ortakent - Yahşi",Ortakent-Yahşi,TRANSPORT_TRANSFER,0,0,False,,INSUFFICIENT_SAMPLE
BOD119,"Bodrum Suites Apart Otel, Ortakent - Yahşi",Ortakent-Yahşi,MANAGEMENT_COMMUNICATION,0,0,False,,INSUFFICIENT_SAMPLE
BOD119,"Bodrum Suites Apart Otel, Ortakent - Yahşi",Ortakent-Yahşi,SPA_WELLNESS,0,0,False,,INSUFFICIENT_SAMPLE
BOD119,"Bodrum Suites Apart Otel, Ortakent - Yahşi",Ortakent-Yahşi,SAFETY_SECURITY,0,0,False,,INSUFFICIENT_SAMPLE
BOD149,Roota Bodrum,Torba,STAFF_SERVICE,0,0,False,,INSUFFICIENT_SAMPLE
BOD149,Roota Bodrum,Torba,CLEANLINESS_HYGIENE,0,0,False,,INSUFFICIENT_SAMPLE
BOD149,Roota Bodrum,Torba,FOOD_BEVERAGE,0,0,False,,INSUFFICIENT_SAMPLE
BOD149,Roota Bodrum,Torba,ROOM,0,0,False,,INSUFFICIENT_SAMPLE
BOD149,Roota Bodrum,Torba,BEACH_SEA,0,0,False,,INSUFFICIENT_SAMPLE
BOD149,Roota Bodrum,Torba,POOL,0,0,False,,INSUFFICIENT_SAMPLE
BOD149,Roota Bodrum,Torba,FACILITIES_MAINTENANCE,0,0,False,,INSUFFICIENT_SAMPLE
BOD149,Roota Bodrum,Torba,RESERVATION,0,0,False,,INSUFFICIENT_SAMPLE
BOD149,Roota Bodrum,Torba,PAYMENT_REFUND,0,0,False,,INSUFFICIENT_SAMPLE
BOD149,Roota Bodrum,Torba,PRICE_VALUE,0,0,False,,INSUFFICIENT_SAMPLE
BOD149,Roota Bodrum,Torba,CHECKIN_CHECKOUT,0,0,False,,INSUFFICIENT_SAMPLE
BOD149,Roota Bodrum,Torba,AIR_CONDITIONING,0,0,False,,INSUFFICIENT_SAMPLE
BOD149,Roota Bodrum,Torba,NOISE,0,0,False,,INSUFFICIENT_SAMPLE
BOD149,Roota Bodrum,Torba,FAMILY_CHILDREN,0,0,False,,INSUFFICIENT_SAMPLE
BOD149,Roota Bodrum,Torba,TRANSPORT_TRANSFER,0,0,False,,INSUFFICIENT_SAMPLE
BOD149,Roota Bodrum,Torba,MANAGEMENT_COMMUNICATION,0,0,False,,INSUFFICIENT_SAMPLE
BOD149,Roota Bodrum,Torba,SPA_WELLNESS,0,0,False,,INSUFFICIENT_SAMPLE
BOD149,Roota Bodrum,Torba,SAFETY_SECURITY,0,0,False,,INSUFFICIENT_SAMPLE
BOD084,Paradise Garden Apartments,Gümüşlük,STAFF_SERVICE,0,0,False,,INSUFFICIENT_SAMPLE
BOD084,Paradise Garden Apartments,Gümüşlük,CLEANLINESS_HYGIENE,0,0,False,,INSUFFICIENT_SAMPLE
BOD084,Paradise Garden Apartments,Gümüşlük,FOOD_BEVERAGE,0,0,False,,INSUFFICIENT_SAMPLE
BOD084,Paradise Garden Apartments,Gümüşlük,ROOM,0,0,False,,INSUFFICIENT_SAMPLE
BOD084,Paradise Garden Apartments,Gümüşlük,BEACH_SEA,0,0,False,,INSUFFICIENT_SAMPLE
BOD084,Paradise Garden Apartments,Gümüşlük,POOL,0,0,False,,INSUFFICIENT_SAMPLE
BOD084,Paradise Garden Apartments,Gümüşlük,FACILITIES_MAINTENANCE,0,0,False,,INSUFFICIENT_SAMPLE
BOD084,Paradise Garden Apartments,Gümüşlük,RESERVATION,0,0,False,,INSUFFICIENT_SAMPLE
BOD084,Paradise Garden Apartments,Gümüşlük,PAYMENT_REFUND,0,0,False,,INSUFFICIENT_SAMPLE
BOD084,Paradise Garden Apartments,Gümüşlük,PRICE_VALUE,0,0,False,,INSUFFICIENT_SAMPLE
BOD084,Paradise Garden Apartments,Gümüşlük,CHECKIN_CHECKOUT,0,0,False,,INSUFFICIENT_SAMPLE
BOD084,Paradise Garden Apartments,Gümüşlük,AIR_CONDITIONING,0,0,False,,INSUFFICIENT_SAMPLE
BOD084,Paradise Garden Apartments,Gümüşlük,NOISE,0,0,False,,INSUFFICIENT_SAMPLE
BOD084,Paradise Garden Apartments,Gümüşlük,FAMILY_CHILDREN,0,0,False,,INSUFFICIENT_SAMPLE
BOD084,Paradise Garden Apartments,Gümüşlük,TRANSPORT_TRANSFER,0,0,False,,INSUFFICIENT_SAMPLE
BOD084,Paradise Garden Apartments,Gümüşlük,MANAGEMENT_COMMUNICATION,0,0,False,,INSUFFICIENT_SAMPLE
BOD084,Paradise Garden Apartments,Gümüşlük,SPA_WELLNESS,0,0,False,,INSUFFICIENT_SAMPLE
BOD084,Paradise Garden Apartments,Gümüşlük,SAFETY_SECURITY,0,0,False,,INSUFFICIENT_SAMPLE
BOD076,Gümüşlük No3,Gümüşlük,STAFF_SERVICE,0,0,False,,INSUFFICIENT_SAMPLE
BOD076,Gümüşlük No3,Gümüşlük,CLEANLINESS_HYGIENE,0,0,False,,INSUFFICIENT_SAMPLE
BOD076,Gümüşlük No3,Gümüşlük,FOOD_BEVERAGE,0,0,False,,INSUFFICIENT_SAMPLE
BOD076,Gümüşlük No3,Gümüşlük,ROOM,0,0,False,,INSUFFICIENT_SAMPLE
BOD076,Gümüşlük No3,Gümüşlük,BEACH_SEA,0,0,False,,INSUFFICIENT_SAMPLE
BOD076,Gümüşlük No3,Gümüşlük,POOL,0,0,False,,INSUFFICIENT_SAMPLE
BOD076,Gümüşlük No3,Gümüşlük,FACILITIES_MAINTENANCE,0,0,False,,INSUFFICIENT_SAMPLE
BOD076,Gümüşlük No3,Gümüşlük,RESERVATION,0,0,False,,INSUFFICIENT_SAMPLE
BOD076,Gümüşlük No3,Gümüşlük,PAYMENT_REFUND,0,0,False,,INSUFFICIENT_SAMPLE
BOD076,Gümüşlük No3,Gümüşlük,PRICE_VALUE,0,0,False,,INSUFFICIENT_SAMPLE
BOD076,Gümüşlük No3,Gümüşlük,CHECKIN_CHECKOUT,0,0,False,,INSUFFICIENT_SAMPLE
BOD076,Gümüşlük No3,Gümüşlük,AIR_CONDITIONING,0,0,False,,INSUFFICIENT_SAMPLE
BOD076,Gümüşlük No3,Gümüşlük,NOISE,0,0,False,,INSUFFICIENT_SAMPLE
BOD076,Gümüşlük No3,Gümüşlük,FAMILY_CHILDREN,0,0,False,,INSUFFICIENT_SAMPLE
BOD076,Gümüşlük No3,Gümüşlük,TRANSPORT_TRANSFER,0,0,False,,INSUFFICIENT_SAMPLE
BOD076,Gümüşlük No3,Gümüşlük,MANAGEMENT_COMMUNICATION,0,0,False,,INSUFFICIENT_SAMPLE
BOD076,Gümüşlük No3,Gümüşlük,SPA_WELLNESS,0,0,False,,INSUFFICIENT_SAMPLE
BOD076,Gümüşlük No3,Gümüşlük,SAFETY_SECURITY,0,0,False,,INSUFFICIENT_SAMPLE
BOD138,Bodrum Blue Bay Otel,Torba,STAFF_SERVICE,0,0,False,,INSUFFICIENT_SAMPLE
BOD138,Bodrum Blue Bay Otel,Torba,CLEANLINESS_HYGIENE,0,0,False,,INSUFFICIENT_SAMPLE
BOD138,Bodrum Blue Bay Otel,Torba,FOOD_BEVERAGE,0,0,False,,INSUFFICIENT_SAMPLE
BOD138,Bodrum Blue Bay Otel,Torba,ROOM,0,0,False,,INSUFFICIENT_SAMPLE
BOD138,Bodrum Blue Bay Otel,Torba,BEACH_SEA,0,0,False,,INSUFFICIENT_SAMPLE
BOD138,Bodrum Blue Bay Otel,Torba,POOL,0,0,False,,INSUFFICIENT_SAMPLE
BOD138,Bodrum Blue Bay Otel,Torba,FACILITIES_MAINTENANCE,0,0,False,,INSUFFICIENT_SAMPLE
BOD138,Bodrum Blue Bay Otel,Torba,RESERVATION,0,0,False,,INSUFFICIENT_SAMPLE
BOD138,Bodrum Blue Bay Otel,Torba,PAYMENT_REFUND,0,0,False,,INSUFFICIENT_SAMPLE
BOD138,Bodrum Blue Bay Otel,Torba,PRICE_VALUE,0,0,False,,INSUFFICIENT_SAMPLE
BOD138,Bodrum Blue Bay Otel,Torba,CHECKIN_CHECKOUT,0,0,False,,INSUFFICIENT_SAMPLE
BOD138,Bodrum Blue Bay Otel,Torba,AIR_CONDITIONING,0,0,False,,INSUFFICIENT_SAMPLE
BOD138,Bodrum Blue Bay Otel,Torba,NOISE,0,0,False,,INSUFFICIENT_SAMPLE
BOD138,Bodrum Blue Bay Otel,Torba,FAMILY_CHILDREN,0,0,False,,INSUFFICIENT_SAMPLE
BOD138,Bodrum Blue Bay Otel,Torba,TRANSPORT_TRANSFER,0,0,False,,INSUFFICIENT_SAMPLE
BOD138,Bodrum Blue Bay Otel,Torba,MANAGEMENT_COMMUNICATION,0,0,False,,INSUFFICIENT_SAMPLE
BOD138,Bodrum Blue Bay Otel,Torba,SPA_WELLNESS,0,0,False,,INSUFFICIENT_SAMPLE
BOD138,Bodrum Blue Bay Otel,Torba,SAFETY_SECURITY,0,0,False,,INSUFFICIENT_SAMPLE
BOD015,The Ni Villas Akyarlar,Akyarlar,STAFF_SERVICE,0,0,False,,INSUFFICIENT_SAMPLE
BOD015,The Ni Villas Akyarlar,Akyarlar,CLEANLINESS_HYGIENE,0,0,False,,INSUFFICIENT_SAMPLE
BOD015,The Ni Villas Akyarlar,Akyarlar,FOOD_BEVERAGE,0,0,False,,INSUFFICIENT_SAMPLE
BOD015,The Ni Villas Akyarlar,Akyarlar,ROOM,0,0,False,,INSUFFICIENT_SAMPLE
BOD015,The Ni Villas Akyarlar,Akyarlar,BEACH_SEA,0,0,False,,INSUFFICIENT_SAMPLE
BOD015,The Ni Villas Akyarlar,Akyarlar,POOL,0,0,False,,INSUFFICIENT_SAMPLE
BOD015,The Ni Villas Akyarlar,Akyarlar,FACILITIES_MAINTENANCE,0,0,False,,INSUFFICIENT_SAMPLE
BOD015,The Ni Villas Akyarlar,Akyarlar,RESERVATION,0,0,False,,INSUFFICIENT_SAMPLE
BOD015,The Ni Villas Akyarlar,Akyarlar,PAYMENT_REFUND,0,0,False,,INSUFFICIENT_SAMPLE
BOD015,The Ni Villas Akyarlar,Akyarlar,PRICE_VALUE,0,0,False,,INSUFFICIENT_SAMPLE
BOD015,The Ni Villas Akyarlar,Akyarlar,CHECKIN_CHECKOUT,0,0,False,,INSUFFICIENT_SAMPLE
BOD015,The Ni Villas Akyarlar,Akyarlar,AIR_CONDITIONING,0,0,False,,INSUFFICIENT_SAMPLE
BOD015,The Ni Villas Akyarlar,Akyarlar,NOISE,0,0,False,,INSUFFICIENT_SAMPLE
BOD015,The Ni Villas Akyarlar,Akyarlar,FAMILY_CHILDREN,0,0,False,,INSUFFICIENT_SAMPLE
BOD015,The Ni Villas Akyarlar,Akyarlar,TRANSPORT_TRANSFER,0,0,False,,INSUFFICIENT_SAMPLE
BOD015,The Ni Villas Akyarlar,Akyarlar,MANAGEMENT_COMMUNICATION,0,0,False,,INSUFFICIENT_SAMPLE
BOD015,The Ni Villas Akyarlar,Akyarlar,SPA_WELLNESS,0,0,False,,INSUFFICIENT_SAMPLE
BOD015,The Ni Villas Akyarlar,Akyarlar,SAFETY_SECURITY,0,0,False,,INSUFFICIENT_SAMPLE
BOD182,Root Redrock Villas Yalıkavak - Bodrum,Yalıkavak,STAFF_SERVICE,0,0,False,,INSUFFICIENT_SAMPLE
BOD182,Root Redrock Villas Yalıkavak - Bodrum,Yalıkavak,CLEANLINESS_HYGIENE,0,0,False,,INSUFFICIENT_SAMPLE
BOD182,Root Redrock Villas Yalıkavak - Bodrum,Yalıkavak,FOOD_BEVERAGE,0,0,False,,INSUFFICIENT_SAMPLE
BOD182,Root Redrock Villas Yalıkavak - Bodrum,Yalıkavak,ROOM,0,0,False,,INSUFFICIENT_SAMPLE
BOD182,Root Redrock Villas Yalıkavak - Bodrum,Yalıkavak,BEACH_SEA,0,0,False,,INSUFFICIENT_SAMPLE
BOD182,Root Redrock Villas Yalıkavak - Bodrum,Yalıkavak,POOL,0,0,False,,INSUFFICIENT_SAMPLE
BOD182,Root Redrock Villas Yalıkavak - Bodrum,Yalıkavak,FACILITIES_MAINTENANCE,0,0,False,,INSUFFICIENT_SAMPLE
BOD182,Root Redrock Villas Yalıkavak - Bodrum,Yalıkavak,RESERVATION,0,0,False,,INSUFFICIENT_SAMPLE
BOD182,Root Redrock Villas Yalıkavak - Bodrum,Yalıkavak,PAYMENT_REFUND,0,0,False,,INSUFFICIENT_SAMPLE
BOD182,Root Redrock Villas Yalıkavak - Bodrum,Yalıkavak,PRICE_VALUE,0,0,False,,INSUFFICIENT_SAMPLE
BOD182,Root Redrock Villas Yalıkavak - Bodrum,Yalıkavak,CHECKIN_CHECKOUT,0,0,False,,INSUFFICIENT_SAMPLE
BOD182,Root Redrock Villas Yalıkavak - Bodrum,Yalıkavak,AIR_CONDITIONING,0,0,False,,INSUFFICIENT_SAMPLE
BOD182,Root Redrock Villas Yalıkavak - Bodrum,Yalıkavak,NOISE,0,0,False,,INSUFFICIENT_SAMPLE
BOD182,Root Redrock Villas Yalıkavak - Bodrum,Yalıkavak,FAMILY_CHILDREN,0,0,False,,INSUFFICIENT_SAMPLE
BOD182,Root Redrock Villas Yalıkavak - Bodrum,Yalıkavak,TRANSPORT_TRANSFER,0,0,False,,INSUFFICIENT_SAMPLE
BOD182,Root Redrock Villas Yalıkavak - Bodrum,Yalıkavak,MANAGEMENT_COMMUNICATION,0,0,False,,INSUFFICIENT_SAMPLE
BOD182,Root Redrock Villas Yalıkavak - Bodrum,Yalıkavak,SPA_WELLNESS,0,0,False,,INSUFFICIENT_SAMPLE
BOD182,Root Redrock Villas Yalıkavak - Bodrum,Yalıkavak,SAFETY_SECURITY,0,0,False,,INSUFFICIENT_SAMPLE
BOD085,Paradise Gümüşlük,Gümüşlük,STAFF_SERVICE,0,0,False,,INSUFFICIENT_SAMPLE
BOD085,Paradise Gümüşlük,Gümüşlük,CLEANLINESS_HYGIENE,0,0,False,,INSUFFICIENT_SAMPLE
BOD085,Paradise Gümüşlük,Gümüşlük,FOOD_BEVERAGE,0,0,False,,INSUFFICIENT_SAMPLE
BOD085,Paradise Gümüşlük,Gümüşlük,ROOM,0,0,False,,INSUFFICIENT_SAMPLE
BOD085,Paradise Gümüşlük,Gümüşlük,BEACH_SEA,0,0,False,,INSUFFICIENT_SAMPLE
BOD085,Paradise Gümüşlük,Gümüşlük,POOL,0,0,False,,INSUFFICIENT_SAMPLE
BOD085,Paradise Gümüşlük,Gümüşlük,FACILITIES_MAINTENANCE,0,0,False,,INSUFFICIENT_SAMPLE
BOD085,Paradise Gümüşlük,Gümüşlük,RESERVATION,0,0,False,,INSUFFICIENT_SAMPLE
BOD085,Paradise Gümüşlük,Gümüşlük,PAYMENT_REFUND,0,0,False,,INSUFFICIENT_SAMPLE
BOD085,Paradise Gümüşlük,Gümüşlük,PRICE_VALUE,0,0,False,,INSUFFICIENT_SAMPLE
BOD085,Paradise Gümüşlük,Gümüşlük,CHECKIN_CHECKOUT,0,0,False,,INSUFFICIENT_SAMPLE
BOD085,Paradise Gümüşlük,Gümüşlük,AIR_CONDITIONING,0,0,False,,INSUFFICIENT_SAMPLE
BOD085,Paradise Gümüşlük,Gümüşlük,NOISE,0,0,False,,INSUFFICIENT_SAMPLE
BOD085,Paradise Gümüşlük,Gümüşlük,FAMILY_CHILDREN,0,0,False,,INSUFFICIENT_SAMPLE
BOD085,Paradise Gümüşlük,Gümüşlük,TRANSPORT_TRANSFER,0,0,False,,INSUFFICIENT_SAMPLE
BOD085,Paradise Gümüşlük,Gümüşlük,MANAGEMENT_COMMUNICATION,0,0,False,,INSUFFICIENT_SAMPLE
BOD085,Paradise Gümüşlük,Gümüşlük,SPA_WELLNESS,0,0,False,,INSUFFICIENT_SAMPLE
BOD085,Paradise Gümüşlük,Gümüşlük,SAFETY_SECURITY,0,0,False,,INSUFFICIENT_SAMPLE
BOD074,Begonvil Gümüşlük,Gümüşlük,STAFF_SERVICE,0,0,False,,INSUFFICIENT_SAMPLE
BOD074,Begonvil Gümüşlük,Gümüşlük,CLEANLINESS_HYGIENE,0,0,False,,INSUFFICIENT_SAMPLE
BOD074,Begonvil Gümüşlük,Gümüşlük,FOOD_BEVERAGE,0,0,False,,INSUFFICIENT_SAMPLE
BOD074,Begonvil Gümüşlük,Gümüşlük,ROOM,0,0,False,,INSUFFICIENT_SAMPLE
BOD074,Begonvil Gümüşlük,Gümüşlük,BEACH_SEA,0,0,False,,INSUFFICIENT_SAMPLE
BOD074,Begonvil Gümüşlük,Gümüşlük,POOL,0,0,False,,INSUFFICIENT_SAMPLE
BOD074,Begonvil Gümüşlük,Gümüşlük,FACILITIES_MAINTENANCE,0,0,False,,INSUFFICIENT_SAMPLE
BOD074,Begonvil Gümüşlük,Gümüşlük,RESERVATION,0,0,False,,INSUFFICIENT_SAMPLE
BOD074,Begonvil Gümüşlük,Gümüşlük,PAYMENT_REFUND,0,0,False,,INSUFFICIENT_SAMPLE
BOD074,Begonvil Gümüşlük,Gümüşlük,PRICE_VALUE,0,0,False,,INSUFFICIENT_SAMPLE
BOD074,Begonvil Gümüşlük,Gümüşlük,CHECKIN_CHECKOUT,0,0,False,,INSUFFICIENT_SAMPLE
BOD074,Begonvil Gümüşlük,Gümüşlük,AIR_CONDITIONING,0,0,False,,INSUFFICIENT_SAMPLE
BOD074,Begonvil Gümüşlük,Gümüşlük,NOISE,0,0,False,,INSUFFICIENT_SAMPLE
BOD074,Begonvil Gümüşlük,Gümüşlük,FAMILY_CHILDREN,0,0,False,,INSUFFICIENT_SAMPLE
BOD074,Begonvil Gümüşlük,Gümüşlük,TRANSPORT_TRANSFER,0,0,False,,INSUFFICIENT_SAMPLE
BOD074,Begonvil Gümüşlük,Gümüşlük,MANAGEMENT_COMMUNICATION,0,0,False,,INSUFFICIENT_SAMPLE
BOD074,Begonvil Gümüşlük,Gümüşlük,SPA_WELLNESS,0,0,False,,INSUFFICIENT_SAMPLE
BOD074,Begonvil Gümüşlük,Gümüşlük,SAFETY_SECURITY,0,0,False,,INSUFFICIENT_SAMPLE
BOD094,Marje Villas,Gündoğan,STAFF_SERVICE,0,0,False,,INSUFFICIENT_SAMPLE
BOD094,Marje Villas,Gündoğan,CLEANLINESS_HYGIENE,0,0,False,,INSUFFICIENT_SAMPLE
BOD094,Marje Villas,Gündoğan,FOOD_BEVERAGE,0,0,False,,INSUFFICIENT_SAMPLE
BOD094,Marje Villas,Gündoğan,ROOM,0,0,False,,INSUFFICIENT_SAMPLE
BOD094,Marje Villas,Gündoğan,BEACH_SEA,0,0,False,,INSUFFICIENT_SAMPLE
BOD094,Marje Villas,Gündoğan,POOL,0,0,False,,INSUFFICIENT_SAMPLE
BOD094,Marje Villas,Gündoğan,FACILITIES_MAINTENANCE,0,0,False,,INSUFFICIENT_SAMPLE
BOD094,Marje Villas,Gündoğan,RESERVATION,0,0,False,,INSUFFICIENT_SAMPLE
BOD094,Marje Villas,Gündoğan,PAYMENT_REFUND,0,0,False,,INSUFFICIENT_SAMPLE
BOD094,Marje Villas,Gündoğan,PRICE_VALUE,0,0,False,,INSUFFICIENT_SAMPLE
BOD094,Marje Villas,Gündoğan,CHECKIN_CHECKOUT,0,0,False,,INSUFFICIENT_SAMPLE
BOD094,Marje Villas,Gündoğan,AIR_CONDITIONING,0,0,False,,INSUFFICIENT_SAMPLE
BOD094,Marje Villas,Gündoğan,NOISE,0,0,False,,INSUFFICIENT_SAMPLE
BOD094,Marje Villas,Gündoğan,FAMILY_CHILDREN,0,0,False,,INSUFFICIENT_SAMPLE
BOD094,Marje Villas,Gündoğan,TRANSPORT_TRANSFER,0,0,False,,INSUFFICIENT_SAMPLE
BOD094,Marje Villas,Gündoğan,MANAGEMENT_COMMUNICATION,0,0,False,,INSUFFICIENT_SAMPLE
BOD094,Marje Villas,Gündoğan,SPA_WELLNESS,0,0,False,,INSUFFICIENT_SAMPLE
BOD094,Marje Villas,Gündoğan,SAFETY_SECURITY,0,0,False,,INSUFFICIENT_SAMPLE
